16:43:20.848 [main] INFO  o.s.boot.StartupInfoLogger.logStarting   50 - Starting CFApplication v0.0.1-SNAPSHOT using Java 17.0.14 with PID 2519933 (/home/jenkins/workspace/CFTestAutomation_Release/Testing/results/string/search2/SEARCH2/target/SEARCH2-0.0.1-SNAPSHOT.jar started by root in /home/jenkins/workspace/CFTestAutomation_Release/Testing/results/string/search2/SEARCH2)
16:43:20.855 [main] INFO  o.s.boot.SpringApplication.logStartupProfileInfo  654 - No active profile set, falling back to 1 default profile: "default"
16:43:22.668 [main] INFO  o.s.boot.StartupInfoLogger.logStarted   56 - Started CFApplication in 3.1 seconds (process running for 4.117)
16:43:22.688 [main] INFO  c.c.app.utility.CFConfiguration.cfDataConnectIOInfo  107 - CFDataConnectIO version : 5.0.0.21
16:43:23.079 [main] INFO  c.c.app.process.impl.Search2Impl.process  117 - SEARCH DUPLICATES 
16:43:23.080 [main] INFO  c.c.app.process.impl.Search2Impl.process  119 - --------------------
16:43:23.081 [main] INFO  c.c.app.process.impl.Search2Impl.fillDetail  266 - ** 1 ** 1300 , 1 , 1
16:43:23.082 [main] INFO  c.c.app.process.impl.Search2Impl.fillDetail  266 - ** 2 ** 1300 , 1 , 2
16:43:23.082 [main] INFO  c.c.app.process.impl.Search2Impl.fillDetail  266 - ** 3 ** 1300 , 1 , 3
16:43:23.083 [main] INFO  c.c.app.process.impl.Search2Impl.searchAll  379 -  SEARCHING 1300 TOGGLE 3 ITEM FOUND 3
16:43:23.084 [main] INFO  c.c.app.process.impl.Search2Impl.fillDetail  266 - ** 4 ** 1700 , 1 , 4
16:43:23.084 [main] INFO  c.c.app.process.impl.Search2Impl.fillDetail  266 - ** 5 ** 1700 , 1 , 5
16:43:23.084 [main] INFO  c.c.app.process.impl.Search2Impl.fillDetail  266 - ** 6 ** 1700 , 1 , 6
16:43:23.085 [main] INFO  c.c.app.process.impl.Search2Impl.fillDetail  266 - ** 7 ** 1700 , 1 , 7
16:43:23.085 [main] INFO  c.c.app.process.impl.Search2Impl.searchAll  379 -  SEARCHING 1700 TOGGLE 4 ITEM FOUND 6
16:43:23.086 [main] INFO  c.c.app.process.impl.Search2Impl.fillDetail  266 - ** 8 ** 2200 , 1 , 8
16:43:23.086 [main] INFO  c.c.app.process.impl.Search2Impl.fillDetail  266 - ** 9 ** 2200 , 1 , 9
16:43:23.087 [main] INFO  c.c.app.process.impl.Search2Impl.fillDetail  266 - ** 10 ** 2200 , 1 , 10
16:43:23.087 [main] INFO  c.c.app.process.impl.Search2Impl.fillDetail  266 - ** 11 ** 2200 , 1 , 11
16:43:23.087 [main] INFO  c.c.app.process.impl.Search2Impl.fillDetail  266 - ** 12 ** 2200 , 1 , 12
16:43:23.088 [main] INFO  c.c.app.process.impl.Search2Impl.searchAll  379 -  SEARCHING 2200 TOGGLE 5 ITEM FOUND 12
16:43:23.088 [main] INFO  c.c.app.process.impl.Search2Impl.fillDetail  266 - ** 13 ** 2800 , 1 , 13
16:43:23.089 [main] INFO  c.c.app.process.impl.Search2Impl.fillDetail  266 - ** 14 ** 2800 , 1 , 14
16:43:23.089 [main] INFO  c.c.app.process.impl.Search2Impl.fillDetail  266 - ** 15 ** 2800 , 1 , 15
16:43:23.090 [main] INFO  c.c.app.process.impl.Search2Impl.fillDetail  266 - ** 16 ** 2800 , 1 , 16
16:43:23.090 [main] INFO  c.c.app.process.impl.Search2Impl.fillDetail  266 - ** 17 ** 2800 , 1 , 17
16:43:23.091 [main] INFO  c.c.app.process.impl.Search2Impl.fillDetail  266 - ** 18 ** 2800 , 1 , 18
16:43:23.091 [main] INFO  c.c.app.process.impl.Search2Impl.searchAll  379 -  SEARCHING 2800 TOGGLE 6 ITEM FOUND 18
16:43:23.091 [main] INFO  c.c.app.process.impl.Search2Impl.fillDetail  266 - ** 19 ** 3000 , 1 , 19
16:43:23.092 [main] INFO  c.c.app.process.impl.Search2Impl.fillDetail  266 - ** 20 ** 3000 , 1 , 20
16:43:23.092 [main] INFO  c.c.app.process.impl.Search2Impl.searchAll  379 -  SEARCHING 3000 TOGGLE 2 ITEM FOUND 19
16:43:23.092 [main] INFO  c.c.app.process.impl.Search2Impl.fillDetail  266 - ** 21 ** 3300 , 1 , 21
16:43:23.093 [main] INFO  c.c.app.process.impl.Search2Impl.fillDetail  266 - ** 22 ** 3300 , 1 , 22
16:43:23.093 [main] INFO  c.c.app.process.impl.Search2Impl.fillDetail  266 - ** 23 ** 3300 , 1 , 23
16:43:23.093 [main] INFO  c.c.app.process.impl.Search2Impl.searchAll  379 -  SEARCHING 3300 TOGGLE 3 ITEM FOUND 21
16:43:23.094 [main] INFO  c.c.app.process.impl.Search2Impl.fillDetail  266 - ** 24 ** 3700 , 1 , 24
16:43:23.094 [main] INFO  c.c.app.process.impl.Search2Impl.fillDetail  266 - ** 25 ** 3700 , 1 , 25
16:43:23.094 [main] INFO  c.c.app.process.impl.Search2Impl.fillDetail  266 - ** 26 ** 3700 , 1 , 26
16:43:23.095 [main] INFO  c.c.app.process.impl.Search2Impl.fillDetail  266 - ** 27 ** 3700 , 1 , 27
16:43:23.095 [main] INFO  c.c.app.process.impl.Search2Impl.searchAll  379 -  SEARCHING 3700 TOGGLE 4 ITEM FOUND 24
16:43:23.095 [main] INFO  c.c.app.process.impl.Search2Impl.fillDetail  266 - ** 28 ** 4200 , 1 , 28
16:43:23.096 [main] INFO  c.c.app.process.impl.Search2Impl.fillDetail  266 - ** 29 ** 4200 , 1 , 29
16:43:23.096 [main] INFO  c.c.app.process.impl.Search2Impl.fillDetail  266 - ** 30 ** 4200 , 1 , 30
16:43:23.097 [main] INFO  c.c.app.process.impl.Search2Impl.fillDetail  266 - ** 31 ** 4200 , 1 , 31
16:43:23.097 [main] INFO  c.c.app.process.impl.Search2Impl.fillDetail  266 - ** 32 ** 4200 , 1 , 32
16:43:23.098 [main] INFO  c.c.app.process.impl.Search2Impl.searchAll  379 -  SEARCHING 4200 TOGGLE 5 ITEM FOUND 29
16:43:23.098 [main] INFO  c.c.app.process.impl.Search2Impl.fillDetail  266 - ** 33 ** 4800 , 1 , 33
16:43:23.098 [main] INFO  c.c.app.process.impl.Search2Impl.fillDetail  266 - ** 34 ** 4800 , 1 , 34
16:43:23.099 [main] INFO  c.c.app.process.impl.Search2Impl.fillDetail  266 - ** 35 ** 4800 , 1 , 35
16:43:23.099 [main] INFO  c.c.app.process.impl.Search2Impl.fillDetail  266 - ** 36 ** 4800 , 1 , 36
16:43:23.099 [main] INFO  c.c.app.process.impl.Search2Impl.fillDetail  266 - ** 37 ** 4800 , 1 , 37
16:43:23.100 [main] INFO  c.c.app.process.impl.Search2Impl.fillDetail  266 - ** 38 ** 4800 , 1 , 38
16:43:23.100 [main] INFO  c.c.app.process.impl.Search2Impl.searchAll  379 -  SEARCHING 4800 TOGGLE 6 ITEM FOUND 35
16:43:23.101 [main] INFO  c.c.app.process.impl.Search2Impl.fillDetail  266 - ** 39 ** 5000 , 1 , 39
16:43:23.101 [main] INFO  c.c.app.process.impl.Search2Impl.fillDetail  266 - ** 40 ** 5000 , 1 , 40
16:43:23.101 [main] INFO  c.c.app.process.impl.Search2Impl.searchAll  379 -  SEARCHING 5000 TOGGLE 2 ITEM FOUND 39
16:43:23.102 [main] INFO  c.c.app.process.impl.Search2Impl.fillDetail  266 - ** 41 ** 5300 , 1 , 41
16:43:23.102 [main] INFO  c.c.app.process.impl.Search2Impl.fillDetail  266 - ** 42 ** 5300 , 1 , 42
16:43:23.103 [main] INFO  c.c.app.process.impl.Search2Impl.fillDetail  266 - ** 43 ** 5300 , 1 , 43
16:43:23.103 [main] INFO  c.c.app.process.impl.Search2Impl.searchAll  379 -  SEARCHING 5300 TOGGLE 3 ITEM FOUND 41
16:43:23.104 [main] INFO  c.c.app.process.impl.Search2Impl.fillDetail  266 - ** 44 ** 5700 , 1 , 44
16:43:23.104 [main] INFO  c.c.app.process.impl.Search2Impl.fillDetail  266 - ** 45 ** 5700 , 1 , 45
16:43:23.104 [main] INFO  c.c.app.process.impl.Search2Impl.fillDetail  266 - ** 46 ** 5700 , 1 , 46
16:43:23.105 [main] INFO  c.c.app.process.impl.Search2Impl.fillDetail  266 - ** 47 ** 5700 , 1 , 47
16:43:23.105 [main] INFO  c.c.app.process.impl.Search2Impl.searchAll  379 -  SEARCHING 5700 TOGGLE 4 ITEM FOUND 47
16:43:23.106 [main] INFO  c.c.app.process.impl.Search2Impl.fillDetail  266 - ** 48 ** 6200 , 1 , 48
16:43:23.106 [main] INFO  c.c.app.process.impl.Search2Impl.fillDetail  266 - ** 49 ** 6200 , 1 , 49
16:43:23.107 [main] INFO  c.c.app.process.impl.Search2Impl.fillDetail  266 - ** 50 ** 6200 , 1 , 50
16:43:23.107 [main] INFO  c.c.app.process.impl.Search2Impl.fillDetail  266 - ** 51 ** 6200 , 1 , 51
16:43:23.108 [main] INFO  c.c.app.process.impl.Search2Impl.fillDetail  266 - ** 52 ** 6200 , 1 , 52
16:43:23.108 [main] INFO  c.c.app.process.impl.Search2Impl.searchAll  379 -  SEARCHING 6200 TOGGLE 5 ITEM FOUND 52
16:43:23.109 [main] INFO  c.c.app.process.impl.Search2Impl.fillDetail  266 - ** 53 ** 6800 , 1 , 53
16:43:23.109 [main] INFO  c.c.app.process.impl.Search2Impl.fillDetail  266 - ** 54 ** 6800 , 1 , 54
16:43:23.109 [main] INFO  c.c.app.process.impl.Search2Impl.fillDetail  266 - ** 55 ** 6800 , 1 , 55
16:43:23.110 [main] INFO  c.c.app.process.impl.Search2Impl.fillDetail  266 - ** 56 ** 6800 , 1 , 56
16:43:23.110 [main] INFO  c.c.app.process.impl.Search2Impl.fillDetail  266 - ** 57 ** 6800 , 1 , 57
16:43:23.111 [main] INFO  c.c.app.process.impl.Search2Impl.fillDetail  266 - ** 58 ** 6800 , 1 , 58
16:43:23.112 [main] INFO  c.c.app.process.impl.Search2Impl.searchAll  379 -  SEARCHING 6800 TOGGLE 6 ITEM FOUND 58
16:43:23.112 [main] INFO  c.c.app.process.impl.Search2Impl.fillDetail  266 - ** 59 ** 7000 , 1 , 59
16:43:23.113 [main] INFO  c.c.app.process.impl.Search2Impl.fillDetail  266 - ** 60 ** 7000 , 1 , 60
16:43:23.113 [main] INFO  c.c.app.process.impl.Search2Impl.searchAll  379 -  SEARCHING 7000 TOGGLE 2 ITEM FOUND 59
16:43:23.114 [main] INFO  c.c.app.process.impl.Search2Impl.fillDetail  266 - ** 61 ** 7300 , 1 , 61
16:43:23.114 [main] INFO  c.c.app.process.impl.Search2Impl.fillDetail  266 - ** 62 ** 7300 , 1 , 62
16:43:23.115 [main] INFO  c.c.app.process.impl.Search2Impl.fillDetail  266 - ** 63 ** 7300 , 1 , 63
16:43:23.115 [main] INFO  c.c.app.process.impl.Search2Impl.searchAll  379 -  SEARCHING 7300 TOGGLE 3 ITEM FOUND 61
16:43:23.116 [main] INFO  c.c.app.process.impl.Search2Impl.fillDetail  266 - ** 64 ** 7700 , 1 , 64
16:43:23.116 [main] INFO  c.c.app.process.impl.Search2Impl.fillDetail  266 - ** 65 ** 7700 , 1 , 65
16:43:23.117 [main] INFO  c.c.app.process.impl.Search2Impl.fillDetail  266 - ** 66 ** 7700 , 1 , 66
16:43:23.117 [main] INFO  c.c.app.process.impl.Search2Impl.fillDetail  266 - ** 67 ** 7700 , 1 , 67
16:43:23.118 [main] INFO  c.c.app.process.impl.Search2Impl.searchAll  379 -  SEARCHING 7700 TOGGLE 4 ITEM FOUND 64
16:43:23.118 [main] INFO  c.c.app.process.impl.Search2Impl.fillDetail  266 - ** 68 ** 8200 , 1 , 68
16:43:23.119 [main] INFO  c.c.app.process.impl.Search2Impl.fillDetail  266 - ** 69 ** 8200 , 1 , 69
16:43:23.119 [main] INFO  c.c.app.process.impl.Search2Impl.fillDetail  266 - ** 70 ** 8200 , 1 , 70
16:43:23.119 [main] INFO  c.c.app.process.impl.Search2Impl.fillDetail  266 - ** 71 ** 8200 , 1 , 71
16:43:23.119 [main] INFO  c.c.app.process.impl.Search2Impl.fillDetail  266 - ** 72 ** 8200 , 1 , 72
16:43:23.120 [main] INFO  c.c.app.process.impl.Search2Impl.searchAll  379 -  SEARCHING 8200 TOGGLE 5 ITEM FOUND 70
16:43:23.120 [main] INFO  c.c.app.process.impl.Search2Impl.fillDetail  266 - ** 73 ** 8800 , 1 , 73
16:43:23.120 [main] INFO  c.c.app.process.impl.Search2Impl.fillDetail  266 - ** 74 ** 8800 , 1 , 74
16:43:23.121 [main] INFO  c.c.app.process.impl.Search2Impl.fillDetail  266 - ** 75 ** 8800 , 1 , 75
16:43:23.121 [main] INFO  c.c.app.process.impl.Search2Impl.fillDetail  266 - ** 76 ** 8800 , 1 , 76
16:43:23.121 [main] INFO  c.c.app.process.impl.Search2Impl.fillDetail  266 - ** 77 ** 8800 , 1 , 77
16:43:23.121 [main] INFO  c.c.app.process.impl.Search2Impl.fillDetail  266 - ** 78 ** 8800 , 1 , 78
16:43:23.122 [main] INFO  c.c.app.process.impl.Search2Impl.searchAll  379 -  SEARCHING 8800 TOGGLE 6 ITEM FOUND 75
16:43:23.122 [main] INFO  c.c.app.process.impl.Search2Impl.fillDetail  266 - ** 79 ** 9000 , 1 , 79
16:43:23.122 [main] INFO  c.c.app.process.impl.Search2Impl.fillDetail  266 - ** 80 ** 9000 , 1 , 80
16:43:23.122 [main] INFO  c.c.app.process.impl.Search2Impl.searchAll  379 -  SEARCHING 9000 TOGGLE 2 ITEM FOUND 79
16:43:23.123 [main] INFO  c.c.app.process.impl.Search2Impl.fillDetail  266 - ** 81 ** 9300 , 1 , 81
16:43:23.123 [main] INFO  c.c.app.process.impl.Search2Impl.fillDetail  266 - ** 82 ** 9300 , 1 , 82
16:43:23.123 [main] INFO  c.c.app.process.impl.Search2Impl.fillDetail  266 - ** 83 ** 9300 , 1 , 83
16:43:23.124 [main] INFO  c.c.app.process.impl.Search2Impl.searchAll  379 -  SEARCHING 9300 TOGGLE 3 ITEM FOUND 81
16:43:23.124 [main] INFO  c.c.app.process.impl.Search2Impl.fillDetail  266 - ** 84 ** 9700 , 1 , 84
16:43:23.124 [main] INFO  c.c.app.process.impl.Search2Impl.fillDetail  266 - ** 85 ** 9700 , 1 , 85
16:43:23.124 [main] INFO  c.c.app.process.impl.Search2Impl.fillDetail  266 - ** 86 ** 9700 , 1 , 86
16:43:23.125 [main] INFO  c.c.app.process.impl.Search2Impl.fillDetail  266 - ** 87 ** 9700 , 1 , 87
16:43:23.125 [main] INFO  c.c.app.process.impl.Search2Impl.searchAll  379 -  SEARCHING 9700 TOGGLE 4 ITEM FOUND 87
16:43:23.125 [main] INFO  c.c.app.process.impl.Search2Impl.fillDetail  266 - ** 88 ** 10200 , 1 , 88
16:43:23.125 [main] INFO  c.c.app.process.impl.Search2Impl.fillDetail  266 - ** 89 ** 10200 , 1 , 89
16:43:23.126 [main] INFO  c.c.app.process.impl.Search2Impl.fillDetail  266 - ** 90 ** 10200 , 1 , 90
16:43:23.126 [main] INFO  c.c.app.process.impl.Search2Impl.fillDetail  266 - ** 91 ** 10200 , 1 , 91
16:43:23.126 [main] INFO  c.c.app.process.impl.Search2Impl.fillDetail  266 - ** 92 ** 10200 , 1 , 92
16:43:23.127 [main] INFO  c.c.app.process.impl.Search2Impl.searchAll  379 -  SEARCHING 10200 TOGGLE 5 ITEM FOUND 90
16:43:23.127 [main] INFO  c.c.app.process.impl.Search2Impl.fillDetail  266 - ** 93 ** 10800 , 1 , 93
16:43:23.127 [main] INFO  c.c.app.process.impl.Search2Impl.fillDetail  266 - ** 94 ** 10800 , 1 , 94
16:43:23.127 [main] INFO  c.c.app.process.impl.Search2Impl.fillDetail  266 - ** 95 ** 10800 , 1 , 95
16:43:23.128 [main] INFO  c.c.app.process.impl.Search2Impl.fillDetail  266 - ** 96 ** 10800 , 1 , 96
16:43:23.128 [main] INFO  c.c.app.process.impl.Search2Impl.fillDetail  266 - ** 97 ** 10800 , 1 , 97
16:43:23.128 [main] INFO  c.c.app.process.impl.Search2Impl.fillDetail  266 - ** 98 ** 10800 , 1 , 98
16:43:23.129 [main] INFO  c.c.app.process.impl.Search2Impl.searchAll  379 -  SEARCHING 10800 TOGGLE 6 ITEM FOUND 93
16:43:23.130 [main] INFO  c.c.app.process.impl.Search2Impl.fillDetail  266 - ** 99 ** 11000 , 1 , 99
16:43:23.131 [main] INFO  c.c.app.process.impl.Search2Impl.fillDetail  266 - ** 100 ** 11000 , 1 , 100
16:43:23.131 [main] INFO  c.c.app.process.impl.Search2Impl.searchAll  379 -  SEARCHING 11000 TOGGLE 2 ITEM FOUND 99
16:43:23.132 [main] INFO  c.c.app.process.impl.Search2Impl.fillDetail  266 - ** 101 ** 11300 , 1 , 101
16:43:23.133 [main] INFO  c.c.app.process.impl.Search2Impl.fillDetail  266 - ** 102 ** 11300 , 1 , 102
16:43:23.133 [main] INFO  c.c.app.process.impl.Search2Impl.fillDetail  266 - ** 103 ** 11300 , 1 , 103
16:43:23.134 [main] INFO  c.c.app.process.impl.Search2Impl.searchAll  379 -  SEARCHING 11300 TOGGLE 3 ITEM FOUND 101
16:43:23.134 [main] INFO  c.c.app.process.impl.Search2Impl.fillDetail  266 - ** 104 ** 11700 , 1 , 104
16:43:23.135 [main] INFO  c.c.app.process.impl.Search2Impl.fillDetail  266 - ** 105 ** 11700 , 1 , 105
16:43:23.135 [main] INFO  c.c.app.process.impl.Search2Impl.fillDetail  266 - ** 106 ** 11700 , 1 , 106
16:43:23.135 [main] INFO  c.c.app.process.impl.Search2Impl.fillDetail  266 - ** 107 ** 11700 , 1 , 107
16:43:23.135 [main] INFO  c.c.app.process.impl.Search2Impl.searchAll  379 -  SEARCHING 11700 TOGGLE 4 ITEM FOUND 104
16:43:23.136 [main] INFO  c.c.app.process.impl.Search2Impl.fillDetail  266 - ** 108 ** 12200 , 1 , 108
16:43:23.136 [main] INFO  c.c.app.process.impl.Search2Impl.fillDetail  266 - ** 109 ** 12200 , 1 , 109
16:43:23.136 [main] INFO  c.c.app.process.impl.Search2Impl.fillDetail  266 - ** 110 ** 12200 , 1 , 110
16:43:23.136 [main] INFO  c.c.app.process.impl.Search2Impl.fillDetail  266 - ** 111 ** 12200 , 1 , 111
16:43:23.136 [main] INFO  c.c.app.process.impl.Search2Impl.fillDetail  266 - ** 112 ** 12200 , 1 , 112
16:43:23.137 [main] INFO  c.c.app.process.impl.Search2Impl.searchAll  379 -  SEARCHING 12200 TOGGLE 5 ITEM FOUND 110
16:43:23.137 [main] INFO  c.c.app.process.impl.Search2Impl.fillDetail  266 - ** 113 ** 12800 , 1 , 113
16:43:23.137 [main] INFO  c.c.app.process.impl.Search2Impl.fillDetail  266 - ** 114 ** 12800 , 1 , 114
16:43:23.137 [main] INFO  c.c.app.process.impl.Search2Impl.fillDetail  266 - ** 115 ** 12800 , 1 , 115
16:43:23.138 [main] INFO  c.c.app.process.impl.Search2Impl.fillDetail  266 - ** 116 ** 12800 , 1 , 116
16:43:23.138 [main] INFO  c.c.app.process.impl.Search2Impl.fillDetail  266 - ** 117 ** 12800 , 1 , 117
16:43:23.138 [main] INFO  c.c.app.process.impl.Search2Impl.fillDetail  266 - ** 118 ** 12800 , 1 , 118
16:43:23.138 [main] INFO  c.c.app.process.impl.Search2Impl.searchAll  379 -  SEARCHING 12800 TOGGLE 6 ITEM FOUND 116
16:43:23.139 [main] INFO  c.c.app.process.impl.Search2Impl.fillDetail  266 - ** 119 ** 13000 , 1 , 119
16:43:23.139 [main] INFO  c.c.app.process.impl.Search2Impl.fillDetail  266 - ** 120 ** 13000 , 1 , 120
16:43:23.139 [main] INFO  c.c.app.process.impl.Search2Impl.searchAll  379 -  SEARCHING 13000 TOGGLE 2 ITEM FOUND 119
16:43:23.140 [main] INFO  c.c.app.process.impl.Search2Impl.fillDetail  266 - ** 121 ** 13300 , 1 , 121
16:43:23.140 [main] INFO  c.c.app.process.impl.Search2Impl.fillDetail  266 - ** 122 ** 13300 , 1 , 122
16:43:23.140 [main] INFO  c.c.app.process.impl.Search2Impl.fillDetail  266 - ** 123 ** 13300 , 1 , 123
16:43:23.141 [main] INFO  c.c.app.process.impl.Search2Impl.searchAll  379 -  SEARCHING 13300 TOGGLE 3 ITEM FOUND 121
16:43:23.141 [main] INFO  c.c.app.process.impl.Search2Impl.fillDetail  266 - ** 124 ** 13700 , 1 , 124
16:43:23.141 [main] INFO  c.c.app.process.impl.Search2Impl.fillDetail  266 - ** 125 ** 13700 , 1 , 125
16:43:23.141 [main] INFO  c.c.app.process.impl.Search2Impl.fillDetail  266 - ** 126 ** 13700 , 1 , 126
16:43:23.141 [main] INFO  c.c.app.process.impl.Search2Impl.fillDetail  266 - ** 127 ** 13700 , 1 , 127
16:43:23.142 [main] INFO  c.c.app.process.impl.Search2Impl.searchAll  379 -  SEARCHING 13700 TOGGLE 4 ITEM FOUND 127
16:43:23.142 [main] INFO  c.c.app.process.impl.Search2Impl.fillDetail  266 - ** 128 ** 14200 , 1 , 128
16:43:23.142 [main] INFO  c.c.app.process.impl.Search2Impl.fillDetail  266 - ** 129 ** 14200 , 1 , 129
16:43:23.143 [main] INFO  c.c.app.process.impl.Search2Impl.fillDetail  266 - ** 130 ** 14200 , 1 , 130
16:43:23.143 [main] INFO  c.c.app.process.impl.Search2Impl.fillDetail  266 - ** 131 ** 14200 , 1 , 131
16:43:23.143 [main] INFO  c.c.app.process.impl.Search2Impl.fillDetail  266 - ** 132 ** 14200 , 1 , 132
16:43:23.143 [main] INFO  c.c.app.process.impl.Search2Impl.searchAll  379 -  SEARCHING 14200 TOGGLE 5 ITEM FOUND 130
16:43:23.143 [main] INFO  c.c.app.process.impl.Search2Impl.fillDetail  266 - ** 133 ** 14800 , 1 , 133
16:43:23.144 [main] INFO  c.c.app.process.impl.Search2Impl.fillDetail  266 - ** 134 ** 14800 , 1 , 134
16:43:23.144 [main] INFO  c.c.app.process.impl.Search2Impl.fillDetail  266 - ** 135 ** 14800 , 1 , 135
16:43:23.144 [main] INFO  c.c.app.process.impl.Search2Impl.fillDetail  266 - ** 136 ** 14800 , 1 , 136
16:43:23.144 [main] INFO  c.c.app.process.impl.Search2Impl.fillDetail  266 - ** 137 ** 14800 , 1 , 137
16:43:23.145 [main] INFO  c.c.app.process.impl.Search2Impl.fillDetail  266 - ** 138 ** 14800 , 1 , 138
16:43:23.145 [main] INFO  c.c.app.process.impl.Search2Impl.searchAll  379 -  SEARCHING 14800 TOGGLE 6 ITEM FOUND 133
16:43:23.145 [main] INFO  c.c.app.process.impl.Search2Impl.fillDetail  266 - ** 139 ** 15000 , 1 , 139
16:43:23.145 [main] INFO  c.c.app.process.impl.Search2Impl.fillDetail  266 - ** 140 ** 15000 , 1 , 140
16:43:23.145 [main] INFO  c.c.app.process.impl.Search2Impl.searchAll  379 -  SEARCHING 15000 TOGGLE 2 ITEM FOUND 139
16:43:23.146 [main] INFO  c.c.app.process.impl.Search2Impl.fillDetail  266 - ** 141 ** 15300 , 1 , 141
16:43:23.146 [main] INFO  c.c.app.process.impl.Search2Impl.fillDetail  266 - ** 142 ** 15300 , 1 , 142
16:43:23.146 [main] INFO  c.c.app.process.impl.Search2Impl.fillDetail  266 - ** 143 ** 15300 , 1 , 143
16:43:23.146 [main] INFO  c.c.app.process.impl.Search2Impl.searchAll  379 -  SEARCHING 15300 TOGGLE 3 ITEM FOUND 141
16:43:23.147 [main] INFO  c.c.app.process.impl.Search2Impl.fillDetail  266 - ** 144 ** 15700 , 1 , 144
16:43:23.147 [main] INFO  c.c.app.process.impl.Search2Impl.fillDetail  266 - ** 145 ** 15700 , 1 , 145
16:43:23.147 [main] INFO  c.c.app.process.impl.Search2Impl.fillDetail  266 - ** 146 ** 15700 , 1 , 146
16:43:23.147 [main] INFO  c.c.app.process.impl.Search2Impl.fillDetail  266 - ** 147 ** 15700 , 1 , 147
16:43:23.147 [main] INFO  c.c.app.process.impl.Search2Impl.searchAll  379 -  SEARCHING 15700 TOGGLE 4 ITEM FOUND 144
16:43:23.148 [main] INFO  c.c.app.process.impl.Search2Impl.fillDetail  266 - ** 148 ** 16200 , 1 , 148
16:43:23.148 [main] INFO  c.c.app.process.impl.Search2Impl.fillDetail  266 - ** 149 ** 16200 , 1 , 149
16:43:23.149 [main] INFO  c.c.app.process.impl.Search2Impl.fillDetail  266 - ** 150 ** 16200 , 1 , 150
16:43:23.149 [main] INFO  c.c.app.process.impl.Search2Impl.fillDetail  266 - ** 151 ** 16200 , 1 , 151
16:43:23.150 [main] INFO  c.c.app.process.impl.Search2Impl.fillDetail  266 - ** 152 ** 16200 , 1 , 152
16:43:23.150 [main] INFO  c.c.app.process.impl.Search2Impl.searchAll  379 -  SEARCHING 16200 TOGGLE 5 ITEM FOUND 150
16:43:23.151 [main] INFO  c.c.app.process.impl.Search2Impl.fillDetail  266 - ** 153 ** 16800 , 1 , 153
16:43:23.151 [main] INFO  c.c.app.process.impl.Search2Impl.fillDetail  266 - ** 154 ** 16800 , 1 , 154
16:43:23.151 [main] INFO  c.c.app.process.impl.Search2Impl.fillDetail  266 - ** 155 ** 16800 , 1 , 155
16:43:23.152 [main] INFO  c.c.app.process.impl.Search2Impl.fillDetail  266 - ** 156 ** 16800 , 1 , 156
16:43:23.152 [main] INFO  c.c.app.process.impl.Search2Impl.fillDetail  266 - ** 157 ** 16800 , 1 , 157
16:43:23.152 [main] INFO  c.c.app.process.impl.Search2Impl.fillDetail  266 - ** 158 ** 16800 , 1 , 158
16:43:23.153 [main] INFO  c.c.app.process.impl.Search2Impl.searchAll  379 -  SEARCHING 16800 TOGGLE 6 ITEM FOUND 156
16:43:23.153 [main] INFO  c.c.app.process.impl.Search2Impl.fillDetail  266 - ** 159 ** 17000 , 1 , 159
16:43:23.153 [main] INFO  c.c.app.process.impl.Search2Impl.fillDetail  266 - ** 160 ** 17000 , 1 , 160
16:43:23.153 [main] INFO  c.c.app.process.impl.Search2Impl.searchAll  379 -  SEARCHING 17000 TOGGLE 2 ITEM FOUND 159
16:43:23.153 [main] INFO  c.c.app.process.impl.Search2Impl.fillDetail  266 - ** 161 ** 17300 , 1 , 161
16:43:23.154 [main] INFO  c.c.app.process.impl.Search2Impl.fillDetail  266 - ** 162 ** 17300 , 1 , 162
16:43:23.154 [main] INFO  c.c.app.process.impl.Search2Impl.fillDetail  266 - ** 163 ** 17300 , 1 , 163
16:43:23.154 [main] INFO  c.c.app.process.impl.Search2Impl.searchAll  379 -  SEARCHING 17300 TOGGLE 3 ITEM FOUND 162
16:43:23.154 [main] INFO  c.c.app.process.impl.Search2Impl.fillDetail  266 - ** 164 ** 17700 , 1 , 164
16:43:23.155 [main] INFO  c.c.app.process.impl.Search2Impl.fillDetail  266 - ** 165 ** 17700 , 1 , 165
16:43:23.155 [main] INFO  c.c.app.process.impl.Search2Impl.fillDetail  266 - ** 166 ** 17700 , 1 , 166
16:43:23.155 [main] INFO  c.c.app.process.impl.Search2Impl.fillDetail  266 - ** 167 ** 17700 , 1 , 167
16:43:23.155 [main] INFO  c.c.app.process.impl.Search2Impl.searchAll  379 -  SEARCHING 17700 TOGGLE 4 ITEM FOUND 167
16:43:23.155 [main] INFO  c.c.app.process.impl.Search2Impl.fillDetail  266 - ** 168 ** 18200 , 1 , 168
16:43:23.156 [main] INFO  c.c.app.process.impl.Search2Impl.fillDetail  266 - ** 169 ** 18200 , 1 , 169
16:43:23.156 [main] INFO  c.c.app.process.impl.Search2Impl.fillDetail  266 - ** 170 ** 18200 , 1 , 170
16:43:23.156 [main] INFO  c.c.app.process.impl.Search2Impl.fillDetail  266 - ** 171 ** 18200 , 1 , 171
16:43:23.156 [main] INFO  c.c.app.process.impl.Search2Impl.fillDetail  266 - ** 172 ** 18200 , 1 , 172
16:43:23.157 [main] INFO  c.c.app.process.impl.Search2Impl.searchAll  379 -  SEARCHING 18200 TOGGLE 5 ITEM FOUND 170
16:43:23.157 [main] INFO  c.c.app.process.impl.Search2Impl.fillDetail  266 - ** 173 ** 18800 , 1 , 173
16:43:23.157 [main] INFO  c.c.app.process.impl.Search2Impl.fillDetail  266 - ** 174 ** 18800 , 1 , 174
16:43:23.157 [main] INFO  c.c.app.process.impl.Search2Impl.fillDetail  266 - ** 175 ** 18800 , 1 , 175
16:43:23.158 [main] INFO  c.c.app.process.impl.Search2Impl.fillDetail  266 - ** 176 ** 18800 , 1 , 176
16:43:23.158 [main] INFO  c.c.app.process.impl.Search2Impl.fillDetail  266 - ** 177 ** 18800 , 1 , 177
16:43:23.158 [main] INFO  c.c.app.process.impl.Search2Impl.fillDetail  266 - ** 178 ** 18800 , 1 , 178
16:43:23.158 [main] INFO  c.c.app.process.impl.Search2Impl.searchAll  379 -  SEARCHING 18800 TOGGLE 6 ITEM FOUND 173
16:43:23.158 [main] INFO  c.c.app.process.impl.Search2Impl.fillDetail  266 - ** 179 ** 19000 , 1 , 179
16:43:23.159 [main] INFO  c.c.app.process.impl.Search2Impl.fillDetail  266 - ** 180 ** 19000 , 1 , 180
16:43:23.159 [main] INFO  c.c.app.process.impl.Search2Impl.searchAll  379 -  SEARCHING 19000 TOGGLE 2 ITEM FOUND 179
16:43:23.159 [main] INFO  c.c.app.process.impl.Search2Impl.fillDetail  266 - ** 181 ** 19300 , 1 , 181
16:43:23.159 [main] INFO  c.c.app.process.impl.Search2Impl.fillDetail  266 - ** 182 ** 19300 , 1 , 182
16:43:23.159 [main] INFO  c.c.app.process.impl.Search2Impl.fillDetail  266 - ** 183 ** 19300 , 1 , 183
16:43:23.160 [main] INFO  c.c.app.process.impl.Search2Impl.searchAll  379 -  SEARCHING 19300 TOGGLE 3 ITEM FOUND 182
16:43:23.160 [main] INFO  c.c.app.process.impl.Search2Impl.fillDetail  266 - ** 184 ** 19700 , 1 , 184
16:43:23.160 [main] INFO  c.c.app.process.impl.Search2Impl.fillDetail  266 - ** 185 ** 19700 , 1 , 185
16:43:23.160 [main] INFO  c.c.app.process.impl.Search2Impl.fillDetail  266 - ** 186 ** 19700 , 1 , 186
16:43:23.161 [main] INFO  c.c.app.process.impl.Search2Impl.fillDetail  266 - ** 187 ** 19700 , 1 , 187
16:43:23.161 [main] INFO  c.c.app.process.impl.Search2Impl.searchAll  379 -  SEARCHING 19700 TOGGLE 4 ITEM FOUND 185
16:43:23.161 [main] INFO  c.c.app.process.impl.Search2Impl.fillDetail  266 - ** 188 ** 20200 , 1 , 188
16:43:23.161 [main] INFO  c.c.app.process.impl.Search2Impl.fillDetail  266 - ** 189 ** 20200 , 1 , 189
16:43:23.161 [main] INFO  c.c.app.process.impl.Search2Impl.fillDetail  266 - ** 190 ** 20200 , 1 , 190
16:43:23.162 [main] INFO  c.c.app.process.impl.Search2Impl.fillDetail  266 - ** 191 ** 20200 , 1 , 191
16:43:23.162 [main] INFO  c.c.app.process.impl.Search2Impl.fillDetail  266 - ** 192 ** 20200 , 1 , 192
16:43:23.162 [main] INFO  c.c.app.process.impl.Search2Impl.searchAll  379 -  SEARCHING 20200 TOGGLE 5 ITEM FOUND 190
16:43:23.162 [main] INFO  c.c.app.process.impl.Search2Impl.fillDetail  266 - ** 193 ** 20800 , 1 , 193
16:43:23.163 [main] INFO  c.c.app.process.impl.Search2Impl.fillDetail  266 - ** 194 ** 20800 , 1 , 194
16:43:23.163 [main] INFO  c.c.app.process.impl.Search2Impl.fillDetail  266 - ** 195 ** 20800 , 1 , 195
16:43:23.163 [main] INFO  c.c.app.process.impl.Search2Impl.fillDetail  266 - ** 196 ** 20800 , 1 , 196
16:43:23.163 [main] INFO  c.c.app.process.impl.Search2Impl.fillDetail  266 - ** 197 ** 20800 , 1 , 197
16:43:23.164 [main] INFO  c.c.app.process.impl.Search2Impl.fillDetail  266 - ** 198 ** 20800 , 1 , 198
16:43:23.164 [main] INFO  c.c.app.process.impl.Search2Impl.searchAll  379 -  SEARCHING 20800 TOGGLE 6 ITEM FOUND 196
16:43:23.164 [main] INFO  c.c.app.process.impl.Search2Impl.fillDetail  266 - ** 199 ** 21000 , 1 , 199
16:43:23.164 [main] INFO  c.c.app.process.impl.Search2Impl.fillDetail  266 - ** 200 ** 21000 , 1 , 200
16:43:23.165 [main] INFO  c.c.app.process.impl.Search2Impl.searchAll  379 -  SEARCHING 21000 TOGGLE 2 ITEM FOUND 199
16:43:23.166 [main] INFO  c.c.app.process.impl.Search2Impl.fillDetail  266 - ** 201 ** 21300 , 1 , 201
16:43:23.166 [main] INFO  c.c.app.process.impl.Search2Impl.fillDetail  266 - ** 202 ** 21300 , 1 , 202
16:43:23.167 [main] INFO  c.c.app.process.impl.Search2Impl.fillDetail  266 - ** 203 ** 21300 , 1 , 203
16:43:23.167 [main] INFO  c.c.app.process.impl.Search2Impl.searchAll  379 -  SEARCHING 21300 TOGGLE 3 ITEM FOUND 202
16:43:23.167 [main] INFO  c.c.app.process.impl.Search2Impl.fillDetail  266 - ** 204 ** 21700 , 1 , 204
16:43:23.168 [main] INFO  c.c.app.process.impl.Search2Impl.fillDetail  266 - ** 205 ** 21700 , 1 , 205
16:43:23.168 [main] INFO  c.c.app.process.impl.Search2Impl.fillDetail  266 - ** 206 ** 21700 , 1 , 206
16:43:23.169 [main] INFO  c.c.app.process.impl.Search2Impl.fillDetail  266 - ** 207 ** 21700 , 1 , 207
16:43:23.169 [main] INFO  c.c.app.process.impl.Search2Impl.searchAll  379 -  SEARCHING 21700 TOGGLE 4 ITEM FOUND 205
16:43:23.169 [main] INFO  c.c.app.process.impl.Search2Impl.fillDetail  266 - ** 208 ** 22200 , 1 , 208
16:43:23.169 [main] INFO  c.c.app.process.impl.Search2Impl.fillDetail  266 - ** 209 ** 22200 , 1 , 209
16:43:23.170 [main] INFO  c.c.app.process.impl.Search2Impl.fillDetail  266 - ** 210 ** 22200 , 1 , 210
16:43:23.170 [main] INFO  c.c.app.process.impl.Search2Impl.fillDetail  266 - ** 211 ** 22200 , 1 , 211
16:43:23.170 [main] INFO  c.c.app.process.impl.Search2Impl.fillDetail  266 - ** 212 ** 22200 , 1 , 212
16:43:23.170 [main] INFO  c.c.app.process.impl.Search2Impl.searchAll  379 -  SEARCHING 22200 TOGGLE 5 ITEM FOUND 208
16:43:23.171 [main] INFO  c.c.app.process.impl.Search2Impl.fillDetail  266 - ** 213 ** 22800 , 1 , 213
16:43:23.171 [main] INFO  c.c.app.process.impl.Search2Impl.fillDetail  266 - ** 214 ** 22800 , 1 , 214
16:43:23.171 [main] INFO  c.c.app.process.impl.Search2Impl.fillDetail  266 - ** 215 ** 22800 , 1 , 215
16:43:23.172 [main] INFO  c.c.app.process.impl.Search2Impl.fillDetail  266 - ** 216 ** 22800 , 1 , 216
16:43:23.172 [main] INFO  c.c.app.process.impl.Search2Impl.fillDetail  266 - ** 217 ** 22800 , 1 , 217
16:43:23.172 [main] INFO  c.c.app.process.impl.Search2Impl.fillDetail  266 - ** 218 ** 22800 , 1 , 218
16:43:23.173 [main] INFO  c.c.app.process.impl.Search2Impl.searchAll  379 -  SEARCHING 22800 TOGGLE 6 ITEM FOUND 213
16:43:23.173 [main] INFO  c.c.app.process.impl.Search2Impl.fillDetail  266 - ** 219 ** 23000 , 1 , 219
16:43:23.173 [main] INFO  c.c.app.process.impl.Search2Impl.fillDetail  266 - ** 220 ** 23000 , 1 , 220
16:43:23.174 [main] INFO  c.c.app.process.impl.Search2Impl.searchAll  379 -  SEARCHING 23000 TOGGLE 2 ITEM FOUND 219
16:43:23.174 [main] INFO  c.c.app.process.impl.Search2Impl.fillDetail  266 - ** 221 ** 23300 , 1 , 221
16:43:23.174 [main] INFO  c.c.app.process.impl.Search2Impl.fillDetail  266 - ** 222 ** 23300 , 1 , 222
16:43:23.174 [main] INFO  c.c.app.process.impl.Search2Impl.fillDetail  266 - ** 223 ** 23300 , 1 , 223
16:43:23.175 [main] INFO  c.c.app.process.impl.Search2Impl.searchAll  379 -  SEARCHING 23300 TOGGLE 3 ITEM FOUND 222
16:43:23.175 [main] INFO  c.c.app.process.impl.Search2Impl.fillDetail  266 - ** 224 ** 23700 , 1 , 224
16:43:23.176 [main] INFO  c.c.app.process.impl.Search2Impl.fillDetail  266 - ** 225 ** 23700 , 1 , 225
16:43:23.176 [main] INFO  c.c.app.process.impl.Search2Impl.fillDetail  266 - ** 226 ** 23700 , 1 , 226
16:43:23.176 [main] INFO  c.c.app.process.impl.Search2Impl.fillDetail  266 - ** 227 ** 23700 , 1 , 227
16:43:23.176 [main] INFO  c.c.app.process.impl.Search2Impl.searchAll  379 -  SEARCHING 23700 TOGGLE 4 ITEM FOUND 225
16:43:23.177 [main] INFO  c.c.app.process.impl.Search2Impl.fillDetail  266 - ** 228 ** 24200 , 1 , 228
16:43:23.177 [main] INFO  c.c.app.process.impl.Search2Impl.fillDetail  266 - ** 229 ** 24200 , 1 , 229
16:43:23.177 [main] INFO  c.c.app.process.impl.Search2Impl.fillDetail  266 - ** 230 ** 24200 , 1 , 230
16:43:23.178 [main] INFO  c.c.app.process.impl.Search2Impl.fillDetail  266 - ** 231 ** 24200 , 1 , 231
16:43:23.178 [main] INFO  c.c.app.process.impl.Search2Impl.fillDetail  266 - ** 232 ** 24200 , 1 , 232
16:43:23.178 [main] INFO  c.c.app.process.impl.Search2Impl.searchAll  379 -  SEARCHING 24200 TOGGLE 5 ITEM FOUND 231
16:43:23.179 [main] INFO  c.c.app.process.impl.Search2Impl.fillDetail  266 - ** 233 ** 24800 , 1 , 233
16:43:23.179 [main] INFO  c.c.app.process.impl.Search2Impl.fillDetail  266 - ** 234 ** 24800 , 1 , 234
16:43:23.179 [main] INFO  c.c.app.process.impl.Search2Impl.fillDetail  266 - ** 235 ** 24800 , 1 , 235
16:43:23.180 [main] INFO  c.c.app.process.impl.Search2Impl.fillDetail  266 - ** 236 ** 24800 , 1 , 236
16:43:23.180 [main] INFO  c.c.app.process.impl.Search2Impl.fillDetail  266 - ** 237 ** 24800 , 1 , 237
16:43:23.180 [main] INFO  c.c.app.process.impl.Search2Impl.fillDetail  266 - ** 238 ** 24800 , 1 , 238
16:43:23.181 [main] INFO  c.c.app.process.impl.Search2Impl.searchAll  379 -  SEARCHING 24800 TOGGLE 6 ITEM FOUND 236
16:43:23.181 [main] INFO  c.c.app.process.impl.Search2Impl.fillDetail  266 - ** 239 ** 25000 , 1 , 239
16:43:23.181 [main] INFO  c.c.app.process.impl.Search2Impl.fillDetail  266 - ** 240 ** 25000 , 1 , 240
16:43:23.182 [main] INFO  c.c.app.process.impl.Search2Impl.searchAll  379 -  SEARCHING 25000 TOGGLE 2 ITEM FOUND 239
16:43:23.182 [main] INFO  c.c.app.process.impl.Search2Impl.fillDetail  266 - ** 241 ** 25300 , 1 , 241
16:43:23.182 [main] INFO  c.c.app.process.impl.Search2Impl.fillDetail  266 - ** 242 ** 25300 , 1 , 242
16:43:23.183 [main] INFO  c.c.app.process.impl.Search2Impl.fillDetail  266 - ** 243 ** 25300 , 1 , 243
16:43:23.183 [main] INFO  c.c.app.process.impl.Search2Impl.searchAll  379 -  SEARCHING 25300 TOGGLE 3 ITEM FOUND 242
16:43:23.183 [main] INFO  c.c.app.process.impl.Search2Impl.fillDetail  266 - ** 244 ** 25700 , 1 , 244
16:43:23.183 [main] INFO  c.c.app.process.impl.Search2Impl.fillDetail  266 - ** 245 ** 25700 , 1 , 245
16:43:23.184 [main] INFO  c.c.app.process.impl.Search2Impl.fillDetail  266 - ** 246 ** 25700 , 1 , 246
16:43:23.184 [main] INFO  c.c.app.process.impl.Search2Impl.fillDetail  266 - ** 247 ** 25700 , 1 , 247
16:43:23.184 [main] INFO  c.c.app.process.impl.Search2Impl.searchAll  379 -  SEARCHING 25700 TOGGLE 4 ITEM FOUND 245
16:43:23.185 [main] INFO  c.c.app.process.impl.Search2Impl.fillDetail  266 - ** 248 ** 26200 , 1 , 248
16:43:23.185 [main] INFO  c.c.app.process.impl.Search2Impl.fillDetail  266 - ** 249 ** 26200 , 1 , 249
16:43:23.185 [main] INFO  c.c.app.process.impl.Search2Impl.fillDetail  266 - ** 250 ** 26200 , 1 , 250
16:43:23.186 [main] INFO  c.c.app.process.impl.Search2Impl.fillDetail  266 - ** 251 ** 26200 , 1 , 251
16:43:23.186 [main] INFO  c.c.app.process.impl.Search2Impl.fillDetail  266 - ** 252 ** 26200 , 1 , 252
16:43:23.186 [main] INFO  c.c.app.process.impl.Search2Impl.searchAll  379 -  SEARCHING 26200 TOGGLE 5 ITEM FOUND 248
16:43:23.186 [main] INFO  c.c.app.process.impl.Search2Impl.fillDetail  266 - ** 253 ** 26800 , 1 , 253
16:43:23.187 [main] INFO  c.c.app.process.impl.Search2Impl.fillDetail  266 - ** 254 ** 26800 , 1 , 254
16:43:23.187 [main] INFO  c.c.app.process.impl.Search2Impl.fillDetail  266 - ** 255 ** 26800 , 1 , 255
16:43:23.188 [main] INFO  c.c.app.process.impl.Search2Impl.fillDetail  266 - ** 256 ** 26800 , 1 , 256
16:43:23.188 [main] INFO  c.c.app.process.impl.Search2Impl.fillDetail  266 - ** 257 ** 26800 , 1 , 257
16:43:23.188 [main] INFO  c.c.app.process.impl.Search2Impl.fillDetail  266 - ** 258 ** 26800 , 1 , 258
16:43:23.188 [main] INFO  c.c.app.process.impl.Search2Impl.searchAll  379 -  SEARCHING 26800 TOGGLE 6 ITEM FOUND 254
16:43:23.189 [main] INFO  c.c.app.process.impl.Search2Impl.fillDetail  266 - ** 259 ** 27000 , 1 , 259
16:43:23.189 [main] INFO  c.c.app.process.impl.Search2Impl.fillDetail  266 - ** 260 ** 27000 , 1 , 260
16:43:23.189 [main] INFO  c.c.app.process.impl.Search2Impl.searchAll  379 -  SEARCHING 27000 TOGGLE 2 ITEM FOUND 259
16:43:23.189 [main] INFO  c.c.app.process.impl.Search2Impl.fillDetail  266 - ** 261 ** 27300 , 1 , 261
16:43:23.189 [main] INFO  c.c.app.process.impl.Search2Impl.fillDetail  266 - ** 262 ** 27300 , 1 , 262
16:43:23.190 [main] INFO  c.c.app.process.impl.Search2Impl.fillDetail  266 - ** 263 ** 27300 , 1 , 263
16:43:23.190 [main] INFO  c.c.app.process.impl.Search2Impl.searchAll  379 -  SEARCHING 27300 TOGGLE 3 ITEM FOUND 262
16:43:23.190 [main] INFO  c.c.app.process.impl.Search2Impl.fillDetail  266 - ** 264 ** 27700 , 1 , 264
16:43:23.191 [main] INFO  c.c.app.process.impl.Search2Impl.fillDetail  266 - ** 265 ** 27700 , 1 , 265
16:43:23.191 [main] INFO  c.c.app.process.impl.Search2Impl.fillDetail  266 - ** 266 ** 27700 , 1 , 266
16:43:23.191 [main] INFO  c.c.app.process.impl.Search2Impl.fillDetail  266 - ** 267 ** 27700 , 1 , 267
16:43:23.192 [main] INFO  c.c.app.process.impl.Search2Impl.searchAll  379 -  SEARCHING 27700 TOGGLE 4 ITEM FOUND 265
16:43:23.192 [main] INFO  c.c.app.process.impl.Search2Impl.fillDetail  266 - ** 268 ** 28200 , 1 , 268
16:43:23.193 [main] INFO  c.c.app.process.impl.Search2Impl.fillDetail  266 - ** 269 ** 28200 , 1 , 269
16:43:23.194 [main] INFO  c.c.app.process.impl.Search2Impl.fillDetail  266 - ** 270 ** 28200 , 1 , 270
16:43:23.194 [main] INFO  c.c.app.process.impl.Search2Impl.fillDetail  266 - ** 271 ** 28200 , 1 , 271
16:43:23.194 [main] INFO  c.c.app.process.impl.Search2Impl.fillDetail  266 - ** 272 ** 28200 , 1 , 272
16:43:23.195 [main] INFO  c.c.app.process.impl.Search2Impl.searchAll  379 -  SEARCHING 28200 TOGGLE 5 ITEM FOUND 271
16:43:23.195 [main] INFO  c.c.app.process.impl.Search2Impl.fillDetail  266 - ** 273 ** 28800 , 1 , 273
16:43:23.196 [main] INFO  c.c.app.process.impl.Search2Impl.fillDetail  266 - ** 274 ** 28800 , 1 , 274
16:43:23.196 [main] INFO  c.c.app.process.impl.Search2Impl.fillDetail  266 - ** 275 ** 28800 , 1 , 275
16:43:23.197 [main] INFO  c.c.app.process.impl.Search2Impl.fillDetail  266 - ** 276 ** 28800 , 1 , 276
16:43:23.197 [main] INFO  c.c.app.process.impl.Search2Impl.fillDetail  266 - ** 277 ** 28800 , 1 , 277
16:43:23.197 [main] INFO  c.c.app.process.impl.Search2Impl.fillDetail  266 - ** 278 ** 28800 , 1 , 278
16:43:23.198 [main] INFO  c.c.app.process.impl.Search2Impl.searchAll  379 -  SEARCHING 28800 TOGGLE 6 ITEM FOUND 277
16:43:23.198 [main] INFO  c.c.app.process.impl.Search2Impl.fillDetail  266 - ** 279 ** 29000 , 1 , 279
16:43:23.198 [main] INFO  c.c.app.process.impl.Search2Impl.fillDetail  266 - ** 280 ** 29000 , 1 , 280
16:43:23.199 [main] INFO  c.c.app.process.impl.Search2Impl.searchAll  379 -  SEARCHING 29000 TOGGLE 2 ITEM FOUND 279
16:43:23.199 [main] INFO  c.c.app.process.impl.Search2Impl.fillDetail  266 - ** 281 ** 29300 , 1 , 281
16:43:23.199 [main] INFO  c.c.app.process.impl.Search2Impl.fillDetail  266 - ** 282 ** 29300 , 1 , 282
16:43:23.199 [main] INFO  c.c.app.process.impl.Search2Impl.fillDetail  266 - ** 283 ** 29300 , 1 , 283
16:43:23.200 [main] INFO  c.c.app.process.impl.Search2Impl.searchAll  379 -  SEARCHING 29300 TOGGLE 3 ITEM FOUND 282
16:43:23.200 [main] INFO  c.c.app.process.impl.Search2Impl.fillDetail  266 - ** 284 ** 29700 , 1 , 284
16:43:23.200 [main] INFO  c.c.app.process.impl.Search2Impl.fillDetail  266 - ** 285 ** 29700 , 1 , 285
16:43:23.201 [main] INFO  c.c.app.process.impl.Search2Impl.fillDetail  266 - ** 286 ** 29700 , 1 , 286
16:43:23.201 [main] INFO  c.c.app.process.impl.Search2Impl.fillDetail  266 - ** 287 ** 29700 , 1 , 287
16:43:23.201 [main] INFO  c.c.app.process.impl.Search2Impl.searchAll  379 -  SEARCHING 29700 TOGGLE 4 ITEM FOUND 285
16:43:23.201 [main] INFO  c.c.app.process.impl.Search2Impl.fillDetail  266 - ** 288 ** 30200 , 1 , 288
16:43:23.202 [main] INFO  c.c.app.process.impl.Search2Impl.fillDetail  266 - ** 289 ** 30200 , 1 , 289
16:43:23.202 [main] INFO  c.c.app.process.impl.Search2Impl.fillDetail  266 - ** 290 ** 30200 , 1 , 290
16:43:23.203 [main] INFO  c.c.app.process.impl.Search2Impl.fillDetail  266 - ** 291 ** 30200 , 1 , 291
16:43:23.203 [main] INFO  c.c.app.process.impl.Search2Impl.fillDetail  266 - ** 292 ** 30200 , 1 , 292
16:43:23.203 [main] INFO  c.c.app.process.impl.Search2Impl.searchAll  379 -  SEARCHING 30200 TOGGLE 5 ITEM FOUND 288
16:43:23.204 [main] INFO  c.c.app.process.impl.Search2Impl.fillDetail  266 - ** 293 ** 30800 , 1 , 293
16:43:23.204 [main] INFO  c.c.app.process.impl.Search2Impl.fillDetail  266 - ** 294 ** 30800 , 1 , 294
16:43:23.204 [main] INFO  c.c.app.process.impl.Search2Impl.fillDetail  266 - ** 295 ** 30800 , 1 , 295
16:43:23.205 [main] INFO  c.c.app.process.impl.Search2Impl.fillDetail  266 - ** 296 ** 30800 , 1 , 296
16:43:23.205 [main] INFO  c.c.app.process.impl.Search2Impl.fillDetail  266 - ** 297 ** 30800 , 1 , 297
16:43:23.205 [main] INFO  c.c.app.process.impl.Search2Impl.fillDetail  266 - ** 298 ** 30800 , 1 , 298
16:43:23.206 [main] INFO  c.c.app.process.impl.Search2Impl.searchAll  379 -  SEARCHING 30800 TOGGLE 6 ITEM FOUND 294
16:43:23.206 [main] INFO  c.c.app.process.impl.Search2Impl.fillDetail  266 - ** 299 ** 31000 , 1 , 299
16:43:23.206 [main] INFO  c.c.app.process.impl.Search2Impl.fillDetail  266 - ** 300 ** 31000 , 1 , 300
16:43:23.207 [main] INFO  c.c.app.process.impl.Search2Impl.searchAll  379 -  SEARCHING 31000 TOGGLE 2 ITEM FOUND 300
16:43:23.207 [main] INFO  c.c.app.process.impl.Search2Impl.fillDetail  266 - ** 301 ** 31300 , 1 , 301
16:43:23.207 [main] INFO  c.c.app.process.impl.Search2Impl.fillDetail  266 - ** 302 ** 31300 , 1 , 302
16:43:23.207 [main] INFO  c.c.app.process.impl.Search2Impl.fillDetail  266 - ** 303 ** 31300 , 1 , 303
16:43:23.208 [main] INFO  c.c.app.process.impl.Search2Impl.searchAll  379 -  SEARCHING 31300 TOGGLE 3 ITEM FOUND 302
16:43:23.208 [main] INFO  c.c.app.process.impl.Search2Impl.fillDetail  266 - ** 304 ** 31700 , 1 , 304
16:43:23.209 [main] INFO  c.c.app.process.impl.Search2Impl.fillDetail  266 - ** 305 ** 31700 , 1 , 305
16:43:23.209 [main] INFO  c.c.app.process.impl.Search2Impl.fillDetail  266 - ** 306 ** 31700 , 1 , 306
16:43:23.209 [main] INFO  c.c.app.process.impl.Search2Impl.fillDetail  266 - ** 307 ** 31700 , 1 , 307
16:43:23.210 [main] INFO  c.c.app.process.impl.Search2Impl.searchAll  379 -  SEARCHING 31700 TOGGLE 4 ITEM FOUND 305
16:43:23.210 [main] INFO  c.c.app.process.impl.Search2Impl.fillDetail  266 - ** 308 ** 32200 , 1 , 308
16:43:23.210 [main] INFO  c.c.app.process.impl.Search2Impl.fillDetail  266 - ** 309 ** 32200 , 1 , 309
16:43:23.211 [main] INFO  c.c.app.process.impl.Search2Impl.fillDetail  266 - ** 310 ** 32200 , 1 , 310
16:43:23.211 [main] INFO  c.c.app.process.impl.Search2Impl.fillDetail  266 - ** 311 ** 32200 , 1 , 311
16:43:23.211 [main] INFO  c.c.app.process.impl.Search2Impl.fillDetail  266 - ** 312 ** 32200 , 1 , 312
16:43:23.211 [main] INFO  c.c.app.process.impl.Search2Impl.searchAll  379 -  SEARCHING 32200 TOGGLE 5 ITEM FOUND 311
16:43:23.211 [main] INFO  c.c.app.process.impl.Search2Impl.fillDetail  266 - ** 313 ** 32800 , 1 , 313
16:43:23.212 [main] INFO  c.c.app.process.impl.Search2Impl.fillDetail  266 - ** 314 ** 32800 , 1 , 314
16:43:23.212 [main] INFO  c.c.app.process.impl.Search2Impl.fillDetail  266 - ** 315 ** 32800 , 1 , 315
16:43:23.212 [main] INFO  c.c.app.process.impl.Search2Impl.fillDetail  266 - ** 316 ** 32800 , 1 , 316
16:43:23.212 [main] INFO  c.c.app.process.impl.Search2Impl.fillDetail  266 - ** 317 ** 32800 , 1 , 317
16:43:23.213 [main] INFO  c.c.app.process.impl.Search2Impl.fillDetail  266 - ** 318 ** 32800 , 1 , 318
16:43:23.213 [main] INFO  c.c.app.process.impl.Search2Impl.searchAll  379 -  SEARCHING 32800 TOGGLE 6 ITEM FOUND 317
16:43:23.213 [main] INFO  c.c.app.process.impl.Search2Impl.fillDetail  266 - ** 319 ** 33000 , 1 , 319
16:43:23.213 [main] INFO  c.c.app.process.impl.Search2Impl.fillDetail  266 - ** 320 ** 33000 , 1 , 320
16:43:23.213 [main] INFO  c.c.app.process.impl.Search2Impl.searchAll  379 -  SEARCHING 33000 TOGGLE 2 ITEM FOUND 320
16:43:23.214 [main] INFO  c.c.app.process.impl.Search2Impl.fillDetail  266 - ** 321 ** 33300 , 1 , 321
16:43:23.214 [main] INFO  c.c.app.process.impl.Search2Impl.fillDetail  266 - ** 322 ** 33300 , 1 , 322
16:43:23.214 [main] INFO  c.c.app.process.impl.Search2Impl.fillDetail  266 - ** 323 ** 33300 , 1 , 323
16:43:23.214 [main] INFO  c.c.app.process.impl.Search2Impl.searchAll  379 -  SEARCHING 33300 TOGGLE 3 ITEM FOUND 323
16:43:23.214 [main] INFO  c.c.app.process.impl.Search2Impl.fillDetail  266 - ** 324 ** 33700 , 1 , 324
16:43:23.215 [main] INFO  c.c.app.process.impl.Search2Impl.fillDetail  266 - ** 325 ** 33700 , 1 , 325
16:43:23.215 [main] INFO  c.c.app.process.impl.Search2Impl.fillDetail  266 - ** 326 ** 33700 , 1 , 326
16:43:23.215 [main] INFO  c.c.app.process.impl.Search2Impl.fillDetail  266 - ** 327 ** 33700 , 1 , 327
16:43:23.215 [main] INFO  c.c.app.process.impl.Search2Impl.searchAll  379 -  SEARCHING 33700 TOGGLE 4 ITEM FOUND 325
16:43:23.216 [main] INFO  c.c.app.process.impl.Search2Impl.fillDetail  266 - ** 328 ** 34200 , 1 , 328
16:43:23.216 [main] INFO  c.c.app.process.impl.Search2Impl.fillDetail  266 - ** 329 ** 34200 , 1 , 329
16:43:23.216 [main] INFO  c.c.app.process.impl.Search2Impl.fillDetail  266 - ** 330 ** 34200 , 1 , 330
16:43:23.216 [main] INFO  c.c.app.process.impl.Search2Impl.fillDetail  266 - ** 331 ** 34200 , 1 , 331
16:43:23.216 [main] INFO  c.c.app.process.impl.Search2Impl.fillDetail  266 - ** 332 ** 34200 , 1 , 332
16:43:23.217 [main] INFO  c.c.app.process.impl.Search2Impl.searchAll  379 -  SEARCHING 34200 TOGGLE 5 ITEM FOUND 328
16:43:23.217 [main] INFO  c.c.app.process.impl.Search2Impl.fillDetail  266 - ** 333 ** 34800 , 1 , 333
16:43:23.217 [main] INFO  c.c.app.process.impl.Search2Impl.fillDetail  266 - ** 334 ** 34800 , 1 , 334
16:43:23.217 [main] INFO  c.c.app.process.impl.Search2Impl.fillDetail  266 - ** 335 ** 34800 , 1 , 335
16:43:23.217 [main] INFO  c.c.app.process.impl.Search2Impl.fillDetail  266 - ** 336 ** 34800 , 1 , 336
16:43:23.218 [main] INFO  c.c.app.process.impl.Search2Impl.fillDetail  266 - ** 337 ** 34800 , 1 , 337
16:43:23.218 [main] INFO  c.c.app.process.impl.Search2Impl.fillDetail  266 - ** 338 ** 34800 , 1 , 338
16:43:23.218 [main] INFO  c.c.app.process.impl.Search2Impl.searchAll  379 -  SEARCHING 34800 TOGGLE 6 ITEM FOUND 334
16:43:23.218 [main] INFO  c.c.app.process.impl.Search2Impl.fillDetail  266 - ** 339 ** 35000 , 1 , 339
16:43:23.219 [main] INFO  c.c.app.process.impl.Search2Impl.fillDetail  266 - ** 340 ** 35000 , 1 , 340
16:43:23.219 [main] INFO  c.c.app.process.impl.Search2Impl.searchAll  379 -  SEARCHING 35000 TOGGLE 2 ITEM FOUND 340
16:43:23.219 [main] INFO  c.c.app.process.impl.Search2Impl.fillDetail  266 - ** 341 ** 35300 , 1 , 341
16:43:23.219 [main] INFO  c.c.app.process.impl.Search2Impl.fillDetail  266 - ** 342 ** 35300 , 1 , 342
16:43:23.219 [main] INFO  c.c.app.process.impl.Search2Impl.fillDetail  266 - ** 343 ** 35300 , 1 , 343
16:43:23.219 [main] INFO  c.c.app.process.impl.Search2Impl.searchAll  379 -  SEARCHING 35300 TOGGLE 3 ITEM FOUND 343
16:43:23.219 [main] INFO  c.c.app.process.impl.Search2Impl.fillDetail  266 - ** 344 ** 35700 , 1 , 344
16:43:23.220 [main] INFO  c.c.app.process.impl.Search2Impl.fillDetail  266 - ** 345 ** 35700 , 1 , 345
16:43:23.220 [main] INFO  c.c.app.process.impl.Search2Impl.fillDetail  266 - ** 346 ** 35700 , 1 , 346
16:43:23.220 [main] INFO  c.c.app.process.impl.Search2Impl.fillDetail  266 - ** 347 ** 35700 , 1 , 347
16:43:23.220 [main] INFO  c.c.app.process.impl.Search2Impl.searchAll  379 -  SEARCHING 35700 TOGGLE 4 ITEM FOUND 346
16:43:23.220 [main] INFO  c.c.app.process.impl.Search2Impl.fillDetail  266 - ** 348 ** 36200 , 1 , 348
16:43:23.220 [main] INFO  c.c.app.process.impl.Search2Impl.fillDetail  266 - ** 349 ** 36200 , 1 , 349
16:43:23.220 [main] INFO  c.c.app.process.impl.Search2Impl.fillDetail  266 - ** 350 ** 36200 , 1 , 350
16:43:23.220 [main] INFO  c.c.app.process.impl.Search2Impl.fillDetail  266 - ** 351 ** 36200 , 1 , 351
16:43:23.221 [main] INFO  c.c.app.process.impl.Search2Impl.fillDetail  266 - ** 352 ** 36200 , 1 , 352
16:43:23.221 [main] INFO  c.c.app.process.impl.Search2Impl.searchAll  379 -  SEARCHING 36200 TOGGLE 5 ITEM FOUND 351
16:43:23.221 [main] INFO  c.c.app.process.impl.Search2Impl.fillDetail  266 - ** 353 ** 36800 , 1 , 353
16:43:23.221 [main] INFO  c.c.app.process.impl.Search2Impl.fillDetail  266 - ** 354 ** 36800 , 1 , 354
16:43:23.221 [main] INFO  c.c.app.process.impl.Search2Impl.fillDetail  266 - ** 355 ** 36800 , 1 , 355
16:43:23.221 [main] INFO  c.c.app.process.impl.Search2Impl.fillDetail  266 - ** 356 ** 36800 , 1 , 356
16:43:23.222 [main] INFO  c.c.app.process.impl.Search2Impl.fillDetail  266 - ** 357 ** 36800 , 1 , 357
16:43:23.222 [main] INFO  c.c.app.process.impl.Search2Impl.fillDetail  266 - ** 358 ** 36800 , 1 , 358
16:43:23.222 [main] INFO  c.c.app.process.impl.Search2Impl.searchAll  379 -  SEARCHING 36800 TOGGLE 6 ITEM FOUND 357
16:43:23.222 [main] INFO  c.c.app.process.impl.Search2Impl.fillDetail  266 - ** 359 ** 37000 , 1 , 359
16:43:23.222 [main] INFO  c.c.app.process.impl.Search2Impl.fillDetail  266 - ** 360 ** 37000 , 1 , 360
16:43:23.222 [main] INFO  c.c.app.process.impl.Search2Impl.searchAll  379 -  SEARCHING 37000 TOGGLE 2 ITEM FOUND 360
16:43:23.222 [main] INFO  c.c.app.process.impl.Search2Impl.fillDetail  266 - ** 361 ** 37300 , 1 , 361
16:43:23.222 [main] INFO  c.c.app.process.impl.Search2Impl.fillDetail  266 - ** 362 ** 37300 , 1 , 362
16:43:23.223 [main] INFO  c.c.app.process.impl.Search2Impl.fillDetail  266 - ** 363 ** 37300 , 1 , 363
16:43:23.223 [main] INFO  c.c.app.process.impl.Search2Impl.searchAll  379 -  SEARCHING 37300 TOGGLE 3 ITEM FOUND 363
16:43:23.223 [main] INFO  c.c.app.process.impl.Search2Impl.fillDetail  266 - ** 364 ** 37700 , 1 , 364
16:43:23.223 [main] INFO  c.c.app.process.impl.Search2Impl.fillDetail  266 - ** 365 ** 37700 , 1 , 365
16:43:23.223 [main] INFO  c.c.app.process.impl.Search2Impl.fillDetail  266 - ** 366 ** 37700 , 1 , 366
16:43:23.223 [main] INFO  c.c.app.process.impl.Search2Impl.fillDetail  266 - ** 367 ** 37700 , 1 , 367
16:43:23.223 [main] INFO  c.c.app.process.impl.Search2Impl.searchAll  379 -  SEARCHING 37700 TOGGLE 4 ITEM FOUND 366
16:43:23.224 [main] INFO  c.c.app.process.impl.Search2Impl.fillDetail  266 - ** 368 ** 38200 , 1 , 368
16:43:23.224 [main] INFO  c.c.app.process.impl.Search2Impl.fillDetail  266 - ** 369 ** 38200 , 1 , 369
16:43:23.224 [main] INFO  c.c.app.process.impl.Search2Impl.fillDetail  266 - ** 370 ** 38200 , 1 , 370
16:43:23.224 [main] INFO  c.c.app.process.impl.Search2Impl.fillDetail  266 - ** 371 ** 38200 , 1 , 371
16:43:23.224 [main] INFO  c.c.app.process.impl.Search2Impl.fillDetail  266 - ** 372 ** 38200 , 1 , 372
16:43:23.224 [main] INFO  c.c.app.process.impl.Search2Impl.searchAll  379 -  SEARCHING 38200 TOGGLE 5 ITEM FOUND 369
16:43:23.224 [main] INFO  c.c.app.process.impl.Search2Impl.fillDetail  266 - ** 373 ** 38800 , 1 , 373
16:43:23.225 [main] INFO  c.c.app.process.impl.Search2Impl.fillDetail  266 - ** 374 ** 38800 , 1 , 374
16:43:23.225 [main] INFO  c.c.app.process.impl.Search2Impl.fillDetail  266 - ** 375 ** 38800 , 1 , 375
16:43:23.225 [main] INFO  c.c.app.process.impl.Search2Impl.fillDetail  266 - ** 376 ** 38800 , 1 , 376
16:43:23.225 [main] INFO  c.c.app.process.impl.Search2Impl.fillDetail  266 - ** 377 ** 38800 , 1 , 377
16:43:23.225 [main] INFO  c.c.app.process.impl.Search2Impl.fillDetail  266 - ** 378 ** 38800 , 1 , 378
16:43:23.225 [main] INFO  c.c.app.process.impl.Search2Impl.searchAll  379 -  SEARCHING 38800 TOGGLE 6 ITEM FOUND 374
16:43:23.225 [main] INFO  c.c.app.process.impl.Search2Impl.fillDetail  266 - ** 379 ** 39000 , 1 , 379
16:43:23.226 [main] INFO  c.c.app.process.impl.Search2Impl.fillDetail  266 - ** 380 ** 39000 , 1 , 380
16:43:23.226 [main] INFO  c.c.app.process.impl.Search2Impl.searchAll  379 -  SEARCHING 39000 TOGGLE 2 ITEM FOUND 380
16:43:23.226 [main] INFO  c.c.app.process.impl.Search2Impl.fillDetail  266 - ** 381 ** 39300 , 1 , 381
16:43:23.226 [main] INFO  c.c.app.process.impl.Search2Impl.fillDetail  266 - ** 382 ** 39300 , 1 , 382
16:43:23.226 [main] INFO  c.c.app.process.impl.Search2Impl.fillDetail  266 - ** 383 ** 39300 , 1 , 383
16:43:23.226 [main] INFO  c.c.app.process.impl.Search2Impl.searchAll  379 -  SEARCHING 39300 TOGGLE 3 ITEM FOUND 383
16:43:23.227 [main] INFO  c.c.app.process.impl.Search2Impl.fillDetail  266 - ** 384 ** 39700 , 1 , 384
16:43:23.227 [main] INFO  c.c.app.process.impl.Search2Impl.fillDetail  266 - ** 385 ** 39700 , 1 , 385
16:43:23.227 [main] INFO  c.c.app.process.impl.Search2Impl.fillDetail  266 - ** 386 ** 39700 , 1 , 386
16:43:23.227 [main] INFO  c.c.app.process.impl.Search2Impl.fillDetail  266 - ** 387 ** 39700 , 1 , 387
16:43:23.227 [main] INFO  c.c.app.process.impl.Search2Impl.searchAll  379 -  SEARCHING 39700 TOGGLE 4 ITEM FOUND 386
16:43:23.227 [main] INFO  c.c.app.process.impl.Search2Impl.fillDetail  266 - ** 388 ** 40200 , 1 , 388
16:43:23.227 [main] INFO  c.c.app.process.impl.Search2Impl.fillDetail  266 - ** 389 ** 40200 , 1 , 389
16:43:23.228 [main] INFO  c.c.app.process.impl.Search2Impl.fillDetail  266 - ** 390 ** 40200 , 1 , 390
16:43:23.228 [main] INFO  c.c.app.process.impl.Search2Impl.fillDetail  266 - ** 391 ** 40200 , 1 , 391
16:43:23.228 [main] INFO  c.c.app.process.impl.Search2Impl.fillDetail  266 - ** 392 ** 40200 , 1 , 392
16:43:23.228 [main] INFO  c.c.app.process.impl.Search2Impl.searchAll  379 -  SEARCHING 40200 TOGGLE 5 ITEM FOUND 392
16:43:23.228 [main] INFO  c.c.app.process.impl.Search2Impl.fillDetail  266 - ** 393 ** 40800 , 1 , 393
16:43:23.228 [main] INFO  c.c.app.process.impl.Search2Impl.fillDetail  266 - ** 394 ** 40800 , 1 , 394
16:43:23.229 [main] INFO  c.c.app.process.impl.Search2Impl.fillDetail  266 - ** 395 ** 40800 , 1 , 395
16:43:23.229 [main] INFO  c.c.app.process.impl.Search2Impl.fillDetail  266 - ** 396 ** 40800 , 1 , 396
16:43:23.229 [main] INFO  c.c.app.process.impl.Search2Impl.fillDetail  266 - ** 397 ** 40800 , 1 , 397
16:43:23.229 [main] INFO  c.c.app.process.impl.Search2Impl.fillDetail  266 - ** 398 ** 40800 , 1 , 398
16:43:23.229 [main] INFO  c.c.app.process.impl.Search2Impl.searchAll  379 -  SEARCHING 40800 TOGGLE 6 ITEM FOUND 397
16:43:23.229 [main] INFO  c.c.app.process.impl.Search2Impl.fillDetail  266 - ** 399 ** 41000 , 1 , 399
16:43:23.230 [main] INFO  c.c.app.process.impl.Search2Impl.fillDetail  266 - ** 400 ** 41000 , 1 , 400
16:43:23.230 [main] INFO  c.c.app.process.impl.Search2Impl.searchAll  379 -  SEARCHING 41000 TOGGLE 2 ITEM FOUND 400
16:43:23.230 [main] INFO  c.c.app.process.impl.Search2Impl.fillDetail  266 - ** 401 ** 41300 , 1 , 401
16:43:23.230 [main] INFO  c.c.app.process.impl.Search2Impl.fillDetail  266 - ** 402 ** 41300 , 1 , 402
16:43:23.230 [main] INFO  c.c.app.process.impl.Search2Impl.fillDetail  266 - ** 403 ** 41300 , 1 , 403
16:43:23.230 [main] INFO  c.c.app.process.impl.Search2Impl.searchAll  379 -  SEARCHING 41300 TOGGLE 3 ITEM FOUND 403
16:43:23.230 [main] INFO  c.c.app.process.impl.Search2Impl.fillDetail  266 - ** 404 ** 41700 , 1 , 404
16:43:23.230 [main] INFO  c.c.app.process.impl.Search2Impl.fillDetail  266 - ** 405 ** 41700 , 1 , 405
16:43:23.231 [main] INFO  c.c.app.process.impl.Search2Impl.fillDetail  266 - ** 406 ** 41700 , 1 , 406
16:43:23.231 [main] INFO  c.c.app.process.impl.Search2Impl.fillDetail  266 - ** 407 ** 41700 , 1 , 407
16:43:23.231 [main] INFO  c.c.app.process.impl.Search2Impl.searchAll  379 -  SEARCHING 41700 TOGGLE 4 ITEM FOUND 406
16:43:23.231 [main] INFO  c.c.app.process.impl.Search2Impl.fillDetail  266 - ** 408 ** 42200 , 1 , 408
16:43:23.231 [main] INFO  c.c.app.process.impl.Search2Impl.fillDetail  266 - ** 409 ** 42200 , 1 , 409
16:43:23.231 [main] INFO  c.c.app.process.impl.Search2Impl.fillDetail  266 - ** 410 ** 42200 , 1 , 410
16:43:23.231 [main] INFO  c.c.app.process.impl.Search2Impl.fillDetail  266 - ** 411 ** 42200 , 1 , 411
16:43:23.231 [main] INFO  c.c.app.process.impl.Search2Impl.fillDetail  266 - ** 412 ** 42200 , 1 , 412
16:43:23.232 [main] INFO  c.c.app.process.impl.Search2Impl.searchAll  379 -  SEARCHING 42200 TOGGLE 5 ITEM FOUND 409
16:43:23.232 [main] INFO  c.c.app.process.impl.Search2Impl.fillDetail  266 - ** 413 ** 42800 , 1 , 413
16:43:23.232 [main] INFO  c.c.app.process.impl.Search2Impl.fillDetail  266 - ** 414 ** 42800 , 1 , 414
16:43:23.232 [main] INFO  c.c.app.process.impl.Search2Impl.fillDetail  266 - ** 415 ** 42800 , 1 , 415
16:43:23.232 [main] INFO  c.c.app.process.impl.Search2Impl.fillDetail  266 - ** 416 ** 42800 , 1 , 416
16:43:23.232 [main] INFO  c.c.app.process.impl.Search2Impl.fillDetail  266 - ** 417 ** 42800 , 1 , 417
16:43:23.232 [main] INFO  c.c.app.process.impl.Search2Impl.fillDetail  266 - ** 418 ** 42800 , 1 , 418
16:43:23.233 [main] INFO  c.c.app.process.impl.Search2Impl.searchAll  379 -  SEARCHING 42800 TOGGLE 6 ITEM FOUND 415
16:43:23.233 [main] INFO  c.c.app.process.impl.Search2Impl.fillDetail  266 - ** 419 ** 43000 , 1 , 419
16:43:23.233 [main] INFO  c.c.app.process.impl.Search2Impl.fillDetail  266 - ** 420 ** 43000 , 1 , 420
16:43:23.233 [main] INFO  c.c.app.process.impl.Search2Impl.searchAll  379 -  SEARCHING 43000 TOGGLE 2 ITEM FOUND 420
16:43:23.233 [main] INFO  c.c.app.process.impl.Search2Impl.fillDetail  266 - ** 421 ** 43300 , 1 , 421
16:43:23.233 [main] INFO  c.c.app.process.impl.Search2Impl.fillDetail  266 - ** 422 ** 43300 , 1 , 422
16:43:23.233 [main] INFO  c.c.app.process.impl.Search2Impl.fillDetail  266 - ** 423 ** 43300 , 1 , 423
16:43:23.233 [main] INFO  c.c.app.process.impl.Search2Impl.searchAll  379 -  SEARCHING 43300 TOGGLE 3 ITEM FOUND 423
16:43:23.234 [main] INFO  c.c.app.process.impl.Search2Impl.fillDetail  266 - ** 424 ** 43700 , 1 , 424
16:43:23.234 [main] INFO  c.c.app.process.impl.Search2Impl.fillDetail  266 - ** 425 ** 43700 , 1 , 425
16:43:23.234 [main] INFO  c.c.app.process.impl.Search2Impl.fillDetail  266 - ** 426 ** 43700 , 1 , 426
16:43:23.234 [main] INFO  c.c.app.process.impl.Search2Impl.fillDetail  266 - ** 427 ** 43700 , 1 , 427
16:43:23.234 [main] INFO  c.c.app.process.impl.Search2Impl.searchAll  379 -  SEARCHING 43700 TOGGLE 4 ITEM FOUND 426
16:43:23.234 [main] INFO  c.c.app.process.impl.Search2Impl.fillDetail  266 - ** 428 ** 44200 , 1 , 428
16:43:23.234 [main] INFO  c.c.app.process.impl.Search2Impl.fillDetail  266 - ** 429 ** 44200 , 1 , 429
16:43:23.234 [main] INFO  c.c.app.process.impl.Search2Impl.fillDetail  266 - ** 430 ** 44200 , 1 , 430
16:43:23.235 [main] INFO  c.c.app.process.impl.Search2Impl.fillDetail  266 - ** 431 ** 44200 , 1 , 431
16:43:23.235 [main] INFO  c.c.app.process.impl.Search2Impl.fillDetail  266 - ** 432 ** 44200 , 1 , 432
16:43:23.235 [main] INFO  c.c.app.process.impl.Search2Impl.searchAll  379 -  SEARCHING 44200 TOGGLE 5 ITEM FOUND 432
16:43:23.235 [main] INFO  c.c.app.process.impl.Search2Impl.fillDetail  266 - ** 433 ** 44800 , 1 , 433
16:43:23.235 [main] INFO  c.c.app.process.impl.Search2Impl.fillDetail  266 - ** 434 ** 44800 , 1 , 434
16:43:23.235 [main] INFO  c.c.app.process.impl.Search2Impl.fillDetail  266 - ** 435 ** 44800 , 1 , 435
16:43:23.235 [main] INFO  c.c.app.process.impl.Search2Impl.fillDetail  266 - ** 436 ** 44800 , 1 , 436
16:43:23.235 [main] INFO  c.c.app.process.impl.Search2Impl.fillDetail  266 - ** 437 ** 44800 , 1 , 437
16:43:23.235 [main] INFO  c.c.app.process.impl.Search2Impl.fillDetail  266 - ** 438 ** 44800 , 1 , 438
16:43:23.236 [main] INFO  c.c.app.process.impl.Search2Impl.searchAll  379 -  SEARCHING 44800 TOGGLE 6 ITEM FOUND 438
16:43:23.236 [main] INFO  c.c.app.process.impl.Search2Impl.fillDetail  266 - ** 439 ** 45000 , 1 , 439
16:43:23.236 [main] INFO  c.c.app.process.impl.Search2Impl.fillDetail  266 - ** 440 ** 45000 , 1 , 440
16:43:23.236 [main] INFO  c.c.app.process.impl.Search2Impl.searchAll  379 -  SEARCHING 45000 TOGGLE 2 ITEM FOUND 440
16:43:23.236 [main] INFO  c.c.app.process.impl.Search2Impl.fillDetail  266 - ** 441 ** 45300 , 1 , 441
16:43:23.236 [main] INFO  c.c.app.process.impl.Search2Impl.fillDetail  266 - ** 442 ** 45300 , 1 , 442
16:43:23.236 [main] INFO  c.c.app.process.impl.Search2Impl.fillDetail  266 - ** 443 ** 45300 , 1 , 443
16:43:23.237 [main] INFO  c.c.app.process.impl.Search2Impl.searchAll  379 -  SEARCHING 45300 TOGGLE 3 ITEM FOUND 443
16:43:23.237 [main] INFO  c.c.app.process.impl.Search2Impl.fillDetail  266 - ** 444 ** 45700 , 1 , 444
16:43:23.237 [main] INFO  c.c.app.process.impl.Search2Impl.fillDetail  266 - ** 445 ** 45700 , 1 , 445
16:43:23.237 [main] INFO  c.c.app.process.impl.Search2Impl.fillDetail  266 - ** 446 ** 45700 , 1 , 446
16:43:23.237 [main] INFO  c.c.app.process.impl.Search2Impl.fillDetail  266 - ** 447 ** 45700 , 1 , 447
16:43:23.237 [main] INFO  c.c.app.process.impl.Search2Impl.searchAll  379 -  SEARCHING 45700 TOGGLE 4 ITEM FOUND 446
16:43:23.237 [main] INFO  c.c.app.process.impl.Search2Impl.fillDetail  266 - ** 448 ** 46200 , 1 , 448
16:43:23.237 [main] INFO  c.c.app.process.impl.Search2Impl.fillDetail  266 - ** 449 ** 46200 , 1 , 449
16:43:23.237 [main] INFO  c.c.app.process.impl.Search2Impl.fillDetail  266 - ** 450 ** 46200 , 1 , 450
16:43:23.238 [main] INFO  c.c.app.process.impl.Search2Impl.fillDetail  266 - ** 451 ** 46200 , 1 , 451
16:43:23.238 [main] INFO  c.c.app.process.impl.Search2Impl.fillDetail  266 - ** 452 ** 46200 , 1 , 452
16:43:23.238 [main] INFO  c.c.app.process.impl.Search2Impl.searchAll  379 -  SEARCHING 46200 TOGGLE 5 ITEM FOUND 449
16:43:23.238 [main] INFO  c.c.app.process.impl.Search2Impl.fillDetail  266 - ** 453 ** 46800 , 1 , 453
16:43:23.238 [main] INFO  c.c.app.process.impl.Search2Impl.fillDetail  266 - ** 454 ** 46800 , 1 , 454
16:43:23.238 [main] INFO  c.c.app.process.impl.Search2Impl.fillDetail  266 - ** 455 ** 46800 , 1 , 455
16:43:23.238 [main] INFO  c.c.app.process.impl.Search2Impl.fillDetail  266 - ** 456 ** 46800 , 1 , 456
16:43:23.238 [main] INFO  c.c.app.process.impl.Search2Impl.fillDetail  266 - ** 457 ** 46800 , 1 , 457
16:43:23.239 [main] INFO  c.c.app.process.impl.Search2Impl.fillDetail  266 - ** 458 ** 46800 , 1 , 458
16:43:23.239 [main] INFO  c.c.app.process.impl.Search2Impl.searchAll  379 -  SEARCHING 46800 TOGGLE 6 ITEM FOUND 455
16:43:23.239 [main] INFO  c.c.app.process.impl.Search2Impl.fillDetail  266 - ** 459 ** 47000 , 1 , 459
16:43:23.239 [main] INFO  c.c.app.process.impl.Search2Impl.fillDetail  266 - ** 460 ** 47000 , 1 , 460
16:43:23.239 [main] INFO  c.c.app.process.impl.Search2Impl.searchAll  379 -  SEARCHING 47000 TOGGLE 2 ITEM FOUND 459
16:43:23.239 [main] INFO  c.c.app.process.impl.Search2Impl.fillDetail  266 - ** 461 ** 47300 , 1 , 461
16:43:23.239 [main] INFO  c.c.app.process.impl.Search2Impl.fillDetail  266 - ** 462 ** 47300 , 1 , 462
16:43:23.240 [main] INFO  c.c.app.process.impl.Search2Impl.fillDetail  266 - ** 463 ** 47300 , 1 , 463
16:43:23.240 [main] INFO  c.c.app.process.impl.Search2Impl.searchAll  379 -  SEARCHING 47300 TOGGLE 3 ITEM FOUND 461
16:43:23.240 [main] INFO  c.c.app.process.impl.Search2Impl.fillDetail  266 - ** 464 ** 47700 , 1 , 464
16:43:23.240 [main] INFO  c.c.app.process.impl.Search2Impl.fillDetail  266 - ** 465 ** 47700 , 1 , 465
16:43:23.240 [main] INFO  c.c.app.process.impl.Search2Impl.fillDetail  266 - ** 466 ** 47700 , 1 , 466
16:43:23.240 [main] INFO  c.c.app.process.impl.Search2Impl.fillDetail  266 - ** 467 ** 47700 , 1 , 467
16:43:23.240 [main] INFO  c.c.app.process.impl.Search2Impl.searchAll  379 -  SEARCHING 47700 TOGGLE 4 ITEM FOUND 466
16:43:23.240 [main] INFO  c.c.app.process.impl.Search2Impl.fillDetail  266 - ** 468 ** 48200 , 1 , 468
16:43:23.241 [main] INFO  c.c.app.process.impl.Search2Impl.fillDetail  266 - ** 469 ** 48200 , 1 , 469
16:43:23.241 [main] INFO  c.c.app.process.impl.Search2Impl.fillDetail  266 - ** 470 ** 48200 , 1 , 470
16:43:23.241 [main] INFO  c.c.app.process.impl.Search2Impl.fillDetail  266 - ** 471 ** 48200 , 1 , 471
16:43:23.241 [main] INFO  c.c.app.process.impl.Search2Impl.fillDetail  266 - ** 472 ** 48200 , 1 , 472
16:43:23.241 [main] INFO  c.c.app.process.impl.Search2Impl.searchAll  379 -  SEARCHING 48200 TOGGLE 5 ITEM FOUND 472
16:43:23.241 [main] INFO  c.c.app.process.impl.Search2Impl.fillDetail  266 - ** 473 ** 48800 , 1 , 473
16:43:23.241 [main] INFO  c.c.app.process.impl.Search2Impl.fillDetail  266 - ** 474 ** 48800 , 1 , 474
16:43:23.241 [main] INFO  c.c.app.process.impl.Search2Impl.fillDetail  266 - ** 475 ** 48800 , 1 , 475
16:43:23.242 [main] INFO  c.c.app.process.impl.Search2Impl.fillDetail  266 - ** 476 ** 48800 , 1 , 476
16:43:23.242 [main] INFO  c.c.app.process.impl.Search2Impl.fillDetail  266 - ** 477 ** 48800 , 1 , 477
16:43:23.242 [main] INFO  c.c.app.process.impl.Search2Impl.fillDetail  266 - ** 478 ** 48800 , 1 , 478
16:43:23.242 [main] INFO  c.c.app.process.impl.Search2Impl.searchAll  379 -  SEARCHING 48800 TOGGLE 6 ITEM FOUND 478
16:43:23.242 [main] INFO  c.c.app.process.impl.Search2Impl.fillDetail  266 - ** 479 ** 49000 , 1 , 479
16:43:23.242 [main] INFO  c.c.app.process.impl.Search2Impl.fillDetail  266 - ** 480 ** 49000 , 1 , 480
16:43:23.242 [main] INFO  c.c.app.process.impl.Search2Impl.searchAll  379 -  SEARCHING 49000 TOGGLE 2 ITEM FOUND 479
16:43:23.243 [main] INFO  c.c.app.process.impl.Search2Impl.fillDetail  266 - ** 481 ** 49300 , 1 , 481
16:43:23.243 [main] INFO  c.c.app.process.impl.Search2Impl.fillDetail  266 - ** 482 ** 49300 , 1 , 482
16:43:23.243 [main] INFO  c.c.app.process.impl.Search2Impl.fillDetail  266 - ** 483 ** 49300 , 1 , 483
16:43:23.243 [main] INFO  c.c.app.process.impl.Search2Impl.searchAll  379 -  SEARCHING 49300 TOGGLE 3 ITEM FOUND 481
16:43:23.243 [main] INFO  c.c.app.process.impl.Search2Impl.fillDetail  266 - ** 484 ** 49700 , 1 , 484
16:43:23.243 [main] INFO  c.c.app.process.impl.Search2Impl.fillDetail  266 - ** 485 ** 49700 , 1 , 485
16:43:23.243 [main] INFO  c.c.app.process.impl.Search2Impl.fillDetail  266 - ** 486 ** 49700 , 1 , 486
16:43:23.243 [main] INFO  c.c.app.process.impl.Search2Impl.fillDetail  266 - ** 487 ** 49700 , 1 , 487
16:43:23.244 [main] INFO  c.c.app.process.impl.Search2Impl.searchAll  379 -  SEARCHING 49700 TOGGLE 4 ITEM FOUND 484
16:43:23.244 [main] INFO  c.c.app.process.impl.Search2Impl.fillDetail  266 - ** 488 ** 50200 , 1 , 488
16:43:23.244 [main] INFO  c.c.app.process.impl.Search2Impl.fillDetail  266 - ** 489 ** 50200 , 1 , 489
16:43:23.244 [main] INFO  c.c.app.process.impl.Search2Impl.fillDetail  266 - ** 490 ** 50200 , 1 , 490
16:43:23.244 [main] INFO  c.c.app.process.impl.Search2Impl.fillDetail  266 - ** 491 ** 50200 , 1 , 491
16:43:23.244 [main] INFO  c.c.app.process.impl.Search2Impl.fillDetail  266 - ** 492 ** 50200 , 1 , 492
16:43:23.244 [main] INFO  c.c.app.process.impl.Search2Impl.searchAll  379 -  SEARCHING 50200 TOGGLE 5 ITEM FOUND 489
16:43:23.244 [main] INFO  c.c.app.process.impl.Search2Impl.fillDetail  266 - ** 493 ** 50800 , 1 , 493
16:43:23.245 [main] INFO  c.c.app.process.impl.Search2Impl.fillDetail  266 - ** 494 ** 50800 , 1 , 494
16:43:23.245 [main] INFO  c.c.app.process.impl.Search2Impl.fillDetail  266 - ** 495 ** 50800 , 1 , 495
16:43:23.245 [main] INFO  c.c.app.process.impl.Search2Impl.fillDetail  266 - ** 496 ** 50800 , 1 , 496
16:43:23.245 [main] INFO  c.c.app.process.impl.Search2Impl.fillDetail  266 - ** 497 ** 50800 , 1 , 497
16:43:23.245 [main] INFO  c.c.app.process.impl.Search2Impl.fillDetail  266 - ** 498 ** 50800 , 1 , 498
16:43:23.245 [main] INFO  c.c.app.process.impl.Search2Impl.searchAll  379 -  SEARCHING 50800 TOGGLE 6 ITEM FOUND 495
16:43:23.245 [main] INFO  c.c.app.process.impl.Search2Impl.fillDetail  266 - ** 499 ** 51000 , 1 , 499
16:43:23.245 [main] INFO  c.c.app.process.impl.Search2Impl.fillDetail  266 - ** 500 ** 51000 , 1 , 500
16:43:23.246 [main] INFO  c.c.app.process.impl.Search2Impl.searchAll  379 -  SEARCHING 51000 TOGGLE 2 ITEM FOUND 499
16:43:23.246 [main] INFO  c.c.app.process.impl.Search2Impl.fillDetail  266 - ** 501 ** 51300 , 1 , 501
16:43:23.246 [main] INFO  c.c.app.process.impl.Search2Impl.fillDetail  266 - ** 502 ** 51300 , 1 , 502
16:43:23.246 [main] INFO  c.c.app.process.impl.Search2Impl.fillDetail  266 - ** 503 ** 51300 , 1 , 503
16:43:23.246 [main] INFO  c.c.app.process.impl.Search2Impl.searchAll  379 -  SEARCHING 51300 TOGGLE 3 ITEM FOUND 501
16:43:23.246 [main] INFO  c.c.app.process.impl.Search2Impl.fillDetail  266 - ** 504 ** 51700 , 1 , 504
16:43:23.246 [main] INFO  c.c.app.process.impl.Search2Impl.fillDetail  266 - ** 505 ** 51700 , 1 , 505
16:43:23.247 [main] INFO  c.c.app.process.impl.Search2Impl.fillDetail  266 - ** 506 ** 51700 , 1 , 506
16:43:23.247 [main] INFO  c.c.app.process.impl.Search2Impl.fillDetail  266 - ** 507 ** 51700 , 1 , 507
16:43:23.247 [main] INFO  c.c.app.process.impl.Search2Impl.searchAll  379 -  SEARCHING 51700 TOGGLE 4 ITEM FOUND 507
16:43:23.247 [main] INFO  c.c.app.process.impl.Search2Impl.fillDetail  266 - ** 508 ** 52200 , 1 , 508
16:43:23.247 [main] INFO  c.c.app.process.impl.Search2Impl.fillDetail  266 - ** 509 ** 52200 , 1 , 509
16:43:23.247 [main] INFO  c.c.app.process.impl.Search2Impl.fillDetail  266 - ** 510 ** 52200 , 1 , 510
16:43:23.247 [main] INFO  c.c.app.process.impl.Search2Impl.fillDetail  266 - ** 511 ** 52200 , 1 , 511
16:43:23.247 [main] INFO  c.c.app.process.impl.Search2Impl.fillDetail  266 - ** 512 ** 52200 , 1 , 512
16:43:23.248 [main] INFO  c.c.app.process.impl.Search2Impl.searchAll  379 -  SEARCHING 52200 TOGGLE 5 ITEM FOUND 512
16:43:23.248 [main] INFO  c.c.app.process.impl.Search2Impl.fillDetail  266 - ** 513 ** 52800 , 1 , 513
16:43:23.248 [main] INFO  c.c.app.process.impl.Search2Impl.fillDetail  266 - ** 514 ** 52800 , 1 , 514
16:43:23.248 [main] INFO  c.c.app.process.impl.Search2Impl.fillDetail  266 - ** 515 ** 52800 , 1 , 515
16:43:23.248 [main] INFO  c.c.app.process.impl.Search2Impl.fillDetail  266 - ** 516 ** 52800 , 1 , 516
16:43:23.248 [main] INFO  c.c.app.process.impl.Search2Impl.fillDetail  266 - ** 517 ** 52800 , 1 , 517
16:43:23.249 [main] INFO  c.c.app.process.impl.Search2Impl.fillDetail  266 - ** 518 ** 52800 , 1 , 518
16:43:23.249 [main] INFO  c.c.app.process.impl.Search2Impl.searchAll  379 -  SEARCHING 52800 TOGGLE 6 ITEM FOUND 518
16:43:23.249 [main] INFO  c.c.app.process.impl.Search2Impl.fillDetail  266 - ** 519 ** 53000 , 1 , 519
16:43:23.249 [main] INFO  c.c.app.process.impl.Search2Impl.fillDetail  266 - ** 520 ** 53000 , 1 , 520
16:43:23.249 [main] INFO  c.c.app.process.impl.Search2Impl.searchAll  379 -  SEARCHING 53000 TOGGLE 2 ITEM FOUND 519
16:43:23.250 [main] INFO  c.c.app.process.impl.Search2Impl.fillDetail  266 - ** 521 ** 53300 , 1 , 521
16:43:23.250 [main] INFO  c.c.app.process.impl.Search2Impl.fillDetail  266 - ** 522 ** 53300 , 1 , 522
16:43:23.250 [main] INFO  c.c.app.process.impl.Search2Impl.fillDetail  266 - ** 523 ** 53300 , 1 , 523
16:43:23.250 [main] INFO  c.c.app.process.impl.Search2Impl.searchAll  379 -  SEARCHING 53300 TOGGLE 3 ITEM FOUND 521
16:43:23.250 [main] INFO  c.c.app.process.impl.Search2Impl.fillDetail  266 - ** 524 ** 53700 , 1 , 524
16:43:23.251 [main] INFO  c.c.app.process.impl.Search2Impl.fillDetail  266 - ** 525 ** 53700 , 1 , 525
16:43:23.251 [main] INFO  c.c.app.process.impl.Search2Impl.fillDetail  266 - ** 526 ** 53700 , 1 , 526
16:43:23.251 [main] INFO  c.c.app.process.impl.Search2Impl.fillDetail  266 - ** 527 ** 53700 , 1 , 527
16:43:23.251 [main] INFO  c.c.app.process.impl.Search2Impl.searchAll  379 -  SEARCHING 53700 TOGGLE 4 ITEM FOUND 524
16:43:23.252 [main] INFO  c.c.app.process.impl.Search2Impl.fillDetail  266 - ** 528 ** 54200 , 1 , 528
16:43:23.252 [main] INFO  c.c.app.process.impl.Search2Impl.fillDetail  266 - ** 529 ** 54200 , 1 , 529
16:43:23.252 [main] INFO  c.c.app.process.impl.Search2Impl.fillDetail  266 - ** 530 ** 54200 , 1 , 530
16:43:23.252 [main] INFO  c.c.app.process.impl.Search2Impl.fillDetail  266 - ** 531 ** 54200 , 1 , 531
16:43:23.252 [main] INFO  c.c.app.process.impl.Search2Impl.fillDetail  266 - ** 532 ** 54200 , 1 , 532
16:43:23.253 [main] INFO  c.c.app.process.impl.Search2Impl.searchAll  379 -  SEARCHING 54200 TOGGLE 5 ITEM FOUND 530
16:43:23.253 [main] INFO  c.c.app.process.impl.Search2Impl.fillDetail  266 - ** 533 ** 54800 , 1 , 533
16:43:23.253 [main] INFO  c.c.app.process.impl.Search2Impl.fillDetail  266 - ** 534 ** 54800 , 1 , 534
16:43:23.253 [main] INFO  c.c.app.process.impl.Search2Impl.fillDetail  266 - ** 535 ** 54800 , 1 , 535
16:43:23.253 [main] INFO  c.c.app.process.impl.Search2Impl.fillDetail  266 - ** 536 ** 54800 , 1 , 536
16:43:23.254 [main] INFO  c.c.app.process.impl.Search2Impl.fillDetail  266 - ** 537 ** 54800 , 1 , 537
16:43:23.254 [main] INFO  c.c.app.process.impl.Search2Impl.fillDetail  266 - ** 538 ** 54800 , 1 , 538
16:43:23.254 [main] INFO  c.c.app.process.impl.Search2Impl.searchAll  379 -  SEARCHING 54800 TOGGLE 6 ITEM FOUND 535
16:43:23.254 [main] INFO  c.c.app.process.impl.Search2Impl.fillDetail  266 - ** 539 ** 55000 , 1 , 539
16:43:23.255 [main] INFO  c.c.app.process.impl.Search2Impl.fillDetail  266 - ** 540 ** 55000 , 1 , 540
16:43:23.255 [main] INFO  c.c.app.process.impl.Search2Impl.searchAll  379 -  SEARCHING 55000 TOGGLE 2 ITEM FOUND 539
16:43:23.255 [main] INFO  c.c.app.process.impl.Search2Impl.fillDetail  266 - ** 541 ** 55300 , 1 , 541
16:43:23.255 [main] INFO  c.c.app.process.impl.Search2Impl.fillDetail  266 - ** 542 ** 55300 , 1 , 542
16:43:23.255 [main] INFO  c.c.app.process.impl.Search2Impl.fillDetail  266 - ** 543 ** 55300 , 1 , 543
16:43:23.256 [main] INFO  c.c.app.process.impl.Search2Impl.searchAll  379 -  SEARCHING 55300 TOGGLE 3 ITEM FOUND 541
16:43:23.256 [main] INFO  c.c.app.process.impl.Search2Impl.fillDetail  266 - ** 544 ** 55700 , 1 , 544
16:43:23.256 [main] INFO  c.c.app.process.impl.Search2Impl.fillDetail  266 - ** 545 ** 55700 , 1 , 545
16:43:23.256 [main] INFO  c.c.app.process.impl.Search2Impl.fillDetail  266 - ** 546 ** 55700 , 1 , 546
16:43:23.256 [main] INFO  c.c.app.process.impl.Search2Impl.fillDetail  266 - ** 547 ** 55700 , 1 , 547
16:43:23.257 [main] INFO  c.c.app.process.impl.Search2Impl.searchAll  379 -  SEARCHING 55700 TOGGLE 4 ITEM FOUND 547
16:43:23.257 [main] INFO  c.c.app.process.impl.Search2Impl.fillDetail  266 - ** 548 ** 56200 , 1 , 548
16:43:23.257 [main] INFO  c.c.app.process.impl.Search2Impl.fillDetail  266 - ** 549 ** 56200 , 1 , 549
16:43:23.257 [main] INFO  c.c.app.process.impl.Search2Impl.fillDetail  266 - ** 550 ** 56200 , 1 , 550
16:43:23.257 [main] INFO  c.c.app.process.impl.Search2Impl.fillDetail  266 - ** 551 ** 56200 , 1 , 551
16:43:23.258 [main] INFO  c.c.app.process.impl.Search2Impl.fillDetail  266 - ** 552 ** 56200 , 1 , 552
16:43:23.258 [main] INFO  c.c.app.process.impl.Search2Impl.searchAll  379 -  SEARCHING 56200 TOGGLE 5 ITEM FOUND 550
16:43:23.258 [main] INFO  c.c.app.process.impl.Search2Impl.fillDetail  266 - ** 553 ** 56800 , 1 , 553
16:43:23.258 [main] INFO  c.c.app.process.impl.Search2Impl.fillDetail  266 - ** 554 ** 56800 , 1 , 554
16:43:23.259 [main] INFO  c.c.app.process.impl.Search2Impl.fillDetail  266 - ** 555 ** 56800 , 1 , 555
16:43:23.259 [main] INFO  c.c.app.process.impl.Search2Impl.fillDetail  266 - ** 556 ** 56800 , 1 , 556
16:43:23.259 [main] INFO  c.c.app.process.impl.Search2Impl.fillDetail  266 - ** 557 ** 56800 , 1 , 557
16:43:23.259 [main] INFO  c.c.app.process.impl.Search2Impl.fillDetail  266 - ** 558 ** 56800 , 1 , 558
16:43:23.259 [main] INFO  c.c.app.process.impl.Search2Impl.searchAll  379 -  SEARCHING 56800 TOGGLE 6 ITEM FOUND 553
16:43:23.260 [main] INFO  c.c.app.process.impl.Search2Impl.fillDetail  266 - ** 559 ** 57000 , 1 , 559
16:43:23.260 [main] INFO  c.c.app.process.impl.Search2Impl.fillDetail  266 - ** 560 ** 57000 , 1 , 560
16:43:23.260 [main] INFO  c.c.app.process.impl.Search2Impl.searchAll  379 -  SEARCHING 57000 TOGGLE 2 ITEM FOUND 559
16:43:23.260 [main] INFO  c.c.app.process.impl.Search2Impl.fillDetail  266 - ** 561 ** 57300 , 1 , 561
16:43:23.260 [main] INFO  c.c.app.process.impl.Search2Impl.fillDetail  266 - ** 562 ** 57300 , 1 , 562
16:43:23.261 [main] INFO  c.c.app.process.impl.Search2Impl.fillDetail  266 - ** 563 ** 57300 , 1 , 563
16:43:23.261 [main] INFO  c.c.app.process.impl.Search2Impl.searchAll  379 -  SEARCHING 57300 TOGGLE 3 ITEM FOUND 561
16:43:23.261 [main] INFO  c.c.app.process.impl.Search2Impl.fillDetail  266 - ** 564 ** 57700 , 1 , 564
16:43:23.261 [main] INFO  c.c.app.process.impl.Search2Impl.fillDetail  266 - ** 565 ** 57700 , 1 , 565
16:43:23.261 [main] INFO  c.c.app.process.impl.Search2Impl.fillDetail  266 - ** 566 ** 57700 , 1 , 566
16:43:23.262 [main] INFO  c.c.app.process.impl.Search2Impl.fillDetail  266 - ** 567 ** 57700 , 1 , 567
16:43:23.262 [main] INFO  c.c.app.process.impl.Search2Impl.searchAll  379 -  SEARCHING 57700 TOGGLE 4 ITEM FOUND 564
16:43:23.262 [main] INFO  c.c.app.process.impl.Search2Impl.fillDetail  266 - ** 568 ** 58200 , 1 , 568
16:43:23.262 [main] INFO  c.c.app.process.impl.Search2Impl.fillDetail  266 - ** 569 ** 58200 , 1 , 569
16:43:23.262 [main] INFO  c.c.app.process.impl.Search2Impl.fillDetail  266 - ** 570 ** 58200 , 1 , 570
16:43:23.263 [main] INFO  c.c.app.process.impl.Search2Impl.fillDetail  266 - ** 571 ** 58200 , 1 , 571
16:43:23.263 [main] INFO  c.c.app.process.impl.Search2Impl.fillDetail  266 - ** 572 ** 58200 , 1 , 572
16:43:23.263 [main] INFO  c.c.app.process.impl.Search2Impl.searchAll  379 -  SEARCHING 58200 TOGGLE 5 ITEM FOUND 570
16:43:23.263 [main] INFO  c.c.app.process.impl.Search2Impl.fillDetail  266 - ** 573 ** 58800 , 1 , 573
16:43:23.263 [main] INFO  c.c.app.process.impl.Search2Impl.fillDetail  266 - ** 574 ** 58800 , 1 , 574
16:43:23.264 [main] INFO  c.c.app.process.impl.Search2Impl.fillDetail  266 - ** 575 ** 58800 , 1 , 575
16:43:23.264 [main] INFO  c.c.app.process.impl.Search2Impl.fillDetail  266 - ** 576 ** 58800 , 1 , 576
16:43:23.264 [main] INFO  c.c.app.process.impl.Search2Impl.fillDetail  266 - ** 577 ** 58800 , 1 , 577
16:43:23.264 [main] INFO  c.c.app.process.impl.Search2Impl.fillDetail  266 - ** 578 ** 58800 , 1 , 578
16:43:23.264 [main] INFO  c.c.app.process.impl.Search2Impl.searchAll  379 -  SEARCHING 58800 TOGGLE 6 ITEM FOUND 576
16:43:23.265 [main] INFO  c.c.app.process.impl.Search2Impl.fillDetail  266 - ** 579 ** 59000 , 1 , 579
16:43:23.265 [main] INFO  c.c.app.process.impl.Search2Impl.fillDetail  266 - ** 580 ** 59000 , 1 , 580
16:43:23.265 [main] INFO  c.c.app.process.impl.Search2Impl.searchAll  379 -  SEARCHING 59000 TOGGLE 2 ITEM FOUND 579
16:43:23.265 [main] INFO  c.c.app.process.impl.Search2Impl.fillDetail  266 - ** 581 ** 59300 , 1 , 581
16:43:23.265 [main] INFO  c.c.app.process.impl.Search2Impl.fillDetail  266 - ** 582 ** 59300 , 1 , 582
16:43:23.266 [main] INFO  c.c.app.process.impl.Search2Impl.fillDetail  266 - ** 583 ** 59300 , 1 , 583
16:43:23.266 [main] INFO  c.c.app.process.impl.Search2Impl.searchAll  379 -  SEARCHING 59300 TOGGLE 3 ITEM FOUND 581
16:43:23.266 [main] INFO  c.c.app.process.impl.Search2Impl.fillDetail  266 - ** 584 ** 59700 , 1 , 584
16:43:23.266 [main] INFO  c.c.app.process.impl.Search2Impl.fillDetail  266 - ** 585 ** 59700 , 1 , 585
16:43:23.267 [main] INFO  c.c.app.process.impl.Search2Impl.fillDetail  266 - ** 586 ** 59700 , 1 , 586
16:43:23.267 [main] INFO  c.c.app.process.impl.Search2Impl.fillDetail  266 - ** 587 ** 59700 , 1 , 587
16:43:23.267 [main] INFO  c.c.app.process.impl.Search2Impl.searchAll  379 -  SEARCHING 59700 TOGGLE 4 ITEM FOUND 587
16:43:23.267 [main] INFO  c.c.app.process.impl.Search2Impl.fillDetail  266 - ** 588 ** 60200 , 1 , 588
16:43:23.267 [main] INFO  c.c.app.process.impl.Search2Impl.fillDetail  266 - ** 589 ** 60200 , 1 , 589
16:43:23.267 [main] INFO  c.c.app.process.impl.Search2Impl.fillDetail  266 - ** 590 ** 60200 , 1 , 590
16:43:23.268 [main] INFO  c.c.app.process.impl.Search2Impl.fillDetail  266 - ** 591 ** 60200 , 1 , 591
16:43:23.268 [main] INFO  c.c.app.process.impl.Search2Impl.fillDetail  266 - ** 592 ** 60200 , 1 , 592
16:43:23.268 [main] INFO  c.c.app.process.impl.Search2Impl.searchAll  379 -  SEARCHING 60200 TOGGLE 5 ITEM FOUND 590
16:43:23.268 [main] INFO  c.c.app.process.impl.Search2Impl.fillDetail  266 - ** 593 ** 60800 , 1 , 593
16:43:23.268 [main] INFO  c.c.app.process.impl.Search2Impl.fillDetail  266 - ** 594 ** 60800 , 1 , 594
16:43:23.269 [main] INFO  c.c.app.process.impl.Search2Impl.fillDetail  266 - ** 595 ** 60800 , 1 , 595
16:43:23.269 [main] INFO  c.c.app.process.impl.Search2Impl.fillDetail  266 - ** 596 ** 60800 , 1 , 596
16:43:23.269 [main] INFO  c.c.app.process.impl.Search2Impl.fillDetail  266 - ** 597 ** 60800 , 1 , 597
16:43:23.269 [main] INFO  c.c.app.process.impl.Search2Impl.fillDetail  266 - ** 598 ** 60800 , 1 , 598
16:43:23.269 [main] INFO  c.c.app.process.impl.Search2Impl.searchAll  379 -  SEARCHING 60800 TOGGLE 6 ITEM FOUND 593
16:43:23.270 [main] INFO  c.c.app.process.impl.Search2Impl.fillDetail  266 - ** 599 ** 61000 , 1 , 599
16:43:23.270 [main] INFO  c.c.app.process.impl.Search2Impl.fillDetail  266 - ** 600 ** 61000 , 1 , 600
16:43:23.270 [main] INFO  c.c.app.process.impl.Search2Impl.searchAll  379 -  SEARCHING 61000 TOGGLE 2 ITEM FOUND 599
16:43:23.270 [main] INFO  c.c.app.process.impl.Search2Impl.fillDetail  266 - ** 601 ** 61300 , 1 , 601
16:43:23.270 [main] INFO  c.c.app.process.impl.Search2Impl.fillDetail  266 - ** 602 ** 61300 , 1 , 602
16:43:23.271 [main] INFO  c.c.app.process.impl.Search2Impl.fillDetail  266 - ** 603 ** 61300 , 1 , 603
16:43:23.271 [main] INFO  c.c.app.process.impl.Search2Impl.searchAll  379 -  SEARCHING 61300 TOGGLE 3 ITEM FOUND 601
16:43:23.271 [main] INFO  c.c.app.process.impl.Search2Impl.fillDetail  266 - ** 604 ** 61700 , 1 , 604
16:43:23.271 [main] INFO  c.c.app.process.impl.Search2Impl.fillDetail  266 - ** 605 ** 61700 , 1 , 605
16:43:23.271 [main] INFO  c.c.app.process.impl.Search2Impl.fillDetail  266 - ** 606 ** 61700 , 1 , 606
16:43:23.272 [main] INFO  c.c.app.process.impl.Search2Impl.fillDetail  266 - ** 607 ** 61700 , 1 , 607
16:43:23.272 [main] INFO  c.c.app.process.impl.Search2Impl.searchAll  379 -  SEARCHING 61700 TOGGLE 4 ITEM FOUND 604
16:43:23.272 [main] INFO  c.c.app.process.impl.Search2Impl.fillDetail  266 - ** 608 ** 62200 , 1 , 608
16:43:23.272 [main] INFO  c.c.app.process.impl.Search2Impl.fillDetail  266 - ** 609 ** 62200 , 1 , 609
16:43:23.272 [main] INFO  c.c.app.process.impl.Search2Impl.fillDetail  266 - ** 610 ** 62200 , 1 , 610
16:43:23.273 [main] INFO  c.c.app.process.impl.Search2Impl.fillDetail  266 - ** 611 ** 62200 , 1 , 611
16:43:23.273 [main] INFO  c.c.app.process.impl.Search2Impl.fillDetail  266 - ** 612 ** 62200 , 1 , 612
16:43:23.273 [main] INFO  c.c.app.process.impl.Search2Impl.searchAll  379 -  SEARCHING 62200 TOGGLE 5 ITEM FOUND 610
16:43:23.273 [main] INFO  c.c.app.process.impl.Search2Impl.fillDetail  266 - ** 613 ** 62800 , 1 , 613
16:43:23.273 [main] INFO  c.c.app.process.impl.Search2Impl.fillDetail  266 - ** 614 ** 62800 , 1 , 614
16:43:23.274 [main] INFO  c.c.app.process.impl.Search2Impl.fillDetail  266 - ** 615 ** 62800 , 1 , 615
16:43:23.274 [main] INFO  c.c.app.process.impl.Search2Impl.fillDetail  266 - ** 616 ** 62800 , 1 , 616
16:43:23.274 [main] INFO  c.c.app.process.impl.Search2Impl.fillDetail  266 - ** 617 ** 62800 , 1 , 617
16:43:23.274 [main] INFO  c.c.app.process.impl.Search2Impl.fillDetail  266 - ** 618 ** 62800 , 1 , 618
16:43:23.274 [main] INFO  c.c.app.process.impl.Search2Impl.searchAll  379 -  SEARCHING 62800 TOGGLE 6 ITEM FOUND 616
16:43:23.275 [main] INFO  c.c.app.process.impl.Search2Impl.fillDetail  266 - ** 619 ** 63000 , 1 , 619
16:43:23.275 [main] INFO  c.c.app.process.impl.Search2Impl.fillDetail  266 - ** 620 ** 63000 , 1 , 620
16:43:23.275 [main] INFO  c.c.app.process.impl.Search2Impl.searchAll  379 -  SEARCHING 63000 TOGGLE 2 ITEM FOUND 619
16:43:23.275 [main] INFO  c.c.app.process.impl.Search2Impl.fillDetail  266 - ** 621 ** 63300 , 1 , 621
16:43:23.275 [main] INFO  c.c.app.process.impl.Search2Impl.fillDetail  266 - ** 622 ** 63300 , 1 , 622
16:43:23.276 [main] INFO  c.c.app.process.impl.Search2Impl.fillDetail  266 - ** 623 ** 63300 , 1 , 623
16:43:23.276 [main] INFO  c.c.app.process.impl.Search2Impl.searchAll  379 -  SEARCHING 63300 TOGGLE 3 ITEM FOUND 622
16:43:23.276 [main] INFO  c.c.app.process.impl.Search2Impl.fillDetail  266 - ** 624 ** 63700 , 1 , 624
16:43:23.276 [main] INFO  c.c.app.process.impl.Search2Impl.fillDetail  266 - ** 625 ** 63700 , 1 , 625
16:43:23.276 [main] INFO  c.c.app.process.impl.Search2Impl.fillDetail  266 - ** 626 ** 63700 , 1 , 626
16:43:23.277 [main] INFO  c.c.app.process.impl.Search2Impl.fillDetail  266 - ** 627 ** 63700 , 1 , 627
16:43:23.277 [main] INFO  c.c.app.process.impl.Search2Impl.searchAll  379 -  SEARCHING 63700 TOGGLE 4 ITEM FOUND 627
16:43:23.277 [main] INFO  c.c.app.process.impl.Search2Impl.fillDetail  266 - ** 628 ** 64200 , 1 , 628
16:43:23.277 [main] INFO  c.c.app.process.impl.Search2Impl.fillDetail  266 - ** 629 ** 64200 , 1 , 629
16:43:23.277 [main] INFO  c.c.app.process.impl.Search2Impl.fillDetail  266 - ** 630 ** 64200 , 1 , 630
16:43:23.278 [main] INFO  c.c.app.process.impl.Search2Impl.fillDetail  266 - ** 631 ** 64200 , 1 , 631
16:43:23.278 [main] INFO  c.c.app.process.impl.Search2Impl.fillDetail  266 - ** 632 ** 64200 , 1 , 632
16:43:23.278 [main] INFO  c.c.app.process.impl.Search2Impl.searchAll  379 -  SEARCHING 64200 TOGGLE 5 ITEM FOUND 630
16:43:23.278 [main] INFO  c.c.app.process.impl.Search2Impl.fillDetail  266 - ** 633 ** 64800 , 1 , 633
16:43:23.278 [main] INFO  c.c.app.process.impl.Search2Impl.fillDetail  266 - ** 634 ** 64800 , 1 , 634
16:43:23.278 [main] INFO  c.c.app.process.impl.Search2Impl.fillDetail  266 - ** 635 ** 64800 , 1 , 635
16:43:23.279 [main] INFO  c.c.app.process.impl.Search2Impl.fillDetail  266 - ** 636 ** 64800 , 1 , 636
16:43:23.279 [main] INFO  c.c.app.process.impl.Search2Impl.fillDetail  266 - ** 637 ** 64800 , 1 , 637
16:43:23.279 [main] INFO  c.c.app.process.impl.Search2Impl.fillDetail  266 - ** 638 ** 64800 , 1 , 638
16:43:23.279 [main] INFO  c.c.app.process.impl.Search2Impl.searchAll  379 -  SEARCHING 64800 TOGGLE 6 ITEM FOUND 633
16:43:23.279 [main] INFO  c.c.app.process.impl.Search2Impl.fillDetail  266 - ** 639 ** 65000 , 1 , 639
16:43:23.280 [main] INFO  c.c.app.process.impl.Search2Impl.fillDetail  266 - ** 640 ** 65000 , 1 , 640
16:43:23.280 [main] INFO  c.c.app.process.impl.Search2Impl.searchAll  379 -  SEARCHING 65000 TOGGLE 2 ITEM FOUND 639
16:43:23.280 [main] INFO  c.c.app.process.impl.Search2Impl.fillDetail  266 - ** 641 ** 65300 , 1 , 641
16:43:23.280 [main] INFO  c.c.app.process.impl.Search2Impl.fillDetail  266 - ** 642 ** 65300 , 1 , 642
16:43:23.280 [main] INFO  c.c.app.process.impl.Search2Impl.fillDetail  266 - ** 643 ** 65300 , 1 , 643
16:43:23.281 [main] INFO  c.c.app.process.impl.Search2Impl.searchAll  379 -  SEARCHING 65300 TOGGLE 3 ITEM FOUND 642
16:43:23.281 [main] INFO  c.c.app.process.impl.Search2Impl.fillDetail  266 - ** 644 ** 65700 , 1 , 644
16:43:23.281 [main] INFO  c.c.app.process.impl.Search2Impl.fillDetail  266 - ** 645 ** 65700 , 1 , 645
16:43:23.281 [main] INFO  c.c.app.process.impl.Search2Impl.fillDetail  266 - ** 646 ** 65700 , 1 , 646
16:43:23.281 [main] INFO  c.c.app.process.impl.Search2Impl.fillDetail  266 - ** 647 ** 65700 , 1 , 647
16:43:23.282 [main] INFO  c.c.app.process.impl.Search2Impl.searchAll  379 -  SEARCHING 65700 TOGGLE 4 ITEM FOUND 645
16:43:23.282 [main] INFO  c.c.app.process.impl.Search2Impl.fillDetail  266 - ** 648 ** 66200 , 1 , 648
16:43:23.282 [main] INFO  c.c.app.process.impl.Search2Impl.fillDetail  266 - ** 649 ** 66200 , 1 , 649
16:43:23.282 [main] INFO  c.c.app.process.impl.Search2Impl.fillDetail  266 - ** 650 ** 66200 , 1 , 650
16:43:23.282 [main] INFO  c.c.app.process.impl.Search2Impl.fillDetail  266 - ** 651 ** 66200 , 1 , 651
16:43:23.283 [main] INFO  c.c.app.process.impl.Search2Impl.fillDetail  266 - ** 652 ** 66200 , 1 , 652
16:43:23.283 [main] INFO  c.c.app.process.impl.Search2Impl.searchAll  379 -  SEARCHING 66200 TOGGLE 5 ITEM FOUND 650
16:43:23.283 [main] INFO  c.c.app.process.impl.Search2Impl.fillDetail  266 - ** 653 ** 66800 , 1 , 653
16:43:23.283 [main] INFO  c.c.app.process.impl.Search2Impl.fillDetail  266 - ** 654 ** 66800 , 1 , 654
16:43:23.283 [main] INFO  c.c.app.process.impl.Search2Impl.fillDetail  266 - ** 655 ** 66800 , 1 , 655
16:43:23.283 [main] INFO  c.c.app.process.impl.Search2Impl.fillDetail  266 - ** 656 ** 66800 , 1 , 656
16:43:23.284 [main] INFO  c.c.app.process.impl.Search2Impl.fillDetail  266 - ** 657 ** 66800 , 1 , 657
16:43:23.284 [main] INFO  c.c.app.process.impl.Search2Impl.fillDetail  266 - ** 658 ** 66800 , 1 , 658
16:43:23.284 [main] INFO  c.c.app.process.impl.Search2Impl.searchAll  379 -  SEARCHING 66800 TOGGLE 6 ITEM FOUND 656
16:43:23.284 [main] INFO  c.c.app.process.impl.Search2Impl.fillDetail  266 - ** 659 ** 67000 , 1 , 659
16:43:23.284 [main] INFO  c.c.app.process.impl.Search2Impl.fillDetail  266 - ** 660 ** 67000 , 1 , 660
16:43:23.285 [main] INFO  c.c.app.process.impl.Search2Impl.searchAll  379 -  SEARCHING 67000 TOGGLE 2 ITEM FOUND 659
16:43:23.285 [main] INFO  c.c.app.process.impl.Search2Impl.fillDetail  266 - ** 661 ** 67300 , 1 , 661
16:43:23.285 [main] INFO  c.c.app.process.impl.Search2Impl.fillDetail  266 - ** 662 ** 67300 , 1 , 662
16:43:23.285 [main] INFO  c.c.app.process.impl.Search2Impl.fillDetail  266 - ** 663 ** 67300 , 1 , 663
16:43:23.285 [main] INFO  c.c.app.process.impl.Search2Impl.searchAll  379 -  SEARCHING 67300 TOGGLE 3 ITEM FOUND 662
16:43:23.286 [main] INFO  c.c.app.process.impl.Search2Impl.fillDetail  266 - ** 664 ** 67700 , 1 , 664
16:43:23.286 [main] INFO  c.c.app.process.impl.Search2Impl.fillDetail  266 - ** 665 ** 67700 , 1 , 665
16:43:23.286 [main] INFO  c.c.app.process.impl.Search2Impl.fillDetail  266 - ** 666 ** 67700 , 1 , 666
16:43:23.286 [main] INFO  c.c.app.process.impl.Search2Impl.fillDetail  266 - ** 667 ** 67700 , 1 , 667
16:43:23.287 [main] INFO  c.c.app.process.impl.Search2Impl.searchAll  379 -  SEARCHING 67700 TOGGLE 4 ITEM FOUND 665
16:43:23.287 [main] INFO  c.c.app.process.impl.Search2Impl.fillDetail  266 - ** 668 ** 68200 , 1 , 668
16:43:23.287 [main] INFO  c.c.app.process.impl.Search2Impl.fillDetail  266 - ** 669 ** 68200 , 1 , 669
16:43:23.287 [main] INFO  c.c.app.process.impl.Search2Impl.fillDetail  266 - ** 670 ** 68200 , 1 , 670
16:43:23.287 [main] INFO  c.c.app.process.impl.Search2Impl.fillDetail  266 - ** 671 ** 68200 , 1 , 671
16:43:23.288 [main] INFO  c.c.app.process.impl.Search2Impl.fillDetail  266 - ** 672 ** 68200 , 1 , 672
16:43:23.288 [main] INFO  c.c.app.process.impl.Search2Impl.searchAll  379 -  SEARCHING 68200 TOGGLE 5 ITEM FOUND 668
16:43:23.289 [main] INFO  c.c.app.process.impl.Search2Impl.fillDetail  266 - ** 673 ** 68800 , 1 , 673
16:43:23.289 [main] INFO  c.c.app.process.impl.Search2Impl.fillDetail  266 - ** 674 ** 68800 , 1 , 674
16:43:23.289 [main] INFO  c.c.app.process.impl.Search2Impl.fillDetail  266 - ** 675 ** 68800 , 1 , 675
16:43:23.289 [main] INFO  c.c.app.process.impl.Search2Impl.fillDetail  266 - ** 676 ** 68800 , 1 , 676
16:43:23.289 [main] INFO  c.c.app.process.impl.Search2Impl.fillDetail  266 - ** 677 ** 68800 , 1 , 677
16:43:23.290 [main] INFO  c.c.app.process.impl.Search2Impl.fillDetail  266 - ** 678 ** 68800 , 1 , 678
16:43:23.290 [main] INFO  c.c.app.process.impl.Search2Impl.searchAll  379 -  SEARCHING 68800 TOGGLE 6 ITEM FOUND 673
16:43:23.290 [main] INFO  c.c.app.process.impl.Search2Impl.fillDetail  266 - ** 679 ** 69000 , 1 , 679
16:43:23.290 [main] INFO  c.c.app.process.impl.Search2Impl.fillDetail  266 - ** 680 ** 69000 , 1 , 680
16:43:23.290 [main] INFO  c.c.app.process.impl.Search2Impl.searchAll  379 -  SEARCHING 69000 TOGGLE 2 ITEM FOUND 679
16:43:23.291 [main] INFO  c.c.app.process.impl.Search2Impl.fillDetail  266 - ** 681 ** 69300 , 1 , 681
16:43:23.291 [main] INFO  c.c.app.process.impl.Search2Impl.fillDetail  266 - ** 682 ** 69300 , 1 , 682
16:43:23.291 [main] INFO  c.c.app.process.impl.Search2Impl.fillDetail  266 - ** 683 ** 69300 , 1 , 683
16:43:23.291 [main] INFO  c.c.app.process.impl.Search2Impl.searchAll  379 -  SEARCHING 69300 TOGGLE 3 ITEM FOUND 682
16:43:23.291 [main] INFO  c.c.app.process.impl.Search2Impl.fillDetail  266 - ** 684 ** 69700 , 1 , 684
16:43:23.291 [main] INFO  c.c.app.process.impl.Search2Impl.fillDetail  266 - ** 685 ** 69700 , 1 , 685
16:43:23.292 [main] INFO  c.c.app.process.impl.Search2Impl.fillDetail  266 - ** 686 ** 69700 , 1 , 686
16:43:23.292 [main] INFO  c.c.app.process.impl.Search2Impl.fillDetail  266 - ** 687 ** 69700 , 1 , 687
16:43:23.292 [main] INFO  c.c.app.process.impl.Search2Impl.searchAll  379 -  SEARCHING 69700 TOGGLE 4 ITEM FOUND 685
16:43:23.292 [main] INFO  c.c.app.process.impl.Search2Impl.fillDetail  266 - ** 688 ** 70200 , 1 , 688
16:43:23.292 [main] INFO  c.c.app.process.impl.Search2Impl.fillDetail  266 - ** 689 ** 70200 , 1 , 689
16:43:23.292 [main] INFO  c.c.app.process.impl.Search2Impl.fillDetail  266 - ** 690 ** 70200 , 1 , 690
16:43:23.292 [main] INFO  c.c.app.process.impl.Search2Impl.fillDetail  266 - ** 691 ** 70200 , 1 , 691
16:43:23.292 [main] INFO  c.c.app.process.impl.Search2Impl.fillDetail  266 - ** 692 ** 70200 , 1 , 692
16:43:23.293 [main] INFO  c.c.app.process.impl.Search2Impl.searchAll  379 -  SEARCHING 70200 TOGGLE 5 ITEM FOUND 691
16:43:23.293 [main] INFO  c.c.app.process.impl.Search2Impl.fillDetail  266 - ** 693 ** 70800 , 1 , 693
16:43:23.293 [main] INFO  c.c.app.process.impl.Search2Impl.fillDetail  266 - ** 694 ** 70800 , 1 , 694
16:43:23.293 [main] INFO  c.c.app.process.impl.Search2Impl.fillDetail  266 - ** 695 ** 70800 , 1 , 695
16:43:23.293 [main] INFO  c.c.app.process.impl.Search2Impl.fillDetail  266 - ** 696 ** 70800 , 1 , 696
16:43:23.293 [main] INFO  c.c.app.process.impl.Search2Impl.fillDetail  266 - ** 697 ** 70800 , 1 , 697
16:43:23.293 [main] INFO  c.c.app.process.impl.Search2Impl.fillDetail  266 - ** 698 ** 70800 , 1 , 698
16:43:23.293 [main] INFO  c.c.app.process.impl.Search2Impl.searchAll  379 -  SEARCHING 70800 TOGGLE 6 ITEM FOUND 696
16:43:23.293 [main] INFO  c.c.app.process.impl.Search2Impl.fillDetail  266 - ** 699 ** 71000 , 1 , 699
16:43:23.294 [main] INFO  c.c.app.process.impl.Search2Impl.fillDetail  266 - ** 700 ** 71000 , 1 , 700
16:43:23.294 [main] INFO  c.c.app.process.impl.Search2Impl.searchAll  379 -  SEARCHING 71000 TOGGLE 2 ITEM FOUND 699
16:43:23.294 [main] INFO  c.c.app.process.impl.Search2Impl.fillDetail  266 - ** 701 ** 71300 , 1 , 701
16:43:23.294 [main] INFO  c.c.app.process.impl.Search2Impl.fillDetail  266 - ** 702 ** 71300 , 1 , 702
16:43:23.294 [main] INFO  c.c.app.process.impl.Search2Impl.fillDetail  266 - ** 703 ** 71300 , 1 , 703
16:43:23.294 [main] INFO  c.c.app.process.impl.Search2Impl.searchAll  379 -  SEARCHING 71300 TOGGLE 3 ITEM FOUND 702
16:43:23.294 [main] INFO  c.c.app.process.impl.Search2Impl.fillDetail  266 - ** 704 ** 71700 , 1 , 704
16:43:23.295 [main] INFO  c.c.app.process.impl.Search2Impl.fillDetail  266 - ** 705 ** 71700 , 1 , 705
16:43:23.295 [main] INFO  c.c.app.process.impl.Search2Impl.fillDetail  266 - ** 706 ** 71700 , 1 , 706
16:43:23.295 [main] INFO  c.c.app.process.impl.Search2Impl.fillDetail  266 - ** 707 ** 71700 , 1 , 707
16:43:23.295 [main] INFO  c.c.app.process.impl.Search2Impl.searchAll  379 -  SEARCHING 71700 TOGGLE 4 ITEM FOUND 705
16:43:23.295 [main] INFO  c.c.app.process.impl.Search2Impl.fillDetail  266 - ** 708 ** 72200 , 1 , 708
16:43:23.295 [main] INFO  c.c.app.process.impl.Search2Impl.fillDetail  266 - ** 709 ** 72200 , 1 , 709
16:43:23.295 [main] INFO  c.c.app.process.impl.Search2Impl.fillDetail  266 - ** 710 ** 72200 , 1 , 710
16:43:23.295 [main] INFO  c.c.app.process.impl.Search2Impl.fillDetail  266 - ** 711 ** 72200 , 1 , 711
16:43:23.296 [main] INFO  c.c.app.process.impl.Search2Impl.fillDetail  266 - ** 712 ** 72200 , 1 , 712
16:43:23.296 [main] INFO  c.c.app.process.impl.Search2Impl.searchAll  379 -  SEARCHING 72200 TOGGLE 5 ITEM FOUND 708
16:43:23.296 [main] INFO  c.c.app.process.impl.Search2Impl.fillDetail  266 - ** 713 ** 72800 , 1 , 713
16:43:23.296 [main] INFO  c.c.app.process.impl.Search2Impl.fillDetail  266 - ** 714 ** 72800 , 1 , 714
16:43:23.296 [main] INFO  c.c.app.process.impl.Search2Impl.fillDetail  266 - ** 715 ** 72800 , 1 , 715
16:43:23.296 [main] INFO  c.c.app.process.impl.Search2Impl.fillDetail  266 - ** 716 ** 72800 , 1 , 716
16:43:23.296 [main] INFO  c.c.app.process.impl.Search2Impl.fillDetail  266 - ** 717 ** 72800 , 1 , 717
16:43:23.297 [main] INFO  c.c.app.process.impl.Search2Impl.fillDetail  266 - ** 718 ** 72800 , 1 , 718
16:43:23.297 [main] INFO  c.c.app.process.impl.Search2Impl.searchAll  379 -  SEARCHING 72800 TOGGLE 6 ITEM FOUND 714
16:43:23.297 [main] INFO  c.c.app.process.impl.Search2Impl.fillDetail  266 - ** 719 ** 73000 , 1 , 719
16:43:23.297 [main] INFO  c.c.app.process.impl.Search2Impl.fillDetail  266 - ** 720 ** 73000 , 1 , 720
16:43:23.297 [main] INFO  c.c.app.process.impl.Search2Impl.searchAll  379 -  SEARCHING 73000 TOGGLE 2 ITEM FOUND 720
16:43:23.297 [main] INFO  c.c.app.process.impl.Search2Impl.fillDetail  266 - ** 721 ** 73300 , 1 , 721
16:43:23.297 [main] INFO  c.c.app.process.impl.Search2Impl.fillDetail  266 - ** 722 ** 73300 , 1 , 722
16:43:23.297 [main] INFO  c.c.app.process.impl.Search2Impl.fillDetail  266 - ** 723 ** 73300 , 1 , 723
16:43:23.297 [main] INFO  c.c.app.process.impl.Search2Impl.searchAll  379 -  SEARCHING 73300 TOGGLE 3 ITEM FOUND 723
16:43:23.298 [main] INFO  c.c.app.process.impl.Search2Impl.fillDetail  266 - ** 724 ** 73700 , 1 , 724
16:43:23.298 [main] INFO  c.c.app.process.impl.Search2Impl.fillDetail  266 - ** 725 ** 73700 , 1 , 725
16:43:23.298 [main] INFO  c.c.app.process.impl.Search2Impl.fillDetail  266 - ** 726 ** 73700 , 1 , 726
16:43:23.298 [main] INFO  c.c.app.process.impl.Search2Impl.fillDetail  266 - ** 727 ** 73700 , 1 , 727
16:43:23.298 [main] INFO  c.c.app.process.impl.Search2Impl.searchAll  379 -  SEARCHING 73700 TOGGLE 4 ITEM FOUND 726
16:43:23.298 [main] INFO  c.c.app.process.impl.Search2Impl.fillDetail  266 - ** 728 ** 74200 , 1 , 728
16:43:23.298 [main] INFO  c.c.app.process.impl.Search2Impl.fillDetail  266 - ** 729 ** 74200 , 1 , 729
16:43:23.298 [main] INFO  c.c.app.process.impl.Search2Impl.fillDetail  266 - ** 730 ** 74200 , 1 , 730
16:43:23.299 [main] INFO  c.c.app.process.impl.Search2Impl.fillDetail  266 - ** 731 ** 74200 , 1 , 731
16:43:23.299 [main] INFO  c.c.app.process.impl.Search2Impl.fillDetail  266 - ** 732 ** 74200 , 1 , 732
16:43:23.299 [main] INFO  c.c.app.process.impl.Search2Impl.searchAll  379 -  SEARCHING 74200 TOGGLE 5 ITEM FOUND 732
16:43:23.299 [main] INFO  c.c.app.process.impl.Search2Impl.fillDetail  266 - ** 733 ** 74800 , 1 , 733
16:43:23.300 [main] INFO  c.c.app.process.impl.Search2Impl.fillDetail  266 - ** 734 ** 74800 , 1 , 734
16:43:23.300 [main] INFO  c.c.app.process.impl.Search2Impl.fillDetail  266 - ** 735 ** 74800 , 1 , 735
16:43:23.300 [main] INFO  c.c.app.process.impl.Search2Impl.fillDetail  266 - ** 736 ** 74800 , 1 , 736
16:43:23.300 [main] INFO  c.c.app.process.impl.Search2Impl.fillDetail  266 - ** 737 ** 74800 , 1 , 737
16:43:23.300 [main] INFO  c.c.app.process.impl.Search2Impl.fillDetail  266 - ** 738 ** 74800 , 1 , 738
16:43:23.300 [main] INFO  c.c.app.process.impl.Search2Impl.searchAll  379 -  SEARCHING 74800 TOGGLE 6 ITEM FOUND 738
16:43:23.300 [main] INFO  c.c.app.process.impl.Search2Impl.fillDetail  266 - ** 739 ** 75000 , 1 , 739
16:43:23.300 [main] INFO  c.c.app.process.impl.Search2Impl.fillDetail  266 - ** 740 ** 75000 , 1 , 740
16:43:23.301 [main] INFO  c.c.app.process.impl.Search2Impl.searchAll  379 -  SEARCHING 75000 TOGGLE 2 ITEM FOUND 740
16:43:23.301 [main] INFO  c.c.app.process.impl.Search2Impl.fillDetail  266 - ** 741 ** 75300 , 1 , 741
16:43:23.301 [main] INFO  c.c.app.process.impl.Search2Impl.fillDetail  266 - ** 742 ** 75300 , 1 , 742
16:43:23.301 [main] INFO  c.c.app.process.impl.Search2Impl.fillDetail  266 - ** 743 ** 75300 , 1 , 743
16:43:23.301 [main] INFO  c.c.app.process.impl.Search2Impl.searchAll  379 -  SEARCHING 75300 TOGGLE 3 ITEM FOUND 743
16:43:23.301 [main] INFO  c.c.app.process.impl.Search2Impl.fillDetail  266 - ** 744 ** 75700 , 1 , 744
16:43:23.301 [main] INFO  c.c.app.process.impl.Search2Impl.fillDetail  266 - ** 745 ** 75700 , 1 , 745
16:43:23.302 [main] INFO  c.c.app.process.impl.Search2Impl.fillDetail  266 - ** 746 ** 75700 , 1 , 746
16:43:23.302 [main] INFO  c.c.app.process.impl.Search2Impl.fillDetail  266 - ** 747 ** 75700 , 1 , 747
16:43:23.302 [main] INFO  c.c.app.process.impl.Search2Impl.searchAll  379 -  SEARCHING 75700 TOGGLE 4 ITEM FOUND 746
16:43:23.302 [main] INFO  c.c.app.process.impl.Search2Impl.fillDetail  266 - ** 748 ** 76200 , 1 , 748
16:43:23.302 [main] INFO  c.c.app.process.impl.Search2Impl.fillDetail  266 - ** 749 ** 76200 , 1 , 749
16:43:23.302 [main] INFO  c.c.app.process.impl.Search2Impl.fillDetail  266 - ** 750 ** 76200 , 1 , 750
16:43:23.302 [main] INFO  c.c.app.process.impl.Search2Impl.fillDetail  266 - ** 751 ** 76200 , 1 , 751
16:43:23.302 [main] INFO  c.c.app.process.impl.Search2Impl.fillDetail  266 - ** 752 ** 76200 , 1 , 752
16:43:23.302 [main] INFO  c.c.app.process.impl.Search2Impl.searchAll  379 -  SEARCHING 76200 TOGGLE 5 ITEM FOUND 749
16:43:23.303 [main] INFO  c.c.app.process.impl.Search2Impl.fillDetail  266 - ** 753 ** 76800 , 1 , 753
16:43:23.303 [main] INFO  c.c.app.process.impl.Search2Impl.fillDetail  266 - ** 754 ** 76800 , 1 , 754
16:43:23.303 [main] INFO  c.c.app.process.impl.Search2Impl.fillDetail  266 - ** 755 ** 76800 , 1 , 755
16:43:23.303 [main] INFO  c.c.app.process.impl.Search2Impl.fillDetail  266 - ** 756 ** 76800 , 1 , 756
16:43:23.303 [main] INFO  c.c.app.process.impl.Search2Impl.fillDetail  266 - ** 757 ** 76800 , 1 , 757
16:43:23.303 [main] INFO  c.c.app.process.impl.Search2Impl.fillDetail  266 - ** 758 ** 76800 , 1 , 758
16:43:23.303 [main] INFO  c.c.app.process.impl.Search2Impl.searchAll  379 -  SEARCHING 76800 TOGGLE 6 ITEM FOUND 755
16:43:23.303 [main] INFO  c.c.app.process.impl.Search2Impl.fillDetail  266 - ** 759 ** 77000 , 1 , 759
16:43:23.304 [main] INFO  c.c.app.process.impl.Search2Impl.fillDetail  266 - ** 760 ** 77000 , 1 , 760
16:43:23.304 [main] INFO  c.c.app.process.impl.Search2Impl.searchAll  379 -  SEARCHING 77000 TOGGLE 2 ITEM FOUND 759
16:43:23.304 [main] INFO  c.c.app.process.impl.Search2Impl.fillDetail  266 - ** 761 ** 77300 , 1 , 761
16:43:23.304 [main] INFO  c.c.app.process.impl.Search2Impl.fillDetail  266 - ** 762 ** 77300 , 1 , 762
16:43:23.304 [main] INFO  c.c.app.process.impl.Search2Impl.fillDetail  266 - ** 763 ** 77300 , 1 , 763
16:43:23.304 [main] INFO  c.c.app.process.impl.Search2Impl.searchAll  379 -  SEARCHING 77300 TOGGLE 3 ITEM FOUND 761
16:43:23.304 [main] INFO  c.c.app.process.impl.Search2Impl.fillDetail  266 - ** 764 ** 77700 , 1 , 764
16:43:23.304 [main] INFO  c.c.app.process.impl.Search2Impl.fillDetail  266 - ** 765 ** 77700 , 1 , 765
16:43:23.304 [main] INFO  c.c.app.process.impl.Search2Impl.fillDetail  266 - ** 766 ** 77700 , 1 , 766
16:43:23.305 [main] INFO  c.c.app.process.impl.Search2Impl.fillDetail  266 - ** 767 ** 77700 , 1 , 767
16:43:23.305 [main] INFO  c.c.app.process.impl.Search2Impl.searchAll  379 -  SEARCHING 77700 TOGGLE 4 ITEM FOUND 766
16:43:23.305 [main] INFO  c.c.app.process.impl.Search2Impl.fillDetail  266 - ** 768 ** 78200 , 1 , 768
16:43:23.305 [main] INFO  c.c.app.process.impl.Search2Impl.fillDetail  266 - ** 769 ** 78200 , 1 , 769
16:43:23.305 [main] INFO  c.c.app.process.impl.Search2Impl.fillDetail  266 - ** 770 ** 78200 , 1 , 770
16:43:23.305 [main] INFO  c.c.app.process.impl.Search2Impl.fillDetail  266 - ** 771 ** 78200 , 1 , 771
16:43:23.305 [main] INFO  c.c.app.process.impl.Search2Impl.fillDetail  266 - ** 772 ** 78200 , 1 , 772
16:43:23.305 [main] INFO  c.c.app.process.impl.Search2Impl.searchAll  379 -  SEARCHING 78200 TOGGLE 5 ITEM FOUND 772
16:43:23.306 [main] INFO  c.c.app.process.impl.Search2Impl.fillDetail  266 - ** 773 ** 78800 , 1 , 773
16:43:23.306 [main] INFO  c.c.app.process.impl.Search2Impl.fillDetail  266 - ** 774 ** 78800 , 1 , 774
16:43:23.306 [main] INFO  c.c.app.process.impl.Search2Impl.fillDetail  266 - ** 775 ** 78800 , 1 , 775
16:43:23.306 [main] INFO  c.c.app.process.impl.Search2Impl.fillDetail  266 - ** 776 ** 78800 , 1 , 776
16:43:23.306 [main] INFO  c.c.app.process.impl.Search2Impl.fillDetail  266 - ** 777 ** 78800 , 1 , 777
16:43:23.306 [main] INFO  c.c.app.process.impl.Search2Impl.fillDetail  266 - ** 778 ** 78800 , 1 , 778
16:43:23.306 [main] INFO  c.c.app.process.impl.Search2Impl.searchAll  379 -  SEARCHING 78800 TOGGLE 6 ITEM FOUND 778
16:43:23.306 [main] INFO  c.c.app.process.impl.Search2Impl.fillDetail  266 - ** 779 ** 79000 , 1 , 779
16:43:23.307 [main] INFO  c.c.app.process.impl.Search2Impl.fillDetail  266 - ** 780 ** 79000 , 1 , 780
16:43:23.307 [main] INFO  c.c.app.process.impl.Search2Impl.searchAll  379 -  SEARCHING 79000 TOGGLE 2 ITEM FOUND 779
16:43:23.307 [main] INFO  c.c.app.process.impl.Search2Impl.fillDetail  266 - ** 781 ** 79300 , 1 , 781
16:43:23.307 [main] INFO  c.c.app.process.impl.Search2Impl.fillDetail  266 - ** 782 ** 79300 , 1 , 782
16:43:23.307 [main] INFO  c.c.app.process.impl.Search2Impl.fillDetail  266 - ** 783 ** 79300 , 1 , 783
16:43:23.307 [main] INFO  c.c.app.process.impl.Search2Impl.searchAll  379 -  SEARCHING 79300 TOGGLE 3 ITEM FOUND 781
16:43:23.307 [main] INFO  c.c.app.process.impl.Search2Impl.fillDetail  266 - ** 784 ** 79700 , 1 , 784
16:43:23.307 [main] INFO  c.c.app.process.impl.Search2Impl.fillDetail  266 - ** 785 ** 79700 , 1 , 785
16:43:23.307 [main] INFO  c.c.app.process.impl.Search2Impl.fillDetail  266 - ** 786 ** 79700 , 1 , 786
16:43:23.308 [main] INFO  c.c.app.process.impl.Search2Impl.fillDetail  266 - ** 787 ** 79700 , 1 , 787
16:43:23.308 [main] INFO  c.c.app.process.impl.Search2Impl.searchAll  379 -  SEARCHING 79700 TOGGLE 4 ITEM FOUND 784
16:43:23.308 [main] INFO  c.c.app.process.impl.Search2Impl.fillDetail  266 - ** 788 ** 80200 , 1 , 788
16:43:23.308 [main] INFO  c.c.app.process.impl.Search2Impl.fillDetail  266 - ** 789 ** 80200 , 1 , 789
16:43:23.308 [main] INFO  c.c.app.process.impl.Search2Impl.fillDetail  266 - ** 790 ** 80200 , 1 , 790
16:43:23.308 [main] INFO  c.c.app.process.impl.Search2Impl.fillDetail  266 - ** 791 ** 80200 , 1 , 791
16:43:23.308 [main] INFO  c.c.app.process.impl.Search2Impl.fillDetail  266 - ** 792 ** 80200 , 1 , 792
16:43:23.308 [main] INFO  c.c.app.process.impl.Search2Impl.searchAll  379 -  SEARCHING 80200 TOGGLE 5 ITEM FOUND 789
16:43:23.309 [main] INFO  c.c.app.process.impl.Search2Impl.fillDetail  266 - ** 793 ** 80800 , 1 , 793
16:43:23.309 [main] INFO  c.c.app.process.impl.Search2Impl.fillDetail  266 - ** 794 ** 80800 , 1 , 794
16:43:23.309 [main] INFO  c.c.app.process.impl.Search2Impl.fillDetail  266 - ** 795 ** 80800 , 1 , 795
16:43:23.309 [main] INFO  c.c.app.process.impl.Search2Impl.fillDetail  266 - ** 796 ** 80800 , 1 , 796
16:43:23.309 [main] INFO  c.c.app.process.impl.Search2Impl.fillDetail  266 - ** 797 ** 80800 , 1 , 797
16:43:23.309 [main] INFO  c.c.app.process.impl.Search2Impl.fillDetail  266 - ** 798 ** 80800 , 1 , 798
16:43:23.309 [main] INFO  c.c.app.process.impl.Search2Impl.searchAll  379 -  SEARCHING 80800 TOGGLE 6 ITEM FOUND 795
16:43:23.309 [main] INFO  c.c.app.process.impl.Search2Impl.fillDetail  266 - ** 799 ** 81000 , 1 , 799
16:43:23.310 [main] INFO  c.c.app.process.impl.Search2Impl.fillDetail  266 - ** 800 ** 81000 , 1 , 800
16:43:23.310 [main] INFO  c.c.app.process.impl.Search2Impl.searchAll  379 -  SEARCHING 81000 TOGGLE 2 ITEM FOUND 799
16:43:23.310 [main] INFO  c.c.app.process.impl.Search2Impl.fillDetail  266 - ** 801 ** 81300 , 1 , 801
16:43:23.310 [main] INFO  c.c.app.process.impl.Search2Impl.fillDetail  266 - ** 802 ** 81300 , 1 , 802
16:43:23.311 [main] INFO  c.c.app.process.impl.Search2Impl.fillDetail  266 - ** 803 ** 81300 , 1 , 803
16:43:23.311 [main] INFO  c.c.app.process.impl.Search2Impl.searchAll  379 -  SEARCHING 81300 TOGGLE 3 ITEM FOUND 801
16:43:23.311 [main] INFO  c.c.app.process.impl.Search2Impl.fillDetail  266 - ** 804 ** 81700 , 1 , 804
16:43:23.311 [main] INFO  c.c.app.process.impl.Search2Impl.fillDetail  266 - ** 805 ** 81700 , 1 , 805
16:43:23.311 [main] INFO  c.c.app.process.impl.Search2Impl.fillDetail  266 - ** 806 ** 81700 , 1 , 806
16:43:23.311 [main] INFO  c.c.app.process.impl.Search2Impl.fillDetail  266 - ** 807 ** 81700 , 1 , 807
16:43:23.312 [main] INFO  c.c.app.process.impl.Search2Impl.searchAll  379 -  SEARCHING 81700 TOGGLE 4 ITEM FOUND 807
16:43:23.312 [main] INFO  c.c.app.process.impl.Search2Impl.fillDetail  266 - ** 808 ** 82200 , 1 , 808
16:43:23.312 [main] INFO  c.c.app.process.impl.Search2Impl.fillDetail  266 - ** 809 ** 82200 , 1 , 809
16:43:23.312 [main] INFO  c.c.app.process.impl.Search2Impl.fillDetail  266 - ** 810 ** 82200 , 1 , 810
16:43:23.312 [main] INFO  c.c.app.process.impl.Search2Impl.fillDetail  266 - ** 811 ** 82200 , 1 , 811
16:43:23.313 [main] INFO  c.c.app.process.impl.Search2Impl.fillDetail  266 - ** 812 ** 82200 , 1 , 812
16:43:23.313 [main] INFO  c.c.app.process.impl.Search2Impl.searchAll  379 -  SEARCHING 82200 TOGGLE 5 ITEM FOUND 812
16:43:23.313 [main] INFO  c.c.app.process.impl.Search2Impl.fillDetail  266 - ** 813 ** 82800 , 1 , 813
16:43:23.313 [main] INFO  c.c.app.process.impl.Search2Impl.fillDetail  266 - ** 814 ** 82800 , 1 , 814
16:43:23.313 [main] INFO  c.c.app.process.impl.Search2Impl.fillDetail  266 - ** 815 ** 82800 , 1 , 815
16:43:23.313 [main] INFO  c.c.app.process.impl.Search2Impl.fillDetail  266 - ** 816 ** 82800 , 1 , 816
16:43:23.313 [main] INFO  c.c.app.process.impl.Search2Impl.fillDetail  266 - ** 817 ** 82800 , 1 , 817
16:43:23.314 [main] INFO  c.c.app.process.impl.Search2Impl.fillDetail  266 - ** 818 ** 82800 , 1 , 818
16:43:23.314 [main] INFO  c.c.app.process.impl.Search2Impl.searchAll  379 -  SEARCHING 82800 TOGGLE 6 ITEM FOUND 818
16:43:23.314 [main] INFO  c.c.app.process.impl.Search2Impl.fillDetail  266 - ** 819 ** 83000 , 1 , 819
16:43:23.314 [main] INFO  c.c.app.process.impl.Search2Impl.fillDetail  266 - ** 820 ** 83000 , 1 , 820
16:43:23.314 [main] INFO  c.c.app.process.impl.Search2Impl.searchAll  379 -  SEARCHING 83000 TOGGLE 2 ITEM FOUND 819
16:43:23.314 [main] INFO  c.c.app.process.impl.Search2Impl.fillDetail  266 - ** 821 ** 83300 , 1 , 821
16:43:23.314 [main] INFO  c.c.app.process.impl.Search2Impl.fillDetail  266 - ** 822 ** 83300 , 1 , 822
16:43:23.314 [main] INFO  c.c.app.process.impl.Search2Impl.fillDetail  266 - ** 823 ** 83300 , 1 , 823
16:43:23.314 [main] INFO  c.c.app.process.impl.Search2Impl.searchAll  379 -  SEARCHING 83300 TOGGLE 3 ITEM FOUND 821
16:43:23.315 [main] INFO  c.c.app.process.impl.Search2Impl.fillDetail  266 - ** 824 ** 83700 , 1 , 824
16:43:23.315 [main] INFO  c.c.app.process.impl.Search2Impl.fillDetail  266 - ** 825 ** 83700 , 1 , 825
16:43:23.315 [main] INFO  c.c.app.process.impl.Search2Impl.fillDetail  266 - ** 826 ** 83700 , 1 , 826
16:43:23.315 [main] INFO  c.c.app.process.impl.Search2Impl.fillDetail  266 - ** 827 ** 83700 , 1 , 827
16:43:23.315 [main] INFO  c.c.app.process.impl.Search2Impl.searchAll  379 -  SEARCHING 83700 TOGGLE 4 ITEM FOUND 824
16:43:23.315 [main] INFO  c.c.app.process.impl.Search2Impl.fillDetail  266 - ** 828 ** 84200 , 1 , 828
16:43:23.315 [main] INFO  c.c.app.process.impl.Search2Impl.fillDetail  266 - ** 829 ** 84200 , 1 , 829
16:43:23.315 [main] INFO  c.c.app.process.impl.Search2Impl.fillDetail  266 - ** 830 ** 84200 , 1 , 830
16:43:23.315 [main] INFO  c.c.app.process.impl.Search2Impl.fillDetail  266 - ** 831 ** 84200 , 1 , 831
16:43:23.316 [main] INFO  c.c.app.process.impl.Search2Impl.fillDetail  266 - ** 832 ** 84200 , 1 , 832
16:43:23.316 [main] INFO  c.c.app.process.impl.Search2Impl.searchAll  379 -  SEARCHING 84200 TOGGLE 5 ITEM FOUND 830
16:43:23.316 [main] INFO  c.c.app.process.impl.Search2Impl.fillDetail  266 - ** 833 ** 84800 , 1 , 833
16:43:23.316 [main] INFO  c.c.app.process.impl.Search2Impl.fillDetail  266 - ** 834 ** 84800 , 1 , 834
16:43:23.316 [main] INFO  c.c.app.process.impl.Search2Impl.fillDetail  266 - ** 835 ** 84800 , 1 , 835
16:43:23.316 [main] INFO  c.c.app.process.impl.Search2Impl.fillDetail  266 - ** 836 ** 84800 , 1 , 836
16:43:23.316 [main] INFO  c.c.app.process.impl.Search2Impl.fillDetail  266 - ** 837 ** 84800 , 1 , 837
16:43:23.316 [main] INFO  c.c.app.process.impl.Search2Impl.fillDetail  266 - ** 838 ** 84800 , 1 , 838
16:43:23.317 [main] INFO  c.c.app.process.impl.Search2Impl.searchAll  379 -  SEARCHING 84800 TOGGLE 6 ITEM FOUND 835
16:43:23.317 [main] INFO  c.c.app.process.impl.Search2Impl.fillDetail  266 - ** 839 ** 85000 , 1 , 839
16:43:23.317 [main] INFO  c.c.app.process.impl.Search2Impl.fillDetail  266 - ** 840 ** 85000 , 1 , 840
16:43:23.317 [main] INFO  c.c.app.process.impl.Search2Impl.searchAll  379 -  SEARCHING 85000 TOGGLE 2 ITEM FOUND 839
16:43:23.317 [main] INFO  c.c.app.process.impl.Search2Impl.fillDetail  266 - ** 841 ** 85300 , 1 , 841
16:43:23.317 [main] INFO  c.c.app.process.impl.Search2Impl.fillDetail  266 - ** 842 ** 85300 , 1 , 842
16:43:23.317 [main] INFO  c.c.app.process.impl.Search2Impl.fillDetail  266 - ** 843 ** 85300 , 1 , 843
16:43:23.317 [main] INFO  c.c.app.process.impl.Search2Impl.searchAll  379 -  SEARCHING 85300 TOGGLE 3 ITEM FOUND 841
16:43:23.318 [main] INFO  c.c.app.process.impl.Search2Impl.fillDetail  266 - ** 844 ** 85700 , 1 , 844
16:43:23.318 [main] INFO  c.c.app.process.impl.Search2Impl.fillDetail  266 - ** 845 ** 85700 , 1 , 845
16:43:23.318 [main] INFO  c.c.app.process.impl.Search2Impl.fillDetail  266 - ** 846 ** 85700 , 1 , 846
16:43:23.318 [main] INFO  c.c.app.process.impl.Search2Impl.fillDetail  266 - ** 847 ** 85700 , 1 , 847
16:43:23.318 [main] INFO  c.c.app.process.impl.Search2Impl.searchAll  379 -  SEARCHING 85700 TOGGLE 4 ITEM FOUND 847
16:43:23.318 [main] INFO  c.c.app.process.impl.Search2Impl.fillDetail  266 - ** 848 ** 86200 , 1 , 848
16:43:23.318 [main] INFO  c.c.app.process.impl.Search2Impl.fillDetail  266 - ** 849 ** 86200 , 1 , 849
16:43:23.318 [main] INFO  c.c.app.process.impl.Search2Impl.fillDetail  266 - ** 850 ** 86200 , 1 , 850
16:43:23.318 [main] INFO  c.c.app.process.impl.Search2Impl.fillDetail  266 - ** 851 ** 86200 , 1 , 851
16:43:23.319 [main] INFO  c.c.app.process.impl.Search2Impl.fillDetail  266 - ** 852 ** 86200 , 1 , 852
16:43:23.319 [main] INFO  c.c.app.process.impl.Search2Impl.searchAll  379 -  SEARCHING 86200 TOGGLE 5 ITEM FOUND 850
16:43:23.319 [main] INFO  c.c.app.process.impl.Search2Impl.fillDetail  266 - ** 853 ** 86800 , 1 , 853
16:43:23.319 [main] INFO  c.c.app.process.impl.Search2Impl.fillDetail  266 - ** 854 ** 86800 , 1 , 854
16:43:23.319 [main] INFO  c.c.app.process.impl.Search2Impl.fillDetail  266 - ** 855 ** 86800 , 1 , 855
16:43:23.319 [main] INFO  c.c.app.process.impl.Search2Impl.fillDetail  266 - ** 856 ** 86800 , 1 , 856
16:43:23.319 [main] INFO  c.c.app.process.impl.Search2Impl.fillDetail  266 - ** 857 ** 86800 , 1 , 857
16:43:23.319 [main] INFO  c.c.app.process.impl.Search2Impl.fillDetail  266 - ** 858 ** 86800 , 1 , 858
16:43:23.319 [main] INFO  c.c.app.process.impl.Search2Impl.searchAll  379 -  SEARCHING 86800 TOGGLE 6 ITEM FOUND 853
16:43:23.320 [main] INFO  c.c.app.process.impl.Search2Impl.fillDetail  266 - ** 859 ** 87000 , 1 , 859
16:43:23.320 [main] INFO  c.c.app.process.impl.Search2Impl.fillDetail  266 - ** 860 ** 87000 , 1 , 860
16:43:23.320 [main] INFO  c.c.app.process.impl.Search2Impl.searchAll  379 -  SEARCHING 87000 TOGGLE 2 ITEM FOUND 859
16:43:23.320 [main] INFO  c.c.app.process.impl.Search2Impl.fillDetail  266 - ** 861 ** 87300 , 1 , 861
16:43:23.320 [main] INFO  c.c.app.process.impl.Search2Impl.fillDetail  266 - ** 862 ** 87300 , 1 , 862
16:43:23.320 [main] INFO  c.c.app.process.impl.Search2Impl.fillDetail  266 - ** 863 ** 87300 , 1 , 863
16:43:23.320 [main] INFO  c.c.app.process.impl.Search2Impl.searchAll  379 -  SEARCHING 87300 TOGGLE 3 ITEM FOUND 861
16:43:23.320 [main] INFO  c.c.app.process.impl.Search2Impl.fillDetail  266 - ** 864 ** 87700 , 1 , 864
16:43:23.321 [main] INFO  c.c.app.process.impl.Search2Impl.fillDetail  266 - ** 865 ** 87700 , 1 , 865
16:43:23.321 [main] INFO  c.c.app.process.impl.Search2Impl.fillDetail  266 - ** 866 ** 87700 , 1 , 866
16:43:23.321 [main] INFO  c.c.app.process.impl.Search2Impl.fillDetail  266 - ** 867 ** 87700 , 1 , 867
16:43:23.321 [main] INFO  c.c.app.process.impl.Search2Impl.searchAll  379 -  SEARCHING 87700 TOGGLE 4 ITEM FOUND 864
16:43:23.322 [main] INFO  c.c.app.process.impl.Search2Impl.fillDetail  266 - ** 868 ** 88200 , 1 , 868
16:43:23.322 [main] INFO  c.c.app.process.impl.Search2Impl.fillDetail  266 - ** 869 ** 88200 , 1 , 869
16:43:23.322 [main] INFO  c.c.app.process.impl.Search2Impl.fillDetail  266 - ** 870 ** 88200 , 1 , 870
16:43:23.322 [main] INFO  c.c.app.process.impl.Search2Impl.fillDetail  266 - ** 871 ** 88200 , 1 , 871
16:43:23.322 [main] INFO  c.c.app.process.impl.Search2Impl.fillDetail  266 - ** 872 ** 88200 , 1 , 872
16:43:23.322 [main] INFO  c.c.app.process.impl.Search2Impl.searchAll  379 -  SEARCHING 88200 TOGGLE 5 ITEM FOUND 870
16:43:23.322 [main] INFO  c.c.app.process.impl.Search2Impl.fillDetail  266 - ** 873 ** 88800 , 1 , 873
16:43:23.322 [main] INFO  c.c.app.process.impl.Search2Impl.fillDetail  266 - ** 874 ** 88800 , 1 , 874
16:43:23.322 [main] INFO  c.c.app.process.impl.Search2Impl.fillDetail  266 - ** 875 ** 88800 , 1 , 875
16:43:23.323 [main] INFO  c.c.app.process.impl.Search2Impl.fillDetail  266 - ** 876 ** 88800 , 1 , 876
16:43:23.323 [main] INFO  c.c.app.process.impl.Search2Impl.fillDetail  266 - ** 877 ** 88800 , 1 , 877
16:43:23.323 [main] INFO  c.c.app.process.impl.Search2Impl.fillDetail  266 - ** 878 ** 88800 , 1 , 878
16:43:23.323 [main] INFO  c.c.app.process.impl.Search2Impl.searchAll  379 -  SEARCHING 88800 TOGGLE 6 ITEM FOUND 876
16:43:23.323 [main] INFO  c.c.app.process.impl.Search2Impl.fillDetail  266 - ** 879 ** 89000 , 1 , 879
16:43:23.323 [main] INFO  c.c.app.process.impl.Search2Impl.fillDetail  266 - ** 880 ** 89000 , 1 , 880
16:43:23.323 [main] INFO  c.c.app.process.impl.Search2Impl.searchAll  379 -  SEARCHING 89000 TOGGLE 2 ITEM FOUND 879
16:43:23.323 [main] INFO  c.c.app.process.impl.Search2Impl.fillDetail  266 - ** 881 ** 89300 , 1 , 881
16:43:23.324 [main] INFO  c.c.app.process.impl.Search2Impl.fillDetail  266 - ** 882 ** 89300 , 1 , 882
16:43:23.324 [main] INFO  c.c.app.process.impl.Search2Impl.fillDetail  266 - ** 883 ** 89300 , 1 , 883
16:43:23.324 [main] INFO  c.c.app.process.impl.Search2Impl.searchAll  379 -  SEARCHING 89300 TOGGLE 3 ITEM FOUND 881
16:43:23.324 [main] INFO  c.c.app.process.impl.Search2Impl.fillDetail  266 - ** 884 ** 89700 , 1 , 884
16:43:23.324 [main] INFO  c.c.app.process.impl.Search2Impl.fillDetail  266 - ** 885 ** 89700 , 1 , 885
16:43:23.324 [main] INFO  c.c.app.process.impl.Search2Impl.fillDetail  266 - ** 886 ** 89700 , 1 , 886
16:43:23.325 [main] INFO  c.c.app.process.impl.Search2Impl.fillDetail  266 - ** 887 ** 89700 , 1 , 887
16:43:23.325 [main] INFO  c.c.app.process.impl.Search2Impl.searchAll  379 -  SEARCHING 89700 TOGGLE 4 ITEM FOUND 887
16:43:23.325 [main] INFO  c.c.app.process.impl.Search2Impl.fillDetail  266 - ** 888 ** 90200 , 1 , 888
16:43:23.325 [main] INFO  c.c.app.process.impl.Search2Impl.fillDetail  266 - ** 889 ** 90200 , 1 , 889
16:43:23.325 [main] INFO  c.c.app.process.impl.Search2Impl.fillDetail  266 - ** 890 ** 90200 , 1 , 890
16:43:23.325 [main] INFO  c.c.app.process.impl.Search2Impl.fillDetail  266 - ** 891 ** 90200 , 1 , 891
16:43:23.325 [main] INFO  c.c.app.process.impl.Search2Impl.fillDetail  266 - ** 892 ** 90200 , 1 , 892
16:43:23.326 [main] INFO  c.c.app.process.impl.Search2Impl.searchAll  379 -  SEARCHING 90200 TOGGLE 5 ITEM FOUND 890
16:43:23.326 [main] INFO  c.c.app.process.impl.Search2Impl.fillDetail  266 - ** 893 ** 90800 , 1 , 893
16:43:23.326 [main] INFO  c.c.app.process.impl.Search2Impl.fillDetail  266 - ** 894 ** 90800 , 1 , 894
16:43:23.326 [main] INFO  c.c.app.process.impl.Search2Impl.fillDetail  266 - ** 895 ** 90800 , 1 , 895
16:43:23.326 [main] INFO  c.c.app.process.impl.Search2Impl.fillDetail  266 - ** 896 ** 90800 , 1 , 896
16:43:23.326 [main] INFO  c.c.app.process.impl.Search2Impl.fillDetail  266 - ** 897 ** 90800 , 1 , 897
16:43:23.326 [main] INFO  c.c.app.process.impl.Search2Impl.fillDetail  266 - ** 898 ** 90800 , 1 , 898
16:43:23.326 [main] INFO  c.c.app.process.impl.Search2Impl.searchAll  379 -  SEARCHING 90800 TOGGLE 6 ITEM FOUND 893
16:43:23.327 [main] INFO  c.c.app.process.impl.Search2Impl.fillDetail  266 - ** 899 ** 91000 , 1 , 899
16:43:23.327 [main] INFO  c.c.app.process.impl.Search2Impl.fillDetail  266 - ** 900 ** 91000 , 1 , 900
16:43:23.327 [main] INFO  c.c.app.process.impl.Search2Impl.searchAll  379 -  SEARCHING 91000 TOGGLE 2 ITEM FOUND 899
16:43:23.327 [main] INFO  c.c.app.process.impl.Search2Impl.fillDetail  266 - ** 901 ** 91300 , 1 , 901
16:43:23.327 [main] INFO  c.c.app.process.impl.Search2Impl.fillDetail  266 - ** 902 ** 91300 , 1 , 902
16:43:23.327 [main] INFO  c.c.app.process.impl.Search2Impl.fillDetail  266 - ** 903 ** 91300 , 1 , 903
16:43:23.327 [main] INFO  c.c.app.process.impl.Search2Impl.searchAll  379 -  SEARCHING 91300 TOGGLE 3 ITEM FOUND 901
16:43:23.328 [main] INFO  c.c.app.process.impl.Search2Impl.fillDetail  266 - ** 904 ** 91700 , 1 , 904
16:43:23.328 [main] INFO  c.c.app.process.impl.Search2Impl.fillDetail  266 - ** 905 ** 91700 , 1 , 905
16:43:23.328 [main] INFO  c.c.app.process.impl.Search2Impl.fillDetail  266 - ** 906 ** 91700 , 1 , 906
16:43:23.328 [main] INFO  c.c.app.process.impl.Search2Impl.fillDetail  266 - ** 907 ** 91700 , 1 , 907
16:43:23.328 [main] INFO  c.c.app.process.impl.Search2Impl.searchAll  379 -  SEARCHING 91700 TOGGLE 4 ITEM FOUND 904
16:43:23.328 [main] INFO  c.c.app.process.impl.Search2Impl.fillDetail  266 - ** 908 ** 92200 , 1 , 908
16:43:23.328 [main] INFO  c.c.app.process.impl.Search2Impl.fillDetail  266 - ** 909 ** 92200 , 1 , 909
16:43:23.328 [main] INFO  c.c.app.process.impl.Search2Impl.fillDetail  266 - ** 910 ** 92200 , 1 , 910
16:43:23.329 [main] INFO  c.c.app.process.impl.Search2Impl.fillDetail  266 - ** 911 ** 92200 , 1 , 911
16:43:23.329 [main] INFO  c.c.app.process.impl.Search2Impl.fillDetail  266 - ** 912 ** 92200 , 1 , 912
16:43:23.329 [main] INFO  c.c.app.process.impl.Search2Impl.searchAll  379 -  SEARCHING 92200 TOGGLE 5 ITEM FOUND 910
16:43:23.329 [main] INFO  c.c.app.process.impl.Search2Impl.fillDetail  266 - ** 913 ** 92800 , 1 , 913
16:43:23.329 [main] INFO  c.c.app.process.impl.Search2Impl.fillDetail  266 - ** 914 ** 92800 , 1 , 914
16:43:23.329 [main] INFO  c.c.app.process.impl.Search2Impl.fillDetail  266 - ** 915 ** 92800 , 1 , 915
16:43:23.329 [main] INFO  c.c.app.process.impl.Search2Impl.fillDetail  266 - ** 916 ** 92800 , 1 , 916
16:43:23.329 [main] INFO  c.c.app.process.impl.Search2Impl.fillDetail  266 - ** 917 ** 92800 , 1 , 917
16:43:23.330 [main] INFO  c.c.app.process.impl.Search2Impl.fillDetail  266 - ** 918 ** 92800 , 1 , 918
16:43:23.330 [main] INFO  c.c.app.process.impl.Search2Impl.searchAll  379 -  SEARCHING 92800 TOGGLE 6 ITEM FOUND 916
16:43:23.330 [main] INFO  c.c.app.process.impl.Search2Impl.fillDetail  266 - ** 919 ** 93000 , 1 , 919
16:43:23.330 [main] INFO  c.c.app.process.impl.Search2Impl.fillDetail  266 - ** 920 ** 93000 , 1 , 920
16:43:23.330 [main] INFO  c.c.app.process.impl.Search2Impl.searchAll  379 -  SEARCHING 93000 TOGGLE 2 ITEM FOUND 919
16:43:23.330 [main] INFO  c.c.app.process.impl.Search2Impl.fillDetail  266 - ** 921 ** 93300 , 1 , 921
16:43:23.330 [main] INFO  c.c.app.process.impl.Search2Impl.fillDetail  266 - ** 922 ** 93300 , 1 , 922
16:43:23.330 [main] INFO  c.c.app.process.impl.Search2Impl.fillDetail  266 - ** 923 ** 93300 , 1 , 923
16:43:23.331 [main] INFO  c.c.app.process.impl.Search2Impl.searchAll  379 -  SEARCHING 93300 TOGGLE 3 ITEM FOUND 922
16:43:23.331 [main] INFO  c.c.app.process.impl.Search2Impl.fillDetail  266 - ** 924 ** 93700 , 1 , 924
16:43:23.331 [main] INFO  c.c.app.process.impl.Search2Impl.fillDetail  266 - ** 925 ** 93700 , 1 , 925
16:43:23.331 [main] INFO  c.c.app.process.impl.Search2Impl.fillDetail  266 - ** 926 ** 93700 , 1 , 926
16:43:23.331 [main] INFO  c.c.app.process.impl.Search2Impl.fillDetail  266 - ** 927 ** 93700 , 1 , 927
16:43:23.332 [main] INFO  c.c.app.process.impl.Search2Impl.searchAll  379 -  SEARCHING 93700 TOGGLE 4 ITEM FOUND 927
16:43:23.332 [main] INFO  c.c.app.process.impl.Search2Impl.fillDetail  266 - ** 928 ** 94200 , 1 , 928
16:43:23.332 [main] INFO  c.c.app.process.impl.Search2Impl.fillDetail  266 - ** 929 ** 94200 , 1 , 929
16:43:23.332 [main] INFO  c.c.app.process.impl.Search2Impl.fillDetail  266 - ** 930 ** 94200 , 1 , 930
16:43:23.332 [main] INFO  c.c.app.process.impl.Search2Impl.fillDetail  266 - ** 931 ** 94200 , 1 , 931
16:43:23.332 [main] INFO  c.c.app.process.impl.Search2Impl.fillDetail  266 - ** 932 ** 94200 , 1 , 932
16:43:23.333 [main] INFO  c.c.app.process.impl.Search2Impl.searchAll  379 -  SEARCHING 94200 TOGGLE 5 ITEM FOUND 930
16:43:23.333 [main] INFO  c.c.app.process.impl.Search2Impl.fillDetail  266 - ** 933 ** 94800 , 1 , 933
16:43:23.333 [main] INFO  c.c.app.process.impl.Search2Impl.fillDetail  266 - ** 934 ** 94800 , 1 , 934
16:43:23.333 [main] INFO  c.c.app.process.impl.Search2Impl.fillDetail  266 - ** 935 ** 94800 , 1 , 935
16:43:23.333 [main] INFO  c.c.app.process.impl.Search2Impl.fillDetail  266 - ** 936 ** 94800 , 1 , 936
16:43:23.333 [main] INFO  c.c.app.process.impl.Search2Impl.fillDetail  266 - ** 937 ** 94800 , 1 , 937
16:43:23.333 [main] INFO  c.c.app.process.impl.Search2Impl.fillDetail  266 - ** 938 ** 94800 , 1 , 938
16:43:23.334 [main] INFO  c.c.app.process.impl.Search2Impl.searchAll  379 -  SEARCHING 94800 TOGGLE 6 ITEM FOUND 933
16:43:23.334 [main] INFO  c.c.app.process.impl.Search2Impl.fillDetail  266 - ** 939 ** 95000 , 1 , 939
16:43:23.334 [main] INFO  c.c.app.process.impl.Search2Impl.fillDetail  266 - ** 940 ** 95000 , 1 , 940
16:43:23.334 [main] INFO  c.c.app.process.impl.Search2Impl.searchAll  379 -  SEARCHING 95000 TOGGLE 2 ITEM FOUND 939
16:43:23.334 [main] INFO  c.c.app.process.impl.Search2Impl.fillDetail  266 - ** 941 ** 95300 , 1 , 941
16:43:23.334 [main] INFO  c.c.app.process.impl.Search2Impl.fillDetail  266 - ** 942 ** 95300 , 1 , 942
16:43:23.334 [main] INFO  c.c.app.process.impl.Search2Impl.fillDetail  266 - ** 943 ** 95300 , 1 , 943
16:43:23.334 [main] INFO  c.c.app.process.impl.Search2Impl.searchAll  379 -  SEARCHING 95300 TOGGLE 3 ITEM FOUND 942
16:43:23.334 [main] INFO  c.c.app.process.impl.Search2Impl.fillDetail  266 - ** 944 ** 95700 , 1 , 944
16:43:23.335 [main] INFO  c.c.app.process.impl.Search2Impl.fillDetail  266 - ** 945 ** 95700 , 1 , 945
16:43:23.335 [main] INFO  c.c.app.process.impl.Search2Impl.fillDetail  266 - ** 946 ** 95700 , 1 , 946
16:43:23.335 [main] INFO  c.c.app.process.impl.Search2Impl.fillDetail  266 - ** 947 ** 95700 , 1 , 947
16:43:23.335 [main] INFO  c.c.app.process.impl.Search2Impl.searchAll  379 -  SEARCHING 95700 TOGGLE 4 ITEM FOUND 945
16:43:23.335 [main] INFO  c.c.app.process.impl.Search2Impl.fillDetail  266 - ** 948 ** 96200 , 1 , 948
16:43:23.335 [main] INFO  c.c.app.process.impl.Search2Impl.fillDetail  266 - ** 949 ** 96200 , 1 , 949
16:43:23.335 [main] INFO  c.c.app.process.impl.Search2Impl.fillDetail  266 - ** 950 ** 96200 , 1 , 950
16:43:23.335 [main] INFO  c.c.app.process.impl.Search2Impl.fillDetail  266 - ** 951 ** 96200 , 1 , 951
16:43:23.336 [main] INFO  c.c.app.process.impl.Search2Impl.fillDetail  266 - ** 952 ** 96200 , 1 , 952
16:43:23.336 [main] INFO  c.c.app.process.impl.Search2Impl.searchAll  379 -  SEARCHING 96200 TOGGLE 5 ITEM FOUND 950
16:43:23.336 [main] INFO  c.c.app.process.impl.Search2Impl.fillDetail  266 - ** 953 ** 96800 , 1 , 953
16:43:23.336 [main] INFO  c.c.app.process.impl.Search2Impl.fillDetail  266 - ** 954 ** 96800 , 1 , 954
16:43:23.336 [main] INFO  c.c.app.process.impl.Search2Impl.fillDetail  266 - ** 955 ** 96800 , 1 , 955
16:43:23.336 [main] INFO  c.c.app.process.impl.Search2Impl.fillDetail  266 - ** 956 ** 96800 , 1 , 956
16:43:23.337 [main] INFO  c.c.app.process.impl.Search2Impl.fillDetail  266 - ** 957 ** 96800 , 1 , 957
16:43:23.337 [main] INFO  c.c.app.process.impl.Search2Impl.fillDetail  266 - ** 958 ** 96800 , 1 , 958
16:43:23.337 [main] INFO  c.c.app.process.impl.Search2Impl.searchAll  379 -  SEARCHING 96800 TOGGLE 6 ITEM FOUND 956
16:43:23.337 [main] INFO  c.c.app.process.impl.Search2Impl.fillDetail  266 - ** 959 ** 97000 , 1 , 959
16:43:23.337 [main] INFO  c.c.app.process.impl.Search2Impl.fillDetail  266 - ** 960 ** 97000 , 1 , 960
16:43:23.338 [main] INFO  c.c.app.process.impl.Search2Impl.searchAll  379 -  SEARCHING 97000 TOGGLE 2 ITEM FOUND 959
16:43:23.338 [main] INFO  c.c.app.process.impl.Search2Impl.fillDetail  266 - ** 961 ** 97300 , 1 , 961
16:43:23.338 [main] INFO  c.c.app.process.impl.Search2Impl.fillDetail  266 - ** 962 ** 97300 , 1 , 962
16:43:23.338 [main] INFO  c.c.app.process.impl.Search2Impl.fillDetail  266 - ** 963 ** 97300 , 1 , 963
16:43:23.338 [main] INFO  c.c.app.process.impl.Search2Impl.searchAll  379 -  SEARCHING 97300 TOGGLE 3 ITEM FOUND 962
16:43:23.338 [main] INFO  c.c.app.process.impl.Search2Impl.fillDetail  266 - ** 964 ** 97700 , 1 , 964
16:43:23.339 [main] INFO  c.c.app.process.impl.Search2Impl.fillDetail  266 - ** 965 ** 97700 , 1 , 965
16:43:23.339 [main] INFO  c.c.app.process.impl.Search2Impl.fillDetail  266 - ** 966 ** 97700 , 1 , 966
16:43:23.339 [main] INFO  c.c.app.process.impl.Search2Impl.fillDetail  266 - ** 967 ** 97700 , 1 , 967
16:43:23.339 [main] INFO  c.c.app.process.impl.Search2Impl.searchAll  379 -  SEARCHING 97700 TOGGLE 4 ITEM FOUND 965
16:43:23.339 [main] INFO  c.c.app.process.impl.Search2Impl.fillDetail  266 - ** 968 ** 98200 , 1 , 968
16:43:23.340 [main] INFO  c.c.app.process.impl.Search2Impl.fillDetail  266 - ** 969 ** 98200 , 1 , 969
16:43:23.340 [main] INFO  c.c.app.process.impl.Search2Impl.fillDetail  266 - ** 970 ** 98200 , 1 , 970
16:43:23.340 [main] INFO  c.c.app.process.impl.Search2Impl.fillDetail  266 - ** 971 ** 98200 , 1 , 971
16:43:23.340 [main] INFO  c.c.app.process.impl.Search2Impl.fillDetail  266 - ** 972 ** 98200 , 1 , 972
16:43:23.340 [main] INFO  c.c.app.process.impl.Search2Impl.searchAll  379 -  SEARCHING 98200 TOGGLE 5 ITEM FOUND 968
16:43:23.340 [main] INFO  c.c.app.process.impl.Search2Impl.fillDetail  266 - ** 973 ** 98800 , 1 , 973
16:43:23.340 [main] INFO  c.c.app.process.impl.Search2Impl.fillDetail  266 - ** 974 ** 98800 , 1 , 974
16:43:23.340 [main] INFO  c.c.app.process.impl.Search2Impl.fillDetail  266 - ** 975 ** 98800 , 1 , 975
16:43:23.340 [main] INFO  c.c.app.process.impl.Search2Impl.fillDetail  266 - ** 976 ** 98800 , 1 , 976
16:43:23.341 [main] INFO  c.c.app.process.impl.Search2Impl.fillDetail  266 - ** 977 ** 98800 , 1 , 977
16:43:23.341 [main] INFO  c.c.app.process.impl.Search2Impl.fillDetail  266 - ** 978 ** 98800 , 1 , 978
16:43:23.341 [main] INFO  c.c.app.process.impl.Search2Impl.searchAll  379 -  SEARCHING 98800 TOGGLE 6 ITEM FOUND 973
16:43:23.341 [main] INFO  c.c.app.process.impl.Search2Impl.fillDetail  266 - ** 979 ** 99000 , 1 , 979
16:43:23.341 [main] INFO  c.c.app.process.impl.Search2Impl.fillDetail  266 - ** 980 ** 99000 , 1 , 980
16:43:23.341 [main] INFO  c.c.app.process.impl.Search2Impl.searchAll  379 -  SEARCHING 99000 TOGGLE 2 ITEM FOUND 979
16:43:23.341 [main] INFO  c.c.app.process.impl.Search2Impl.fillDetail  266 - ** 981 ** 99300 , 1 , 981
16:43:23.342 [main] INFO  c.c.app.process.impl.Search2Impl.fillDetail  266 - ** 982 ** 99300 , 1 , 982
16:43:23.342 [main] INFO  c.c.app.process.impl.Search2Impl.fillDetail  266 - ** 983 ** 99300 , 1 , 983
16:43:23.342 [main] INFO  c.c.app.process.impl.Search2Impl.searchAll  379 -  SEARCHING 99300 TOGGLE 3 ITEM FOUND 982
16:43:23.342 [main] INFO  c.c.app.process.impl.Search2Impl.fillDetail  266 - ** 984 ** 99700 , 1 , 984
16:43:23.342 [main] INFO  c.c.app.process.impl.Search2Impl.fillDetail  266 - ** 985 ** 99700 , 1 , 985
16:43:23.342 [main] INFO  c.c.app.process.impl.Search2Impl.fillDetail  266 - ** 986 ** 99700 , 1 , 986
16:43:23.342 [main] INFO  c.c.app.process.impl.Search2Impl.fillDetail  266 - ** 987 ** 99700 , 1 , 987
16:43:23.342 [main] INFO  c.c.app.process.impl.Search2Impl.searchAll  379 -  SEARCHING 99700 TOGGLE 4 ITEM FOUND 985
16:43:23.342 [main] INFO  c.c.app.process.impl.Search2Impl.fillDetail  266 - ** 988 ** 100200 , 1 , 988
16:43:23.343 [main] INFO  c.c.app.process.impl.Search2Impl.fillDetail  266 - ** 989 ** 100200 , 1 , 989
16:43:23.343 [main] INFO  c.c.app.process.impl.Search2Impl.fillDetail  266 - ** 990 ** 100200 , 1 , 990
16:43:23.343 [main] INFO  c.c.app.process.impl.Search2Impl.fillDetail  266 - ** 991 ** 100200 , 1 , 991
16:43:23.343 [main] INFO  c.c.app.process.impl.Search2Impl.fillDetail  266 - ** 992 ** 100200 , 1 , 992
16:43:23.343 [main] INFO  c.c.app.process.impl.Search2Impl.searchAll  379 -  SEARCHING 100200 TOGGLE 5 ITEM FOUND 991
16:43:23.343 [main] INFO  c.c.app.process.impl.Search2Impl.fillDetail  266 - ** 993 ** 100800 , 1 , 993
16:43:23.343 [main] INFO  c.c.app.process.impl.Search2Impl.fillDetail  266 - ** 994 ** 100800 , 1 , 994
16:43:23.343 [main] INFO  c.c.app.process.impl.Search2Impl.fillDetail  266 - ** 995 ** 100800 , 1 , 995
16:43:23.343 [main] INFO  c.c.app.process.impl.Search2Impl.fillDetail  266 - ** 996 ** 100800 , 1 , 996
16:43:23.344 [main] INFO  c.c.app.process.impl.Search2Impl.fillDetail  266 - ** 997 ** 100800 , 1 , 997
16:43:23.344 [main] INFO  c.c.app.process.impl.Search2Impl.fillDetail  266 - ** 998 ** 100800 , 1 , 998
16:43:23.344 [main] INFO  c.c.app.process.impl.Search2Impl.searchAll  379 -  SEARCHING 100800 TOGGLE 6 ITEM FOUND 996
16:43:23.344 [main] INFO  c.c.app.process.impl.Search2Impl.fillDetail  266 - ** 999 ** 101000 , 1 , 999
16:43:23.344 [main] INFO  c.c.app.process.impl.Search2Impl.fillDetail  266 - ** 1000 ** 101000 , 1 , 1000
16:43:23.344 [main] INFO  c.c.app.process.impl.Search2Impl.searchAll  379 -  SEARCHING 101000 TOGGLE 2 ITEM FOUND 999
16:43:23.344 [main] INFO  c.c.app.process.impl.Search2Impl.fillDetail  266 - ** 1001 ** 101300 , 1 , 1001
16:43:23.344 [main] INFO  c.c.app.process.impl.Search2Impl.fillDetail  266 - ** 1002 ** 101300 , 1 , 1002
16:43:23.344 [main] INFO  c.c.app.process.impl.Search2Impl.fillDetail  266 - ** 1003 ** 101300 , 1 , 1003
16:43:23.345 [main] INFO  c.c.app.process.impl.Search2Impl.searchAll  379 -  SEARCHING 101300 TOGGLE 3 ITEM FOUND 1002
16:43:23.345 [main] INFO  c.c.app.process.impl.Search2Impl.fillDetail  266 - ** 1004 ** 101700 , 1 , 1004
16:43:23.345 [main] INFO  c.c.app.process.impl.Search2Impl.fillDetail  266 - ** 1005 ** 101700 , 1 , 1005
16:43:23.345 [main] INFO  c.c.app.process.impl.Search2Impl.fillDetail  266 - ** 1006 ** 101700 , 1 , 1006
16:43:23.345 [main] INFO  c.c.app.process.impl.Search2Impl.fillDetail  266 - ** 1007 ** 101700 , 1 , 1007
16:43:23.345 [main] INFO  c.c.app.process.impl.Search2Impl.searchAll  379 -  SEARCHING 101700 TOGGLE 4 ITEM FOUND 1005
16:43:23.345 [main] INFO  c.c.app.process.impl.Search2Impl.fillDetail  266 - ** 1008 ** 102200 , 1 , 1008
16:43:23.345 [main] INFO  c.c.app.process.impl.Search2Impl.fillDetail  266 - ** 1009 ** 102200 , 1 , 1009
16:43:23.345 [main] INFO  c.c.app.process.impl.Search2Impl.fillDetail  266 - ** 1010 ** 102200 , 1 , 1010
16:43:23.346 [main] INFO  c.c.app.process.impl.Search2Impl.fillDetail  266 - ** 1011 ** 102200 , 1 , 1011
16:43:23.346 [main] INFO  c.c.app.process.impl.Search2Impl.fillDetail  266 - ** 1012 ** 102200 , 1 , 1012
16:43:23.346 [main] INFO  c.c.app.process.impl.Search2Impl.searchAll  379 -  SEARCHING 102200 TOGGLE 5 ITEM FOUND 1008
16:43:23.346 [main] INFO  c.c.app.process.impl.Search2Impl.fillDetail  266 - ** 1013 ** 102800 , 1 , 1013
16:43:23.346 [main] INFO  c.c.app.process.impl.Search2Impl.fillDetail  266 - ** 1014 ** 102800 , 1 , 1014
16:43:23.346 [main] INFO  c.c.app.process.impl.Search2Impl.fillDetail  266 - ** 1015 ** 102800 , 1 , 1015
16:43:23.346 [main] INFO  c.c.app.process.impl.Search2Impl.fillDetail  266 - ** 1016 ** 102800 , 1 , 1016
16:43:23.346 [main] INFO  c.c.app.process.impl.Search2Impl.fillDetail  266 - ** 1017 ** 102800 , 1 , 1017
16:43:23.347 [main] INFO  c.c.app.process.impl.Search2Impl.fillDetail  266 - ** 1018 ** 102800 , 1 , 1018
16:43:23.347 [main] INFO  c.c.app.process.impl.Search2Impl.searchAll  379 -  SEARCHING 102800 TOGGLE 6 ITEM FOUND 1014
16:43:23.347 [main] INFO  c.c.app.process.impl.Search2Impl.fillDetail  266 - ** 1019 ** 103000 , 1 , 1019
16:43:23.347 [main] INFO  c.c.app.process.impl.Search2Impl.fillDetail  266 - ** 1020 ** 103000 , 1 , 1020
16:43:23.347 [main] INFO  c.c.app.process.impl.Search2Impl.searchAll  379 -  SEARCHING 103000 TOGGLE 2 ITEM FOUND 1019
16:43:23.347 [main] INFO  c.c.app.process.impl.Search2Impl.fillDetail  266 - ** 1021 ** 103300 , 1 , 1021
16:43:23.347 [main] INFO  c.c.app.process.impl.Search2Impl.fillDetail  266 - ** 1022 ** 103300 , 1 , 1022
16:43:23.348 [main] INFO  c.c.app.process.impl.Search2Impl.fillDetail  266 - ** 1023 ** 103300 , 1 , 1023
16:43:23.348 [main] INFO  c.c.app.process.impl.Search2Impl.searchAll  379 -  SEARCHING 103300 TOGGLE 3 ITEM FOUND 1022
16:43:23.348 [main] INFO  c.c.app.process.impl.Search2Impl.fillDetail  266 - ** 1024 ** 103700 , 1 , 1024
16:43:23.348 [main] INFO  c.c.app.process.impl.Search2Impl.fillDetail  266 - ** 1025 ** 103700 , 1 , 1025
16:43:23.348 [main] INFO  c.c.app.process.impl.Search2Impl.fillDetail  266 - ** 1026 ** 103700 , 1 , 1026
16:43:23.348 [main] INFO  c.c.app.process.impl.Search2Impl.fillDetail  266 - ** 1027 ** 103700 , 1 , 1027
16:43:23.348 [main] INFO  c.c.app.process.impl.Search2Impl.searchAll  379 -  SEARCHING 103700 TOGGLE 4 ITEM FOUND 1025
16:43:23.348 [main] INFO  c.c.app.process.impl.Search2Impl.fillDetail  266 - ** 1028 ** 104200 , 1 , 1028
16:43:23.348 [main] INFO  c.c.app.process.impl.Search2Impl.fillDetail  266 - ** 1029 ** 104200 , 1 , 1029
16:43:23.349 [main] INFO  c.c.app.process.impl.Search2Impl.fillDetail  266 - ** 1030 ** 104200 , 1 , 1030
16:43:23.349 [main] INFO  c.c.app.process.impl.Search2Impl.fillDetail  266 - ** 1031 ** 104200 , 1 , 1031
16:43:23.349 [main] INFO  c.c.app.process.impl.Search2Impl.fillDetail  266 - ** 1032 ** 104200 , 1 , 1032
16:43:23.349 [main] INFO  c.c.app.process.impl.Search2Impl.searchAll  379 -  SEARCHING 104200 TOGGLE 5 ITEM FOUND 1031
16:43:23.349 [main] INFO  c.c.app.process.impl.Search2Impl.fillDetail  266 - ** 1033 ** 104800 , 1 , 1033
16:43:23.349 [main] INFO  c.c.app.process.impl.Search2Impl.fillDetail  266 - ** 1034 ** 104800 , 1 , 1034
16:43:23.349 [main] INFO  c.c.app.process.impl.Search2Impl.fillDetail  266 - ** 1035 ** 104800 , 1 , 1035
16:43:23.349 [main] INFO  c.c.app.process.impl.Search2Impl.fillDetail  266 - ** 1036 ** 104800 , 1 , 1036
16:43:23.349 [main] INFO  c.c.app.process.impl.Search2Impl.fillDetail  266 - ** 1037 ** 104800 , 1 , 1037
16:43:23.350 [main] INFO  c.c.app.process.impl.Search2Impl.fillDetail  266 - ** 1038 ** 104800 , 1 , 1038
16:43:23.350 [main] INFO  c.c.app.process.impl.Search2Impl.searchAll  379 -  SEARCHING 104800 TOGGLE 6 ITEM FOUND 1037
16:43:23.350 [main] INFO  c.c.app.process.impl.Search2Impl.fillDetail  266 - ** 1039 ** 105000 , 1 , 1039
16:43:23.350 [main] INFO  c.c.app.process.impl.Search2Impl.fillDetail  266 - ** 1040 ** 105000 , 1 , 1040
16:43:23.350 [main] INFO  c.c.app.process.impl.Search2Impl.searchAll  379 -  SEARCHING 105000 TOGGLE 2 ITEM FOUND 1039
16:43:23.350 [main] INFO  c.c.app.process.impl.Search2Impl.fillDetail  266 - ** 1041 ** 105300 , 1 , 1041
16:43:23.350 [main] INFO  c.c.app.process.impl.Search2Impl.fillDetail  266 - ** 1042 ** 105300 , 1 , 1042
16:43:23.350 [main] INFO  c.c.app.process.impl.Search2Impl.fillDetail  266 - ** 1043 ** 105300 , 1 , 1043
16:43:23.350 [main] INFO  c.c.app.process.impl.Search2Impl.searchAll  379 -  SEARCHING 105300 TOGGLE 3 ITEM FOUND 1042
16:43:23.351 [main] INFO  c.c.app.process.impl.Search2Impl.fillDetail  266 - ** 1044 ** 105700 , 1 , 1044
16:43:23.351 [main] INFO  c.c.app.process.impl.Search2Impl.fillDetail  266 - ** 1045 ** 105700 , 1 , 1045
16:43:23.351 [main] INFO  c.c.app.process.impl.Search2Impl.fillDetail  266 - ** 1046 ** 105700 , 1 , 1046
16:43:23.351 [main] INFO  c.c.app.process.impl.Search2Impl.fillDetail  266 - ** 1047 ** 105700 , 1 , 1047
16:43:23.351 [main] INFO  c.c.app.process.impl.Search2Impl.searchAll  379 -  SEARCHING 105700 TOGGLE 4 ITEM FOUND 1045
16:43:23.351 [main] INFO  c.c.app.process.impl.Search2Impl.fillDetail  266 - ** 1048 ** 106200 , 1 , 1048
16:43:23.351 [main] INFO  c.c.app.process.impl.Search2Impl.fillDetail  266 - ** 1049 ** 106200 , 1 , 1049
16:43:23.351 [main] INFO  c.c.app.process.impl.Search2Impl.fillDetail  266 - ** 1050 ** 106200 , 1 , 1050
16:43:23.351 [main] INFO  c.c.app.process.impl.Search2Impl.fillDetail  266 - ** 1051 ** 106200 , 1 , 1051
16:43:23.352 [main] INFO  c.c.app.process.impl.Search2Impl.fillDetail  266 - ** 1052 ** 106200 , 1 , 1052
16:43:23.352 [main] INFO  c.c.app.process.impl.Search2Impl.searchAll  379 -  SEARCHING 106200 TOGGLE 5 ITEM FOUND 1048
16:43:23.352 [main] INFO  c.c.app.process.impl.Search2Impl.fillDetail  266 - ** 1053 ** 106800 , 1 , 1053
16:43:23.352 [main] INFO  c.c.app.process.impl.Search2Impl.fillDetail  266 - ** 1054 ** 106800 , 1 , 1054
16:43:23.352 [main] INFO  c.c.app.process.impl.Search2Impl.fillDetail  266 - ** 1055 ** 106800 , 1 , 1055
16:43:23.352 [main] INFO  c.c.app.process.impl.Search2Impl.fillDetail  266 - ** 1056 ** 106800 , 1 , 1056
16:43:23.352 [main] INFO  c.c.app.process.impl.Search2Impl.fillDetail  266 - ** 1057 ** 106800 , 1 , 1057
16:43:23.352 [main] INFO  c.c.app.process.impl.Search2Impl.fillDetail  266 - ** 1058 ** 106800 , 1 , 1058
16:43:23.352 [main] INFO  c.c.app.process.impl.Search2Impl.searchAll  379 -  SEARCHING 106800 TOGGLE 6 ITEM FOUND 1054
16:43:23.353 [main] INFO  c.c.app.process.impl.Search2Impl.fillDetail  266 - ** 1059 ** 107000 , 1 , 1059
16:43:23.353 [main] INFO  c.c.app.process.impl.Search2Impl.fillDetail  266 - ** 1060 ** 107000 , 1 , 1060
16:43:23.353 [main] INFO  c.c.app.process.impl.Search2Impl.searchAll  379 -  SEARCHING 107000 TOGGLE 2 ITEM FOUND 1060
16:43:23.353 [main] INFO  c.c.app.process.impl.Search2Impl.fillDetail  266 - ** 1061 ** 107300 , 1 , 1061
16:43:23.353 [main] INFO  c.c.app.process.impl.Search2Impl.fillDetail  266 - ** 1062 ** 107300 , 1 , 1062
16:43:23.353 [main] INFO  c.c.app.process.impl.Search2Impl.fillDetail  266 - ** 1063 ** 107300 , 1 , 1063
16:43:23.353 [main] INFO  c.c.app.process.impl.Search2Impl.searchAll  379 -  SEARCHING 107300 TOGGLE 3 ITEM FOUND 1062
16:43:23.353 [main] INFO  c.c.app.process.impl.Search2Impl.fillDetail  266 - ** 1064 ** 107700 , 1 , 1064
16:43:23.354 [main] INFO  c.c.app.process.impl.Search2Impl.fillDetail  266 - ** 1065 ** 107700 , 1 , 1065
16:43:23.354 [main] INFO  c.c.app.process.impl.Search2Impl.fillDetail  266 - ** 1066 ** 107700 , 1 , 1066
16:43:23.354 [main] INFO  c.c.app.process.impl.Search2Impl.fillDetail  266 - ** 1067 ** 107700 , 1 , 1067
16:43:23.354 [main] INFO  c.c.app.process.impl.Search2Impl.searchAll  379 -  SEARCHING 107700 TOGGLE 4 ITEM FOUND 1065
16:43:23.354 [main] INFO  c.c.app.process.impl.Search2Impl.fillDetail  266 - ** 1068 ** 108200 , 1 , 1068
16:43:23.354 [main] INFO  c.c.app.process.impl.Search2Impl.fillDetail  266 - ** 1069 ** 108200 , 1 , 1069
16:43:23.354 [main] INFO  c.c.app.process.impl.Search2Impl.fillDetail  266 - ** 1070 ** 108200 , 1 , 1070
16:43:23.354 [main] INFO  c.c.app.process.impl.Search2Impl.fillDetail  266 - ** 1071 ** 108200 , 1 , 1071
16:43:23.354 [main] INFO  c.c.app.process.impl.Search2Impl.fillDetail  266 - ** 1072 ** 108200 , 1 , 1072
16:43:23.355 [main] INFO  c.c.app.process.impl.Search2Impl.searchAll  379 -  SEARCHING 108200 TOGGLE 5 ITEM FOUND 1071
16:43:23.355 [main] INFO  c.c.app.process.impl.Search2Impl.fillDetail  266 - ** 1073 ** 108800 , 1 , 1073
16:43:23.355 [main] INFO  c.c.app.process.impl.Search2Impl.fillDetail  266 - ** 1074 ** 108800 , 1 , 1074
16:43:23.355 [main] INFO  c.c.app.process.impl.Search2Impl.fillDetail  266 - ** 1075 ** 108800 , 1 , 1075
16:43:23.355 [main] INFO  c.c.app.process.impl.Search2Impl.fillDetail  266 - ** 1076 ** 108800 , 1 , 1076
16:43:23.355 [main] INFO  c.c.app.process.impl.Search2Impl.fillDetail  266 - ** 1077 ** 108800 , 1 , 1077
16:43:23.355 [main] INFO  c.c.app.process.impl.Search2Impl.fillDetail  266 - ** 1078 ** 108800 , 1 , 1078
16:43:23.355 [main] INFO  c.c.app.process.impl.Search2Impl.searchAll  379 -  SEARCHING 108800 TOGGLE 6 ITEM FOUND 1077
16:43:23.355 [main] INFO  c.c.app.process.impl.Search2Impl.fillDetail  266 - ** 1079 ** 109000 , 1 , 1079
16:43:23.356 [main] INFO  c.c.app.process.impl.Search2Impl.fillDetail  266 - ** 1080 ** 109000 , 1 , 1080
16:43:23.356 [main] INFO  c.c.app.process.impl.Search2Impl.searchAll  379 -  SEARCHING 109000 TOGGLE 2 ITEM FOUND 1080
16:43:23.356 [main] INFO  c.c.app.process.impl.Search2Impl.fillDetail  266 - ** 1081 ** 109300 , 1 , 1081
16:43:23.356 [main] INFO  c.c.app.process.impl.Search2Impl.fillDetail  266 - ** 1082 ** 109300 , 1 , 1082
16:43:23.356 [main] INFO  c.c.app.process.impl.Search2Impl.fillDetail  266 - ** 1083 ** 109300 , 1 , 1083
16:43:23.356 [main] INFO  c.c.app.process.impl.Search2Impl.searchAll  379 -  SEARCHING 109300 TOGGLE 3 ITEM FOUND 1083
16:43:23.356 [main] INFO  c.c.app.process.impl.Search2Impl.fillDetail  266 - ** 1084 ** 109700 , 1 , 1084
16:43:23.356 [main] INFO  c.c.app.process.impl.Search2Impl.fillDetail  266 - ** 1085 ** 109700 , 1 , 1085
16:43:23.356 [main] INFO  c.c.app.process.impl.Search2Impl.fillDetail  266 - ** 1086 ** 109700 , 1 , 1086
16:43:23.357 [main] INFO  c.c.app.process.impl.Search2Impl.fillDetail  266 - ** 1087 ** 109700 , 1 , 1087
16:43:23.357 [main] INFO  c.c.app.process.impl.Search2Impl.searchAll  379 -  SEARCHING 109700 TOGGLE 4 ITEM FOUND 1086
16:43:23.357 [main] INFO  c.c.app.process.impl.Search2Impl.fillDetail  266 - ** 1088 ** 110200 , 1 , 1088
16:43:23.357 [main] INFO  c.c.app.process.impl.Search2Impl.fillDetail  266 - ** 1089 ** 110200 , 1 , 1089
16:43:23.357 [main] INFO  c.c.app.process.impl.Search2Impl.fillDetail  266 - ** 1090 ** 110200 , 1 , 1090
16:43:23.357 [main] INFO  c.c.app.process.impl.Search2Impl.fillDetail  266 - ** 1091 ** 110200 , 1 , 1091
16:43:23.357 [main] INFO  c.c.app.process.impl.Search2Impl.fillDetail  266 - ** 1092 ** 110200 , 1 , 1092
16:43:23.357 [main] INFO  c.c.app.process.impl.Search2Impl.searchAll  379 -  SEARCHING 110200 TOGGLE 5 ITEM FOUND 1089
16:43:23.358 [main] INFO  c.c.app.process.impl.Search2Impl.fillDetail  266 - ** 1093 ** 110800 , 1 , 1093
16:43:23.358 [main] INFO  c.c.app.process.impl.Search2Impl.fillDetail  266 - ** 1094 ** 110800 , 1 , 1094
16:43:23.358 [main] INFO  c.c.app.process.impl.Search2Impl.fillDetail  266 - ** 1095 ** 110800 , 1 , 1095
16:43:23.358 [main] INFO  c.c.app.process.impl.Search2Impl.fillDetail  266 - ** 1096 ** 110800 , 1 , 1096
16:43:23.358 [main] INFO  c.c.app.process.impl.Search2Impl.fillDetail  266 - ** 1097 ** 110800 , 1 , 1097
16:43:23.358 [main] INFO  c.c.app.process.impl.Search2Impl.fillDetail  266 - ** 1098 ** 110800 , 1 , 1098
16:43:23.358 [main] INFO  c.c.app.process.impl.Search2Impl.searchAll  379 -  SEARCHING 110800 TOGGLE 6 ITEM FOUND 1095
16:43:23.358 [main] INFO  c.c.app.process.impl.Search2Impl.fillDetail  266 - ** 1099 ** 111000 , 1 , 1099
16:43:23.358 [main] INFO  c.c.app.process.impl.Search2Impl.fillDetail  266 - ** 1100 ** 111000 , 1 , 1100
16:43:23.359 [main] INFO  c.c.app.process.impl.Search2Impl.searchAll  379 -  SEARCHING 111000 TOGGLE 2 ITEM FOUND 1099
16:43:23.359 [main] INFO  c.c.app.process.impl.Search2Impl.fillDetail  266 - ** 1101 ** 111300 , 1 , 1101
16:43:23.359 [main] INFO  c.c.app.process.impl.Search2Impl.fillDetail  266 - ** 1102 ** 111300 , 1 , 1102
16:43:23.359 [main] INFO  c.c.app.process.impl.Search2Impl.fillDetail  266 - ** 1103 ** 111300 , 1 , 1103
16:43:23.359 [main] INFO  c.c.app.process.impl.Search2Impl.searchAll  379 -  SEARCHING 111300 TOGGLE 3 ITEM FOUND 1101
16:43:23.359 [main] INFO  c.c.app.process.impl.Search2Impl.fillDetail  266 - ** 1104 ** 111700 , 1 , 1104
16:43:23.359 [main] INFO  c.c.app.process.impl.Search2Impl.fillDetail  266 - ** 1105 ** 111700 , 1 , 1105
16:43:23.359 [main] INFO  c.c.app.process.impl.Search2Impl.fillDetail  266 - ** 1106 ** 111700 , 1 , 1106
16:43:23.360 [main] INFO  c.c.app.process.impl.Search2Impl.fillDetail  266 - ** 1107 ** 111700 , 1 , 1107
16:43:23.360 [main] INFO  c.c.app.process.impl.Search2Impl.searchAll  379 -  SEARCHING 111700 TOGGLE 4 ITEM FOUND 1107
16:43:23.360 [main] INFO  c.c.app.process.impl.Search2Impl.fillDetail  266 - ** 1108 ** 112200 , 1 , 1108
16:43:23.360 [main] INFO  c.c.app.process.impl.Search2Impl.fillDetail  266 - ** 1109 ** 112200 , 1 , 1109
16:43:23.360 [main] INFO  c.c.app.process.impl.Search2Impl.fillDetail  266 - ** 1110 ** 112200 , 1 , 1110
16:43:23.360 [main] INFO  c.c.app.process.impl.Search2Impl.fillDetail  266 - ** 1111 ** 112200 , 1 , 1111
16:43:23.360 [main] INFO  c.c.app.process.impl.Search2Impl.fillDetail  266 - ** 1112 ** 112200 , 1 , 1112
16:43:23.360 [main] INFO  c.c.app.process.impl.Search2Impl.searchAll  379 -  SEARCHING 112200 TOGGLE 5 ITEM FOUND 1112
16:43:23.360 [main] INFO  c.c.app.process.impl.Search2Impl.fillDetail  266 - ** 1113 ** 112800 , 1 , 1113
16:43:23.361 [main] INFO  c.c.app.process.impl.Search2Impl.fillDetail  266 - ** 1114 ** 112800 , 1 , 1114
16:43:23.361 [main] INFO  c.c.app.process.impl.Search2Impl.fillDetail  266 - ** 1115 ** 112800 , 1 , 1115
16:43:23.361 [main] INFO  c.c.app.process.impl.Search2Impl.fillDetail  266 - ** 1116 ** 112800 , 1 , 1116
16:43:23.361 [main] INFO  c.c.app.process.impl.Search2Impl.fillDetail  266 - ** 1117 ** 112800 , 1 , 1117
16:43:23.361 [main] INFO  c.c.app.process.impl.Search2Impl.fillDetail  266 - ** 1118 ** 112800 , 1 , 1118
16:43:23.361 [main] INFO  c.c.app.process.impl.Search2Impl.searchAll  379 -  SEARCHING 112800 TOGGLE 6 ITEM FOUND 1118
16:43:23.361 [main] INFO  c.c.app.process.impl.Search2Impl.fillDetail  266 - ** 1119 ** 113000 , 1 , 1119
16:43:23.361 [main] INFO  c.c.app.process.impl.Search2Impl.fillDetail  266 - ** 1120 ** 113000 , 1 , 1120
16:43:23.361 [main] INFO  c.c.app.process.impl.Search2Impl.searchAll  379 -  SEARCHING 113000 TOGGLE 2 ITEM FOUND 1119
16:43:23.362 [main] INFO  c.c.app.process.impl.Search2Impl.fillDetail  266 - ** 1121 ** 113300 , 1 , 1121
16:43:23.362 [main] INFO  c.c.app.process.impl.Search2Impl.fillDetail  266 - ** 1122 ** 113300 , 1 , 1122
16:43:23.362 [main] INFO  c.c.app.process.impl.Search2Impl.fillDetail  266 - ** 1123 ** 113300 , 1 , 1123
16:43:23.362 [main] INFO  c.c.app.process.impl.Search2Impl.searchAll  379 -  SEARCHING 113300 TOGGLE 3 ITEM FOUND 1121
16:43:23.362 [main] INFO  c.c.app.process.impl.Search2Impl.fillDetail  266 - ** 1124 ** 113700 , 1 , 1124
16:43:23.362 [main] INFO  c.c.app.process.impl.Search2Impl.fillDetail  266 - ** 1125 ** 113700 , 1 , 1125
16:43:23.362 [main] INFO  c.c.app.process.impl.Search2Impl.fillDetail  266 - ** 1126 ** 113700 , 1 , 1126
16:43:23.362 [main] INFO  c.c.app.process.impl.Search2Impl.fillDetail  266 - ** 1127 ** 113700 , 1 , 1127
16:43:23.363 [main] INFO  c.c.app.process.impl.Search2Impl.searchAll  379 -  SEARCHING 113700 TOGGLE 4 ITEM FOUND 1124
16:43:23.363 [main] INFO  c.c.app.process.impl.Search2Impl.fillDetail  266 - ** 1128 ** 114200 , 1 , 1128
16:43:23.363 [main] INFO  c.c.app.process.impl.Search2Impl.fillDetail  266 - ** 1129 ** 114200 , 1 , 1129
16:43:23.363 [main] INFO  c.c.app.process.impl.Search2Impl.fillDetail  266 - ** 1130 ** 114200 , 1 , 1130
16:43:23.363 [main] INFO  c.c.app.process.impl.Search2Impl.fillDetail  266 - ** 1131 ** 114200 , 1 , 1131
16:43:23.363 [main] INFO  c.c.app.process.impl.Search2Impl.fillDetail  266 - ** 1132 ** 114200 , 1 , 1132
16:43:23.363 [main] INFO  c.c.app.process.impl.Search2Impl.searchAll  379 -  SEARCHING 114200 TOGGLE 5 ITEM FOUND 1130
16:43:23.363 [main] INFO  c.c.app.process.impl.Search2Impl.fillDetail  266 - ** 1133 ** 114800 , 1 , 1133
16:43:23.364 [main] INFO  c.c.app.process.impl.Search2Impl.fillDetail  266 - ** 1134 ** 114800 , 1 , 1134
16:43:23.364 [main] INFO  c.c.app.process.impl.Search2Impl.fillDetail  266 - ** 1135 ** 114800 , 1 , 1135
16:43:23.364 [main] INFO  c.c.app.process.impl.Search2Impl.fillDetail  266 - ** 1136 ** 114800 , 1 , 1136
16:43:23.364 [main] INFO  c.c.app.process.impl.Search2Impl.fillDetail  266 - ** 1137 ** 114800 , 1 , 1137
16:43:23.364 [main] INFO  c.c.app.process.impl.Search2Impl.fillDetail  266 - ** 1138 ** 114800 , 1 , 1138
16:43:23.364 [main] INFO  c.c.app.process.impl.Search2Impl.searchAll  379 -  SEARCHING 114800 TOGGLE 6 ITEM FOUND 1135
16:43:23.364 [main] INFO  c.c.app.process.impl.Search2Impl.fillDetail  266 - ** 1139 ** 115000 , 1 , 1139
16:43:23.364 [main] INFO  c.c.app.process.impl.Search2Impl.fillDetail  266 - ** 1140 ** 115000 , 1 , 1140
16:43:23.364 [main] INFO  c.c.app.process.impl.Search2Impl.searchAll  379 -  SEARCHING 115000 TOGGLE 2 ITEM FOUND 1139
16:43:23.365 [main] INFO  c.c.app.process.impl.Search2Impl.fillDetail  266 - ** 1141 ** 115300 , 1 , 1141
16:43:23.365 [main] INFO  c.c.app.process.impl.Search2Impl.fillDetail  266 - ** 1142 ** 115300 , 1 , 1142
16:43:23.365 [main] INFO  c.c.app.process.impl.Search2Impl.fillDetail  266 - ** 1143 ** 115300 , 1 , 1143
16:43:23.365 [main] INFO  c.c.app.process.impl.Search2Impl.searchAll  379 -  SEARCHING 115300 TOGGLE 3 ITEM FOUND 1141
16:43:23.365 [main] INFO  c.c.app.process.impl.Search2Impl.fillDetail  266 - ** 1144 ** 115700 , 1 , 1144
16:43:23.365 [main] INFO  c.c.app.process.impl.Search2Impl.fillDetail  266 - ** 1145 ** 115700 , 1 , 1145
16:43:23.365 [main] INFO  c.c.app.process.impl.Search2Impl.fillDetail  266 - ** 1146 ** 115700 , 1 , 1146
16:43:23.365 [main] INFO  c.c.app.process.impl.Search2Impl.fillDetail  266 - ** 1147 ** 115700 , 1 , 1147
16:43:23.365 [main] INFO  c.c.app.process.impl.Search2Impl.searchAll  379 -  SEARCHING 115700 TOGGLE 4 ITEM FOUND 1147
16:43:23.366 [main] INFO  c.c.app.process.impl.Search2Impl.fillDetail  266 - ** 1148 ** 116200 , 1 , 1148
16:43:23.366 [main] INFO  c.c.app.process.impl.Search2Impl.fillDetail  266 - ** 1149 ** 116200 , 1 , 1149
16:43:23.366 [main] INFO  c.c.app.process.impl.Search2Impl.fillDetail  266 - ** 1150 ** 116200 , 1 , 1150
16:43:23.366 [main] INFO  c.c.app.process.impl.Search2Impl.fillDetail  266 - ** 1151 ** 116200 , 1 , 1151
16:43:23.366 [main] INFO  c.c.app.process.impl.Search2Impl.fillDetail  266 - ** 1152 ** 116200 , 1 , 1152
16:43:23.366 [main] INFO  c.c.app.process.impl.Search2Impl.searchAll  379 -  SEARCHING 116200 TOGGLE 5 ITEM FOUND 1150
16:43:23.366 [main] INFO  c.c.app.process.impl.Search2Impl.fillDetail  266 - ** 1153 ** 116800 , 1 , 1153
16:43:23.366 [main] INFO  c.c.app.process.impl.Search2Impl.fillDetail  266 - ** 1154 ** 116800 , 1 , 1154
16:43:23.367 [main] INFO  c.c.app.process.impl.Search2Impl.fillDetail  266 - ** 1155 ** 116800 , 1 , 1155
16:43:23.367 [main] INFO  c.c.app.process.impl.Search2Impl.fillDetail  266 - ** 1156 ** 116800 , 1 , 1156
16:43:23.367 [main] INFO  c.c.app.process.impl.Search2Impl.fillDetail  266 - ** 1157 ** 116800 , 1 , 1157
16:43:23.367 [main] INFO  c.c.app.process.impl.Search2Impl.fillDetail  266 - ** 1158 ** 116800 , 1 , 1158
16:43:23.367 [main] INFO  c.c.app.process.impl.Search2Impl.searchAll  379 -  SEARCHING 116800 TOGGLE 6 ITEM FOUND 1153
16:43:23.367 [main] INFO  c.c.app.process.impl.Search2Impl.fillDetail  266 - ** 1159 ** 117000 , 1 , 1159
16:43:23.367 [main] INFO  c.c.app.process.impl.Search2Impl.fillDetail  266 - ** 1160 ** 117000 , 1 , 1160
16:43:23.367 [main] INFO  c.c.app.process.impl.Search2Impl.searchAll  379 -  SEARCHING 117000 TOGGLE 2 ITEM FOUND 1159
16:43:23.367 [main] INFO  c.c.app.process.impl.Search2Impl.fillDetail  266 - ** 1161 ** 117300 , 1 , 1161
16:43:23.368 [main] INFO  c.c.app.process.impl.Search2Impl.fillDetail  266 - ** 1162 ** 117300 , 1 , 1162
16:43:23.368 [main] INFO  c.c.app.process.impl.Search2Impl.fillDetail  266 - ** 1163 ** 117300 , 1 , 1163
16:43:23.368 [main] INFO  c.c.app.process.impl.Search2Impl.searchAll  379 -  SEARCHING 117300 TOGGLE 3 ITEM FOUND 1161
16:43:23.368 [main] INFO  c.c.app.process.impl.Search2Impl.fillDetail  266 - ** 1164 ** 117700 , 1 , 1164
16:43:23.368 [main] INFO  c.c.app.process.impl.Search2Impl.fillDetail  266 - ** 1165 ** 117700 , 1 , 1165
16:43:23.368 [main] INFO  c.c.app.process.impl.Search2Impl.fillDetail  266 - ** 1166 ** 117700 , 1 , 1166
16:43:23.368 [main] INFO  c.c.app.process.impl.Search2Impl.fillDetail  266 - ** 1167 ** 117700 , 1 , 1167
16:43:23.368 [main] INFO  c.c.app.process.impl.Search2Impl.searchAll  379 -  SEARCHING 117700 TOGGLE 4 ITEM FOUND 1164
16:43:23.368 [main] INFO  c.c.app.process.impl.Search2Impl.fillDetail  266 - ** 1168 ** 118200 , 1 , 1168
16:43:23.369 [main] INFO  c.c.app.process.impl.Search2Impl.fillDetail  266 - ** 1169 ** 118200 , 1 , 1169
16:43:23.369 [main] INFO  c.c.app.process.impl.Search2Impl.fillDetail  266 - ** 1170 ** 118200 , 1 , 1170
16:43:23.369 [main] INFO  c.c.app.process.impl.Search2Impl.fillDetail  266 - ** 1171 ** 118200 , 1 , 1171
16:43:23.369 [main] INFO  c.c.app.process.impl.Search2Impl.fillDetail  266 - ** 1172 ** 118200 , 1 , 1172
16:43:23.369 [main] INFO  c.c.app.process.impl.Search2Impl.searchAll  379 -  SEARCHING 118200 TOGGLE 5 ITEM FOUND 1170
16:43:23.369 [main] INFO  c.c.app.process.impl.Search2Impl.fillDetail  266 - ** 1173 ** 118800 , 1 , 1173
16:43:23.369 [main] INFO  c.c.app.process.impl.Search2Impl.fillDetail  266 - ** 1174 ** 118800 , 1 , 1174
16:43:23.369 [main] INFO  c.c.app.process.impl.Search2Impl.fillDetail  266 - ** 1175 ** 118800 , 1 , 1175
16:43:23.369 [main] INFO  c.c.app.process.impl.Search2Impl.fillDetail  266 - ** 1176 ** 118800 , 1 , 1176
16:43:23.370 [main] INFO  c.c.app.process.impl.Search2Impl.fillDetail  266 - ** 1177 ** 118800 , 1 , 1177
16:43:23.370 [main] INFO  c.c.app.process.impl.Search2Impl.fillDetail  266 - ** 1178 ** 118800 , 1 , 1178
16:43:23.370 [main] INFO  c.c.app.process.impl.Search2Impl.searchAll  379 -  SEARCHING 118800 TOGGLE 6 ITEM FOUND 1176
16:43:23.370 [main] INFO  c.c.app.process.impl.Search2Impl.fillDetail  266 - ** 1179 ** 119000 , 1 , 1179
16:43:23.370 [main] INFO  c.c.app.process.impl.Search2Impl.fillDetail  266 - ** 1180 ** 119000 , 1 , 1180
16:43:23.370 [main] INFO  c.c.app.process.impl.Search2Impl.searchAll  379 -  SEARCHING 119000 TOGGLE 2 ITEM FOUND 1179
16:43:23.370 [main] INFO  c.c.app.process.impl.Search2Impl.fillDetail  266 - ** 1181 ** 119300 , 1 , 1181
16:43:23.370 [main] INFO  c.c.app.process.impl.Search2Impl.fillDetail  266 - ** 1182 ** 119300 , 1 , 1182
16:43:23.370 [main] INFO  c.c.app.process.impl.Search2Impl.fillDetail  266 - ** 1183 ** 119300 , 1 , 1183
16:43:23.371 [main] INFO  c.c.app.process.impl.Search2Impl.searchAll  379 -  SEARCHING 119300 TOGGLE 3 ITEM FOUND 1181
16:43:23.371 [main] INFO  c.c.app.process.impl.Search2Impl.fillDetail  266 - ** 1184 ** 119700 , 1 , 1184
16:43:23.371 [main] INFO  c.c.app.process.impl.Search2Impl.fillDetail  266 - ** 1185 ** 119700 , 1 , 1185
16:43:23.371 [main] INFO  c.c.app.process.impl.Search2Impl.fillDetail  266 - ** 1186 ** 119700 , 1 , 1186
16:43:23.371 [main] INFO  c.c.app.process.impl.Search2Impl.fillDetail  266 - ** 1187 ** 119700 , 1 , 1187
16:43:23.371 [main] INFO  c.c.app.process.impl.Search2Impl.searchAll  379 -  SEARCHING 119700 TOGGLE 4 ITEM FOUND 1187
16:43:23.371 [main] INFO  c.c.app.process.impl.Search2Impl.fillDetail  266 - ** 1188 ** 120200 , 1 , 1188
16:43:23.371 [main] INFO  c.c.app.process.impl.Search2Impl.fillDetail  266 - ** 1189 ** 120200 , 1 , 1189
16:43:23.371 [main] INFO  c.c.app.process.impl.Search2Impl.fillDetail  266 - ** 1190 ** 120200 , 1 , 1190
16:43:23.372 [main] INFO  c.c.app.process.impl.Search2Impl.fillDetail  266 - ** 1191 ** 120200 , 1 , 1191
16:43:23.372 [main] INFO  c.c.app.process.impl.Search2Impl.fillDetail  266 - ** 1192 ** 120200 , 1 , 1192
16:43:23.372 [main] INFO  c.c.app.process.impl.Search2Impl.searchAll  379 -  SEARCHING 120200 TOGGLE 5 ITEM FOUND 1190
16:43:23.372 [main] INFO  c.c.app.process.impl.Search2Impl.fillDetail  266 - ** 1193 ** 120800 , 1 , 1193
16:43:23.372 [main] INFO  c.c.app.process.impl.Search2Impl.fillDetail  266 - ** 1194 ** 120800 , 1 , 1194
16:43:23.372 [main] INFO  c.c.app.process.impl.Search2Impl.fillDetail  266 - ** 1195 ** 120800 , 1 , 1195
16:43:23.372 [main] INFO  c.c.app.process.impl.Search2Impl.fillDetail  266 - ** 1196 ** 120800 , 1 , 1196
16:43:23.372 [main] INFO  c.c.app.process.impl.Search2Impl.fillDetail  266 - ** 1197 ** 120800 , 1 , 1197
16:43:23.372 [main] INFO  c.c.app.process.impl.Search2Impl.fillDetail  266 - ** 1198 ** 120800 , 1 , 1198
16:43:23.373 [main] INFO  c.c.app.process.impl.Search2Impl.searchAll  379 -  SEARCHING 120800 TOGGLE 6 ITEM FOUND 1193
16:43:23.373 [main] INFO  c.c.app.process.impl.Search2Impl.fillDetail  266 - ** 1199 ** 121000 , 1 , 1199
16:43:23.373 [main] INFO  c.c.app.process.impl.Search2Impl.fillDetail  266 - ** 1200 ** 121000 , 1 , 1200
16:43:23.373 [main] INFO  c.c.app.process.impl.Search2Impl.searchAll  379 -  SEARCHING 121000 TOGGLE 2 ITEM FOUND 1199
16:43:23.373 [main] INFO  c.c.app.process.impl.Search2Impl.fillDetail  266 - ** 1201 ** 121300 , 1 , 1201
16:43:23.373 [main] INFO  c.c.app.process.impl.Search2Impl.fillDetail  266 - ** 1202 ** 121300 , 1 , 1202
16:43:23.373 [main] INFO  c.c.app.process.impl.Search2Impl.fillDetail  266 - ** 1203 ** 121300 , 1 , 1203
16:43:23.373 [main] INFO  c.c.app.process.impl.Search2Impl.searchAll  379 -  SEARCHING 121300 TOGGLE 3 ITEM FOUND 1201
16:43:23.374 [main] INFO  c.c.app.process.impl.Search2Impl.fillDetail  266 - ** 1204 ** 121700 , 1 , 1204
16:43:23.374 [main] INFO  c.c.app.process.impl.Search2Impl.fillDetail  266 - ** 1205 ** 121700 , 1 , 1205
16:43:23.374 [main] INFO  c.c.app.process.impl.Search2Impl.fillDetail  266 - ** 1206 ** 121700 , 1 , 1206
16:43:23.374 [main] INFO  c.c.app.process.impl.Search2Impl.fillDetail  266 - ** 1207 ** 121700 , 1 , 1207
16:43:23.374 [main] INFO  c.c.app.process.impl.Search2Impl.searchAll  379 -  SEARCHING 121700 TOGGLE 4 ITEM FOUND 1204
16:43:23.374 [main] INFO  c.c.app.process.impl.Search2Impl.fillDetail  266 - ** 1208 ** 122200 , 1 , 1208
16:43:23.374 [main] INFO  c.c.app.process.impl.Search2Impl.fillDetail  266 - ** 1209 ** 122200 , 1 , 1209
16:43:23.374 [main] INFO  c.c.app.process.impl.Search2Impl.fillDetail  266 - ** 1210 ** 122200 , 1 , 1210
16:43:23.374 [main] INFO  c.c.app.process.impl.Search2Impl.fillDetail  266 - ** 1211 ** 122200 , 1 , 1211
16:43:23.375 [main] INFO  c.c.app.process.impl.Search2Impl.fillDetail  266 - ** 1212 ** 122200 , 1 , 1212
16:43:23.375 [main] INFO  c.c.app.process.impl.Search2Impl.searchAll  379 -  SEARCHING 122200 TOGGLE 5 ITEM FOUND 1210
16:43:23.375 [main] INFO  c.c.app.process.impl.Search2Impl.fillDetail  266 - ** 1213 ** 122800 , 1 , 1213
16:43:23.375 [main] INFO  c.c.app.process.impl.Search2Impl.fillDetail  266 - ** 1214 ** 122800 , 1 , 1214
16:43:23.375 [main] INFO  c.c.app.process.impl.Search2Impl.fillDetail  266 - ** 1215 ** 122800 , 1 , 1215
16:43:23.375 [main] INFO  c.c.app.process.impl.Search2Impl.fillDetail  266 - ** 1216 ** 122800 , 1 , 1216
16:43:23.375 [main] INFO  c.c.app.process.impl.Search2Impl.fillDetail  266 - ** 1217 ** 122800 , 1 , 1217
16:43:23.375 [main] INFO  c.c.app.process.impl.Search2Impl.fillDetail  266 - ** 1218 ** 122800 , 1 , 1218
16:43:23.375 [main] INFO  c.c.app.process.impl.Search2Impl.searchAll  379 -  SEARCHING 122800 TOGGLE 6 ITEM FOUND 1216
16:43:23.376 [main] INFO  c.c.app.process.impl.Search2Impl.fillDetail  266 - ** 1219 ** 123000 , 1 , 1219
16:43:23.376 [main] INFO  c.c.app.process.impl.Search2Impl.fillDetail  266 - ** 1220 ** 123000 , 1 , 1220
16:43:23.376 [main] INFO  c.c.app.process.impl.Search2Impl.searchAll  379 -  SEARCHING 123000 TOGGLE 2 ITEM FOUND 1219
16:43:23.376 [main] INFO  c.c.app.process.impl.Search2Impl.fillDetail  266 - ** 1221 ** 123300 , 1 , 1221
16:43:23.376 [main] INFO  c.c.app.process.impl.Search2Impl.fillDetail  266 - ** 1222 ** 123300 , 1 , 1222
16:43:23.376 [main] INFO  c.c.app.process.impl.Search2Impl.fillDetail  266 - ** 1223 ** 123300 , 1 , 1223
16:43:23.376 [main] INFO  c.c.app.process.impl.Search2Impl.searchAll  379 -  SEARCHING 123300 TOGGLE 3 ITEM FOUND 1222
16:43:23.376 [main] INFO  c.c.app.process.impl.Search2Impl.fillDetail  266 - ** 1224 ** 123700 , 1 , 1224
16:43:23.376 [main] INFO  c.c.app.process.impl.Search2Impl.fillDetail  266 - ** 1225 ** 123700 , 1 , 1225
16:43:23.377 [main] INFO  c.c.app.process.impl.Search2Impl.fillDetail  266 - ** 1226 ** 123700 , 1 , 1226
16:43:23.377 [main] INFO  c.c.app.process.impl.Search2Impl.fillDetail  266 - ** 1227 ** 123700 , 1 , 1227
16:43:23.377 [main] INFO  c.c.app.process.impl.Search2Impl.searchAll  379 -  SEARCHING 123700 TOGGLE 4 ITEM FOUND 1227
16:43:23.377 [main] INFO  c.c.app.process.impl.Search2Impl.fillDetail  266 - ** 1228 ** 124200 , 1 , 1228
16:43:23.377 [main] INFO  c.c.app.process.impl.Search2Impl.fillDetail  266 - ** 1229 ** 124200 , 1 , 1229
16:43:23.377 [main] INFO  c.c.app.process.impl.Search2Impl.fillDetail  266 - ** 1230 ** 124200 , 1 , 1230
16:43:23.377 [main] INFO  c.c.app.process.impl.Search2Impl.fillDetail  266 - ** 1231 ** 124200 , 1 , 1231
16:43:23.377 [main] INFO  c.c.app.process.impl.Search2Impl.fillDetail  266 - ** 1232 ** 124200 , 1 , 1232
16:43:23.377 [main] INFO  c.c.app.process.impl.Search2Impl.searchAll  379 -  SEARCHING 124200 TOGGLE 5 ITEM FOUND 1230
16:43:23.378 [main] INFO  c.c.app.process.impl.Search2Impl.fillDetail  266 - ** 1233 ** 124800 , 1 , 1233
16:43:23.378 [main] INFO  c.c.app.process.impl.Search2Impl.fillDetail  266 - ** 1234 ** 124800 , 1 , 1234
16:43:23.378 [main] INFO  c.c.app.process.impl.Search2Impl.fillDetail  266 - ** 1235 ** 124800 , 1 , 1235
16:43:23.378 [main] INFO  c.c.app.process.impl.Search2Impl.fillDetail  266 - ** 1236 ** 124800 , 1 , 1236
16:43:23.378 [main] INFO  c.c.app.process.impl.Search2Impl.fillDetail  266 - ** 1237 ** 124800 , 1 , 1237
16:43:23.378 [main] INFO  c.c.app.process.impl.Search2Impl.fillDetail  266 - ** 1238 ** 124800 , 1 , 1238
16:43:23.378 [main] INFO  c.c.app.process.impl.Search2Impl.searchAll  379 -  SEARCHING 124800 TOGGLE 6 ITEM FOUND 1233
16:43:23.378 [main] INFO  c.c.app.process.impl.Search2Impl.fillDetail  266 - ** 1239 ** 125000 , 1 , 1239
16:43:23.378 [main] INFO  c.c.app.process.impl.Search2Impl.fillDetail  266 - ** 1240 ** 125000 , 1 , 1240
16:43:23.379 [main] INFO  c.c.app.process.impl.Search2Impl.searchAll  379 -  SEARCHING 125000 TOGGLE 2 ITEM FOUND 1239
16:43:23.379 [main] INFO  c.c.app.process.impl.Search2Impl.fillDetail  266 - ** 1241 ** 125300 , 1 , 1241
16:43:23.379 [main] INFO  c.c.app.process.impl.Search2Impl.fillDetail  266 - ** 1242 ** 125300 , 1 , 1242
16:43:23.379 [main] INFO  c.c.app.process.impl.Search2Impl.fillDetail  266 - ** 1243 ** 125300 , 1 , 1243
16:43:23.379 [main] INFO  c.c.app.process.impl.Search2Impl.searchAll  379 -  SEARCHING 125300 TOGGLE 3 ITEM FOUND 1242
16:43:23.379 [main] INFO  c.c.app.process.impl.Search2Impl.fillDetail  266 - ** 1244 ** 125700 , 1 , 1244
16:43:23.379 [main] INFO  c.c.app.process.impl.Search2Impl.fillDetail  266 - ** 1245 ** 125700 , 1 , 1245
16:43:23.379 [main] INFO  c.c.app.process.impl.Search2Impl.fillDetail  266 - ** 1246 ** 125700 , 1 , 1246
16:43:23.380 [main] INFO  c.c.app.process.impl.Search2Impl.fillDetail  266 - ** 1247 ** 125700 , 1 , 1247
16:43:23.380 [main] INFO  c.c.app.process.impl.Search2Impl.searchAll  379 -  SEARCHING 125700 TOGGLE 4 ITEM FOUND 1245
16:43:23.380 [main] INFO  c.c.app.process.impl.Search2Impl.fillDetail  266 - ** 1248 ** 126200 , 1 , 1248
16:43:23.380 [main] INFO  c.c.app.process.impl.Search2Impl.fillDetail  266 - ** 1249 ** 126200 , 1 , 1249
16:43:23.380 [main] INFO  c.c.app.process.impl.Search2Impl.fillDetail  266 - ** 1250 ** 126200 , 1 , 1250
16:43:23.380 [main] INFO  c.c.app.process.impl.Search2Impl.fillDetail  266 - ** 1251 ** 126200 , 1 , 1251
16:43:23.380 [main] INFO  c.c.app.process.impl.Search2Impl.fillDetail  266 - ** 1252 ** 126200 , 1 , 1252
16:43:23.380 [main] INFO  c.c.app.process.impl.Search2Impl.searchAll  379 -  SEARCHING 126200 TOGGLE 5 ITEM FOUND 1250
16:43:23.380 [main] INFO  c.c.app.process.impl.Search2Impl.fillDetail  266 - ** 1253 ** 126800 , 1 , 1253
16:43:23.381 [main] INFO  c.c.app.process.impl.Search2Impl.fillDetail  266 - ** 1254 ** 126800 , 1 , 1254
16:43:23.381 [main] INFO  c.c.app.process.impl.Search2Impl.fillDetail  266 - ** 1255 ** 126800 , 1 , 1255
16:43:23.381 [main] INFO  c.c.app.process.impl.Search2Impl.fillDetail  266 - ** 1256 ** 126800 , 1 , 1256
16:43:23.381 [main] INFO  c.c.app.process.impl.Search2Impl.fillDetail  266 - ** 1257 ** 126800 , 1 , 1257
16:43:23.381 [main] INFO  c.c.app.process.impl.Search2Impl.fillDetail  266 - ** 1258 ** 126800 , 1 , 1258
16:43:23.381 [main] INFO  c.c.app.process.impl.Search2Impl.searchAll  379 -  SEARCHING 126800 TOGGLE 6 ITEM FOUND 1256
16:43:23.381 [main] INFO  c.c.app.process.impl.Search2Impl.fillDetail  266 - ** 1259 ** 127000 , 1 , 1259
16:43:23.381 [main] INFO  c.c.app.process.impl.Search2Impl.fillDetail  266 - ** 1260 ** 127000 , 1 , 1260
16:43:23.381 [main] INFO  c.c.app.process.impl.Search2Impl.searchAll  379 -  SEARCHING 127000 TOGGLE 2 ITEM FOUND 1259
16:43:23.382 [main] INFO  c.c.app.process.impl.Search2Impl.fillDetail  266 - ** 1261 ** 127300 , 1 , 1261
16:43:23.382 [main] INFO  c.c.app.process.impl.Search2Impl.fillDetail  266 - ** 1262 ** 127300 , 1 , 1262
16:43:23.382 [main] INFO  c.c.app.process.impl.Search2Impl.fillDetail  266 - ** 1263 ** 127300 , 1 , 1263
16:43:23.382 [main] INFO  c.c.app.process.impl.Search2Impl.searchAll  379 -  SEARCHING 127300 TOGGLE 3 ITEM FOUND 1262
16:43:23.382 [main] INFO  c.c.app.process.impl.Search2Impl.fillDetail  266 - ** 1264 ** 127700 , 1 , 1264
16:43:23.382 [main] INFO  c.c.app.process.impl.Search2Impl.fillDetail  266 - ** 1265 ** 127700 , 1 , 1265
16:43:23.382 [main] INFO  c.c.app.process.impl.Search2Impl.fillDetail  266 - ** 1266 ** 127700 , 1 , 1266
16:43:23.382 [main] INFO  c.c.app.process.impl.Search2Impl.fillDetail  266 - ** 1267 ** 127700 , 1 , 1267
16:43:23.382 [main] INFO  c.c.app.process.impl.Search2Impl.searchAll  379 -  SEARCHING 127700 TOGGLE 4 ITEM FOUND 1265
16:43:23.383 [main] INFO  c.c.app.process.impl.Search2Impl.fillDetail  266 - ** 1268 ** 128200 , 1 , 1268
16:43:23.383 [main] INFO  c.c.app.process.impl.Search2Impl.fillDetail  266 - ** 1269 ** 128200 , 1 , 1269
16:43:23.383 [main] INFO  c.c.app.process.impl.Search2Impl.fillDetail  266 - ** 1270 ** 128200 , 1 , 1270
16:43:23.383 [main] INFO  c.c.app.process.impl.Search2Impl.fillDetail  266 - ** 1271 ** 128200 , 1 , 1271
16:43:23.383 [main] INFO  c.c.app.process.impl.Search2Impl.fillDetail  266 - ** 1272 ** 128200 , 1 , 1272
16:43:23.383 [main] INFO  c.c.app.process.impl.Search2Impl.searchAll  379 -  SEARCHING 128200 TOGGLE 5 ITEM FOUND 1268
16:43:23.383 [main] INFO  c.c.app.process.impl.Search2Impl.fillDetail  266 - ** 1273 ** 128800 , 1 , 1273
16:43:23.383 [main] INFO  c.c.app.process.impl.Search2Impl.fillDetail  266 - ** 1274 ** 128800 , 1 , 1274
16:43:23.383 [main] INFO  c.c.app.process.impl.Search2Impl.fillDetail  266 - ** 1275 ** 128800 , 1 , 1275
16:43:23.384 [main] INFO  c.c.app.process.impl.Search2Impl.fillDetail  266 - ** 1276 ** 128800 , 1 , 1276
16:43:23.384 [main] INFO  c.c.app.process.impl.Search2Impl.fillDetail  266 - ** 1277 ** 128800 , 1 , 1277
16:43:23.384 [main] INFO  c.c.app.process.impl.Search2Impl.fillDetail  266 - ** 1278 ** 128800 , 1 , 1278
16:43:23.384 [main] INFO  c.c.app.process.impl.Search2Impl.searchAll  379 -  SEARCHING 128800 TOGGLE 6 ITEM FOUND 1273
16:43:23.384 [main] INFO  c.c.app.process.impl.Search2Impl.fillDetail  266 - ** 1279 ** 129000 , 1 , 1279
16:43:23.384 [main] INFO  c.c.app.process.impl.Search2Impl.fillDetail  266 - ** 1280 ** 129000 , 1 , 1280
16:43:23.385 [main] INFO  c.c.app.process.impl.Search2Impl.searchAll  379 -  SEARCHING 129000 TOGGLE 2 ITEM FOUND 1279
16:43:23.385 [main] INFO  c.c.app.process.impl.Search2Impl.fillDetail  266 - ** 1281 ** 129300 , 1 , 1281
16:43:23.385 [main] INFO  c.c.app.process.impl.Search2Impl.fillDetail  266 - ** 1282 ** 129300 , 1 , 1282
16:43:23.385 [main] INFO  c.c.app.process.impl.Search2Impl.fillDetail  266 - ** 1283 ** 129300 , 1 , 1283
16:43:23.386 [main] INFO  c.c.app.process.impl.Search2Impl.searchAll  379 -  SEARCHING 129300 TOGGLE 3 ITEM FOUND 1282
16:43:23.386 [main] INFO  c.c.app.process.impl.Search2Impl.fillDetail  266 - ** 1284 ** 129700 , 1 , 1284
16:43:23.386 [main] INFO  c.c.app.process.impl.Search2Impl.fillDetail  266 - ** 1285 ** 129700 , 1 , 1285
16:43:23.386 [main] INFO  c.c.app.process.impl.Search2Impl.fillDetail  266 - ** 1286 ** 129700 , 1 , 1286
16:43:23.386 [main] INFO  c.c.app.process.impl.Search2Impl.fillDetail  266 - ** 1287 ** 129700 , 1 , 1287
16:43:23.387 [main] INFO  c.c.app.process.impl.Search2Impl.searchAll  379 -  SEARCHING 129700 TOGGLE 4 ITEM FOUND 1285
16:43:23.387 [main] INFO  c.c.app.process.impl.Search2Impl.fillDetail  266 - ** 1288 ** 130200 , 1 , 1288
16:43:23.387 [main] INFO  c.c.app.process.impl.Search2Impl.fillDetail  266 - ** 1289 ** 130200 , 1 , 1289
16:43:23.387 [main] INFO  c.c.app.process.impl.Search2Impl.fillDetail  266 - ** 1290 ** 130200 , 1 , 1290
16:43:23.387 [main] INFO  c.c.app.process.impl.Search2Impl.fillDetail  266 - ** 1291 ** 130200 , 1 , 1291
16:43:23.387 [main] INFO  c.c.app.process.impl.Search2Impl.fillDetail  266 - ** 1292 ** 130200 , 1 , 1292
16:43:23.388 [main] INFO  c.c.app.process.impl.Search2Impl.searchAll  379 -  SEARCHING 130200 TOGGLE 5 ITEM FOUND 1291
16:43:23.388 [main] INFO  c.c.app.process.impl.Search2Impl.fillDetail  266 - ** 1293 ** 130800 , 1 , 1293
16:43:23.388 [main] INFO  c.c.app.process.impl.Search2Impl.fillDetail  266 - ** 1294 ** 130800 , 1 , 1294
16:43:23.388 [main] INFO  c.c.app.process.impl.Search2Impl.fillDetail  266 - ** 1295 ** 130800 , 1 , 1295
16:43:23.388 [main] INFO  c.c.app.process.impl.Search2Impl.fillDetail  266 - ** 1296 ** 130800 , 1 , 1296
16:43:23.388 [main] INFO  c.c.app.process.impl.Search2Impl.fillDetail  266 - ** 1297 ** 130800 , 1 , 1297
16:43:23.389 [main] INFO  c.c.app.process.impl.Search2Impl.fillDetail  266 - ** 1298 ** 130800 , 1 , 1298
16:43:23.389 [main] INFO  c.c.app.process.impl.Search2Impl.searchAll  379 -  SEARCHING 130800 TOGGLE 6 ITEM FOUND 1296
16:43:23.389 [main] INFO  c.c.app.process.impl.Search2Impl.fillDetail  266 - ** 1299 ** 131000 , 1 , 1299
16:43:23.389 [main] INFO  c.c.app.process.impl.Search2Impl.fillDetail  266 - ** 1300 ** 131000 , 1 , 1300
16:43:23.389 [main] INFO  c.c.app.process.impl.Search2Impl.searchAll  379 -  SEARCHING 131000 TOGGLE 2 ITEM FOUND 1299
16:43:23.390 [main] INFO  c.c.app.process.impl.Search2Impl.fillDetail  266 - ** 1301 ** 131300 , 1 , 1301
16:43:23.390 [main] INFO  c.c.app.process.impl.Search2Impl.fillDetail  266 - ** 1302 ** 131300 , 1 , 1302
16:43:23.390 [main] INFO  c.c.app.process.impl.Search2Impl.fillDetail  266 - ** 1303 ** 131300 , 1 , 1303
16:43:23.390 [main] INFO  c.c.app.process.impl.Search2Impl.searchAll  379 -  SEARCHING 131300 TOGGLE 3 ITEM FOUND 1302
16:43:23.390 [main] INFO  c.c.app.process.impl.Search2Impl.fillDetail  266 - ** 1304 ** 131700 , 1 , 1304
16:43:23.390 [main] INFO  c.c.app.process.impl.Search2Impl.fillDetail  266 - ** 1305 ** 131700 , 1 , 1305
16:43:23.391 [main] INFO  c.c.app.process.impl.Search2Impl.fillDetail  266 - ** 1306 ** 131700 , 1 , 1306
16:43:23.391 [main] INFO  c.c.app.process.impl.Search2Impl.fillDetail  266 - ** 1307 ** 131700 , 1 , 1307
16:43:23.391 [main] INFO  c.c.app.process.impl.Search2Impl.searchAll  379 -  SEARCHING 131700 TOGGLE 4 ITEM FOUND 1305
16:43:23.391 [main] INFO  c.c.app.process.impl.Search2Impl.fillDetail  266 - ** 1308 ** 132200 , 1 , 1308
16:43:23.391 [main] INFO  c.c.app.process.impl.Search2Impl.fillDetail  266 - ** 1309 ** 132200 , 1 , 1309
16:43:23.391 [main] INFO  c.c.app.process.impl.Search2Impl.fillDetail  266 - ** 1310 ** 132200 , 1 , 1310
16:43:23.392 [main] INFO  c.c.app.process.impl.Search2Impl.fillDetail  266 - ** 1311 ** 132200 , 1 , 1311
16:43:23.392 [main] INFO  c.c.app.process.impl.Search2Impl.fillDetail  266 - ** 1312 ** 132200 , 1 , 1312
16:43:23.392 [main] INFO  c.c.app.process.impl.Search2Impl.searchAll  379 -  SEARCHING 132200 TOGGLE 5 ITEM FOUND 1308
16:43:23.392 [main] INFO  c.c.app.process.impl.Search2Impl.fillDetail  266 - ** 1313 ** 132800 , 1 , 1313
16:43:23.392 [main] INFO  c.c.app.process.impl.Search2Impl.fillDetail  266 - ** 1314 ** 132800 , 1 , 1314
16:43:23.393 [main] INFO  c.c.app.process.impl.Search2Impl.fillDetail  266 - ** 1315 ** 132800 , 1 , 1315
16:43:23.393 [main] INFO  c.c.app.process.impl.Search2Impl.fillDetail  266 - ** 1316 ** 132800 , 1 , 1316
16:43:23.393 [main] INFO  c.c.app.process.impl.Search2Impl.fillDetail  266 - ** 1317 ** 132800 , 1 , 1317
16:43:23.393 [main] INFO  c.c.app.process.impl.Search2Impl.fillDetail  266 - ** 1318 ** 132800 , 1 , 1318
16:43:23.393 [main] INFO  c.c.app.process.impl.Search2Impl.searchAll  379 -  SEARCHING 132800 TOGGLE 6 ITEM FOUND 1314
16:43:23.393 [main] INFO  c.c.app.process.impl.Search2Impl.fillDetail  266 - ** 1319 ** 133000 , 1 , 1319
16:43:23.393 [main] INFO  c.c.app.process.impl.Search2Impl.fillDetail  266 - ** 1320 ** 133000 , 1 , 1320
16:43:23.393 [main] INFO  c.c.app.process.impl.Search2Impl.searchAll  379 -  SEARCHING 133000 TOGGLE 2 ITEM FOUND 1319
16:43:23.394 [main] INFO  c.c.app.process.impl.Search2Impl.fillDetail  266 - ** 1321 ** 133300 , 1 , 1321
16:43:23.394 [main] INFO  c.c.app.process.impl.Search2Impl.fillDetail  266 - ** 1322 ** 133300 , 1 , 1322
16:43:23.394 [main] INFO  c.c.app.process.impl.Search2Impl.fillDetail  266 - ** 1323 ** 133300 , 1 , 1323
16:43:23.394 [main] INFO  c.c.app.process.impl.Search2Impl.searchAll  379 -  SEARCHING 133300 TOGGLE 3 ITEM FOUND 1322
16:43:23.394 [main] INFO  c.c.app.process.impl.Search2Impl.fillDetail  266 - ** 1324 ** 133700 , 1 , 1324
16:43:23.394 [main] INFO  c.c.app.process.impl.Search2Impl.fillDetail  266 - ** 1325 ** 133700 , 1 , 1325
16:43:23.394 [main] INFO  c.c.app.process.impl.Search2Impl.fillDetail  266 - ** 1326 ** 133700 , 1 , 1326
16:43:23.394 [main] INFO  c.c.app.process.impl.Search2Impl.fillDetail  266 - ** 1327 ** 133700 , 1 , 1327
16:43:23.394 [main] INFO  c.c.app.process.impl.Search2Impl.searchAll  379 -  SEARCHING 133700 TOGGLE 4 ITEM FOUND 1325
16:43:23.395 [main] INFO  c.c.app.process.impl.Search2Impl.fillDetail  266 - ** 1328 ** 134200 , 1 , 1328
16:43:23.395 [main] INFO  c.c.app.process.impl.Search2Impl.fillDetail  266 - ** 1329 ** 134200 , 1 , 1329
16:43:23.395 [main] INFO  c.c.app.process.impl.Search2Impl.fillDetail  266 - ** 1330 ** 134200 , 1 , 1330
16:43:23.395 [main] INFO  c.c.app.process.impl.Search2Impl.fillDetail  266 - ** 1331 ** 134200 , 1 , 1331
16:43:23.395 [main] INFO  c.c.app.process.impl.Search2Impl.fillDetail  266 - ** 1332 ** 134200 , 1 , 1332
16:43:23.395 [main] INFO  c.c.app.process.impl.Search2Impl.searchAll  379 -  SEARCHING 134200 TOGGLE 5 ITEM FOUND 1331
16:43:23.395 [main] INFO  c.c.app.process.impl.Search2Impl.fillDetail  266 - ** 1333 ** 134800 , 1 , 1333
16:43:23.395 [main] INFO  c.c.app.process.impl.Search2Impl.fillDetail  266 - ** 1334 ** 134800 , 1 , 1334
16:43:23.395 [main] INFO  c.c.app.process.impl.Search2Impl.fillDetail  266 - ** 1335 ** 134800 , 1 , 1335
16:43:23.396 [main] INFO  c.c.app.process.impl.Search2Impl.fillDetail  266 - ** 1336 ** 134800 , 1 , 1336
16:43:23.396 [main] INFO  c.c.app.process.impl.Search2Impl.fillDetail  266 - ** 1337 ** 134800 , 1 , 1337
16:43:23.396 [main] INFO  c.c.app.process.impl.Search2Impl.fillDetail  266 - ** 1338 ** 134800 , 1 , 1338
16:43:23.396 [main] INFO  c.c.app.process.impl.Search2Impl.searchAll  379 -  SEARCHING 134800 TOGGLE 6 ITEM FOUND 1337
16:43:23.396 [main] INFO  c.c.app.process.impl.Search2Impl.fillDetail  266 - ** 1339 ** 135000 , 1 , 1339
16:43:23.396 [main] INFO  c.c.app.process.impl.Search2Impl.fillDetail  266 - ** 1340 ** 135000 , 1 , 1340
16:43:23.396 [main] INFO  c.c.app.process.impl.Search2Impl.searchAll  379 -  SEARCHING 135000 TOGGLE 2 ITEM FOUND 1339
16:43:23.396 [main] INFO  c.c.app.process.impl.Search2Impl.fillDetail  266 - ** 1341 ** 135300 , 1 , 1341
16:43:23.396 [main] INFO  c.c.app.process.impl.Search2Impl.fillDetail  266 - ** 1342 ** 135300 , 1 , 1342
16:43:23.396 [main] INFO  c.c.app.process.impl.Search2Impl.fillDetail  266 - ** 1343 ** 135300 , 1 , 1343
16:43:23.397 [main] INFO  c.c.app.process.impl.Search2Impl.searchAll  379 -  SEARCHING 135300 TOGGLE 3 ITEM FOUND 1342
16:43:23.397 [main] INFO  c.c.app.process.impl.Search2Impl.fillDetail  266 - ** 1344 ** 135700 , 1 , 1344
16:43:23.397 [main] INFO  c.c.app.process.impl.Search2Impl.fillDetail  266 - ** 1345 ** 135700 , 1 , 1345
16:43:23.397 [main] INFO  c.c.app.process.impl.Search2Impl.fillDetail  266 - ** 1346 ** 135700 , 1 , 1346
16:43:23.397 [main] INFO  c.c.app.process.impl.Search2Impl.fillDetail  266 - ** 1347 ** 135700 , 1 , 1347
16:43:23.397 [main] INFO  c.c.app.process.impl.Search2Impl.searchAll  379 -  SEARCHING 135700 TOGGLE 4 ITEM FOUND 1345
16:43:23.397 [main] INFO  c.c.app.process.impl.Search2Impl.fillDetail  266 - ** 1348 ** 136200 , 1 , 1348
16:43:23.397 [main] INFO  c.c.app.process.impl.Search2Impl.fillDetail  266 - ** 1349 ** 136200 , 1 , 1349
16:43:23.397 [main] INFO  c.c.app.process.impl.Search2Impl.fillDetail  266 - ** 1350 ** 136200 , 1 , 1350
16:43:23.398 [main] INFO  c.c.app.process.impl.Search2Impl.fillDetail  266 - ** 1351 ** 136200 , 1 , 1351
16:43:23.398 [main] INFO  c.c.app.process.impl.Search2Impl.fillDetail  266 - ** 1352 ** 136200 , 1 , 1352
16:43:23.398 [main] INFO  c.c.app.process.impl.Search2Impl.searchAll  379 -  SEARCHING 136200 TOGGLE 5 ITEM FOUND 1348
16:43:23.398 [main] INFO  c.c.app.process.impl.Search2Impl.fillDetail  266 - ** 1353 ** 136800 , 1 , 1353
16:43:23.398 [main] INFO  c.c.app.process.impl.Search2Impl.fillDetail  266 - ** 1354 ** 136800 , 1 , 1354
16:43:23.398 [main] INFO  c.c.app.process.impl.Search2Impl.fillDetail  266 - ** 1355 ** 136800 , 1 , 1355
16:43:23.398 [main] INFO  c.c.app.process.impl.Search2Impl.fillDetail  266 - ** 1356 ** 136800 , 1 , 1356
16:43:23.398 [main] INFO  c.c.app.process.impl.Search2Impl.fillDetail  266 - ** 1357 ** 136800 , 1 , 1357
16:43:23.398 [main] INFO  c.c.app.process.impl.Search2Impl.fillDetail  266 - ** 1358 ** 136800 , 1 , 1358
16:43:23.399 [main] INFO  c.c.app.process.impl.Search2Impl.searchAll  379 -  SEARCHING 136800 TOGGLE 6 ITEM FOUND 1354
16:43:23.399 [main] INFO  c.c.app.process.impl.Search2Impl.fillDetail  266 - ** 1359 ** 137000 , 1 , 1359
16:43:23.399 [main] INFO  c.c.app.process.impl.Search2Impl.fillDetail  266 - ** 1360 ** 137000 , 1 , 1360
16:43:23.399 [main] INFO  c.c.app.process.impl.Search2Impl.searchAll  379 -  SEARCHING 137000 TOGGLE 2 ITEM FOUND 1360
16:43:23.399 [main] INFO  c.c.app.process.impl.Search2Impl.fillDetail  266 - ** 1361 ** 137300 , 1 , 1361
16:43:23.400 [main] INFO  c.c.app.process.impl.Search2Impl.fillDetail  266 - ** 1362 ** 137300 , 1 , 1362
16:43:23.400 [main] INFO  c.c.app.process.impl.Search2Impl.fillDetail  266 - ** 1363 ** 137300 , 1 , 1363
16:43:23.400 [main] INFO  c.c.app.process.impl.Search2Impl.searchAll  379 -  SEARCHING 137300 TOGGLE 3 ITEM FOUND 1362
16:43:23.400 [main] INFO  c.c.app.process.impl.Search2Impl.fillDetail  266 - ** 1364 ** 137700 , 1 , 1364
16:43:23.400 [main] INFO  c.c.app.process.impl.Search2Impl.fillDetail  266 - ** 1365 ** 137700 , 1 , 1365
16:43:23.400 [main] INFO  c.c.app.process.impl.Search2Impl.fillDetail  266 - ** 1366 ** 137700 , 1 , 1366
16:43:23.400 [main] INFO  c.c.app.process.impl.Search2Impl.fillDetail  266 - ** 1367 ** 137700 , 1 , 1367
16:43:23.400 [main] INFO  c.c.app.process.impl.Search2Impl.searchAll  379 -  SEARCHING 137700 TOGGLE 4 ITEM FOUND 1365
16:43:23.400 [main] INFO  c.c.app.process.impl.Search2Impl.fillDetail  266 - ** 1368 ** 138200 , 1 , 1368
16:43:23.401 [main] INFO  c.c.app.process.impl.Search2Impl.fillDetail  266 - ** 1369 ** 138200 , 1 , 1369
16:43:23.401 [main] INFO  c.c.app.process.impl.Search2Impl.fillDetail  266 - ** 1370 ** 138200 , 1 , 1370
16:43:23.401 [main] INFO  c.c.app.process.impl.Search2Impl.fillDetail  266 - ** 1371 ** 138200 , 1 , 1371
16:43:23.401 [main] INFO  c.c.app.process.impl.Search2Impl.fillDetail  266 - ** 1372 ** 138200 , 1 , 1372
16:43:23.401 [main] INFO  c.c.app.process.impl.Search2Impl.searchAll  379 -  SEARCHING 138200 TOGGLE 5 ITEM FOUND 1371
16:43:23.401 [main] INFO  c.c.app.process.impl.Search2Impl.fillDetail  266 - ** 1373 ** 138800 , 1 , 1373
16:43:23.401 [main] INFO  c.c.app.process.impl.Search2Impl.fillDetail  266 - ** 1374 ** 138800 , 1 , 1374
16:43:23.401 [main] INFO  c.c.app.process.impl.Search2Impl.fillDetail  266 - ** 1375 ** 138800 , 1 , 1375
16:43:23.402 [main] INFO  c.c.app.process.impl.Search2Impl.fillDetail  266 - ** 1376 ** 138800 , 1 , 1376
16:43:23.402 [main] INFO  c.c.app.process.impl.Search2Impl.fillDetail  266 - ** 1377 ** 138800 , 1 , 1377
16:43:23.402 [main] INFO  c.c.app.process.impl.Search2Impl.fillDetail  266 - ** 1378 ** 138800 , 1 , 1378
16:43:23.402 [main] INFO  c.c.app.process.impl.Search2Impl.searchAll  379 -  SEARCHING 138800 TOGGLE 6 ITEM FOUND 1377
16:43:23.402 [main] INFO  c.c.app.process.impl.Search2Impl.fillDetail  266 - ** 1379 ** 139000 , 1 , 1379
16:43:23.402 [main] INFO  c.c.app.process.impl.Search2Impl.fillDetail  266 - ** 1380 ** 139000 , 1 , 1380
16:43:23.402 [main] INFO  c.c.app.process.impl.Search2Impl.searchAll  379 -  SEARCHING 139000 TOGGLE 2 ITEM FOUND 1380
16:43:23.402 [main] INFO  c.c.app.process.impl.Search2Impl.fillDetail  266 - ** 1381 ** 139300 , 1 , 1381
16:43:23.402 [main] INFO  c.c.app.process.impl.Search2Impl.fillDetail  266 - ** 1382 ** 139300 , 1 , 1382
16:43:23.403 [main] INFO  c.c.app.process.impl.Search2Impl.fillDetail  266 - ** 1383 ** 139300 , 1 , 1383
16:43:23.403 [main] INFO  c.c.app.process.impl.Search2Impl.searchAll  379 -  SEARCHING 139300 TOGGLE 3 ITEM FOUND 1383
16:43:23.403 [main] INFO  c.c.app.process.impl.Search2Impl.fillDetail  266 - ** 1384 ** 139700 , 1 , 1384
16:43:23.403 [main] INFO  c.c.app.process.impl.Search2Impl.fillDetail  266 - ** 1385 ** 139700 , 1 , 1385
16:43:23.403 [main] INFO  c.c.app.process.impl.Search2Impl.fillDetail  266 - ** 1386 ** 139700 , 1 , 1386
16:43:23.403 [main] INFO  c.c.app.process.impl.Search2Impl.fillDetail  266 - ** 1387 ** 139700 , 1 , 1387
16:43:23.403 [main] INFO  c.c.app.process.impl.Search2Impl.searchAll  379 -  SEARCHING 139700 TOGGLE 4 ITEM FOUND 1385
16:43:23.403 [main] INFO  c.c.app.process.impl.Search2Impl.fillDetail  266 - ** 1388 ** 140200 , 1 , 1388
16:43:23.403 [main] INFO  c.c.app.process.impl.Search2Impl.fillDetail  266 - ** 1389 ** 140200 , 1 , 1389
16:43:23.404 [main] INFO  c.c.app.process.impl.Search2Impl.fillDetail  266 - ** 1390 ** 140200 , 1 , 1390
16:43:23.404 [main] INFO  c.c.app.process.impl.Search2Impl.fillDetail  266 - ** 1391 ** 140200 , 1 , 1391
16:43:23.404 [main] INFO  c.c.app.process.impl.Search2Impl.fillDetail  266 - ** 1392 ** 140200 , 1 , 1392
16:43:23.404 [main] INFO  c.c.app.process.impl.Search2Impl.searchAll  379 -  SEARCHING 140200 TOGGLE 5 ITEM FOUND 1388
16:43:23.404 [main] INFO  c.c.app.process.impl.Search2Impl.fillDetail  266 - ** 1393 ** 140800 , 1 , 1393
16:43:23.404 [main] INFO  c.c.app.process.impl.Search2Impl.fillDetail  266 - ** 1394 ** 140800 , 1 , 1394
16:43:23.404 [main] INFO  c.c.app.process.impl.Search2Impl.fillDetail  266 - ** 1395 ** 140800 , 1 , 1395
16:43:23.404 [main] INFO  c.c.app.process.impl.Search2Impl.fillDetail  266 - ** 1396 ** 140800 , 1 , 1396
16:43:23.404 [main] INFO  c.c.app.process.impl.Search2Impl.fillDetail  266 - ** 1397 ** 140800 , 1 , 1397
16:43:23.404 [main] INFO  c.c.app.process.impl.Search2Impl.fillDetail  266 - ** 1398 ** 140800 , 1 , 1398
16:43:23.405 [main] INFO  c.c.app.process.impl.Search2Impl.searchAll  379 -  SEARCHING 140800 TOGGLE 6 ITEM FOUND 1394
16:43:23.405 [main] INFO  c.c.app.process.impl.Search2Impl.fillDetail  266 - ** 1399 ** 141000 , 1 , 1399
16:43:23.405 [main] INFO  c.c.app.process.impl.Search2Impl.fillDetail  266 - ** 1400 ** 141000 , 1 , 1400
16:43:23.405 [main] INFO  c.c.app.process.impl.Search2Impl.searchAll  379 -  SEARCHING 141000 TOGGLE 2 ITEM FOUND 1400
16:43:23.405 [main] INFO  c.c.app.process.impl.Search2Impl.fillDetail  266 - ** 1401 ** 141300 , 1 , 1401
16:43:23.405 [main] INFO  c.c.app.process.impl.Search2Impl.fillDetail  266 - ** 1402 ** 141300 , 1 , 1402
16:43:23.405 [main] INFO  c.c.app.process.impl.Search2Impl.fillDetail  266 - ** 1403 ** 141300 , 1 , 1403
16:43:23.405 [main] INFO  c.c.app.process.impl.Search2Impl.searchAll  379 -  SEARCHING 141300 TOGGLE 3 ITEM FOUND 1403
16:43:23.405 [main] INFO  c.c.app.process.impl.Search2Impl.fillDetail  266 - ** 1404 ** 141700 , 1 , 1404
16:43:23.406 [main] INFO  c.c.app.process.impl.Search2Impl.fillDetail  266 - ** 1405 ** 141700 , 1 , 1405
16:43:23.406 [main] INFO  c.c.app.process.impl.Search2Impl.fillDetail  266 - ** 1406 ** 141700 , 1 , 1406
16:43:23.406 [main] INFO  c.c.app.process.impl.Search2Impl.fillDetail  266 - ** 1407 ** 141700 , 1 , 1407
16:43:23.406 [main] INFO  c.c.app.process.impl.Search2Impl.searchAll  379 -  SEARCHING 141700 TOGGLE 4 ITEM FOUND 1406
16:43:23.406 [main] INFO  c.c.app.process.impl.Search2Impl.fillDetail  266 - ** 1408 ** 142200 , 1 , 1408
16:43:23.406 [main] INFO  c.c.app.process.impl.Search2Impl.fillDetail  266 - ** 1409 ** 142200 , 1 , 1409
16:43:23.406 [main] INFO  c.c.app.process.impl.Search2Impl.fillDetail  266 - ** 1410 ** 142200 , 1 , 1410
16:43:23.406 [main] INFO  c.c.app.process.impl.Search2Impl.fillDetail  266 - ** 1411 ** 142200 , 1 , 1411
16:43:23.406 [main] INFO  c.c.app.process.impl.Search2Impl.fillDetail  266 - ** 1412 ** 142200 , 1 , 1412
16:43:23.407 [main] INFO  c.c.app.process.impl.Search2Impl.searchAll  379 -  SEARCHING 142200 TOGGLE 5 ITEM FOUND 1411
16:43:23.407 [main] INFO  c.c.app.process.impl.Search2Impl.fillDetail  266 - ** 1413 ** 142800 , 1 , 1413
16:43:23.407 [main] INFO  c.c.app.process.impl.Search2Impl.fillDetail  266 - ** 1414 ** 142800 , 1 , 1414
16:43:23.407 [main] INFO  c.c.app.process.impl.Search2Impl.fillDetail  266 - ** 1415 ** 142800 , 1 , 1415
16:43:23.407 [main] INFO  c.c.app.process.impl.Search2Impl.fillDetail  266 - ** 1416 ** 142800 , 1 , 1416
16:43:23.407 [main] INFO  c.c.app.process.impl.Search2Impl.fillDetail  266 - ** 1417 ** 142800 , 1 , 1417
16:43:23.407 [main] INFO  c.c.app.process.impl.Search2Impl.fillDetail  266 - ** 1418 ** 142800 , 1 , 1418
16:43:23.407 [main] INFO  c.c.app.process.impl.Search2Impl.searchAll  379 -  SEARCHING 142800 TOGGLE 6 ITEM FOUND 1417
16:43:23.407 [main] INFO  c.c.app.process.impl.Search2Impl.fillDetail  266 - ** 1419 ** 143000 , 1 , 1419
16:43:23.407 [main] INFO  c.c.app.process.impl.Search2Impl.fillDetail  266 - ** 1420 ** 143000 , 1 , 1420
16:43:23.408 [main] INFO  c.c.app.process.impl.Search2Impl.searchAll  379 -  SEARCHING 143000 TOGGLE 2 ITEM FOUND 1420
16:43:23.408 [main] INFO  c.c.app.process.impl.Search2Impl.fillDetail  266 - ** 1421 ** 143300 , 1 , 1421
16:43:23.408 [main] INFO  c.c.app.process.impl.Search2Impl.fillDetail  266 - ** 1422 ** 143300 , 1 , 1422
16:43:23.408 [main] INFO  c.c.app.process.impl.Search2Impl.fillDetail  266 - ** 1423 ** 143300 , 1 , 1423
16:43:23.408 [main] INFO  c.c.app.process.impl.Search2Impl.searchAll  379 -  SEARCHING 143300 TOGGLE 3 ITEM FOUND 1423
16:43:23.408 [main] INFO  c.c.app.process.impl.Search2Impl.fillDetail  266 - ** 1424 ** 143700 , 1 , 1424
16:43:23.408 [main] INFO  c.c.app.process.impl.Search2Impl.fillDetail  266 - ** 1425 ** 143700 , 1 , 1425
16:43:23.408 [main] INFO  c.c.app.process.impl.Search2Impl.fillDetail  266 - ** 1426 ** 143700 , 1 , 1426
16:43:23.408 [main] INFO  c.c.app.process.impl.Search2Impl.fillDetail  266 - ** 1427 ** 143700 , 1 , 1427
16:43:23.409 [main] INFO  c.c.app.process.impl.Search2Impl.searchAll  379 -  SEARCHING 143700 TOGGLE 4 ITEM FOUND 1426
16:43:23.409 [main] INFO  c.c.app.process.impl.Search2Impl.fillDetail  266 - ** 1428 ** 144200 , 1 , 1428
16:43:23.409 [main] INFO  c.c.app.process.impl.Search2Impl.fillDetail  266 - ** 1429 ** 144200 , 1 , 1429
16:43:23.409 [main] INFO  c.c.app.process.impl.Search2Impl.fillDetail  266 - ** 1430 ** 144200 , 1 , 1430
16:43:23.409 [main] INFO  c.c.app.process.impl.Search2Impl.fillDetail  266 - ** 1431 ** 144200 , 1 , 1431
16:43:23.409 [main] INFO  c.c.app.process.impl.Search2Impl.fillDetail  266 - ** 1432 ** 144200 , 1 , 1432
16:43:23.409 [main] INFO  c.c.app.process.impl.Search2Impl.searchAll  379 -  SEARCHING 144200 TOGGLE 5 ITEM FOUND 1429
16:43:23.409 [main] INFO  c.c.app.process.impl.Search2Impl.fillDetail  266 - ** 1433 ** 144800 , 1 , 1433
16:43:23.410 [main] INFO  c.c.app.process.impl.Search2Impl.fillDetail  266 - ** 1434 ** 144800 , 1 , 1434
16:43:23.410 [main] INFO  c.c.app.process.impl.Search2Impl.fillDetail  266 - ** 1435 ** 144800 , 1 , 1435
16:43:23.410 [main] INFO  c.c.app.process.impl.Search2Impl.fillDetail  266 - ** 1436 ** 144800 , 1 , 1436
16:43:23.410 [main] INFO  c.c.app.process.impl.Search2Impl.fillDetail  266 - ** 1437 ** 144800 , 1 , 1437
16:43:23.410 [main] INFO  c.c.app.process.impl.Search2Impl.fillDetail  266 - ** 1438 ** 144800 , 1 , 1438
16:43:23.410 [main] INFO  c.c.app.process.impl.Search2Impl.searchAll  379 -  SEARCHING 144800 TOGGLE 6 ITEM FOUND 1434
16:43:23.410 [main] INFO  c.c.app.process.impl.Search2Impl.fillDetail  266 - ** 1439 ** 145000 , 1 , 1439
16:43:23.410 [main] INFO  c.c.app.process.impl.Search2Impl.fillDetail  266 - ** 1440 ** 145000 , 1 , 1440
16:43:23.410 [main] INFO  c.c.app.process.impl.Search2Impl.searchAll  379 -  SEARCHING 145000 TOGGLE 2 ITEM FOUND 1440
16:43:23.411 [main] INFO  c.c.app.process.impl.Search2Impl.fillDetail  266 - ** 1441 ** 145300 , 1 , 1441
16:43:23.411 [main] INFO  c.c.app.process.impl.Search2Impl.fillDetail  266 - ** 1442 ** 145300 , 1 , 1442
16:43:23.411 [main] INFO  c.c.app.process.impl.Search2Impl.fillDetail  266 - ** 1443 ** 145300 , 1 , 1443
16:43:23.411 [main] INFO  c.c.app.process.impl.Search2Impl.searchAll  379 -  SEARCHING 145300 TOGGLE 3 ITEM FOUND 1443
16:43:23.411 [main] INFO  c.c.app.process.impl.Search2Impl.fillDetail  266 - ** 1444 ** 145700 , 1 , 1444
16:43:23.411 [main] INFO  c.c.app.process.impl.Search2Impl.fillDetail  266 - ** 1445 ** 145700 , 1 , 1445
16:43:23.411 [main] INFO  c.c.app.process.impl.Search2Impl.fillDetail  266 - ** 1446 ** 145700 , 1 , 1446
16:43:23.411 [main] INFO  c.c.app.process.impl.Search2Impl.fillDetail  266 - ** 1447 ** 145700 , 1 , 1447
16:43:23.411 [main] INFO  c.c.app.process.impl.Search2Impl.searchAll  379 -  SEARCHING 145700 TOGGLE 4 ITEM FOUND 1446
16:43:23.411 [main] INFO  c.c.app.process.impl.Search2Impl.fillDetail  266 - ** 1448 ** 146200 , 1 , 1448
16:43:23.412 [main] INFO  c.c.app.process.impl.Search2Impl.fillDetail  266 - ** 1449 ** 146200 , 1 , 1449
16:43:23.412 [main] INFO  c.c.app.process.impl.Search2Impl.fillDetail  266 - ** 1450 ** 146200 , 1 , 1450
16:43:23.412 [main] INFO  c.c.app.process.impl.Search2Impl.fillDetail  266 - ** 1451 ** 146200 , 1 , 1451
16:43:23.412 [main] INFO  c.c.app.process.impl.Search2Impl.fillDetail  266 - ** 1452 ** 146200 , 1 , 1452
16:43:23.412 [main] INFO  c.c.app.process.impl.Search2Impl.searchAll  379 -  SEARCHING 146200 TOGGLE 5 ITEM FOUND 1452
16:43:23.412 [main] INFO  c.c.app.process.impl.Search2Impl.fillDetail  266 - ** 1453 ** 146800 , 1 , 1453
16:43:23.412 [main] INFO  c.c.app.process.impl.Search2Impl.fillDetail  266 - ** 1454 ** 146800 , 1 , 1454
16:43:23.412 [main] INFO  c.c.app.process.impl.Search2Impl.fillDetail  266 - ** 1455 ** 146800 , 1 , 1455
16:43:23.413 [main] INFO  c.c.app.process.impl.Search2Impl.fillDetail  266 - ** 1456 ** 146800 , 1 , 1456
16:43:23.413 [main] INFO  c.c.app.process.impl.Search2Impl.fillDetail  266 - ** 1457 ** 146800 , 1 , 1457
16:43:23.413 [main] INFO  c.c.app.process.impl.Search2Impl.fillDetail  266 - ** 1458 ** 146800 , 1 , 1458
16:43:23.413 [main] INFO  c.c.app.process.impl.Search2Impl.searchAll  379 -  SEARCHING 146800 TOGGLE 6 ITEM FOUND 1458
16:43:23.413 [main] INFO  c.c.app.process.impl.Search2Impl.fillDetail  266 - ** 1459 ** 147000 , 1 , 1459
16:43:23.413 [main] INFO  c.c.app.process.impl.Search2Impl.fillDetail  266 - ** 1460 ** 147000 , 1 , 1460
16:43:23.413 [main] INFO  c.c.app.process.impl.Search2Impl.searchAll  379 -  SEARCHING 147000 TOGGLE 2 ITEM FOUND 1459
16:43:23.413 [main] INFO  c.c.app.process.impl.Search2Impl.fillDetail  266 - ** 1461 ** 147300 , 1 , 1461
16:43:23.414 [main] INFO  c.c.app.process.impl.Search2Impl.fillDetail  266 - ** 1462 ** 147300 , 1 , 1462
16:43:23.414 [main] INFO  c.c.app.process.impl.Search2Impl.fillDetail  266 - ** 1463 ** 147300 , 1 , 1463
16:43:23.414 [main] INFO  c.c.app.process.impl.Search2Impl.searchAll  379 -  SEARCHING 147300 TOGGLE 3 ITEM FOUND 1461
16:43:23.414 [main] INFO  c.c.app.process.impl.Search2Impl.fillDetail  266 - ** 1464 ** 147700 , 1 , 1464
16:43:23.414 [main] INFO  c.c.app.process.impl.Search2Impl.fillDetail  266 - ** 1465 ** 147700 , 1 , 1465
16:43:23.414 [main] INFO  c.c.app.process.impl.Search2Impl.fillDetail  266 - ** 1466 ** 147700 , 1 , 1466
16:43:23.414 [main] INFO  c.c.app.process.impl.Search2Impl.fillDetail  266 - ** 1467 ** 147700 , 1 , 1467
16:43:23.414 [main] INFO  c.c.app.process.impl.Search2Impl.searchAll  379 -  SEARCHING 147700 TOGGLE 4 ITEM FOUND 1464
16:43:23.414 [main] INFO  c.c.app.process.impl.Search2Impl.fillDetail  266 - ** 1468 ** 148200 , 1 , 1468
16:43:23.415 [main] INFO  c.c.app.process.impl.Search2Impl.fillDetail  266 - ** 1469 ** 148200 , 1 , 1469
16:43:23.415 [main] INFO  c.c.app.process.impl.Search2Impl.fillDetail  266 - ** 1470 ** 148200 , 1 , 1470
16:43:23.415 [main] INFO  c.c.app.process.impl.Search2Impl.fillDetail  266 - ** 1471 ** 148200 , 1 , 1471
16:43:23.415 [main] INFO  c.c.app.process.impl.Search2Impl.fillDetail  266 - ** 1472 ** 148200 , 1 , 1472
16:43:23.415 [main] INFO  c.c.app.process.impl.Search2Impl.searchAll  379 -  SEARCHING 148200 TOGGLE 5 ITEM FOUND 1470
16:43:23.415 [main] INFO  c.c.app.process.impl.Search2Impl.fillDetail  266 - ** 1473 ** 148800 , 1 , 1473
16:43:23.415 [main] INFO  c.c.app.process.impl.Search2Impl.fillDetail  266 - ** 1474 ** 148800 , 1 , 1474
16:43:23.416 [main] INFO  c.c.app.process.impl.Search2Impl.fillDetail  266 - ** 1475 ** 148800 , 1 , 1475
16:43:23.416 [main] INFO  c.c.app.process.impl.Search2Impl.fillDetail  266 - ** 1476 ** 148800 , 1 , 1476
16:43:23.416 [main] INFO  c.c.app.process.impl.Search2Impl.fillDetail  266 - ** 1477 ** 148800 , 1 , 1477
16:43:23.416 [main] INFO  c.c.app.process.impl.Search2Impl.fillDetail  266 - ** 1478 ** 148800 , 1 , 1478
16:43:23.416 [main] INFO  c.c.app.process.impl.Search2Impl.searchAll  379 -  SEARCHING 148800 TOGGLE 6 ITEM FOUND 1476
16:43:23.416 [main] INFO  c.c.app.process.impl.Search2Impl.fillDetail  266 - ** 1479 ** 149000 , 1 , 1479
16:43:23.416 [main] INFO  c.c.app.process.impl.Search2Impl.fillDetail  266 - ** 1480 ** 149000 , 1 , 1480
16:43:23.417 [main] INFO  c.c.app.process.impl.Search2Impl.searchAll  379 -  SEARCHING 149000 TOGGLE 2 ITEM FOUND 1479
16:43:23.417 [main] INFO  c.c.app.process.impl.Search2Impl.fillDetail  266 - ** 1481 ** 149300 , 1 , 1481
16:43:23.417 [main] INFO  c.c.app.process.impl.Search2Impl.fillDetail  266 - ** 1482 ** 149300 , 1 , 1482
16:43:23.417 [main] INFO  c.c.app.process.impl.Search2Impl.fillDetail  266 - ** 1483 ** 149300 , 1 , 1483
16:43:23.417 [main] INFO  c.c.app.process.impl.Search2Impl.searchAll  379 -  SEARCHING 149300 TOGGLE 3 ITEM FOUND 1481
16:43:23.418 [main] INFO  c.c.app.process.impl.Search2Impl.fillDetail  266 - ** 1484 ** 149700 , 1 , 1484
16:43:23.418 [main] INFO  c.c.app.process.impl.Search2Impl.fillDetail  266 - ** 1485 ** 149700 , 1 , 1485
16:43:23.418 [main] INFO  c.c.app.process.impl.Search2Impl.fillDetail  266 - ** 1486 ** 149700 , 1 , 1486
16:43:23.418 [main] INFO  c.c.app.process.impl.Search2Impl.fillDetail  266 - ** 1487 ** 149700 , 1 , 1487
16:43:23.418 [main] INFO  c.c.app.process.impl.Search2Impl.searchAll  379 -  SEARCHING 149700 TOGGLE 4 ITEM FOUND 1487
16:43:23.418 [main] INFO  c.c.app.process.impl.Search2Impl.fillDetail  266 - ** 1488 ** 150200 , 1 , 1488
16:43:23.419 [main] INFO  c.c.app.process.impl.Search2Impl.fillDetail  266 - ** 1489 ** 150200 , 1 , 1489
16:43:23.419 [main] INFO  c.c.app.process.impl.Search2Impl.fillDetail  266 - ** 1490 ** 150200 , 1 , 1490
16:43:23.419 [main] INFO  c.c.app.process.impl.Search2Impl.fillDetail  266 - ** 1491 ** 150200 , 1 , 1491
16:43:23.419 [main] INFO  c.c.app.process.impl.Search2Impl.fillDetail  266 - ** 1492 ** 150200 , 1 , 1492
16:43:23.419 [main] INFO  c.c.app.process.impl.Search2Impl.searchAll  379 -  SEARCHING 150200 TOGGLE 5 ITEM FOUND 1490
16:43:23.419 [main] INFO  c.c.app.process.impl.Search2Impl.fillDetail  266 - ** 1493 ** 150800 , 1 , 1493
16:43:23.419 [main] INFO  c.c.app.process.impl.Search2Impl.fillDetail  266 - ** 1494 ** 150800 , 1 , 1494
16:43:23.419 [main] INFO  c.c.app.process.impl.Search2Impl.fillDetail  266 - ** 1495 ** 150800 , 1 , 1495
16:43:23.419 [main] INFO  c.c.app.process.impl.Search2Impl.fillDetail  266 - ** 1496 ** 150800 , 1 , 1496
16:43:23.420 [main] INFO  c.c.app.process.impl.Search2Impl.fillDetail  266 - ** 1497 ** 150800 , 1 , 1497
16:43:23.420 [main] INFO  c.c.app.process.impl.Search2Impl.fillDetail  266 - ** 1498 ** 150800 , 1 , 1498
16:43:23.420 [main] INFO  c.c.app.process.impl.Search2Impl.searchAll  379 -  SEARCHING 150800 TOGGLE 6 ITEM FOUND 1493
16:43:23.420 [main] INFO  c.c.app.process.impl.Search2Impl.fillDetail  266 - ** 1499 ** 151000 , 1 , 1499
16:43:23.420 [main] INFO  c.c.app.process.impl.Search2Impl.fillDetail  266 - ** 1500 ** 151000 , 1 , 1500
16:43:23.420 [main] INFO  c.c.app.process.impl.Search2Impl.searchAll  379 -  SEARCHING 151000 TOGGLE 2 ITEM FOUND 1499
16:43:23.420 [main] INFO  c.c.app.process.impl.Search2Impl.fillDetail  266 - ** 1501 ** 151300 , 1 , 1501
16:43:23.420 [main] INFO  c.c.app.process.impl.Search2Impl.fillDetail  266 - ** 1502 ** 151300 , 1 , 1502
16:43:23.420 [main] INFO  c.c.app.process.impl.Search2Impl.fillDetail  266 - ** 1503 ** 151300 , 1 , 1503
16:43:23.421 [main] INFO  c.c.app.process.impl.Search2Impl.searchAll  379 -  SEARCHING 151300 TOGGLE 3 ITEM FOUND 1501
16:43:23.421 [main] INFO  c.c.app.process.impl.Search2Impl.fillDetail  266 - ** 1504 ** 151700 , 1 , 1504
16:43:23.421 [main] INFO  c.c.app.process.impl.Search2Impl.fillDetail  266 - ** 1505 ** 151700 , 1 , 1505
16:43:23.421 [main] INFO  c.c.app.process.impl.Search2Impl.fillDetail  266 - ** 1506 ** 151700 , 1 , 1506
16:43:23.421 [main] INFO  c.c.app.process.impl.Search2Impl.fillDetail  266 - ** 1507 ** 151700 , 1 , 1507
16:43:23.421 [main] INFO  c.c.app.process.impl.Search2Impl.searchAll  379 -  SEARCHING 151700 TOGGLE 4 ITEM FOUND 1504
16:43:23.421 [main] INFO  c.c.app.process.impl.Search2Impl.fillDetail  266 - ** 1508 ** 152200 , 1 , 1508
16:43:23.421 [main] INFO  c.c.app.process.impl.Search2Impl.fillDetail  266 - ** 1509 ** 152200 , 1 , 1509
16:43:23.421 [main] INFO  c.c.app.process.impl.Search2Impl.fillDetail  266 - ** 1510 ** 152200 , 1 , 1510
16:43:23.422 [main] INFO  c.c.app.process.impl.Search2Impl.fillDetail  266 - ** 1511 ** 152200 , 1 , 1511
16:43:23.422 [main] INFO  c.c.app.process.impl.Search2Impl.fillDetail  266 - ** 1512 ** 152200 , 1 , 1512
16:43:23.422 [main] INFO  c.c.app.process.impl.Search2Impl.searchAll  379 -  SEARCHING 152200 TOGGLE 5 ITEM FOUND 1510
16:43:23.422 [main] INFO  c.c.app.process.impl.Search2Impl.fillDetail  266 - ** 1513 ** 152800 , 1 , 1513
16:43:23.422 [main] INFO  c.c.app.process.impl.Search2Impl.fillDetail  266 - ** 1514 ** 152800 , 1 , 1514
16:43:23.422 [main] INFO  c.c.app.process.impl.Search2Impl.fillDetail  266 - ** 1515 ** 152800 , 1 , 1515
16:43:23.422 [main] INFO  c.c.app.process.impl.Search2Impl.fillDetail  266 - ** 1516 ** 152800 , 1 , 1516
16:43:23.422 [main] INFO  c.c.app.process.impl.Search2Impl.fillDetail  266 - ** 1517 ** 152800 , 1 , 1517
16:43:23.422 [main] INFO  c.c.app.process.impl.Search2Impl.fillDetail  266 - ** 1518 ** 152800 , 1 , 1518
16:43:23.423 [main] INFO  c.c.app.process.impl.Search2Impl.searchAll  379 -  SEARCHING 152800 TOGGLE 6 ITEM FOUND 1516
16:43:23.423 [main] INFO  c.c.app.process.impl.Search2Impl.fillDetail  266 - ** 1519 ** 153000 , 1 , 1519
16:43:23.423 [main] INFO  c.c.app.process.impl.Search2Impl.fillDetail  266 - ** 1520 ** 153000 , 1 , 1520
16:43:23.423 [main] INFO  c.c.app.process.impl.Search2Impl.searchAll  379 -  SEARCHING 153000 TOGGLE 2 ITEM FOUND 1519
16:43:23.423 [main] INFO  c.c.app.process.impl.Search2Impl.fillDetail  266 - ** 1521 ** 153300 , 1 , 1521
16:43:23.423 [main] INFO  c.c.app.process.impl.Search2Impl.fillDetail  266 - ** 1522 ** 153300 , 1 , 1522
16:43:23.423 [main] INFO  c.c.app.process.impl.Search2Impl.fillDetail  266 - ** 1523 ** 153300 , 1 , 1523
16:43:23.423 [main] INFO  c.c.app.process.impl.Search2Impl.searchAll  379 -  SEARCHING 153300 TOGGLE 3 ITEM FOUND 1522
16:43:23.423 [main] INFO  c.c.app.process.impl.Search2Impl.fillDetail  266 - ** 1524 ** 153700 , 1 , 1524
16:43:23.423 [main] INFO  c.c.app.process.impl.Search2Impl.fillDetail  266 - ** 1525 ** 153700 , 1 , 1525
16:43:23.424 [main] INFO  c.c.app.process.impl.Search2Impl.fillDetail  266 - ** 1526 ** 153700 , 1 , 1526
16:43:23.424 [main] INFO  c.c.app.process.impl.Search2Impl.fillDetail  266 - ** 1527 ** 153700 , 1 , 1527
16:43:23.424 [main] INFO  c.c.app.process.impl.Search2Impl.searchAll  379 -  SEARCHING 153700 TOGGLE 4 ITEM FOUND 1527
16:43:23.424 [main] INFO  c.c.app.process.impl.Search2Impl.fillDetail  266 - ** 1528 ** 154200 , 1 , 1528
16:43:23.424 [main] INFO  c.c.app.process.impl.Search2Impl.fillDetail  266 - ** 1529 ** 154200 , 1 , 1529
16:43:23.424 [main] INFO  c.c.app.process.impl.Search2Impl.fillDetail  266 - ** 1530 ** 154200 , 1 , 1530
16:43:23.424 [main] INFO  c.c.app.process.impl.Search2Impl.fillDetail  266 - ** 1531 ** 154200 , 1 , 1531
16:43:23.424 [main] INFO  c.c.app.process.impl.Search2Impl.fillDetail  266 - ** 1532 ** 154200 , 1 , 1532
16:43:23.425 [main] INFO  c.c.app.process.impl.Search2Impl.searchAll  379 -  SEARCHING 154200 TOGGLE 5 ITEM FOUND 1530
16:43:23.425 [main] INFO  c.c.app.process.impl.Search2Impl.fillDetail  266 - ** 1533 ** 154800 , 1 , 1533
16:43:23.425 [main] INFO  c.c.app.process.impl.Search2Impl.fillDetail  266 - ** 1534 ** 154800 , 1 , 1534
16:43:23.425 [main] INFO  c.c.app.process.impl.Search2Impl.fillDetail  266 - ** 1535 ** 154800 , 1 , 1535
16:43:23.425 [main] INFO  c.c.app.process.impl.Search2Impl.fillDetail  266 - ** 1536 ** 154800 , 1 , 1536
16:43:23.425 [main] INFO  c.c.app.process.impl.Search2Impl.fillDetail  266 - ** 1537 ** 154800 , 1 , 1537
16:43:23.425 [main] INFO  c.c.app.process.impl.Search2Impl.fillDetail  266 - ** 1538 ** 154800 , 1 , 1538
16:43:23.425 [main] INFO  c.c.app.process.impl.Search2Impl.searchAll  379 -  SEARCHING 154800 TOGGLE 6 ITEM FOUND 1533
16:43:23.425 [main] INFO  c.c.app.process.impl.Search2Impl.fillDetail  266 - ** 1539 ** 155000 , 1 , 1539
16:43:23.426 [main] INFO  c.c.app.process.impl.Search2Impl.fillDetail  266 - ** 1540 ** 155000 , 1 , 1540
16:43:23.426 [main] INFO  c.c.app.process.impl.Search2Impl.searchAll  379 -  SEARCHING 155000 TOGGLE 2 ITEM FOUND 1539
16:43:23.426 [main] INFO  c.c.app.process.impl.Search2Impl.fillDetail  266 - ** 1541 ** 155300 , 1 , 1541
16:43:23.426 [main] INFO  c.c.app.process.impl.Search2Impl.fillDetail  266 - ** 1542 ** 155300 , 1 , 1542
16:43:23.426 [main] INFO  c.c.app.process.impl.Search2Impl.fillDetail  266 - ** 1543 ** 155300 , 1 , 1543
16:43:23.426 [main] INFO  c.c.app.process.impl.Search2Impl.searchAll  379 -  SEARCHING 155300 TOGGLE 3 ITEM FOUND 1542
16:43:23.426 [main] INFO  c.c.app.process.impl.Search2Impl.fillDetail  266 - ** 1544 ** 155700 , 1 , 1544
16:43:23.426 [main] INFO  c.c.app.process.impl.Search2Impl.fillDetail  266 - ** 1545 ** 155700 , 1 , 1545
16:43:23.426 [main] INFO  c.c.app.process.impl.Search2Impl.fillDetail  266 - ** 1546 ** 155700 , 1 , 1546
16:43:23.427 [main] INFO  c.c.app.process.impl.Search2Impl.fillDetail  266 - ** 1547 ** 155700 , 1 , 1547
16:43:23.427 [main] INFO  c.c.app.process.impl.Search2Impl.searchAll  379 -  SEARCHING 155700 TOGGLE 4 ITEM FOUND 1545
16:43:23.427 [main] INFO  c.c.app.process.impl.Search2Impl.fillDetail  266 - ** 1548 ** 156200 , 1 , 1548
16:43:23.427 [main] INFO  c.c.app.process.impl.Search2Impl.fillDetail  266 - ** 1549 ** 156200 , 1 , 1549
16:43:23.427 [main] INFO  c.c.app.process.impl.Search2Impl.fillDetail  266 - ** 1550 ** 156200 , 1 , 1550
16:43:23.427 [main] INFO  c.c.app.process.impl.Search2Impl.fillDetail  266 - ** 1551 ** 156200 , 1 , 1551
16:43:23.427 [main] INFO  c.c.app.process.impl.Search2Impl.fillDetail  266 - ** 1552 ** 156200 , 1 , 1552
16:43:23.427 [main] INFO  c.c.app.process.impl.Search2Impl.searchAll  379 -  SEARCHING 156200 TOGGLE 5 ITEM FOUND 1550
16:43:23.427 [main] INFO  c.c.app.process.impl.Search2Impl.fillDetail  266 - ** 1553 ** 156800 , 1 , 1553
16:43:23.427 [main] INFO  c.c.app.process.impl.Search2Impl.fillDetail  266 - ** 1554 ** 156800 , 1 , 1554
16:43:23.428 [main] INFO  c.c.app.process.impl.Search2Impl.fillDetail  266 - ** 1555 ** 156800 , 1 , 1555
16:43:23.428 [main] INFO  c.c.app.process.impl.Search2Impl.fillDetail  266 - ** 1556 ** 156800 , 1 , 1556
16:43:23.428 [main] INFO  c.c.app.process.impl.Search2Impl.fillDetail  266 - ** 1557 ** 156800 , 1 , 1557
16:43:23.428 [main] INFO  c.c.app.process.impl.Search2Impl.fillDetail  266 - ** 1558 ** 156800 , 1 , 1558
16:43:23.428 [main] INFO  c.c.app.process.impl.Search2Impl.searchAll  379 -  SEARCHING 156800 TOGGLE 6 ITEM FOUND 1556
16:43:23.428 [main] INFO  c.c.app.process.impl.Search2Impl.fillDetail  266 - ** 1559 ** 157000 , 1 , 1559
16:43:23.428 [main] INFO  c.c.app.process.impl.Search2Impl.fillDetail  266 - ** 1560 ** 157000 , 1 , 1560
16:43:23.428 [main] INFO  c.c.app.process.impl.Search2Impl.searchAll  379 -  SEARCHING 157000 TOGGLE 2 ITEM FOUND 1559
16:43:23.428 [main] INFO  c.c.app.process.impl.Search2Impl.fillDetail  266 - ** 1561 ** 157300 , 1 , 1561
16:43:23.429 [main] INFO  c.c.app.process.impl.Search2Impl.fillDetail  266 - ** 1562 ** 157300 , 1 , 1562
16:43:23.429 [main] INFO  c.c.app.process.impl.Search2Impl.fillDetail  266 - ** 1563 ** 157300 , 1 , 1563
16:43:23.429 [main] INFO  c.c.app.process.impl.Search2Impl.searchAll  379 -  SEARCHING 157300 TOGGLE 3 ITEM FOUND 1562
16:43:23.429 [main] INFO  c.c.app.process.impl.Search2Impl.fillDetail  266 - ** 1564 ** 157700 , 1 , 1564
16:43:23.429 [main] INFO  c.c.app.process.impl.Search2Impl.fillDetail  266 - ** 1565 ** 157700 , 1 , 1565
16:43:23.429 [main] INFO  c.c.app.process.impl.Search2Impl.fillDetail  266 - ** 1566 ** 157700 , 1 , 1566
16:43:23.429 [main] INFO  c.c.app.process.impl.Search2Impl.fillDetail  266 - ** 1567 ** 157700 , 1 , 1567
16:43:23.429 [main] INFO  c.c.app.process.impl.Search2Impl.searchAll  379 -  SEARCHING 157700 TOGGLE 4 ITEM FOUND 1565
16:43:23.429 [main] INFO  c.c.app.process.impl.Search2Impl.fillDetail  266 - ** 1568 ** 158200 , 1 , 1568
16:43:23.429 [main] INFO  c.c.app.process.impl.Search2Impl.fillDetail  266 - ** 1569 ** 158200 , 1 , 1569
16:43:23.430 [main] INFO  c.c.app.process.impl.Search2Impl.fillDetail  266 - ** 1570 ** 158200 , 1 , 1570
16:43:23.430 [main] INFO  c.c.app.process.impl.Search2Impl.fillDetail  266 - ** 1571 ** 158200 , 1 , 1571
16:43:23.430 [main] INFO  c.c.app.process.impl.Search2Impl.fillDetail  266 - ** 1572 ** 158200 , 1 , 1572
16:43:23.430 [main] INFO  c.c.app.process.impl.Search2Impl.searchAll  379 -  SEARCHING 158200 TOGGLE 5 ITEM FOUND 1568
16:43:23.430 [main] INFO  c.c.app.process.impl.Search2Impl.fillDetail  266 - ** 1573 ** 158800 , 1 , 1573
16:43:23.430 [main] INFO  c.c.app.process.impl.Search2Impl.fillDetail  266 - ** 1574 ** 158800 , 1 , 1574
16:43:23.430 [main] INFO  c.c.app.process.impl.Search2Impl.fillDetail  266 - ** 1575 ** 158800 , 1 , 1575
16:43:23.430 [main] INFO  c.c.app.process.impl.Search2Impl.fillDetail  266 - ** 1576 ** 158800 , 1 , 1576
16:43:23.430 [main] INFO  c.c.app.process.impl.Search2Impl.fillDetail  266 - ** 1577 ** 158800 , 1 , 1577
16:43:23.431 [main] INFO  c.c.app.process.impl.Search2Impl.fillDetail  266 - ** 1578 ** 158800 , 1 , 1578
16:43:23.431 [main] INFO  c.c.app.process.impl.Search2Impl.searchAll  379 -  SEARCHING 158800 TOGGLE 6 ITEM FOUND 1573
16:43:23.431 [main] INFO  c.c.app.process.impl.Search2Impl.fillDetail  266 - ** 1579 ** 159000 , 1 , 1579
16:43:23.431 [main] INFO  c.c.app.process.impl.Search2Impl.fillDetail  266 - ** 1580 ** 159000 , 1 , 1580
16:43:23.431 [main] INFO  c.c.app.process.impl.Search2Impl.searchAll  379 -  SEARCHING 159000 TOGGLE 2 ITEM FOUND 1579
16:43:23.431 [main] INFO  c.c.app.process.impl.Search2Impl.fillDetail  266 - ** 1581 ** 159300 , 1 , 1581
16:43:23.431 [main] INFO  c.c.app.process.impl.Search2Impl.fillDetail  266 - ** 1582 ** 159300 , 1 , 1582
16:43:23.431 [main] INFO  c.c.app.process.impl.Search2Impl.fillDetail  266 - ** 1583 ** 159300 , 1 , 1583
16:43:23.431 [main] INFO  c.c.app.process.impl.Search2Impl.searchAll  379 -  SEARCHING 159300 TOGGLE 3 ITEM FOUND 1582
16:43:23.432 [main] INFO  c.c.app.process.impl.Search2Impl.fillDetail  266 - ** 1584 ** 159700 , 1 , 1584
16:43:23.432 [main] INFO  c.c.app.process.impl.Search2Impl.fillDetail  266 - ** 1585 ** 159700 , 1 , 1585
16:43:23.432 [main] INFO  c.c.app.process.impl.Search2Impl.fillDetail  266 - ** 1586 ** 159700 , 1 , 1586
16:43:23.432 [main] INFO  c.c.app.process.impl.Search2Impl.fillDetail  266 - ** 1587 ** 159700 , 1 , 1587
16:43:23.432 [main] INFO  c.c.app.process.impl.Search2Impl.searchAll  379 -  SEARCHING 159700 TOGGLE 4 ITEM FOUND 1585
16:43:23.432 [main] INFO  c.c.app.process.impl.Search2Impl.fillDetail  266 - ** 1588 ** 160200 , 1 , 1588
16:43:23.432 [main] INFO  c.c.app.process.impl.Search2Impl.fillDetail  266 - ** 1589 ** 160200 , 1 , 1589
16:43:23.432 [main] INFO  c.c.app.process.impl.Search2Impl.fillDetail  266 - ** 1590 ** 160200 , 1 , 1590
16:43:23.432 [main] INFO  c.c.app.process.impl.Search2Impl.fillDetail  266 - ** 1591 ** 160200 , 1 , 1591
16:43:23.433 [main] INFO  c.c.app.process.impl.Search2Impl.fillDetail  266 - ** 1592 ** 160200 , 1 , 1592
16:43:23.433 [main] INFO  c.c.app.process.impl.Search2Impl.searchAll  379 -  SEARCHING 160200 TOGGLE 5 ITEM FOUND 1591
16:43:23.433 [main] INFO  c.c.app.process.impl.Search2Impl.fillDetail  266 - ** 1593 ** 160800 , 1 , 1593
16:43:23.433 [main] INFO  c.c.app.process.impl.Search2Impl.fillDetail  266 - ** 1594 ** 160800 , 1 , 1594
16:43:23.433 [main] INFO  c.c.app.process.impl.Search2Impl.fillDetail  266 - ** 1595 ** 160800 , 1 , 1595
16:43:23.433 [main] INFO  c.c.app.process.impl.Search2Impl.fillDetail  266 - ** 1596 ** 160800 , 1 , 1596
16:43:23.433 [main] INFO  c.c.app.process.impl.Search2Impl.fillDetail  266 - ** 1597 ** 160800 , 1 , 1597
16:43:23.433 [main] INFO  c.c.app.process.impl.Search2Impl.fillDetail  266 - ** 1598 ** 160800 , 1 , 1598
16:43:23.434 [main] INFO  c.c.app.process.impl.Search2Impl.searchAll  379 -  SEARCHING 160800 TOGGLE 6 ITEM FOUND 1596
16:43:23.434 [main] INFO  c.c.app.process.impl.Search2Impl.fillDetail  266 - ** 1599 ** 161000 , 1 , 1599
16:43:23.434 [main] INFO  c.c.app.process.impl.Search2Impl.fillDetail  266 - ** 1600 ** 161000 , 1 , 1600
16:43:23.434 [main] INFO  c.c.app.process.impl.Search2Impl.searchAll  379 -  SEARCHING 161000 TOGGLE 2 ITEM FOUND 1599
16:43:23.434 [main] INFO  c.c.app.process.impl.Search2Impl.fillDetail  266 - ** 1601 ** 161300 , 1 , 1601
16:43:23.434 [main] INFO  c.c.app.process.impl.Search2Impl.fillDetail  266 - ** 1602 ** 161300 , 1 , 1602
16:43:23.434 [main] INFO  c.c.app.process.impl.Search2Impl.fillDetail  266 - ** 1603 ** 161300 , 1 , 1603
16:43:23.434 [main] INFO  c.c.app.process.impl.Search2Impl.searchAll  379 -  SEARCHING 161300 TOGGLE 3 ITEM FOUND 1602
16:43:23.434 [main] INFO  c.c.app.process.impl.Search2Impl.fillDetail  266 - ** 1604 ** 161700 , 1 , 1604
16:43:23.435 [main] INFO  c.c.app.process.impl.Search2Impl.fillDetail  266 - ** 1605 ** 161700 , 1 , 1605
16:43:23.435 [main] INFO  c.c.app.process.impl.Search2Impl.fillDetail  266 - ** 1606 ** 161700 , 1 , 1606
16:43:23.435 [main] INFO  c.c.app.process.impl.Search2Impl.fillDetail  266 - ** 1607 ** 161700 , 1 , 1607
16:43:23.435 [main] INFO  c.c.app.process.impl.Search2Impl.searchAll  379 -  SEARCHING 161700 TOGGLE 4 ITEM FOUND 1605
16:43:23.435 [main] INFO  c.c.app.process.impl.Search2Impl.fillDetail  266 - ** 1608 ** 162200 , 1 , 1608
16:43:23.435 [main] INFO  c.c.app.process.impl.Search2Impl.fillDetail  266 - ** 1609 ** 162200 , 1 , 1609
16:43:23.435 [main] INFO  c.c.app.process.impl.Search2Impl.fillDetail  266 - ** 1610 ** 162200 , 1 , 1610
16:43:23.435 [main] INFO  c.c.app.process.impl.Search2Impl.fillDetail  266 - ** 1611 ** 162200 , 1 , 1611
16:43:23.435 [main] INFO  c.c.app.process.impl.Search2Impl.fillDetail  266 - ** 1612 ** 162200 , 1 , 1612
16:43:23.435 [main] INFO  c.c.app.process.impl.Search2Impl.searchAll  379 -  SEARCHING 162200 TOGGLE 5 ITEM FOUND 1608
16:43:23.436 [main] INFO  c.c.app.process.impl.Search2Impl.fillDetail  266 - ** 1613 ** 162800 , 1 , 1613
16:43:23.436 [main] INFO  c.c.app.process.impl.Search2Impl.fillDetail  266 - ** 1614 ** 162800 , 1 , 1614
16:43:23.436 [main] INFO  c.c.app.process.impl.Search2Impl.fillDetail  266 - ** 1615 ** 162800 , 1 , 1615
16:43:23.436 [main] INFO  c.c.app.process.impl.Search2Impl.fillDetail  266 - ** 1616 ** 162800 , 1 , 1616
16:43:23.436 [main] INFO  c.c.app.process.impl.Search2Impl.fillDetail  266 - ** 1617 ** 162800 , 1 , 1617
16:43:23.436 [main] INFO  c.c.app.process.impl.Search2Impl.fillDetail  266 - ** 1618 ** 162800 , 1 , 1618
16:43:23.436 [main] INFO  c.c.app.process.impl.Search2Impl.searchAll  379 -  SEARCHING 162800 TOGGLE 6 ITEM FOUND 1614
16:43:23.436 [main] INFO  c.c.app.process.impl.Search2Impl.fillDetail  266 - ** 1619 ** 163000 , 1 , 1619
16:43:23.436 [main] INFO  c.c.app.process.impl.Search2Impl.fillDetail  266 - ** 1620 ** 163000 , 1 , 1620
16:43:23.437 [main] INFO  c.c.app.process.impl.Search2Impl.searchAll  379 -  SEARCHING 163000 TOGGLE 2 ITEM FOUND 1619
16:43:23.437 [main] INFO  c.c.app.process.impl.Search2Impl.fillDetail  266 - ** 1621 ** 163300 , 1 , 1621
16:43:23.437 [main] INFO  c.c.app.process.impl.Search2Impl.fillDetail  266 - ** 1622 ** 163300 , 1 , 1622
16:43:23.437 [main] INFO  c.c.app.process.impl.Search2Impl.fillDetail  266 - ** 1623 ** 163300 , 1 , 1623
16:43:23.437 [main] INFO  c.c.app.process.impl.Search2Impl.searchAll  379 -  SEARCHING 163300 TOGGLE 3 ITEM FOUND 1622
16:43:23.437 [main] INFO  c.c.app.process.impl.Search2Impl.fillDetail  266 - ** 1624 ** 163700 , 1 , 1624
16:43:23.437 [main] INFO  c.c.app.process.impl.Search2Impl.fillDetail  266 - ** 1625 ** 163700 , 1 , 1625
16:43:23.437 [main] INFO  c.c.app.process.impl.Search2Impl.fillDetail  266 - ** 1626 ** 163700 , 1 , 1626
16:43:23.437 [main] INFO  c.c.app.process.impl.Search2Impl.fillDetail  266 - ** 1627 ** 163700 , 1 , 1627
16:43:23.437 [main] INFO  c.c.app.process.impl.Search2Impl.searchAll  379 -  SEARCHING 163700 TOGGLE 4 ITEM FOUND 1625
16:43:23.438 [main] INFO  c.c.app.process.impl.Search2Impl.fillDetail  266 - ** 1628 ** 164200 , 1 , 1628
16:43:23.438 [main] INFO  c.c.app.process.impl.Search2Impl.fillDetail  266 - ** 1629 ** 164200 , 1 , 1629
16:43:23.438 [main] INFO  c.c.app.process.impl.Search2Impl.fillDetail  266 - ** 1630 ** 164200 , 1 , 1630
16:43:23.438 [main] INFO  c.c.app.process.impl.Search2Impl.fillDetail  266 - ** 1631 ** 164200 , 1 , 1631
16:43:23.438 [main] INFO  c.c.app.process.impl.Search2Impl.fillDetail  266 - ** 1632 ** 164200 , 1 , 1632
16:43:23.438 [main] INFO  c.c.app.process.impl.Search2Impl.searchAll  379 -  SEARCHING 164200 TOGGLE 5 ITEM FOUND 1631
16:43:23.438 [main] INFO  c.c.app.process.impl.Search2Impl.fillDetail  266 - ** 1633 ** 164800 , 1 , 1633
16:43:23.438 [main] INFO  c.c.app.process.impl.Search2Impl.fillDetail  266 - ** 1634 ** 164800 , 1 , 1634
16:43:23.438 [main] INFO  c.c.app.process.impl.Search2Impl.fillDetail  266 - ** 1635 ** 164800 , 1 , 1635
16:43:23.439 [main] INFO  c.c.app.process.impl.Search2Impl.fillDetail  266 - ** 1636 ** 164800 , 1 , 1636
16:43:23.439 [main] INFO  c.c.app.process.impl.Search2Impl.fillDetail  266 - ** 1637 ** 164800 , 1 , 1637
16:43:23.439 [main] INFO  c.c.app.process.impl.Search2Impl.fillDetail  266 - ** 1638 ** 164800 , 1 , 1638
16:43:23.439 [main] INFO  c.c.app.process.impl.Search2Impl.searchAll  379 -  SEARCHING 164800 TOGGLE 6 ITEM FOUND 1637
16:43:23.439 [main] INFO  c.c.app.process.impl.Search2Impl.fillDetail  266 - ** 1639 ** 165000 , 1 , 1639
16:43:23.439 [main] INFO  c.c.app.process.impl.Search2Impl.fillDetail  266 - ** 1640 ** 165000 , 1 , 1640
16:43:23.439 [main] INFO  c.c.app.process.impl.Search2Impl.searchAll  379 -  SEARCHING 165000 TOGGLE 2 ITEM FOUND 1639
16:43:23.439 [main] INFO  c.c.app.process.impl.Search2Impl.fillDetail  266 - ** 1641 ** 165300 , 1 , 1641
16:43:23.439 [main] INFO  c.c.app.process.impl.Search2Impl.fillDetail  266 - ** 1642 ** 165300 , 1 , 1642
16:43:23.439 [main] INFO  c.c.app.process.impl.Search2Impl.fillDetail  266 - ** 1643 ** 165300 , 1 , 1643
16:43:23.440 [main] INFO  c.c.app.process.impl.Search2Impl.searchAll  379 -  SEARCHING 165300 TOGGLE 3 ITEM FOUND 1642
16:43:23.440 [main] INFO  c.c.app.process.impl.Search2Impl.fillDetail  266 - ** 1644 ** 165700 , 1 , 1644
16:43:23.440 [main] INFO  c.c.app.process.impl.Search2Impl.fillDetail  266 - ** 1645 ** 165700 , 1 , 1645
16:43:23.440 [main] INFO  c.c.app.process.impl.Search2Impl.fillDetail  266 - ** 1646 ** 165700 , 1 , 1646
16:43:23.440 [main] INFO  c.c.app.process.impl.Search2Impl.fillDetail  266 - ** 1647 ** 165700 , 1 , 1647
16:43:23.440 [main] INFO  c.c.app.process.impl.Search2Impl.searchAll  379 -  SEARCHING 165700 TOGGLE 4 ITEM FOUND 1645
16:43:23.440 [main] INFO  c.c.app.process.impl.Search2Impl.fillDetail  266 - ** 1648 ** 166200 , 1 , 1648
16:43:23.440 [main] INFO  c.c.app.process.impl.Search2Impl.fillDetail  266 - ** 1649 ** 166200 , 1 , 1649
16:43:23.440 [main] INFO  c.c.app.process.impl.Search2Impl.fillDetail  266 - ** 1650 ** 166200 , 1 , 1650
16:43:23.441 [main] INFO  c.c.app.process.impl.Search2Impl.fillDetail  266 - ** 1651 ** 166200 , 1 , 1651
16:43:23.441 [main] INFO  c.c.app.process.impl.Search2Impl.fillDetail  266 - ** 1652 ** 166200 , 1 , 1652
16:43:23.441 [main] INFO  c.c.app.process.impl.Search2Impl.searchAll  379 -  SEARCHING 166200 TOGGLE 5 ITEM FOUND 1648
16:43:23.441 [main] INFO  c.c.app.process.impl.Search2Impl.fillDetail  266 - ** 1653 ** 166800 , 1 , 1653
16:43:23.441 [main] INFO  c.c.app.process.impl.Search2Impl.fillDetail  266 - ** 1654 ** 166800 , 1 , 1654
16:43:23.441 [main] INFO  c.c.app.process.impl.Search2Impl.fillDetail  266 - ** 1655 ** 166800 , 1 , 1655
16:43:23.441 [main] INFO  c.c.app.process.impl.Search2Impl.fillDetail  266 - ** 1656 ** 166800 , 1 , 1656
16:43:23.441 [main] INFO  c.c.app.process.impl.Search2Impl.fillDetail  266 - ** 1657 ** 166800 , 1 , 1657
16:43:23.441 [main] INFO  c.c.app.process.impl.Search2Impl.fillDetail  266 - ** 1658 ** 166800 , 1 , 1658
16:43:23.442 [main] INFO  c.c.app.process.impl.Search2Impl.searchAll  379 -  SEARCHING 166800 TOGGLE 6 ITEM FOUND 1654
16:43:23.442 [main] INFO  c.c.app.process.impl.Search2Impl.fillDetail  266 - ** 1659 ** 167000 , 1 , 1659
16:43:23.442 [main] INFO  c.c.app.process.impl.Search2Impl.fillDetail  266 - ** 1660 ** 167000 , 1 , 1660
16:43:23.442 [main] INFO  c.c.app.process.impl.Search2Impl.searchAll  379 -  SEARCHING 167000 TOGGLE 2 ITEM FOUND 1660
16:43:23.442 [main] INFO  c.c.app.process.impl.Search2Impl.fillDetail  266 - ** 1661 ** 167300 , 1 , 1661
16:43:23.442 [main] INFO  c.c.app.process.impl.Search2Impl.fillDetail  266 - ** 1662 ** 167300 , 1 , 1662
16:43:23.442 [main] INFO  c.c.app.process.impl.Search2Impl.fillDetail  266 - ** 1663 ** 167300 , 1 , 1663
16:43:23.442 [main] INFO  c.c.app.process.impl.Search2Impl.searchAll  379 -  SEARCHING 167300 TOGGLE 3 ITEM FOUND 1662
16:43:23.442 [main] INFO  c.c.app.process.impl.Search2Impl.fillDetail  266 - ** 1664 ** 167700 , 1 , 1664
16:43:23.442 [main] INFO  c.c.app.process.impl.Search2Impl.fillDetail  266 - ** 1665 ** 167700 , 1 , 1665
16:43:23.443 [main] INFO  c.c.app.process.impl.Search2Impl.fillDetail  266 - ** 1666 ** 167700 , 1 , 1666
16:43:23.443 [main] INFO  c.c.app.process.impl.Search2Impl.fillDetail  266 - ** 1667 ** 167700 , 1 , 1667
16:43:23.443 [main] INFO  c.c.app.process.impl.Search2Impl.searchAll  379 -  SEARCHING 167700 TOGGLE 4 ITEM FOUND 1665
16:43:23.443 [main] INFO  c.c.app.process.impl.Search2Impl.fillDetail  266 - ** 1668 ** 168200 , 1 , 1668
16:43:23.443 [main] INFO  c.c.app.process.impl.Search2Impl.fillDetail  266 - ** 1669 ** 168200 , 1 , 1669
16:43:23.443 [main] INFO  c.c.app.process.impl.Search2Impl.fillDetail  266 - ** 1670 ** 168200 , 1 , 1670
16:43:23.443 [main] INFO  c.c.app.process.impl.Search2Impl.fillDetail  266 - ** 1671 ** 168200 , 1 , 1671
16:43:23.443 [main] INFO  c.c.app.process.impl.Search2Impl.fillDetail  266 - ** 1672 ** 168200 , 1 , 1672
16:43:23.443 [main] INFO  c.c.app.process.impl.Search2Impl.searchAll  379 -  SEARCHING 168200 TOGGLE 5 ITEM FOUND 1671
16:43:23.444 [main] INFO  c.c.app.process.impl.Search2Impl.fillDetail  266 - ** 1673 ** 168800 , 1 , 1673
16:43:23.444 [main] INFO  c.c.app.process.impl.Search2Impl.fillDetail  266 - ** 1674 ** 168800 , 1 , 1674
16:43:23.444 [main] INFO  c.c.app.process.impl.Search2Impl.fillDetail  266 - ** 1675 ** 168800 , 1 , 1675
16:43:23.444 [main] INFO  c.c.app.process.impl.Search2Impl.fillDetail  266 - ** 1676 ** 168800 , 1 , 1676
16:43:23.444 [main] INFO  c.c.app.process.impl.Search2Impl.fillDetail  266 - ** 1677 ** 168800 , 1 , 1677
16:43:23.444 [main] INFO  c.c.app.process.impl.Search2Impl.fillDetail  266 - ** 1678 ** 168800 , 1 , 1678
16:43:23.444 [main] INFO  c.c.app.process.impl.Search2Impl.searchAll  379 -  SEARCHING 168800 TOGGLE 6 ITEM FOUND 1677
16:43:23.444 [main] INFO  c.c.app.process.impl.Search2Impl.fillDetail  266 - ** 1679 ** 169000 , 1 , 1679
16:43:23.444 [main] INFO  c.c.app.process.impl.Search2Impl.fillDetail  266 - ** 1680 ** 169000 , 1 , 1680
16:43:23.445 [main] INFO  c.c.app.process.impl.Search2Impl.searchAll  379 -  SEARCHING 169000 TOGGLE 2 ITEM FOUND 1680
16:43:23.445 [main] INFO  c.c.app.process.impl.Search2Impl.fillDetail  266 - ** 1681 ** 169300 , 1 , 1681
16:43:23.445 [main] INFO  c.c.app.process.impl.Search2Impl.fillDetail  266 - ** 1682 ** 169300 , 1 , 1682
16:43:23.445 [main] INFO  c.c.app.process.impl.Search2Impl.fillDetail  266 - ** 1683 ** 169300 , 1 , 1683
16:43:23.445 [main] INFO  c.c.app.process.impl.Search2Impl.searchAll  379 -  SEARCHING 169300 TOGGLE 3 ITEM FOUND 1683
16:43:23.445 [main] INFO  c.c.app.process.impl.Search2Impl.fillDetail  266 - ** 1684 ** 169700 , 1 , 1684
16:43:23.445 [main] INFO  c.c.app.process.impl.Search2Impl.fillDetail  266 - ** 1685 ** 169700 , 1 , 1685
16:43:23.445 [main] INFO  c.c.app.process.impl.Search2Impl.fillDetail  266 - ** 1686 ** 169700 , 1 , 1686
16:43:23.445 [main] INFO  c.c.app.process.impl.Search2Impl.fillDetail  266 - ** 1687 ** 169700 , 1 , 1687
16:43:23.446 [main] INFO  c.c.app.process.impl.Search2Impl.searchAll  379 -  SEARCHING 169700 TOGGLE 4 ITEM FOUND 1685
16:43:23.446 [main] INFO  c.c.app.process.impl.Search2Impl.fillDetail  266 - ** 1688 ** 170200 , 1 , 1688
16:43:23.446 [main] INFO  c.c.app.process.impl.Search2Impl.fillDetail  266 - ** 1689 ** 170200 , 1 , 1689
16:43:23.446 [main] INFO  c.c.app.process.impl.Search2Impl.fillDetail  266 - ** 1690 ** 170200 , 1 , 1690
16:43:23.446 [main] INFO  c.c.app.process.impl.Search2Impl.fillDetail  266 - ** 1691 ** 170200 , 1 , 1691
16:43:23.446 [main] INFO  c.c.app.process.impl.Search2Impl.fillDetail  266 - ** 1692 ** 170200 , 1 , 1692
16:43:23.446 [main] INFO  c.c.app.process.impl.Search2Impl.searchAll  379 -  SEARCHING 170200 TOGGLE 5 ITEM FOUND 1688
16:43:23.446 [main] INFO  c.c.app.process.impl.Search2Impl.fillDetail  266 - ** 1693 ** 170800 , 1 , 1693
16:43:23.446 [main] INFO  c.c.app.process.impl.Search2Impl.fillDetail  266 - ** 1694 ** 170800 , 1 , 1694
16:43:23.446 [main] INFO  c.c.app.process.impl.Search2Impl.fillDetail  266 - ** 1695 ** 170800 , 1 , 1695
16:43:23.447 [main] INFO  c.c.app.process.impl.Search2Impl.fillDetail  266 - ** 1696 ** 170800 , 1 , 1696
16:43:23.447 [main] INFO  c.c.app.process.impl.Search2Impl.fillDetail  266 - ** 1697 ** 170800 , 1 , 1697
16:43:23.447 [main] INFO  c.c.app.process.impl.Search2Impl.fillDetail  266 - ** 1698 ** 170800 , 1 , 1698
16:43:23.447 [main] INFO  c.c.app.process.impl.Search2Impl.searchAll  379 -  SEARCHING 170800 TOGGLE 6 ITEM FOUND 1694
16:43:23.447 [main] INFO  c.c.app.process.impl.Search2Impl.fillDetail  266 - ** 1699 ** 171000 , 1 , 1699
16:43:23.447 [main] INFO  c.c.app.process.impl.Search2Impl.fillDetail  266 - ** 1700 ** 171000 , 1 , 1700
16:43:23.447 [main] INFO  c.c.app.process.impl.Search2Impl.searchAll  379 -  SEARCHING 171000 TOGGLE 2 ITEM FOUND 1700
16:43:23.447 [main] INFO  c.c.app.process.impl.Search2Impl.fillDetail  266 - ** 1701 ** 171300 , 1 , 1701
16:43:23.447 [main] INFO  c.c.app.process.impl.Search2Impl.fillDetail  266 - ** 1702 ** 171300 , 1 , 1702
16:43:23.448 [main] INFO  c.c.app.process.impl.Search2Impl.fillDetail  266 - ** 1703 ** 171300 , 1 , 1703
16:43:23.448 [main] INFO  c.c.app.process.impl.Search2Impl.searchAll  379 -  SEARCHING 171300 TOGGLE 3 ITEM FOUND 1703
16:43:23.448 [main] INFO  c.c.app.process.impl.Search2Impl.fillDetail  266 - ** 1704 ** 171700 , 1 , 1704
16:43:23.448 [main] INFO  c.c.app.process.impl.Search2Impl.fillDetail  266 - ** 1705 ** 171700 , 1 , 1705
16:43:23.448 [main] INFO  c.c.app.process.impl.Search2Impl.fillDetail  266 - ** 1706 ** 171700 , 1 , 1706
16:43:23.448 [main] INFO  c.c.app.process.impl.Search2Impl.fillDetail  266 - ** 1707 ** 171700 , 1 , 1707
16:43:23.448 [main] INFO  c.c.app.process.impl.Search2Impl.searchAll  379 -  SEARCHING 171700 TOGGLE 4 ITEM FOUND 1706
16:43:23.448 [main] INFO  c.c.app.process.impl.Search2Impl.fillDetail  266 - ** 1708 ** 172200 , 1 , 1708
16:43:23.448 [main] INFO  c.c.app.process.impl.Search2Impl.fillDetail  266 - ** 1709 ** 172200 , 1 , 1709
16:43:23.448 [main] INFO  c.c.app.process.impl.Search2Impl.fillDetail  266 - ** 1710 ** 172200 , 1 , 1710
16:43:23.449 [main] INFO  c.c.app.process.impl.Search2Impl.fillDetail  266 - ** 1711 ** 172200 , 1 , 1711
16:43:23.449 [main] INFO  c.c.app.process.impl.Search2Impl.fillDetail  266 - ** 1712 ** 172200 , 1 , 1712
16:43:23.449 [main] INFO  c.c.app.process.impl.Search2Impl.searchAll  379 -  SEARCHING 172200 TOGGLE 5 ITEM FOUND 1711
16:43:23.449 [main] INFO  c.c.app.process.impl.Search2Impl.fillDetail  266 - ** 1713 ** 172800 , 1 , 1713
16:43:23.449 [main] INFO  c.c.app.process.impl.Search2Impl.fillDetail  266 - ** 1714 ** 172800 , 1 , 1714
16:43:23.449 [main] INFO  c.c.app.process.impl.Search2Impl.fillDetail  266 - ** 1715 ** 172800 , 1 , 1715
16:43:23.449 [main] INFO  c.c.app.process.impl.Search2Impl.fillDetail  266 - ** 1716 ** 172800 , 1 , 1716
16:43:23.449 [main] INFO  c.c.app.process.impl.Search2Impl.fillDetail  266 - ** 1717 ** 172800 , 1 , 1717
16:43:23.449 [main] INFO  c.c.app.process.impl.Search2Impl.fillDetail  266 - ** 1718 ** 172800 , 1 , 1718
16:43:23.450 [main] INFO  c.c.app.process.impl.Search2Impl.searchAll  379 -  SEARCHING 172800 TOGGLE 6 ITEM FOUND 1717
16:43:23.450 [main] INFO  c.c.app.process.impl.Search2Impl.fillDetail  266 - ** 1719 ** 173000 , 1 , 1719
16:43:23.450 [main] INFO  c.c.app.process.impl.Search2Impl.fillDetail  266 - ** 1720 ** 173000 , 1 , 1720
16:43:23.450 [main] INFO  c.c.app.process.impl.Search2Impl.searchAll  379 -  SEARCHING 173000 TOGGLE 2 ITEM FOUND 1720
16:43:23.450 [main] INFO  c.c.app.process.impl.Search2Impl.fillDetail  266 - ** 1721 ** 173300 , 1 , 1721
16:43:23.450 [main] INFO  c.c.app.process.impl.Search2Impl.fillDetail  266 - ** 1722 ** 173300 , 1 , 1722
16:43:23.450 [main] INFO  c.c.app.process.impl.Search2Impl.fillDetail  266 - ** 1723 ** 173300 , 1 , 1723
16:43:23.450 [main] INFO  c.c.app.process.impl.Search2Impl.searchAll  379 -  SEARCHING 173300 TOGGLE 3 ITEM FOUND 1723
16:43:23.450 [main] INFO  c.c.app.process.impl.Search2Impl.fillDetail  266 - ** 1724 ** 173700 , 1 , 1724
16:43:23.450 [main] INFO  c.c.app.process.impl.Search2Impl.fillDetail  266 - ** 1725 ** 173700 , 1 , 1725
16:43:23.451 [main] INFO  c.c.app.process.impl.Search2Impl.fillDetail  266 - ** 1726 ** 173700 , 1 , 1726
16:43:23.451 [main] INFO  c.c.app.process.impl.Search2Impl.fillDetail  266 - ** 1727 ** 173700 , 1 , 1727
16:43:23.451 [main] INFO  c.c.app.process.impl.Search2Impl.searchAll  379 -  SEARCHING 173700 TOGGLE 4 ITEM FOUND 1726
16:43:23.451 [main] INFO  c.c.app.process.impl.Search2Impl.fillDetail  266 - ** 1728 ** 174200 , 1 , 1728
16:43:23.451 [main] INFO  c.c.app.process.impl.Search2Impl.fillDetail  266 - ** 1729 ** 174200 , 1 , 1729
16:43:23.451 [main] INFO  c.c.app.process.impl.Search2Impl.fillDetail  266 - ** 1730 ** 174200 , 1 , 1730
16:43:23.451 [main] INFO  c.c.app.process.impl.Search2Impl.fillDetail  266 - ** 1731 ** 174200 , 1 , 1731
16:43:23.451 [main] INFO  c.c.app.process.impl.Search2Impl.fillDetail  266 - ** 1732 ** 174200 , 1 , 1732
16:43:23.452 [main] INFO  c.c.app.process.impl.Search2Impl.searchAll  379 -  SEARCHING 174200 TOGGLE 5 ITEM FOUND 1729
16:43:23.452 [main] INFO  c.c.app.process.impl.Search2Impl.fillDetail  266 - ** 1733 ** 174800 , 1 , 1733
16:43:23.452 [main] INFO  c.c.app.process.impl.Search2Impl.fillDetail  266 - ** 1734 ** 174800 , 1 , 1734
16:43:23.452 [main] INFO  c.c.app.process.impl.Search2Impl.fillDetail  266 - ** 1735 ** 174800 , 1 , 1735
16:43:23.452 [main] INFO  c.c.app.process.impl.Search2Impl.fillDetail  266 - ** 1736 ** 174800 , 1 , 1736
16:43:23.452 [main] INFO  c.c.app.process.impl.Search2Impl.fillDetail  266 - ** 1737 ** 174800 , 1 , 1737
16:43:23.452 [main] INFO  c.c.app.process.impl.Search2Impl.fillDetail  266 - ** 1738 ** 174800 , 1 , 1738
16:43:23.452 [main] INFO  c.c.app.process.impl.Search2Impl.searchAll  379 -  SEARCHING 174800 TOGGLE 6 ITEM FOUND 1734
16:43:23.453 [main] INFO  c.c.app.process.impl.Search2Impl.fillDetail  266 - ** 1739 ** 175000 , 1 , 1739
16:43:23.453 [main] INFO  c.c.app.process.impl.Search2Impl.fillDetail  266 - ** 1740 ** 175000 , 1 , 1740
16:43:23.453 [main] INFO  c.c.app.process.impl.Search2Impl.searchAll  379 -  SEARCHING 175000 TOGGLE 2 ITEM FOUND 1740
16:43:23.453 [main] INFO  c.c.app.process.impl.Search2Impl.fillDetail  266 - ** 1741 ** 175300 , 1 , 1741
16:43:23.453 [main] INFO  c.c.app.process.impl.Search2Impl.fillDetail  266 - ** 1742 ** 175300 , 1 , 1742
16:43:23.453 [main] INFO  c.c.app.process.impl.Search2Impl.fillDetail  266 - ** 1743 ** 175300 , 1 , 1743
16:43:23.453 [main] INFO  c.c.app.process.impl.Search2Impl.searchAll  379 -  SEARCHING 175300 TOGGLE 3 ITEM FOUND 1743
16:43:23.453 [main] INFO  c.c.app.process.impl.Search2Impl.fillDetail  266 - ** 1744 ** 175700 , 1 , 1744
16:43:23.454 [main] INFO  c.c.app.process.impl.Search2Impl.fillDetail  266 - ** 1745 ** 175700 , 1 , 1745
16:43:23.454 [main] INFO  c.c.app.process.impl.Search2Impl.fillDetail  266 - ** 1746 ** 175700 , 1 , 1746
16:43:23.454 [main] INFO  c.c.app.process.impl.Search2Impl.fillDetail  266 - ** 1747 ** 175700 , 1 , 1747
16:43:23.454 [main] INFO  c.c.app.process.impl.Search2Impl.searchAll  379 -  SEARCHING 175700 TOGGLE 4 ITEM FOUND 1746
16:43:23.454 [main] INFO  c.c.app.process.impl.Search2Impl.fillDetail  266 - ** 1748 ** 176200 , 1 , 1748
16:43:23.454 [main] INFO  c.c.app.process.impl.Search2Impl.fillDetail  266 - ** 1749 ** 176200 , 1 , 1749
16:43:23.454 [main] INFO  c.c.app.process.impl.Search2Impl.fillDetail  266 - ** 1750 ** 176200 , 1 , 1750
16:43:23.454 [main] INFO  c.c.app.process.impl.Search2Impl.fillDetail  266 - ** 1751 ** 176200 , 1 , 1751
16:43:23.454 [main] INFO  c.c.app.process.impl.Search2Impl.fillDetail  266 - ** 1752 ** 176200 , 1 , 1752
16:43:23.454 [main] INFO  c.c.app.process.impl.Search2Impl.searchAll  379 -  SEARCHING 176200 TOGGLE 5 ITEM FOUND 1752
16:43:23.455 [main] INFO  c.c.app.process.impl.Search2Impl.fillDetail  266 - ** 1753 ** 176800 , 1 , 1753
16:43:23.455 [main] INFO  c.c.app.process.impl.Search2Impl.fillDetail  266 - ** 1754 ** 176800 , 1 , 1754
16:43:23.455 [main] INFO  c.c.app.process.impl.Search2Impl.fillDetail  266 - ** 1755 ** 176800 , 1 , 1755
16:43:23.455 [main] INFO  c.c.app.process.impl.Search2Impl.fillDetail  266 - ** 1756 ** 176800 , 1 , 1756
16:43:23.455 [main] INFO  c.c.app.process.impl.Search2Impl.fillDetail  266 - ** 1757 ** 176800 , 1 , 1757
16:43:23.455 [main] INFO  c.c.app.process.impl.Search2Impl.fillDetail  266 - ** 1758 ** 176800 , 1 , 1758
16:43:23.455 [main] INFO  c.c.app.process.impl.Search2Impl.searchAll  379 -  SEARCHING 176800 TOGGLE 6 ITEM FOUND 1757
16:43:23.455 [main] INFO  c.c.app.process.impl.Search2Impl.fillDetail  266 - ** 1759 ** 177000 , 1 , 1759
16:43:23.455 [main] INFO  c.c.app.process.impl.Search2Impl.fillDetail  266 - ** 1760 ** 177000 , 1 , 1760
16:43:23.456 [main] INFO  c.c.app.process.impl.Search2Impl.searchAll  379 -  SEARCHING 177000 TOGGLE 2 ITEM FOUND 1760
16:43:23.456 [main] INFO  c.c.app.process.impl.Search2Impl.fillDetail  266 - ** 1761 ** 177300 , 1 , 1761
16:43:23.456 [main] INFO  c.c.app.process.impl.Search2Impl.fillDetail  266 - ** 1762 ** 177300 , 1 , 1762
16:43:23.456 [main] INFO  c.c.app.process.impl.Search2Impl.fillDetail  266 - ** 1763 ** 177300 , 1 , 1763
16:43:23.456 [main] INFO  c.c.app.process.impl.Search2Impl.searchAll  379 -  SEARCHING 177300 TOGGLE 3 ITEM FOUND 1763
16:43:23.456 [main] INFO  c.c.app.process.impl.Search2Impl.fillDetail  266 - ** 1764 ** 177700 , 1 , 1764
16:43:23.456 [main] INFO  c.c.app.process.impl.Search2Impl.fillDetail  266 - ** 1765 ** 177700 , 1 , 1765
16:43:23.456 [main] INFO  c.c.app.process.impl.Search2Impl.fillDetail  266 - ** 1766 ** 177700 , 1 , 1766
16:43:23.456 [main] INFO  c.c.app.process.impl.Search2Impl.fillDetail  266 - ** 1767 ** 177700 , 1 , 1767
16:43:23.457 [main] INFO  c.c.app.process.impl.Search2Impl.searchAll  379 -  SEARCHING 177700 TOGGLE 4 ITEM FOUND 1766
16:43:23.457 [main] INFO  c.c.app.process.impl.Search2Impl.fillDetail  266 - ** 1768 ** 178200 , 1 , 1768
16:43:23.457 [main] INFO  c.c.app.process.impl.Search2Impl.fillDetail  266 - ** 1769 ** 178200 , 1 , 1769
16:43:23.457 [main] INFO  c.c.app.process.impl.Search2Impl.fillDetail  266 - ** 1770 ** 178200 , 1 , 1770
16:43:23.457 [main] INFO  c.c.app.process.impl.Search2Impl.fillDetail  266 - ** 1771 ** 178200 , 1 , 1771
16:43:23.457 [main] INFO  c.c.app.process.impl.Search2Impl.fillDetail  266 - ** 1772 ** 178200 , 1 , 1772
16:43:23.457 [main] INFO  c.c.app.process.impl.Search2Impl.searchAll  379 -  SEARCHING 178200 TOGGLE 5 ITEM FOUND 1769
16:43:23.457 [main] INFO  c.c.app.process.impl.Search2Impl.fillDetail  266 - ** 1773 ** 178800 , 1 , 1773
16:43:23.457 [main] INFO  c.c.app.process.impl.Search2Impl.fillDetail  266 - ** 1774 ** 178800 , 1 , 1774
16:43:23.458 [main] INFO  c.c.app.process.impl.Search2Impl.fillDetail  266 - ** 1775 ** 178800 , 1 , 1775
16:43:23.458 [main] INFO  c.c.app.process.impl.Search2Impl.fillDetail  266 - ** 1776 ** 178800 , 1 , 1776
16:43:23.458 [main] INFO  c.c.app.process.impl.Search2Impl.fillDetail  266 - ** 1777 ** 178800 , 1 , 1777
16:43:23.458 [main] INFO  c.c.app.process.impl.Search2Impl.fillDetail  266 - ** 1778 ** 178800 , 1 , 1778
16:43:23.458 [main] INFO  c.c.app.process.impl.Search2Impl.searchAll  379 -  SEARCHING 178800 TOGGLE 6 ITEM FOUND 1775
16:43:23.458 [main] INFO  c.c.app.process.impl.Search2Impl.fillDetail  266 - ** 1779 ** 179000 , 1 , 1779
16:43:23.458 [main] INFO  c.c.app.process.impl.Search2Impl.fillDetail  266 - ** 1780 ** 179000 , 1 , 1780
16:43:23.458 [main] INFO  c.c.app.process.impl.Search2Impl.searchAll  379 -  SEARCHING 179000 TOGGLE 2 ITEM FOUND 1780
16:43:23.458 [main] INFO  c.c.app.process.impl.Search2Impl.fillDetail  266 - ** 1781 ** 179300 , 1 , 1781
16:43:23.459 [main] INFO  c.c.app.process.impl.Search2Impl.fillDetail  266 - ** 1782 ** 179300 , 1 , 1782
16:43:23.459 [main] INFO  c.c.app.process.impl.Search2Impl.fillDetail  266 - ** 1783 ** 179300 , 1 , 1783
16:43:23.459 [main] INFO  c.c.app.process.impl.Search2Impl.searchAll  379 -  SEARCHING 179300 TOGGLE 3 ITEM FOUND 1783
16:43:23.459 [main] INFO  c.c.app.process.impl.Search2Impl.fillDetail  266 - ** 1784 ** 179700 , 1 , 1784
16:43:23.459 [main] INFO  c.c.app.process.impl.Search2Impl.fillDetail  266 - ** 1785 ** 179700 , 1 , 1785
16:43:23.459 [main] INFO  c.c.app.process.impl.Search2Impl.fillDetail  266 - ** 1786 ** 179700 , 1 , 1786
16:43:23.459 [main] INFO  c.c.app.process.impl.Search2Impl.fillDetail  266 - ** 1787 ** 179700 , 1 , 1787
16:43:23.459 [main] INFO  c.c.app.process.impl.Search2Impl.searchAll  379 -  SEARCHING 179700 TOGGLE 4 ITEM FOUND 1786
16:43:23.459 [main] INFO  c.c.app.process.impl.Search2Impl.fillDetail  266 - ** 1788 ** 180200 , 1 , 1788
16:43:23.460 [main] INFO  c.c.app.process.impl.Search2Impl.fillDetail  266 - ** 1789 ** 180200 , 1 , 1789
16:43:23.460 [main] INFO  c.c.app.process.impl.Search2Impl.fillDetail  266 - ** 1790 ** 180200 , 1 , 1790
16:43:23.460 [main] INFO  c.c.app.process.impl.Search2Impl.fillDetail  266 - ** 1791 ** 180200 , 1 , 1791
16:43:23.460 [main] INFO  c.c.app.process.impl.Search2Impl.fillDetail  266 - ** 1792 ** 180200 , 1 , 1792
16:43:23.460 [main] INFO  c.c.app.process.impl.Search2Impl.searchAll  379 -  SEARCHING 180200 TOGGLE 5 ITEM FOUND 1792
16:43:23.460 [main] INFO  c.c.app.process.impl.Search2Impl.fillDetail  266 - ** 1793 ** 180800 , 1 , 1793
16:43:23.460 [main] INFO  c.c.app.process.impl.Search2Impl.fillDetail  266 - ** 1794 ** 180800 , 1 , 1794
16:43:23.460 [main] INFO  c.c.app.process.impl.Search2Impl.fillDetail  266 - ** 1795 ** 180800 , 1 , 1795
16:43:23.460 [main] INFO  c.c.app.process.impl.Search2Impl.fillDetail  266 - ** 1796 ** 180800 , 1 , 1796
16:43:23.460 [main] INFO  c.c.app.process.impl.Search2Impl.fillDetail  266 - ** 1797 ** 180800 , 1 , 1797
16:43:23.461 [main] INFO  c.c.app.process.impl.Search2Impl.fillDetail  266 - ** 1798 ** 180800 , 1 , 1798
16:43:23.461 [main] INFO  c.c.app.process.impl.Search2Impl.searchAll  379 -  SEARCHING 180800 TOGGLE 6 ITEM FOUND 1798
16:43:23.461 [main] INFO  c.c.app.process.impl.Search2Impl.fillDetail  266 - ** 1799 ** 181000 , 1 , 1799
16:43:23.461 [main] INFO  c.c.app.process.impl.Search2Impl.fillDetail  266 - ** 1800 ** 181000 , 1 , 1800
16:43:23.461 [main] INFO  c.c.app.process.impl.Search2Impl.searchAll  379 -  SEARCHING 181000 TOGGLE 2 ITEM FOUND 1800
16:43:23.461 [main] INFO  c.c.app.process.impl.Search2Impl.fillDetail  266 - ** 1801 ** 181300 , 1 , 1801
16:43:23.461 [main] INFO  c.c.app.process.impl.Search2Impl.fillDetail  266 - ** 1802 ** 181300 , 1 , 1802
16:43:23.461 [main] INFO  c.c.app.process.impl.Search2Impl.fillDetail  266 - ** 1803 ** 181300 , 1 , 1803
16:43:23.461 [main] INFO  c.c.app.process.impl.Search2Impl.searchAll  379 -  SEARCHING 181300 TOGGLE 3 ITEM FOUND 1803
16:43:23.462 [main] INFO  c.c.app.process.impl.Search2Impl.fillDetail  266 - ** 1804 ** 181700 , 1 , 1804
16:43:23.462 [main] INFO  c.c.app.process.impl.Search2Impl.fillDetail  266 - ** 1805 ** 181700 , 1 , 1805
16:43:23.462 [main] INFO  c.c.app.process.impl.Search2Impl.fillDetail  266 - ** 1806 ** 181700 , 1 , 1806
16:43:23.462 [main] INFO  c.c.app.process.impl.Search2Impl.fillDetail  266 - ** 1807 ** 181700 , 1 , 1807
16:43:23.462 [main] INFO  c.c.app.process.impl.Search2Impl.searchAll  379 -  SEARCHING 181700 TOGGLE 4 ITEM FOUND 1806
16:43:23.462 [main] INFO  c.c.app.process.impl.Search2Impl.fillDetail  266 - ** 1808 ** 182200 , 1 , 1808
16:43:23.462 [main] INFO  c.c.app.process.impl.Search2Impl.fillDetail  266 - ** 1809 ** 182200 , 1 , 1809
16:43:23.462 [main] INFO  c.c.app.process.impl.Search2Impl.fillDetail  266 - ** 1810 ** 182200 , 1 , 1810
16:43:23.462 [main] INFO  c.c.app.process.impl.Search2Impl.fillDetail  266 - ** 1811 ** 182200 , 1 , 1811
16:43:23.463 [main] INFO  c.c.app.process.impl.Search2Impl.fillDetail  266 - ** 1812 ** 182200 , 1 , 1812
16:43:23.463 [main] INFO  c.c.app.process.impl.Search2Impl.searchAll  379 -  SEARCHING 182200 TOGGLE 5 ITEM FOUND 1809
16:43:23.463 [main] INFO  c.c.app.process.impl.Search2Impl.fillDetail  266 - ** 1813 ** 182800 , 1 , 1813
16:43:23.463 [main] INFO  c.c.app.process.impl.Search2Impl.fillDetail  266 - ** 1814 ** 182800 , 1 , 1814
16:43:23.463 [main] INFO  c.c.app.process.impl.Search2Impl.fillDetail  266 - ** 1815 ** 182800 , 1 , 1815
16:43:23.463 [main] INFO  c.c.app.process.impl.Search2Impl.fillDetail  266 - ** 1816 ** 182800 , 1 , 1816
16:43:23.463 [main] INFO  c.c.app.process.impl.Search2Impl.fillDetail  266 - ** 1817 ** 182800 , 1 , 1817
16:43:23.463 [main] INFO  c.c.app.process.impl.Search2Impl.fillDetail  266 - ** 1818 ** 182800 , 1 , 1818
16:43:23.463 [main] INFO  c.c.app.process.impl.Search2Impl.searchAll  379 -  SEARCHING 182800 TOGGLE 6 ITEM FOUND 1815
16:43:23.464 [main] INFO  c.c.app.process.impl.Search2Impl.fillDetail  266 - ** 1819 ** 183000 , 1 , 1819
16:43:23.464 [main] INFO  c.c.app.process.impl.Search2Impl.fillDetail  266 - ** 1820 ** 183000 , 1 , 1820
16:43:23.464 [main] INFO  c.c.app.process.impl.Search2Impl.searchAll  379 -  SEARCHING 183000 TOGGLE 2 ITEM FOUND 1819
16:43:23.464 [main] INFO  c.c.app.process.impl.Search2Impl.fillDetail  266 - ** 1821 ** 183300 , 1 , 1821
16:43:23.464 [main] INFO  c.c.app.process.impl.Search2Impl.fillDetail  266 - ** 1822 ** 183300 , 1 , 1822
16:43:23.464 [main] INFO  c.c.app.process.impl.Search2Impl.fillDetail  266 - ** 1823 ** 183300 , 1 , 1823
16:43:23.464 [main] INFO  c.c.app.process.impl.Search2Impl.searchAll  379 -  SEARCHING 183300 TOGGLE 3 ITEM FOUND 1821
16:43:23.464 [main] INFO  c.c.app.process.impl.Search2Impl.fillDetail  266 - ** 1824 ** 183700 , 1 , 1824
16:43:23.464 [main] INFO  c.c.app.process.impl.Search2Impl.fillDetail  266 - ** 1825 ** 183700 , 1 , 1825
16:43:23.464 [main] INFO  c.c.app.process.impl.Search2Impl.fillDetail  266 - ** 1826 ** 183700 , 1 , 1826
16:43:23.465 [main] INFO  c.c.app.process.impl.Search2Impl.fillDetail  266 - ** 1827 ** 183700 , 1 , 1827
16:43:23.465 [main] INFO  c.c.app.process.impl.Search2Impl.searchAll  379 -  SEARCHING 183700 TOGGLE 4 ITEM FOUND 1826
16:43:23.465 [main] INFO  c.c.app.process.impl.Search2Impl.fillDetail  266 - ** 1828 ** 184200 , 1 , 1828
16:43:23.465 [main] INFO  c.c.app.process.impl.Search2Impl.fillDetail  266 - ** 1829 ** 184200 , 1 , 1829
16:43:23.465 [main] INFO  c.c.app.process.impl.Search2Impl.fillDetail  266 - ** 1830 ** 184200 , 1 , 1830
16:43:23.465 [main] INFO  c.c.app.process.impl.Search2Impl.fillDetail  266 - ** 1831 ** 184200 , 1 , 1831
16:43:23.465 [main] INFO  c.c.app.process.impl.Search2Impl.fillDetail  266 - ** 1832 ** 184200 , 1 , 1832
16:43:23.465 [main] INFO  c.c.app.process.impl.Search2Impl.searchAll  379 -  SEARCHING 184200 TOGGLE 5 ITEM FOUND 1832
16:43:23.466 [main] INFO  c.c.app.process.impl.Search2Impl.fillDetail  266 - ** 1833 ** 184800 , 1 , 1833
16:43:23.466 [main] INFO  c.c.app.process.impl.Search2Impl.fillDetail  266 - ** 1834 ** 184800 , 1 , 1834
16:43:23.466 [main] INFO  c.c.app.process.impl.Search2Impl.fillDetail  266 - ** 1835 ** 184800 , 1 , 1835
16:43:23.466 [main] INFO  c.c.app.process.impl.Search2Impl.fillDetail  266 - ** 1836 ** 184800 , 1 , 1836
16:43:23.466 [main] INFO  c.c.app.process.impl.Search2Impl.fillDetail  266 - ** 1837 ** 184800 , 1 , 1837
16:43:23.466 [main] INFO  c.c.app.process.impl.Search2Impl.fillDetail  266 - ** 1838 ** 184800 , 1 , 1838
16:43:23.466 [main] INFO  c.c.app.process.impl.Search2Impl.searchAll  379 -  SEARCHING 184800 TOGGLE 6 ITEM FOUND 1838
16:43:23.466 [main] INFO  c.c.app.process.impl.Search2Impl.fillDetail  266 - ** 1839 ** 185000 , 1 , 1839
16:43:23.466 [main] INFO  c.c.app.process.impl.Search2Impl.fillDetail  266 - ** 1840 ** 185000 , 1 , 1840
16:43:23.467 [main] INFO  c.c.app.process.impl.Search2Impl.searchAll  379 -  SEARCHING 185000 TOGGLE 2 ITEM FOUND 1839
16:43:23.467 [main] INFO  c.c.app.process.impl.Search2Impl.fillDetail  266 - ** 1841 ** 185300 , 1 , 1841
16:43:23.467 [main] INFO  c.c.app.process.impl.Search2Impl.fillDetail  266 - ** 1842 ** 185300 , 1 , 1842
16:43:23.467 [main] INFO  c.c.app.process.impl.Search2Impl.fillDetail  266 - ** 1843 ** 185300 , 1 , 1843
16:43:23.467 [main] INFO  c.c.app.process.impl.Search2Impl.searchAll  379 -  SEARCHING 185300 TOGGLE 3 ITEM FOUND 1841
16:43:23.467 [main] INFO  c.c.app.process.impl.Search2Impl.fillDetail  266 - ** 1844 ** 185700 , 1 , 1844
16:43:23.467 [main] INFO  c.c.app.process.impl.Search2Impl.fillDetail  266 - ** 1845 ** 185700 , 1 , 1845
16:43:23.467 [main] INFO  c.c.app.process.impl.Search2Impl.fillDetail  266 - ** 1846 ** 185700 , 1 , 1846
16:43:23.467 [main] INFO  c.c.app.process.impl.Search2Impl.fillDetail  266 - ** 1847 ** 185700 , 1 , 1847
16:43:23.468 [main] INFO  c.c.app.process.impl.Search2Impl.searchAll  379 -  SEARCHING 185700 TOGGLE 4 ITEM FOUND 1844
16:43:23.468 [main] INFO  c.c.app.process.impl.Search2Impl.fillDetail  266 - ** 1848 ** 186200 , 1 , 1848
16:43:23.468 [main] INFO  c.c.app.process.impl.Search2Impl.fillDetail  266 - ** 1849 ** 186200 , 1 , 1849
16:43:23.468 [main] INFO  c.c.app.process.impl.Search2Impl.fillDetail  266 - ** 1850 ** 186200 , 1 , 1850
16:43:23.468 [main] INFO  c.c.app.process.impl.Search2Impl.fillDetail  266 - ** 1851 ** 186200 , 1 , 1851
16:43:23.468 [main] INFO  c.c.app.process.impl.Search2Impl.fillDetail  266 - ** 1852 ** 186200 , 1 , 1852
16:43:23.468 [main] INFO  c.c.app.process.impl.Search2Impl.searchAll  379 -  SEARCHING 186200 TOGGLE 5 ITEM FOUND 1849
16:43:23.468 [main] INFO  c.c.app.process.impl.Search2Impl.fillDetail  266 - ** 1853 ** 186800 , 1 , 1853
16:43:23.469 [main] INFO  c.c.app.process.impl.Search2Impl.fillDetail  266 - ** 1854 ** 186800 , 1 , 1854
16:43:23.469 [main] INFO  c.c.app.process.impl.Search2Impl.fillDetail  266 - ** 1855 ** 186800 , 1 , 1855
16:43:23.469 [main] INFO  c.c.app.process.impl.Search2Impl.fillDetail  266 - ** 1856 ** 186800 , 1 , 1856
16:43:23.469 [main] INFO  c.c.app.process.impl.Search2Impl.fillDetail  266 - ** 1857 ** 186800 , 1 , 1857
16:43:23.469 [main] INFO  c.c.app.process.impl.Search2Impl.fillDetail  266 - ** 1858 ** 186800 , 1 , 1858
16:43:23.469 [main] INFO  c.c.app.process.impl.Search2Impl.searchAll  379 -  SEARCHING 186800 TOGGLE 6 ITEM FOUND 1855
16:43:23.469 [main] INFO  c.c.app.process.impl.Search2Impl.fillDetail  266 - ** 1859 ** 187000 , 1 , 1859
16:43:23.469 [main] INFO  c.c.app.process.impl.Search2Impl.fillDetail  266 - ** 1860 ** 187000 , 1 , 1860
16:43:23.469 [main] INFO  c.c.app.process.impl.Search2Impl.searchAll  379 -  SEARCHING 187000 TOGGLE 2 ITEM FOUND 1859
16:43:23.469 [main] INFO  c.c.app.process.impl.Search2Impl.fillDetail  266 - ** 1861 ** 187300 , 1 , 1861
16:43:23.470 [main] INFO  c.c.app.process.impl.Search2Impl.fillDetail  266 - ** 1862 ** 187300 , 1 , 1862
16:43:23.470 [main] INFO  c.c.app.process.impl.Search2Impl.fillDetail  266 - ** 1863 ** 187300 , 1 , 1863
16:43:23.470 [main] INFO  c.c.app.process.impl.Search2Impl.searchAll  379 -  SEARCHING 187300 TOGGLE 3 ITEM FOUND 1861
16:43:23.470 [main] INFO  c.c.app.process.impl.Search2Impl.fillDetail  266 - ** 1864 ** 187700 , 1 , 1864
16:43:23.470 [main] INFO  c.c.app.process.impl.Search2Impl.fillDetail  266 - ** 1865 ** 187700 , 1 , 1865
16:43:23.470 [main] INFO  c.c.app.process.impl.Search2Impl.fillDetail  266 - ** 1866 ** 187700 , 1 , 1866
16:43:23.470 [main] INFO  c.c.app.process.impl.Search2Impl.fillDetail  266 - ** 1867 ** 187700 , 1 , 1867
16:43:23.470 [main] INFO  c.c.app.process.impl.Search2Impl.searchAll  379 -  SEARCHING 187700 TOGGLE 4 ITEM FOUND 1867
16:43:23.470 [main] INFO  c.c.app.process.impl.Search2Impl.fillDetail  266 - ** 1868 ** 188200 , 1 , 1868
16:43:23.471 [main] INFO  c.c.app.process.impl.Search2Impl.fillDetail  266 - ** 1869 ** 188200 , 1 , 1869
16:43:23.471 [main] INFO  c.c.app.process.impl.Search2Impl.fillDetail  266 - ** 1870 ** 188200 , 1 , 1870
16:43:23.471 [main] INFO  c.c.app.process.impl.Search2Impl.fillDetail  266 - ** 1871 ** 188200 , 1 , 1871
16:43:23.471 [main] INFO  c.c.app.process.impl.Search2Impl.fillDetail  266 - ** 1872 ** 188200 , 1 , 1872
16:43:23.471 [main] INFO  c.c.app.process.impl.Search2Impl.searchAll  379 -  SEARCHING 188200 TOGGLE 5 ITEM FOUND 1872
16:43:23.471 [main] INFO  c.c.app.process.impl.Search2Impl.fillDetail  266 - ** 1873 ** 188800 , 1 , 1873
16:43:23.471 [main] INFO  c.c.app.process.impl.Search2Impl.fillDetail  266 - ** 1874 ** 188800 , 1 , 1874
16:43:23.471 [main] INFO  c.c.app.process.impl.Search2Impl.fillDetail  266 - ** 1875 ** 188800 , 1 , 1875
16:43:23.471 [main] INFO  c.c.app.process.impl.Search2Impl.fillDetail  266 - ** 1876 ** 188800 , 1 , 1876
16:43:23.472 [main] INFO  c.c.app.process.impl.Search2Impl.fillDetail  266 - ** 1877 ** 188800 , 1 , 1877
16:43:23.472 [main] INFO  c.c.app.process.impl.Search2Impl.fillDetail  266 - ** 1878 ** 188800 , 1 , 1878
16:43:23.472 [main] INFO  c.c.app.process.impl.Search2Impl.searchAll  379 -  SEARCHING 188800 TOGGLE 6 ITEM FOUND 1878
16:43:23.472 [main] INFO  c.c.app.process.impl.Search2Impl.fillDetail  266 - ** 1879 ** 189000 , 1 , 1879
16:43:23.472 [main] INFO  c.c.app.process.impl.Search2Impl.fillDetail  266 - ** 1880 ** 189000 , 1 , 1880
16:43:23.472 [main] INFO  c.c.app.process.impl.Search2Impl.searchAll  379 -  SEARCHING 189000 TOGGLE 2 ITEM FOUND 1879
16:43:23.472 [main] INFO  c.c.app.process.impl.Search2Impl.fillDetail  266 - ** 1881 ** 189300 , 1 , 1881
16:43:23.472 [main] INFO  c.c.app.process.impl.Search2Impl.fillDetail  266 - ** 1882 ** 189300 , 1 , 1882
16:43:23.472 [main] INFO  c.c.app.process.impl.Search2Impl.fillDetail  266 - ** 1883 ** 189300 , 1 , 1883
16:43:23.472 [main] INFO  c.c.app.process.impl.Search2Impl.searchAll  379 -  SEARCHING 189300 TOGGLE 3 ITEM FOUND 1881
16:43:23.473 [main] INFO  c.c.app.process.impl.Search2Impl.fillDetail  266 - ** 1884 ** 189700 , 1 , 1884
16:43:23.473 [main] INFO  c.c.app.process.impl.Search2Impl.fillDetail  266 - ** 1885 ** 189700 , 1 , 1885
16:43:23.473 [main] INFO  c.c.app.process.impl.Search2Impl.fillDetail  266 - ** 1886 ** 189700 , 1 , 1886
16:43:23.473 [main] INFO  c.c.app.process.impl.Search2Impl.fillDetail  266 - ** 1887 ** 189700 , 1 , 1887
16:43:23.473 [main] INFO  c.c.app.process.impl.Search2Impl.searchAll  379 -  SEARCHING 189700 TOGGLE 4 ITEM FOUND 1884
16:43:23.473 [main] INFO  c.c.app.process.impl.Search2Impl.fillDetail  266 - ** 1888 ** 190200 , 1 , 1888
16:43:23.473 [main] INFO  c.c.app.process.impl.Search2Impl.fillDetail  266 - ** 1889 ** 190200 , 1 , 1889
16:43:23.473 [main] INFO  c.c.app.process.impl.Search2Impl.fillDetail  266 - ** 1890 ** 190200 , 1 , 1890
16:43:23.473 [main] INFO  c.c.app.process.impl.Search2Impl.fillDetail  266 - ** 1891 ** 190200 , 1 , 1891
16:43:23.473 [main] INFO  c.c.app.process.impl.Search2Impl.fillDetail  266 - ** 1892 ** 190200 , 1 , 1892
16:43:23.474 [main] INFO  c.c.app.process.impl.Search2Impl.searchAll  379 -  SEARCHING 190200 TOGGLE 5 ITEM FOUND 1890
16:43:23.474 [main] INFO  c.c.app.process.impl.Search2Impl.fillDetail  266 - ** 1893 ** 190800 , 1 , 1893
16:43:23.474 [main] INFO  c.c.app.process.impl.Search2Impl.fillDetail  266 - ** 1894 ** 190800 , 1 , 1894
16:43:23.474 [main] INFO  c.c.app.process.impl.Search2Impl.fillDetail  266 - ** 1895 ** 190800 , 1 , 1895
16:43:23.474 [main] INFO  c.c.app.process.impl.Search2Impl.fillDetail  266 - ** 1896 ** 190800 , 1 , 1896
16:43:23.474 [main] INFO  c.c.app.process.impl.Search2Impl.fillDetail  266 - ** 1897 ** 190800 , 1 , 1897
16:43:23.474 [main] INFO  c.c.app.process.impl.Search2Impl.fillDetail  266 - ** 1898 ** 190800 , 1 , 1898
16:43:23.474 [main] INFO  c.c.app.process.impl.Search2Impl.searchAll  379 -  SEARCHING 190800 TOGGLE 6 ITEM FOUND 1895
16:43:23.474 [main] INFO  c.c.app.process.impl.Search2Impl.fillDetail  266 - ** 1899 ** 191000 , 1 , 1899
16:43:23.474 [main] INFO  c.c.app.process.impl.Search2Impl.fillDetail  266 - ** 1900 ** 191000 , 1 , 1900
16:43:23.475 [main] INFO  c.c.app.process.impl.Search2Impl.searchAll  379 -  SEARCHING 191000 TOGGLE 2 ITEM FOUND 1899
16:43:23.475 [main] INFO  c.c.app.process.impl.Search2Impl.fillDetail  266 - ** 1901 ** 191300 , 1 , 1901
16:43:23.475 [main] INFO  c.c.app.process.impl.Search2Impl.fillDetail  266 - ** 1902 ** 191300 , 1 , 1902
16:43:23.475 [main] INFO  c.c.app.process.impl.Search2Impl.fillDetail  266 - ** 1903 ** 191300 , 1 , 1903
16:43:23.475 [main] INFO  c.c.app.process.impl.Search2Impl.searchAll  379 -  SEARCHING 191300 TOGGLE 3 ITEM FOUND 1901
16:43:23.475 [main] INFO  c.c.app.process.impl.Search2Impl.fillDetail  266 - ** 1904 ** 191700 , 1 , 1904
16:43:23.475 [main] INFO  c.c.app.process.impl.Search2Impl.fillDetail  266 - ** 1905 ** 191700 , 1 , 1905
16:43:23.475 [main] INFO  c.c.app.process.impl.Search2Impl.fillDetail  266 - ** 1906 ** 191700 , 1 , 1906
16:43:23.475 [main] INFO  c.c.app.process.impl.Search2Impl.fillDetail  266 - ** 1907 ** 191700 , 1 , 1907
16:43:23.476 [main] INFO  c.c.app.process.impl.Search2Impl.searchAll  379 -  SEARCHING 191700 TOGGLE 4 ITEM FOUND 1907
16:43:23.476 [main] INFO  c.c.app.process.impl.Search2Impl.fillDetail  266 - ** 1908 ** 192200 , 1 , 1908
16:43:23.476 [main] INFO  c.c.app.process.impl.Search2Impl.fillDetail  266 - ** 1909 ** 192200 , 1 , 1909
16:43:23.476 [main] INFO  c.c.app.process.impl.Search2Impl.fillDetail  266 - ** 1910 ** 192200 , 1 , 1910
16:43:23.476 [main] INFO  c.c.app.process.impl.Search2Impl.fillDetail  266 - ** 1911 ** 192200 , 1 , 1911
16:43:23.476 [main] INFO  c.c.app.process.impl.Search2Impl.fillDetail  266 - ** 1912 ** 192200 , 1 , 1912
16:43:23.476 [main] INFO  c.c.app.process.impl.Search2Impl.searchAll  379 -  SEARCHING 192200 TOGGLE 5 ITEM FOUND 1910
16:43:23.476 [main] INFO  c.c.app.process.impl.Search2Impl.fillDetail  266 - ** 1913 ** 192800 , 1 , 1913
16:43:23.476 [main] INFO  c.c.app.process.impl.Search2Impl.fillDetail  266 - ** 1914 ** 192800 , 1 , 1914
16:43:23.476 [main] INFO  c.c.app.process.impl.Search2Impl.fillDetail  266 - ** 1915 ** 192800 , 1 , 1915
16:43:23.477 [main] INFO  c.c.app.process.impl.Search2Impl.fillDetail  266 - ** 1916 ** 192800 , 1 , 1916
16:43:23.477 [main] INFO  c.c.app.process.impl.Search2Impl.fillDetail  266 - ** 1917 ** 192800 , 1 , 1917
16:43:23.477 [main] INFO  c.c.app.process.impl.Search2Impl.fillDetail  266 - ** 1918 ** 192800 , 1 , 1918
16:43:23.477 [main] INFO  c.c.app.process.impl.Search2Impl.searchAll  379 -  SEARCHING 192800 TOGGLE 6 ITEM FOUND 1913
16:43:23.477 [main] INFO  c.c.app.process.impl.Search2Impl.fillDetail  266 - ** 1919 ** 193000 , 1 , 1919
16:43:23.477 [main] INFO  c.c.app.process.impl.Search2Impl.fillDetail  266 - ** 1920 ** 193000 , 1 , 1920
16:43:23.477 [main] INFO  c.c.app.process.impl.Search2Impl.searchAll  379 -  SEARCHING 193000 TOGGLE 2 ITEM FOUND 1919
16:43:23.477 [main] INFO  c.c.app.process.impl.Search2Impl.fillDetail  266 - ** 1921 ** 193300 , 1 , 1921
16:43:23.477 [main] INFO  c.c.app.process.impl.Search2Impl.fillDetail  266 - ** 1922 ** 193300 , 1 , 1922
16:43:23.477 [main] INFO  c.c.app.process.impl.Search2Impl.fillDetail  266 - ** 1923 ** 193300 , 1 , 1923
16:43:23.478 [main] INFO  c.c.app.process.impl.Search2Impl.searchAll  379 -  SEARCHING 193300 TOGGLE 3 ITEM FOUND 1921
16:43:23.478 [main] INFO  c.c.app.process.impl.Search2Impl.fillDetail  266 - ** 1924 ** 193700 , 1 , 1924
16:43:23.478 [main] INFO  c.c.app.process.impl.Search2Impl.fillDetail  266 - ** 1925 ** 193700 , 1 , 1925
16:43:23.478 [main] INFO  c.c.app.process.impl.Search2Impl.fillDetail  266 - ** 1926 ** 193700 , 1 , 1926
16:43:23.478 [main] INFO  c.c.app.process.impl.Search2Impl.fillDetail  266 - ** 1927 ** 193700 , 1 , 1927
16:43:23.478 [main] INFO  c.c.app.process.impl.Search2Impl.searchAll  379 -  SEARCHING 193700 TOGGLE 4 ITEM FOUND 1924
16:43:23.478 [main] INFO  c.c.app.process.impl.Search2Impl.fillDetail  266 - ** 1928 ** 194200 , 1 , 1928
16:43:23.478 [main] INFO  c.c.app.process.impl.Search2Impl.fillDetail  266 - ** 1929 ** 194200 , 1 , 1929
16:43:23.478 [main] INFO  c.c.app.process.impl.Search2Impl.fillDetail  266 - ** 1930 ** 194200 , 1 , 1930
16:43:23.479 [main] INFO  c.c.app.process.impl.Search2Impl.fillDetail  266 - ** 1931 ** 194200 , 1 , 1931
16:43:23.479 [main] INFO  c.c.app.process.impl.Search2Impl.fillDetail  266 - ** 1932 ** 194200 , 1 , 1932
16:43:23.479 [main] INFO  c.c.app.process.impl.Search2Impl.searchAll  379 -  SEARCHING 194200 TOGGLE 5 ITEM FOUND 1930
16:43:23.479 [main] INFO  c.c.app.process.impl.Search2Impl.fillDetail  266 - ** 1933 ** 194800 , 1 , 1933
16:43:23.479 [main] INFO  c.c.app.process.impl.Search2Impl.fillDetail  266 - ** 1934 ** 194800 , 1 , 1934
16:43:23.479 [main] INFO  c.c.app.process.impl.Search2Impl.fillDetail  266 - ** 1935 ** 194800 , 1 , 1935
16:43:23.479 [main] INFO  c.c.app.process.impl.Search2Impl.fillDetail  266 - ** 1936 ** 194800 , 1 , 1936
16:43:23.479 [main] INFO  c.c.app.process.impl.Search2Impl.fillDetail  266 - ** 1937 ** 194800 , 1 , 1937
16:43:23.479 [main] INFO  c.c.app.process.impl.Search2Impl.fillDetail  266 - ** 1938 ** 194800 , 1 , 1938
16:43:23.479 [main] INFO  c.c.app.process.impl.Search2Impl.searchAll  379 -  SEARCHING 194800 TOGGLE 6 ITEM FOUND 1936
16:43:23.480 [main] INFO  c.c.app.process.impl.Search2Impl.fillDetail  266 - ** 1939 ** 195000 , 1 , 1939
16:43:23.480 [main] INFO  c.c.app.process.impl.Search2Impl.fillDetail  266 - ** 1940 ** 195000 , 1 , 1940
16:43:23.480 [main] INFO  c.c.app.process.impl.Search2Impl.searchAll  379 -  SEARCHING 195000 TOGGLE 2 ITEM FOUND 1939
16:43:23.480 [main] INFO  c.c.app.process.impl.Search2Impl.fillDetail  266 - ** 1941 ** 195300 , 1 , 1941
16:43:23.480 [main] INFO  c.c.app.process.impl.Search2Impl.fillDetail  266 - ** 1942 ** 195300 , 1 , 1942
16:43:23.480 [main] INFO  c.c.app.process.impl.Search2Impl.fillDetail  266 - ** 1943 ** 195300 , 1 , 1943
16:43:23.480 [main] INFO  c.c.app.process.impl.Search2Impl.searchAll  379 -  SEARCHING 195300 TOGGLE 3 ITEM FOUND 1941
16:43:23.480 [main] INFO  c.c.app.process.impl.Search2Impl.fillDetail  266 - ** 1944 ** 195700 , 1 , 1944
16:43:23.480 [main] INFO  c.c.app.process.impl.Search2Impl.fillDetail  266 - ** 1945 ** 195700 , 1 , 1945
16:43:23.480 [main] INFO  c.c.app.process.impl.Search2Impl.fillDetail  266 - ** 1946 ** 195700 , 1 , 1946
16:43:23.481 [main] INFO  c.c.app.process.impl.Search2Impl.fillDetail  266 - ** 1947 ** 195700 , 1 , 1947
16:43:23.481 [main] INFO  c.c.app.process.impl.Search2Impl.searchAll  379 -  SEARCHING 195700 TOGGLE 4 ITEM FOUND 1947
16:43:23.481 [main] INFO  c.c.app.process.impl.Search2Impl.fillDetail  266 - ** 1948 ** 196200 , 1 , 1948
16:43:23.481 [main] INFO  c.c.app.process.impl.Search2Impl.fillDetail  266 - ** 1949 ** 196200 , 1 , 1949
16:43:23.481 [main] INFO  c.c.app.process.impl.Search2Impl.fillDetail  266 - ** 1950 ** 196200 , 1 , 1950
16:43:23.481 [main] INFO  c.c.app.process.impl.Search2Impl.fillDetail  266 - ** 1951 ** 196200 , 1 , 1951
16:43:23.481 [main] INFO  c.c.app.process.impl.Search2Impl.fillDetail  266 - ** 1952 ** 196200 , 1 , 1952
16:43:23.481 [main] INFO  c.c.app.process.impl.Search2Impl.searchAll  379 -  SEARCHING 196200 TOGGLE 5 ITEM FOUND 1950
16:43:23.481 [main] INFO  c.c.app.process.impl.Search2Impl.fillDetail  266 - ** 1953 ** 196800 , 1 , 1953
16:43:23.481 [main] INFO  c.c.app.process.impl.Search2Impl.fillDetail  266 - ** 1954 ** 196800 , 1 , 1954
16:43:23.481 [main] INFO  c.c.app.process.impl.Search2Impl.fillDetail  266 - ** 1955 ** 196800 , 1 , 1955
16:43:23.481 [main] INFO  c.c.app.process.impl.Search2Impl.fillDetail  266 - ** 1956 ** 196800 , 1 , 1956
16:43:23.481 [main] INFO  c.c.app.process.impl.Search2Impl.fillDetail  266 - ** 1957 ** 196800 , 1 , 1957
16:43:23.481 [main] INFO  c.c.app.process.impl.Search2Impl.fillDetail  266 - ** 1958 ** 196800 , 1 , 1958
16:43:23.481 [main] INFO  c.c.app.process.impl.Search2Impl.searchAll  379 -  SEARCHING 196800 TOGGLE 6 ITEM FOUND 1953
16:43:23.481 [main] INFO  c.c.app.process.impl.Search2Impl.fillDetail  266 - ** 1959 ** 197000 , 1 , 1959
16:43:23.481 [main] INFO  c.c.app.process.impl.Search2Impl.fillDetail  266 - ** 1960 ** 197000 , 1 , 1960
16:43:23.482 [main] INFO  c.c.app.process.impl.Search2Impl.searchAll  379 -  SEARCHING 197000 TOGGLE 2 ITEM FOUND 1959
16:43:23.482 [main] INFO  c.c.app.process.impl.Search2Impl.fillDetail  266 - ** 1961 ** 197300 , 1 , 1961
16:43:23.482 [main] INFO  c.c.app.process.impl.Search2Impl.fillDetail  266 - ** 1962 ** 197300 , 1 , 1962
16:43:23.482 [main] INFO  c.c.app.process.impl.Search2Impl.fillDetail  266 - ** 1963 ** 197300 , 1 , 1963
16:43:23.482 [main] INFO  c.c.app.process.impl.Search2Impl.searchAll  379 -  SEARCHING 197300 TOGGLE 3 ITEM FOUND 1961
16:43:23.482 [main] INFO  c.c.app.process.impl.Search2Impl.fillDetail  266 - ** 1964 ** 197700 , 1 , 1964
16:43:23.482 [main] INFO  c.c.app.process.impl.Search2Impl.fillDetail  266 - ** 1965 ** 197700 , 1 , 1965
16:43:23.482 [main] INFO  c.c.app.process.impl.Search2Impl.fillDetail  266 - ** 1966 ** 197700 , 1 , 1966
16:43:23.482 [main] INFO  c.c.app.process.impl.Search2Impl.fillDetail  266 - ** 1967 ** 197700 , 1 , 1967
16:43:23.482 [main] INFO  c.c.app.process.impl.Search2Impl.searchAll  379 -  SEARCHING 197700 TOGGLE 4 ITEM FOUND 1964
16:43:23.482 [main] INFO  c.c.app.process.impl.Search2Impl.fillDetail  266 - ** 1968 ** 198200 , 1 , 1968
16:43:23.482 [main] INFO  c.c.app.process.impl.Search2Impl.fillDetail  266 - ** 1969 ** 198200 , 1 , 1969
16:43:23.482 [main] INFO  c.c.app.process.impl.Search2Impl.fillDetail  266 - ** 1970 ** 198200 , 1 , 1970
16:43:23.482 [main] INFO  c.c.app.process.impl.Search2Impl.fillDetail  266 - ** 1971 ** 198200 , 1 , 1971
16:43:23.482 [main] INFO  c.c.app.process.impl.Search2Impl.fillDetail  266 - ** 1972 ** 198200 , 1 , 1972
16:43:23.482 [main] INFO  c.c.app.process.impl.Search2Impl.searchAll  379 -  SEARCHING 198200 TOGGLE 5 ITEM FOUND 1970
16:43:23.482 [main] INFO  c.c.app.process.impl.Search2Impl.fillDetail  266 - ** 1973 ** 198800 , 1 , 1973
16:43:23.482 [main] INFO  c.c.app.process.impl.Search2Impl.fillDetail  266 - ** 1974 ** 198800 , 1 , 1974
16:43:23.483 [main] INFO  c.c.app.process.impl.Search2Impl.fillDetail  266 - ** 1975 ** 198800 , 1 , 1975
16:43:23.483 [main] INFO  c.c.app.process.impl.Search2Impl.fillDetail  266 - ** 1976 ** 198800 , 1 , 1976
16:43:23.483 [main] INFO  c.c.app.process.impl.Search2Impl.fillDetail  266 - ** 1977 ** 198800 , 1 , 1977
16:43:23.483 [main] INFO  c.c.app.process.impl.Search2Impl.fillDetail  266 - ** 1978 ** 198800 , 1 , 1978
16:43:23.483 [main] INFO  c.c.app.process.impl.Search2Impl.searchAll  379 -  SEARCHING 198800 TOGGLE 6 ITEM FOUND 1976
16:43:23.483 [main] INFO  c.c.app.process.impl.Search2Impl.fillDetail  266 - ** 1979 ** 199000 , 1 , 1979
16:43:23.483 [main] INFO  c.c.app.process.impl.Search2Impl.fillDetail  266 - ** 1980 ** 199000 , 1 , 1980
16:43:23.483 [main] INFO  c.c.app.process.impl.Search2Impl.searchAll  379 -  SEARCHING 199000 TOGGLE 2 ITEM FOUND 1979
16:43:23.483 [main] INFO  c.c.app.process.impl.Search2Impl.fillDetail  266 - ** 1981 ** 199300 , 1 , 1981
16:43:23.483 [main] INFO  c.c.app.process.impl.Search2Impl.fillDetail  266 - ** 1982 ** 199300 , 1 , 1982
16:43:23.483 [main] INFO  c.c.app.process.impl.Search2Impl.fillDetail  266 - ** 1983 ** 199300 , 1 , 1983
16:43:23.483 [main] INFO  c.c.app.process.impl.Search2Impl.searchAll  379 -  SEARCHING 199300 TOGGLE 3 ITEM FOUND 1982
16:43:23.483 [main] INFO  c.c.app.process.impl.Search2Impl.fillDetail  266 - ** 1984 ** 199700 , 1 , 1984
16:43:23.483 [main] INFO  c.c.app.process.impl.Search2Impl.fillDetail  266 - ** 1985 ** 199700 , 1 , 1985
16:43:23.483 [main] INFO  c.c.app.process.impl.Search2Impl.fillDetail  266 - ** 1986 ** 199700 , 1 , 1986
16:43:23.483 [main] INFO  c.c.app.process.impl.Search2Impl.fillDetail  266 - ** 1987 ** 199700 , 1 , 1987
16:43:23.483 [main] INFO  c.c.app.process.impl.Search2Impl.searchAll  379 -  SEARCHING 199700 TOGGLE 4 ITEM FOUND 1987
16:43:23.483 [main] INFO  c.c.app.process.impl.Search2Impl.fillDetail  266 - ** 1988 ** 200200 , 1 , 1988
16:43:23.484 [main] INFO  c.c.app.process.impl.Search2Impl.fillDetail  266 - ** 1989 ** 200200 , 1 , 1989
16:43:23.484 [main] INFO  c.c.app.process.impl.Search2Impl.fillDetail  266 - ** 1990 ** 200200 , 1 , 1990
16:43:23.484 [main] INFO  c.c.app.process.impl.Search2Impl.fillDetail  266 - ** 1991 ** 200200 , 1 , 1991
16:43:23.484 [main] INFO  c.c.app.process.impl.Search2Impl.fillDetail  266 - ** 1992 ** 200200 , 1 , 1992
16:43:23.484 [main] INFO  c.c.app.process.impl.Search2Impl.searchAll  379 -  SEARCHING 200200 TOGGLE 5 ITEM FOUND 1990
16:43:23.484 [main] INFO  c.c.app.process.impl.Search2Impl.fillDetail  266 - ** 1993 ** 200800 , 1 , 1993
16:43:23.484 [main] INFO  c.c.app.process.impl.Search2Impl.fillDetail  266 - ** 1994 ** 200800 , 1 , 1994
16:43:23.484 [main] INFO  c.c.app.process.impl.Search2Impl.fillDetail  266 - ** 1995 ** 200800 , 1 , 1995
16:43:23.484 [main] INFO  c.c.app.process.impl.Search2Impl.fillDetail  266 - ** 1996 ** 200800 , 1 , 1996
16:43:23.484 [main] INFO  c.c.app.process.impl.Search2Impl.fillDetail  266 - ** 1997 ** 200800 , 1 , 1997
16:43:23.484 [main] INFO  c.c.app.process.impl.Search2Impl.fillDetail  266 - ** 1998 ** 200800 , 1 , 1998
16:43:23.484 [main] INFO  c.c.app.process.impl.Search2Impl.searchAll  379 -  SEARCHING 200800 TOGGLE 6 ITEM FOUND 1993
16:43:23.484 [main] INFO  c.c.app.process.impl.Search2Impl.fillDetail  266 - ** 1999 ** 201000 , 1 , 1999
16:43:23.484 [main] INFO  c.c.app.process.impl.Search2Impl.fillDetail  266 - ** 2000 ** 201000 , 1 , 2000
16:43:23.484 [main] INFO  c.c.app.process.impl.Search2Impl.searchAll  379 -  SEARCHING 201000 TOGGLE 2 ITEM FOUND 1999
16:43:23.484 [main] INFO  c.c.app.process.impl.Search2Impl.fillDetail  266 - ** 2001 ** 201300 , 1 , 2001
16:43:23.484 [main] INFO  c.c.app.process.impl.Search2Impl.fillDetail  266 - ** 2002 ** 201300 , 1 , 2002
16:43:23.484 [main] INFO  c.c.app.process.impl.Search2Impl.fillDetail  266 - ** 2003 ** 201300 , 1 , 2003
16:43:23.485 [main] INFO  c.c.app.process.impl.Search2Impl.searchAll  379 -  SEARCHING 201300 TOGGLE 3 ITEM FOUND 2002
16:43:23.485 [main] INFO  c.c.app.process.impl.Search2Impl.fillDetail  266 - ** 2004 ** 201700 , 1 , 2004
16:43:23.485 [main] INFO  c.c.app.process.impl.Search2Impl.fillDetail  266 - ** 2005 ** 201700 , 1 , 2005
16:43:23.485 [main] INFO  c.c.app.process.impl.Search2Impl.fillDetail  266 - ** 2006 ** 201700 , 1 , 2006
16:43:23.485 [main] INFO  c.c.app.process.impl.Search2Impl.fillDetail  266 - ** 2007 ** 201700 , 1 , 2007
16:43:23.485 [main] INFO  c.c.app.process.impl.Search2Impl.searchAll  379 -  SEARCHING 201700 TOGGLE 4 ITEM FOUND 2005
16:43:23.485 [main] INFO  c.c.app.process.impl.Search2Impl.fillDetail  266 - ** 2008 ** 202200 , 1 , 2008
16:43:23.485 [main] INFO  c.c.app.process.impl.Search2Impl.fillDetail  266 - ** 2009 ** 202200 , 1 , 2009
16:43:23.485 [main] INFO  c.c.app.process.impl.Search2Impl.fillDetail  266 - ** 2010 ** 202200 , 1 , 2010
16:43:23.485 [main] INFO  c.c.app.process.impl.Search2Impl.fillDetail  266 - ** 2011 ** 202200 , 1 , 2011
16:43:23.485 [main] INFO  c.c.app.process.impl.Search2Impl.fillDetail  266 - ** 2012 ** 202200 , 1 , 2012
16:43:23.485 [main] INFO  c.c.app.process.impl.Search2Impl.searchAll  379 -  SEARCHING 202200 TOGGLE 5 ITEM FOUND 2010
16:43:23.485 [main] INFO  c.c.app.process.impl.Search2Impl.fillDetail  266 - ** 2013 ** 202800 , 1 , 2013
16:43:23.485 [main] INFO  c.c.app.process.impl.Search2Impl.fillDetail  266 - ** 2014 ** 202800 , 1 , 2014
16:43:23.485 [main] INFO  c.c.app.process.impl.Search2Impl.fillDetail  266 - ** 2015 ** 202800 , 1 , 2015
16:43:23.485 [main] INFO  c.c.app.process.impl.Search2Impl.fillDetail  266 - ** 2016 ** 202800 , 1 , 2016
16:43:23.485 [main] INFO  c.c.app.process.impl.Search2Impl.fillDetail  266 - ** 2017 ** 202800 , 1 , 2017
16:43:23.485 [main] INFO  c.c.app.process.impl.Search2Impl.fillDetail  266 - ** 2018 ** 202800 , 1 , 2018
16:43:23.486 [main] INFO  c.c.app.process.impl.Search2Impl.searchAll  379 -  SEARCHING 202800 TOGGLE 6 ITEM FOUND 2016
16:43:23.486 [main] INFO  c.c.app.process.impl.Search2Impl.fillDetail  266 - ** 2019 ** 203000 , 1 , 2019
16:43:23.486 [main] INFO  c.c.app.process.impl.Search2Impl.fillDetail  266 - ** 2020 ** 203000 , 1 , 2020
16:43:23.486 [main] INFO  c.c.app.process.impl.Search2Impl.searchAll  379 -  SEARCHING 203000 TOGGLE 2 ITEM FOUND 2019
16:43:23.486 [main] INFO  c.c.app.process.impl.Search2Impl.fillDetail  266 - ** 2021 ** 203300 , 1 , 2021
16:43:23.486 [main] INFO  c.c.app.process.impl.Search2Impl.fillDetail  266 - ** 2022 ** 203300 , 1 , 2022
16:43:23.486 [main] INFO  c.c.app.process.impl.Search2Impl.fillDetail  266 - ** 2023 ** 203300 , 1 , 2023
16:43:23.486 [main] INFO  c.c.app.process.impl.Search2Impl.searchAll  379 -  SEARCHING 203300 TOGGLE 3 ITEM FOUND 2022
16:43:23.486 [main] INFO  c.c.app.process.impl.Search2Impl.fillDetail  266 - ** 2024 ** 203700 , 1 , 2024
16:43:23.486 [main] INFO  c.c.app.process.impl.Search2Impl.fillDetail  266 - ** 2025 ** 203700 , 1 , 2025
16:43:23.486 [main] INFO  c.c.app.process.impl.Search2Impl.fillDetail  266 - ** 2026 ** 203700 , 1 , 2026
16:43:23.486 [main] INFO  c.c.app.process.impl.Search2Impl.fillDetail  266 - ** 2027 ** 203700 , 1 , 2027
16:43:23.486 [main] INFO  c.c.app.process.impl.Search2Impl.searchAll  379 -  SEARCHING 203700 TOGGLE 4 ITEM FOUND 2025
16:43:23.486 [main] INFO  c.c.app.process.impl.Search2Impl.fillDetail  266 - ** 2028 ** 204200 , 1 , 2028
16:43:23.486 [main] INFO  c.c.app.process.impl.Search2Impl.fillDetail  266 - ** 2029 ** 204200 , 1 , 2029
16:43:23.486 [main] INFO  c.c.app.process.impl.Search2Impl.fillDetail  266 - ** 2030 ** 204200 , 1 , 2030
16:43:23.486 [main] INFO  c.c.app.process.impl.Search2Impl.fillDetail  266 - ** 2031 ** 204200 , 1 , 2031
16:43:23.486 [main] INFO  c.c.app.process.impl.Search2Impl.fillDetail  266 - ** 2032 ** 204200 , 1 , 2032
16:43:23.487 [main] INFO  c.c.app.process.impl.Search2Impl.searchAll  379 -  SEARCHING 204200 TOGGLE 5 ITEM FOUND 2028
16:43:23.487 [main] INFO  c.c.app.process.impl.Search2Impl.fillDetail  266 - ** 2033 ** 204800 , 1 , 2033
16:43:23.487 [main] INFO  c.c.app.process.impl.Search2Impl.fillDetail  266 - ** 2034 ** 204800 , 1 , 2034
16:43:23.487 [main] INFO  c.c.app.process.impl.Search2Impl.fillDetail  266 - ** 2035 ** 204800 , 1 , 2035
16:43:23.487 [main] INFO  c.c.app.process.impl.Search2Impl.fillDetail  266 - ** 2036 ** 204800 , 1 , 2036
16:43:23.487 [main] INFO  c.c.app.process.impl.Search2Impl.fillDetail  266 - ** 2037 ** 204800 , 1 , 2037
16:43:23.487 [main] INFO  c.c.app.process.impl.Search2Impl.fillDetail  266 - ** 2038 ** 204800 , 1 , 2038
16:43:23.487 [main] INFO  c.c.app.process.impl.Search2Impl.searchAll  379 -  SEARCHING 204800 TOGGLE 6 ITEM FOUND 2033
16:43:23.487 [main] INFO  c.c.app.process.impl.Search2Impl.fillDetail  266 - ** 2039 ** 205000 , 1 , 2039
16:43:23.487 [main] INFO  c.c.app.process.impl.Search2Impl.fillDetail  266 - ** 2040 ** 205000 , 1 , 2040
16:43:23.487 [main] INFO  c.c.app.process.impl.Search2Impl.searchAll  379 -  SEARCHING 205000 TOGGLE 2 ITEM FOUND 2039
16:43:23.487 [main] INFO  c.c.app.process.impl.Search2Impl.fillDetail  266 - ** 2041 ** 205300 , 1 , 2041
16:43:23.487 [main] INFO  c.c.app.process.impl.Search2Impl.fillDetail  266 - ** 2042 ** 205300 , 1 , 2042
16:43:23.487 [main] INFO  c.c.app.process.impl.Search2Impl.fillDetail  266 - ** 2043 ** 205300 , 1 , 2043
16:43:23.487 [main] INFO  c.c.app.process.impl.Search2Impl.searchAll  379 -  SEARCHING 205300 TOGGLE 3 ITEM FOUND 2042
16:43:23.487 [main] INFO  c.c.app.process.impl.Search2Impl.fillDetail  266 - ** 2044 ** 205700 , 1 , 2044
16:43:23.487 [main] INFO  c.c.app.process.impl.Search2Impl.fillDetail  266 - ** 2045 ** 205700 , 1 , 2045
16:43:23.487 [main] INFO  c.c.app.process.impl.Search2Impl.fillDetail  266 - ** 2046 ** 205700 , 1 , 2046
16:43:23.488 [main] INFO  c.c.app.process.impl.Search2Impl.fillDetail  266 - ** 2047 ** 205700 , 1 , 2047
16:43:23.488 [main] INFO  c.c.app.process.impl.Search2Impl.searchAll  379 -  SEARCHING 205700 TOGGLE 4 ITEM FOUND 2045
16:43:23.488 [main] INFO  c.c.app.process.impl.Search2Impl.fillDetail  266 - ** 2048 ** 206200 , 1 , 2048
16:43:23.488 [main] INFO  c.c.app.process.impl.Search2Impl.fillDetail  266 - ** 2049 ** 206200 , 1 , 2049
16:43:23.488 [main] INFO  c.c.app.process.impl.Search2Impl.fillDetail  266 - ** 2050 ** 206200 , 1 , 2050
16:43:23.488 [main] INFO  c.c.app.process.impl.Search2Impl.fillDetail  266 - ** 2051 ** 206200 , 1 , 2051
16:43:23.488 [main] INFO  c.c.app.process.impl.Search2Impl.fillDetail  266 - ** 2052 ** 206200 , 1 , 2052
16:43:23.488 [main] INFO  c.c.app.process.impl.Search2Impl.searchAll  379 -  SEARCHING 206200 TOGGLE 5 ITEM FOUND 2051
16:43:23.488 [main] INFO  c.c.app.process.impl.Search2Impl.fillDetail  266 - ** 2053 ** 206800 , 1 , 2053
16:43:23.488 [main] INFO  c.c.app.process.impl.Search2Impl.fillDetail  266 - ** 2054 ** 206800 , 1 , 2054
16:43:23.488 [main] INFO  c.c.app.process.impl.Search2Impl.fillDetail  266 - ** 2055 ** 206800 , 1 , 2055
16:43:23.488 [main] INFO  c.c.app.process.impl.Search2Impl.fillDetail  266 - ** 2056 ** 206800 , 1 , 2056
16:43:23.488 [main] INFO  c.c.app.process.impl.Search2Impl.fillDetail  266 - ** 2057 ** 206800 , 1 , 2057
16:43:23.488 [main] INFO  c.c.app.process.impl.Search2Impl.fillDetail  266 - ** 2058 ** 206800 , 1 , 2058
16:43:23.488 [main] INFO  c.c.app.process.impl.Search2Impl.searchAll  379 -  SEARCHING 206800 TOGGLE 6 ITEM FOUND 2056
16:43:23.488 [main] INFO  c.c.app.process.impl.Search2Impl.fillDetail  266 - ** 2059 ** 207000 , 1 , 2059
16:43:23.488 [main] INFO  c.c.app.process.impl.Search2Impl.fillDetail  266 - ** 2060 ** 207000 , 1 , 2060
16:43:23.488 [main] INFO  c.c.app.process.impl.Search2Impl.searchAll  379 -  SEARCHING 207000 TOGGLE 2 ITEM FOUND 2059
16:43:23.488 [main] INFO  c.c.app.process.impl.Search2Impl.fillDetail  266 - ** 2061 ** 207300 , 1 , 2061
16:43:23.489 [main] INFO  c.c.app.process.impl.Search2Impl.fillDetail  266 - ** 2062 ** 207300 , 1 , 2062
16:43:23.489 [main] INFO  c.c.app.process.impl.Search2Impl.fillDetail  266 - ** 2063 ** 207300 , 1 , 2063
16:43:23.489 [main] INFO  c.c.app.process.impl.Search2Impl.searchAll  379 -  SEARCHING 207300 TOGGLE 3 ITEM FOUND 2062
16:43:23.489 [main] INFO  c.c.app.process.impl.Search2Impl.fillDetail  266 - ** 2064 ** 207700 , 1 , 2064
16:43:23.489 [main] INFO  c.c.app.process.impl.Search2Impl.fillDetail  266 - ** 2065 ** 207700 , 1 , 2065
16:43:23.489 [main] INFO  c.c.app.process.impl.Search2Impl.fillDetail  266 - ** 2066 ** 207700 , 1 , 2066
16:43:23.489 [main] INFO  c.c.app.process.impl.Search2Impl.fillDetail  266 - ** 2067 ** 207700 , 1 , 2067
16:43:23.489 [main] INFO  c.c.app.process.impl.Search2Impl.searchAll  379 -  SEARCHING 207700 TOGGLE 4 ITEM FOUND 2065
16:43:23.489 [main] INFO  c.c.app.process.impl.Search2Impl.fillDetail  266 - ** 2068 ** 208200 , 1 , 2068
16:43:23.489 [main] INFO  c.c.app.process.impl.Search2Impl.fillDetail  266 - ** 2069 ** 208200 , 1 , 2069
16:43:23.489 [main] INFO  c.c.app.process.impl.Search2Impl.fillDetail  266 - ** 2070 ** 208200 , 1 , 2070
16:43:23.489 [main] INFO  c.c.app.process.impl.Search2Impl.fillDetail  266 - ** 2071 ** 208200 , 1 , 2071
16:43:23.489 [main] INFO  c.c.app.process.impl.Search2Impl.fillDetail  266 - ** 2072 ** 208200 , 1 , 2072
16:43:23.489 [main] INFO  c.c.app.process.impl.Search2Impl.searchAll  379 -  SEARCHING 208200 TOGGLE 5 ITEM FOUND 2068
16:43:23.489 [main] INFO  c.c.app.process.impl.Search2Impl.fillDetail  266 - ** 2073 ** 208800 , 1 , 2073
16:43:23.489 [main] INFO  c.c.app.process.impl.Search2Impl.fillDetail  266 - ** 2074 ** 208800 , 1 , 2074
16:43:23.489 [main] INFO  c.c.app.process.impl.Search2Impl.fillDetail  266 - ** 2075 ** 208800 , 1 , 2075
16:43:23.490 [main] INFO  c.c.app.process.impl.Search2Impl.fillDetail  266 - ** 2076 ** 208800 , 1 , 2076
16:43:23.490 [main] INFO  c.c.app.process.impl.Search2Impl.fillDetail  266 - ** 2077 ** 208800 , 1 , 2077
16:43:23.490 [main] INFO  c.c.app.process.impl.Search2Impl.fillDetail  266 - ** 2078 ** 208800 , 1 , 2078
16:43:23.490 [main] INFO  c.c.app.process.impl.Search2Impl.searchAll  379 -  SEARCHING 208800 TOGGLE 6 ITEM FOUND 2074
16:43:23.490 [main] INFO  c.c.app.process.impl.Search2Impl.fillDetail  266 - ** 2079 ** 209000 , 1 , 2079
16:43:23.490 [main] INFO  c.c.app.process.impl.Search2Impl.fillDetail  266 - ** 2080 ** 209000 , 1 , 2080
16:43:23.490 [main] INFO  c.c.app.process.impl.Search2Impl.searchAll  379 -  SEARCHING 209000 TOGGLE 2 ITEM FOUND 2079
16:43:23.490 [main] INFO  c.c.app.process.impl.Search2Impl.fillDetail  266 - ** 2081 ** 209300 , 1 , 2081
16:43:23.490 [main] INFO  c.c.app.process.impl.Search2Impl.fillDetail  266 - ** 2082 ** 209300 , 1 , 2082
16:43:23.490 [main] INFO  c.c.app.process.impl.Search2Impl.fillDetail  266 - ** 2083 ** 209300 , 1 , 2083
16:43:23.490 [main] INFO  c.c.app.process.impl.Search2Impl.searchAll  379 -  SEARCHING 209300 TOGGLE 3 ITEM FOUND 2082
16:43:23.490 [main] INFO  c.c.app.process.impl.Search2Impl.fillDetail  266 - ** 2084 ** 209700 , 1 , 2084
16:43:23.490 [main] INFO  c.c.app.process.impl.Search2Impl.fillDetail  266 - ** 2085 ** 209700 , 1 , 2085
16:43:23.490 [main] INFO  c.c.app.process.impl.Search2Impl.fillDetail  266 - ** 2086 ** 209700 , 1 , 2086
16:43:23.490 [main] INFO  c.c.app.process.impl.Search2Impl.fillDetail  266 - ** 2087 ** 209700 , 1 , 2087
16:43:23.490 [main] INFO  c.c.app.process.impl.Search2Impl.searchAll  379 -  SEARCHING 209700 TOGGLE 4 ITEM FOUND 2085
16:43:23.490 [main] INFO  c.c.app.process.impl.Search2Impl.fillDetail  266 - ** 2088 ** 210200 , 1 , 2088
16:43:23.490 [main] INFO  c.c.app.process.impl.Search2Impl.fillDetail  266 - ** 2089 ** 210200 , 1 , 2089
16:43:23.491 [main] INFO  c.c.app.process.impl.Search2Impl.fillDetail  266 - ** 2090 ** 210200 , 1 , 2090
16:43:23.491 [main] INFO  c.c.app.process.impl.Search2Impl.fillDetail  266 - ** 2091 ** 210200 , 1 , 2091
16:43:23.491 [main] INFO  c.c.app.process.impl.Search2Impl.fillDetail  266 - ** 2092 ** 210200 , 1 , 2092
16:43:23.491 [main] INFO  c.c.app.process.impl.Search2Impl.searchAll  379 -  SEARCHING 210200 TOGGLE 5 ITEM FOUND 2091
16:43:23.491 [main] INFO  c.c.app.process.impl.Search2Impl.fillDetail  266 - ** 2093 ** 210800 , 1 , 2093
16:43:23.491 [main] INFO  c.c.app.process.impl.Search2Impl.fillDetail  266 - ** 2094 ** 210800 , 1 , 2094
16:43:23.491 [main] INFO  c.c.app.process.impl.Search2Impl.fillDetail  266 - ** 2095 ** 210800 , 1 , 2095
16:43:23.491 [main] INFO  c.c.app.process.impl.Search2Impl.fillDetail  266 - ** 2096 ** 210800 , 1 , 2096
16:43:23.491 [main] INFO  c.c.app.process.impl.Search2Impl.fillDetail  266 - ** 2097 ** 210800 , 1 , 2097
16:43:23.491 [main] INFO  c.c.app.process.impl.Search2Impl.fillDetail  266 - ** 2098 ** 210800 , 1 , 2098
16:43:23.491 [main] INFO  c.c.app.process.impl.Search2Impl.searchAll  379 -  SEARCHING 210800 TOGGLE 6 ITEM FOUND 2097
16:43:23.491 [main] INFO  c.c.app.process.impl.Search2Impl.fillDetail  266 - ** 2099 ** 211000 , 1 , 2099
16:43:23.491 [main] INFO  c.c.app.process.impl.Search2Impl.fillDetail  266 - ** 2100 ** 211000 , 1 , 2100
16:43:23.491 [main] INFO  c.c.app.process.impl.Search2Impl.searchAll  379 -  SEARCHING 211000 TOGGLE 2 ITEM FOUND 2099
16:43:23.491 [main] INFO  c.c.app.process.impl.Search2Impl.fillDetail  266 - ** 2101 ** 211300 , 1 , 2101
16:43:23.491 [main] INFO  c.c.app.process.impl.Search2Impl.fillDetail  266 - ** 2102 ** 211300 , 1 , 2102
16:43:23.491 [main] INFO  c.c.app.process.impl.Search2Impl.fillDetail  266 - ** 2103 ** 211300 , 1 , 2103
16:43:23.491 [main] INFO  c.c.app.process.impl.Search2Impl.searchAll  379 -  SEARCHING 211300 TOGGLE 3 ITEM FOUND 2102
16:43:23.492 [main] INFO  c.c.app.process.impl.Search2Impl.fillDetail  266 - ** 2104 ** 211700 , 1 , 2104
16:43:23.492 [main] INFO  c.c.app.process.impl.Search2Impl.fillDetail  266 - ** 2105 ** 211700 , 1 , 2105
16:43:23.492 [main] INFO  c.c.app.process.impl.Search2Impl.fillDetail  266 - ** 2106 ** 211700 , 1 , 2106
16:43:23.492 [main] INFO  c.c.app.process.impl.Search2Impl.fillDetail  266 - ** 2107 ** 211700 , 1 , 2107
16:43:23.492 [main] INFO  c.c.app.process.impl.Search2Impl.searchAll  379 -  SEARCHING 211700 TOGGLE 4 ITEM FOUND 2105
16:43:23.492 [main] INFO  c.c.app.process.impl.Search2Impl.fillDetail  266 - ** 2108 ** 212200 , 1 , 2108
16:43:23.492 [main] INFO  c.c.app.process.impl.Search2Impl.fillDetail  266 - ** 2109 ** 212200 , 1 , 2109
16:43:23.492 [main] INFO  c.c.app.process.impl.Search2Impl.fillDetail  266 - ** 2110 ** 212200 , 1 , 2110
16:43:23.492 [main] INFO  c.c.app.process.impl.Search2Impl.fillDetail  266 - ** 2111 ** 212200 , 1 , 2111
16:43:23.492 [main] INFO  c.c.app.process.impl.Search2Impl.fillDetail  266 - ** 2112 ** 212200 , 1 , 2112
16:43:23.492 [main] INFO  c.c.app.process.impl.Search2Impl.searchAll  379 -  SEARCHING 212200 TOGGLE 5 ITEM FOUND 2108
16:43:23.492 [main] INFO  c.c.app.process.impl.Search2Impl.fillDetail  266 - ** 2113 ** 212800 , 1 , 2113
16:43:23.492 [main] INFO  c.c.app.process.impl.Search2Impl.fillDetail  266 - ** 2114 ** 212800 , 1 , 2114
16:43:23.492 [main] INFO  c.c.app.process.impl.Search2Impl.fillDetail  266 - ** 2115 ** 212800 , 1 , 2115
16:43:23.492 [main] INFO  c.c.app.process.impl.Search2Impl.fillDetail  266 - ** 2116 ** 212800 , 1 , 2116
16:43:23.492 [main] INFO  c.c.app.process.impl.Search2Impl.fillDetail  266 - ** 2117 ** 212800 , 1 , 2117
16:43:23.492 [main] INFO  c.c.app.process.impl.Search2Impl.fillDetail  266 - ** 2118 ** 212800 , 1 , 2118
16:43:23.492 [main] INFO  c.c.app.process.impl.Search2Impl.searchAll  379 -  SEARCHING 212800 TOGGLE 6 ITEM FOUND 2114
16:43:23.493 [main] INFO  c.c.app.process.impl.Search2Impl.fillDetail  266 - ** 2119 ** 213000 , 1 , 2119
16:43:23.493 [main] INFO  c.c.app.process.impl.Search2Impl.fillDetail  266 - ** 2120 ** 213000 , 1 , 2120
16:43:23.493 [main] INFO  c.c.app.process.impl.Search2Impl.searchAll  379 -  SEARCHING 213000 TOGGLE 2 ITEM FOUND 2120
16:43:23.493 [main] INFO  c.c.app.process.impl.Search2Impl.fillDetail  266 - ** 2121 ** 213300 , 1 , 2121
16:43:23.493 [main] INFO  c.c.app.process.impl.Search2Impl.fillDetail  266 - ** 2122 ** 213300 , 1 , 2122
16:43:23.493 [main] INFO  c.c.app.process.impl.Search2Impl.fillDetail  266 - ** 2123 ** 213300 , 1 , 2123
16:43:23.493 [main] INFO  c.c.app.process.impl.Search2Impl.searchAll  379 -  SEARCHING 213300 TOGGLE 3 ITEM FOUND 2122
16:43:23.493 [main] INFO  c.c.app.process.impl.Search2Impl.fillDetail  266 - ** 2124 ** 213700 , 1 , 2124
16:43:23.493 [main] INFO  c.c.app.process.impl.Search2Impl.fillDetail  266 - ** 2125 ** 213700 , 1 , 2125
16:43:23.493 [main] INFO  c.c.app.process.impl.Search2Impl.fillDetail  266 - ** 2126 ** 213700 , 1 , 2126
16:43:23.493 [main] INFO  c.c.app.process.impl.Search2Impl.fillDetail  266 - ** 2127 ** 213700 , 1 , 2127
16:43:23.493 [main] INFO  c.c.app.process.impl.Search2Impl.searchAll  379 -  SEARCHING 213700 TOGGLE 4 ITEM FOUND 2125
16:43:23.493 [main] INFO  c.c.app.process.impl.Search2Impl.fillDetail  266 - ** 2128 ** 214200 , 1 , 2128
16:43:23.493 [main] INFO  c.c.app.process.impl.Search2Impl.fillDetail  266 - ** 2129 ** 214200 , 1 , 2129
16:43:23.493 [main] INFO  c.c.app.process.impl.Search2Impl.fillDetail  266 - ** 2130 ** 214200 , 1 , 2130
16:43:23.493 [main] INFO  c.c.app.process.impl.Search2Impl.fillDetail  266 - ** 2131 ** 214200 , 1 , 2131
16:43:23.493 [main] INFO  c.c.app.process.impl.Search2Impl.fillDetail  266 - ** 2132 ** 214200 , 1 , 2132
16:43:23.493 [main] INFO  c.c.app.process.impl.Search2Impl.searchAll  379 -  SEARCHING 214200 TOGGLE 5 ITEM FOUND 2131
16:43:23.494 [main] INFO  c.c.app.process.impl.Search2Impl.fillDetail  266 - ** 2133 ** 214800 , 1 , 2133
16:43:23.494 [main] INFO  c.c.app.process.impl.Search2Impl.fillDetail  266 - ** 2134 ** 214800 , 1 , 2134
16:43:23.494 [main] INFO  c.c.app.process.impl.Search2Impl.fillDetail  266 - ** 2135 ** 214800 , 1 , 2135
16:43:23.494 [main] INFO  c.c.app.process.impl.Search2Impl.fillDetail  266 - ** 2136 ** 214800 , 1 , 2136
16:43:23.494 [main] INFO  c.c.app.process.impl.Search2Impl.fillDetail  266 - ** 2137 ** 214800 , 1 , 2137
16:43:23.494 [main] INFO  c.c.app.process.impl.Search2Impl.fillDetail  266 - ** 2138 ** 214800 , 1 , 2138
16:43:23.494 [main] INFO  c.c.app.process.impl.Search2Impl.searchAll  379 -  SEARCHING 214800 TOGGLE 6 ITEM FOUND 2137
16:43:23.494 [main] INFO  c.c.app.process.impl.Search2Impl.fillDetail  266 - ** 2139 ** 215000 , 1 , 2139
16:43:23.494 [main] INFO  c.c.app.process.impl.Search2Impl.fillDetail  266 - ** 2140 ** 215000 , 1 , 2140
16:43:23.494 [main] INFO  c.c.app.process.impl.Search2Impl.searchAll  379 -  SEARCHING 215000 TOGGLE 2 ITEM FOUND 2140
16:43:23.494 [main] INFO  c.c.app.process.impl.Search2Impl.fillDetail  266 - ** 2141 ** 215300 , 1 , 2141
16:43:23.494 [main] INFO  c.c.app.process.impl.Search2Impl.fillDetail  266 - ** 2142 ** 215300 , 1 , 2142
16:43:23.494 [main] INFO  c.c.app.process.impl.Search2Impl.fillDetail  266 - ** 2143 ** 215300 , 1 , 2143
16:43:23.494 [main] INFO  c.c.app.process.impl.Search2Impl.searchAll  379 -  SEARCHING 215300 TOGGLE 3 ITEM FOUND 2143
16:43:23.494 [main] INFO  c.c.app.process.impl.Search2Impl.fillDetail  266 - ** 2144 ** 215700 , 1 , 2144
16:43:23.494 [main] INFO  c.c.app.process.impl.Search2Impl.fillDetail  266 - ** 2145 ** 215700 , 1 , 2145
16:43:23.495 [main] INFO  c.c.app.process.impl.Search2Impl.fillDetail  266 - ** 2146 ** 215700 , 1 , 2146
16:43:23.495 [main] INFO  c.c.app.process.impl.Search2Impl.fillDetail  266 - ** 2147 ** 215700 , 1 , 2147
16:43:23.495 [main] INFO  c.c.app.process.impl.Search2Impl.searchAll  379 -  SEARCHING 215700 TOGGLE 4 ITEM FOUND 2145
16:43:23.495 [main] INFO  c.c.app.process.impl.Search2Impl.fillDetail  266 - ** 2148 ** 216200 , 1 , 2148
16:43:23.495 [main] INFO  c.c.app.process.impl.Search2Impl.fillDetail  266 - ** 2149 ** 216200 , 1 , 2149
16:43:23.495 [main] INFO  c.c.app.process.impl.Search2Impl.fillDetail  266 - ** 2150 ** 216200 , 1 , 2150
16:43:23.495 [main] INFO  c.c.app.process.impl.Search2Impl.fillDetail  266 - ** 2151 ** 216200 , 1 , 2151
16:43:23.495 [main] INFO  c.c.app.process.impl.Search2Impl.fillDetail  266 - ** 2152 ** 216200 , 1 , 2152
16:43:23.495 [main] INFO  c.c.app.process.impl.Search2Impl.searchAll  379 -  SEARCHING 216200 TOGGLE 5 ITEM FOUND 2148
16:43:23.495 [main] INFO  c.c.app.process.impl.Search2Impl.fillDetail  266 - ** 2153 ** 216800 , 1 , 2153
16:43:23.495 [main] INFO  c.c.app.process.impl.Search2Impl.fillDetail  266 - ** 2154 ** 216800 , 1 , 2154
16:43:23.495 [main] INFO  c.c.app.process.impl.Search2Impl.fillDetail  266 - ** 2155 ** 216800 , 1 , 2155
16:43:23.495 [main] INFO  c.c.app.process.impl.Search2Impl.fillDetail  266 - ** 2156 ** 216800 , 1 , 2156
16:43:23.495 [main] INFO  c.c.app.process.impl.Search2Impl.fillDetail  266 - ** 2157 ** 216800 , 1 , 2157
16:43:23.495 [main] INFO  c.c.app.process.impl.Search2Impl.fillDetail  266 - ** 2158 ** 216800 , 1 , 2158
16:43:23.495 [main] INFO  c.c.app.process.impl.Search2Impl.searchAll  379 -  SEARCHING 216800 TOGGLE 6 ITEM FOUND 2154
16:43:23.496 [main] INFO  c.c.app.process.impl.Search2Impl.fillDetail  266 - ** 2159 ** 217000 , 1 , 2159
16:43:23.496 [main] INFO  c.c.app.process.impl.Search2Impl.fillDetail  266 - ** 2160 ** 217000 , 1 , 2160
16:43:23.496 [main] INFO  c.c.app.process.impl.Search2Impl.searchAll  379 -  SEARCHING 217000 TOGGLE 2 ITEM FOUND 2160
16:43:23.496 [main] INFO  c.c.app.process.impl.Search2Impl.fillDetail  266 - ** 2161 ** 217300 , 1 , 2161
16:43:23.496 [main] INFO  c.c.app.process.impl.Search2Impl.fillDetail  266 - ** 2162 ** 217300 , 1 , 2162
16:43:23.496 [main] INFO  c.c.app.process.impl.Search2Impl.fillDetail  266 - ** 2163 ** 217300 , 1 , 2163
16:43:23.496 [main] INFO  c.c.app.process.impl.Search2Impl.searchAll  379 -  SEARCHING 217300 TOGGLE 3 ITEM FOUND 2163
16:43:23.496 [main] INFO  c.c.app.process.impl.Search2Impl.fillDetail  266 - ** 2164 ** 217700 , 1 , 2164
16:43:23.496 [main] INFO  c.c.app.process.impl.Search2Impl.fillDetail  266 - ** 2165 ** 217700 , 1 , 2165
16:43:23.496 [main] INFO  c.c.app.process.impl.Search2Impl.fillDetail  266 - ** 2166 ** 217700 , 1 , 2166
16:43:23.496 [main] INFO  c.c.app.process.impl.Search2Impl.fillDetail  266 - ** 2167 ** 217700 , 1 , 2167
16:43:23.496 [main] INFO  c.c.app.process.impl.Search2Impl.searchAll  379 -  SEARCHING 217700 TOGGLE 4 ITEM FOUND 2166
16:43:23.496 [main] INFO  c.c.app.process.impl.Search2Impl.fillDetail  266 - ** 2168 ** 218200 , 1 , 2168
16:43:23.496 [main] INFO  c.c.app.process.impl.Search2Impl.fillDetail  266 - ** 2169 ** 218200 , 1 , 2169
16:43:23.496 [main] INFO  c.c.app.process.impl.Search2Impl.fillDetail  266 - ** 2170 ** 218200 , 1 , 2170
16:43:23.496 [main] INFO  c.c.app.process.impl.Search2Impl.fillDetail  266 - ** 2171 ** 218200 , 1 , 2171
16:43:23.496 [main] INFO  c.c.app.process.impl.Search2Impl.fillDetail  266 - ** 2172 ** 218200 , 1 , 2172
16:43:23.497 [main] INFO  c.c.app.process.impl.Search2Impl.searchAll  379 -  SEARCHING 218200 TOGGLE 5 ITEM FOUND 2171
16:43:23.497 [main] INFO  c.c.app.process.impl.Search2Impl.fillDetail  266 - ** 2173 ** 218800 , 1 , 2173
16:43:23.497 [main] INFO  c.c.app.process.impl.Search2Impl.fillDetail  266 - ** 2174 ** 218800 , 1 , 2174
16:43:23.497 [main] INFO  c.c.app.process.impl.Search2Impl.fillDetail  266 - ** 2175 ** 218800 , 1 , 2175
16:43:23.497 [main] INFO  c.c.app.process.impl.Search2Impl.fillDetail  266 - ** 2176 ** 218800 , 1 , 2176
16:43:23.497 [main] INFO  c.c.app.process.impl.Search2Impl.fillDetail  266 - ** 2177 ** 218800 , 1 , 2177
16:43:23.497 [main] INFO  c.c.app.process.impl.Search2Impl.fillDetail  266 - ** 2178 ** 218800 , 1 , 2178
16:43:23.497 [main] INFO  c.c.app.process.impl.Search2Impl.searchAll  379 -  SEARCHING 218800 TOGGLE 6 ITEM FOUND 2177
16:43:23.497 [main] INFO  c.c.app.process.impl.Search2Impl.fillDetail  266 - ** 2179 ** 219000 , 1 , 2179
16:43:23.497 [main] INFO  c.c.app.process.impl.Search2Impl.fillDetail  266 - ** 2180 ** 219000 , 1 , 2180
16:43:23.497 [main] INFO  c.c.app.process.impl.Search2Impl.searchAll  379 -  SEARCHING 219000 TOGGLE 2 ITEM FOUND 2180
16:43:23.497 [main] INFO  c.c.app.process.impl.Search2Impl.fillDetail  266 - ** 2181 ** 219300 , 1 , 2181
16:43:23.497 [main] INFO  c.c.app.process.impl.Search2Impl.fillDetail  266 - ** 2182 ** 219300 , 1 , 2182
16:43:23.497 [main] INFO  c.c.app.process.impl.Search2Impl.fillDetail  266 - ** 2183 ** 219300 , 1 , 2183
16:43:23.497 [main] INFO  c.c.app.process.impl.Search2Impl.searchAll  379 -  SEARCHING 219300 TOGGLE 3 ITEM FOUND 2183
16:43:23.497 [main] INFO  c.c.app.process.impl.Search2Impl.fillDetail  266 - ** 2184 ** 219700 , 1 , 2184
16:43:23.498 [main] INFO  c.c.app.process.impl.Search2Impl.fillDetail  266 - ** 2185 ** 219700 , 1 , 2185
16:43:23.498 [main] INFO  c.c.app.process.impl.Search2Impl.fillDetail  266 - ** 2186 ** 219700 , 1 , 2186
16:43:23.498 [main] INFO  c.c.app.process.impl.Search2Impl.fillDetail  266 - ** 2187 ** 219700 , 1 , 2187
16:43:23.498 [main] INFO  c.c.app.process.impl.Search2Impl.searchAll  379 -  SEARCHING 219700 TOGGLE 4 ITEM FOUND 2186
16:43:23.498 [main] INFO  c.c.app.process.impl.Search2Impl.fillDetail  266 - ** 2188 ** 220200 , 1 , 2188
16:43:23.498 [main] INFO  c.c.app.process.impl.Search2Impl.fillDetail  266 - ** 2189 ** 220200 , 1 , 2189
16:43:23.498 [main] INFO  c.c.app.process.impl.Search2Impl.fillDetail  266 - ** 2190 ** 220200 , 1 , 2190
16:43:23.498 [main] INFO  c.c.app.process.impl.Search2Impl.fillDetail  266 - ** 2191 ** 220200 , 1 , 2191
16:43:23.498 [main] INFO  c.c.app.process.impl.Search2Impl.fillDetail  266 - ** 2192 ** 220200 , 1 , 2192
16:43:23.498 [main] INFO  c.c.app.process.impl.Search2Impl.searchAll  379 -  SEARCHING 220200 TOGGLE 5 ITEM FOUND 2189
16:43:23.498 [main] INFO  c.c.app.process.impl.Search2Impl.fillDetail  266 - ** 2193 ** 220800 , 1 , 2193
16:43:23.498 [main] INFO  c.c.app.process.impl.Search2Impl.fillDetail  266 - ** 2194 ** 220800 , 1 , 2194
16:43:23.498 [main] INFO  c.c.app.process.impl.Search2Impl.fillDetail  266 - ** 2195 ** 220800 , 1 , 2195
16:43:23.498 [main] INFO  c.c.app.process.impl.Search2Impl.fillDetail  266 - ** 2196 ** 220800 , 1 , 2196
16:43:23.498 [main] INFO  c.c.app.process.impl.Search2Impl.fillDetail  266 - ** 2197 ** 220800 , 1 , 2197
16:43:23.498 [main] INFO  c.c.app.process.impl.Search2Impl.fillDetail  266 - ** 2198 ** 220800 , 1 , 2198
16:43:23.498 [main] INFO  c.c.app.process.impl.Search2Impl.searchAll  379 -  SEARCHING 220800 TOGGLE 6 ITEM FOUND 2195
16:43:23.499 [main] INFO  c.c.app.process.impl.Search2Impl.fillDetail  266 - ** 2199 ** 221000 , 1 , 2199
16:43:23.499 [main] INFO  c.c.app.process.impl.Search2Impl.fillDetail  266 - ** 2200 ** 221000 , 1 , 2200
16:43:23.499 [main] INFO  c.c.app.process.impl.Search2Impl.searchAll  379 -  SEARCHING 221000 TOGGLE 2 ITEM FOUND 2199
16:43:23.499 [main] INFO  c.c.app.process.impl.Search2Impl.fillDetail  266 - ** 2201 ** 221300 , 1 , 2201
16:43:23.499 [main] INFO  c.c.app.process.impl.Search2Impl.fillDetail  266 - ** 2202 ** 221300 , 1 , 2202
16:43:23.499 [main] INFO  c.c.app.process.impl.Search2Impl.fillDetail  266 - ** 2203 ** 221300 , 1 , 2203
16:43:23.499 [main] INFO  c.c.app.process.impl.Search2Impl.searchAll  379 -  SEARCHING 221300 TOGGLE 3 ITEM FOUND 2201
16:43:23.499 [main] INFO  c.c.app.process.impl.Search2Impl.fillDetail  266 - ** 2204 ** 221700 , 1 , 2204
16:43:23.499 [main] INFO  c.c.app.process.impl.Search2Impl.fillDetail  266 - ** 2205 ** 221700 , 1 , 2205
16:43:23.499 [main] INFO  c.c.app.process.impl.Search2Impl.fillDetail  266 - ** 2206 ** 221700 , 1 , 2206
16:43:23.499 [main] INFO  c.c.app.process.impl.Search2Impl.fillDetail  266 - ** 2207 ** 221700 , 1 , 2207
16:43:23.499 [main] INFO  c.c.app.process.impl.Search2Impl.searchAll  379 -  SEARCHING 221700 TOGGLE 4 ITEM FOUND 2207
16:43:23.499 [main] INFO  c.c.app.process.impl.Search2Impl.fillDetail  266 - ** 2208 ** 222200 , 1 , 2208
16:43:23.499 [main] INFO  c.c.app.process.impl.Search2Impl.fillDetail  266 - ** 2209 ** 222200 , 1 , 2209
16:43:23.499 [main] INFO  c.c.app.process.impl.Search2Impl.fillDetail  266 - ** 2210 ** 222200 , 1 , 2210
16:43:23.499 [main] INFO  c.c.app.process.impl.Search2Impl.fillDetail  266 - ** 2211 ** 222200 , 1 , 2211
16:43:23.500 [main] INFO  c.c.app.process.impl.Search2Impl.fillDetail  266 - ** 2212 ** 222200 , 1 , 2212
16:43:23.500 [main] INFO  c.c.app.process.impl.Search2Impl.searchAll  379 -  SEARCHING 222200 TOGGLE 5 ITEM FOUND 2210
16:43:23.500 [main] INFO  c.c.app.process.impl.Search2Impl.fillDetail  266 - ** 2213 ** 222800 , 1 , 2213
16:43:23.500 [main] INFO  c.c.app.process.impl.Search2Impl.fillDetail  266 - ** 2214 ** 222800 , 1 , 2214
16:43:23.500 [main] INFO  c.c.app.process.impl.Search2Impl.fillDetail  266 - ** 2215 ** 222800 , 1 , 2215
16:43:23.500 [main] INFO  c.c.app.process.impl.Search2Impl.fillDetail  266 - ** 2216 ** 222800 , 1 , 2216
16:43:23.500 [main] INFO  c.c.app.process.impl.Search2Impl.fillDetail  266 - ** 2217 ** 222800 , 1 , 2217
16:43:23.500 [main] INFO  c.c.app.process.impl.Search2Impl.fillDetail  266 - ** 2218 ** 222800 , 1 , 2218
16:43:23.500 [main] INFO  c.c.app.process.impl.Search2Impl.searchAll  379 -  SEARCHING 222800 TOGGLE 6 ITEM FOUND 2213
16:43:23.500 [main] INFO  c.c.app.process.impl.Search2Impl.fillDetail  266 - ** 2219 ** 223000 , 1 , 2219
16:43:23.500 [main] INFO  c.c.app.process.impl.Search2Impl.fillDetail  266 - ** 2220 ** 223000 , 1 , 2220
16:43:23.500 [main] INFO  c.c.app.process.impl.Search2Impl.searchAll  379 -  SEARCHING 223000 TOGGLE 2 ITEM FOUND 2219
16:43:23.500 [main] INFO  c.c.app.process.impl.Search2Impl.fillDetail  266 - ** 2221 ** 223300 , 1 , 2221
16:43:23.500 [main] INFO  c.c.app.process.impl.Search2Impl.fillDetail  266 - ** 2222 ** 223300 , 1 , 2222
16:43:23.500 [main] INFO  c.c.app.process.impl.Search2Impl.fillDetail  266 - ** 2223 ** 223300 , 1 , 2223
16:43:23.500 [main] INFO  c.c.app.process.impl.Search2Impl.searchAll  379 -  SEARCHING 223300 TOGGLE 3 ITEM FOUND 2221
16:43:23.500 [main] INFO  c.c.app.process.impl.Search2Impl.fillDetail  266 - ** 2224 ** 223700 , 1 , 2224
16:43:23.501 [main] INFO  c.c.app.process.impl.Search2Impl.fillDetail  266 - ** 2225 ** 223700 , 1 , 2225
16:43:23.501 [main] INFO  c.c.app.process.impl.Search2Impl.fillDetail  266 - ** 2226 ** 223700 , 1 , 2226
16:43:23.501 [main] INFO  c.c.app.process.impl.Search2Impl.fillDetail  266 - ** 2227 ** 223700 , 1 , 2227
16:43:23.501 [main] INFO  c.c.app.process.impl.Search2Impl.searchAll  379 -  SEARCHING 223700 TOGGLE 4 ITEM FOUND 2224
16:43:23.501 [main] INFO  c.c.app.process.impl.Search2Impl.fillDetail  266 - ** 2228 ** 224200 , 1 , 2228
16:43:23.501 [main] INFO  c.c.app.process.impl.Search2Impl.fillDetail  266 - ** 2229 ** 224200 , 1 , 2229
16:43:23.501 [main] INFO  c.c.app.process.impl.Search2Impl.fillDetail  266 - ** 2230 ** 224200 , 1 , 2230
16:43:23.501 [main] INFO  c.c.app.process.impl.Search2Impl.fillDetail  266 - ** 2231 ** 224200 , 1 , 2231
16:43:23.501 [main] INFO  c.c.app.process.impl.Search2Impl.fillDetail  266 - ** 2232 ** 224200 , 1 , 2232
16:43:23.501 [main] INFO  c.c.app.process.impl.Search2Impl.searchAll  379 -  SEARCHING 224200 TOGGLE 5 ITEM FOUND 2230
16:43:23.501 [main] INFO  c.c.app.process.impl.Search2Impl.fillDetail  266 - ** 2233 ** 224800 , 1 , 2233
16:43:23.501 [main] INFO  c.c.app.process.impl.Search2Impl.fillDetail  266 - ** 2234 ** 224800 , 1 , 2234
16:43:23.501 [main] INFO  c.c.app.process.impl.Search2Impl.fillDetail  266 - ** 2235 ** 224800 , 1 , 2235
16:43:23.501 [main] INFO  c.c.app.process.impl.Search2Impl.fillDetail  266 - ** 2236 ** 224800 , 1 , 2236
16:43:23.501 [main] INFO  c.c.app.process.impl.Search2Impl.fillDetail  266 - ** 2237 ** 224800 , 1 , 2237
16:43:23.501 [main] INFO  c.c.app.process.impl.Search2Impl.fillDetail  266 - ** 2238 ** 224800 , 1 , 2238
16:43:23.502 [main] INFO  c.c.app.process.impl.Search2Impl.searchAll  379 -  SEARCHING 224800 TOGGLE 6 ITEM FOUND 2236
16:43:23.502 [main] INFO  c.c.app.process.impl.Search2Impl.fillDetail  266 - ** 2239 ** 225000 , 1 , 2239
16:43:23.502 [main] INFO  c.c.app.process.impl.Search2Impl.fillDetail  266 - ** 2240 ** 225000 , 1 , 2240
16:43:23.502 [main] INFO  c.c.app.process.impl.Search2Impl.searchAll  379 -  SEARCHING 225000 TOGGLE 2 ITEM FOUND 2239
16:43:23.502 [main] INFO  c.c.app.process.impl.Search2Impl.fillDetail  266 - ** 2241 ** 225300 , 1 , 2241
16:43:23.502 [main] INFO  c.c.app.process.impl.Search2Impl.fillDetail  266 - ** 2242 ** 225300 , 1 , 2242
16:43:23.502 [main] INFO  c.c.app.process.impl.Search2Impl.fillDetail  266 - ** 2243 ** 225300 , 1 , 2243
16:43:23.502 [main] INFO  c.c.app.process.impl.Search2Impl.searchAll  379 -  SEARCHING 225300 TOGGLE 3 ITEM FOUND 2241
16:43:23.502 [main] INFO  c.c.app.process.impl.Search2Impl.fillDetail  266 - ** 2244 ** 225700 , 1 , 2244
16:43:23.502 [main] INFO  c.c.app.process.impl.Search2Impl.fillDetail  266 - ** 2245 ** 225700 , 1 , 2245
16:43:23.502 [main] INFO  c.c.app.process.impl.Search2Impl.fillDetail  266 - ** 2246 ** 225700 , 1 , 2246
16:43:23.502 [main] INFO  c.c.app.process.impl.Search2Impl.fillDetail  266 - ** 2247 ** 225700 , 1 , 2247
16:43:23.502 [main] INFO  c.c.app.process.impl.Search2Impl.searchAll  379 -  SEARCHING 225700 TOGGLE 4 ITEM FOUND 2247
16:43:23.502 [main] INFO  c.c.app.process.impl.Search2Impl.fillDetail  266 - ** 2248 ** 226200 , 1 , 2248
16:43:23.503 [main] INFO  c.c.app.process.impl.Search2Impl.fillDetail  266 - ** 2249 ** 226200 , 1 , 2249
16:43:23.503 [main] INFO  c.c.app.process.impl.Search2Impl.fillDetail  266 - ** 2250 ** 226200 , 1 , 2250
16:43:23.503 [main] INFO  c.c.app.process.impl.Search2Impl.fillDetail  266 - ** 2251 ** 226200 , 1 , 2251
16:43:23.503 [main] INFO  c.c.app.process.impl.Search2Impl.fillDetail  266 - ** 2252 ** 226200 , 1 , 2252
16:43:23.503 [main] INFO  c.c.app.process.impl.Search2Impl.searchAll  379 -  SEARCHING 226200 TOGGLE 5 ITEM FOUND 2250
16:43:23.503 [main] INFO  c.c.app.process.impl.Search2Impl.fillDetail  266 - ** 2253 ** 226800 , 1 , 2253
16:43:23.503 [main] INFO  c.c.app.process.impl.Search2Impl.fillDetail  266 - ** 2254 ** 226800 , 1 , 2254
16:43:23.503 [main] INFO  c.c.app.process.impl.Search2Impl.fillDetail  266 - ** 2255 ** 226800 , 1 , 2255
16:43:23.503 [main] INFO  c.c.app.process.impl.Search2Impl.fillDetail  266 - ** 2256 ** 226800 , 1 , 2256
16:43:23.503 [main] INFO  c.c.app.process.impl.Search2Impl.fillDetail  266 - ** 2257 ** 226800 , 1 , 2257
16:43:23.503 [main] INFO  c.c.app.process.impl.Search2Impl.fillDetail  266 - ** 2258 ** 226800 , 1 , 2258
16:43:23.503 [main] INFO  c.c.app.process.impl.Search2Impl.searchAll  379 -  SEARCHING 226800 TOGGLE 6 ITEM FOUND 2253
16:43:23.503 [main] INFO  c.c.app.process.impl.Search2Impl.fillDetail  266 - ** 2259 ** 227000 , 1 , 2259
16:43:23.503 [main] INFO  c.c.app.process.impl.Search2Impl.fillDetail  266 - ** 2260 ** 227000 , 1 , 2260
16:43:23.503 [main] INFO  c.c.app.process.impl.Search2Impl.searchAll  379 -  SEARCHING 227000 TOGGLE 2 ITEM FOUND 2259
16:43:23.503 [main] INFO  c.c.app.process.impl.Search2Impl.fillDetail  266 - ** 2261 ** 227300 , 1 , 2261
16:43:23.503 [main] INFO  c.c.app.process.impl.Search2Impl.fillDetail  266 - ** 2262 ** 227300 , 1 , 2262
16:43:23.503 [main] INFO  c.c.app.process.impl.Search2Impl.fillDetail  266 - ** 2263 ** 227300 , 1 , 2263
16:43:23.504 [main] INFO  c.c.app.process.impl.Search2Impl.searchAll  379 -  SEARCHING 227300 TOGGLE 3 ITEM FOUND 2261
16:43:23.504 [main] INFO  c.c.app.process.impl.Search2Impl.fillDetail  266 - ** 2264 ** 227700 , 1 , 2264
16:43:23.504 [main] INFO  c.c.app.process.impl.Search2Impl.fillDetail  266 - ** 2265 ** 227700 , 1 , 2265
16:43:23.504 [main] INFO  c.c.app.process.impl.Search2Impl.fillDetail  266 - ** 2266 ** 227700 , 1 , 2266
16:43:23.504 [main] INFO  c.c.app.process.impl.Search2Impl.fillDetail  266 - ** 2267 ** 227700 , 1 , 2267
16:43:23.504 [main] INFO  c.c.app.process.impl.Search2Impl.searchAll  379 -  SEARCHING 227700 TOGGLE 4 ITEM FOUND 2264
16:43:23.504 [main] INFO  c.c.app.process.impl.Search2Impl.fillDetail  266 - ** 2268 ** 228200 , 1 , 2268
16:43:23.504 [main] INFO  c.c.app.process.impl.Search2Impl.fillDetail  266 - ** 2269 ** 228200 , 1 , 2269
16:43:23.504 [main] INFO  c.c.app.process.impl.Search2Impl.fillDetail  266 - ** 2270 ** 228200 , 1 , 2270
16:43:23.504 [main] INFO  c.c.app.process.impl.Search2Impl.fillDetail  266 - ** 2271 ** 228200 , 1 , 2271
16:43:23.504 [main] INFO  c.c.app.process.impl.Search2Impl.fillDetail  266 - ** 2272 ** 228200 , 1 , 2272
16:43:23.504 [main] INFO  c.c.app.process.impl.Search2Impl.searchAll  379 -  SEARCHING 228200 TOGGLE 5 ITEM FOUND 2270
16:43:23.504 [main] INFO  c.c.app.process.impl.Search2Impl.fillDetail  266 - ** 2273 ** 228800 , 1 , 2273
16:43:23.504 [main] INFO  c.c.app.process.impl.Search2Impl.fillDetail  266 - ** 2274 ** 228800 , 1 , 2274
16:43:23.504 [main] INFO  c.c.app.process.impl.Search2Impl.fillDetail  266 - ** 2275 ** 228800 , 1 , 2275
16:43:23.504 [main] INFO  c.c.app.process.impl.Search2Impl.fillDetail  266 - ** 2276 ** 228800 , 1 , 2276
16:43:23.504 [main] INFO  c.c.app.process.impl.Search2Impl.fillDetail  266 - ** 2277 ** 228800 , 1 , 2277
16:43:23.504 [main] INFO  c.c.app.process.impl.Search2Impl.fillDetail  266 - ** 2278 ** 228800 , 1 , 2278
16:43:23.505 [main] INFO  c.c.app.process.impl.Search2Impl.searchAll  379 -  SEARCHING 228800 TOGGLE 6 ITEM FOUND 2276
16:43:23.505 [main] INFO  c.c.app.process.impl.Search2Impl.fillDetail  266 - ** 2279 ** 229000 , 1 , 2279
16:43:23.505 [main] INFO  c.c.app.process.impl.Search2Impl.fillDetail  266 - ** 2280 ** 229000 , 1 , 2280
16:43:23.505 [main] INFO  c.c.app.process.impl.Search2Impl.searchAll  379 -  SEARCHING 229000 TOGGLE 2 ITEM FOUND 2279
16:43:23.505 [main] INFO  c.c.app.process.impl.Search2Impl.fillDetail  266 - ** 2281 ** 229300 , 1 , 2281
16:43:23.505 [main] INFO  c.c.app.process.impl.Search2Impl.fillDetail  266 - ** 2282 ** 229300 , 1 , 2282
16:43:23.505 [main] INFO  c.c.app.process.impl.Search2Impl.fillDetail  266 - ** 2283 ** 229300 , 1 , 2283
16:43:23.505 [main] INFO  c.c.app.process.impl.Search2Impl.searchAll  379 -  SEARCHING 229300 TOGGLE 3 ITEM FOUND 2282
16:43:23.505 [main] INFO  c.c.app.process.impl.Search2Impl.fillDetail  266 - ** 2284 ** 229700 , 1 , 2284
16:43:23.505 [main] INFO  c.c.app.process.impl.Search2Impl.fillDetail  266 - ** 2285 ** 229700 , 1 , 2285
16:43:23.505 [main] INFO  c.c.app.process.impl.Search2Impl.fillDetail  266 - ** 2286 ** 229700 , 1 , 2286
16:43:23.505 [main] INFO  c.c.app.process.impl.Search2Impl.fillDetail  266 - ** 2287 ** 229700 , 1 , 2287
16:43:23.505 [main] INFO  c.c.app.process.impl.Search2Impl.searchAll  379 -  SEARCHING 229700 TOGGLE 4 ITEM FOUND 2287
16:43:23.505 [main] INFO  c.c.app.process.impl.Search2Impl.fillDetail  266 - ** 2288 ** 230200 , 1 , 2288
16:43:23.505 [main] INFO  c.c.app.process.impl.Search2Impl.fillDetail  266 - ** 2289 ** 230200 , 1 , 2289
16:43:23.505 [main] INFO  c.c.app.process.impl.Search2Impl.fillDetail  266 - ** 2290 ** 230200 , 1 , 2290
16:43:23.505 [main] INFO  c.c.app.process.impl.Search2Impl.fillDetail  266 - ** 2291 ** 230200 , 1 , 2291
16:43:23.505 [main] INFO  c.c.app.process.impl.Search2Impl.fillDetail  266 - ** 2292 ** 230200 , 1 , 2292
16:43:23.506 [main] INFO  c.c.app.process.impl.Search2Impl.searchAll  379 -  SEARCHING 230200 TOGGLE 5 ITEM FOUND 2290
16:43:23.506 [main] INFO  c.c.app.process.impl.Search2Impl.fillDetail  266 - ** 2293 ** 230800 , 1 , 2293
16:43:23.506 [main] INFO  c.c.app.process.impl.Search2Impl.fillDetail  266 - ** 2294 ** 230800 , 1 , 2294
16:43:23.506 [main] INFO  c.c.app.process.impl.Search2Impl.fillDetail  266 - ** 2295 ** 230800 , 1 , 2295
16:43:23.506 [main] INFO  c.c.app.process.impl.Search2Impl.fillDetail  266 - ** 2296 ** 230800 , 1 , 2296
16:43:23.506 [main] INFO  c.c.app.process.impl.Search2Impl.fillDetail  266 - ** 2297 ** 230800 , 1 , 2297
16:43:23.506 [main] INFO  c.c.app.process.impl.Search2Impl.fillDetail  266 - ** 2298 ** 230800 , 1 , 2298
16:43:23.506 [main] INFO  c.c.app.process.impl.Search2Impl.searchAll  379 -  SEARCHING 230800 TOGGLE 6 ITEM FOUND 2293
16:43:23.506 [main] INFO  c.c.app.process.impl.Search2Impl.fillDetail  266 - ** 2299 ** 231000 , 1 , 2299
16:43:23.506 [main] INFO  c.c.app.process.impl.Search2Impl.fillDetail  266 - ** 2300 ** 231000 , 1 , 2300
16:43:23.506 [main] INFO  c.c.app.process.impl.Search2Impl.searchAll  379 -  SEARCHING 231000 TOGGLE 2 ITEM FOUND 2299
16:43:23.506 [main] INFO  c.c.app.process.impl.Search2Impl.fillDetail  266 - ** 2301 ** 231300 , 1 , 2301
16:43:23.506 [main] INFO  c.c.app.process.impl.Search2Impl.fillDetail  266 - ** 2302 ** 231300 , 1 , 2302
16:43:23.506 [main] INFO  c.c.app.process.impl.Search2Impl.fillDetail  266 - ** 2303 ** 231300 , 1 , 2303
16:43:23.506 [main] INFO  c.c.app.process.impl.Search2Impl.searchAll  379 -  SEARCHING 231300 TOGGLE 3 ITEM FOUND 2302
16:43:23.506 [main] INFO  c.c.app.process.impl.Search2Impl.fillDetail  266 - ** 2304 ** 231700 , 1 , 2304
16:43:23.506 [main] INFO  c.c.app.process.impl.Search2Impl.fillDetail  266 - ** 2305 ** 231700 , 1 , 2305
16:43:23.507 [main] INFO  c.c.app.process.impl.Search2Impl.fillDetail  266 - ** 2306 ** 231700 , 1 , 2306
16:43:23.507 [main] INFO  c.c.app.process.impl.Search2Impl.fillDetail  266 - ** 2307 ** 231700 , 1 , 2307
16:43:23.507 [main] INFO  c.c.app.process.impl.Search2Impl.searchAll  379 -  SEARCHING 231700 TOGGLE 4 ITEM FOUND 2305
16:43:23.507 [main] INFO  c.c.app.process.impl.Search2Impl.fillDetail  266 - ** 2308 ** 232200 , 1 , 2308
16:43:23.507 [main] INFO  c.c.app.process.impl.Search2Impl.fillDetail  266 - ** 2309 ** 232200 , 1 , 2309
16:43:23.507 [main] INFO  c.c.app.process.impl.Search2Impl.fillDetail  266 - ** 2310 ** 232200 , 1 , 2310
16:43:23.507 [main] INFO  c.c.app.process.impl.Search2Impl.fillDetail  266 - ** 2311 ** 232200 , 1 , 2311
16:43:23.507 [main] INFO  c.c.app.process.impl.Search2Impl.fillDetail  266 - ** 2312 ** 232200 , 1 , 2312
16:43:23.507 [main] INFO  c.c.app.process.impl.Search2Impl.searchAll  379 -  SEARCHING 232200 TOGGLE 5 ITEM FOUND 2310
16:43:23.507 [main] INFO  c.c.app.process.impl.Search2Impl.fillDetail  266 - ** 2313 ** 232800 , 1 , 2313
16:43:23.507 [main] INFO  c.c.app.process.impl.Search2Impl.fillDetail  266 - ** 2314 ** 232800 , 1 , 2314
16:43:23.507 [main] INFO  c.c.app.process.impl.Search2Impl.fillDetail  266 - ** 2315 ** 232800 , 1 , 2315
16:43:23.507 [main] INFO  c.c.app.process.impl.Search2Impl.fillDetail  266 - ** 2316 ** 232800 , 1 , 2316
16:43:23.507 [main] INFO  c.c.app.process.impl.Search2Impl.fillDetail  266 - ** 2317 ** 232800 , 1 , 2317
16:43:23.507 [main] INFO  c.c.app.process.impl.Search2Impl.fillDetail  266 - ** 2318 ** 232800 , 1 , 2318
16:43:23.507 [main] INFO  c.c.app.process.impl.Search2Impl.searchAll  379 -  SEARCHING 232800 TOGGLE 6 ITEM FOUND 2316
16:43:23.507 [main] INFO  c.c.app.process.impl.Search2Impl.fillDetail  266 - ** 2319 ** 233000 , 1 , 2319
16:43:23.507 [main] INFO  c.c.app.process.impl.Search2Impl.fillDetail  266 - ** 2320 ** 233000 , 1 , 2320
16:43:23.507 [main] INFO  c.c.app.process.impl.Search2Impl.searchAll  379 -  SEARCHING 233000 TOGGLE 2 ITEM FOUND 2319
16:43:23.508 [main] INFO  c.c.app.process.impl.Search2Impl.fillDetail  266 - ** 2321 ** 233300 , 1 , 2321
16:43:23.508 [main] INFO  c.c.app.process.impl.Search2Impl.fillDetail  266 - ** 2322 ** 233300 , 1 , 2322
16:43:23.508 [main] INFO  c.c.app.process.impl.Search2Impl.fillDetail  266 - ** 2323 ** 233300 , 1 , 2323
16:43:23.508 [main] INFO  c.c.app.process.impl.Search2Impl.searchAll  379 -  SEARCHING 233300 TOGGLE 3 ITEM FOUND 2322
16:43:23.508 [main] INFO  c.c.app.process.impl.Search2Impl.fillDetail  266 - ** 2324 ** 233700 , 1 , 2324
16:43:23.508 [main] INFO  c.c.app.process.impl.Search2Impl.fillDetail  266 - ** 2325 ** 233700 , 1 , 2325
16:43:23.508 [main] INFO  c.c.app.process.impl.Search2Impl.fillDetail  266 - ** 2326 ** 233700 , 1 , 2326
16:43:23.508 [main] INFO  c.c.app.process.impl.Search2Impl.fillDetail  266 - ** 2327 ** 233700 , 1 , 2327
16:43:23.508 [main] INFO  c.c.app.process.impl.Search2Impl.searchAll  379 -  SEARCHING 233700 TOGGLE 4 ITEM FOUND 2325
16:43:23.508 [main] INFO  c.c.app.process.impl.Search2Impl.fillDetail  266 - ** 2328 ** 234200 , 1 , 2328
16:43:23.508 [main] INFO  c.c.app.process.impl.Search2Impl.fillDetail  266 - ** 2329 ** 234200 , 1 , 2329
16:43:23.508 [main] INFO  c.c.app.process.impl.Search2Impl.fillDetail  266 - ** 2330 ** 234200 , 1 , 2330
16:43:23.508 [main] INFO  c.c.app.process.impl.Search2Impl.fillDetail  266 - ** 2331 ** 234200 , 1 , 2331
16:43:23.508 [main] INFO  c.c.app.process.impl.Search2Impl.fillDetail  266 - ** 2332 ** 234200 , 1 , 2332
16:43:23.508 [main] INFO  c.c.app.process.impl.Search2Impl.searchAll  379 -  SEARCHING 234200 TOGGLE 5 ITEM FOUND 2328
16:43:23.508 [main] INFO  c.c.app.process.impl.Search2Impl.fillDetail  266 - ** 2333 ** 234800 , 1 , 2333
16:43:23.508 [main] INFO  c.c.app.process.impl.Search2Impl.fillDetail  266 - ** 2334 ** 234800 , 1 , 2334
16:43:23.508 [main] INFO  c.c.app.process.impl.Search2Impl.fillDetail  266 - ** 2335 ** 234800 , 1 , 2335
16:43:23.509 [main] INFO  c.c.app.process.impl.Search2Impl.fillDetail  266 - ** 2336 ** 234800 , 1 , 2336
16:43:23.509 [main] INFO  c.c.app.process.impl.Search2Impl.fillDetail  266 - ** 2337 ** 234800 , 1 , 2337
16:43:23.509 [main] INFO  c.c.app.process.impl.Search2Impl.fillDetail  266 - ** 2338 ** 234800 , 1 , 2338
16:43:23.509 [main] INFO  c.c.app.process.impl.Search2Impl.searchAll  379 -  SEARCHING 234800 TOGGLE 6 ITEM FOUND 2333
16:43:23.509 [main] INFO  c.c.app.process.impl.Search2Impl.fillDetail  266 - ** 2339 ** 235000 , 1 , 2339
16:43:23.509 [main] INFO  c.c.app.process.impl.Search2Impl.fillDetail  266 - ** 2340 ** 235000 , 1 , 2340
16:43:23.509 [main] INFO  c.c.app.process.impl.Search2Impl.searchAll  379 -  SEARCHING 235000 TOGGLE 2 ITEM FOUND 2339
16:43:23.509 [main] INFO  c.c.app.process.impl.Search2Impl.fillDetail  266 - ** 2341 ** 235300 , 1 , 2341
16:43:23.509 [main] INFO  c.c.app.process.impl.Search2Impl.fillDetail  266 - ** 2342 ** 235300 , 1 , 2342
16:43:23.509 [main] INFO  c.c.app.process.impl.Search2Impl.fillDetail  266 - ** 2343 ** 235300 , 1 , 2343
16:43:23.509 [main] INFO  c.c.app.process.impl.Search2Impl.searchAll  379 -  SEARCHING 235300 TOGGLE 3 ITEM FOUND 2342
16:43:23.509 [main] INFO  c.c.app.process.impl.Search2Impl.fillDetail  266 - ** 2344 ** 235700 , 1 , 2344
16:43:23.509 [main] INFO  c.c.app.process.impl.Search2Impl.fillDetail  266 - ** 2345 ** 235700 , 1 , 2345
16:43:23.509 [main] INFO  c.c.app.process.impl.Search2Impl.fillDetail  266 - ** 2346 ** 235700 , 1 , 2346
16:43:23.509 [main] INFO  c.c.app.process.impl.Search2Impl.fillDetail  266 - ** 2347 ** 235700 , 1 , 2347
16:43:23.509 [main] INFO  c.c.app.process.impl.Search2Impl.searchAll  379 -  SEARCHING 235700 TOGGLE 4 ITEM FOUND 2345
16:43:23.509 [main] INFO  c.c.app.process.impl.Search2Impl.fillDetail  266 - ** 2348 ** 236200 , 1 , 2348
16:43:23.510 [main] INFO  c.c.app.process.impl.Search2Impl.fillDetail  266 - ** 2349 ** 236200 , 1 , 2349
16:43:23.510 [main] INFO  c.c.app.process.impl.Search2Impl.fillDetail  266 - ** 2350 ** 236200 , 1 , 2350
16:43:23.510 [main] INFO  c.c.app.process.impl.Search2Impl.fillDetail  266 - ** 2351 ** 236200 , 1 , 2351
16:43:23.510 [main] INFO  c.c.app.process.impl.Search2Impl.fillDetail  266 - ** 2352 ** 236200 , 1 , 2352
16:43:23.510 [main] INFO  c.c.app.process.impl.Search2Impl.searchAll  379 -  SEARCHING 236200 TOGGLE 5 ITEM FOUND 2351
16:43:23.510 [main] INFO  c.c.app.process.impl.Search2Impl.fillDetail  266 - ** 2353 ** 236800 , 1 , 2353
16:43:23.510 [main] INFO  c.c.app.process.impl.Search2Impl.fillDetail  266 - ** 2354 ** 236800 , 1 , 2354
16:43:23.510 [main] INFO  c.c.app.process.impl.Search2Impl.fillDetail  266 - ** 2355 ** 236800 , 1 , 2355
16:43:23.510 [main] INFO  c.c.app.process.impl.Search2Impl.fillDetail  266 - ** 2356 ** 236800 , 1 , 2356
16:43:23.510 [main] INFO  c.c.app.process.impl.Search2Impl.fillDetail  266 - ** 2357 ** 236800 , 1 , 2357
16:43:23.510 [main] INFO  c.c.app.process.impl.Search2Impl.fillDetail  266 - ** 2358 ** 236800 , 1 , 2358
16:43:23.510 [main] INFO  c.c.app.process.impl.Search2Impl.searchAll  379 -  SEARCHING 236800 TOGGLE 6 ITEM FOUND 2356
16:43:23.510 [main] INFO  c.c.app.process.impl.Search2Impl.fillDetail  266 - ** 2359 ** 237000 , 1 , 2359
16:43:23.510 [main] INFO  c.c.app.process.impl.Search2Impl.fillDetail  266 - ** 2360 ** 237000 , 1 , 2360
16:43:23.510 [main] INFO  c.c.app.process.impl.Search2Impl.searchAll  379 -  SEARCHING 237000 TOGGLE 2 ITEM FOUND 2359
16:43:23.510 [main] INFO  c.c.app.process.impl.Search2Impl.fillDetail  266 - ** 2361 ** 237300 , 1 , 2361
16:43:23.510 [main] INFO  c.c.app.process.impl.Search2Impl.fillDetail  266 - ** 2362 ** 237300 , 1 , 2362
16:43:23.511 [main] INFO  c.c.app.process.impl.Search2Impl.fillDetail  266 - ** 2363 ** 237300 , 1 , 2363
16:43:23.511 [main] INFO  c.c.app.process.impl.Search2Impl.searchAll  379 -  SEARCHING 237300 TOGGLE 3 ITEM FOUND 2362
16:43:23.511 [main] INFO  c.c.app.process.impl.Search2Impl.fillDetail  266 - ** 2364 ** 237700 , 1 , 2364
16:43:23.511 [main] INFO  c.c.app.process.impl.Search2Impl.fillDetail  266 - ** 2365 ** 237700 , 1 , 2365
16:43:23.511 [main] INFO  c.c.app.process.impl.Search2Impl.fillDetail  266 - ** 2366 ** 237700 , 1 , 2366
16:43:23.511 [main] INFO  c.c.app.process.impl.Search2Impl.fillDetail  266 - ** 2367 ** 237700 , 1 , 2367
16:43:23.511 [main] INFO  c.c.app.process.impl.Search2Impl.searchAll  379 -  SEARCHING 237700 TOGGLE 4 ITEM FOUND 2365
16:43:23.511 [main] INFO  c.c.app.process.impl.Search2Impl.fillDetail  266 - ** 2368 ** 238200 , 1 , 2368
16:43:23.511 [main] INFO  c.c.app.process.impl.Search2Impl.fillDetail  266 - ** 2369 ** 238200 , 1 , 2369
16:43:23.511 [main] INFO  c.c.app.process.impl.Search2Impl.fillDetail  266 - ** 2370 ** 238200 , 1 , 2370
16:43:23.511 [main] INFO  c.c.app.process.impl.Search2Impl.fillDetail  266 - ** 2371 ** 238200 , 1 , 2371
16:43:23.511 [main] INFO  c.c.app.process.impl.Search2Impl.fillDetail  266 - ** 2372 ** 238200 , 1 , 2372
16:43:23.511 [main] INFO  c.c.app.process.impl.Search2Impl.searchAll  379 -  SEARCHING 238200 TOGGLE 5 ITEM FOUND 2368
16:43:23.511 [main] INFO  c.c.app.process.impl.Search2Impl.fillDetail  266 - ** 2373 ** 238800 , 1 , 2373
16:43:23.511 [main] INFO  c.c.app.process.impl.Search2Impl.fillDetail  266 - ** 2374 ** 238800 , 1 , 2374
16:43:23.511 [main] INFO  c.c.app.process.impl.Search2Impl.fillDetail  266 - ** 2375 ** 238800 , 1 , 2375
16:43:23.511 [main] INFO  c.c.app.process.impl.Search2Impl.fillDetail  266 - ** 2376 ** 238800 , 1 , 2376
16:43:23.511 [main] INFO  c.c.app.process.impl.Search2Impl.fillDetail  266 - ** 2377 ** 238800 , 1 , 2377
16:43:23.512 [main] INFO  c.c.app.process.impl.Search2Impl.fillDetail  266 - ** 2378 ** 238800 , 1 , 2378
16:43:23.512 [main] INFO  c.c.app.process.impl.Search2Impl.searchAll  379 -  SEARCHING 238800 TOGGLE 6 ITEM FOUND 2374
16:43:23.512 [main] INFO  c.c.app.process.impl.Search2Impl.fillDetail  266 - ** 2379 ** 239000 , 1 , 2379
16:43:23.512 [main] INFO  c.c.app.process.impl.Search2Impl.fillDetail  266 - ** 2380 ** 239000 , 1 , 2380
16:43:23.512 [main] INFO  c.c.app.process.impl.Search2Impl.searchAll  379 -  SEARCHING 239000 TOGGLE 2 ITEM FOUND 2379
16:43:23.512 [main] INFO  c.c.app.process.impl.Search2Impl.fillDetail  266 - ** 2381 ** 239300 , 1 , 2381
16:43:23.512 [main] INFO  c.c.app.process.impl.Search2Impl.fillDetail  266 - ** 2382 ** 239300 , 1 , 2382
16:43:23.512 [main] INFO  c.c.app.process.impl.Search2Impl.fillDetail  266 - ** 2383 ** 239300 , 1 , 2383
16:43:23.512 [main] INFO  c.c.app.process.impl.Search2Impl.searchAll  379 -  SEARCHING 239300 TOGGLE 3 ITEM FOUND 2382
16:43:23.512 [main] INFO  c.c.app.process.impl.Search2Impl.fillDetail  266 - ** 2384 ** 239700 , 1 , 2384
16:43:23.512 [main] INFO  c.c.app.process.impl.Search2Impl.fillDetail  266 - ** 2385 ** 239700 , 1 , 2385
16:43:23.512 [main] INFO  c.c.app.process.impl.Search2Impl.fillDetail  266 - ** 2386 ** 239700 , 1 , 2386
16:43:23.512 [main] INFO  c.c.app.process.impl.Search2Impl.fillDetail  266 - ** 2387 ** 239700 , 1 , 2387
16:43:23.512 [main] INFO  c.c.app.process.impl.Search2Impl.searchAll  379 -  SEARCHING 239700 TOGGLE 4 ITEM FOUND 2385
16:43:23.512 [main] INFO  c.c.app.process.impl.Search2Impl.fillDetail  266 - ** 2388 ** 240200 , 1 , 2388
16:43:23.512 [main] INFO  c.c.app.process.impl.Search2Impl.fillDetail  266 - ** 2389 ** 240200 , 1 , 2389
16:43:23.512 [main] INFO  c.c.app.process.impl.Search2Impl.fillDetail  266 - ** 2390 ** 240200 , 1 , 2390
16:43:23.512 [main] INFO  c.c.app.process.impl.Search2Impl.fillDetail  266 - ** 2391 ** 240200 , 1 , 2391
16:43:23.512 [main] INFO  c.c.app.process.impl.Search2Impl.fillDetail  266 - ** 2392 ** 240200 , 1 , 2392
16:43:23.513 [main] INFO  c.c.app.process.impl.Search2Impl.searchAll  379 -  SEARCHING 240200 TOGGLE 5 ITEM FOUND 2391
16:43:23.513 [main] INFO  c.c.app.process.impl.Search2Impl.fillDetail  266 - ** 2393 ** 240800 , 1 , 2393
16:43:23.513 [main] INFO  c.c.app.process.impl.Search2Impl.fillDetail  266 - ** 2394 ** 240800 , 1 , 2394
16:43:23.513 [main] INFO  c.c.app.process.impl.Search2Impl.fillDetail  266 - ** 2395 ** 240800 , 1 , 2395
16:43:23.513 [main] INFO  c.c.app.process.impl.Search2Impl.fillDetail  266 - ** 2396 ** 240800 , 1 , 2396
16:43:23.513 [main] INFO  c.c.app.process.impl.Search2Impl.fillDetail  266 - ** 2397 ** 240800 , 1 , 2397
16:43:23.513 [main] INFO  c.c.app.process.impl.Search2Impl.fillDetail  266 - ** 2398 ** 240800 , 1 , 2398
16:43:23.513 [main] INFO  c.c.app.process.impl.Search2Impl.searchAll  379 -  SEARCHING 240800 TOGGLE 6 ITEM FOUND 2397
16:43:23.513 [main] INFO  c.c.app.process.impl.Search2Impl.fillDetail  266 - ** 2399 ** 241000 , 1 , 2399
16:43:23.513 [main] INFO  c.c.app.process.impl.Search2Impl.fillDetail  266 - ** 2400 ** 241000 , 1 , 2400
16:43:23.513 [main] INFO  c.c.app.process.impl.Search2Impl.searchAll  379 -  SEARCHING 241000 TOGGLE 2 ITEM FOUND 2399
16:43:23.513 [main] INFO  c.c.app.process.impl.Search2Impl.fillDetail  266 - ** 2401 ** 241300 , 1 , 2401
16:43:23.513 [main] INFO  c.c.app.process.impl.Search2Impl.fillDetail  266 - ** 2402 ** 241300 , 1 , 2402
16:43:23.513 [main] INFO  c.c.app.process.impl.Search2Impl.fillDetail  266 - ** 2403 ** 241300 , 1 , 2403
16:43:23.513 [main] INFO  c.c.app.process.impl.Search2Impl.searchAll  379 -  SEARCHING 241300 TOGGLE 3 ITEM FOUND 2402
16:43:23.513 [main] INFO  c.c.app.process.impl.Search2Impl.fillDetail  266 - ** 2404 ** 241700 , 1 , 2404
16:43:23.513 [main] INFO  c.c.app.process.impl.Search2Impl.fillDetail  266 - ** 2405 ** 241700 , 1 , 2405
16:43:23.513 [main] INFO  c.c.app.process.impl.Search2Impl.fillDetail  266 - ** 2406 ** 241700 , 1 , 2406
16:43:23.514 [main] INFO  c.c.app.process.impl.Search2Impl.fillDetail  266 - ** 2407 ** 241700 , 1 , 2407
16:43:23.514 [main] INFO  c.c.app.process.impl.Search2Impl.searchAll  379 -  SEARCHING 241700 TOGGLE 4 ITEM FOUND 2405
16:43:23.514 [main] INFO  c.c.app.process.impl.Search2Impl.fillDetail  266 - ** 2408 ** 242200 , 1 , 2408
16:43:23.514 [main] INFO  c.c.app.process.impl.Search2Impl.fillDetail  266 - ** 2409 ** 242200 , 1 , 2409
16:43:23.514 [main] INFO  c.c.app.process.impl.Search2Impl.fillDetail  266 - ** 2410 ** 242200 , 1 , 2410
16:43:23.514 [main] INFO  c.c.app.process.impl.Search2Impl.fillDetail  266 - ** 2411 ** 242200 , 1 , 2411
16:43:23.514 [main] INFO  c.c.app.process.impl.Search2Impl.fillDetail  266 - ** 2412 ** 242200 , 1 , 2412
16:43:23.514 [main] INFO  c.c.app.process.impl.Search2Impl.searchAll  379 -  SEARCHING 242200 TOGGLE 5 ITEM FOUND 2408
16:43:23.514 [main] INFO  c.c.app.process.impl.Search2Impl.fillDetail  266 - ** 2413 ** 242800 , 1 , 2413
16:43:23.514 [main] INFO  c.c.app.process.impl.Search2Impl.fillDetail  266 - ** 2414 ** 242800 , 1 , 2414
16:43:23.514 [main] INFO  c.c.app.process.impl.Search2Impl.fillDetail  266 - ** 2415 ** 242800 , 1 , 2415
16:43:23.514 [main] INFO  c.c.app.process.impl.Search2Impl.fillDetail  266 - ** 2416 ** 242800 , 1 , 2416
16:43:23.514 [main] INFO  c.c.app.process.impl.Search2Impl.fillDetail  266 - ** 2417 ** 242800 , 1 , 2417
16:43:23.514 [main] INFO  c.c.app.process.impl.Search2Impl.fillDetail  266 - ** 2418 ** 242800 , 1 , 2418
16:43:23.514 [main] INFO  c.c.app.process.impl.Search2Impl.searchAll  379 -  SEARCHING 242800 TOGGLE 6 ITEM FOUND 2414
16:43:23.514 [main] INFO  c.c.app.process.impl.Search2Impl.fillDetail  266 - ** 2419 ** 243000 , 1 , 2419
16:43:23.514 [main] INFO  c.c.app.process.impl.Search2Impl.fillDetail  266 - ** 2420 ** 243000 , 1 , 2420
16:43:23.514 [main] INFO  c.c.app.process.impl.Search2Impl.searchAll  379 -  SEARCHING 243000 TOGGLE 2 ITEM FOUND 2420
16:43:23.514 [main] INFO  c.c.app.process.impl.Search2Impl.fillDetail  266 - ** 2421 ** 243300 , 1 , 2421
16:43:23.515 [main] INFO  c.c.app.process.impl.Search2Impl.fillDetail  266 - ** 2422 ** 243300 , 1 , 2422
16:43:23.515 [main] INFO  c.c.app.process.impl.Search2Impl.fillDetail  266 - ** 2423 ** 243300 , 1 , 2423
16:43:23.515 [main] INFO  c.c.app.process.impl.Search2Impl.searchAll  379 -  SEARCHING 243300 TOGGLE 3 ITEM FOUND 2422
16:43:23.515 [main] INFO  c.c.app.process.impl.Search2Impl.fillDetail  266 - ** 2424 ** 243700 , 1 , 2424
16:43:23.515 [main] INFO  c.c.app.process.impl.Search2Impl.fillDetail  266 - ** 2425 ** 243700 , 1 , 2425
16:43:23.515 [main] INFO  c.c.app.process.impl.Search2Impl.fillDetail  266 - ** 2426 ** 243700 , 1 , 2426
16:43:23.515 [main] INFO  c.c.app.process.impl.Search2Impl.fillDetail  266 - ** 2427 ** 243700 , 1 , 2427
16:43:23.515 [main] INFO  c.c.app.process.impl.Search2Impl.searchAll  379 -  SEARCHING 243700 TOGGLE 4 ITEM FOUND 2425
16:43:23.515 [main] INFO  c.c.app.process.impl.Search2Impl.fillDetail  266 - ** 2428 ** 244200 , 1 , 2428
16:43:23.515 [main] INFO  c.c.app.process.impl.Search2Impl.fillDetail  266 - ** 2429 ** 244200 , 1 , 2429
16:43:23.515 [main] INFO  c.c.app.process.impl.Search2Impl.fillDetail  266 - ** 2430 ** 244200 , 1 , 2430
16:43:23.515 [main] INFO  c.c.app.process.impl.Search2Impl.fillDetail  266 - ** 2431 ** 244200 , 1 , 2431
16:43:23.515 [main] INFO  c.c.app.process.impl.Search2Impl.fillDetail  266 - ** 2432 ** 244200 , 1 , 2432
16:43:23.515 [main] INFO  c.c.app.process.impl.Search2Impl.searchAll  379 -  SEARCHING 244200 TOGGLE 5 ITEM FOUND 2431
16:43:23.515 [main] INFO  c.c.app.process.impl.Search2Impl.fillDetail  266 - ** 2433 ** 244800 , 1 , 2433
16:43:23.515 [main] INFO  c.c.app.process.impl.Search2Impl.fillDetail  266 - ** 2434 ** 244800 , 1 , 2434
16:43:23.516 [main] INFO  c.c.app.process.impl.Search2Impl.fillDetail  266 - ** 2435 ** 244800 , 1 , 2435
16:43:23.516 [main] INFO  c.c.app.process.impl.Search2Impl.fillDetail  266 - ** 2436 ** 244800 , 1 , 2436
16:43:23.516 [main] INFO  c.c.app.process.impl.Search2Impl.fillDetail  266 - ** 2437 ** 244800 , 1 , 2437
16:43:23.516 [main] INFO  c.c.app.process.impl.Search2Impl.fillDetail  266 - ** 2438 ** 244800 , 1 , 2438
16:43:23.516 [main] INFO  c.c.app.process.impl.Search2Impl.searchAll  379 -  SEARCHING 244800 TOGGLE 6 ITEM FOUND 2437
16:43:23.516 [main] INFO  c.c.app.process.impl.Search2Impl.fillDetail  266 - ** 2439 ** 245000 , 1 , 2439
16:43:23.516 [main] INFO  c.c.app.process.impl.Search2Impl.fillDetail  266 - ** 2440 ** 245000 , 1 , 2440
16:43:23.516 [main] INFO  c.c.app.process.impl.Search2Impl.searchAll  379 -  SEARCHING 245000 TOGGLE 2 ITEM FOUND 2440
16:43:23.516 [main] INFO  c.c.app.process.impl.Search2Impl.fillDetail  266 - ** 2441 ** 245300 , 1 , 2441
16:43:23.516 [main] INFO  c.c.app.process.impl.Search2Impl.fillDetail  266 - ** 2442 ** 245300 , 1 , 2442
16:43:23.516 [main] INFO  c.c.app.process.impl.Search2Impl.fillDetail  266 - ** 2443 ** 245300 , 1 , 2443
16:43:23.516 [main] INFO  c.c.app.process.impl.Search2Impl.searchAll  379 -  SEARCHING 245300 TOGGLE 3 ITEM FOUND 2443
16:43:23.516 [main] INFO  c.c.app.process.impl.Search2Impl.fillDetail  266 - ** 2444 ** 245700 , 1 , 2444
16:43:23.516 [main] INFO  c.c.app.process.impl.Search2Impl.fillDetail  266 - ** 2445 ** 245700 , 1 , 2445
16:43:23.516 [main] INFO  c.c.app.process.impl.Search2Impl.fillDetail  266 - ** 2446 ** 245700 , 1 , 2446
16:43:23.516 [main] INFO  c.c.app.process.impl.Search2Impl.fillDetail  266 - ** 2447 ** 245700 , 1 , 2447
16:43:23.516 [main] INFO  c.c.app.process.impl.Search2Impl.searchAll  379 -  SEARCHING 245700 TOGGLE 4 ITEM FOUND 2445
16:43:23.516 [main] INFO  c.c.app.process.impl.Search2Impl.fillDetail  266 - ** 2448 ** 246200 , 1 , 2448
16:43:23.516 [main] INFO  c.c.app.process.impl.Search2Impl.fillDetail  266 - ** 2449 ** 246200 , 1 , 2449
16:43:23.516 [main] INFO  c.c.app.process.impl.Search2Impl.fillDetail  266 - ** 2450 ** 246200 , 1 , 2450
16:43:23.517 [main] INFO  c.c.app.process.impl.Search2Impl.fillDetail  266 - ** 2451 ** 246200 , 1 , 2451
16:43:23.517 [main] INFO  c.c.app.process.impl.Search2Impl.fillDetail  266 - ** 2452 ** 246200 , 1 , 2452
16:43:23.517 [main] INFO  c.c.app.process.impl.Search2Impl.searchAll  379 -  SEARCHING 246200 TOGGLE 5 ITEM FOUND 2448
16:43:23.517 [main] INFO  c.c.app.process.impl.Search2Impl.fillDetail  266 - ** 2453 ** 246800 , 1 , 2453
16:43:23.517 [main] INFO  c.c.app.process.impl.Search2Impl.fillDetail  266 - ** 2454 ** 246800 , 1 , 2454
16:43:23.517 [main] INFO  c.c.app.process.impl.Search2Impl.fillDetail  266 - ** 2455 ** 246800 , 1 , 2455
16:43:23.517 [main] INFO  c.c.app.process.impl.Search2Impl.fillDetail  266 - ** 2456 ** 246800 , 1 , 2456
16:43:23.517 [main] INFO  c.c.app.process.impl.Search2Impl.fillDetail  266 - ** 2457 ** 246800 , 1 , 2457
16:43:23.517 [main] INFO  c.c.app.process.impl.Search2Impl.fillDetail  266 - ** 2458 ** 246800 , 1 , 2458
16:43:23.517 [main] INFO  c.c.app.process.impl.Search2Impl.searchAll  379 -  SEARCHING 246800 TOGGLE 6 ITEM FOUND 2454
16:43:23.517 [main] INFO  c.c.app.process.impl.Search2Impl.fillDetail  266 - ** 2459 ** 247000 , 1 , 2459
16:43:23.517 [main] INFO  c.c.app.process.impl.Search2Impl.fillDetail  266 - ** 2460 ** 247000 , 1 , 2460
16:43:23.517 [main] INFO  c.c.app.process.impl.Search2Impl.searchAll  379 -  SEARCHING 247000 TOGGLE 2 ITEM FOUND 2460
16:43:23.517 [main] INFO  c.c.app.process.impl.Search2Impl.fillDetail  266 - ** 2461 ** 247300 , 1 , 2461
16:43:23.517 [main] INFO  c.c.app.process.impl.Search2Impl.fillDetail  266 - ** 2462 ** 247300 , 1 , 2462
16:43:23.517 [main] INFO  c.c.app.process.impl.Search2Impl.fillDetail  266 - ** 2463 ** 247300 , 1 , 2463
16:43:23.517 [main] INFO  c.c.app.process.impl.Search2Impl.searchAll  379 -  SEARCHING 247300 TOGGLE 3 ITEM FOUND 2463
16:43:23.517 [main] INFO  c.c.app.process.impl.Search2Impl.fillDetail  266 - ** 2464 ** 247700 , 1 , 2464
16:43:23.517 [main] INFO  c.c.app.process.impl.Search2Impl.fillDetail  266 - ** 2465 ** 247700 , 1 , 2465
16:43:23.518 [main] INFO  c.c.app.process.impl.Search2Impl.fillDetail  266 - ** 2466 ** 247700 , 1 , 2466
16:43:23.518 [main] INFO  c.c.app.process.impl.Search2Impl.fillDetail  266 - ** 2467 ** 247700 , 1 , 2467
16:43:23.518 [main] INFO  c.c.app.process.impl.Search2Impl.searchAll  379 -  SEARCHING 247700 TOGGLE 4 ITEM FOUND 2466
16:43:23.518 [main] INFO  c.c.app.process.impl.Search2Impl.fillDetail  266 - ** 2468 ** 248200 , 1 , 2468
16:43:23.518 [main] INFO  c.c.app.process.impl.Search2Impl.fillDetail  266 - ** 2469 ** 248200 , 1 , 2469
16:43:23.518 [main] INFO  c.c.app.process.impl.Search2Impl.fillDetail  266 - ** 2470 ** 248200 , 1 , 2470
16:43:23.518 [main] INFO  c.c.app.process.impl.Search2Impl.fillDetail  266 - ** 2471 ** 248200 , 1 , 2471
16:43:23.518 [main] INFO  c.c.app.process.impl.Search2Impl.fillDetail  266 - ** 2472 ** 248200 , 1 , 2472
16:43:23.518 [main] INFO  c.c.app.process.impl.Search2Impl.searchAll  379 -  SEARCHING 248200 TOGGLE 5 ITEM FOUND 2471
16:43:23.518 [main] INFO  c.c.app.process.impl.Search2Impl.fillDetail  266 - ** 2473 ** 248800 , 1 , 2473
16:43:23.518 [main] INFO  c.c.app.process.impl.Search2Impl.fillDetail  266 - ** 2474 ** 248800 , 1 , 2474
16:43:23.518 [main] INFO  c.c.app.process.impl.Search2Impl.fillDetail  266 - ** 2475 ** 248800 , 1 , 2475
16:43:23.518 [main] INFO  c.c.app.process.impl.Search2Impl.fillDetail  266 - ** 2476 ** 248800 , 1 , 2476
16:43:23.518 [main] INFO  c.c.app.process.impl.Search2Impl.fillDetail  266 - ** 2477 ** 248800 , 1 , 2477
16:43:23.518 [main] INFO  c.c.app.process.impl.Search2Impl.fillDetail  266 - ** 2478 ** 248800 , 1 , 2478
16:43:23.518 [main] INFO  c.c.app.process.impl.Search2Impl.searchAll  379 -  SEARCHING 248800 TOGGLE 6 ITEM FOUND 2477
16:43:23.519 [main] INFO  c.c.app.process.impl.Search2Impl.fillDetail  266 - ** 2479 ** 249000 , 1 , 2479
16:43:23.519 [main] INFO  c.c.app.process.impl.Search2Impl.fillDetail  266 - ** 2480 ** 249000 , 1 , 2480
16:43:23.519 [main] INFO  c.c.app.process.impl.Search2Impl.searchAll  379 -  SEARCHING 249000 TOGGLE 2 ITEM FOUND 2480
16:43:23.519 [main] INFO  c.c.app.process.impl.Search2Impl.fillDetail  266 - ** 2481 ** 249300 , 1 , 2481
16:43:23.519 [main] INFO  c.c.app.process.impl.Search2Impl.fillDetail  266 - ** 2482 ** 249300 , 1 , 2482
16:43:23.519 [main] INFO  c.c.app.process.impl.Search2Impl.fillDetail  266 - ** 2483 ** 249300 , 1 , 2483
16:43:23.519 [main] INFO  c.c.app.process.impl.Search2Impl.searchAll  379 -  SEARCHING 249300 TOGGLE 3 ITEM FOUND 2483
16:43:23.519 [main] INFO  c.c.app.process.impl.Search2Impl.fillDetail  266 - ** 2484 ** 249700 , 1 , 2484
16:43:23.519 [main] INFO  c.c.app.process.impl.Search2Impl.fillDetail  266 - ** 2485 ** 249700 , 1 , 2485
16:43:23.519 [main] INFO  c.c.app.process.impl.Search2Impl.fillDetail  266 - ** 2486 ** 249700 , 1 , 2486
16:43:23.519 [main] INFO  c.c.app.process.impl.Search2Impl.fillDetail  266 - ** 2487 ** 249700 , 1 , 2487
16:43:23.519 [main] INFO  c.c.app.process.impl.Search2Impl.searchAll  379 -  SEARCHING 249700 TOGGLE 4 ITEM FOUND 2486
16:43:23.519 [main] INFO  c.c.app.process.impl.Search2Impl.fillDetail  266 - ** 2488 ** 250200 , 1 , 2488
16:43:23.519 [main] INFO  c.c.app.process.impl.Search2Impl.fillDetail  266 - ** 2489 ** 250200 , 1 , 2489
16:43:23.519 [main] INFO  c.c.app.process.impl.Search2Impl.fillDetail  266 - ** 2490 ** 250200 , 1 , 2490
16:43:23.519 [main] INFO  c.c.app.process.impl.Search2Impl.fillDetail  266 - ** 2491 ** 250200 , 1 , 2491
16:43:23.519 [main] INFO  c.c.app.process.impl.Search2Impl.fillDetail  266 - ** 2492 ** 250200 , 1 , 2492
16:43:23.519 [main] INFO  c.c.app.process.impl.Search2Impl.searchAll  379 -  SEARCHING 250200 TOGGLE 5 ITEM FOUND 2489
16:43:23.520 [main] INFO  c.c.app.process.impl.Search2Impl.fillDetail  266 - ** 2493 ** 250800 , 1 , 2493
16:43:23.520 [main] INFO  c.c.app.process.impl.Search2Impl.fillDetail  266 - ** 2494 ** 250800 , 1 , 2494
16:43:23.520 [main] INFO  c.c.app.process.impl.Search2Impl.fillDetail  266 - ** 2495 ** 250800 , 1 , 2495
16:43:23.520 [main] INFO  c.c.app.process.impl.Search2Impl.fillDetail  266 - ** 2496 ** 250800 , 1 , 2496
16:43:23.520 [main] INFO  c.c.app.process.impl.Search2Impl.fillDetail  266 - ** 2497 ** 250800 , 1 , 2497
16:43:23.520 [main] INFO  c.c.app.process.impl.Search2Impl.fillDetail  266 - ** 2498 ** 250800 , 1 , 2498
16:43:23.520 [main] INFO  c.c.app.process.impl.Search2Impl.searchAll  379 -  SEARCHING 250800 TOGGLE 6 ITEM FOUND 2494
16:43:23.520 [main] INFO  c.c.app.process.impl.Search2Impl.fillDetail  266 - ** 2499 ** 251000 , 1 , 2499
16:43:23.520 [main] INFO  c.c.app.process.impl.Search2Impl.fillDetail  266 - ** 2500 ** 251000 , 1 , 2500
16:43:23.520 [main] INFO  c.c.app.process.impl.Search2Impl.searchAll  379 -  SEARCHING 251000 TOGGLE 2 ITEM FOUND 2500
16:43:23.520 [main] INFO  c.c.app.process.impl.Search2Impl.fillDetail  266 - ** 2501 ** 251300 , 1 , 2501
16:43:23.520 [main] INFO  c.c.app.process.impl.Search2Impl.fillDetail  266 - ** 2502 ** 251300 , 1 , 2502
16:43:23.520 [main] INFO  c.c.app.process.impl.Search2Impl.fillDetail  266 - ** 2503 ** 251300 , 1 , 2503
16:43:23.520 [main] INFO  c.c.app.process.impl.Search2Impl.searchAll  379 -  SEARCHING 251300 TOGGLE 3 ITEM FOUND 2503
16:43:23.520 [main] INFO  c.c.app.process.impl.Search2Impl.fillDetail  266 - ** 2504 ** 251700 , 1 , 2504
16:43:23.520 [main] INFO  c.c.app.process.impl.Search2Impl.fillDetail  266 - ** 2505 ** 251700 , 1 , 2505
16:43:23.520 [main] INFO  c.c.app.process.impl.Search2Impl.fillDetail  266 - ** 2506 ** 251700 , 1 , 2506
16:43:23.520 [main] INFO  c.c.app.process.impl.Search2Impl.fillDetail  266 - ** 2507 ** 251700 , 1 , 2507
16:43:23.520 [main] INFO  c.c.app.process.impl.Search2Impl.searchAll  379 -  SEARCHING 251700 TOGGLE 4 ITEM FOUND 2506
16:43:23.521 [main] INFO  c.c.app.process.impl.Search2Impl.fillDetail  266 - ** 2508 ** 252200 , 1 , 2508
16:43:23.521 [main] INFO  c.c.app.process.impl.Search2Impl.fillDetail  266 - ** 2509 ** 252200 , 1 , 2509
16:43:23.521 [main] INFO  c.c.app.process.impl.Search2Impl.fillDetail  266 - ** 2510 ** 252200 , 1 , 2510
16:43:23.521 [main] INFO  c.c.app.process.impl.Search2Impl.fillDetail  266 - ** 2511 ** 252200 , 1 , 2511
16:43:23.521 [main] INFO  c.c.app.process.impl.Search2Impl.fillDetail  266 - ** 2512 ** 252200 , 1 , 2512
16:43:23.521 [main] INFO  c.c.app.process.impl.Search2Impl.searchAll  379 -  SEARCHING 252200 TOGGLE 5 ITEM FOUND 2512
16:43:23.521 [main] INFO  c.c.app.process.impl.Search2Impl.fillDetail  266 - ** 2513 ** 252800 , 1 , 2513
16:43:23.521 [main] INFO  c.c.app.process.impl.Search2Impl.fillDetail  266 - ** 2514 ** 252800 , 1 , 2514
16:43:23.521 [main] INFO  c.c.app.process.impl.Search2Impl.fillDetail  266 - ** 2515 ** 252800 , 1 , 2515
16:43:23.521 [main] INFO  c.c.app.process.impl.Search2Impl.fillDetail  266 - ** 2516 ** 252800 , 1 , 2516
16:43:23.521 [main] INFO  c.c.app.process.impl.Search2Impl.fillDetail  266 - ** 2517 ** 252800 , 1 , 2517
16:43:23.521 [main] INFO  c.c.app.process.impl.Search2Impl.fillDetail  266 - ** 2518 ** 252800 , 1 , 2518
16:43:23.521 [main] INFO  c.c.app.process.impl.Search2Impl.searchAll  379 -  SEARCHING 252800 TOGGLE 6 ITEM FOUND 2517
16:43:23.521 [main] INFO  c.c.app.process.impl.Search2Impl.fillDetail  266 - ** 2519 ** 253000 , 1 , 2519
16:43:23.521 [main] INFO  c.c.app.process.impl.Search2Impl.fillDetail  266 - ** 2520 ** 253000 , 1 , 2520
16:43:23.521 [main] INFO  c.c.app.process.impl.Search2Impl.searchAll  379 -  SEARCHING 253000 TOGGLE 2 ITEM FOUND 2520
16:43:23.521 [main] INFO  c.c.app.process.impl.Search2Impl.fillDetail  266 - ** 2521 ** 253300 , 1 , 2521
16:43:23.521 [main] INFO  c.c.app.process.impl.Search2Impl.fillDetail  266 - ** 2522 ** 253300 , 1 , 2522
16:43:23.522 [main] INFO  c.c.app.process.impl.Search2Impl.fillDetail  266 - ** 2523 ** 253300 , 1 , 2523
16:43:23.522 [main] INFO  c.c.app.process.impl.Search2Impl.searchAll  379 -  SEARCHING 253300 TOGGLE 3 ITEM FOUND 2523
16:43:23.522 [main] INFO  c.c.app.process.impl.Search2Impl.fillDetail  266 - ** 2524 ** 253700 , 1 , 2524
16:43:23.522 [main] INFO  c.c.app.process.impl.Search2Impl.fillDetail  266 - ** 2525 ** 253700 , 1 , 2525
16:43:23.522 [main] INFO  c.c.app.process.impl.Search2Impl.fillDetail  266 - ** 2526 ** 253700 , 1 , 2526
16:43:23.522 [main] INFO  c.c.app.process.impl.Search2Impl.fillDetail  266 - ** 2527 ** 253700 , 1 , 2527
16:43:23.522 [main] INFO  c.c.app.process.impl.Search2Impl.searchAll  379 -  SEARCHING 253700 TOGGLE 4 ITEM FOUND 2526
16:43:23.522 [main] INFO  c.c.app.process.impl.Search2Impl.fillDetail  266 - ** 2528 ** 254200 , 1 , 2528
16:43:23.522 [main] INFO  c.c.app.process.impl.Search2Impl.fillDetail  266 - ** 2529 ** 254200 , 1 , 2529
16:43:23.522 [main] INFO  c.c.app.process.impl.Search2Impl.fillDetail  266 - ** 2530 ** 254200 , 1 , 2530
16:43:23.522 [main] INFO  c.c.app.process.impl.Search2Impl.fillDetail  266 - ** 2531 ** 254200 , 1 , 2531
16:43:23.522 [main] INFO  c.c.app.process.impl.Search2Impl.fillDetail  266 - ** 2532 ** 254200 , 1 , 2532
16:43:23.522 [main] INFO  c.c.app.process.impl.Search2Impl.searchAll  379 -  SEARCHING 254200 TOGGLE 5 ITEM FOUND 2529
16:43:23.522 [main] INFO  c.c.app.process.impl.Search2Impl.fillDetail  266 - ** 2533 ** 254800 , 1 , 2533
16:43:23.522 [main] INFO  c.c.app.process.impl.Search2Impl.fillDetail  266 - ** 2534 ** 254800 , 1 , 2534
16:43:23.522 [main] INFO  c.c.app.process.impl.Search2Impl.fillDetail  266 - ** 2535 ** 254800 , 1 , 2535
16:43:23.522 [main] INFO  c.c.app.process.impl.Search2Impl.fillDetail  266 - ** 2536 ** 254800 , 1 , 2536
16:43:23.522 [main] INFO  c.c.app.process.impl.Search2Impl.fillDetail  266 - ** 2537 ** 254800 , 1 , 2537
16:43:23.522 [main] INFO  c.c.app.process.impl.Search2Impl.fillDetail  266 - ** 2538 ** 254800 , 1 , 2538
16:43:23.522 [main] INFO  c.c.app.process.impl.Search2Impl.searchAll  379 -  SEARCHING 254800 TOGGLE 6 ITEM FOUND 2535
16:43:23.523 [main] INFO  c.c.app.process.impl.Search2Impl.fillDetail  266 - ** 2539 ** 255000 , 1 , 2539
16:43:23.523 [main] INFO  c.c.app.process.impl.Search2Impl.fillDetail  266 - ** 2540 ** 255000 , 1 , 2540
16:43:23.523 [main] INFO  c.c.app.process.impl.Search2Impl.searchAll  379 -  SEARCHING 255000 TOGGLE 2 ITEM FOUND 2540
16:43:23.523 [main] INFO  c.c.app.process.impl.Search2Impl.fillDetail  266 - ** 2541 ** 255300 , 1 , 2541
16:43:23.523 [main] INFO  c.c.app.process.impl.Search2Impl.fillDetail  266 - ** 2542 ** 255300 , 1 , 2542
16:43:23.523 [main] INFO  c.c.app.process.impl.Search2Impl.fillDetail  266 - ** 2543 ** 255300 , 1 , 2543
16:43:23.523 [main] INFO  c.c.app.process.impl.Search2Impl.searchAll  379 -  SEARCHING 255300 TOGGLE 3 ITEM FOUND 2543
16:43:23.523 [main] INFO  c.c.app.process.impl.Search2Impl.fillDetail  266 - ** 2544 ** 255700 , 1 , 2544
16:43:23.523 [main] INFO  c.c.app.process.impl.Search2Impl.fillDetail  266 - ** 2545 ** 255700 , 1 , 2545
16:43:23.523 [main] INFO  c.c.app.process.impl.Search2Impl.fillDetail  266 - ** 2546 ** 255700 , 1 , 2546
16:43:23.523 [main] INFO  c.c.app.process.impl.Search2Impl.fillDetail  266 - ** 2547 ** 255700 , 1 , 2547
16:43:23.523 [main] INFO  c.c.app.process.impl.Search2Impl.searchAll  379 -  SEARCHING 255700 TOGGLE 4 ITEM FOUND 2546
16:43:23.523 [main] INFO  c.c.app.process.impl.Search2Impl.fillDetail  266 - ** 2548 ** 256200 , 1 , 2548
16:43:23.523 [main] INFO  c.c.app.process.impl.Search2Impl.fillDetail  266 - ** 2549 ** 256200 , 1 , 2549
16:43:23.523 [main] INFO  c.c.app.process.impl.Search2Impl.fillDetail  266 - ** 2550 ** 256200 , 1 , 2550
16:43:23.523 [main] INFO  c.c.app.process.impl.Search2Impl.fillDetail  266 - ** 2551 ** 256200 , 1 , 2551
16:43:23.523 [main] INFO  c.c.app.process.impl.Search2Impl.fillDetail  266 - ** 2552 ** 256200 , 1 , 2552
16:43:23.523 [main] INFO  c.c.app.process.impl.Search2Impl.searchAll  379 -  SEARCHING 256200 TOGGLE 5 ITEM FOUND 2552
16:43:23.524 [main] INFO  c.c.app.process.impl.Search2Impl.fillDetail  266 - ** 2553 ** 256800 , 1 , 2553
16:43:23.524 [main] INFO  c.c.app.process.impl.Search2Impl.fillDetail  266 - ** 2554 ** 256800 , 1 , 2554
16:43:23.524 [main] INFO  c.c.app.process.impl.Search2Impl.fillDetail  266 - ** 2555 ** 256800 , 1 , 2555
16:43:23.524 [main] INFO  c.c.app.process.impl.Search2Impl.fillDetail  266 - ** 2556 ** 256800 , 1 , 2556
16:43:23.524 [main] INFO  c.c.app.process.impl.Search2Impl.fillDetail  266 - ** 2557 ** 256800 , 1 , 2557
16:43:23.524 [main] INFO  c.c.app.process.impl.Search2Impl.fillDetail  266 - ** 2558 ** 256800 , 1 , 2558
16:43:23.524 [main] INFO  c.c.app.process.impl.Search2Impl.searchAll  379 -  SEARCHING 256800 TOGGLE 6 ITEM FOUND 2558
16:43:23.524 [main] INFO  c.c.app.process.impl.Search2Impl.fillDetail  266 - ** 2559 ** 257000 , 1 , 2559
16:43:23.524 [main] INFO  c.c.app.process.impl.Search2Impl.fillDetail  266 - ** 2560 ** 257000 , 1 , 2560
16:43:23.524 [main] INFO  c.c.app.process.impl.Search2Impl.searchAll  379 -  SEARCHING 257000 TOGGLE 2 ITEM FOUND 2559
16:43:23.524 [main] INFO  c.c.app.process.impl.Search2Impl.fillDetail  266 - ** 2561 ** 257300 , 1 , 2561
16:43:23.524 [main] INFO  c.c.app.process.impl.Search2Impl.fillDetail  266 - ** 2562 ** 257300 , 1 , 2562
16:43:23.524 [main] INFO  c.c.app.process.impl.Search2Impl.fillDetail  266 - ** 2563 ** 257300 , 1 , 2563
16:43:23.524 [main] INFO  c.c.app.process.impl.Search2Impl.searchAll  379 -  SEARCHING 257300 TOGGLE 3 ITEM FOUND 2561
16:43:23.524 [main] INFO  c.c.app.process.impl.Search2Impl.fillDetail  266 - ** 2564 ** 257700 , 1 , 2564
16:43:23.524 [main] INFO  c.c.app.process.impl.Search2Impl.fillDetail  266 - ** 2565 ** 257700 , 1 , 2565
16:43:23.525 [main] INFO  c.c.app.process.impl.Search2Impl.fillDetail  266 - ** 2566 ** 257700 , 1 , 2566
16:43:23.525 [main] INFO  c.c.app.process.impl.Search2Impl.fillDetail  266 - ** 2567 ** 257700 , 1 , 2567
16:43:23.525 [main] INFO  c.c.app.process.impl.Search2Impl.searchAll  379 -  SEARCHING 257700 TOGGLE 4 ITEM FOUND 2564
16:43:23.525 [main] INFO  c.c.app.process.impl.Search2Impl.fillDetail  266 - ** 2568 ** 258200 , 1 , 2568
16:43:23.525 [main] INFO  c.c.app.process.impl.Search2Impl.fillDetail  266 - ** 2569 ** 258200 , 1 , 2569
16:43:23.525 [main] INFO  c.c.app.process.impl.Search2Impl.fillDetail  266 - ** 2570 ** 258200 , 1 , 2570
16:43:23.525 [main] INFO  c.c.app.process.impl.Search2Impl.fillDetail  266 - ** 2571 ** 258200 , 1 , 2571
16:43:23.525 [main] INFO  c.c.app.process.impl.Search2Impl.fillDetail  266 - ** 2572 ** 258200 , 1 , 2572
16:43:23.525 [main] INFO  c.c.app.process.impl.Search2Impl.searchAll  379 -  SEARCHING 258200 TOGGLE 5 ITEM FOUND 2570
16:43:23.525 [main] INFO  c.c.app.process.impl.Search2Impl.fillDetail  266 - ** 2573 ** 258800 , 1 , 2573
16:43:23.525 [main] INFO  c.c.app.process.impl.Search2Impl.fillDetail  266 - ** 2574 ** 258800 , 1 , 2574
16:43:23.525 [main] INFO  c.c.app.process.impl.Search2Impl.fillDetail  266 - ** 2575 ** 258800 , 1 , 2575
16:43:23.525 [main] INFO  c.c.app.process.impl.Search2Impl.fillDetail  266 - ** 2576 ** 258800 , 1 , 2576
16:43:23.525 [main] INFO  c.c.app.process.impl.Search2Impl.fillDetail  266 - ** 2577 ** 258800 , 1 , 2577
16:43:23.525 [main] INFO  c.c.app.process.impl.Search2Impl.fillDetail  266 - ** 2578 ** 258800 , 1 , 2578
16:43:23.525 [main] INFO  c.c.app.process.impl.Search2Impl.searchAll  379 -  SEARCHING 258800 TOGGLE 6 ITEM FOUND 2576
16:43:23.525 [main] INFO  c.c.app.process.impl.Search2Impl.fillDetail  266 - ** 2579 ** 259000 , 1 , 2579
16:43:23.525 [main] INFO  c.c.app.process.impl.Search2Impl.fillDetail  266 - ** 2580 ** 259000 , 1 , 2580
16:43:23.526 [main] INFO  c.c.app.process.impl.Search2Impl.searchAll  379 -  SEARCHING 259000 TOGGLE 2 ITEM FOUND 2579
16:43:23.526 [main] INFO  c.c.app.process.impl.Search2Impl.fillDetail  266 - ** 2581 ** 259300 , 1 , 2581
16:43:23.526 [main] INFO  c.c.app.process.impl.Search2Impl.fillDetail  266 - ** 2582 ** 259300 , 1 , 2582
16:43:23.526 [main] INFO  c.c.app.process.impl.Search2Impl.fillDetail  266 - ** 2583 ** 259300 , 1 , 2583
16:43:23.526 [main] INFO  c.c.app.process.impl.Search2Impl.searchAll  379 -  SEARCHING 259300 TOGGLE 3 ITEM FOUND 2582
16:43:23.526 [main] INFO  c.c.app.process.impl.Search2Impl.fillDetail  266 - ** 2584 ** 259700 , 1 , 2584
16:43:23.526 [main] INFO  c.c.app.process.impl.Search2Impl.fillDetail  266 - ** 2585 ** 259700 , 1 , 2585
16:43:23.526 [main] INFO  c.c.app.process.impl.Search2Impl.fillDetail  266 - ** 2586 ** 259700 , 1 , 2586
16:43:23.526 [main] INFO  c.c.app.process.impl.Search2Impl.fillDetail  266 - ** 2587 ** 259700 , 1 , 2587
16:43:23.526 [main] INFO  c.c.app.process.impl.Search2Impl.searchAll  379 -  SEARCHING 259700 TOGGLE 4 ITEM FOUND 2587
16:43:23.526 [main] INFO  c.c.app.process.impl.Search2Impl.fillDetail  266 - ** 2588 ** 260200 , 1 , 2588
16:43:23.526 [main] INFO  c.c.app.process.impl.Search2Impl.fillDetail  266 - ** 2589 ** 260200 , 1 , 2589
16:43:23.526 [main] INFO  c.c.app.process.impl.Search2Impl.fillDetail  266 - ** 2590 ** 260200 , 1 , 2590
16:43:23.526 [main] INFO  c.c.app.process.impl.Search2Impl.fillDetail  266 - ** 2591 ** 260200 , 1 , 2591
16:43:23.526 [main] INFO  c.c.app.process.impl.Search2Impl.fillDetail  266 - ** 2592 ** 260200 , 1 , 2592
16:43:23.526 [main] INFO  c.c.app.process.impl.Search2Impl.searchAll  379 -  SEARCHING 260200 TOGGLE 5 ITEM FOUND 2590
16:43:23.526 [main] INFO  c.c.app.process.impl.Search2Impl.fillDetail  266 - ** 2593 ** 260800 , 1 , 2593
16:43:23.526 [main] INFO  c.c.app.process.impl.Search2Impl.fillDetail  266 - ** 2594 ** 260800 , 1 , 2594
16:43:23.526 [main] INFO  c.c.app.process.impl.Search2Impl.fillDetail  266 - ** 2595 ** 260800 , 1 , 2595
16:43:23.526 [main] INFO  c.c.app.process.impl.Search2Impl.fillDetail  266 - ** 2596 ** 260800 , 1 , 2596
16:43:23.527 [main] INFO  c.c.app.process.impl.Search2Impl.fillDetail  266 - ** 2597 ** 260800 , 1 , 2597
16:43:23.527 [main] INFO  c.c.app.process.impl.Search2Impl.fillDetail  266 - ** 2598 ** 260800 , 1 , 2598
16:43:23.527 [main] INFO  c.c.app.process.impl.Search2Impl.searchAll  379 -  SEARCHING 260800 TOGGLE 6 ITEM FOUND 2593
16:43:23.527 [main] INFO  c.c.app.process.impl.Search2Impl.fillDetail  266 - ** 2599 ** 261000 , 1 , 2599
16:43:23.527 [main] INFO  c.c.app.process.impl.Search2Impl.fillDetail  266 - ** 2600 ** 261000 , 1 , 2600
16:43:23.527 [main] INFO  c.c.app.process.impl.Search2Impl.searchAll  379 -  SEARCHING 261000 TOGGLE 2 ITEM FOUND 2599
16:43:23.527 [main] INFO  c.c.app.process.impl.Search2Impl.fillDetail  266 - ** 2601 ** 261300 , 1 , 2601
16:43:23.527 [main] INFO  c.c.app.process.impl.Search2Impl.fillDetail  266 - ** 2602 ** 261300 , 1 , 2602
16:43:23.527 [main] INFO  c.c.app.process.impl.Search2Impl.fillDetail  266 - ** 2603 ** 261300 , 1 , 2603
16:43:23.527 [main] INFO  c.c.app.process.impl.Search2Impl.searchAll  379 -  SEARCHING 261300 TOGGLE 3 ITEM FOUND 2602
16:43:23.527 [main] INFO  c.c.app.process.impl.Search2Impl.fillDetail  266 - ** 2604 ** 261700 , 1 , 2604
16:43:23.527 [main] INFO  c.c.app.process.impl.Search2Impl.fillDetail  266 - ** 2605 ** 261700 , 1 , 2605
16:43:23.527 [main] INFO  c.c.app.process.impl.Search2Impl.fillDetail  266 - ** 2606 ** 261700 , 1 , 2606
16:43:23.527 [main] INFO  c.c.app.process.impl.Search2Impl.fillDetail  266 - ** 2607 ** 261700 , 1 , 2607
16:43:23.527 [main] INFO  c.c.app.process.impl.Search2Impl.searchAll  379 -  SEARCHING 261700 TOGGLE 4 ITEM FOUND 2605
16:43:23.527 [main] INFO  c.c.app.process.impl.Search2Impl.fillDetail  266 - ** 2608 ** 262200 , 1 , 2608
16:43:23.527 [main] INFO  c.c.app.process.impl.Search2Impl.fillDetail  266 - ** 2609 ** 262200 , 1 , 2609
16:43:23.528 [main] INFO  c.c.app.process.impl.Search2Impl.fillDetail  266 - ** 2610 ** 262200 , 1 , 2610
16:43:23.528 [main] INFO  c.c.app.process.impl.Search2Impl.fillDetail  266 - ** 2611 ** 262200 , 1 , 2611
16:43:23.528 [main] INFO  c.c.app.process.impl.Search2Impl.fillDetail  266 - ** 2612 ** 262200 , 1 , 2612
16:43:23.528 [main] INFO  c.c.app.process.impl.Search2Impl.searchAll  379 -  SEARCHING 262200 TOGGLE 5 ITEM FOUND 2610
16:43:23.528 [main] INFO  c.c.app.process.impl.Search2Impl.fillDetail  266 - ** 2613 ** 262800 , 1 , 2613
16:43:23.528 [main] INFO  c.c.app.process.impl.Search2Impl.fillDetail  266 - ** 2614 ** 262800 , 1 , 2614
16:43:23.528 [main] INFO  c.c.app.process.impl.Search2Impl.fillDetail  266 - ** 2615 ** 262800 , 1 , 2615
16:43:23.528 [main] INFO  c.c.app.process.impl.Search2Impl.fillDetail  266 - ** 2616 ** 262800 , 1 , 2616
16:43:23.528 [main] INFO  c.c.app.process.impl.Search2Impl.fillDetail  266 - ** 2617 ** 262800 , 1 , 2617
16:43:23.528 [main] INFO  c.c.app.process.impl.Search2Impl.fillDetail  266 - ** 2618 ** 262800 , 1 , 2618
16:43:23.528 [main] INFO  c.c.app.process.impl.Search2Impl.searchAll  379 -  SEARCHING 262800 TOGGLE 6 ITEM FOUND 2616
16:43:23.528 [main] INFO  c.c.app.process.impl.Search2Impl.fillDetail  266 - ** 2619 ** 263000 , 1 , 2619
16:43:23.528 [main] INFO  c.c.app.process.impl.Search2Impl.fillDetail  266 - ** 2620 ** 263000 , 1 , 2620
16:43:23.528 [main] INFO  c.c.app.process.impl.Search2Impl.searchAll  379 -  SEARCHING 263000 TOGGLE 2 ITEM FOUND 2619
16:43:23.528 [main] INFO  c.c.app.process.impl.Search2Impl.fillDetail  266 - ** 2621 ** 263300 , 1 , 2621
16:43:23.528 [main] INFO  c.c.app.process.impl.Search2Impl.fillDetail  266 - ** 2622 ** 263300 , 1 , 2622
16:43:23.529 [main] INFO  c.c.app.process.impl.Search2Impl.fillDetail  266 - ** 2623 ** 263300 , 1 , 2623
16:43:23.529 [main] INFO  c.c.app.process.impl.Search2Impl.searchAll  379 -  SEARCHING 263300 TOGGLE 3 ITEM FOUND 2622
16:43:23.529 [main] INFO  c.c.app.process.impl.Search2Impl.fillDetail  266 - ** 2624 ** 263700 , 1 , 2624
16:43:23.529 [main] INFO  c.c.app.process.impl.Search2Impl.fillDetail  266 - ** 2625 ** 263700 , 1 , 2625
16:43:23.529 [main] INFO  c.c.app.process.impl.Search2Impl.fillDetail  266 - ** 2626 ** 263700 , 1 , 2626
16:43:23.529 [main] INFO  c.c.app.process.impl.Search2Impl.fillDetail  266 - ** 2627 ** 263700 , 1 , 2627
16:43:23.529 [main] INFO  c.c.app.process.impl.Search2Impl.searchAll  379 -  SEARCHING 263700 TOGGLE 4 ITEM FOUND 2625
16:43:23.529 [main] INFO  c.c.app.process.impl.Search2Impl.fillDetail  266 - ** 2628 ** 264200 , 1 , 2628
16:43:23.529 [main] INFO  c.c.app.process.impl.Search2Impl.fillDetail  266 - ** 2629 ** 264200 , 1 , 2629
16:43:23.529 [main] INFO  c.c.app.process.impl.Search2Impl.fillDetail  266 - ** 2630 ** 264200 , 1 , 2630
16:43:23.529 [main] INFO  c.c.app.process.impl.Search2Impl.fillDetail  266 - ** 2631 ** 264200 , 1 , 2631
16:43:23.529 [main] INFO  c.c.app.process.impl.Search2Impl.fillDetail  266 - ** 2632 ** 264200 , 1 , 2632
16:43:23.529 [main] INFO  c.c.app.process.impl.Search2Impl.searchAll  379 -  SEARCHING 264200 TOGGLE 5 ITEM FOUND 2628
16:43:23.529 [main] INFO  c.c.app.process.impl.Search2Impl.fillDetail  266 - ** 2633 ** 264800 , 1 , 2633
16:43:23.529 [main] INFO  c.c.app.process.impl.Search2Impl.fillDetail  266 - ** 2634 ** 264800 , 1 , 2634
16:43:23.529 [main] INFO  c.c.app.process.impl.Search2Impl.fillDetail  266 - ** 2635 ** 264800 , 1 , 2635
16:43:23.529 [main] INFO  c.c.app.process.impl.Search2Impl.fillDetail  266 - ** 2636 ** 264800 , 1 , 2636
16:43:23.529 [main] INFO  c.c.app.process.impl.Search2Impl.fillDetail  266 - ** 2637 ** 264800 , 1 , 2637
16:43:23.529 [main] INFO  c.c.app.process.impl.Search2Impl.fillDetail  266 - ** 2638 ** 264800 , 1 , 2638
16:43:23.530 [main] INFO  c.c.app.process.impl.Search2Impl.searchAll  379 -  SEARCHING 264800 TOGGLE 6 ITEM FOUND 2633
16:43:23.530 [main] INFO  c.c.app.process.impl.Search2Impl.fillDetail  266 - ** 2639 ** 265000 , 1 , 2639
16:43:23.530 [main] INFO  c.c.app.process.impl.Search2Impl.fillDetail  266 - ** 2640 ** 265000 , 1 , 2640
16:43:23.530 [main] INFO  c.c.app.process.impl.Search2Impl.searchAll  379 -  SEARCHING 265000 TOGGLE 2 ITEM FOUND 2639
16:43:23.530 [main] INFO  c.c.app.process.impl.Search2Impl.fillDetail  266 - ** 2641 ** 265300 , 1 , 2641
16:43:23.530 [main] INFO  c.c.app.process.impl.Search2Impl.fillDetail  266 - ** 2642 ** 265300 , 1 , 2642
16:43:23.530 [main] INFO  c.c.app.process.impl.Search2Impl.fillDetail  266 - ** 2643 ** 265300 , 1 , 2643
16:43:23.530 [main] INFO  c.c.app.process.impl.Search2Impl.searchAll  379 -  SEARCHING 265300 TOGGLE 3 ITEM FOUND 2642
16:43:23.530 [main] INFO  c.c.app.process.impl.Search2Impl.fillDetail  266 - ** 2644 ** 265700 , 1 , 2644
16:43:23.530 [main] INFO  c.c.app.process.impl.Search2Impl.fillDetail  266 - ** 2645 ** 265700 , 1 , 2645
16:43:23.530 [main] INFO  c.c.app.process.impl.Search2Impl.fillDetail  266 - ** 2646 ** 265700 , 1 , 2646
16:43:23.530 [main] INFO  c.c.app.process.impl.Search2Impl.fillDetail  266 - ** 2647 ** 265700 , 1 , 2647
16:43:23.530 [main] INFO  c.c.app.process.impl.Search2Impl.searchAll  379 -  SEARCHING 265700 TOGGLE 4 ITEM FOUND 2645
16:43:23.530 [main] INFO  c.c.app.process.impl.Search2Impl.fillDetail  266 - ** 2648 ** 266200 , 1 , 2648
16:43:23.530 [main] INFO  c.c.app.process.impl.Search2Impl.fillDetail  266 - ** 2649 ** 266200 , 1 , 2649
16:43:23.530 [main] INFO  c.c.app.process.impl.Search2Impl.fillDetail  266 - ** 2650 ** 266200 , 1 , 2650
16:43:23.530 [main] INFO  c.c.app.process.impl.Search2Impl.fillDetail  266 - ** 2651 ** 266200 , 1 , 2651
16:43:23.530 [main] INFO  c.c.app.process.impl.Search2Impl.fillDetail  266 - ** 2652 ** 266200 , 1 , 2652
16:43:23.530 [main] INFO  c.c.app.process.impl.Search2Impl.searchAll  379 -  SEARCHING 266200 TOGGLE 5 ITEM FOUND 2651
16:43:23.531 [main] INFO  c.c.app.process.impl.Search2Impl.fillDetail  266 - ** 2653 ** 266800 , 1 , 2653
16:43:23.531 [main] INFO  c.c.app.process.impl.Search2Impl.fillDetail  266 - ** 2654 ** 266800 , 1 , 2654
16:43:23.531 [main] INFO  c.c.app.process.impl.Search2Impl.fillDetail  266 - ** 2655 ** 266800 , 1 , 2655
16:43:23.531 [main] INFO  c.c.app.process.impl.Search2Impl.fillDetail  266 - ** 2656 ** 266800 , 1 , 2656
16:43:23.531 [main] INFO  c.c.app.process.impl.Search2Impl.fillDetail  266 - ** 2657 ** 266800 , 1 , 2657
16:43:23.531 [main] INFO  c.c.app.process.impl.Search2Impl.fillDetail  266 - ** 2658 ** 266800 , 1 , 2658
16:43:23.531 [main] INFO  c.c.app.process.impl.Search2Impl.searchAll  379 -  SEARCHING 266800 TOGGLE 6 ITEM FOUND 2656
16:43:23.531 [main] INFO  c.c.app.process.impl.Search2Impl.fillDetail  266 - ** 2659 ** 267000 , 1 , 2659
16:43:23.531 [main] INFO  c.c.app.process.impl.Search2Impl.fillDetail  266 - ** 2660 ** 267000 , 1 , 2660
16:43:23.531 [main] INFO  c.c.app.process.impl.Search2Impl.searchAll  379 -  SEARCHING 267000 TOGGLE 2 ITEM FOUND 2659
16:43:23.531 [main] INFO  c.c.app.process.impl.Search2Impl.fillDetail  266 - ** 2661 ** 267300 , 1 , 2661
16:43:23.531 [main] INFO  c.c.app.process.impl.Search2Impl.fillDetail  266 - ** 2662 ** 267300 , 1 , 2662
16:43:23.531 [main] INFO  c.c.app.process.impl.Search2Impl.fillDetail  266 - ** 2663 ** 267300 , 1 , 2663
16:43:23.531 [main] INFO  c.c.app.process.impl.Search2Impl.searchAll  379 -  SEARCHING 267300 TOGGLE 3 ITEM FOUND 2662
16:43:23.531 [main] INFO  c.c.app.process.impl.Search2Impl.fillDetail  266 - ** 2664 ** 267700 , 1 , 2664
16:43:23.531 [main] INFO  c.c.app.process.impl.Search2Impl.fillDetail  266 - ** 2665 ** 267700 , 1 , 2665
16:43:23.531 [main] INFO  c.c.app.process.impl.Search2Impl.fillDetail  266 - ** 2666 ** 267700 , 1 , 2666
16:43:23.531 [main] INFO  c.c.app.process.impl.Search2Impl.fillDetail  266 - ** 2667 ** 267700 , 1 , 2667
16:43:23.532 [main] INFO  c.c.app.process.impl.Search2Impl.searchAll  379 -  SEARCHING 267700 TOGGLE 4 ITEM FOUND 2665
16:43:23.532 [main] INFO  c.c.app.process.impl.Search2Impl.fillDetail  266 - ** 2668 ** 268200 , 1 , 2668
16:43:23.532 [main] INFO  c.c.app.process.impl.Search2Impl.fillDetail  266 - ** 2669 ** 268200 , 1 , 2669
16:43:23.532 [main] INFO  c.c.app.process.impl.Search2Impl.fillDetail  266 - ** 2670 ** 268200 , 1 , 2670
16:43:23.532 [main] INFO  c.c.app.process.impl.Search2Impl.fillDetail  266 - ** 2671 ** 268200 , 1 , 2671
16:43:23.532 [main] INFO  c.c.app.process.impl.Search2Impl.fillDetail  266 - ** 2672 ** 268200 , 1 , 2672
16:43:23.532 [main] INFO  c.c.app.process.impl.Search2Impl.searchAll  379 -  SEARCHING 268200 TOGGLE 5 ITEM FOUND 2668
16:43:23.532 [main] INFO  c.c.app.process.impl.Search2Impl.fillDetail  266 - ** 2673 ** 268800 , 1 , 2673
16:43:23.532 [main] INFO  c.c.app.process.impl.Search2Impl.fillDetail  266 - ** 2674 ** 268800 , 1 , 2674
16:43:23.532 [main] INFO  c.c.app.process.impl.Search2Impl.fillDetail  266 - ** 2675 ** 268800 , 1 , 2675
16:43:23.532 [main] INFO  c.c.app.process.impl.Search2Impl.fillDetail  266 - ** 2676 ** 268800 , 1 , 2676
16:43:23.532 [main] INFO  c.c.app.process.impl.Search2Impl.fillDetail  266 - ** 2677 ** 268800 , 1 , 2677
16:43:23.532 [main] INFO  c.c.app.process.impl.Search2Impl.fillDetail  266 - ** 2678 ** 268800 , 1 , 2678
16:43:23.532 [main] INFO  c.c.app.process.impl.Search2Impl.searchAll  379 -  SEARCHING 268800 TOGGLE 6 ITEM FOUND 2674
16:43:23.532 [main] INFO  c.c.app.process.impl.Search2Impl.fillDetail  266 - ** 2679 ** 269000 , 1 , 2679
16:43:23.532 [main] INFO  c.c.app.process.impl.Search2Impl.fillDetail  266 - ** 2680 ** 269000 , 1 , 2680
16:43:23.532 [main] INFO  c.c.app.process.impl.Search2Impl.searchAll  379 -  SEARCHING 269000 TOGGLE 2 ITEM FOUND 2679
16:43:23.532 [main] INFO  c.c.app.process.impl.Search2Impl.fillDetail  266 - ** 2681 ** 269300 , 1 , 2681
16:43:23.532 [main] INFO  c.c.app.process.impl.Search2Impl.fillDetail  266 - ** 2682 ** 269300 , 1 , 2682
16:43:23.533 [main] INFO  c.c.app.process.impl.Search2Impl.fillDetail  266 - ** 2683 ** 269300 , 1 , 2683
16:43:23.533 [main] INFO  c.c.app.process.impl.Search2Impl.searchAll  379 -  SEARCHING 269300 TOGGLE 3 ITEM FOUND 2682
16:43:23.533 [main] INFO  c.c.app.process.impl.Search2Impl.fillDetail  266 - ** 2684 ** 269700 , 1 , 2684
16:43:23.533 [main] INFO  c.c.app.process.impl.Search2Impl.fillDetail  266 - ** 2685 ** 269700 , 1 , 2685
16:43:23.533 [main] INFO  c.c.app.process.impl.Search2Impl.fillDetail  266 - ** 2686 ** 269700 , 1 , 2686
16:43:23.533 [main] INFO  c.c.app.process.impl.Search2Impl.fillDetail  266 - ** 2687 ** 269700 , 1 , 2687
16:43:23.533 [main] INFO  c.c.app.process.impl.Search2Impl.searchAll  379 -  SEARCHING 269700 TOGGLE 4 ITEM FOUND 2685
16:43:23.533 [main] INFO  c.c.app.process.impl.Search2Impl.fillDetail  266 - ** 2688 ** 270200 , 1 , 2688
16:43:23.533 [main] INFO  c.c.app.process.impl.Search2Impl.fillDetail  266 - ** 2689 ** 270200 , 1 , 2689
16:43:23.533 [main] INFO  c.c.app.process.impl.Search2Impl.fillDetail  266 - ** 2690 ** 270200 , 1 , 2690
16:43:23.533 [main] INFO  c.c.app.process.impl.Search2Impl.fillDetail  266 - ** 2691 ** 270200 , 1 , 2691
16:43:23.533 [main] INFO  c.c.app.process.impl.Search2Impl.fillDetail  266 - ** 2692 ** 270200 , 1 , 2692
16:43:23.533 [main] INFO  c.c.app.process.impl.Search2Impl.searchAll  379 -  SEARCHING 270200 TOGGLE 5 ITEM FOUND 2691
16:43:23.533 [main] INFO  c.c.app.process.impl.Search2Impl.fillDetail  266 - ** 2693 ** 270800 , 1 , 2693
16:43:23.533 [main] INFO  c.c.app.process.impl.Search2Impl.fillDetail  266 - ** 2694 ** 270800 , 1 , 2694
16:43:23.533 [main] INFO  c.c.app.process.impl.Search2Impl.fillDetail  266 - ** 2695 ** 270800 , 1 , 2695
16:43:23.533 [main] INFO  c.c.app.process.impl.Search2Impl.fillDetail  266 - ** 2696 ** 270800 , 1 , 2696
16:43:23.533 [main] INFO  c.c.app.process.impl.Search2Impl.fillDetail  266 - ** 2697 ** 270800 , 1 , 2697
16:43:23.533 [main] INFO  c.c.app.process.impl.Search2Impl.fillDetail  266 - ** 2698 ** 270800 , 1 , 2698
16:43:23.534 [main] INFO  c.c.app.process.impl.Search2Impl.searchAll  379 -  SEARCHING 270800 TOGGLE 6 ITEM FOUND 2697
16:43:23.534 [main] INFO  c.c.app.process.impl.Search2Impl.fillDetail  266 - ** 2699 ** 271000 , 1 , 2699
16:43:23.534 [main] INFO  c.c.app.process.impl.Search2Impl.fillDetail  266 - ** 2700 ** 271000 , 1 , 2700
16:43:23.534 [main] INFO  c.c.app.process.impl.Search2Impl.searchAll  379 -  SEARCHING 271000 TOGGLE 2 ITEM FOUND 2699
16:43:23.534 [main] INFO  c.c.app.process.impl.Search2Impl.fillDetail  266 - ** 2701 ** 271300 , 1 , 2701
16:43:23.534 [main] INFO  c.c.app.process.impl.Search2Impl.fillDetail  266 - ** 2702 ** 271300 , 1 , 2702
16:43:23.534 [main] INFO  c.c.app.process.impl.Search2Impl.fillDetail  266 - ** 2703 ** 271300 , 1 , 2703
16:43:23.534 [main] INFO  c.c.app.process.impl.Search2Impl.searchAll  379 -  SEARCHING 271300 TOGGLE 3 ITEM FOUND 2702
16:43:23.534 [main] INFO  c.c.app.process.impl.Search2Impl.fillDetail  266 - ** 2704 ** 271700 , 1 , 2704
16:43:23.534 [main] INFO  c.c.app.process.impl.Search2Impl.fillDetail  266 - ** 2705 ** 271700 , 1 , 2705
16:43:23.534 [main] INFO  c.c.app.process.impl.Search2Impl.fillDetail  266 - ** 2706 ** 271700 , 1 , 2706
16:43:23.534 [main] INFO  c.c.app.process.impl.Search2Impl.fillDetail  266 - ** 2707 ** 271700 , 1 , 2707
16:43:23.534 [main] INFO  c.c.app.process.impl.Search2Impl.searchAll  379 -  SEARCHING 271700 TOGGLE 4 ITEM FOUND 2705
16:43:23.534 [main] INFO  c.c.app.process.impl.Search2Impl.fillDetail  266 - ** 2708 ** 272200 , 1 , 2708
16:43:23.534 [main] INFO  c.c.app.process.impl.Search2Impl.fillDetail  266 - ** 2709 ** 272200 , 1 , 2709
16:43:23.534 [main] INFO  c.c.app.process.impl.Search2Impl.fillDetail  266 - ** 2710 ** 272200 , 1 , 2710
16:43:23.534 [main] INFO  c.c.app.process.impl.Search2Impl.fillDetail  266 - ** 2711 ** 272200 , 1 , 2711
16:43:23.534 [main] INFO  c.c.app.process.impl.Search2Impl.fillDetail  266 - ** 2712 ** 272200 , 1 , 2712
16:43:23.534 [main] INFO  c.c.app.process.impl.Search2Impl.searchAll  379 -  SEARCHING 272200 TOGGLE 5 ITEM FOUND 2708
16:43:23.535 [main] INFO  c.c.app.process.impl.Search2Impl.fillDetail  266 - ** 2713 ** 272800 , 1 , 2713
16:43:23.535 [main] INFO  c.c.app.process.impl.Search2Impl.fillDetail  266 - ** 2714 ** 272800 , 1 , 2714
16:43:23.535 [main] INFO  c.c.app.process.impl.Search2Impl.fillDetail  266 - ** 2715 ** 272800 , 1 , 2715
16:43:23.535 [main] INFO  c.c.app.process.impl.Search2Impl.fillDetail  266 - ** 2716 ** 272800 , 1 , 2716
16:43:23.535 [main] INFO  c.c.app.process.impl.Search2Impl.fillDetail  266 - ** 2717 ** 272800 , 1 , 2717
16:43:23.535 [main] INFO  c.c.app.process.impl.Search2Impl.fillDetail  266 - ** 2718 ** 272800 , 1 , 2718
16:43:23.535 [main] INFO  c.c.app.process.impl.Search2Impl.searchAll  379 -  SEARCHING 272800 TOGGLE 6 ITEM FOUND 2714
16:43:23.535 [main] INFO  c.c.app.process.impl.Search2Impl.fillDetail  266 - ** 2719 ** 273000 , 1 , 2719
16:43:23.535 [main] INFO  c.c.app.process.impl.Search2Impl.fillDetail  266 - ** 2720 ** 273000 , 1 , 2720
16:43:23.535 [main] INFO  c.c.app.process.impl.Search2Impl.searchAll  379 -  SEARCHING 273000 TOGGLE 2 ITEM FOUND 2720
16:43:23.535 [main] INFO  c.c.app.process.impl.Search2Impl.fillDetail  266 - ** 2721 ** 273300 , 1 , 2721
16:43:23.535 [main] INFO  c.c.app.process.impl.Search2Impl.fillDetail  266 - ** 2722 ** 273300 , 1 , 2722
16:43:23.535 [main] INFO  c.c.app.process.impl.Search2Impl.fillDetail  266 - ** 2723 ** 273300 , 1 , 2723
16:43:23.535 [main] INFO  c.c.app.process.impl.Search2Impl.searchAll  379 -  SEARCHING 273300 TOGGLE 3 ITEM FOUND 2722
16:43:23.535 [main] INFO  c.c.app.process.impl.Search2Impl.fillDetail  266 - ** 2724 ** 273700 , 1 , 2724
16:43:23.535 [main] INFO  c.c.app.process.impl.Search2Impl.fillDetail  266 - ** 2725 ** 273700 , 1 , 2725
16:43:23.535 [main] INFO  c.c.app.process.impl.Search2Impl.fillDetail  266 - ** 2726 ** 273700 , 1 , 2726
16:43:23.535 [main] INFO  c.c.app.process.impl.Search2Impl.fillDetail  266 - ** 2727 ** 273700 , 1 , 2727
16:43:23.535 [main] INFO  c.c.app.process.impl.Search2Impl.searchAll  379 -  SEARCHING 273700 TOGGLE 4 ITEM FOUND 2725
16:43:23.535 [main] INFO  c.c.app.process.impl.Search2Impl.fillDetail  266 - ** 2728 ** 274200 , 1 , 2728
16:43:23.536 [main] INFO  c.c.app.process.impl.Search2Impl.fillDetail  266 - ** 2729 ** 274200 , 1 , 2729
16:43:23.536 [main] INFO  c.c.app.process.impl.Search2Impl.fillDetail  266 - ** 2730 ** 274200 , 1 , 2730
16:43:23.536 [main] INFO  c.c.app.process.impl.Search2Impl.fillDetail  266 - ** 2731 ** 274200 , 1 , 2731
16:43:23.536 [main] INFO  c.c.app.process.impl.Search2Impl.fillDetail  266 - ** 2732 ** 274200 , 1 , 2732
16:43:23.536 [main] INFO  c.c.app.process.impl.Search2Impl.searchAll  379 -  SEARCHING 274200 TOGGLE 5 ITEM FOUND 2731
16:43:23.536 [main] INFO  c.c.app.process.impl.Search2Impl.fillDetail  266 - ** 2733 ** 274800 , 1 , 2733
16:43:23.536 [main] INFO  c.c.app.process.impl.Search2Impl.fillDetail  266 - ** 2734 ** 274800 , 1 , 2734
16:43:23.536 [main] INFO  c.c.app.process.impl.Search2Impl.fillDetail  266 - ** 2735 ** 274800 , 1 , 2735
16:43:23.536 [main] INFO  c.c.app.process.impl.Search2Impl.fillDetail  266 - ** 2736 ** 274800 , 1 , 2736
16:43:23.536 [main] INFO  c.c.app.process.impl.Search2Impl.fillDetail  266 - ** 2737 ** 274800 , 1 , 2737
16:43:23.536 [main] INFO  c.c.app.process.impl.Search2Impl.fillDetail  266 - ** 2738 ** 274800 , 1 , 2738
16:43:23.536 [main] INFO  c.c.app.process.impl.Search2Impl.searchAll  379 -  SEARCHING 274800 TOGGLE 6 ITEM FOUND 2737
16:43:23.536 [main] INFO  c.c.app.process.impl.Search2Impl.fillDetail  266 - ** 2739 ** 275000 , 1 , 2739
16:43:23.536 [main] INFO  c.c.app.process.impl.Search2Impl.fillDetail  266 - ** 2740 ** 275000 , 1 , 2740
16:43:23.536 [main] INFO  c.c.app.process.impl.Search2Impl.searchAll  379 -  SEARCHING 275000 TOGGLE 2 ITEM FOUND 2740
16:43:23.537 [main] INFO  c.c.app.process.impl.Search2Impl.fillDetail  266 - ** 2741 ** 275300 , 1 , 2741
16:43:23.537 [main] INFO  c.c.app.process.impl.Search2Impl.fillDetail  266 - ** 2742 ** 275300 , 1 , 2742
16:43:23.537 [main] INFO  c.c.app.process.impl.Search2Impl.fillDetail  266 - ** 2743 ** 275300 , 1 , 2743
16:43:23.537 [main] INFO  c.c.app.process.impl.Search2Impl.searchAll  379 -  SEARCHING 275300 TOGGLE 3 ITEM FOUND 2743
16:43:23.537 [main] INFO  c.c.app.process.impl.Search2Impl.fillDetail  266 - ** 2744 ** 275700 , 1 , 2744
16:43:23.537 [main] INFO  c.c.app.process.impl.Search2Impl.fillDetail  266 - ** 2745 ** 275700 , 1 , 2745
16:43:23.537 [main] INFO  c.c.app.process.impl.Search2Impl.fillDetail  266 - ** 2746 ** 275700 , 1 , 2746
16:43:23.537 [main] INFO  c.c.app.process.impl.Search2Impl.fillDetail  266 - ** 2747 ** 275700 , 1 , 2747
16:43:23.537 [main] INFO  c.c.app.process.impl.Search2Impl.searchAll  379 -  SEARCHING 275700 TOGGLE 4 ITEM FOUND 2745
16:43:23.537 [main] INFO  c.c.app.process.impl.Search2Impl.fillDetail  266 - ** 2748 ** 276200 , 1 , 2748
16:43:23.537 [main] INFO  c.c.app.process.impl.Search2Impl.fillDetail  266 - ** 2749 ** 276200 , 1 , 2749
16:43:23.537 [main] INFO  c.c.app.process.impl.Search2Impl.fillDetail  266 - ** 2750 ** 276200 , 1 , 2750
16:43:23.537 [main] INFO  c.c.app.process.impl.Search2Impl.fillDetail  266 - ** 2751 ** 276200 , 1 , 2751
16:43:23.537 [main] INFO  c.c.app.process.impl.Search2Impl.fillDetail  266 - ** 2752 ** 276200 , 1 , 2752
16:43:23.537 [main] INFO  c.c.app.process.impl.Search2Impl.searchAll  379 -  SEARCHING 276200 TOGGLE 5 ITEM FOUND 2748
16:43:23.537 [main] INFO  c.c.app.process.impl.Search2Impl.fillDetail  266 - ** 2753 ** 276800 , 1 , 2753
16:43:23.537 [main] INFO  c.c.app.process.impl.Search2Impl.fillDetail  266 - ** 2754 ** 276800 , 1 , 2754
16:43:23.537 [main] INFO  c.c.app.process.impl.Search2Impl.fillDetail  266 - ** 2755 ** 276800 , 1 , 2755
16:43:23.537 [main] INFO  c.c.app.process.impl.Search2Impl.fillDetail  266 - ** 2756 ** 276800 , 1 , 2756
16:43:23.537 [main] INFO  c.c.app.process.impl.Search2Impl.fillDetail  266 - ** 2757 ** 276800 , 1 , 2757
16:43:23.538 [main] INFO  c.c.app.process.impl.Search2Impl.fillDetail  266 - ** 2758 ** 276800 , 1 , 2758
16:43:23.538 [main] INFO  c.c.app.process.impl.Search2Impl.searchAll  379 -  SEARCHING 276800 TOGGLE 6 ITEM FOUND 2754
16:43:23.538 [main] INFO  c.c.app.process.impl.Search2Impl.fillDetail  266 - ** 2759 ** 277000 , 1 , 2759
16:43:23.538 [main] INFO  c.c.app.process.impl.Search2Impl.fillDetail  266 - ** 2760 ** 277000 , 1 , 2760
16:43:23.538 [main] INFO  c.c.app.process.impl.Search2Impl.searchAll  379 -  SEARCHING 277000 TOGGLE 2 ITEM FOUND 2760
16:43:23.538 [main] INFO  c.c.app.process.impl.Search2Impl.fillDetail  266 - ** 2761 ** 277300 , 1 , 2761
16:43:23.538 [main] INFO  c.c.app.process.impl.Search2Impl.fillDetail  266 - ** 2762 ** 277300 , 1 , 2762
16:43:23.538 [main] INFO  c.c.app.process.impl.Search2Impl.fillDetail  266 - ** 2763 ** 277300 , 1 , 2763
16:43:23.538 [main] INFO  c.c.app.process.impl.Search2Impl.searchAll  379 -  SEARCHING 277300 TOGGLE 3 ITEM FOUND 2763
16:43:23.538 [main] INFO  c.c.app.process.impl.Search2Impl.fillDetail  266 - ** 2764 ** 277700 , 1 , 2764
16:43:23.538 [main] INFO  c.c.app.process.impl.Search2Impl.fillDetail  266 - ** 2765 ** 277700 , 1 , 2765
16:43:23.538 [main] INFO  c.c.app.process.impl.Search2Impl.fillDetail  266 - ** 2766 ** 277700 , 1 , 2766
16:43:23.538 [main] INFO  c.c.app.process.impl.Search2Impl.fillDetail  266 - ** 2767 ** 277700 , 1 , 2767
16:43:23.538 [main] INFO  c.c.app.process.impl.Search2Impl.searchAll  379 -  SEARCHING 277700 TOGGLE 4 ITEM FOUND 2766
16:43:23.538 [main] INFO  c.c.app.process.impl.Search2Impl.fillDetail  266 - ** 2768 ** 278200 , 1 , 2768
16:43:23.538 [main] INFO  c.c.app.process.impl.Search2Impl.fillDetail  266 - ** 2769 ** 278200 , 1 , 2769
16:43:23.538 [main] INFO  c.c.app.process.impl.Search2Impl.fillDetail  266 - ** 2770 ** 278200 , 1 , 2770
16:43:23.538 [main] INFO  c.c.app.process.impl.Search2Impl.fillDetail  266 - ** 2771 ** 278200 , 1 , 2771
16:43:23.538 [main] INFO  c.c.app.process.impl.Search2Impl.fillDetail  266 - ** 2772 ** 278200 , 1 , 2772
16:43:23.539 [main] INFO  c.c.app.process.impl.Search2Impl.searchAll  379 -  SEARCHING 278200 TOGGLE 5 ITEM FOUND 2771
16:43:23.539 [main] INFO  c.c.app.process.impl.Search2Impl.fillDetail  266 - ** 2773 ** 278800 , 1 , 2773
16:43:23.539 [main] INFO  c.c.app.process.impl.Search2Impl.fillDetail  266 - ** 2774 ** 278800 , 1 , 2774
16:43:23.539 [main] INFO  c.c.app.process.impl.Search2Impl.fillDetail  266 - ** 2775 ** 278800 , 1 , 2775
16:43:23.539 [main] INFO  c.c.app.process.impl.Search2Impl.fillDetail  266 - ** 2776 ** 278800 , 1 , 2776
16:43:23.539 [main] INFO  c.c.app.process.impl.Search2Impl.fillDetail  266 - ** 2777 ** 278800 , 1 , 2777
16:43:23.539 [main] INFO  c.c.app.process.impl.Search2Impl.fillDetail  266 - ** 2778 ** 278800 , 1 , 2778
16:43:23.539 [main] INFO  c.c.app.process.impl.Search2Impl.searchAll  379 -  SEARCHING 278800 TOGGLE 6 ITEM FOUND 2777
16:43:23.539 [main] INFO  c.c.app.process.impl.Search2Impl.fillDetail  266 - ** 2779 ** 279000 , 1 , 2779
16:43:23.539 [main] INFO  c.c.app.process.impl.Search2Impl.fillDetail  266 - ** 2780 ** 279000 , 1 , 2780
16:43:23.539 [main] INFO  c.c.app.process.impl.Search2Impl.searchAll  379 -  SEARCHING 279000 TOGGLE 2 ITEM FOUND 2780
16:43:23.539 [main] INFO  c.c.app.process.impl.Search2Impl.fillDetail  266 - ** 2781 ** 279300 , 1 , 2781
16:43:23.539 [main] INFO  c.c.app.process.impl.Search2Impl.fillDetail  266 - ** 2782 ** 279300 , 1 , 2782
16:43:23.539 [main] INFO  c.c.app.process.impl.Search2Impl.fillDetail  266 - ** 2783 ** 279300 , 1 , 2783
16:43:23.539 [main] INFO  c.c.app.process.impl.Search2Impl.searchAll  379 -  SEARCHING 279300 TOGGLE 3 ITEM FOUND 2783
16:43:23.539 [main] INFO  c.c.app.process.impl.Search2Impl.fillDetail  266 - ** 2784 ** 279700 , 1 , 2784
16:43:23.539 [main] INFO  c.c.app.process.impl.Search2Impl.fillDetail  266 - ** 2785 ** 279700 , 1 , 2785
16:43:23.539 [main] INFO  c.c.app.process.impl.Search2Impl.fillDetail  266 - ** 2786 ** 279700 , 1 , 2786
16:43:23.539 [main] INFO  c.c.app.process.impl.Search2Impl.fillDetail  266 - ** 2787 ** 279700 , 1 , 2787
16:43:23.539 [main] INFO  c.c.app.process.impl.Search2Impl.searchAll  379 -  SEARCHING 279700 TOGGLE 4 ITEM FOUND 2786
16:43:23.540 [main] INFO  c.c.app.process.impl.Search2Impl.fillDetail  266 - ** 2788 ** 280200 , 1 , 2788
16:43:23.540 [main] INFO  c.c.app.process.impl.Search2Impl.fillDetail  266 - ** 2789 ** 280200 , 1 , 2789
16:43:23.540 [main] INFO  c.c.app.process.impl.Search2Impl.fillDetail  266 - ** 2790 ** 280200 , 1 , 2790
16:43:23.540 [main] INFO  c.c.app.process.impl.Search2Impl.fillDetail  266 - ** 2791 ** 280200 , 1 , 2791
16:43:23.540 [main] INFO  c.c.app.process.impl.Search2Impl.fillDetail  266 - ** 2792 ** 280200 , 1 , 2792
16:43:23.540 [main] INFO  c.c.app.process.impl.Search2Impl.searchAll  379 -  SEARCHING 280200 TOGGLE 5 ITEM FOUND 2789
16:43:23.540 [main] INFO  c.c.app.process.impl.Search2Impl.fillDetail  266 - ** 2793 ** 280800 , 1 , 2793
16:43:23.540 [main] INFO  c.c.app.process.impl.Search2Impl.fillDetail  266 - ** 2794 ** 280800 , 1 , 2794
16:43:23.540 [main] INFO  c.c.app.process.impl.Search2Impl.fillDetail  266 - ** 2795 ** 280800 , 1 , 2795
16:43:23.540 [main] INFO  c.c.app.process.impl.Search2Impl.fillDetail  266 - ** 2796 ** 280800 , 1 , 2796
16:43:23.540 [main] INFO  c.c.app.process.impl.Search2Impl.fillDetail  266 - ** 2797 ** 280800 , 1 , 2797
16:43:23.540 [main] INFO  c.c.app.process.impl.Search2Impl.fillDetail  266 - ** 2798 ** 280800 , 1 , 2798
16:43:23.540 [main] INFO  c.c.app.process.impl.Search2Impl.searchAll  379 -  SEARCHING 280800 TOGGLE 6 ITEM FOUND 2794
16:43:23.540 [main] INFO  c.c.app.process.impl.Search2Impl.fillDetail  266 - ** 2799 ** 281000 , 1 , 2799
16:43:23.540 [main] INFO  c.c.app.process.impl.Search2Impl.fillDetail  266 - ** 2800 ** 281000 , 1 , 2800
16:43:23.540 [main] INFO  c.c.app.process.impl.Search2Impl.searchAll  379 -  SEARCHING 281000 TOGGLE 2 ITEM FOUND 2800
16:43:23.540 [main] INFO  c.c.app.process.impl.Search2Impl.fillDetail  266 - ** 2801 ** 281300 , 1 , 2801
16:43:23.540 [main] INFO  c.c.app.process.impl.Search2Impl.fillDetail  266 - ** 2802 ** 281300 , 1 , 2802
16:43:23.540 [main] INFO  c.c.app.process.impl.Search2Impl.fillDetail  266 - ** 2803 ** 281300 , 1 , 2803
16:43:23.540 [main] INFO  c.c.app.process.impl.Search2Impl.searchAll  379 -  SEARCHING 281300 TOGGLE 3 ITEM FOUND 2803
16:43:23.541 [main] INFO  c.c.app.process.impl.Search2Impl.fillDetail  266 - ** 2804 ** 281700 , 1 , 2804
16:43:23.541 [main] INFO  c.c.app.process.impl.Search2Impl.fillDetail  266 - ** 2805 ** 281700 , 1 , 2805
16:43:23.541 [main] INFO  c.c.app.process.impl.Search2Impl.fillDetail  266 - ** 2806 ** 281700 , 1 , 2806
16:43:23.541 [main] INFO  c.c.app.process.impl.Search2Impl.fillDetail  266 - ** 2807 ** 281700 , 1 , 2807
16:43:23.541 [main] INFO  c.c.app.process.impl.Search2Impl.searchAll  379 -  SEARCHING 281700 TOGGLE 4 ITEM FOUND 2806
16:43:23.541 [main] INFO  c.c.app.process.impl.Search2Impl.fillDetail  266 - ** 2808 ** 282200 , 1 , 2808
16:43:23.541 [main] INFO  c.c.app.process.impl.Search2Impl.fillDetail  266 - ** 2809 ** 282200 , 1 , 2809
16:43:23.541 [main] INFO  c.c.app.process.impl.Search2Impl.fillDetail  266 - ** 2810 ** 282200 , 1 , 2810
16:43:23.541 [main] INFO  c.c.app.process.impl.Search2Impl.fillDetail  266 - ** 2811 ** 282200 , 1 , 2811
16:43:23.541 [main] INFO  c.c.app.process.impl.Search2Impl.fillDetail  266 - ** 2812 ** 282200 , 1 , 2812
16:43:23.541 [main] INFO  c.c.app.process.impl.Search2Impl.searchAll  379 -  SEARCHING 282200 TOGGLE 5 ITEM FOUND 2812
16:43:23.541 [main] INFO  c.c.app.process.impl.Search2Impl.fillDetail  266 - ** 2813 ** 282800 , 1 , 2813
16:43:23.541 [main] INFO  c.c.app.process.impl.Search2Impl.fillDetail  266 - ** 2814 ** 282800 , 1 , 2814
16:43:23.541 [main] INFO  c.c.app.process.impl.Search2Impl.fillDetail  266 - ** 2815 ** 282800 , 1 , 2815
16:43:23.541 [main] INFO  c.c.app.process.impl.Search2Impl.fillDetail  266 - ** 2816 ** 282800 , 1 , 2816
16:43:23.541 [main] INFO  c.c.app.process.impl.Search2Impl.fillDetail  266 - ** 2817 ** 282800 , 1 , 2817
16:43:23.541 [main] INFO  c.c.app.process.impl.Search2Impl.fillDetail  266 - ** 2818 ** 282800 , 1 , 2818
16:43:23.541 [main] INFO  c.c.app.process.impl.Search2Impl.searchAll  379 -  SEARCHING 282800 TOGGLE 6 ITEM FOUND 2817
16:43:23.541 [main] INFO  c.c.app.process.impl.Search2Impl.fillDetail  266 - ** 2819 ** 283000 , 1 , 2819
16:43:23.541 [main] INFO  c.c.app.process.impl.Search2Impl.fillDetail  266 - ** 2820 ** 283000 , 1 , 2820
16:43:23.542 [main] INFO  c.c.app.process.impl.Search2Impl.searchAll  379 -  SEARCHING 283000 TOGGLE 2 ITEM FOUND 2820
16:43:23.542 [main] INFO  c.c.app.process.impl.Search2Impl.fillDetail  266 - ** 2821 ** 283300 , 1 , 2821
16:43:23.542 [main] INFO  c.c.app.process.impl.Search2Impl.fillDetail  266 - ** 2822 ** 283300 , 1 , 2822
16:43:23.542 [main] INFO  c.c.app.process.impl.Search2Impl.fillDetail  266 - ** 2823 ** 283300 , 1 , 2823
16:43:23.542 [main] INFO  c.c.app.process.impl.Search2Impl.searchAll  379 -  SEARCHING 283300 TOGGLE 3 ITEM FOUND 2823
16:43:23.542 [main] INFO  c.c.app.process.impl.Search2Impl.fillDetail  266 - ** 2824 ** 283700 , 1 , 2824
16:43:23.542 [main] INFO  c.c.app.process.impl.Search2Impl.fillDetail  266 - ** 2825 ** 283700 , 1 , 2825
16:43:23.542 [main] INFO  c.c.app.process.impl.Search2Impl.fillDetail  266 - ** 2826 ** 283700 , 1 , 2826
16:43:23.542 [main] INFO  c.c.app.process.impl.Search2Impl.fillDetail  266 - ** 2827 ** 283700 , 1 , 2827
16:43:23.542 [main] INFO  c.c.app.process.impl.Search2Impl.searchAll  379 -  SEARCHING 283700 TOGGLE 4 ITEM FOUND 2826
16:43:23.542 [main] INFO  c.c.app.process.impl.Search2Impl.fillDetail  266 - ** 2828 ** 284200 , 1 , 2828
16:43:23.542 [main] INFO  c.c.app.process.impl.Search2Impl.fillDetail  266 - ** 2829 ** 284200 , 1 , 2829
16:43:23.542 [main] INFO  c.c.app.process.impl.Search2Impl.fillDetail  266 - ** 2830 ** 284200 , 1 , 2830
16:43:23.542 [main] INFO  c.c.app.process.impl.Search2Impl.fillDetail  266 - ** 2831 ** 284200 , 1 , 2831
16:43:23.542 [main] INFO  c.c.app.process.impl.Search2Impl.fillDetail  266 - ** 2832 ** 284200 , 1 , 2832
16:43:23.542 [main] INFO  c.c.app.process.impl.Search2Impl.searchAll  379 -  SEARCHING 284200 TOGGLE 5 ITEM FOUND 2829
16:43:23.543 [main] INFO  c.c.app.process.impl.Search2Impl.fillDetail  266 - ** 2833 ** 284800 , 1 , 2833
16:43:23.543 [main] INFO  c.c.app.process.impl.Search2Impl.fillDetail  266 - ** 2834 ** 284800 , 1 , 2834
16:43:23.543 [main] INFO  c.c.app.process.impl.Search2Impl.fillDetail  266 - ** 2835 ** 284800 , 1 , 2835
16:43:23.543 [main] INFO  c.c.app.process.impl.Search2Impl.fillDetail  266 - ** 2836 ** 284800 , 1 , 2836
16:43:23.543 [main] INFO  c.c.app.process.impl.Search2Impl.fillDetail  266 - ** 2837 ** 284800 , 1 , 2837
16:43:23.543 [main] INFO  c.c.app.process.impl.Search2Impl.fillDetail  266 - ** 2838 ** 284800 , 1 , 2838
16:43:23.543 [main] INFO  c.c.app.process.impl.Search2Impl.searchAll  379 -  SEARCHING 284800 TOGGLE 6 ITEM FOUND 2835
16:43:23.543 [main] INFO  c.c.app.process.impl.Search2Impl.fillDetail  266 - ** 2839 ** 285000 , 1 , 2839
16:43:23.543 [main] INFO  c.c.app.process.impl.Search2Impl.fillDetail  266 - ** 2840 ** 285000 , 1 , 2840
16:43:23.543 [main] INFO  c.c.app.process.impl.Search2Impl.searchAll  379 -  SEARCHING 285000 TOGGLE 2 ITEM FOUND 2840
16:43:23.543 [main] INFO  c.c.app.process.impl.Search2Impl.fillDetail  266 - ** 2841 ** 285300 , 1 , 2841
16:43:23.543 [main] INFO  c.c.app.process.impl.Search2Impl.fillDetail  266 - ** 2842 ** 285300 , 1 , 2842
16:43:23.543 [main] INFO  c.c.app.process.impl.Search2Impl.fillDetail  266 - ** 2843 ** 285300 , 1 , 2843
16:43:23.543 [main] INFO  c.c.app.process.impl.Search2Impl.searchAll  379 -  SEARCHING 285300 TOGGLE 3 ITEM FOUND 2843
16:43:23.543 [main] INFO  c.c.app.process.impl.Search2Impl.fillDetail  266 - ** 2844 ** 285700 , 1 , 2844
16:43:23.544 [main] INFO  c.c.app.process.impl.Search2Impl.fillDetail  266 - ** 2845 ** 285700 , 1 , 2845
16:43:23.544 [main] INFO  c.c.app.process.impl.Search2Impl.fillDetail  266 - ** 2846 ** 285700 , 1 , 2846
16:43:23.544 [main] INFO  c.c.app.process.impl.Search2Impl.fillDetail  266 - ** 2847 ** 285700 , 1 , 2847
16:43:23.544 [main] INFO  c.c.app.process.impl.Search2Impl.searchAll  379 -  SEARCHING 285700 TOGGLE 4 ITEM FOUND 2846
16:43:23.544 [main] INFO  c.c.app.process.impl.Search2Impl.fillDetail  266 - ** 2848 ** 286200 , 1 , 2848
16:43:23.544 [main] INFO  c.c.app.process.impl.Search2Impl.fillDetail  266 - ** 2849 ** 286200 , 1 , 2849
16:43:23.544 [main] INFO  c.c.app.process.impl.Search2Impl.fillDetail  266 - ** 2850 ** 286200 , 1 , 2850
16:43:23.544 [main] INFO  c.c.app.process.impl.Search2Impl.fillDetail  266 - ** 2851 ** 286200 , 1 , 2851
16:43:23.544 [main] INFO  c.c.app.process.impl.Search2Impl.fillDetail  266 - ** 2852 ** 286200 , 1 , 2852
16:43:23.544 [main] INFO  c.c.app.process.impl.Search2Impl.searchAll  379 -  SEARCHING 286200 TOGGLE 5 ITEM FOUND 2852
16:43:23.544 [main] INFO  c.c.app.process.impl.Search2Impl.fillDetail  266 - ** 2853 ** 286800 , 1 , 2853
16:43:23.544 [main] INFO  c.c.app.process.impl.Search2Impl.fillDetail  266 - ** 2854 ** 286800 , 1 , 2854
16:43:23.544 [main] INFO  c.c.app.process.impl.Search2Impl.fillDetail  266 - ** 2855 ** 286800 , 1 , 2855
16:43:23.544 [main] INFO  c.c.app.process.impl.Search2Impl.fillDetail  266 - ** 2856 ** 286800 , 1 , 2856
16:43:23.544 [main] INFO  c.c.app.process.impl.Search2Impl.fillDetail  266 - ** 2857 ** 286800 , 1 , 2857
16:43:23.544 [main] INFO  c.c.app.process.impl.Search2Impl.fillDetail  266 - ** 2858 ** 286800 , 1 , 2858
16:43:23.545 [main] INFO  c.c.app.process.impl.Search2Impl.searchAll  379 -  SEARCHING 286800 TOGGLE 6 ITEM FOUND 2858
16:43:23.545 [main] INFO  c.c.app.process.impl.Search2Impl.fillDetail  266 - ** 2859 ** 287000 , 1 , 2859
16:43:23.545 [main] INFO  c.c.app.process.impl.Search2Impl.fillDetail  266 - ** 2860 ** 287000 , 1 , 2860
16:43:23.545 [main] INFO  c.c.app.process.impl.Search2Impl.searchAll  379 -  SEARCHING 287000 TOGGLE 2 ITEM FOUND 2860
16:43:23.545 [main] INFO  c.c.app.process.impl.Search2Impl.fillDetail  266 - ** 2861 ** 287300 , 1 , 2861
16:43:23.545 [main] INFO  c.c.app.process.impl.Search2Impl.fillDetail  266 - ** 2862 ** 287300 , 1 , 2862
16:43:23.545 [main] INFO  c.c.app.process.impl.Search2Impl.fillDetail  266 - ** 2863 ** 287300 , 1 , 2863
16:43:23.545 [main] INFO  c.c.app.process.impl.Search2Impl.searchAll  379 -  SEARCHING 287300 TOGGLE 3 ITEM FOUND 2863
16:43:23.545 [main] INFO  c.c.app.process.impl.Search2Impl.fillDetail  266 - ** 2864 ** 287700 , 1 , 2864
16:43:23.545 [main] INFO  c.c.app.process.impl.Search2Impl.fillDetail  266 - ** 2865 ** 287700 , 1 , 2865
16:43:23.545 [main] INFO  c.c.app.process.impl.Search2Impl.fillDetail  266 - ** 2866 ** 287700 , 1 , 2866
16:43:23.545 [main] INFO  c.c.app.process.impl.Search2Impl.fillDetail  266 - ** 2867 ** 287700 , 1 , 2867
16:43:23.545 [main] INFO  c.c.app.process.impl.Search2Impl.searchAll  379 -  SEARCHING 287700 TOGGLE 4 ITEM FOUND 2866
16:43:23.545 [main] INFO  c.c.app.process.impl.Search2Impl.fillDetail  266 - ** 2868 ** 288200 , 1 , 2868
16:43:23.545 [main] INFO  c.c.app.process.impl.Search2Impl.fillDetail  266 - ** 2869 ** 288200 , 1 , 2869
16:43:23.545 [main] INFO  c.c.app.process.impl.Search2Impl.fillDetail  266 - ** 2870 ** 288200 , 1 , 2870
16:43:23.545 [main] INFO  c.c.app.process.impl.Search2Impl.fillDetail  266 - ** 2871 ** 288200 , 1 , 2871
16:43:23.545 [main] INFO  c.c.app.process.impl.Search2Impl.fillDetail  266 - ** 2872 ** 288200 , 1 , 2872
16:43:23.546 [main] INFO  c.c.app.process.impl.Search2Impl.searchAll  379 -  SEARCHING 288200 TOGGLE 5 ITEM FOUND 2869
16:43:23.546 [main] INFO  c.c.app.process.impl.Search2Impl.fillDetail  266 - ** 2873 ** 288800 , 1 , 2873
16:43:23.546 [main] INFO  c.c.app.process.impl.Search2Impl.fillDetail  266 - ** 2874 ** 288800 , 1 , 2874
16:43:23.546 [main] INFO  c.c.app.process.impl.Search2Impl.fillDetail  266 - ** 2875 ** 288800 , 1 , 2875
16:43:23.546 [main] INFO  c.c.app.process.impl.Search2Impl.fillDetail  266 - ** 2876 ** 288800 , 1 , 2876
16:43:23.546 [main] INFO  c.c.app.process.impl.Search2Impl.fillDetail  266 - ** 2877 ** 288800 , 1 , 2877
16:43:23.546 [main] INFO  c.c.app.process.impl.Search2Impl.fillDetail  266 - ** 2878 ** 288800 , 1 , 2878
16:43:23.546 [main] INFO  c.c.app.process.impl.Search2Impl.searchAll  379 -  SEARCHING 288800 TOGGLE 6 ITEM FOUND 2875
16:43:23.546 [main] INFO  c.c.app.process.impl.Search2Impl.fillDetail  266 - ** 2879 ** 289000 , 1 , 2879
16:43:23.546 [main] INFO  c.c.app.process.impl.Search2Impl.fillDetail  266 - ** 2880 ** 289000 , 1 , 2880
16:43:23.546 [main] INFO  c.c.app.process.impl.Search2Impl.searchAll  379 -  SEARCHING 289000 TOGGLE 2 ITEM FOUND 2879
16:43:23.546 [main] INFO  c.c.app.process.impl.Search2Impl.fillDetail  266 - ** 2881 ** 289300 , 1 , 2881
16:43:23.546 [main] INFO  c.c.app.process.impl.Search2Impl.fillDetail  266 - ** 2882 ** 289300 , 1 , 2882
16:43:23.546 [main] INFO  c.c.app.process.impl.Search2Impl.fillDetail  266 - ** 2883 ** 289300 , 1 , 2883
16:43:23.546 [main] INFO  c.c.app.process.impl.Search2Impl.searchAll  379 -  SEARCHING 289300 TOGGLE 3 ITEM FOUND 2881
16:43:23.546 [main] INFO  c.c.app.process.impl.Search2Impl.fillDetail  266 - ** 2884 ** 289700 , 1 , 2884
16:43:23.546 [main] INFO  c.c.app.process.impl.Search2Impl.fillDetail  266 - ** 2885 ** 289700 , 1 , 2885
16:43:23.546 [main] INFO  c.c.app.process.impl.Search2Impl.fillDetail  266 - ** 2886 ** 289700 , 1 , 2886
16:43:23.546 [main] INFO  c.c.app.process.impl.Search2Impl.fillDetail  266 - ** 2887 ** 289700 , 1 , 2887
16:43:23.546 [main] INFO  c.c.app.process.impl.Search2Impl.searchAll  379 -  SEARCHING 289700 TOGGLE 4 ITEM FOUND 2886
16:43:23.546 [main] INFO  c.c.app.process.impl.Search2Impl.fillDetail  266 - ** 2888 ** 290200 , 1 , 2888
16:43:23.547 [main] INFO  c.c.app.process.impl.Search2Impl.fillDetail  266 - ** 2889 ** 290200 , 1 , 2889
16:43:23.547 [main] INFO  c.c.app.process.impl.Search2Impl.fillDetail  266 - ** 2890 ** 290200 , 1 , 2890
16:43:23.547 [main] INFO  c.c.app.process.impl.Search2Impl.fillDetail  266 - ** 2891 ** 290200 , 1 , 2891
16:43:23.547 [main] INFO  c.c.app.process.impl.Search2Impl.fillDetail  266 - ** 2892 ** 290200 , 1 , 2892
16:43:23.547 [main] INFO  c.c.app.process.impl.Search2Impl.searchAll  379 -  SEARCHING 290200 TOGGLE 5 ITEM FOUND 2892
16:43:23.547 [main] INFO  c.c.app.process.impl.Search2Impl.fillDetail  266 - ** 2893 ** 290800 , 1 , 2893
16:43:23.547 [main] INFO  c.c.app.process.impl.Search2Impl.fillDetail  266 - ** 2894 ** 290800 , 1 , 2894
16:43:23.547 [main] INFO  c.c.app.process.impl.Search2Impl.fillDetail  266 - ** 2895 ** 290800 , 1 , 2895
16:43:23.547 [main] INFO  c.c.app.process.impl.Search2Impl.fillDetail  266 - ** 2896 ** 290800 , 1 , 2896
16:43:23.547 [main] INFO  c.c.app.process.impl.Search2Impl.fillDetail  266 - ** 2897 ** 290800 , 1 , 2897
16:43:23.547 [main] INFO  c.c.app.process.impl.Search2Impl.fillDetail  266 - ** 2898 ** 290800 , 1 , 2898
16:43:23.547 [main] INFO  c.c.app.process.impl.Search2Impl.searchAll  379 -  SEARCHING 290800 TOGGLE 6 ITEM FOUND 2898
16:43:23.547 [main] INFO  c.c.app.process.impl.Search2Impl.fillDetail  266 - ** 2899 ** 291000 , 1 , 2899
16:43:23.547 [main] INFO  c.c.app.process.impl.Search2Impl.fillDetail  266 - ** 2900 ** 291000 , 1 , 2900
16:43:23.547 [main] INFO  c.c.app.process.impl.Search2Impl.searchAll  379 -  SEARCHING 291000 TOGGLE 2 ITEM FOUND 2899
16:43:23.547 [main] INFO  c.c.app.process.impl.Search2Impl.fillDetail  266 - ** 2901 ** 291300 , 1 , 2901
16:43:23.547 [main] INFO  c.c.app.process.impl.Search2Impl.fillDetail  266 - ** 2902 ** 291300 , 1 , 2902
16:43:23.547 [main] INFO  c.c.app.process.impl.Search2Impl.fillDetail  266 - ** 2903 ** 291300 , 1 , 2903
16:43:23.547 [main] INFO  c.c.app.process.impl.Search2Impl.searchAll  379 -  SEARCHING 291300 TOGGLE 3 ITEM FOUND 2901
16:43:23.547 [main] INFO  c.c.app.process.impl.Search2Impl.fillDetail  266 - ** 2904 ** 291700 , 1 , 2904
16:43:23.548 [main] INFO  c.c.app.process.impl.Search2Impl.fillDetail  266 - ** 2905 ** 291700 , 1 , 2905
16:43:23.548 [main] INFO  c.c.app.process.impl.Search2Impl.fillDetail  266 - ** 2906 ** 291700 , 1 , 2906
16:43:23.548 [main] INFO  c.c.app.process.impl.Search2Impl.fillDetail  266 - ** 2907 ** 291700 , 1 , 2907
16:43:23.548 [main] INFO  c.c.app.process.impl.Search2Impl.searchAll  379 -  SEARCHING 291700 TOGGLE 4 ITEM FOUND 2904
16:43:23.548 [main] INFO  c.c.app.process.impl.Search2Impl.fillDetail  266 - ** 2908 ** 292200 , 1 , 2908
16:43:23.548 [main] INFO  c.c.app.process.impl.Search2Impl.fillDetail  266 - ** 2909 ** 292200 , 1 , 2909
16:43:23.548 [main] INFO  c.c.app.process.impl.Search2Impl.fillDetail  266 - ** 2910 ** 292200 , 1 , 2910
16:43:23.548 [main] INFO  c.c.app.process.impl.Search2Impl.fillDetail  266 - ** 2911 ** 292200 , 1 , 2911
16:43:23.548 [main] INFO  c.c.app.process.impl.Search2Impl.fillDetail  266 - ** 2912 ** 292200 , 1 , 2912
16:43:23.548 [main] INFO  c.c.app.process.impl.Search2Impl.searchAll  379 -  SEARCHING 292200 TOGGLE 5 ITEM FOUND 2909
16:43:23.548 [main] INFO  c.c.app.process.impl.Search2Impl.fillDetail  266 - ** 2913 ** 292800 , 1 , 2913
16:43:23.548 [main] INFO  c.c.app.process.impl.Search2Impl.fillDetail  266 - ** 2914 ** 292800 , 1 , 2914
16:43:23.548 [main] INFO  c.c.app.process.impl.Search2Impl.fillDetail  266 - ** 2915 ** 292800 , 1 , 2915
16:43:23.548 [main] INFO  c.c.app.process.impl.Search2Impl.fillDetail  266 - ** 2916 ** 292800 , 1 , 2916
16:43:23.548 [main] INFO  c.c.app.process.impl.Search2Impl.fillDetail  266 - ** 2917 ** 292800 , 1 , 2917
16:43:23.548 [main] INFO  c.c.app.process.impl.Search2Impl.fillDetail  266 - ** 2918 ** 292800 , 1 , 2918
16:43:23.549 [main] INFO  c.c.app.process.impl.Search2Impl.searchAll  379 -  SEARCHING 292800 TOGGLE 6 ITEM FOUND 2915
16:43:23.549 [main] INFO  c.c.app.process.impl.Search2Impl.fillDetail  266 - ** 2919 ** 293000 , 1 , 2919
16:43:23.549 [main] INFO  c.c.app.process.impl.Search2Impl.fillDetail  266 - ** 2920 ** 293000 , 1 , 2920
16:43:23.549 [main] INFO  c.c.app.process.impl.Search2Impl.searchAll  379 -  SEARCHING 293000 TOGGLE 2 ITEM FOUND 2919
16:43:23.549 [main] INFO  c.c.app.process.impl.Search2Impl.fillDetail  266 - ** 2921 ** 293300 , 1 , 2921
16:43:23.549 [main] INFO  c.c.app.process.impl.Search2Impl.fillDetail  266 - ** 2922 ** 293300 , 1 , 2922
16:43:23.549 [main] INFO  c.c.app.process.impl.Search2Impl.fillDetail  266 - ** 2923 ** 293300 , 1 , 2923
16:43:23.549 [main] INFO  c.c.app.process.impl.Search2Impl.searchAll  379 -  SEARCHING 293300 TOGGLE 3 ITEM FOUND 2921
16:43:23.549 [main] INFO  c.c.app.process.impl.Search2Impl.fillDetail  266 - ** 2924 ** 293700 , 1 , 2924
16:43:23.549 [main] INFO  c.c.app.process.impl.Search2Impl.fillDetail  266 - ** 2925 ** 293700 , 1 , 2925
16:43:23.549 [main] INFO  c.c.app.process.impl.Search2Impl.fillDetail  266 - ** 2926 ** 293700 , 1 , 2926
16:43:23.549 [main] INFO  c.c.app.process.impl.Search2Impl.fillDetail  266 - ** 2927 ** 293700 , 1 , 2927
16:43:23.549 [main] INFO  c.c.app.process.impl.Search2Impl.searchAll  379 -  SEARCHING 293700 TOGGLE 4 ITEM FOUND 2927
16:43:23.549 [main] INFO  c.c.app.process.impl.Search2Impl.fillDetail  266 - ** 2928 ** 294200 , 1 , 2928
16:43:23.549 [main] INFO  c.c.app.process.impl.Search2Impl.fillDetail  266 - ** 2929 ** 294200 , 1 , 2929
16:43:23.549 [main] INFO  c.c.app.process.impl.Search2Impl.fillDetail  266 - ** 2930 ** 294200 , 1 , 2930
16:43:23.550 [main] INFO  c.c.app.process.impl.Search2Impl.fillDetail  266 - ** 2931 ** 294200 , 1 , 2931
16:43:23.550 [main] INFO  c.c.app.process.impl.Search2Impl.fillDetail  266 - ** 2932 ** 294200 , 1 , 2932
16:43:23.550 [main] INFO  c.c.app.process.impl.Search2Impl.searchAll  379 -  SEARCHING 294200 TOGGLE 5 ITEM FOUND 2930
16:43:23.550 [main] INFO  c.c.app.process.impl.Search2Impl.fillDetail  266 - ** 2933 ** 294800 , 1 , 2933
16:43:23.550 [main] INFO  c.c.app.process.impl.Search2Impl.fillDetail  266 - ** 2934 ** 294800 , 1 , 2934
16:43:23.550 [main] INFO  c.c.app.process.impl.Search2Impl.fillDetail  266 - ** 2935 ** 294800 , 1 , 2935
16:43:23.550 [main] INFO  c.c.app.process.impl.Search2Impl.fillDetail  266 - ** 2936 ** 294800 , 1 , 2936
16:43:23.550 [main] INFO  c.c.app.process.impl.Search2Impl.fillDetail  266 - ** 2937 ** 294800 , 1 , 2937
16:43:23.550 [main] INFO  c.c.app.process.impl.Search2Impl.fillDetail  266 - ** 2938 ** 294800 , 1 , 2938
16:43:23.550 [main] INFO  c.c.app.process.impl.Search2Impl.searchAll  379 -  SEARCHING 294800 TOGGLE 6 ITEM FOUND 2933
16:43:23.550 [main] INFO  c.c.app.process.impl.Search2Impl.fillDetail  266 - ** 2939 ** 295000 , 1 , 2939
16:43:23.550 [main] INFO  c.c.app.process.impl.Search2Impl.fillDetail  266 - ** 2940 ** 295000 , 1 , 2940
16:43:23.550 [main] INFO  c.c.app.process.impl.Search2Impl.searchAll  379 -  SEARCHING 295000 TOGGLE 2 ITEM FOUND 2939
16:43:23.550 [main] INFO  c.c.app.process.impl.Search2Impl.fillDetail  266 - ** 2941 ** 295300 , 1 , 2941
16:43:23.550 [main] INFO  c.c.app.process.impl.Search2Impl.fillDetail  266 - ** 2942 ** 295300 , 1 , 2942
16:43:23.550 [main] INFO  c.c.app.process.impl.Search2Impl.fillDetail  266 - ** 2943 ** 295300 , 1 , 2943
16:43:23.550 [main] INFO  c.c.app.process.impl.Search2Impl.searchAll  379 -  SEARCHING 295300 TOGGLE 3 ITEM FOUND 2942
16:43:23.550 [main] INFO  c.c.app.process.impl.Search2Impl.fillDetail  266 - ** 2944 ** 295700 , 1 , 2944
16:43:23.550 [main] INFO  c.c.app.process.impl.Search2Impl.fillDetail  266 - ** 2945 ** 295700 , 1 , 2945
16:43:23.550 [main] INFO  c.c.app.process.impl.Search2Impl.fillDetail  266 - ** 2946 ** 295700 , 1 , 2946
16:43:23.551 [main] INFO  c.c.app.process.impl.Search2Impl.fillDetail  266 - ** 2947 ** 295700 , 1 , 2947
16:43:23.551 [main] INFO  c.c.app.process.impl.Search2Impl.searchAll  379 -  SEARCHING 295700 TOGGLE 4 ITEM FOUND 2945
16:43:23.551 [main] INFO  c.c.app.process.impl.Search2Impl.fillDetail  266 - ** 2948 ** 296200 , 1 , 2948
16:43:23.551 [main] INFO  c.c.app.process.impl.Search2Impl.fillDetail  266 - ** 2949 ** 296200 , 1 , 2949
16:43:23.551 [main] INFO  c.c.app.process.impl.Search2Impl.fillDetail  266 - ** 2950 ** 296200 , 1 , 2950
16:43:23.551 [main] INFO  c.c.app.process.impl.Search2Impl.fillDetail  266 - ** 2951 ** 296200 , 1 , 2951
16:43:23.551 [main] INFO  c.c.app.process.impl.Search2Impl.fillDetail  266 - ** 2952 ** 296200 , 1 , 2952
16:43:23.551 [main] INFO  c.c.app.process.impl.Search2Impl.searchAll  379 -  SEARCHING 296200 TOGGLE 5 ITEM FOUND 2951
16:43:23.551 [main] INFO  c.c.app.process.impl.Search2Impl.fillDetail  266 - ** 2953 ** 296800 , 1 , 2953
16:43:23.551 [main] INFO  c.c.app.process.impl.Search2Impl.fillDetail  266 - ** 2954 ** 296800 , 1 , 2954
16:43:23.551 [main] INFO  c.c.app.process.impl.Search2Impl.fillDetail  266 - ** 2955 ** 296800 , 1 , 2955
16:43:23.551 [main] INFO  c.c.app.process.impl.Search2Impl.fillDetail  266 - ** 2956 ** 296800 , 1 , 2956
16:43:23.551 [main] INFO  c.c.app.process.impl.Search2Impl.fillDetail  266 - ** 2957 ** 296800 , 1 , 2957
16:43:23.551 [main] INFO  c.c.app.process.impl.Search2Impl.fillDetail  266 - ** 2958 ** 296800 , 1 , 2958
16:43:23.551 [main] INFO  c.c.app.process.impl.Search2Impl.searchAll  379 -  SEARCHING 296800 TOGGLE 6 ITEM FOUND 2956
16:43:23.551 [main] INFO  c.c.app.process.impl.Search2Impl.fillDetail  266 - ** 2959 ** 297000 , 1 , 2959
16:43:23.551 [main] INFO  c.c.app.process.impl.Search2Impl.fillDetail  266 - ** 2960 ** 297000 , 1 , 2960
16:43:23.551 [main] INFO  c.c.app.process.impl.Search2Impl.searchAll  379 -  SEARCHING 297000 TOGGLE 2 ITEM FOUND 2959
16:43:23.551 [main] INFO  c.c.app.process.impl.Search2Impl.fillDetail  266 - ** 2961 ** 297300 , 1 , 2961
16:43:23.552 [main] INFO  c.c.app.process.impl.Search2Impl.fillDetail  266 - ** 2962 ** 297300 , 1 , 2962
16:43:23.552 [main] INFO  c.c.app.process.impl.Search2Impl.fillDetail  266 - ** 2963 ** 297300 , 1 , 2963
16:43:23.552 [main] INFO  c.c.app.process.impl.Search2Impl.searchAll  379 -  SEARCHING 297300 TOGGLE 3 ITEM FOUND 2962
16:43:23.552 [main] INFO  c.c.app.process.impl.Search2Impl.fillDetail  266 - ** 2964 ** 297700 , 1 , 2964
16:43:23.552 [main] INFO  c.c.app.process.impl.Search2Impl.fillDetail  266 - ** 2965 ** 297700 , 1 , 2965
16:43:23.552 [main] INFO  c.c.app.process.impl.Search2Impl.fillDetail  266 - ** 2966 ** 297700 , 1 , 2966
16:43:23.552 [main] INFO  c.c.app.process.impl.Search2Impl.fillDetail  266 - ** 2967 ** 297700 , 1 , 2967
16:43:23.552 [main] INFO  c.c.app.process.impl.Search2Impl.searchAll  379 -  SEARCHING 297700 TOGGLE 4 ITEM FOUND 2965
16:43:23.552 [main] INFO  c.c.app.process.impl.Search2Impl.fillDetail  266 - ** 2968 ** 298200 , 1 , 2968
16:43:23.552 [main] INFO  c.c.app.process.impl.Search2Impl.fillDetail  266 - ** 2969 ** 298200 , 1 , 2969
16:43:23.552 [main] INFO  c.c.app.process.impl.Search2Impl.fillDetail  266 - ** 2970 ** 298200 , 1 , 2970
16:43:23.552 [main] INFO  c.c.app.process.impl.Search2Impl.fillDetail  266 - ** 2971 ** 298200 , 1 , 2971
16:43:23.552 [main] INFO  c.c.app.process.impl.Search2Impl.fillDetail  266 - ** 2972 ** 298200 , 1 , 2972
16:43:23.552 [main] INFO  c.c.app.process.impl.Search2Impl.searchAll  379 -  SEARCHING 298200 TOGGLE 5 ITEM FOUND 2968
16:43:23.552 [main] INFO  c.c.app.process.impl.Search2Impl.fillDetail  266 - ** 2973 ** 298800 , 1 , 2973
16:43:23.552 [main] INFO  c.c.app.process.impl.Search2Impl.fillDetail  266 - ** 2974 ** 298800 , 1 , 2974
16:43:23.552 [main] INFO  c.c.app.process.impl.Search2Impl.fillDetail  266 - ** 2975 ** 298800 , 1 , 2975
16:43:23.552 [main] INFO  c.c.app.process.impl.Search2Impl.fillDetail  266 - ** 2976 ** 298800 , 1 , 2976
16:43:23.552 [main] INFO  c.c.app.process.impl.Search2Impl.fillDetail  266 - ** 2977 ** 298800 , 1 , 2977
16:43:23.553 [main] INFO  c.c.app.process.impl.Search2Impl.fillDetail  266 - ** 2978 ** 298800 , 1 , 2978
16:43:23.553 [main] INFO  c.c.app.process.impl.Search2Impl.searchAll  379 -  SEARCHING 298800 TOGGLE 6 ITEM FOUND 2974
16:43:23.553 [main] INFO  c.c.app.process.impl.Search2Impl.fillDetail  266 - ** 2979 ** 299000 , 1 , 2979
16:43:23.553 [main] INFO  c.c.app.process.impl.Search2Impl.fillDetail  266 - ** 2980 ** 299000 , 1 , 2980
16:43:23.553 [main] INFO  c.c.app.process.impl.Search2Impl.searchAll  379 -  SEARCHING 299000 TOGGLE 2 ITEM FOUND 2979
16:43:23.553 [main] INFO  c.c.app.process.impl.Search2Impl.fillDetail  266 - ** 2981 ** 299300 , 1 , 2981
16:43:23.553 [main] INFO  c.c.app.process.impl.Search2Impl.fillDetail  266 - ** 2982 ** 299300 , 1 , 2982
16:43:23.553 [main] INFO  c.c.app.process.impl.Search2Impl.fillDetail  266 - ** 2983 ** 299300 , 1 , 2983
16:43:23.553 [main] INFO  c.c.app.process.impl.Search2Impl.searchAll  379 -  SEARCHING 299300 TOGGLE 3 ITEM FOUND 2982
16:43:23.553 [main] INFO  c.c.app.process.impl.Search2Impl.fillDetail  266 - ** 2984 ** 299700 , 1 , 2984
16:43:23.553 [main] INFO  c.c.app.process.impl.Search2Impl.fillDetail  266 - ** 2985 ** 299700 , 1 , 2985
16:43:23.553 [main] INFO  c.c.app.process.impl.Search2Impl.fillDetail  266 - ** 2986 ** 299700 , 1 , 2986
16:43:23.553 [main] INFO  c.c.app.process.impl.Search2Impl.fillDetail  266 - ** 2987 ** 299700 , 1 , 2987
16:43:23.553 [main] INFO  c.c.app.process.impl.Search2Impl.searchAll  379 -  SEARCHING 299700 TOGGLE 4 ITEM FOUND 2985
16:43:23.553 [main] INFO  c.c.app.process.impl.Search2Impl.fillDetail  266 - ** 2988 ** 300200 , 1 , 2988
16:43:23.553 [main] INFO  c.c.app.process.impl.Search2Impl.fillDetail  266 - ** 2989 ** 300200 , 1 , 2989
16:43:23.553 [main] INFO  c.c.app.process.impl.Search2Impl.fillDetail  266 - ** 2990 ** 300200 , 1 , 2990
16:43:23.553 [main] INFO  c.c.app.process.impl.Search2Impl.fillDetail  266 - ** 2991 ** 300200 , 1 , 2991
16:43:23.553 [main] INFO  c.c.app.process.impl.Search2Impl.fillDetail  266 - ** 2992 ** 300200 , 1 , 2992
16:43:23.554 [main] INFO  c.c.app.process.impl.Search2Impl.searchAll  379 -  SEARCHING 300200 TOGGLE 5 ITEM FOUND 2991
16:43:23.554 [main] INFO  c.c.app.process.impl.Search2Impl.fillDetail  266 - ** 2993 ** 300800 , 1 , 2993
16:43:23.554 [main] INFO  c.c.app.process.impl.Search2Impl.fillDetail  266 - ** 2994 ** 300800 , 1 , 2994
16:43:23.554 [main] INFO  c.c.app.process.impl.Search2Impl.fillDetail  266 - ** 2995 ** 300800 , 1 , 2995
16:43:23.554 [main] INFO  c.c.app.process.impl.Search2Impl.fillDetail  266 - ** 2996 ** 300800 , 1 , 2996
16:43:23.554 [main] INFO  c.c.app.process.impl.Search2Impl.fillDetail  266 - ** 2997 ** 300800 , 1 , 2997
16:43:23.554 [main] INFO  c.c.app.process.impl.Search2Impl.fillDetail  266 - ** 2998 ** 300800 , 1 , 2998
16:43:23.554 [main] INFO  c.c.app.process.impl.Search2Impl.searchAll  379 -  SEARCHING 300800 TOGGLE 6 ITEM FOUND 2997
16:43:23.554 [main] INFO  c.c.app.process.impl.Search2Impl.fillDetail  266 - ** 2999 ** 301000 , 1 , 2999
16:43:23.554 [main] INFO  c.c.app.process.impl.Search2Impl.fillDetail  266 - ** 3000 ** 301000 , 1 , 3000
16:43:23.554 [main] INFO  c.c.app.process.impl.Search2Impl.searchAll  379 -  SEARCHING 301000 TOGGLE 2 ITEM FOUND 2999
16:43:23.554 [main] INFO  c.c.app.process.impl.Search2Impl.fillDetail  266 - ** 3001 ** 301300 , 1 , 3001
16:43:23.554 [main] INFO  c.c.app.process.impl.Search2Impl.fillDetail  266 - ** 3002 ** 301300 , 1 , 3002
16:43:23.554 [main] INFO  c.c.app.process.impl.Search2Impl.fillDetail  266 - ** 3003 ** 301300 , 1 , 3003
16:43:23.554 [main] INFO  c.c.app.process.impl.Search2Impl.searchAll  379 -  SEARCHING 301300 TOGGLE 3 ITEM FOUND 3002
16:43:23.554 [main] INFO  c.c.app.process.impl.Search2Impl.fillDetail  266 - ** 3004 ** 301700 , 1 , 3004
16:43:23.554 [main] INFO  c.c.app.process.impl.Search2Impl.fillDetail  266 - ** 3005 ** 301700 , 1 , 3005
16:43:23.554 [main] INFO  c.c.app.process.impl.Search2Impl.fillDetail  266 - ** 3006 ** 301700 , 1 , 3006
16:43:23.554 [main] INFO  c.c.app.process.impl.Search2Impl.fillDetail  266 - ** 3007 ** 301700 , 1 , 3007
16:43:23.554 [main] INFO  c.c.app.process.impl.Search2Impl.searchAll  379 -  SEARCHING 301700 TOGGLE 4 ITEM FOUND 3005
16:43:23.554 [main] INFO  c.c.app.process.impl.Search2Impl.fillDetail  266 - ** 3008 ** 302200 , 1 , 3008
16:43:23.555 [main] INFO  c.c.app.process.impl.Search2Impl.fillDetail  266 - ** 3009 ** 302200 , 1 , 3009
16:43:23.555 [main] INFO  c.c.app.process.impl.Search2Impl.fillDetail  266 - ** 3010 ** 302200 , 1 , 3010
16:43:23.555 [main] INFO  c.c.app.process.impl.Search2Impl.fillDetail  266 - ** 3011 ** 302200 , 1 , 3011
16:43:23.555 [main] INFO  c.c.app.process.impl.Search2Impl.fillDetail  266 - ** 3012 ** 302200 , 1 , 3012
16:43:23.555 [main] INFO  c.c.app.process.impl.Search2Impl.searchAll  379 -  SEARCHING 302200 TOGGLE 5 ITEM FOUND 3008
16:43:23.555 [main] INFO  c.c.app.process.impl.Search2Impl.fillDetail  266 - ** 3013 ** 302800 , 1 , 3013
16:43:23.555 [main] INFO  c.c.app.process.impl.Search2Impl.fillDetail  266 - ** 3014 ** 302800 , 1 , 3014
16:43:23.555 [main] INFO  c.c.app.process.impl.Search2Impl.fillDetail  266 - ** 3015 ** 302800 , 1 , 3015
16:43:23.555 [main] INFO  c.c.app.process.impl.Search2Impl.fillDetail  266 - ** 3016 ** 302800 , 1 , 3016
16:43:23.555 [main] INFO  c.c.app.process.impl.Search2Impl.fillDetail  266 - ** 3017 ** 302800 , 1 , 3017
16:43:23.555 [main] INFO  c.c.app.process.impl.Search2Impl.fillDetail  266 - ** 3018 ** 302800 , 1 , 3018
16:43:23.555 [main] INFO  c.c.app.process.impl.Search2Impl.searchAll  379 -  SEARCHING 302800 TOGGLE 6 ITEM FOUND 3014
16:43:23.555 [main] INFO  c.c.app.process.impl.Search2Impl.fillDetail  266 - ** 3019 ** 303000 , 1 , 3019
16:43:23.555 [main] INFO  c.c.app.process.impl.Search2Impl.fillDetail  266 - ** 3020 ** 303000 , 1 , 3020
16:43:23.555 [main] INFO  c.c.app.process.impl.Search2Impl.searchAll  379 -  SEARCHING 303000 TOGGLE 2 ITEM FOUND 3020
16:43:23.555 [main] INFO  c.c.app.process.impl.Search2Impl.fillDetail  266 - ** 3021 ** 303300 , 1 , 3021
16:43:23.555 [main] INFO  c.c.app.process.impl.Search2Impl.fillDetail  266 - ** 3022 ** 303300 , 1 , 3022
16:43:23.555 [main] INFO  c.c.app.process.impl.Search2Impl.fillDetail  266 - ** 3023 ** 303300 , 1 , 3023
16:43:23.555 [main] INFO  c.c.app.process.impl.Search2Impl.searchAll  379 -  SEARCHING 303300 TOGGLE 3 ITEM FOUND 3022
16:43:23.556 [main] INFO  c.c.app.process.impl.Search2Impl.fillDetail  266 - ** 3024 ** 303700 , 1 , 3024
16:43:23.556 [main] INFO  c.c.app.process.impl.Search2Impl.fillDetail  266 - ** 3025 ** 303700 , 1 , 3025
16:43:23.556 [main] INFO  c.c.app.process.impl.Search2Impl.fillDetail  266 - ** 3026 ** 303700 , 1 , 3026
16:43:23.556 [main] INFO  c.c.app.process.impl.Search2Impl.fillDetail  266 - ** 3027 ** 303700 , 1 , 3027
16:43:23.556 [main] INFO  c.c.app.process.impl.Search2Impl.searchAll  379 -  SEARCHING 303700 TOGGLE 4 ITEM FOUND 3025
16:43:23.556 [main] INFO  c.c.app.process.impl.Search2Impl.fillDetail  266 - ** 3028 ** 304200 , 1 , 3028
16:43:23.556 [main] INFO  c.c.app.process.impl.Search2Impl.fillDetail  266 - ** 3029 ** 304200 , 1 , 3029
16:43:23.556 [main] INFO  c.c.app.process.impl.Search2Impl.fillDetail  266 - ** 3030 ** 304200 , 1 , 3030
16:43:23.556 [main] INFO  c.c.app.process.impl.Search2Impl.fillDetail  266 - ** 3031 ** 304200 , 1 , 3031
16:43:23.556 [main] INFO  c.c.app.process.impl.Search2Impl.fillDetail  266 - ** 3032 ** 304200 , 1 , 3032
16:43:23.556 [main] INFO  c.c.app.process.impl.Search2Impl.searchAll  379 -  SEARCHING 304200 TOGGLE 5 ITEM FOUND 3031
16:43:23.556 [main] INFO  c.c.app.process.impl.Search2Impl.fillDetail  266 - ** 3033 ** 304800 , 1 , 3033
16:43:23.556 [main] INFO  c.c.app.process.impl.Search2Impl.fillDetail  266 - ** 3034 ** 304800 , 1 , 3034
16:43:23.556 [main] INFO  c.c.app.process.impl.Search2Impl.fillDetail  266 - ** 3035 ** 304800 , 1 , 3035
16:43:23.556 [main] INFO  c.c.app.process.impl.Search2Impl.fillDetail  266 - ** 3036 ** 304800 , 1 , 3036
16:43:23.556 [main] INFO  c.c.app.process.impl.Search2Impl.fillDetail  266 - ** 3037 ** 304800 , 1 , 3037
16:43:23.556 [main] INFO  c.c.app.process.impl.Search2Impl.fillDetail  266 - ** 3038 ** 304800 , 1 , 3038
16:43:23.556 [main] INFO  c.c.app.process.impl.Search2Impl.searchAll  379 -  SEARCHING 304800 TOGGLE 6 ITEM FOUND 3037
16:43:23.556 [main] INFO  c.c.app.process.impl.Search2Impl.fillDetail  266 - ** 3039 ** 305000 , 1 , 3039
16:43:23.556 [main] INFO  c.c.app.process.impl.Search2Impl.fillDetail  266 - ** 3040 ** 305000 , 1 , 3040
16:43:23.557 [main] INFO  c.c.app.process.impl.Search2Impl.searchAll  379 -  SEARCHING 305000 TOGGLE 2 ITEM FOUND 3040
16:43:23.557 [main] INFO  c.c.app.process.impl.Search2Impl.fillDetail  266 - ** 3041 ** 305300 , 1 , 3041
16:43:23.557 [main] INFO  c.c.app.process.impl.Search2Impl.fillDetail  266 - ** 3042 ** 305300 , 1 , 3042
16:43:23.557 [main] INFO  c.c.app.process.impl.Search2Impl.fillDetail  266 - ** 3043 ** 305300 , 1 , 3043
16:43:23.557 [main] INFO  c.c.app.process.impl.Search2Impl.searchAll  379 -  SEARCHING 305300 TOGGLE 3 ITEM FOUND 3043
16:43:23.557 [main] INFO  c.c.app.process.impl.Search2Impl.fillDetail  266 - ** 3044 ** 305700 , 1 , 3044
16:43:23.557 [main] INFO  c.c.app.process.impl.Search2Impl.fillDetail  266 - ** 3045 ** 305700 , 1 , 3045
16:43:23.557 [main] INFO  c.c.app.process.impl.Search2Impl.fillDetail  266 - ** 3046 ** 305700 , 1 , 3046
16:43:23.557 [main] INFO  c.c.app.process.impl.Search2Impl.fillDetail  266 - ** 3047 ** 305700 , 1 , 3047
16:43:23.557 [main] INFO  c.c.app.process.impl.Search2Impl.searchAll  379 -  SEARCHING 305700 TOGGLE 4 ITEM FOUND 3045
16:43:23.557 [main] INFO  c.c.app.process.impl.Search2Impl.fillDetail  266 - ** 3048 ** 306200 , 1 , 3048
16:43:23.557 [main] INFO  c.c.app.process.impl.Search2Impl.fillDetail  266 - ** 3049 ** 306200 , 1 , 3049
16:43:23.557 [main] INFO  c.c.app.process.impl.Search2Impl.fillDetail  266 - ** 3050 ** 306200 , 1 , 3050
16:43:23.557 [main] INFO  c.c.app.process.impl.Search2Impl.fillDetail  266 - ** 3051 ** 306200 , 1 , 3051
16:43:23.557 [main] INFO  c.c.app.process.impl.Search2Impl.fillDetail  266 - ** 3052 ** 306200 , 1 , 3052
16:43:23.557 [main] INFO  c.c.app.process.impl.Search2Impl.searchAll  379 -  SEARCHING 306200 TOGGLE 5 ITEM FOUND 3048
16:43:23.557 [main] INFO  c.c.app.process.impl.Search2Impl.fillDetail  266 - ** 3053 ** 306800 , 1 , 3053
16:43:23.557 [main] INFO  c.c.app.process.impl.Search2Impl.fillDetail  266 - ** 3054 ** 306800 , 1 , 3054
16:43:23.557 [main] INFO  c.c.app.process.impl.Search2Impl.fillDetail  266 - ** 3055 ** 306800 , 1 , 3055
16:43:23.557 [main] INFO  c.c.app.process.impl.Search2Impl.fillDetail  266 - ** 3056 ** 306800 , 1 , 3056
16:43:23.558 [main] INFO  c.c.app.process.impl.Search2Impl.fillDetail  266 - ** 3057 ** 306800 , 1 , 3057
16:43:23.558 [main] INFO  c.c.app.process.impl.Search2Impl.fillDetail  266 - ** 3058 ** 306800 , 1 , 3058
16:43:23.558 [main] INFO  c.c.app.process.impl.Search2Impl.searchAll  379 -  SEARCHING 306800 TOGGLE 6 ITEM FOUND 3054
16:43:23.558 [main] INFO  c.c.app.process.impl.Search2Impl.fillDetail  266 - ** 3059 ** 307000 , 1 , 3059
16:43:23.558 [main] INFO  c.c.app.process.impl.Search2Impl.fillDetail  266 - ** 3060 ** 307000 , 1 , 3060
16:43:23.558 [main] INFO  c.c.app.process.impl.Search2Impl.searchAll  379 -  SEARCHING 307000 TOGGLE 2 ITEM FOUND 3060
16:43:23.558 [main] INFO  c.c.app.process.impl.Search2Impl.fillDetail  266 - ** 3061 ** 307300 , 1 , 3061
16:43:23.558 [main] INFO  c.c.app.process.impl.Search2Impl.fillDetail  266 - ** 3062 ** 307300 , 1 , 3062
16:43:23.558 [main] INFO  c.c.app.process.impl.Search2Impl.fillDetail  266 - ** 3063 ** 307300 , 1 , 3063
16:43:23.558 [main] INFO  c.c.app.process.impl.Search2Impl.searchAll  379 -  SEARCHING 307300 TOGGLE 3 ITEM FOUND 3063
16:43:23.558 [main] INFO  c.c.app.process.impl.Search2Impl.fillDetail  266 - ** 3064 ** 307700 , 1 , 3064
16:43:23.558 [main] INFO  c.c.app.process.impl.Search2Impl.fillDetail  266 - ** 3065 ** 307700 , 1 , 3065
16:43:23.558 [main] INFO  c.c.app.process.impl.Search2Impl.fillDetail  266 - ** 3066 ** 307700 , 1 , 3066
16:43:23.558 [main] INFO  c.c.app.process.impl.Search2Impl.fillDetail  266 - ** 3067 ** 307700 , 1 , 3067
16:43:23.558 [main] INFO  c.c.app.process.impl.Search2Impl.searchAll  379 -  SEARCHING 307700 TOGGLE 4 ITEM FOUND 3066
16:43:23.558 [main] INFO  c.c.app.process.impl.Search2Impl.fillDetail  266 - ** 3068 ** 308200 , 1 , 3068
16:43:23.558 [main] INFO  c.c.app.process.impl.Search2Impl.fillDetail  266 - ** 3069 ** 308200 , 1 , 3069
16:43:23.558 [main] INFO  c.c.app.process.impl.Search2Impl.fillDetail  266 - ** 3070 ** 308200 , 1 , 3070
16:43:23.558 [main] INFO  c.c.app.process.impl.Search2Impl.fillDetail  266 - ** 3071 ** 308200 , 1 , 3071
16:43:23.558 [main] INFO  c.c.app.process.impl.Search2Impl.fillDetail  266 - ** 3072 ** 308200 , 1 , 3072
16:43:23.559 [main] INFO  c.c.app.process.impl.Search2Impl.searchAll  379 -  SEARCHING 308200 TOGGLE 5 ITEM FOUND 3071
16:43:23.559 [main] INFO  c.c.app.process.impl.Search2Impl.fillDetail  266 - ** 3073 ** 308800 , 1 , 3073
16:43:23.559 [main] INFO  c.c.app.process.impl.Search2Impl.fillDetail  266 - ** 3074 ** 308800 , 1 , 3074
16:43:23.559 [main] INFO  c.c.app.process.impl.Search2Impl.fillDetail  266 - ** 3075 ** 308800 , 1 , 3075
16:43:23.559 [main] INFO  c.c.app.process.impl.Search2Impl.fillDetail  266 - ** 3076 ** 308800 , 1 , 3076
16:43:23.559 [main] INFO  c.c.app.process.impl.Search2Impl.fillDetail  266 - ** 3077 ** 308800 , 1 , 3077
16:43:23.559 [main] INFO  c.c.app.process.impl.Search2Impl.fillDetail  266 - ** 3078 ** 308800 , 1 , 3078
16:43:23.559 [main] INFO  c.c.app.process.impl.Search2Impl.searchAll  379 -  SEARCHING 308800 TOGGLE 6 ITEM FOUND 3077
16:43:23.559 [main] INFO  c.c.app.process.impl.Search2Impl.fillDetail  266 - ** 3079 ** 309000 , 1 , 3079
16:43:23.559 [main] INFO  c.c.app.process.impl.Search2Impl.fillDetail  266 - ** 3080 ** 309000 , 1 , 3080
16:43:23.559 [main] INFO  c.c.app.process.impl.Search2Impl.searchAll  379 -  SEARCHING 309000 TOGGLE 2 ITEM FOUND 3080
16:43:23.559 [main] INFO  c.c.app.process.impl.Search2Impl.fillDetail  266 - ** 3081 ** 309300 , 1 , 3081
16:43:23.559 [main] INFO  c.c.app.process.impl.Search2Impl.fillDetail  266 - ** 3082 ** 309300 , 1 , 3082
16:43:23.559 [main] INFO  c.c.app.process.impl.Search2Impl.fillDetail  266 - ** 3083 ** 309300 , 1 , 3083
16:43:23.559 [main] INFO  c.c.app.process.impl.Search2Impl.searchAll  379 -  SEARCHING 309300 TOGGLE 3 ITEM FOUND 3083
16:43:23.559 [main] INFO  c.c.app.process.impl.Search2Impl.fillDetail  266 - ** 3084 ** 309700 , 1 , 3084
16:43:23.559 [main] INFO  c.c.app.process.impl.Search2Impl.fillDetail  266 - ** 3085 ** 309700 , 1 , 3085
16:43:23.559 [main] INFO  c.c.app.process.impl.Search2Impl.fillDetail  266 - ** 3086 ** 309700 , 1 , 3086
16:43:23.559 [main] INFO  c.c.app.process.impl.Search2Impl.fillDetail  266 - ** 3087 ** 309700 , 1 , 3087
16:43:23.559 [main] INFO  c.c.app.process.impl.Search2Impl.searchAll  379 -  SEARCHING 309700 TOGGLE 4 ITEM FOUND 3086
16:43:23.559 [main] INFO  c.c.app.process.impl.Search2Impl.fillDetail  266 - ** 3088 ** 310200 , 1 , 3088
16:43:23.560 [main] INFO  c.c.app.process.impl.Search2Impl.fillDetail  266 - ** 3089 ** 310200 , 1 , 3089
16:43:23.560 [main] INFO  c.c.app.process.impl.Search2Impl.fillDetail  266 - ** 3090 ** 310200 , 1 , 3090
16:43:23.560 [main] INFO  c.c.app.process.impl.Search2Impl.fillDetail  266 - ** 3091 ** 310200 , 1 , 3091
16:43:23.560 [main] INFO  c.c.app.process.impl.Search2Impl.fillDetail  266 - ** 3092 ** 310200 , 1 , 3092
16:43:23.560 [main] INFO  c.c.app.process.impl.Search2Impl.searchAll  379 -  SEARCHING 310200 TOGGLE 5 ITEM FOUND 3089
16:43:23.560 [main] INFO  c.c.app.process.impl.Search2Impl.fillDetail  266 - ** 3093 ** 310800 , 1 , 3093
16:43:23.560 [main] INFO  c.c.app.process.impl.Search2Impl.fillDetail  266 - ** 3094 ** 310800 , 1 , 3094
16:43:23.560 [main] INFO  c.c.app.process.impl.Search2Impl.fillDetail  266 - ** 3095 ** 310800 , 1 , 3095
16:43:23.560 [main] INFO  c.c.app.process.impl.Search2Impl.fillDetail  266 - ** 3096 ** 310800 , 1 , 3096
16:43:23.560 [main] INFO  c.c.app.process.impl.Search2Impl.fillDetail  266 - ** 3097 ** 310800 , 1 , 3097
16:43:23.560 [main] INFO  c.c.app.process.impl.Search2Impl.fillDetail  266 - ** 3098 ** 310800 , 1 , 3098
16:43:23.560 [main] INFO  c.c.app.process.impl.Search2Impl.searchAll  379 -  SEARCHING 310800 TOGGLE 6 ITEM FOUND 3094
16:43:23.560 [main] INFO  c.c.app.process.impl.Search2Impl.fillDetail  266 - ** 3099 ** 311000 , 1 , 3099
16:43:23.560 [main] INFO  c.c.app.process.impl.Search2Impl.fillDetail  266 - ** 3100 ** 311000 , 1 , 3100
16:43:23.560 [main] INFO  c.c.app.process.impl.Search2Impl.searchAll  379 -  SEARCHING 311000 TOGGLE 2 ITEM FOUND 3100
16:43:23.560 [main] INFO  c.c.app.process.impl.Search2Impl.fillDetail  266 - ** 3101 ** 311300 , 1 , 3101
16:43:23.560 [main] INFO  c.c.app.process.impl.Search2Impl.fillDetail  266 - ** 3102 ** 311300 , 1 , 3102
16:43:23.560 [main] INFO  c.c.app.process.impl.Search2Impl.fillDetail  266 - ** 3103 ** 311300 , 1 , 3103
16:43:23.560 [main] INFO  c.c.app.process.impl.Search2Impl.searchAll  379 -  SEARCHING 311300 TOGGLE 3 ITEM FOUND 3103
16:43:23.560 [main] INFO  c.c.app.process.impl.Search2Impl.fillDetail  266 - ** 3104 ** 311700 , 1 , 3104
16:43:23.561 [main] INFO  c.c.app.process.impl.Search2Impl.fillDetail  266 - ** 3105 ** 311700 , 1 , 3105
16:43:23.561 [main] INFO  c.c.app.process.impl.Search2Impl.fillDetail  266 - ** 3106 ** 311700 , 1 , 3106
16:43:23.561 [main] INFO  c.c.app.process.impl.Search2Impl.fillDetail  266 - ** 3107 ** 311700 , 1 , 3107
16:43:23.561 [main] INFO  c.c.app.process.impl.Search2Impl.searchAll  379 -  SEARCHING 311700 TOGGLE 4 ITEM FOUND 3106
16:43:23.561 [main] INFO  c.c.app.process.impl.Search2Impl.fillDetail  266 - ** 3108 ** 312200 , 1 , 3108
16:43:23.561 [main] INFO  c.c.app.process.impl.Search2Impl.fillDetail  266 - ** 3109 ** 312200 , 1 , 3109
16:43:23.561 [main] INFO  c.c.app.process.impl.Search2Impl.fillDetail  266 - ** 3110 ** 312200 , 1 , 3110
16:43:23.561 [main] INFO  c.c.app.process.impl.Search2Impl.fillDetail  266 - ** 3111 ** 312200 , 1 , 3111
16:43:23.561 [main] INFO  c.c.app.process.impl.Search2Impl.fillDetail  266 - ** 3112 ** 312200 , 1 , 3112
16:43:23.561 [main] INFO  c.c.app.process.impl.Search2Impl.searchAll  379 -  SEARCHING 312200 TOGGLE 5 ITEM FOUND 3112
16:43:23.561 [main] INFO  c.c.app.process.impl.Search2Impl.fillDetail  266 - ** 3113 ** 312800 , 1 , 3113
16:43:23.561 [main] INFO  c.c.app.process.impl.Search2Impl.fillDetail  266 - ** 3114 ** 312800 , 1 , 3114
16:43:23.561 [main] INFO  c.c.app.process.impl.Search2Impl.fillDetail  266 - ** 3115 ** 312800 , 1 , 3115
16:43:23.561 [main] INFO  c.c.app.process.impl.Search2Impl.fillDetail  266 - ** 3116 ** 312800 , 1 , 3116
16:43:23.561 [main] INFO  c.c.app.process.impl.Search2Impl.fillDetail  266 - ** 3117 ** 312800 , 1 , 3117
16:43:23.561 [main] INFO  c.c.app.process.impl.Search2Impl.fillDetail  266 - ** 3118 ** 312800 , 1 , 3118
16:43:23.561 [main] INFO  c.c.app.process.impl.Search2Impl.searchAll  379 -  SEARCHING 312800 TOGGLE 6 ITEM FOUND 3117
16:43:23.561 [main] INFO  c.c.app.process.impl.Search2Impl.fillDetail  266 - ** 3119 ** 313000 , 1 , 3119
16:43:23.561 [main] INFO  c.c.app.process.impl.Search2Impl.fillDetail  266 - ** 3120 ** 313000 , 1 , 3120
16:43:23.561 [main] INFO  c.c.app.process.impl.Search2Impl.searchAll  379 -  SEARCHING 313000 TOGGLE 2 ITEM FOUND 3120
16:43:23.561 [main] INFO  c.c.app.process.impl.Search2Impl.fillDetail  266 - ** 3121 ** 313300 , 1 , 3121
16:43:23.562 [main] INFO  c.c.app.process.impl.Search2Impl.fillDetail  266 - ** 3122 ** 313300 , 1 , 3122
16:43:23.562 [main] INFO  c.c.app.process.impl.Search2Impl.fillDetail  266 - ** 3123 ** 313300 , 1 , 3123
16:43:23.562 [main] INFO  c.c.app.process.impl.Search2Impl.searchAll  379 -  SEARCHING 313300 TOGGLE 3 ITEM FOUND 3123
16:43:23.562 [main] INFO  c.c.app.process.impl.Search2Impl.fillDetail  266 - ** 3124 ** 313700 , 1 , 3124
16:43:23.562 [main] INFO  c.c.app.process.impl.Search2Impl.fillDetail  266 - ** 3125 ** 313700 , 1 , 3125
16:43:23.562 [main] INFO  c.c.app.process.impl.Search2Impl.fillDetail  266 - ** 3126 ** 313700 , 1 , 3126
16:43:23.562 [main] INFO  c.c.app.process.impl.Search2Impl.fillDetail  266 - ** 3127 ** 313700 , 1 , 3127
16:43:23.562 [main] INFO  c.c.app.process.impl.Search2Impl.searchAll  379 -  SEARCHING 313700 TOGGLE 4 ITEM FOUND 3126
16:43:23.562 [main] INFO  c.c.app.process.impl.Search2Impl.fillDetail  266 - ** 3128 ** 314200 , 1 , 3128
16:43:23.562 [main] INFO  c.c.app.process.impl.Search2Impl.fillDetail  266 - ** 3129 ** 314200 , 1 , 3129
16:43:23.562 [main] INFO  c.c.app.process.impl.Search2Impl.fillDetail  266 - ** 3130 ** 314200 , 1 , 3130
16:43:23.562 [main] INFO  c.c.app.process.impl.Search2Impl.fillDetail  266 - ** 3131 ** 314200 , 1 , 3131
16:43:23.562 [main] INFO  c.c.app.process.impl.Search2Impl.fillDetail  266 - ** 3132 ** 314200 , 1 , 3132
16:43:23.562 [main] INFO  c.c.app.process.impl.Search2Impl.searchAll  379 -  SEARCHING 314200 TOGGLE 5 ITEM FOUND 3129
16:43:23.562 [main] INFO  c.c.app.process.impl.Search2Impl.fillDetail  266 - ** 3133 ** 314800 , 1 , 3133
16:43:23.562 [main] INFO  c.c.app.process.impl.Search2Impl.fillDetail  266 - ** 3134 ** 314800 , 1 , 3134
16:43:23.562 [main] INFO  c.c.app.process.impl.Search2Impl.fillDetail  266 - ** 3135 ** 314800 , 1 , 3135
16:43:23.562 [main] INFO  c.c.app.process.impl.Search2Impl.fillDetail  266 - ** 3136 ** 314800 , 1 , 3136
16:43:23.562 [main] INFO  c.c.app.process.impl.Search2Impl.fillDetail  266 - ** 3137 ** 314800 , 1 , 3137
16:43:23.562 [main] INFO  c.c.app.process.impl.Search2Impl.fillDetail  266 - ** 3138 ** 314800 , 1 , 3138
16:43:23.563 [main] INFO  c.c.app.process.impl.Search2Impl.searchAll  379 -  SEARCHING 314800 TOGGLE 6 ITEM FOUND 3135
16:43:23.563 [main] INFO  c.c.app.process.impl.Search2Impl.fillDetail  266 - ** 3139 ** 315000 , 1 , 3139
16:43:23.563 [main] INFO  c.c.app.process.impl.Search2Impl.fillDetail  266 - ** 3140 ** 315000 , 1 , 3140
16:43:23.563 [main] INFO  c.c.app.process.impl.Search2Impl.searchAll  379 -  SEARCHING 315000 TOGGLE 2 ITEM FOUND 3140
16:43:23.563 [main] INFO  c.c.app.process.impl.Search2Impl.fillDetail  266 - ** 3141 ** 315300 , 1 , 3141
16:43:23.563 [main] INFO  c.c.app.process.impl.Search2Impl.fillDetail  266 - ** 3142 ** 315300 , 1 , 3142
16:43:23.563 [main] INFO  c.c.app.process.impl.Search2Impl.fillDetail  266 - ** 3143 ** 315300 , 1 , 3143
16:43:23.563 [main] INFO  c.c.app.process.impl.Search2Impl.searchAll  379 -  SEARCHING 315300 TOGGLE 3 ITEM FOUND 3143
16:43:23.563 [main] INFO  c.c.app.process.impl.Search2Impl.fillDetail  266 - ** 3144 ** 315700 , 1 , 3144
16:43:23.563 [main] INFO  c.c.app.process.impl.Search2Impl.fillDetail  266 - ** 3145 ** 315700 , 1 , 3145
16:43:23.563 [main] INFO  c.c.app.process.impl.Search2Impl.fillDetail  266 - ** 3146 ** 315700 , 1 , 3146
16:43:23.563 [main] INFO  c.c.app.process.impl.Search2Impl.fillDetail  266 - ** 3147 ** 315700 , 1 , 3147
16:43:23.563 [main] INFO  c.c.app.process.impl.Search2Impl.searchAll  379 -  SEARCHING 315700 TOGGLE 4 ITEM FOUND 3146
16:43:23.563 [main] INFO  c.c.app.process.impl.Search2Impl.fillDetail  266 - ** 3148 ** 316200 , 1 , 3148
16:43:23.563 [main] INFO  c.c.app.process.impl.Search2Impl.fillDetail  266 - ** 3149 ** 316200 , 1 , 3149
16:43:23.563 [main] INFO  c.c.app.process.impl.Search2Impl.fillDetail  266 - ** 3150 ** 316200 , 1 , 3150
16:43:23.563 [main] INFO  c.c.app.process.impl.Search2Impl.fillDetail  266 - ** 3151 ** 316200 , 1 , 3151
16:43:23.563 [main] INFO  c.c.app.process.impl.Search2Impl.fillDetail  266 - ** 3152 ** 316200 , 1 , 3152
16:43:23.563 [main] INFO  c.c.app.process.impl.Search2Impl.searchAll  379 -  SEARCHING 316200 TOGGLE 5 ITEM FOUND 3152
16:43:23.563 [main] INFO  c.c.app.process.impl.Search2Impl.fillDetail  266 - ** 3153 ** 316800 , 1 , 3153
16:43:23.563 [main] INFO  c.c.app.process.impl.Search2Impl.fillDetail  266 - ** 3154 ** 316800 , 1 , 3154
16:43:23.564 [main] INFO  c.c.app.process.impl.Search2Impl.fillDetail  266 - ** 3155 ** 316800 , 1 , 3155
16:43:23.564 [main] INFO  c.c.app.process.impl.Search2Impl.fillDetail  266 - ** 3156 ** 316800 , 1 , 3156
16:43:23.564 [main] INFO  c.c.app.process.impl.Search2Impl.fillDetail  266 - ** 3157 ** 316800 , 1 , 3157
16:43:23.564 [main] INFO  c.c.app.process.impl.Search2Impl.fillDetail  266 - ** 3158 ** 316800 , 1 , 3158
16:43:23.564 [main] INFO  c.c.app.process.impl.Search2Impl.searchAll  379 -  SEARCHING 316800 TOGGLE 6 ITEM FOUND 3158
16:43:23.564 [main] INFO  c.c.app.process.impl.Search2Impl.fillDetail  266 - ** 3159 ** 317000 , 1 , 3159
16:43:23.564 [main] INFO  c.c.app.process.impl.Search2Impl.fillDetail  266 - ** 3160 ** 317000 , 1 , 3160
16:43:23.564 [main] INFO  c.c.app.process.impl.Search2Impl.searchAll  379 -  SEARCHING 317000 TOGGLE 2 ITEM FOUND 3160
16:43:23.564 [main] INFO  c.c.app.process.impl.Search2Impl.fillDetail  266 - ** 3161 ** 317300 , 1 , 3161
16:43:23.564 [main] INFO  c.c.app.process.impl.Search2Impl.fillDetail  266 - ** 3162 ** 317300 , 1 , 3162
16:43:23.564 [main] INFO  c.c.app.process.impl.Search2Impl.fillDetail  266 - ** 3163 ** 317300 , 1 , 3163
16:43:23.564 [main] INFO  c.c.app.process.impl.Search2Impl.searchAll  379 -  SEARCHING 317300 TOGGLE 3 ITEM FOUND 3163
16:43:23.564 [main] INFO  c.c.app.process.impl.Search2Impl.fillDetail  266 - ** 3164 ** 317700 , 1 , 3164
16:43:23.564 [main] INFO  c.c.app.process.impl.Search2Impl.fillDetail  266 - ** 3165 ** 317700 , 1 , 3165
16:43:23.564 [main] INFO  c.c.app.process.impl.Search2Impl.fillDetail  266 - ** 3166 ** 317700 , 1 , 3166
16:43:23.564 [main] INFO  c.c.app.process.impl.Search2Impl.fillDetail  266 - ** 3167 ** 317700 , 1 , 3167
16:43:23.564 [main] INFO  c.c.app.process.impl.Search2Impl.searchAll  379 -  SEARCHING 317700 TOGGLE 4 ITEM FOUND 3166
16:43:23.564 [main] INFO  c.c.app.process.impl.Search2Impl.fillDetail  266 - ** 3168 ** 318200 , 1 , 3168
16:43:23.564 [main] INFO  c.c.app.process.impl.Search2Impl.fillDetail  266 - ** 3169 ** 318200 , 1 , 3169
16:43:23.564 [main] INFO  c.c.app.process.impl.Search2Impl.fillDetail  266 - ** 3170 ** 318200 , 1 , 3170
16:43:23.564 [main] INFO  c.c.app.process.impl.Search2Impl.fillDetail  266 - ** 3171 ** 318200 , 1 , 3171
16:43:23.565 [main] INFO  c.c.app.process.impl.Search2Impl.fillDetail  266 - ** 3172 ** 318200 , 1 , 3172
16:43:23.565 [main] INFO  c.c.app.process.impl.Search2Impl.searchAll  379 -  SEARCHING 318200 TOGGLE 5 ITEM FOUND 3169
16:43:23.565 [main] INFO  c.c.app.process.impl.Search2Impl.fillDetail  266 - ** 3173 ** 318800 , 1 , 3173
16:43:23.565 [main] INFO  c.c.app.process.impl.Search2Impl.fillDetail  266 - ** 3174 ** 318800 , 1 , 3174
16:43:23.565 [main] INFO  c.c.app.process.impl.Search2Impl.fillDetail  266 - ** 3175 ** 318800 , 1 , 3175
16:43:23.565 [main] INFO  c.c.app.process.impl.Search2Impl.fillDetail  266 - ** 3176 ** 318800 , 1 , 3176
16:43:23.565 [main] INFO  c.c.app.process.impl.Search2Impl.fillDetail  266 - ** 3177 ** 318800 , 1 , 3177
16:43:23.565 [main] INFO  c.c.app.process.impl.Search2Impl.fillDetail  266 - ** 3178 ** 318800 , 1 , 3178
16:43:23.565 [main] INFO  c.c.app.process.impl.Search2Impl.searchAll  379 -  SEARCHING 318800 TOGGLE 6 ITEM FOUND 3175
16:43:23.565 [main] INFO  c.c.app.process.impl.Search2Impl.fillDetail  266 - ** 3179 ** 319000 , 1 , 3179
16:43:23.565 [main] INFO  c.c.app.process.impl.Search2Impl.fillDetail  266 - ** 3180 ** 319000 , 1 , 3180
16:43:23.565 [main] INFO  c.c.app.process.impl.Search2Impl.searchAll  379 -  SEARCHING 319000 TOGGLE 2 ITEM FOUND 3179
16:43:23.565 [main] INFO  c.c.app.process.impl.Search2Impl.fillDetail  266 - ** 3181 ** 319300 , 1 , 3181
16:43:23.565 [main] INFO  c.c.app.process.impl.Search2Impl.fillDetail  266 - ** 3182 ** 319300 , 1 , 3182
16:43:23.565 [main] INFO  c.c.app.process.impl.Search2Impl.fillDetail  266 - ** 3183 ** 319300 , 1 , 3183
16:43:23.565 [main] INFO  c.c.app.process.impl.Search2Impl.searchAll  379 -  SEARCHING 319300 TOGGLE 3 ITEM FOUND 3181
16:43:23.565 [main] INFO  c.c.app.process.impl.Search2Impl.fillDetail  266 - ** 3184 ** 319700 , 1 , 3184
16:43:23.565 [main] INFO  c.c.app.process.impl.Search2Impl.fillDetail  266 - ** 3185 ** 319700 , 1 , 3185
16:43:23.565 [main] INFO  c.c.app.process.impl.Search2Impl.fillDetail  266 - ** 3186 ** 319700 , 1 , 3186
16:43:23.565 [main] INFO  c.c.app.process.impl.Search2Impl.fillDetail  266 - ** 3187 ** 319700 , 1 , 3187
16:43:23.565 [main] INFO  c.c.app.process.impl.Search2Impl.searchAll  379 -  SEARCHING 319700 TOGGLE 4 ITEM FOUND 3186
16:43:23.565 [main] INFO  c.c.app.process.impl.Search2Impl.fillDetail  266 - ** 3188 ** 320200 , 1 , 3188
16:43:23.566 [main] INFO  c.c.app.process.impl.Search2Impl.fillDetail  266 - ** 3189 ** 320200 , 1 , 3189
16:43:23.566 [main] INFO  c.c.app.process.impl.Search2Impl.fillDetail  266 - ** 3190 ** 320200 , 1 , 3190
16:43:23.566 [main] INFO  c.c.app.process.impl.Search2Impl.fillDetail  266 - ** 3191 ** 320200 , 1 , 3191
16:43:23.566 [main] INFO  c.c.app.process.impl.Search2Impl.fillDetail  266 - ** 3192 ** 320200 , 1 , 3192
16:43:23.566 [main] INFO  c.c.app.process.impl.Search2Impl.searchAll  379 -  SEARCHING 320200 TOGGLE 5 ITEM FOUND 3192
16:43:23.566 [main] INFO  c.c.app.process.impl.Search2Impl.fillDetail  266 - ** 3193 ** 320800 , 1 , 3193
16:43:23.566 [main] INFO  c.c.app.process.impl.Search2Impl.fillDetail  266 - ** 3194 ** 320800 , 1 , 3194
16:43:23.566 [main] INFO  c.c.app.process.impl.Search2Impl.fillDetail  266 - ** 3195 ** 320800 , 1 , 3195
16:43:23.566 [main] INFO  c.c.app.process.impl.Search2Impl.fillDetail  266 - ** 3196 ** 320800 , 1 , 3196
16:43:23.566 [main] INFO  c.c.app.process.impl.Search2Impl.fillDetail  266 - ** 3197 ** 320800 , 1 , 3197
16:43:23.566 [main] INFO  c.c.app.process.impl.Search2Impl.fillDetail  266 - ** 3198 ** 320800 , 1 , 3198
16:43:23.566 [main] INFO  c.c.app.process.impl.Search2Impl.searchAll  379 -  SEARCHING 320800 TOGGLE 6 ITEM FOUND 3198
16:43:23.566 [main] INFO  c.c.app.process.impl.Search2Impl.fillDetail  266 - ** 3199 ** 321000 , 1 , 3199
16:43:23.566 [main] INFO  c.c.app.process.impl.Search2Impl.fillDetail  266 - ** 3200 ** 321000 , 1 , 3200
16:43:23.566 [main] INFO  c.c.app.process.impl.Search2Impl.searchAll  379 -  SEARCHING 321000 TOGGLE 2 ITEM FOUND 3199
16:43:23.566 [main] INFO  c.c.app.process.impl.Search2Impl.fillDetail  266 - ** 3201 ** 321300 , 1 , 3201
16:43:23.566 [main] INFO  c.c.app.process.impl.Search2Impl.fillDetail  266 - ** 3202 ** 321300 , 1 , 3202
16:43:23.566 [main] INFO  c.c.app.process.impl.Search2Impl.fillDetail  266 - ** 3203 ** 321300 , 1 , 3203
16:43:23.566 [main] INFO  c.c.app.process.impl.Search2Impl.searchAll  379 -  SEARCHING 321300 TOGGLE 3 ITEM FOUND 3201
16:43:23.566 [main] INFO  c.c.app.process.impl.Search2Impl.fillDetail  266 - ** 3204 ** 321700 , 1 , 3204
16:43:23.566 [main] INFO  c.c.app.process.impl.Search2Impl.fillDetail  266 - ** 3205 ** 321700 , 1 , 3205
16:43:23.566 [main] INFO  c.c.app.process.impl.Search2Impl.fillDetail  266 - ** 3206 ** 321700 , 1 , 3206
16:43:23.567 [main] INFO  c.c.app.process.impl.Search2Impl.fillDetail  266 - ** 3207 ** 321700 , 1 , 3207
16:43:23.567 [main] INFO  c.c.app.process.impl.Search2Impl.searchAll  379 -  SEARCHING 321700 TOGGLE 4 ITEM FOUND 3204
16:43:23.567 [main] INFO  c.c.app.process.impl.Search2Impl.fillDetail  266 - ** 3208 ** 322200 , 1 , 3208
16:43:23.567 [main] INFO  c.c.app.process.impl.Search2Impl.fillDetail  266 - ** 3209 ** 322200 , 1 , 3209
16:43:23.567 [main] INFO  c.c.app.process.impl.Search2Impl.fillDetail  266 - ** 3210 ** 322200 , 1 , 3210
16:43:23.567 [main] INFO  c.c.app.process.impl.Search2Impl.fillDetail  266 - ** 3211 ** 322200 , 1 , 3211
16:43:23.567 [main] INFO  c.c.app.process.impl.Search2Impl.fillDetail  266 - ** 3212 ** 322200 , 1 , 3212
16:43:23.567 [main] INFO  c.c.app.process.impl.Search2Impl.searchAll  379 -  SEARCHING 322200 TOGGLE 5 ITEM FOUND 3209
16:43:23.567 [main] INFO  c.c.app.process.impl.Search2Impl.fillDetail  266 - ** 3213 ** 322800 , 1 , 3213
16:43:23.567 [main] INFO  c.c.app.process.impl.Search2Impl.fillDetail  266 - ** 3214 ** 322800 , 1 , 3214
16:43:23.567 [main] INFO  c.c.app.process.impl.Search2Impl.fillDetail  266 - ** 3215 ** 322800 , 1 , 3215
16:43:23.567 [main] INFO  c.c.app.process.impl.Search2Impl.fillDetail  266 - ** 3216 ** 322800 , 1 , 3216
16:43:23.567 [main] INFO  c.c.app.process.impl.Search2Impl.fillDetail  266 - ** 3217 ** 322800 , 1 , 3217
16:43:23.567 [main] INFO  c.c.app.process.impl.Search2Impl.fillDetail  266 - ** 3218 ** 322800 , 1 , 3218
16:43:23.567 [main] INFO  c.c.app.process.impl.Search2Impl.searchAll  379 -  SEARCHING 322800 TOGGLE 6 ITEM FOUND 3215
16:43:23.567 [main] INFO  c.c.app.process.impl.Search2Impl.fillDetail  266 - ** 3219 ** 323000 , 1 , 3219
16:43:23.567 [main] INFO  c.c.app.process.impl.Search2Impl.fillDetail  266 - ** 3220 ** 323000 , 1 , 3220
16:43:23.567 [main] INFO  c.c.app.process.impl.Search2Impl.searchAll  379 -  SEARCHING 323000 TOGGLE 2 ITEM FOUND 3219
16:43:23.567 [main] INFO  c.c.app.process.impl.Search2Impl.fillDetail  266 - ** 3221 ** 323300 , 1 , 3221
16:43:23.567 [main] INFO  c.c.app.process.impl.Search2Impl.fillDetail  266 - ** 3222 ** 323300 , 1 , 3222
16:43:23.567 [main] INFO  c.c.app.process.impl.Search2Impl.fillDetail  266 - ** 3223 ** 323300 , 1 , 3223
16:43:23.568 [main] INFO  c.c.app.process.impl.Search2Impl.searchAll  379 -  SEARCHING 323300 TOGGLE 3 ITEM FOUND 3221
16:43:23.568 [main] INFO  c.c.app.process.impl.Search2Impl.fillDetail  266 - ** 3224 ** 323700 , 1 , 3224
16:43:23.568 [main] INFO  c.c.app.process.impl.Search2Impl.fillDetail  266 - ** 3225 ** 323700 , 1 , 3225
16:43:23.568 [main] INFO  c.c.app.process.impl.Search2Impl.fillDetail  266 - ** 3226 ** 323700 , 1 , 3226
16:43:23.568 [main] INFO  c.c.app.process.impl.Search2Impl.fillDetail  266 - ** 3227 ** 323700 , 1 , 3227
16:43:23.568 [main] INFO  c.c.app.process.impl.Search2Impl.searchAll  379 -  SEARCHING 323700 TOGGLE 4 ITEM FOUND 3227
16:43:23.568 [main] INFO  c.c.app.process.impl.Search2Impl.fillDetail  266 - ** 3228 ** 324200 , 1 , 3228
16:43:23.568 [main] INFO  c.c.app.process.impl.Search2Impl.fillDetail  266 - ** 3229 ** 324200 , 1 , 3229
16:43:23.568 [main] INFO  c.c.app.process.impl.Search2Impl.fillDetail  266 - ** 3230 ** 324200 , 1 , 3230
16:43:23.568 [main] INFO  c.c.app.process.impl.Search2Impl.fillDetail  266 - ** 3231 ** 324200 , 1 , 3231
16:43:23.568 [main] INFO  c.c.app.process.impl.Search2Impl.fillDetail  266 - ** 3232 ** 324200 , 1 , 3232
16:43:23.568 [main] INFO  c.c.app.process.impl.Search2Impl.searchAll  379 -  SEARCHING 324200 TOGGLE 5 ITEM FOUND 3232
16:43:23.568 [main] INFO  c.c.app.process.impl.Search2Impl.fillDetail  266 - ** 3233 ** 324800 , 1 , 3233
16:43:23.568 [main] INFO  c.c.app.process.impl.Search2Impl.fillDetail  266 - ** 3234 ** 324800 , 1 , 3234
16:43:23.568 [main] INFO  c.c.app.process.impl.Search2Impl.fillDetail  266 - ** 3235 ** 324800 , 1 , 3235
16:43:23.568 [main] INFO  c.c.app.process.impl.Search2Impl.fillDetail  266 - ** 3236 ** 324800 , 1 , 3236
16:43:23.568 [main] INFO  c.c.app.process.impl.Search2Impl.fillDetail  266 - ** 3237 ** 324800 , 1 , 3237
16:43:23.568 [main] INFO  c.c.app.process.impl.Search2Impl.fillDetail  266 - ** 3238 ** 324800 , 1 , 3238
16:43:23.568 [main] INFO  c.c.app.process.impl.Search2Impl.searchAll  379 -  SEARCHING 324800 TOGGLE 6 ITEM FOUND 3238
16:43:23.568 [main] INFO  c.c.app.process.impl.Search2Impl.fillDetail  266 - ** 3239 ** 325000 , 1 , 3239
16:43:23.568 [main] INFO  c.c.app.process.impl.Search2Impl.fillDetail  266 - ** 3240 ** 325000 , 1 , 3240
16:43:23.569 [main] INFO  c.c.app.process.impl.Search2Impl.searchAll  379 -  SEARCHING 325000 TOGGLE 2 ITEM FOUND 3239
16:43:23.569 [main] INFO  c.c.app.process.impl.Search2Impl.fillDetail  266 - ** 3241 ** 325300 , 1 , 3241
16:43:23.569 [main] INFO  c.c.app.process.impl.Search2Impl.fillDetail  266 - ** 3242 ** 325300 , 1 , 3242
16:43:23.569 [main] INFO  c.c.app.process.impl.Search2Impl.fillDetail  266 - ** 3243 ** 325300 , 1 , 3243
16:43:23.569 [main] INFO  c.c.app.process.impl.Search2Impl.searchAll  379 -  SEARCHING 325300 TOGGLE 3 ITEM FOUND 3241
16:43:23.569 [main] INFO  c.c.app.process.impl.Search2Impl.fillDetail  266 - ** 3244 ** 325700 , 1 , 3244
16:43:23.569 [main] INFO  c.c.app.process.impl.Search2Impl.fillDetail  266 - ** 3245 ** 325700 , 1 , 3245
16:43:23.569 [main] INFO  c.c.app.process.impl.Search2Impl.fillDetail  266 - ** 3246 ** 325700 , 1 , 3246
16:43:23.569 [main] INFO  c.c.app.process.impl.Search2Impl.fillDetail  266 - ** 3247 ** 325700 , 1 , 3247
16:43:23.569 [main] INFO  c.c.app.process.impl.Search2Impl.searchAll  379 -  SEARCHING 325700 TOGGLE 4 ITEM FOUND 3244
16:43:23.569 [main] INFO  c.c.app.process.impl.Search2Impl.fillDetail  266 - ** 3248 ** 326200 , 1 , 3248
16:43:23.569 [main] INFO  c.c.app.process.impl.Search2Impl.fillDetail  266 - ** 3249 ** 326200 , 1 , 3249
16:43:23.569 [main] INFO  c.c.app.process.impl.Search2Impl.fillDetail  266 - ** 3250 ** 326200 , 1 , 3250
16:43:23.569 [main] INFO  c.c.app.process.impl.Search2Impl.fillDetail  266 - ** 3251 ** 326200 , 1 , 3251
16:43:23.569 [main] INFO  c.c.app.process.impl.Search2Impl.fillDetail  266 - ** 3252 ** 326200 , 1 , 3252
16:43:23.569 [main] INFO  c.c.app.process.impl.Search2Impl.searchAll  379 -  SEARCHING 326200 TOGGLE 5 ITEM FOUND 3250
16:43:23.569 [main] INFO  c.c.app.process.impl.Search2Impl.fillDetail  266 - ** 3253 ** 326800 , 1 , 3253
16:43:23.569 [main] INFO  c.c.app.process.impl.Search2Impl.fillDetail  266 - ** 3254 ** 326800 , 1 , 3254
16:43:23.569 [main] INFO  c.c.app.process.impl.Search2Impl.fillDetail  266 - ** 3255 ** 326800 , 1 , 3255
16:43:23.569 [main] INFO  c.c.app.process.impl.Search2Impl.fillDetail  266 - ** 3256 ** 326800 , 1 , 3256
16:43:23.569 [main] INFO  c.c.app.process.impl.Search2Impl.fillDetail  266 - ** 3257 ** 326800 , 1 , 3257
16:43:23.569 [main] INFO  c.c.app.process.impl.Search2Impl.fillDetail  266 - ** 3258 ** 326800 , 1 , 3258
16:43:23.570 [main] INFO  c.c.app.process.impl.Search2Impl.searchAll  379 -  SEARCHING 326800 TOGGLE 6 ITEM FOUND 3255
16:43:23.570 [main] INFO  c.c.app.process.impl.Search2Impl.fillDetail  266 - ** 3259 ** 327000 , 1 , 3259
16:43:23.570 [main] INFO  c.c.app.process.impl.Search2Impl.fillDetail  266 - ** 3260 ** 327000 , 1 , 3260
16:43:23.570 [main] INFO  c.c.app.process.impl.Search2Impl.searchAll  379 -  SEARCHING 327000 TOGGLE 2 ITEM FOUND 3259
16:43:23.570 [main] INFO  c.c.app.process.impl.Search2Impl.fillDetail  266 - ** 3261 ** 327300 , 1 , 3261
16:43:23.570 [main] INFO  c.c.app.process.impl.Search2Impl.fillDetail  266 - ** 3262 ** 327300 , 1 , 3262
16:43:23.570 [main] INFO  c.c.app.process.impl.Search2Impl.fillDetail  266 - ** 3263 ** 327300 , 1 , 3263
16:43:23.570 [main] INFO  c.c.app.process.impl.Search2Impl.searchAll  379 -  SEARCHING 327300 TOGGLE 3 ITEM FOUND 3261
16:43:23.570 [main] INFO  c.c.app.process.impl.Search2Impl.fillDetail  266 - ** 3264 ** 327700 , 1 , 3264
16:43:23.570 [main] INFO  c.c.app.process.impl.Search2Impl.fillDetail  266 - ** 3265 ** 327700 , 1 , 3265
16:43:23.570 [main] INFO  c.c.app.process.impl.Search2Impl.fillDetail  266 - ** 3266 ** 327700 , 1 , 3266
16:43:23.570 [main] INFO  c.c.app.process.impl.Search2Impl.fillDetail  266 - ** 3267 ** 327700 , 1 , 3267
16:43:23.570 [main] INFO  c.c.app.process.impl.Search2Impl.searchAll  379 -  SEARCHING 327700 TOGGLE 4 ITEM FOUND 3267
16:43:23.570 [main] INFO  c.c.app.process.impl.Search2Impl.fillDetail  266 - ** 3268 ** 328200 , 1 , 3268
16:43:23.570 [main] INFO  c.c.app.process.impl.Search2Impl.fillDetail  266 - ** 3269 ** 328200 , 1 , 3269
16:43:23.570 [main] INFO  c.c.app.process.impl.Search2Impl.fillDetail  266 - ** 3270 ** 328200 , 1 , 3270
16:43:23.570 [main] INFO  c.c.app.process.impl.Search2Impl.fillDetail  266 - ** 3271 ** 328200 , 1 , 3271
16:43:23.570 [main] INFO  c.c.app.process.impl.Search2Impl.fillDetail  266 - ** 3272 ** 328200 , 1 , 3272
16:43:23.570 [main] INFO  c.c.app.process.impl.Search2Impl.searchAll  379 -  SEARCHING 328200 TOGGLE 5 ITEM FOUND 3270
16:43:23.570 [main] INFO  c.c.app.process.impl.Search2Impl.fillDetail  266 - ** 3273 ** 328800 , 1 , 3273
16:43:23.570 [main] INFO  c.c.app.process.impl.Search2Impl.fillDetail  266 - ** 3274 ** 328800 , 1 , 3274
16:43:23.570 [main] INFO  c.c.app.process.impl.Search2Impl.fillDetail  266 - ** 3275 ** 328800 , 1 , 3275
16:43:23.571 [main] INFO  c.c.app.process.impl.Search2Impl.fillDetail  266 - ** 3276 ** 328800 , 1 , 3276
16:43:23.571 [main] INFO  c.c.app.process.impl.Search2Impl.fillDetail  266 - ** 3277 ** 328800 , 1 , 3277
16:43:23.571 [main] INFO  c.c.app.process.impl.Search2Impl.fillDetail  266 - ** 3278 ** 328800 , 1 , 3278
16:43:23.571 [main] INFO  c.c.app.process.impl.Search2Impl.searchAll  379 -  SEARCHING 328800 TOGGLE 6 ITEM FOUND 3273
16:43:23.571 [main] INFO  c.c.app.process.impl.Search2Impl.fillDetail  266 - ** 3279 ** 329000 , 1 , 3279
16:43:23.571 [main] INFO  c.c.app.process.impl.Search2Impl.fillDetail  266 - ** 3280 ** 329000 , 1 , 3280
16:43:23.571 [main] INFO  c.c.app.process.impl.Search2Impl.searchAll  379 -  SEARCHING 329000 TOGGLE 2 ITEM FOUND 3279
16:43:23.571 [main] INFO  c.c.app.process.impl.Search2Impl.fillDetail  266 - ** 3281 ** 329300 , 1 , 3281
16:43:23.571 [main] INFO  c.c.app.process.impl.Search2Impl.fillDetail  266 - ** 3282 ** 329300 , 1 , 3282
16:43:23.571 [main] INFO  c.c.app.process.impl.Search2Impl.fillDetail  266 - ** 3283 ** 329300 , 1 , 3283
16:43:23.571 [main] INFO  c.c.app.process.impl.Search2Impl.searchAll  379 -  SEARCHING 329300 TOGGLE 3 ITEM FOUND 3281
16:43:23.571 [main] INFO  c.c.app.process.impl.Search2Impl.fillDetail  266 - ** 3284 ** 329700 , 1 , 3284
16:43:23.571 [main] INFO  c.c.app.process.impl.Search2Impl.fillDetail  266 - ** 3285 ** 329700 , 1 , 3285
16:43:23.571 [main] INFO  c.c.app.process.impl.Search2Impl.fillDetail  266 - ** 3286 ** 329700 , 1 , 3286
16:43:23.571 [main] INFO  c.c.app.process.impl.Search2Impl.fillDetail  266 - ** 3287 ** 329700 , 1 , 3287
16:43:23.571 [main] INFO  c.c.app.process.impl.Search2Impl.searchAll  379 -  SEARCHING 329700 TOGGLE 4 ITEM FOUND 3284
16:43:23.571 [main] INFO  c.c.app.process.impl.Search2Impl.fillDetail  266 - ** 3288 ** 330200 , 1 , 3288
16:43:23.571 [main] INFO  c.c.app.process.impl.Search2Impl.fillDetail  266 - ** 3289 ** 330200 , 1 , 3289
16:43:23.571 [main] INFO  c.c.app.process.impl.Search2Impl.fillDetail  266 - ** 3290 ** 330200 , 1 , 3290
16:43:23.571 [main] INFO  c.c.app.process.impl.Search2Impl.fillDetail  266 - ** 3291 ** 330200 , 1 , 3291
16:43:23.571 [main] INFO  c.c.app.process.impl.Search2Impl.fillDetail  266 - ** 3292 ** 330200 , 1 , 3292
16:43:23.572 [main] INFO  c.c.app.process.impl.Search2Impl.searchAll  379 -  SEARCHING 330200 TOGGLE 5 ITEM FOUND 3290
16:43:23.572 [main] INFO  c.c.app.process.impl.Search2Impl.fillDetail  266 - ** 3293 ** 330800 , 1 , 3293
16:43:23.572 [main] INFO  c.c.app.process.impl.Search2Impl.fillDetail  266 - ** 3294 ** 330800 , 1 , 3294
16:43:23.572 [main] INFO  c.c.app.process.impl.Search2Impl.fillDetail  266 - ** 3295 ** 330800 , 1 , 3295
16:43:23.572 [main] INFO  c.c.app.process.impl.Search2Impl.fillDetail  266 - ** 3296 ** 330800 , 1 , 3296
16:43:23.572 [main] INFO  c.c.app.process.impl.Search2Impl.fillDetail  266 - ** 3297 ** 330800 , 1 , 3297
16:43:23.572 [main] INFO  c.c.app.process.impl.Search2Impl.fillDetail  266 - ** 3298 ** 330800 , 1 , 3298
16:43:23.572 [main] INFO  c.c.app.process.impl.Search2Impl.searchAll  379 -  SEARCHING 330800 TOGGLE 6 ITEM FOUND 3296
16:43:23.572 [main] INFO  c.c.app.process.impl.Search2Impl.fillDetail  266 - ** 3299 ** 331000 , 1 , 3299
16:43:23.572 [main] INFO  c.c.app.process.impl.Search2Impl.fillDetail  266 - ** 3300 ** 331000 , 1 , 3300
16:43:23.572 [main] INFO  c.c.app.process.impl.Search2Impl.searchAll  379 -  SEARCHING 331000 TOGGLE 2 ITEM FOUND 3299
16:43:23.572 [main] INFO  c.c.app.process.impl.Search2Impl.fillDetail  266 - ** 3301 ** 331300 , 1 , 3301
16:43:23.572 [main] INFO  c.c.app.process.impl.Search2Impl.fillDetail  266 - ** 3302 ** 331300 , 1 , 3302
16:43:23.572 [main] INFO  c.c.app.process.impl.Search2Impl.fillDetail  266 - ** 3303 ** 331300 , 1 , 3303
16:43:23.572 [main] INFO  c.c.app.process.impl.Search2Impl.searchAll  379 -  SEARCHING 331300 TOGGLE 3 ITEM FOUND 3301
16:43:23.572 [main] INFO  c.c.app.process.impl.Search2Impl.fillDetail  266 - ** 3304 ** 331700 , 1 , 3304
16:43:23.572 [main] INFO  c.c.app.process.impl.Search2Impl.fillDetail  266 - ** 3305 ** 331700 , 1 , 3305
16:43:23.572 [main] INFO  c.c.app.process.impl.Search2Impl.fillDetail  266 - ** 3306 ** 331700 , 1 , 3306
16:43:23.572 [main] INFO  c.c.app.process.impl.Search2Impl.fillDetail  266 - ** 3307 ** 331700 , 1 , 3307
16:43:23.572 [main] INFO  c.c.app.process.impl.Search2Impl.searchAll  379 -  SEARCHING 331700 TOGGLE 4 ITEM FOUND 3307
16:43:23.572 [main] INFO  c.c.app.process.impl.Search2Impl.fillDetail  266 - ** 3308 ** 332200 , 1 , 3308
16:43:23.572 [main] INFO  c.c.app.process.impl.Search2Impl.fillDetail  266 - ** 3309 ** 332200 , 1 , 3309
16:43:23.573 [main] INFO  c.c.app.process.impl.Search2Impl.fillDetail  266 - ** 3310 ** 332200 , 1 , 3310
16:43:23.573 [main] INFO  c.c.app.process.impl.Search2Impl.fillDetail  266 - ** 3311 ** 332200 , 1 , 3311
16:43:23.573 [main] INFO  c.c.app.process.impl.Search2Impl.fillDetail  266 - ** 3312 ** 332200 , 1 , 3312
16:43:23.573 [main] INFO  c.c.app.process.impl.Search2Impl.searchAll  379 -  SEARCHING 332200 TOGGLE 5 ITEM FOUND 3310
16:43:23.573 [main] INFO  c.c.app.process.impl.Search2Impl.fillDetail  266 - ** 3313 ** 332800 , 1 , 3313
16:43:23.573 [main] INFO  c.c.app.process.impl.Search2Impl.fillDetail  266 - ** 3314 ** 332800 , 1 , 3314
16:43:23.573 [main] INFO  c.c.app.process.impl.Search2Impl.fillDetail  266 - ** 3315 ** 332800 , 1 , 3315
16:43:23.573 [main] INFO  c.c.app.process.impl.Search2Impl.fillDetail  266 - ** 3316 ** 332800 , 1 , 3316
16:43:23.573 [main] INFO  c.c.app.process.impl.Search2Impl.fillDetail  266 - ** 3317 ** 332800 , 1 , 3317
16:43:23.573 [main] INFO  c.c.app.process.impl.Search2Impl.fillDetail  266 - ** 3318 ** 332800 , 1 , 3318
16:43:23.573 [main] INFO  c.c.app.process.impl.Search2Impl.searchAll  379 -  SEARCHING 332800 TOGGLE 6 ITEM FOUND 3313
16:43:23.573 [main] INFO  c.c.app.process.impl.Search2Impl.fillDetail  266 - ** 3319 ** 333000 , 1 , 3319
16:43:23.573 [main] INFO  c.c.app.process.impl.Search2Impl.fillDetail  266 - ** 3320 ** 333000 , 1 , 3320
16:43:23.573 [main] INFO  c.c.app.process.impl.Search2Impl.searchAll  379 -  SEARCHING 333000 TOGGLE 2 ITEM FOUND 3319
16:43:23.573 [main] INFO  c.c.app.process.impl.Search2Impl.fillDetail  266 - ** 3321 ** 333300 , 1 , 3321
16:43:23.573 [main] INFO  c.c.app.process.impl.Search2Impl.fillDetail  266 - ** 3322 ** 333300 , 1 , 3322
16:43:23.573 [main] INFO  c.c.app.process.impl.Search2Impl.fillDetail  266 - ** 3323 ** 333300 , 1 , 3323
16:43:23.573 [main] INFO  c.c.app.process.impl.Search2Impl.searchAll  379 -  SEARCHING 333300 TOGGLE 3 ITEM FOUND 3321
16:43:23.573 [main] INFO  c.c.app.process.impl.Search2Impl.fillDetail  266 - ** 3324 ** 333700 , 1 , 3324
16:43:23.573 [main] INFO  c.c.app.process.impl.Search2Impl.fillDetail  266 - ** 3325 ** 333700 , 1 , 3325
16:43:23.573 [main] INFO  c.c.app.process.impl.Search2Impl.fillDetail  266 - ** 3326 ** 333700 , 1 , 3326
16:43:23.573 [main] INFO  c.c.app.process.impl.Search2Impl.fillDetail  266 - ** 3327 ** 333700 , 1 , 3327
16:43:23.574 [main] INFO  c.c.app.process.impl.Search2Impl.searchAll  379 -  SEARCHING 333700 TOGGLE 4 ITEM FOUND 3324
16:43:23.574 [main] INFO  c.c.app.process.impl.Search2Impl.fillDetail  266 - ** 3328 ** 334200 , 1 , 3328
16:43:23.574 [main] INFO  c.c.app.process.impl.Search2Impl.fillDetail  266 - ** 3329 ** 334200 , 1 , 3329
16:43:23.574 [main] INFO  c.c.app.process.impl.Search2Impl.fillDetail  266 - ** 3330 ** 334200 , 1 , 3330
16:43:23.574 [main] INFO  c.c.app.process.impl.Search2Impl.fillDetail  266 - ** 3331 ** 334200 , 1 , 3331
16:43:23.574 [main] INFO  c.c.app.process.impl.Search2Impl.fillDetail  266 - ** 3332 ** 334200 , 1 , 3332
16:43:23.574 [main] INFO  c.c.app.process.impl.Search2Impl.searchAll  379 -  SEARCHING 334200 TOGGLE 5 ITEM FOUND 3330
16:43:23.574 [main] INFO  c.c.app.process.impl.Search2Impl.fillDetail  266 - ** 3333 ** 334800 , 1 , 3333
16:43:23.574 [main] INFO  c.c.app.process.impl.Search2Impl.fillDetail  266 - ** 3334 ** 334800 , 1 , 3334
16:43:23.574 [main] INFO  c.c.app.process.impl.Search2Impl.fillDetail  266 - ** 3335 ** 334800 , 1 , 3335
16:43:23.574 [main] INFO  c.c.app.process.impl.Search2Impl.fillDetail  266 - ** 3336 ** 334800 , 1 , 3336
16:43:23.574 [main] INFO  c.c.app.process.impl.Search2Impl.fillDetail  266 - ** 3337 ** 334800 , 1 , 3337
16:43:23.574 [main] INFO  c.c.app.process.impl.Search2Impl.fillDetail  266 - ** 3338 ** 334800 , 1 , 3338
16:43:23.574 [main] INFO  c.c.app.process.impl.Search2Impl.searchAll  379 -  SEARCHING 334800 TOGGLE 6 ITEM FOUND 3336
16:43:23.574 [main] INFO  c.c.app.process.impl.Search2Impl.fillDetail  266 - ** 3339 ** 335000 , 1 , 3339
16:43:23.574 [main] INFO  c.c.app.process.impl.Search2Impl.fillDetail  266 - ** 3340 ** 335000 , 1 , 3340
16:43:23.574 [main] INFO  c.c.app.process.impl.Search2Impl.searchAll  379 -  SEARCHING 335000 TOGGLE 2 ITEM FOUND 3339
16:43:23.574 [main] INFO  c.c.app.process.impl.Search2Impl.fillDetail  266 - ** 3341 ** 335300 , 1 , 3341
16:43:23.574 [main] INFO  c.c.app.process.impl.Search2Impl.fillDetail  266 - ** 3342 ** 335300 , 1 , 3342
16:43:23.574 [main] INFO  c.c.app.process.impl.Search2Impl.fillDetail  266 - ** 3343 ** 335300 , 1 , 3343
16:43:23.574 [main] INFO  c.c.app.process.impl.Search2Impl.searchAll  379 -  SEARCHING 335300 TOGGLE 3 ITEM FOUND 3342
16:43:23.575 [main] INFO  c.c.app.process.impl.Search2Impl.fillDetail  266 - ** 3344 ** 335700 , 1 , 3344
16:43:23.575 [main] INFO  c.c.app.process.impl.Search2Impl.fillDetail  266 - ** 3345 ** 335700 , 1 , 3345
16:43:23.575 [main] INFO  c.c.app.process.impl.Search2Impl.fillDetail  266 - ** 3346 ** 335700 , 1 , 3346
16:43:23.575 [main] INFO  c.c.app.process.impl.Search2Impl.fillDetail  266 - ** 3347 ** 335700 , 1 , 3347
16:43:23.575 [main] INFO  c.c.app.process.impl.Search2Impl.searchAll  379 -  SEARCHING 335700 TOGGLE 4 ITEM FOUND 3347
16:43:23.575 [main] INFO  c.c.app.process.impl.Search2Impl.fillDetail  266 - ** 3348 ** 336200 , 1 , 3348
16:43:23.575 [main] INFO  c.c.app.process.impl.Search2Impl.fillDetail  266 - ** 3349 ** 336200 , 1 , 3349
16:43:23.575 [main] INFO  c.c.app.process.impl.Search2Impl.fillDetail  266 - ** 3350 ** 336200 , 1 , 3350
16:43:23.575 [main] INFO  c.c.app.process.impl.Search2Impl.fillDetail  266 - ** 3351 ** 336200 , 1 , 3351
16:43:23.575 [main] INFO  c.c.app.process.impl.Search2Impl.fillDetail  266 - ** 3352 ** 336200 , 1 , 3352
16:43:23.575 [main] INFO  c.c.app.process.impl.Search2Impl.searchAll  379 -  SEARCHING 336200 TOGGLE 5 ITEM FOUND 3350
16:43:23.575 [main] INFO  c.c.app.process.impl.Search2Impl.fillDetail  266 - ** 3353 ** 336800 , 1 , 3353
16:43:23.575 [main] INFO  c.c.app.process.impl.Search2Impl.fillDetail  266 - ** 3354 ** 336800 , 1 , 3354
16:43:23.575 [main] INFO  c.c.app.process.impl.Search2Impl.fillDetail  266 - ** 3355 ** 336800 , 1 , 3355
16:43:23.575 [main] INFO  c.c.app.process.impl.Search2Impl.fillDetail  266 - ** 3356 ** 336800 , 1 , 3356
16:43:23.575 [main] INFO  c.c.app.process.impl.Search2Impl.fillDetail  266 - ** 3357 ** 336800 , 1 , 3357
16:43:23.575 [main] INFO  c.c.app.process.impl.Search2Impl.fillDetail  266 - ** 3358 ** 336800 , 1 , 3358
16:43:23.575 [main] INFO  c.c.app.process.impl.Search2Impl.searchAll  379 -  SEARCHING 336800 TOGGLE 6 ITEM FOUND 3353
16:43:23.575 [main] INFO  c.c.app.process.impl.Search2Impl.fillDetail  266 - ** 3359 ** 337000 , 1 , 3359
16:43:23.575 [main] INFO  c.c.app.process.impl.Search2Impl.fillDetail  266 - ** 3360 ** 337000 , 1 , 3360
16:43:23.575 [main] INFO  c.c.app.process.impl.Search2Impl.searchAll  379 -  SEARCHING 337000 TOGGLE 2 ITEM FOUND 3359
16:43:23.576 [main] INFO  c.c.app.process.impl.Search2Impl.fillDetail  266 - ** 3361 ** 337300 , 1 , 3361
16:43:23.576 [main] INFO  c.c.app.process.impl.Search2Impl.fillDetail  266 - ** 3362 ** 337300 , 1 , 3362
16:43:23.576 [main] INFO  c.c.app.process.impl.Search2Impl.fillDetail  266 - ** 3363 ** 337300 , 1 , 3363
16:43:23.576 [main] INFO  c.c.app.process.impl.Search2Impl.searchAll  379 -  SEARCHING 337300 TOGGLE 3 ITEM FOUND 3362
16:43:23.576 [main] INFO  c.c.app.process.impl.Search2Impl.fillDetail  266 - ** 3364 ** 337700 , 1 , 3364
16:43:23.576 [main] INFO  c.c.app.process.impl.Search2Impl.fillDetail  266 - ** 3365 ** 337700 , 1 , 3365
16:43:23.576 [main] INFO  c.c.app.process.impl.Search2Impl.fillDetail  266 - ** 3366 ** 337700 , 1 , 3366
16:43:23.576 [main] INFO  c.c.app.process.impl.Search2Impl.fillDetail  266 - ** 3367 ** 337700 , 1 , 3367
16:43:23.576 [main] INFO  c.c.app.process.impl.Search2Impl.searchAll  379 -  SEARCHING 337700 TOGGLE 4 ITEM FOUND 3365
16:43:23.576 [main] INFO  c.c.app.process.impl.Search2Impl.fillDetail  266 - ** 3368 ** 338200 , 1 , 3368
16:43:23.576 [main] INFO  c.c.app.process.impl.Search2Impl.fillDetail  266 - ** 3369 ** 338200 , 1 , 3369
16:43:23.576 [main] INFO  c.c.app.process.impl.Search2Impl.fillDetail  266 - ** 3370 ** 338200 , 1 , 3370
16:43:23.576 [main] INFO  c.c.app.process.impl.Search2Impl.fillDetail  266 - ** 3371 ** 338200 , 1 , 3371
16:43:23.576 [main] INFO  c.c.app.process.impl.Search2Impl.fillDetail  266 - ** 3372 ** 338200 , 1 , 3372
16:43:23.576 [main] INFO  c.c.app.process.impl.Search2Impl.searchAll  379 -  SEARCHING 338200 TOGGLE 5 ITEM FOUND 3370
16:43:23.576 [main] INFO  c.c.app.process.impl.Search2Impl.fillDetail  266 - ** 3373 ** 338800 , 1 , 3373
16:43:23.576 [main] INFO  c.c.app.process.impl.Search2Impl.fillDetail  266 - ** 3374 ** 338800 , 1 , 3374
16:43:23.576 [main] INFO  c.c.app.process.impl.Search2Impl.fillDetail  266 - ** 3375 ** 338800 , 1 , 3375
16:43:23.576 [main] INFO  c.c.app.process.impl.Search2Impl.fillDetail  266 - ** 3376 ** 338800 , 1 , 3376
16:43:23.576 [main] INFO  c.c.app.process.impl.Search2Impl.fillDetail  266 - ** 3377 ** 338800 , 1 , 3377
16:43:23.576 [main] INFO  c.c.app.process.impl.Search2Impl.fillDetail  266 - ** 3378 ** 338800 , 1 , 3378
16:43:23.576 [main] INFO  c.c.app.process.impl.Search2Impl.searchAll  379 -  SEARCHING 338800 TOGGLE 6 ITEM FOUND 3376
16:43:23.577 [main] INFO  c.c.app.process.impl.Search2Impl.fillDetail  266 - ** 3379 ** 339000 , 1 , 3379
16:43:23.577 [main] INFO  c.c.app.process.impl.Search2Impl.fillDetail  266 - ** 3380 ** 339000 , 1 , 3380
16:43:23.577 [main] INFO  c.c.app.process.impl.Search2Impl.searchAll  379 -  SEARCHING 339000 TOGGLE 2 ITEM FOUND 3379
16:43:23.577 [main] INFO  c.c.app.process.impl.Search2Impl.fillDetail  266 - ** 3381 ** 339300 , 1 , 3381
16:43:23.577 [main] INFO  c.c.app.process.impl.Search2Impl.fillDetail  266 - ** 3382 ** 339300 , 1 , 3382
16:43:23.577 [main] INFO  c.c.app.process.impl.Search2Impl.fillDetail  266 - ** 3383 ** 339300 , 1 , 3383
16:43:23.577 [main] INFO  c.c.app.process.impl.Search2Impl.searchAll  379 -  SEARCHING 339300 TOGGLE 3 ITEM FOUND 3382
16:43:23.577 [main] INFO  c.c.app.process.impl.Search2Impl.fillDetail  266 - ** 3384 ** 339700 , 1 , 3384
16:43:23.577 [main] INFO  c.c.app.process.impl.Search2Impl.fillDetail  266 - ** 3385 ** 339700 , 1 , 3385
16:43:23.577 [main] INFO  c.c.app.process.impl.Search2Impl.fillDetail  266 - ** 3386 ** 339700 , 1 , 3386
16:43:23.577 [main] INFO  c.c.app.process.impl.Search2Impl.fillDetail  266 - ** 3387 ** 339700 , 1 , 3387
16:43:23.577 [main] INFO  c.c.app.process.impl.Search2Impl.searchAll  379 -  SEARCHING 339700 TOGGLE 4 ITEM FOUND 3385
16:43:23.577 [main] INFO  c.c.app.process.impl.Search2Impl.fillDetail  266 - ** 3388 ** 340200 , 1 , 3388
16:43:23.577 [main] INFO  c.c.app.process.impl.Search2Impl.fillDetail  266 - ** 3389 ** 340200 , 1 , 3389
16:43:23.577 [main] INFO  c.c.app.process.impl.Search2Impl.fillDetail  266 - ** 3390 ** 340200 , 1 , 3390
16:43:23.577 [main] INFO  c.c.app.process.impl.Search2Impl.fillDetail  266 - ** 3391 ** 340200 , 1 , 3391
16:43:23.577 [main] INFO  c.c.app.process.impl.Search2Impl.fillDetail  266 - ** 3392 ** 340200 , 1 , 3392
16:43:23.577 [main] INFO  c.c.app.process.impl.Search2Impl.searchAll  379 -  SEARCHING 340200 TOGGLE 5 ITEM FOUND 3388
16:43:23.577 [main] INFO  c.c.app.process.impl.Search2Impl.fillDetail  266 - ** 3393 ** 340800 , 1 , 3393
16:43:23.577 [main] INFO  c.c.app.process.impl.Search2Impl.fillDetail  266 - ** 3394 ** 340800 , 1 , 3394
16:43:23.577 [main] INFO  c.c.app.process.impl.Search2Impl.fillDetail  266 - ** 3395 ** 340800 , 1 , 3395
16:43:23.578 [main] INFO  c.c.app.process.impl.Search2Impl.fillDetail  266 - ** 3396 ** 340800 , 1 , 3396
16:43:23.578 [main] INFO  c.c.app.process.impl.Search2Impl.fillDetail  266 - ** 3397 ** 340800 , 1 , 3397
16:43:23.578 [main] INFO  c.c.app.process.impl.Search2Impl.fillDetail  266 - ** 3398 ** 340800 , 1 , 3398
16:43:23.578 [main] INFO  c.c.app.process.impl.Search2Impl.searchAll  379 -  SEARCHING 340800 TOGGLE 6 ITEM FOUND 3393
16:43:23.578 [main] INFO  c.c.app.process.impl.Search2Impl.fillDetail  266 - ** 3399 ** 341000 , 1 , 3399
16:43:23.578 [main] INFO  c.c.app.process.impl.Search2Impl.fillDetail  266 - ** 3400 ** 341000 , 1 , 3400
16:43:23.578 [main] INFO  c.c.app.process.impl.Search2Impl.searchAll  379 -  SEARCHING 341000 TOGGLE 2 ITEM FOUND 3399
16:43:23.578 [main] INFO  c.c.app.process.impl.Search2Impl.fillDetail  266 - ** 3401 ** 341300 , 1 , 3401
16:43:23.578 [main] INFO  c.c.app.process.impl.Search2Impl.fillDetail  266 - ** 3402 ** 341300 , 1 , 3402
16:43:23.578 [main] INFO  c.c.app.process.impl.Search2Impl.fillDetail  266 - ** 3403 ** 341300 , 1 , 3403
16:43:23.578 [main] INFO  c.c.app.process.impl.Search2Impl.searchAll  379 -  SEARCHING 341300 TOGGLE 3 ITEM FOUND 3402
16:43:23.578 [main] INFO  c.c.app.process.impl.Search2Impl.fillDetail  266 - ** 3404 ** 341700 , 1 , 3404
16:43:23.578 [main] INFO  c.c.app.process.impl.Search2Impl.fillDetail  266 - ** 3405 ** 341700 , 1 , 3405
16:43:23.578 [main] INFO  c.c.app.process.impl.Search2Impl.fillDetail  266 - ** 3406 ** 341700 , 1 , 3406
16:43:23.578 [main] INFO  c.c.app.process.impl.Search2Impl.fillDetail  266 - ** 3407 ** 341700 , 1 , 3407
16:43:23.578 [main] INFO  c.c.app.process.impl.Search2Impl.searchAll  379 -  SEARCHING 341700 TOGGLE 4 ITEM FOUND 3405
16:43:23.578 [main] INFO  c.c.app.process.impl.Search2Impl.fillDetail  266 - ** 3408 ** 342200 , 1 , 3408
16:43:23.578 [main] INFO  c.c.app.process.impl.Search2Impl.fillDetail  266 - ** 3409 ** 342200 , 1 , 3409
16:43:23.578 [main] INFO  c.c.app.process.impl.Search2Impl.fillDetail  266 - ** 3410 ** 342200 , 1 , 3410
16:43:23.578 [main] INFO  c.c.app.process.impl.Search2Impl.fillDetail  266 - ** 3411 ** 342200 , 1 , 3411
16:43:23.578 [main] INFO  c.c.app.process.impl.Search2Impl.fillDetail  266 - ** 3412 ** 342200 , 1 , 3412
16:43:23.578 [main] INFO  c.c.app.process.impl.Search2Impl.searchAll  379 -  SEARCHING 342200 TOGGLE 5 ITEM FOUND 3411
16:43:23.579 [main] INFO  c.c.app.process.impl.Search2Impl.fillDetail  266 - ** 3413 ** 342800 , 1 , 3413
16:43:23.579 [main] INFO  c.c.app.process.impl.Search2Impl.fillDetail  266 - ** 3414 ** 342800 , 1 , 3414
16:43:23.579 [main] INFO  c.c.app.process.impl.Search2Impl.fillDetail  266 - ** 3415 ** 342800 , 1 , 3415
16:43:23.579 [main] INFO  c.c.app.process.impl.Search2Impl.fillDetail  266 - ** 3416 ** 342800 , 1 , 3416
16:43:23.579 [main] INFO  c.c.app.process.impl.Search2Impl.fillDetail  266 - ** 3417 ** 342800 , 1 , 3417
16:43:23.579 [main] INFO  c.c.app.process.impl.Search2Impl.fillDetail  266 - ** 3418 ** 342800 , 1 , 3418
16:43:23.579 [main] INFO  c.c.app.process.impl.Search2Impl.searchAll  379 -  SEARCHING 342800 TOGGLE 6 ITEM FOUND 3416
16:43:23.579 [main] INFO  c.c.app.process.impl.Search2Impl.fillDetail  266 - ** 3419 ** 343000 , 1 , 3419
16:43:23.579 [main] INFO  c.c.app.process.impl.Search2Impl.fillDetail  266 - ** 3420 ** 343000 , 1 , 3420
16:43:23.579 [main] INFO  c.c.app.process.impl.Search2Impl.searchAll  379 -  SEARCHING 343000 TOGGLE 2 ITEM FOUND 3419
16:43:23.579 [main] INFO  c.c.app.process.impl.Search2Impl.fillDetail  266 - ** 3421 ** 343300 , 1 , 3421
16:43:23.579 [main] INFO  c.c.app.process.impl.Search2Impl.fillDetail  266 - ** 3422 ** 343300 , 1 , 3422
16:43:23.579 [main] INFO  c.c.app.process.impl.Search2Impl.fillDetail  266 - ** 3423 ** 343300 , 1 , 3423
16:43:23.579 [main] INFO  c.c.app.process.impl.Search2Impl.searchAll  379 -  SEARCHING 343300 TOGGLE 3 ITEM FOUND 3422
16:43:23.579 [main] INFO  c.c.app.process.impl.Search2Impl.fillDetail  266 - ** 3424 ** 343700 , 1 , 3424
16:43:23.579 [main] INFO  c.c.app.process.impl.Search2Impl.fillDetail  266 - ** 3425 ** 343700 , 1 , 3425
16:43:23.579 [main] INFO  c.c.app.process.impl.Search2Impl.fillDetail  266 - ** 3426 ** 343700 , 1 , 3426
16:43:23.579 [main] INFO  c.c.app.process.impl.Search2Impl.fillDetail  266 - ** 3427 ** 343700 , 1 , 3427
16:43:23.579 [main] INFO  c.c.app.process.impl.Search2Impl.searchAll  379 -  SEARCHING 343700 TOGGLE 4 ITEM FOUND 3425
16:43:23.579 [main] INFO  c.c.app.process.impl.Search2Impl.fillDetail  266 - ** 3428 ** 344200 , 1 , 3428
16:43:23.579 [main] INFO  c.c.app.process.impl.Search2Impl.fillDetail  266 - ** 3429 ** 344200 , 1 , 3429
16:43:23.580 [main] INFO  c.c.app.process.impl.Search2Impl.fillDetail  266 - ** 3430 ** 344200 , 1 , 3430
16:43:23.580 [main] INFO  c.c.app.process.impl.Search2Impl.fillDetail  266 - ** 3431 ** 344200 , 1 , 3431
16:43:23.580 [main] INFO  c.c.app.process.impl.Search2Impl.fillDetail  266 - ** 3432 ** 344200 , 1 , 3432
16:43:23.580 [main] INFO  c.c.app.process.impl.Search2Impl.searchAll  379 -  SEARCHING 344200 TOGGLE 5 ITEM FOUND 3428
16:43:23.580 [main] INFO  c.c.app.process.impl.Search2Impl.fillDetail  266 - ** 3433 ** 344800 , 1 , 3433
16:43:23.580 [main] INFO  c.c.app.process.impl.Search2Impl.fillDetail  266 - ** 3434 ** 344800 , 1 , 3434
16:43:23.580 [main] INFO  c.c.app.process.impl.Search2Impl.fillDetail  266 - ** 3435 ** 344800 , 1 , 3435
16:43:23.580 [main] INFO  c.c.app.process.impl.Search2Impl.fillDetail  266 - ** 3436 ** 344800 , 1 , 3436
16:43:23.580 [main] INFO  c.c.app.process.impl.Search2Impl.fillDetail  266 - ** 3437 ** 344800 , 1 , 3437
16:43:23.580 [main] INFO  c.c.app.process.impl.Search2Impl.fillDetail  266 - ** 3438 ** 344800 , 1 , 3438
16:43:23.580 [main] INFO  c.c.app.process.impl.Search2Impl.searchAll  379 -  SEARCHING 344800 TOGGLE 6 ITEM FOUND 3434
16:43:23.580 [main] INFO  c.c.app.process.impl.Search2Impl.fillDetail  266 - ** 3439 ** 345000 , 1 , 3439
16:43:23.580 [main] INFO  c.c.app.process.impl.Search2Impl.fillDetail  266 - ** 3440 ** 345000 , 1 , 3440
16:43:23.580 [main] INFO  c.c.app.process.impl.Search2Impl.searchAll  379 -  SEARCHING 345000 TOGGLE 2 ITEM FOUND 3439
16:43:23.580 [main] INFO  c.c.app.process.impl.Search2Impl.fillDetail  266 - ** 3441 ** 345300 , 1 , 3441
16:43:23.580 [main] INFO  c.c.app.process.impl.Search2Impl.fillDetail  266 - ** 3442 ** 345300 , 1 , 3442
16:43:23.580 [main] INFO  c.c.app.process.impl.Search2Impl.fillDetail  266 - ** 3443 ** 345300 , 1 , 3443
16:43:23.580 [main] INFO  c.c.app.process.impl.Search2Impl.searchAll  379 -  SEARCHING 345300 TOGGLE 3 ITEM FOUND 3442
16:43:23.580 [main] INFO  c.c.app.process.impl.Search2Impl.fillDetail  266 - ** 3444 ** 345700 , 1 , 3444
16:43:23.580 [main] INFO  c.c.app.process.impl.Search2Impl.fillDetail  266 - ** 3445 ** 345700 , 1 , 3445
16:43:23.581 [main] INFO  c.c.app.process.impl.Search2Impl.fillDetail  266 - ** 3446 ** 345700 , 1 , 3446
16:43:23.581 [main] INFO  c.c.app.process.impl.Search2Impl.fillDetail  266 - ** 3447 ** 345700 , 1 , 3447
16:43:23.581 [main] INFO  c.c.app.process.impl.Search2Impl.searchAll  379 -  SEARCHING 345700 TOGGLE 4 ITEM FOUND 3445
16:43:23.581 [main] INFO  c.c.app.process.impl.Search2Impl.fillDetail  266 - ** 3448 ** 346200 , 1 , 3448
16:43:23.581 [main] INFO  c.c.app.process.impl.Search2Impl.fillDetail  266 - ** 3449 ** 346200 , 1 , 3449
16:43:23.581 [main] INFO  c.c.app.process.impl.Search2Impl.fillDetail  266 - ** 3450 ** 346200 , 1 , 3450
16:43:23.581 [main] INFO  c.c.app.process.impl.Search2Impl.fillDetail  266 - ** 3451 ** 346200 , 1 , 3451
16:43:23.581 [main] INFO  c.c.app.process.impl.Search2Impl.fillDetail  266 - ** 3452 ** 346200 , 1 , 3452
16:43:23.581 [main] INFO  c.c.app.process.impl.Search2Impl.searchAll  379 -  SEARCHING 346200 TOGGLE 5 ITEM FOUND 3451
16:43:23.581 [main] INFO  c.c.app.process.impl.Search2Impl.fillDetail  266 - ** 3453 ** 346800 , 1 , 3453
16:43:23.581 [main] INFO  c.c.app.process.impl.Search2Impl.fillDetail  266 - ** 3454 ** 346800 , 1 , 3454
16:43:23.581 [main] INFO  c.c.app.process.impl.Search2Impl.fillDetail  266 - ** 3455 ** 346800 , 1 , 3455
16:43:23.581 [main] INFO  c.c.app.process.impl.Search2Impl.fillDetail  266 - ** 3456 ** 346800 , 1 , 3456
16:43:23.581 [main] INFO  c.c.app.process.impl.Search2Impl.fillDetail  266 - ** 3457 ** 346800 , 1 , 3457
16:43:23.581 [main] INFO  c.c.app.process.impl.Search2Impl.fillDetail  266 - ** 3458 ** 346800 , 1 , 3458
16:43:23.581 [main] INFO  c.c.app.process.impl.Search2Impl.searchAll  379 -  SEARCHING 346800 TOGGLE 6 ITEM FOUND 3457
16:43:23.581 [main] INFO  c.c.app.process.impl.Search2Impl.fillDetail  266 - ** 3459 ** 347000 , 1 , 3459
16:43:23.581 [main] INFO  c.c.app.process.impl.Search2Impl.fillDetail  266 - ** 3460 ** 347000 , 1 , 3460
16:43:23.581 [main] INFO  c.c.app.process.impl.Search2Impl.searchAll  379 -  SEARCHING 347000 TOGGLE 2 ITEM FOUND 3459
16:43:23.581 [main] INFO  c.c.app.process.impl.Search2Impl.fillDetail  266 - ** 3461 ** 347300 , 1 , 3461
16:43:23.581 [main] INFO  c.c.app.process.impl.Search2Impl.fillDetail  266 - ** 3462 ** 347300 , 1 , 3462
16:43:23.582 [main] INFO  c.c.app.process.impl.Search2Impl.fillDetail  266 - ** 3463 ** 347300 , 1 , 3463
16:43:23.582 [main] INFO  c.c.app.process.impl.Search2Impl.searchAll  379 -  SEARCHING 347300 TOGGLE 3 ITEM FOUND 3462
16:43:23.582 [main] INFO  c.c.app.process.impl.Search2Impl.fillDetail  266 - ** 3464 ** 347700 , 1 , 3464
16:43:23.582 [main] INFO  c.c.app.process.impl.Search2Impl.fillDetail  266 - ** 3465 ** 347700 , 1 , 3465
16:43:23.582 [main] INFO  c.c.app.process.impl.Search2Impl.fillDetail  266 - ** 3466 ** 347700 , 1 , 3466
16:43:23.582 [main] INFO  c.c.app.process.impl.Search2Impl.fillDetail  266 - ** 3467 ** 347700 , 1 , 3467
16:43:23.582 [main] INFO  c.c.app.process.impl.Search2Impl.searchAll  379 -  SEARCHING 347700 TOGGLE 4 ITEM FOUND 3465
16:43:23.582 [main] INFO  c.c.app.process.impl.Search2Impl.fillDetail  266 - ** 3468 ** 348200 , 1 , 3468
16:43:23.582 [main] INFO  c.c.app.process.impl.Search2Impl.fillDetail  266 - ** 3469 ** 348200 , 1 , 3469
16:43:23.582 [main] INFO  c.c.app.process.impl.Search2Impl.fillDetail  266 - ** 3470 ** 348200 , 1 , 3470
16:43:23.582 [main] INFO  c.c.app.process.impl.Search2Impl.fillDetail  266 - ** 3471 ** 348200 , 1 , 3471
16:43:23.582 [main] INFO  c.c.app.process.impl.Search2Impl.fillDetail  266 - ** 3472 ** 348200 , 1 , 3472
16:43:23.582 [main] INFO  c.c.app.process.impl.Search2Impl.searchAll  379 -  SEARCHING 348200 TOGGLE 5 ITEM FOUND 3468
16:43:23.582 [main] INFO  c.c.app.process.impl.Search2Impl.fillDetail  266 - ** 3473 ** 348800 , 1 , 3473
16:43:23.582 [main] INFO  c.c.app.process.impl.Search2Impl.fillDetail  266 - ** 3474 ** 348800 , 1 , 3474
16:43:23.582 [main] INFO  c.c.app.process.impl.Search2Impl.fillDetail  266 - ** 3475 ** 348800 , 1 , 3475
16:43:23.582 [main] INFO  c.c.app.process.impl.Search2Impl.fillDetail  266 - ** 3476 ** 348800 , 1 , 3476
16:43:23.582 [main] INFO  c.c.app.process.impl.Search2Impl.fillDetail  266 - ** 3477 ** 348800 , 1 , 3477
16:43:23.582 [main] INFO  c.c.app.process.impl.Search2Impl.fillDetail  266 - ** 3478 ** 348800 , 1 , 3478
16:43:23.582 [main] INFO  c.c.app.process.impl.Search2Impl.searchAll  379 -  SEARCHING 348800 TOGGLE 6 ITEM FOUND 3474
16:43:23.582 [main] INFO  c.c.app.process.impl.Search2Impl.fillDetail  266 - ** 3479 ** 349000 , 1 , 3479
16:43:23.583 [main] INFO  c.c.app.process.impl.Search2Impl.fillDetail  266 - ** 3480 ** 349000 , 1 , 3480
16:43:23.583 [main] INFO  c.c.app.process.impl.Search2Impl.searchAll  379 -  SEARCHING 349000 TOGGLE 2 ITEM FOUND 3480
16:43:23.583 [main] INFO  c.c.app.process.impl.Search2Impl.fillDetail  266 - ** 3481 ** 349300 , 1 , 3481
16:43:23.583 [main] INFO  c.c.app.process.impl.Search2Impl.fillDetail  266 - ** 3482 ** 349300 , 1 , 3482
16:43:23.583 [main] INFO  c.c.app.process.impl.Search2Impl.fillDetail  266 - ** 3483 ** 349300 , 1 , 3483
16:43:23.583 [main] INFO  c.c.app.process.impl.Search2Impl.searchAll  379 -  SEARCHING 349300 TOGGLE 3 ITEM FOUND 3482
16:43:23.583 [main] INFO  c.c.app.process.impl.Search2Impl.fillDetail  266 - ** 3484 ** 349700 , 1 , 3484
16:43:23.583 [main] INFO  c.c.app.process.impl.Search2Impl.fillDetail  266 - ** 3485 ** 349700 , 1 , 3485
16:43:23.583 [main] INFO  c.c.app.process.impl.Search2Impl.fillDetail  266 - ** 3486 ** 349700 , 1 , 3486
16:43:23.583 [main] INFO  c.c.app.process.impl.Search2Impl.fillDetail  266 - ** 3487 ** 349700 , 1 , 3487
16:43:23.583 [main] INFO  c.c.app.process.impl.Search2Impl.searchAll  379 -  SEARCHING 349700 TOGGLE 4 ITEM FOUND 3485
16:43:23.583 [main] INFO  c.c.app.process.impl.Search2Impl.fillDetail  266 - ** 3488 ** 350200 , 1 , 3488
16:43:23.583 [main] INFO  c.c.app.process.impl.Search2Impl.fillDetail  266 - ** 3489 ** 350200 , 1 , 3489
16:43:23.583 [main] INFO  c.c.app.process.impl.Search2Impl.fillDetail  266 - ** 3490 ** 350200 , 1 , 3490
16:43:23.583 [main] INFO  c.c.app.process.impl.Search2Impl.fillDetail  266 - ** 3491 ** 350200 , 1 , 3491
16:43:23.583 [main] INFO  c.c.app.process.impl.Search2Impl.fillDetail  266 - ** 3492 ** 350200 , 1 , 3492
16:43:23.583 [main] INFO  c.c.app.process.impl.Search2Impl.searchAll  379 -  SEARCHING 350200 TOGGLE 5 ITEM FOUND 3491
16:43:23.583 [main] INFO  c.c.app.process.impl.Search2Impl.fillDetail  266 - ** 3493 ** 350800 , 1 , 3493
16:43:23.583 [main] INFO  c.c.app.process.impl.Search2Impl.fillDetail  266 - ** 3494 ** 350800 , 1 , 3494
16:43:23.583 [main] INFO  c.c.app.process.impl.Search2Impl.fillDetail  266 - ** 3495 ** 350800 , 1 , 3495
16:43:23.583 [main] INFO  c.c.app.process.impl.Search2Impl.fillDetail  266 - ** 3496 ** 350800 , 1 , 3496
16:43:23.584 [main] INFO  c.c.app.process.impl.Search2Impl.fillDetail  266 - ** 3497 ** 350800 , 1 , 3497
16:43:23.584 [main] INFO  c.c.app.process.impl.Search2Impl.fillDetail  266 - ** 3498 ** 350800 , 1 , 3498
16:43:23.584 [main] INFO  c.c.app.process.impl.Search2Impl.searchAll  379 -  SEARCHING 350800 TOGGLE 6 ITEM FOUND 3497
16:43:23.584 [main] INFO  c.c.app.process.impl.Search2Impl.fillDetail  266 - ** 3499 ** 351000 , 1 , 3499
16:43:23.584 [main] INFO  c.c.app.process.impl.Search2Impl.fillDetail  266 - ** 3500 ** 351000 , 1 , 3500
16:43:23.584 [main] INFO  c.c.app.process.impl.Search2Impl.searchAll  379 -  SEARCHING 351000 TOGGLE 2 ITEM FOUND 3500
16:43:23.584 [main] INFO  c.c.app.process.impl.Search2Impl.fillDetail  266 - ** 3501 ** 351300 , 1 , 3501
16:43:23.584 [main] INFO  c.c.app.process.impl.Search2Impl.fillDetail  266 - ** 3502 ** 351300 , 1 , 3502
16:43:23.584 [main] INFO  c.c.app.process.impl.Search2Impl.fillDetail  266 - ** 3503 ** 351300 , 1 , 3503
16:43:23.584 [main] INFO  c.c.app.process.impl.Search2Impl.searchAll  379 -  SEARCHING 351300 TOGGLE 3 ITEM FOUND 3503
16:43:23.584 [main] INFO  c.c.app.process.impl.Search2Impl.fillDetail  266 - ** 3504 ** 351700 , 1 , 3504
16:43:23.584 [main] INFO  c.c.app.process.impl.Search2Impl.fillDetail  266 - ** 3505 ** 351700 , 1 , 3505
16:43:23.584 [main] INFO  c.c.app.process.impl.Search2Impl.fillDetail  266 - ** 3506 ** 351700 , 1 , 3506
16:43:23.584 [main] INFO  c.c.app.process.impl.Search2Impl.fillDetail  266 - ** 3507 ** 351700 , 1 , 3507
16:43:23.584 [main] INFO  c.c.app.process.impl.Search2Impl.searchAll  379 -  SEARCHING 351700 TOGGLE 4 ITEM FOUND 3505
16:43:23.584 [main] INFO  c.c.app.process.impl.Search2Impl.fillDetail  266 - ** 3508 ** 352200 , 1 , 3508
16:43:23.584 [main] INFO  c.c.app.process.impl.Search2Impl.fillDetail  266 - ** 3509 ** 352200 , 1 , 3509
16:43:23.584 [main] INFO  c.c.app.process.impl.Search2Impl.fillDetail  266 - ** 3510 ** 352200 , 1 , 3510
16:43:23.584 [main] INFO  c.c.app.process.impl.Search2Impl.fillDetail  266 - ** 3511 ** 352200 , 1 , 3511
16:43:23.585 [main] INFO  c.c.app.process.impl.Search2Impl.fillDetail  266 - ** 3512 ** 352200 , 1 , 3512
16:43:23.585 [main] INFO  c.c.app.process.impl.Search2Impl.searchAll  379 -  SEARCHING 352200 TOGGLE 5 ITEM FOUND 3508
16:43:23.585 [main] INFO  c.c.app.process.impl.Search2Impl.fillDetail  266 - ** 3513 ** 352800 , 1 , 3513
16:43:23.585 [main] INFO  c.c.app.process.impl.Search2Impl.fillDetail  266 - ** 3514 ** 352800 , 1 , 3514
16:43:23.585 [main] INFO  c.c.app.process.impl.Search2Impl.fillDetail  266 - ** 3515 ** 352800 , 1 , 3515
16:43:23.585 [main] INFO  c.c.app.process.impl.Search2Impl.fillDetail  266 - ** 3516 ** 352800 , 1 , 3516
16:43:23.585 [main] INFO  c.c.app.process.impl.Search2Impl.fillDetail  266 - ** 3517 ** 352800 , 1 , 3517
16:43:23.585 [main] INFO  c.c.app.process.impl.Search2Impl.fillDetail  266 - ** 3518 ** 352800 , 1 , 3518
16:43:23.585 [main] INFO  c.c.app.process.impl.Search2Impl.searchAll  379 -  SEARCHING 352800 TOGGLE 6 ITEM FOUND 3514
16:43:23.585 [main] INFO  c.c.app.process.impl.Search2Impl.fillDetail  266 - ** 3519 ** 353000 , 1 , 3519
16:43:23.585 [main] INFO  c.c.app.process.impl.Search2Impl.fillDetail  266 - ** 3520 ** 353000 , 1 , 3520
16:43:23.585 [main] INFO  c.c.app.process.impl.Search2Impl.searchAll  379 -  SEARCHING 353000 TOGGLE 2 ITEM FOUND 3520
16:43:23.585 [main] INFO  c.c.app.process.impl.Search2Impl.fillDetail  266 - ** 3521 ** 353300 , 1 , 3521
16:43:23.585 [main] INFO  c.c.app.process.impl.Search2Impl.fillDetail  266 - ** 3522 ** 353300 , 1 , 3522
16:43:23.585 [main] INFO  c.c.app.process.impl.Search2Impl.fillDetail  266 - ** 3523 ** 353300 , 1 , 3523
16:43:23.585 [main] INFO  c.c.app.process.impl.Search2Impl.searchAll  379 -  SEARCHING 353300 TOGGLE 3 ITEM FOUND 3523
16:43:23.585 [main] INFO  c.c.app.process.impl.Search2Impl.fillDetail  266 - ** 3524 ** 353700 , 1 , 3524
16:43:23.585 [main] INFO  c.c.app.process.impl.Search2Impl.fillDetail  266 - ** 3525 ** 353700 , 1 , 3525
16:43:23.586 [main] INFO  c.c.app.process.impl.Search2Impl.fillDetail  266 - ** 3526 ** 353700 , 1 , 3526
16:43:23.586 [main] INFO  c.c.app.process.impl.Search2Impl.fillDetail  266 - ** 3527 ** 353700 , 1 , 3527
16:43:23.586 [main] INFO  c.c.app.process.impl.Search2Impl.searchAll  379 -  SEARCHING 353700 TOGGLE 4 ITEM FOUND 3526
16:43:23.586 [main] INFO  c.c.app.process.impl.Search2Impl.fillDetail  266 - ** 3528 ** 354200 , 1 , 3528
16:43:23.586 [main] INFO  c.c.app.process.impl.Search2Impl.fillDetail  266 - ** 3529 ** 354200 , 1 , 3529
16:43:23.586 [main] INFO  c.c.app.process.impl.Search2Impl.fillDetail  266 - ** 3530 ** 354200 , 1 , 3530
16:43:23.586 [main] INFO  c.c.app.process.impl.Search2Impl.fillDetail  266 - ** 3531 ** 354200 , 1 , 3531
16:43:23.586 [main] INFO  c.c.app.process.impl.Search2Impl.fillDetail  266 - ** 3532 ** 354200 , 1 , 3532
16:43:23.586 [main] INFO  c.c.app.process.impl.Search2Impl.searchAll  379 -  SEARCHING 354200 TOGGLE 5 ITEM FOUND 3531
16:43:23.586 [main] INFO  c.c.app.process.impl.Search2Impl.fillDetail  266 - ** 3533 ** 354800 , 1 , 3533
16:43:23.586 [main] INFO  c.c.app.process.impl.Search2Impl.fillDetail  266 - ** 3534 ** 354800 , 1 , 3534
16:43:23.586 [main] INFO  c.c.app.process.impl.Search2Impl.fillDetail  266 - ** 3535 ** 354800 , 1 , 3535
16:43:23.586 [main] INFO  c.c.app.process.impl.Search2Impl.fillDetail  266 - ** 3536 ** 354800 , 1 , 3536
16:43:23.586 [main] INFO  c.c.app.process.impl.Search2Impl.fillDetail  266 - ** 3537 ** 354800 , 1 , 3537
16:43:23.586 [main] INFO  c.c.app.process.impl.Search2Impl.fillDetail  266 - ** 3538 ** 354800 , 1 , 3538
16:43:23.586 [main] INFO  c.c.app.process.impl.Search2Impl.searchAll  379 -  SEARCHING 354800 TOGGLE 6 ITEM FOUND 3537
16:43:23.586 [main] INFO  c.c.app.process.impl.Search2Impl.fillDetail  266 - ** 3539 ** 355000 , 1 , 3539
16:43:23.586 [main] INFO  c.c.app.process.impl.Search2Impl.fillDetail  266 - ** 3540 ** 355000 , 1 , 3540
16:43:23.586 [main] INFO  c.c.app.process.impl.Search2Impl.searchAll  379 -  SEARCHING 355000 TOGGLE 2 ITEM FOUND 3540
16:43:23.586 [main] INFO  c.c.app.process.impl.Search2Impl.fillDetail  266 - ** 3541 ** 355300 , 1 , 3541
16:43:23.587 [main] INFO  c.c.app.process.impl.Search2Impl.fillDetail  266 - ** 3542 ** 355300 , 1 , 3542
16:43:23.587 [main] INFO  c.c.app.process.impl.Search2Impl.fillDetail  266 - ** 3543 ** 355300 , 1 , 3543
16:43:23.587 [main] INFO  c.c.app.process.impl.Search2Impl.searchAll  379 -  SEARCHING 355300 TOGGLE 3 ITEM FOUND 3543
16:43:23.587 [main] INFO  c.c.app.process.impl.Search2Impl.fillDetail  266 - ** 3544 ** 355700 , 1 , 3544
16:43:23.587 [main] INFO  c.c.app.process.impl.Search2Impl.fillDetail  266 - ** 3545 ** 355700 , 1 , 3545
16:43:23.587 [main] INFO  c.c.app.process.impl.Search2Impl.fillDetail  266 - ** 3546 ** 355700 , 1 , 3546
16:43:23.587 [main] INFO  c.c.app.process.impl.Search2Impl.fillDetail  266 - ** 3547 ** 355700 , 1 , 3547
16:43:23.587 [main] INFO  c.c.app.process.impl.Search2Impl.searchAll  379 -  SEARCHING 355700 TOGGLE 4 ITEM FOUND 3546
16:43:23.587 [main] INFO  c.c.app.process.impl.Search2Impl.fillDetail  266 - ** 3548 ** 356200 , 1 , 3548
16:43:23.587 [main] INFO  c.c.app.process.impl.Search2Impl.fillDetail  266 - ** 3549 ** 356200 , 1 , 3549
16:43:23.587 [main] INFO  c.c.app.process.impl.Search2Impl.fillDetail  266 - ** 3550 ** 356200 , 1 , 3550
16:43:23.587 [main] INFO  c.c.app.process.impl.Search2Impl.fillDetail  266 - ** 3551 ** 356200 , 1 , 3551
16:43:23.587 [main] INFO  c.c.app.process.impl.Search2Impl.fillDetail  266 - ** 3552 ** 356200 , 1 , 3552
16:43:23.587 [main] INFO  c.c.app.process.impl.Search2Impl.searchAll  379 -  SEARCHING 356200 TOGGLE 5 ITEM FOUND 3549
16:43:23.587 [main] INFO  c.c.app.process.impl.Search2Impl.fillDetail  266 - ** 3553 ** 356800 , 1 , 3553
16:43:23.587 [main] INFO  c.c.app.process.impl.Search2Impl.fillDetail  266 - ** 3554 ** 356800 , 1 , 3554
16:43:23.587 [main] INFO  c.c.app.process.impl.Search2Impl.fillDetail  266 - ** 3555 ** 356800 , 1 , 3555
16:43:23.587 [main] INFO  c.c.app.process.impl.Search2Impl.fillDetail  266 - ** 3556 ** 356800 , 1 , 3556
16:43:23.587 [main] INFO  c.c.app.process.impl.Search2Impl.fillDetail  266 - ** 3557 ** 356800 , 1 , 3557
16:43:23.587 [main] INFO  c.c.app.process.impl.Search2Impl.fillDetail  266 - ** 3558 ** 356800 , 1 , 3558
16:43:23.587 [main] INFO  c.c.app.process.impl.Search2Impl.searchAll  379 -  SEARCHING 356800 TOGGLE 6 ITEM FOUND 3554
16:43:23.588 [main] INFO  c.c.app.process.impl.Search2Impl.fillDetail  266 - ** 3559 ** 357000 , 1 , 3559
16:43:23.588 [main] INFO  c.c.app.process.impl.Search2Impl.fillDetail  266 - ** 3560 ** 357000 , 1 , 3560
16:43:23.588 [main] INFO  c.c.app.process.impl.Search2Impl.searchAll  379 -  SEARCHING 357000 TOGGLE 2 ITEM FOUND 3560
16:43:23.588 [main] INFO  c.c.app.process.impl.Search2Impl.fillDetail  266 - ** 3561 ** 357300 , 1 , 3561
16:43:23.588 [main] INFO  c.c.app.process.impl.Search2Impl.fillDetail  266 - ** 3562 ** 357300 , 1 , 3562
16:43:23.588 [main] INFO  c.c.app.process.impl.Search2Impl.fillDetail  266 - ** 3563 ** 357300 , 1 , 3563
16:43:23.588 [main] INFO  c.c.app.process.impl.Search2Impl.searchAll  379 -  SEARCHING 357300 TOGGLE 3 ITEM FOUND 3563
16:43:23.588 [main] INFO  c.c.app.process.impl.Search2Impl.fillDetail  266 - ** 3564 ** 357700 , 1 , 3564
16:43:23.588 [main] INFO  c.c.app.process.impl.Search2Impl.fillDetail  266 - ** 3565 ** 357700 , 1 , 3565
16:43:23.588 [main] INFO  c.c.app.process.impl.Search2Impl.fillDetail  266 - ** 3566 ** 357700 , 1 , 3566
16:43:23.588 [main] INFO  c.c.app.process.impl.Search2Impl.fillDetail  266 - ** 3567 ** 357700 , 1 , 3567
16:43:23.588 [main] INFO  c.c.app.process.impl.Search2Impl.searchAll  379 -  SEARCHING 357700 TOGGLE 4 ITEM FOUND 3566
16:43:23.588 [main] INFO  c.c.app.process.impl.Search2Impl.fillDetail  266 - ** 3568 ** 358200 , 1 , 3568
16:43:23.588 [main] INFO  c.c.app.process.impl.Search2Impl.fillDetail  266 - ** 3569 ** 358200 , 1 , 3569
16:43:23.588 [main] INFO  c.c.app.process.impl.Search2Impl.fillDetail  266 - ** 3570 ** 358200 , 1 , 3570
16:43:23.588 [main] INFO  c.c.app.process.impl.Search2Impl.fillDetail  266 - ** 3571 ** 358200 , 1 , 3571
16:43:23.588 [main] INFO  c.c.app.process.impl.Search2Impl.fillDetail  266 - ** 3572 ** 358200 , 1 , 3572
16:43:23.588 [main] INFO  c.c.app.process.impl.Search2Impl.searchAll  379 -  SEARCHING 358200 TOGGLE 5 ITEM FOUND 3572
16:43:23.589 [main] INFO  c.c.app.process.impl.Search2Impl.fillDetail  266 - ** 3573 ** 358800 , 1 , 3573
16:43:23.589 [main] INFO  c.c.app.process.impl.Search2Impl.fillDetail  266 - ** 3574 ** 358800 , 1 , 3574
16:43:23.589 [main] INFO  c.c.app.process.impl.Search2Impl.fillDetail  266 - ** 3575 ** 358800 , 1 , 3575
16:43:23.589 [main] INFO  c.c.app.process.impl.Search2Impl.fillDetail  266 - ** 3576 ** 358800 , 1 , 3576
16:43:23.589 [main] INFO  c.c.app.process.impl.Search2Impl.fillDetail  266 - ** 3577 ** 358800 , 1 , 3577
16:43:23.589 [main] INFO  c.c.app.process.impl.Search2Impl.fillDetail  266 - ** 3578 ** 358800 , 1 , 3578
16:43:23.589 [main] INFO  c.c.app.process.impl.Search2Impl.searchAll  379 -  SEARCHING 358800 TOGGLE 6 ITEM FOUND 3577
16:43:23.589 [main] INFO  c.c.app.process.impl.Search2Impl.fillDetail  266 - ** 3579 ** 359000 , 1 , 3579
16:43:23.589 [main] INFO  c.c.app.process.impl.Search2Impl.fillDetail  266 - ** 3580 ** 359000 , 1 , 3580
16:43:23.589 [main] INFO  c.c.app.process.impl.Search2Impl.searchAll  379 -  SEARCHING 359000 TOGGLE 2 ITEM FOUND 3580
16:43:23.589 [main] INFO  c.c.app.process.impl.Search2Impl.fillDetail  266 - ** 3581 ** 359300 , 1 , 3581
16:43:23.589 [main] INFO  c.c.app.process.impl.Search2Impl.fillDetail  266 - ** 3582 ** 359300 , 1 , 3582
16:43:23.589 [main] INFO  c.c.app.process.impl.Search2Impl.fillDetail  266 - ** 3583 ** 359300 , 1 , 3583
16:43:23.589 [main] INFO  c.c.app.process.impl.Search2Impl.searchAll  379 -  SEARCHING 359300 TOGGLE 3 ITEM FOUND 3583
16:43:23.589 [main] INFO  c.c.app.process.impl.Search2Impl.fillDetail  266 - ** 3584 ** 359700 , 1 , 3584
16:43:23.589 [main] INFO  c.c.app.process.impl.Search2Impl.fillDetail  266 - ** 3585 ** 359700 , 1 , 3585
16:43:23.589 [main] INFO  c.c.app.process.impl.Search2Impl.fillDetail  266 - ** 3586 ** 359700 , 1 , 3586
16:43:23.589 [main] INFO  c.c.app.process.impl.Search2Impl.fillDetail  266 - ** 3587 ** 359700 , 1 , 3587
16:43:23.589 [main] INFO  c.c.app.process.impl.Search2Impl.searchAll  379 -  SEARCHING 359700 TOGGLE 4 ITEM FOUND 3586
16:43:23.589 [main] INFO  c.c.app.process.impl.Search2Impl.fillDetail  266 - ** 3588 ** 360200 , 1 , 3588
16:43:23.590 [main] INFO  c.c.app.process.impl.Search2Impl.fillDetail  266 - ** 3589 ** 360200 , 1 , 3589
16:43:23.590 [main] INFO  c.c.app.process.impl.Search2Impl.fillDetail  266 - ** 3590 ** 360200 , 1 , 3590
16:43:23.590 [main] INFO  c.c.app.process.impl.Search2Impl.fillDetail  266 - ** 3591 ** 360200 , 1 , 3591
16:43:23.590 [main] INFO  c.c.app.process.impl.Search2Impl.fillDetail  266 - ** 3592 ** 360200 , 1 , 3592
16:43:23.590 [main] INFO  c.c.app.process.impl.Search2Impl.searchAll  379 -  SEARCHING 360200 TOGGLE 5 ITEM FOUND 3589
16:43:23.590 [main] INFO  c.c.app.process.impl.Search2Impl.fillDetail  266 - ** 3593 ** 360800 , 1 , 3593
16:43:23.590 [main] INFO  c.c.app.process.impl.Search2Impl.fillDetail  266 - ** 3594 ** 360800 , 1 , 3594
16:43:23.590 [main] INFO  c.c.app.process.impl.Search2Impl.fillDetail  266 - ** 3595 ** 360800 , 1 , 3595
16:43:23.590 [main] INFO  c.c.app.process.impl.Search2Impl.fillDetail  266 - ** 3596 ** 360800 , 1 , 3596
16:43:23.590 [main] INFO  c.c.app.process.impl.Search2Impl.fillDetail  266 - ** 3597 ** 360800 , 1 , 3597
16:43:23.590 [main] INFO  c.c.app.process.impl.Search2Impl.fillDetail  266 - ** 3598 ** 360800 , 1 , 3598
16:43:23.590 [main] INFO  c.c.app.process.impl.Search2Impl.searchAll  379 -  SEARCHING 360800 TOGGLE 6 ITEM FOUND 3595
16:43:23.590 [main] INFO  c.c.app.process.impl.Search2Impl.fillDetail  266 - ** 3599 ** 361000 , 1 , 3599
16:43:23.590 [main] INFO  c.c.app.process.impl.Search2Impl.fillDetail  266 - ** 3600 ** 361000 , 1 , 3600
16:43:23.590 [main] INFO  c.c.app.process.impl.Search2Impl.searchAll  379 -  SEARCHING 361000 TOGGLE 2 ITEM FOUND 3600
16:43:23.590 [main] INFO  c.c.app.process.impl.Search2Impl.fillDetail  266 - ** 3601 ** 361300 , 1 , 3601
16:43:23.590 [main] INFO  c.c.app.process.impl.Search2Impl.fillDetail  266 - ** 3602 ** 361300 , 1 , 3602
16:43:23.590 [main] INFO  c.c.app.process.impl.Search2Impl.fillDetail  266 - ** 3603 ** 361300 , 1 , 3603
16:43:23.590 [main] INFO  c.c.app.process.impl.Search2Impl.searchAll  379 -  SEARCHING 361300 TOGGLE 3 ITEM FOUND 3603
16:43:23.590 [main] INFO  c.c.app.process.impl.Search2Impl.fillDetail  266 - ** 3604 ** 361700 , 1 , 3604
16:43:23.591 [main] INFO  c.c.app.process.impl.Search2Impl.fillDetail  266 - ** 3605 ** 361700 , 1 , 3605
16:43:23.591 [main] INFO  c.c.app.process.impl.Search2Impl.fillDetail  266 - ** 3606 ** 361700 , 1 , 3606
16:43:23.591 [main] INFO  c.c.app.process.impl.Search2Impl.fillDetail  266 - ** 3607 ** 361700 , 1 , 3607
16:43:23.591 [main] INFO  c.c.app.process.impl.Search2Impl.searchAll  379 -  SEARCHING 361700 TOGGLE 4 ITEM FOUND 3606
16:43:23.591 [main] INFO  c.c.app.process.impl.Search2Impl.fillDetail  266 - ** 3608 ** 362200 , 1 , 3608
16:43:23.591 [main] INFO  c.c.app.process.impl.Search2Impl.fillDetail  266 - ** 3609 ** 362200 , 1 , 3609
16:43:23.591 [main] INFO  c.c.app.process.impl.Search2Impl.fillDetail  266 - ** 3610 ** 362200 , 1 , 3610
16:43:23.591 [main] INFO  c.c.app.process.impl.Search2Impl.fillDetail  266 - ** 3611 ** 362200 , 1 , 3611
16:43:23.591 [main] INFO  c.c.app.process.impl.Search2Impl.fillDetail  266 - ** 3612 ** 362200 , 1 , 3612
16:43:23.591 [main] INFO  c.c.app.process.impl.Search2Impl.searchAll  379 -  SEARCHING 362200 TOGGLE 5 ITEM FOUND 3612
16:43:23.591 [main] INFO  c.c.app.process.impl.Search2Impl.fillDetail  266 - ** 3613 ** 362800 , 1 , 3613
16:43:23.591 [main] INFO  c.c.app.process.impl.Search2Impl.fillDetail  266 - ** 3614 ** 362800 , 1 , 3614
16:43:23.591 [main] INFO  c.c.app.process.impl.Search2Impl.fillDetail  266 - ** 3615 ** 362800 , 1 , 3615
16:43:23.591 [main] INFO  c.c.app.process.impl.Search2Impl.fillDetail  266 - ** 3616 ** 362800 , 1 , 3616
16:43:23.591 [main] INFO  c.c.app.process.impl.Search2Impl.fillDetail  266 - ** 3617 ** 362800 , 1 , 3617
16:43:23.591 [main] INFO  c.c.app.process.impl.Search2Impl.fillDetail  266 - ** 3618 ** 362800 , 1 , 3618
16:43:23.591 [main] INFO  c.c.app.process.impl.Search2Impl.searchAll  379 -  SEARCHING 362800 TOGGLE 6 ITEM FOUND 3618
16:43:23.592 [main] INFO  c.c.app.process.impl.Search2Impl.fillDetail  266 - ** 3619 ** 363000 , 1 , 3619
16:43:23.592 [main] INFO  c.c.app.process.impl.Search2Impl.fillDetail  266 - ** 3620 ** 363000 , 1 , 3620
16:43:23.592 [main] INFO  c.c.app.process.impl.Search2Impl.searchAll  379 -  SEARCHING 363000 TOGGLE 2 ITEM FOUND 3620
16:43:23.592 [main] INFO  c.c.app.process.impl.Search2Impl.fillDetail  266 - ** 3621 ** 363300 , 1 , 3621
16:43:23.592 [main] INFO  c.c.app.process.impl.Search2Impl.fillDetail  266 - ** 3622 ** 363300 , 1 , 3622
16:43:23.592 [main] INFO  c.c.app.process.impl.Search2Impl.fillDetail  266 - ** 3623 ** 363300 , 1 , 3623
16:43:23.592 [main] INFO  c.c.app.process.impl.Search2Impl.searchAll  379 -  SEARCHING 363300 TOGGLE 3 ITEM FOUND 3623
16:43:23.592 [main] INFO  c.c.app.process.impl.Search2Impl.fillDetail  266 - ** 3624 ** 363700 , 1 , 3624
16:43:23.592 [main] INFO  c.c.app.process.impl.Search2Impl.fillDetail  266 - ** 3625 ** 363700 , 1 , 3625
16:43:23.592 [main] INFO  c.c.app.process.impl.Search2Impl.fillDetail  266 - ** 3626 ** 363700 , 1 , 3626
16:43:23.592 [main] INFO  c.c.app.process.impl.Search2Impl.fillDetail  266 - ** 3627 ** 363700 , 1 , 3627
16:43:23.592 [main] INFO  c.c.app.process.impl.Search2Impl.searchAll  379 -  SEARCHING 363700 TOGGLE 4 ITEM FOUND 3626
16:43:23.592 [main] INFO  c.c.app.process.impl.Search2Impl.fillDetail  266 - ** 3628 ** 364200 , 1 , 3628
16:43:23.592 [main] INFO  c.c.app.process.impl.Search2Impl.fillDetail  266 - ** 3629 ** 364200 , 1 , 3629
16:43:23.592 [main] INFO  c.c.app.process.impl.Search2Impl.fillDetail  266 - ** 3630 ** 364200 , 1 , 3630
16:43:23.592 [main] INFO  c.c.app.process.impl.Search2Impl.fillDetail  266 - ** 3631 ** 364200 , 1 , 3631
16:43:23.592 [main] INFO  c.c.app.process.impl.Search2Impl.fillDetail  266 - ** 3632 ** 364200 , 1 , 3632
16:43:23.592 [main] INFO  c.c.app.process.impl.Search2Impl.searchAll  379 -  SEARCHING 364200 TOGGLE 5 ITEM FOUND 3629
16:43:23.592 [main] INFO  c.c.app.process.impl.Search2Impl.fillDetail  266 - ** 3633 ** 364800 , 1 , 3633
16:43:23.592 [main] INFO  c.c.app.process.impl.Search2Impl.fillDetail  266 - ** 3634 ** 364800 , 1 , 3634
16:43:23.593 [main] INFO  c.c.app.process.impl.Search2Impl.fillDetail  266 - ** 3635 ** 364800 , 1 , 3635
16:43:23.593 [main] INFO  c.c.app.process.impl.Search2Impl.fillDetail  266 - ** 3636 ** 364800 , 1 , 3636
16:43:23.593 [main] INFO  c.c.app.process.impl.Search2Impl.fillDetail  266 - ** 3637 ** 364800 , 1 , 3637
16:43:23.593 [main] INFO  c.c.app.process.impl.Search2Impl.fillDetail  266 - ** 3638 ** 364800 , 1 , 3638
16:43:23.593 [main] INFO  c.c.app.process.impl.Search2Impl.searchAll  379 -  SEARCHING 364800 TOGGLE 6 ITEM FOUND 3635
16:43:23.593 [main] INFO  c.c.app.process.impl.Search2Impl.fillDetail  266 - ** 3639 ** 365000 , 1 , 3639
16:43:23.593 [main] INFO  c.c.app.process.impl.Search2Impl.fillDetail  266 - ** 3640 ** 365000 , 1 , 3640
16:43:23.593 [main] INFO  c.c.app.process.impl.Search2Impl.searchAll  379 -  SEARCHING 365000 TOGGLE 2 ITEM FOUND 3639
16:43:23.593 [main] INFO  c.c.app.process.impl.Search2Impl.fillDetail  266 - ** 3641 ** 365300 , 1 , 3641
16:43:23.593 [main] INFO  c.c.app.process.impl.Search2Impl.fillDetail  266 - ** 3642 ** 365300 , 1 , 3642
16:43:23.593 [main] INFO  c.c.app.process.impl.Search2Impl.fillDetail  266 - ** 3643 ** 365300 , 1 , 3643
16:43:23.593 [main] INFO  c.c.app.process.impl.Search2Impl.searchAll  379 -  SEARCHING 365300 TOGGLE 3 ITEM FOUND 3641
16:43:23.593 [main] INFO  c.c.app.process.impl.Search2Impl.fillDetail  266 - ** 3644 ** 365700 , 1 , 3644
16:43:23.593 [main] INFO  c.c.app.process.impl.Search2Impl.fillDetail  266 - ** 3645 ** 365700 , 1 , 3645
16:43:23.593 [main] INFO  c.c.app.process.impl.Search2Impl.fillDetail  266 - ** 3646 ** 365700 , 1 , 3646
16:43:23.593 [main] INFO  c.c.app.process.impl.Search2Impl.fillDetail  266 - ** 3647 ** 365700 , 1 , 3647
16:43:23.593 [main] INFO  c.c.app.process.impl.Search2Impl.searchAll  379 -  SEARCHING 365700 TOGGLE 4 ITEM FOUND 3646
16:43:23.593 [main] INFO  c.c.app.process.impl.Search2Impl.fillDetail  266 - ** 3648 ** 366200 , 1 , 3648
16:43:23.593 [main] INFO  c.c.app.process.impl.Search2Impl.fillDetail  266 - ** 3649 ** 366200 , 1 , 3649
16:43:23.593 [main] INFO  c.c.app.process.impl.Search2Impl.fillDetail  266 - ** 3650 ** 366200 , 1 , 3650
16:43:23.594 [main] INFO  c.c.app.process.impl.Search2Impl.fillDetail  266 - ** 3651 ** 366200 , 1 , 3651
16:43:23.594 [main] INFO  c.c.app.process.impl.Search2Impl.fillDetail  266 - ** 3652 ** 366200 , 1 , 3652
16:43:23.594 [main] INFO  c.c.app.process.impl.Search2Impl.searchAll  379 -  SEARCHING 366200 TOGGLE 5 ITEM FOUND 3652
16:43:23.594 [main] INFO  c.c.app.process.impl.Search2Impl.fillDetail  266 - ** 3653 ** 366800 , 1 , 3653
16:43:23.594 [main] INFO  c.c.app.process.impl.Search2Impl.fillDetail  266 - ** 3654 ** 366800 , 1 , 3654
16:43:23.594 [main] INFO  c.c.app.process.impl.Search2Impl.fillDetail  266 - ** 3655 ** 366800 , 1 , 3655
16:43:23.594 [main] INFO  c.c.app.process.impl.Search2Impl.fillDetail  266 - ** 3656 ** 366800 , 1 , 3656
16:43:23.594 [main] INFO  c.c.app.process.impl.Search2Impl.fillDetail  266 - ** 3657 ** 366800 , 1 , 3657
16:43:23.594 [main] INFO  c.c.app.process.impl.Search2Impl.fillDetail  266 - ** 3658 ** 366800 , 1 , 3658
16:43:23.594 [main] INFO  c.c.app.process.impl.Search2Impl.searchAll  379 -  SEARCHING 366800 TOGGLE 6 ITEM FOUND 3658
16:43:23.594 [main] INFO  c.c.app.process.impl.Search2Impl.fillDetail  266 - ** 3659 ** 367000 , 1 , 3659
16:43:23.594 [main] INFO  c.c.app.process.impl.Search2Impl.fillDetail  266 - ** 3660 ** 367000 , 1 , 3660
16:43:23.594 [main] INFO  c.c.app.process.impl.Search2Impl.searchAll  379 -  SEARCHING 367000 TOGGLE 2 ITEM FOUND 3659
16:43:23.594 [main] INFO  c.c.app.process.impl.Search2Impl.fillDetail  266 - ** 3661 ** 367300 , 1 , 3661
16:43:23.594 [main] INFO  c.c.app.process.impl.Search2Impl.fillDetail  266 - ** 3662 ** 367300 , 1 , 3662
16:43:23.594 [main] INFO  c.c.app.process.impl.Search2Impl.fillDetail  266 - ** 3663 ** 367300 , 1 , 3663
16:43:23.594 [main] INFO  c.c.app.process.impl.Search2Impl.searchAll  379 -  SEARCHING 367300 TOGGLE 3 ITEM FOUND 3661
16:43:23.594 [main] INFO  c.c.app.process.impl.Search2Impl.fillDetail  266 - ** 3664 ** 367700 , 1 , 3664
16:43:23.594 [main] INFO  c.c.app.process.impl.Search2Impl.fillDetail  266 - ** 3665 ** 367700 , 1 , 3665
16:43:23.594 [main] INFO  c.c.app.process.impl.Search2Impl.fillDetail  266 - ** 3666 ** 367700 , 1 , 3666
16:43:23.594 [main] INFO  c.c.app.process.impl.Search2Impl.fillDetail  266 - ** 3667 ** 367700 , 1 , 3667
16:43:23.594 [main] INFO  c.c.app.process.impl.Search2Impl.searchAll  379 -  SEARCHING 367700 TOGGLE 4 ITEM FOUND 3664
16:43:23.595 [main] INFO  c.c.app.process.impl.Search2Impl.fillDetail  266 - ** 3668 ** 368200 , 1 , 3668
16:43:23.595 [main] INFO  c.c.app.process.impl.Search2Impl.fillDetail  266 - ** 3669 ** 368200 , 1 , 3669
16:43:23.595 [main] INFO  c.c.app.process.impl.Search2Impl.fillDetail  266 - ** 3670 ** 368200 , 1 , 3670
16:43:23.595 [main] INFO  c.c.app.process.impl.Search2Impl.fillDetail  266 - ** 3671 ** 368200 , 1 , 3671
16:43:23.595 [main] INFO  c.c.app.process.impl.Search2Impl.fillDetail  266 - ** 3672 ** 368200 , 1 , 3672
16:43:23.595 [main] INFO  c.c.app.process.impl.Search2Impl.searchAll  379 -  SEARCHING 368200 TOGGLE 5 ITEM FOUND 3670
16:43:23.595 [main] INFO  c.c.app.process.impl.Search2Impl.fillDetail  266 - ** 3673 ** 368800 , 1 , 3673
16:43:23.595 [main] INFO  c.c.app.process.impl.Search2Impl.fillDetail  266 - ** 3674 ** 368800 , 1 , 3674
16:43:23.595 [main] INFO  c.c.app.process.impl.Search2Impl.fillDetail  266 - ** 3675 ** 368800 , 1 , 3675
16:43:23.595 [main] INFO  c.c.app.process.impl.Search2Impl.fillDetail  266 - ** 3676 ** 368800 , 1 , 3676
16:43:23.595 [main] INFO  c.c.app.process.impl.Search2Impl.fillDetail  266 - ** 3677 ** 368800 , 1 , 3677
16:43:23.595 [main] INFO  c.c.app.process.impl.Search2Impl.fillDetail  266 - ** 3678 ** 368800 , 1 , 3678
16:43:23.595 [main] INFO  c.c.app.process.impl.Search2Impl.searchAll  379 -  SEARCHING 368800 TOGGLE 6 ITEM FOUND 3676
16:43:23.595 [main] INFO  c.c.app.process.impl.Search2Impl.fillDetail  266 - ** 3679 ** 369000 , 1 , 3679
16:43:23.595 [main] INFO  c.c.app.process.impl.Search2Impl.fillDetail  266 - ** 3680 ** 369000 , 1 , 3680
16:43:23.595 [main] INFO  c.c.app.process.impl.Search2Impl.searchAll  379 -  SEARCHING 369000 TOGGLE 2 ITEM FOUND 3679
16:43:23.595 [main] INFO  c.c.app.process.impl.Search2Impl.fillDetail  266 - ** 3681 ** 369300 , 1 , 3681
16:43:23.595 [main] INFO  c.c.app.process.impl.Search2Impl.fillDetail  266 - ** 3682 ** 369300 , 1 , 3682
16:43:23.595 [main] INFO  c.c.app.process.impl.Search2Impl.fillDetail  266 - ** 3683 ** 369300 , 1 , 3683
16:43:23.596 [main] INFO  c.c.app.process.impl.Search2Impl.searchAll  379 -  SEARCHING 369300 TOGGLE 3 ITEM FOUND 3682
16:43:23.596 [main] INFO  c.c.app.process.impl.Search2Impl.fillDetail  266 - ** 3684 ** 369700 , 1 , 3684
16:43:23.596 [main] INFO  c.c.app.process.impl.Search2Impl.fillDetail  266 - ** 3685 ** 369700 , 1 , 3685
16:43:23.596 [main] INFO  c.c.app.process.impl.Search2Impl.fillDetail  266 - ** 3686 ** 369700 , 1 , 3686
16:43:23.596 [main] INFO  c.c.app.process.impl.Search2Impl.fillDetail  266 - ** 3687 ** 369700 , 1 , 3687
16:43:23.596 [main] INFO  c.c.app.process.impl.Search2Impl.searchAll  379 -  SEARCHING 369700 TOGGLE 4 ITEM FOUND 3685
16:43:23.596 [main] INFO  c.c.app.process.impl.Search2Impl.fillDetail  266 - ** 3688 ** 370200 , 1 , 3688
16:43:23.596 [main] INFO  c.c.app.process.impl.Search2Impl.fillDetail  266 - ** 3689 ** 370200 , 1 , 3689
16:43:23.596 [main] INFO  c.c.app.process.impl.Search2Impl.fillDetail  266 - ** 3690 ** 370200 , 1 , 3690
16:43:23.596 [main] INFO  c.c.app.process.impl.Search2Impl.fillDetail  266 - ** 3691 ** 370200 , 1 , 3691
16:43:23.596 [main] INFO  c.c.app.process.impl.Search2Impl.fillDetail  266 - ** 3692 ** 370200 , 1 , 3692
16:43:23.596 [main] INFO  c.c.app.process.impl.Search2Impl.searchAll  379 -  SEARCHING 370200 TOGGLE 5 ITEM FOUND 3688
16:43:23.596 [main] INFO  c.c.app.process.impl.Search2Impl.fillDetail  266 - ** 3693 ** 370800 , 1 , 3693
16:43:23.596 [main] INFO  c.c.app.process.impl.Search2Impl.fillDetail  266 - ** 3694 ** 370800 , 1 , 3694
16:43:23.596 [main] INFO  c.c.app.process.impl.Search2Impl.fillDetail  266 - ** 3695 ** 370800 , 1 , 3695
16:43:23.596 [main] INFO  c.c.app.process.impl.Search2Impl.fillDetail  266 - ** 3696 ** 370800 , 1 , 3696
16:43:23.596 [main] INFO  c.c.app.process.impl.Search2Impl.fillDetail  266 - ** 3697 ** 370800 , 1 , 3697
16:43:23.596 [main] INFO  c.c.app.process.impl.Search2Impl.fillDetail  266 - ** 3698 ** 370800 , 1 , 3698
16:43:23.597 [main] INFO  c.c.app.process.impl.Search2Impl.searchAll  379 -  SEARCHING 370800 TOGGLE 6 ITEM FOUND 3693
16:43:23.597 [main] INFO  c.c.app.process.impl.Search2Impl.fillDetail  266 - ** 3699 ** 371000 , 1 , 3699
16:43:23.597 [main] INFO  c.c.app.process.impl.Search2Impl.fillDetail  266 - ** 3700 ** 371000 , 1 , 3700
16:43:23.597 [main] INFO  c.c.app.process.impl.Search2Impl.searchAll  379 -  SEARCHING 371000 TOGGLE 2 ITEM FOUND 3699
16:43:23.597 [main] INFO  c.c.app.process.impl.Search2Impl.fillDetail  266 - ** 3701 ** 371300 , 1 , 3701
16:43:23.597 [main] INFO  c.c.app.process.impl.Search2Impl.fillDetail  266 - ** 3702 ** 371300 , 1 , 3702
16:43:23.597 [main] INFO  c.c.app.process.impl.Search2Impl.fillDetail  266 - ** 3703 ** 371300 , 1 , 3703
16:43:23.597 [main] INFO  c.c.app.process.impl.Search2Impl.searchAll  379 -  SEARCHING 371300 TOGGLE 3 ITEM FOUND 3702
16:43:23.597 [main] INFO  c.c.app.process.impl.Search2Impl.fillDetail  266 - ** 3704 ** 371700 , 1 , 3704
16:43:23.597 [main] INFO  c.c.app.process.impl.Search2Impl.fillDetail  266 - ** 3705 ** 371700 , 1 , 3705
16:43:23.597 [main] INFO  c.c.app.process.impl.Search2Impl.fillDetail  266 - ** 3706 ** 371700 , 1 , 3706
16:43:23.597 [main] INFO  c.c.app.process.impl.Search2Impl.fillDetail  266 - ** 3707 ** 371700 , 1 , 3707
16:43:23.597 [main] INFO  c.c.app.process.impl.Search2Impl.searchAll  379 -  SEARCHING 371700 TOGGLE 4 ITEM FOUND 3705
16:43:23.597 [main] INFO  c.c.app.process.impl.Search2Impl.fillDetail  266 - ** 3708 ** 372200 , 1 , 3708
16:43:23.597 [main] INFO  c.c.app.process.impl.Search2Impl.fillDetail  266 - ** 3709 ** 372200 , 1 , 3709
16:43:23.597 [main] INFO  c.c.app.process.impl.Search2Impl.fillDetail  266 - ** 3710 ** 372200 , 1 , 3710
16:43:23.597 [main] INFO  c.c.app.process.impl.Search2Impl.fillDetail  266 - ** 3711 ** 372200 , 1 , 3711
16:43:23.597 [main] INFO  c.c.app.process.impl.Search2Impl.fillDetail  266 - ** 3712 ** 372200 , 1 , 3712
16:43:23.597 [main] INFO  c.c.app.process.impl.Search2Impl.searchAll  379 -  SEARCHING 372200 TOGGLE 5 ITEM FOUND 3711
16:43:23.597 [main] INFO  c.c.app.process.impl.Search2Impl.fillDetail  266 - ** 3713 ** 372800 , 1 , 3713
16:43:23.597 [main] INFO  c.c.app.process.impl.Search2Impl.fillDetail  266 - ** 3714 ** 372800 , 1 , 3714
16:43:23.597 [main] INFO  c.c.app.process.impl.Search2Impl.fillDetail  266 - ** 3715 ** 372800 , 1 , 3715
16:43:23.598 [main] INFO  c.c.app.process.impl.Search2Impl.fillDetail  266 - ** 3716 ** 372800 , 1 , 3716
16:43:23.598 [main] INFO  c.c.app.process.impl.Search2Impl.fillDetail  266 - ** 3717 ** 372800 , 1 , 3717
16:43:23.598 [main] INFO  c.c.app.process.impl.Search2Impl.fillDetail  266 - ** 3718 ** 372800 , 1 , 3718
16:43:23.598 [main] INFO  c.c.app.process.impl.Search2Impl.searchAll  379 -  SEARCHING 372800 TOGGLE 6 ITEM FOUND 3716
16:43:23.598 [main] INFO  c.c.app.process.impl.Search2Impl.fillDetail  266 - ** 3719 ** 373000 , 1 , 3719
16:43:23.598 [main] INFO  c.c.app.process.impl.Search2Impl.fillDetail  266 - ** 3720 ** 373000 , 1 , 3720
16:43:23.598 [main] INFO  c.c.app.process.impl.Search2Impl.searchAll  379 -  SEARCHING 373000 TOGGLE 2 ITEM FOUND 3719
16:43:23.598 [main] INFO  c.c.app.process.impl.Search2Impl.fillDetail  266 - ** 3721 ** 373300 , 1 , 3721
16:43:23.598 [main] INFO  c.c.app.process.impl.Search2Impl.fillDetail  266 - ** 3722 ** 373300 , 1 , 3722
16:43:23.598 [main] INFO  c.c.app.process.impl.Search2Impl.fillDetail  266 - ** 3723 ** 373300 , 1 , 3723
16:43:23.598 [main] INFO  c.c.app.process.impl.Search2Impl.searchAll  379 -  SEARCHING 373300 TOGGLE 3 ITEM FOUND 3722
16:43:23.598 [main] INFO  c.c.app.process.impl.Search2Impl.fillDetail  266 - ** 3724 ** 373700 , 1 , 3724
16:43:23.598 [main] INFO  c.c.app.process.impl.Search2Impl.fillDetail  266 - ** 3725 ** 373700 , 1 , 3725
16:43:23.598 [main] INFO  c.c.app.process.impl.Search2Impl.fillDetail  266 - ** 3726 ** 373700 , 1 , 3726
16:43:23.598 [main] INFO  c.c.app.process.impl.Search2Impl.fillDetail  266 - ** 3727 ** 373700 , 1 , 3727
16:43:23.598 [main] INFO  c.c.app.process.impl.Search2Impl.searchAll  379 -  SEARCHING 373700 TOGGLE 4 ITEM FOUND 3725
16:43:23.599 [main] INFO  c.c.app.process.impl.Search2Impl.fillDetail  266 - ** 3728 ** 374200 , 1 , 3728
16:43:23.599 [main] INFO  c.c.app.process.impl.Search2Impl.fillDetail  266 - ** 3729 ** 374200 , 1 , 3729
16:43:23.599 [main] INFO  c.c.app.process.impl.Search2Impl.fillDetail  266 - ** 3730 ** 374200 , 1 , 3730
16:43:23.599 [main] INFO  c.c.app.process.impl.Search2Impl.fillDetail  266 - ** 3731 ** 374200 , 1 , 3731
16:43:23.599 [main] INFO  c.c.app.process.impl.Search2Impl.fillDetail  266 - ** 3732 ** 374200 , 1 , 3732
16:43:23.599 [main] INFO  c.c.app.process.impl.Search2Impl.searchAll  379 -  SEARCHING 374200 TOGGLE 5 ITEM FOUND 3728
16:43:23.599 [main] INFO  c.c.app.process.impl.Search2Impl.fillDetail  266 - ** 3733 ** 374800 , 1 , 3733
16:43:23.599 [main] INFO  c.c.app.process.impl.Search2Impl.fillDetail  266 - ** 3734 ** 374800 , 1 , 3734
16:43:23.599 [main] INFO  c.c.app.process.impl.Search2Impl.fillDetail  266 - ** 3735 ** 374800 , 1 , 3735
16:43:23.599 [main] INFO  c.c.app.process.impl.Search2Impl.fillDetail  266 - ** 3736 ** 374800 , 1 , 3736
16:43:23.599 [main] INFO  c.c.app.process.impl.Search2Impl.fillDetail  266 - ** 3737 ** 374800 , 1 , 3737
16:43:23.599 [main] INFO  c.c.app.process.impl.Search2Impl.fillDetail  266 - ** 3738 ** 374800 , 1 , 3738
16:43:23.600 [main] INFO  c.c.app.process.impl.Search2Impl.searchAll  379 -  SEARCHING 374800 TOGGLE 6 ITEM FOUND 3734
16:43:23.600 [main] INFO  c.c.app.process.impl.Search2Impl.fillDetail  266 - ** 3739 ** 375000 , 1 , 3739
16:43:23.600 [main] INFO  c.c.app.process.impl.Search2Impl.fillDetail  266 - ** 3740 ** 375000 , 1 , 3740
16:43:23.600 [main] INFO  c.c.app.process.impl.Search2Impl.searchAll  379 -  SEARCHING 375000 TOGGLE 2 ITEM FOUND 3739
16:43:23.600 [main] INFO  c.c.app.process.impl.Search2Impl.fillDetail  266 - ** 3741 ** 375300 , 1 , 3741
16:43:23.600 [main] INFO  c.c.app.process.impl.Search2Impl.fillDetail  266 - ** 3742 ** 375300 , 1 , 3742
16:43:23.600 [main] INFO  c.c.app.process.impl.Search2Impl.fillDetail  266 - ** 3743 ** 375300 , 1 , 3743
16:43:23.600 [main] INFO  c.c.app.process.impl.Search2Impl.searchAll  379 -  SEARCHING 375300 TOGGLE 3 ITEM FOUND 3742
16:43:23.600 [main] INFO  c.c.app.process.impl.Search2Impl.fillDetail  266 - ** 3744 ** 375700 , 1 , 3744
16:43:23.600 [main] INFO  c.c.app.process.impl.Search2Impl.fillDetail  266 - ** 3745 ** 375700 , 1 , 3745
16:43:23.600 [main] INFO  c.c.app.process.impl.Search2Impl.fillDetail  266 - ** 3746 ** 375700 , 1 , 3746
16:43:23.600 [main] INFO  c.c.app.process.impl.Search2Impl.fillDetail  266 - ** 3747 ** 375700 , 1 , 3747
16:43:23.600 [main] INFO  c.c.app.process.impl.Search2Impl.searchAll  379 -  SEARCHING 375700 TOGGLE 4 ITEM FOUND 3745
16:43:23.601 [main] INFO  c.c.app.process.impl.Search2Impl.fillDetail  266 - ** 3748 ** 376200 , 1 , 3748
16:43:23.601 [main] INFO  c.c.app.process.impl.Search2Impl.fillDetail  266 - ** 3749 ** 376200 , 1 , 3749
16:43:23.601 [main] INFO  c.c.app.process.impl.Search2Impl.fillDetail  266 - ** 3750 ** 376200 , 1 , 3750
16:43:23.601 [main] INFO  c.c.app.process.impl.Search2Impl.fillDetail  266 - ** 3751 ** 376200 , 1 , 3751
16:43:23.601 [main] INFO  c.c.app.process.impl.Search2Impl.fillDetail  266 - ** 3752 ** 376200 , 1 , 3752
16:43:23.601 [main] INFO  c.c.app.process.impl.Search2Impl.searchAll  379 -  SEARCHING 376200 TOGGLE 5 ITEM FOUND 3751
16:43:23.601 [main] INFO  c.c.app.process.impl.Search2Impl.fillDetail  266 - ** 3753 ** 376800 , 1 , 3753
16:43:23.601 [main] INFO  c.c.app.process.impl.Search2Impl.fillDetail  266 - ** 3754 ** 376800 , 1 , 3754
16:43:23.601 [main] INFO  c.c.app.process.impl.Search2Impl.fillDetail  266 - ** 3755 ** 376800 , 1 , 3755
16:43:23.601 [main] INFO  c.c.app.process.impl.Search2Impl.fillDetail  266 - ** 3756 ** 376800 , 1 , 3756
16:43:23.601 [main] INFO  c.c.app.process.impl.Search2Impl.fillDetail  266 - ** 3757 ** 376800 , 1 , 3757
16:43:23.601 [main] INFO  c.c.app.process.impl.Search2Impl.fillDetail  266 - ** 3758 ** 376800 , 1 , 3758
16:43:23.602 [main] INFO  c.c.app.process.impl.Search2Impl.searchAll  379 -  SEARCHING 376800 TOGGLE 6 ITEM FOUND 3757
16:43:23.602 [main] INFO  c.c.app.process.impl.Search2Impl.fillDetail  266 - ** 3759 ** 377000 , 1 , 3759
16:43:23.602 [main] INFO  c.c.app.process.impl.Search2Impl.fillDetail  266 - ** 3760 ** 377000 , 1 , 3760
16:43:23.602 [main] INFO  c.c.app.process.impl.Search2Impl.searchAll  379 -  SEARCHING 377000 TOGGLE 2 ITEM FOUND 3759
16:43:23.602 [main] INFO  c.c.app.process.impl.Search2Impl.fillDetail  266 - ** 3761 ** 377300 , 1 , 3761
16:43:23.602 [main] INFO  c.c.app.process.impl.Search2Impl.fillDetail  266 - ** 3762 ** 377300 , 1 , 3762
16:43:23.602 [main] INFO  c.c.app.process.impl.Search2Impl.fillDetail  266 - ** 3763 ** 377300 , 1 , 3763
16:43:23.602 [main] INFO  c.c.app.process.impl.Search2Impl.searchAll  379 -  SEARCHING 377300 TOGGLE 3 ITEM FOUND 3762
16:43:23.602 [main] INFO  c.c.app.process.impl.Search2Impl.fillDetail  266 - ** 3764 ** 377700 , 1 , 3764
16:43:23.602 [main] INFO  c.c.app.process.impl.Search2Impl.fillDetail  266 - ** 3765 ** 377700 , 1 , 3765
16:43:23.602 [main] INFO  c.c.app.process.impl.Search2Impl.fillDetail  266 - ** 3766 ** 377700 , 1 , 3766
16:43:23.602 [main] INFO  c.c.app.process.impl.Search2Impl.fillDetail  266 - ** 3767 ** 377700 , 1 , 3767
16:43:23.602 [main] INFO  c.c.app.process.impl.Search2Impl.searchAll  379 -  SEARCHING 377700 TOGGLE 4 ITEM FOUND 3765
16:43:23.603 [main] INFO  c.c.app.process.impl.Search2Impl.fillDetail  266 - ** 3768 ** 378200 , 1 , 3768
16:43:23.603 [main] INFO  c.c.app.process.impl.Search2Impl.fillDetail  266 - ** 3769 ** 378200 , 1 , 3769
16:43:23.603 [main] INFO  c.c.app.process.impl.Search2Impl.fillDetail  266 - ** 3770 ** 378200 , 1 , 3770
16:43:23.603 [main] INFO  c.c.app.process.impl.Search2Impl.fillDetail  266 - ** 3771 ** 378200 , 1 , 3771
16:43:23.603 [main] INFO  c.c.app.process.impl.Search2Impl.fillDetail  266 - ** 3772 ** 378200 , 1 , 3772
16:43:23.603 [main] INFO  c.c.app.process.impl.Search2Impl.searchAll  379 -  SEARCHING 378200 TOGGLE 5 ITEM FOUND 3768
16:43:23.603 [main] INFO  c.c.app.process.impl.Search2Impl.fillDetail  266 - ** 3773 ** 378800 , 1 , 3773
16:43:23.603 [main] INFO  c.c.app.process.impl.Search2Impl.fillDetail  266 - ** 3774 ** 378800 , 1 , 3774
16:43:23.603 [main] INFO  c.c.app.process.impl.Search2Impl.fillDetail  266 - ** 3775 ** 378800 , 1 , 3775
16:43:23.603 [main] INFO  c.c.app.process.impl.Search2Impl.fillDetail  266 - ** 3776 ** 378800 , 1 , 3776
16:43:23.603 [main] INFO  c.c.app.process.impl.Search2Impl.fillDetail  266 - ** 3777 ** 378800 , 1 , 3777
16:43:23.603 [main] INFO  c.c.app.process.impl.Search2Impl.fillDetail  266 - ** 3778 ** 378800 , 1 , 3778
16:43:23.603 [main] INFO  c.c.app.process.impl.Search2Impl.searchAll  379 -  SEARCHING 378800 TOGGLE 6 ITEM FOUND 3774
16:43:23.604 [main] INFO  c.c.app.process.impl.Search2Impl.fillDetail  266 - ** 3779 ** 379000 , 1 , 3779
16:43:23.604 [main] INFO  c.c.app.process.impl.Search2Impl.fillDetail  266 - ** 3780 ** 379000 , 1 , 3780
16:43:23.604 [main] INFO  c.c.app.process.impl.Search2Impl.searchAll  379 -  SEARCHING 379000 TOGGLE 2 ITEM FOUND 3780
16:43:23.604 [main] INFO  c.c.app.process.impl.Search2Impl.fillDetail  266 - ** 3781 ** 379300 , 1 , 3781
16:43:23.604 [main] INFO  c.c.app.process.impl.Search2Impl.fillDetail  266 - ** 3782 ** 379300 , 1 , 3782
16:43:23.604 [main] INFO  c.c.app.process.impl.Search2Impl.fillDetail  266 - ** 3783 ** 379300 , 1 , 3783
16:43:23.604 [main] INFO  c.c.app.process.impl.Search2Impl.searchAll  379 -  SEARCHING 379300 TOGGLE 3 ITEM FOUND 3782
16:43:23.604 [main] INFO  c.c.app.process.impl.Search2Impl.fillDetail  266 - ** 3784 ** 379700 , 1 , 3784
16:43:23.604 [main] INFO  c.c.app.process.impl.Search2Impl.fillDetail  266 - ** 3785 ** 379700 , 1 , 3785
16:43:23.604 [main] INFO  c.c.app.process.impl.Search2Impl.fillDetail  266 - ** 3786 ** 379700 , 1 , 3786
16:43:23.604 [main] INFO  c.c.app.process.impl.Search2Impl.fillDetail  266 - ** 3787 ** 379700 , 1 , 3787
16:43:23.604 [main] INFO  c.c.app.process.impl.Search2Impl.searchAll  379 -  SEARCHING 379700 TOGGLE 4 ITEM FOUND 3785
16:43:23.605 [main] INFO  c.c.app.process.impl.Search2Impl.fillDetail  266 - ** 3788 ** 380200 , 1 , 3788
16:43:23.605 [main] INFO  c.c.app.process.impl.Search2Impl.fillDetail  266 - ** 3789 ** 380200 , 1 , 3789
16:43:23.605 [main] INFO  c.c.app.process.impl.Search2Impl.fillDetail  266 - ** 3790 ** 380200 , 1 , 3790
16:43:23.605 [main] INFO  c.c.app.process.impl.Search2Impl.fillDetail  266 - ** 3791 ** 380200 , 1 , 3791
16:43:23.605 [main] INFO  c.c.app.process.impl.Search2Impl.fillDetail  266 - ** 3792 ** 380200 , 1 , 3792
16:43:23.605 [main] INFO  c.c.app.process.impl.Search2Impl.searchAll  379 -  SEARCHING 380200 TOGGLE 5 ITEM FOUND 3791
16:43:23.605 [main] INFO  c.c.app.process.impl.Search2Impl.fillDetail  266 - ** 3793 ** 380800 , 1 , 3793
16:43:23.605 [main] INFO  c.c.app.process.impl.Search2Impl.fillDetail  266 - ** 3794 ** 380800 , 1 , 3794
16:43:23.605 [main] INFO  c.c.app.process.impl.Search2Impl.fillDetail  266 - ** 3795 ** 380800 , 1 , 3795
16:43:23.605 [main] INFO  c.c.app.process.impl.Search2Impl.fillDetail  266 - ** 3796 ** 380800 , 1 , 3796
16:43:23.605 [main] INFO  c.c.app.process.impl.Search2Impl.fillDetail  266 - ** 3797 ** 380800 , 1 , 3797
16:43:23.605 [main] INFO  c.c.app.process.impl.Search2Impl.fillDetail  266 - ** 3798 ** 380800 , 1 , 3798
16:43:23.605 [main] INFO  c.c.app.process.impl.Search2Impl.searchAll  379 -  SEARCHING 380800 TOGGLE 6 ITEM FOUND 3797
16:43:23.605 [main] INFO  c.c.app.process.impl.Search2Impl.fillDetail  266 - ** 3799 ** 381000 , 1 , 3799
16:43:23.606 [main] INFO  c.c.app.process.impl.Search2Impl.fillDetail  266 - ** 3800 ** 381000 , 1 , 3800
16:43:23.606 [main] INFO  c.c.app.process.impl.Search2Impl.searchAll  379 -  SEARCHING 381000 TOGGLE 2 ITEM FOUND 3800
16:43:23.606 [main] INFO  c.c.app.process.impl.Search2Impl.fillDetail  266 - ** 3801 ** 381300 , 1 , 3801
16:43:23.606 [main] INFO  c.c.app.process.impl.Search2Impl.fillDetail  266 - ** 3802 ** 381300 , 1 , 3802
16:43:23.606 [main] INFO  c.c.app.process.impl.Search2Impl.fillDetail  266 - ** 3803 ** 381300 , 1 , 3803
16:43:23.606 [main] INFO  c.c.app.process.impl.Search2Impl.searchAll  379 -  SEARCHING 381300 TOGGLE 3 ITEM FOUND 3803
16:43:23.606 [main] INFO  c.c.app.process.impl.Search2Impl.fillDetail  266 - ** 3804 ** 381700 , 1 , 3804
16:43:23.606 [main] INFO  c.c.app.process.impl.Search2Impl.fillDetail  266 - ** 3805 ** 381700 , 1 , 3805
16:43:23.606 [main] INFO  c.c.app.process.impl.Search2Impl.fillDetail  266 - ** 3806 ** 381700 , 1 , 3806
16:43:23.606 [main] INFO  c.c.app.process.impl.Search2Impl.fillDetail  266 - ** 3807 ** 381700 , 1 , 3807
16:43:23.606 [main] INFO  c.c.app.process.impl.Search2Impl.searchAll  379 -  SEARCHING 381700 TOGGLE 4 ITEM FOUND 3805
16:43:23.606 [main] INFO  c.c.app.process.impl.Search2Impl.fillDetail  266 - ** 3808 ** 382200 , 1 , 3808
16:43:23.606 [main] INFO  c.c.app.process.impl.Search2Impl.fillDetail  266 - ** 3809 ** 382200 , 1 , 3809
16:43:23.607 [main] INFO  c.c.app.process.impl.Search2Impl.fillDetail  266 - ** 3810 ** 382200 , 1 , 3810
16:43:23.607 [main] INFO  c.c.app.process.impl.Search2Impl.fillDetail  266 - ** 3811 ** 382200 , 1 , 3811
16:43:23.607 [main] INFO  c.c.app.process.impl.Search2Impl.fillDetail  266 - ** 3812 ** 382200 , 1 , 3812
16:43:23.607 [main] INFO  c.c.app.process.impl.Search2Impl.searchAll  379 -  SEARCHING 382200 TOGGLE 5 ITEM FOUND 3808
16:43:23.607 [main] INFO  c.c.app.process.impl.Search2Impl.fillDetail  266 - ** 3813 ** 382800 , 1 , 3813
16:43:23.607 [main] INFO  c.c.app.process.impl.Search2Impl.fillDetail  266 - ** 3814 ** 382800 , 1 , 3814
16:43:23.607 [main] INFO  c.c.app.process.impl.Search2Impl.fillDetail  266 - ** 3815 ** 382800 , 1 , 3815
16:43:23.607 [main] INFO  c.c.app.process.impl.Search2Impl.fillDetail  266 - ** 3816 ** 382800 , 1 , 3816
16:43:23.607 [main] INFO  c.c.app.process.impl.Search2Impl.fillDetail  266 - ** 3817 ** 382800 , 1 , 3817
16:43:23.607 [main] INFO  c.c.app.process.impl.Search2Impl.fillDetail  266 - ** 3818 ** 382800 , 1 , 3818
16:43:23.607 [main] INFO  c.c.app.process.impl.Search2Impl.searchAll  379 -  SEARCHING 382800 TOGGLE 6 ITEM FOUND 3814
16:43:23.607 [main] INFO  c.c.app.process.impl.Search2Impl.fillDetail  266 - ** 3819 ** 383000 , 1 , 3819
16:43:23.607 [main] INFO  c.c.app.process.impl.Search2Impl.fillDetail  266 - ** 3820 ** 383000 , 1 , 3820
16:43:23.607 [main] INFO  c.c.app.process.impl.Search2Impl.searchAll  379 -  SEARCHING 383000 TOGGLE 2 ITEM FOUND 3820
16:43:23.607 [main] INFO  c.c.app.process.impl.Search2Impl.fillDetail  266 - ** 3821 ** 383300 , 1 , 3821
16:43:23.607 [main] INFO  c.c.app.process.impl.Search2Impl.fillDetail  266 - ** 3822 ** 383300 , 1 , 3822
16:43:23.607 [main] INFO  c.c.app.process.impl.Search2Impl.fillDetail  266 - ** 3823 ** 383300 , 1 , 3823
16:43:23.607 [main] INFO  c.c.app.process.impl.Search2Impl.searchAll  379 -  SEARCHING 383300 TOGGLE 3 ITEM FOUND 3823
16:43:23.607 [main] INFO  c.c.app.process.impl.Search2Impl.fillDetail  266 - ** 3824 ** 383700 , 1 , 3824
16:43:23.608 [main] INFO  c.c.app.process.impl.Search2Impl.fillDetail  266 - ** 3825 ** 383700 , 1 , 3825
16:43:23.608 [main] INFO  c.c.app.process.impl.Search2Impl.fillDetail  266 - ** 3826 ** 383700 , 1 , 3826
16:43:23.608 [main] INFO  c.c.app.process.impl.Search2Impl.fillDetail  266 - ** 3827 ** 383700 , 1 , 3827
16:43:23.608 [main] INFO  c.c.app.process.impl.Search2Impl.searchAll  379 -  SEARCHING 383700 TOGGLE 4 ITEM FOUND 3826
16:43:23.608 [main] INFO  c.c.app.process.impl.Search2Impl.fillDetail  266 - ** 3828 ** 384200 , 1 , 3828
16:43:23.608 [main] INFO  c.c.app.process.impl.Search2Impl.fillDetail  266 - ** 3829 ** 384200 , 1 , 3829
16:43:23.608 [main] INFO  c.c.app.process.impl.Search2Impl.fillDetail  266 - ** 3830 ** 384200 , 1 , 3830
16:43:23.608 [main] INFO  c.c.app.process.impl.Search2Impl.fillDetail  266 - ** 3831 ** 384200 , 1 , 3831
16:43:23.608 [main] INFO  c.c.app.process.impl.Search2Impl.fillDetail  266 - ** 3832 ** 384200 , 1 , 3832
16:43:23.608 [main] INFO  c.c.app.process.impl.Search2Impl.searchAll  379 -  SEARCHING 384200 TOGGLE 5 ITEM FOUND 3831
16:43:23.608 [main] INFO  c.c.app.process.impl.Search2Impl.fillDetail  266 - ** 3833 ** 384800 , 1 , 3833
16:43:23.608 [main] INFO  c.c.app.process.impl.Search2Impl.fillDetail  266 - ** 3834 ** 384800 , 1 , 3834
16:43:23.608 [main] INFO  c.c.app.process.impl.Search2Impl.fillDetail  266 - ** 3835 ** 384800 , 1 , 3835
16:43:23.608 [main] INFO  c.c.app.process.impl.Search2Impl.fillDetail  266 - ** 3836 ** 384800 , 1 , 3836
16:43:23.608 [main] INFO  c.c.app.process.impl.Search2Impl.fillDetail  266 - ** 3837 ** 384800 , 1 , 3837
16:43:23.608 [main] INFO  c.c.app.process.impl.Search2Impl.fillDetail  266 - ** 3838 ** 384800 , 1 , 3838
16:43:23.608 [main] INFO  c.c.app.process.impl.Search2Impl.searchAll  379 -  SEARCHING 384800 TOGGLE 6 ITEM FOUND 3837
16:43:23.608 [main] INFO  c.c.app.process.impl.Search2Impl.fillDetail  266 - ** 3839 ** 385000 , 1 , 3839
16:43:23.608 [main] INFO  c.c.app.process.impl.Search2Impl.fillDetail  266 - ** 3840 ** 385000 , 1 , 3840
16:43:23.608 [main] INFO  c.c.app.process.impl.Search2Impl.searchAll  379 -  SEARCHING 385000 TOGGLE 2 ITEM FOUND 3840
16:43:23.608 [main] INFO  c.c.app.process.impl.Search2Impl.fillDetail  266 - ** 3841 ** 385300 , 1 , 3841
16:43:23.608 [main] INFO  c.c.app.process.impl.Search2Impl.fillDetail  266 - ** 3842 ** 385300 , 1 , 3842
16:43:23.609 [main] INFO  c.c.app.process.impl.Search2Impl.fillDetail  266 - ** 3843 ** 385300 , 1 , 3843
16:43:23.609 [main] INFO  c.c.app.process.impl.Search2Impl.searchAll  379 -  SEARCHING 385300 TOGGLE 3 ITEM FOUND 3843
16:43:23.609 [main] INFO  c.c.app.process.impl.Search2Impl.fillDetail  266 - ** 3844 ** 385700 , 1 , 3844
16:43:23.609 [main] INFO  c.c.app.process.impl.Search2Impl.fillDetail  266 - ** 3845 ** 385700 , 1 , 3845
16:43:23.609 [main] INFO  c.c.app.process.impl.Search2Impl.fillDetail  266 - ** 3846 ** 385700 , 1 , 3846
16:43:23.609 [main] INFO  c.c.app.process.impl.Search2Impl.fillDetail  266 - ** 3847 ** 385700 , 1 , 3847
16:43:23.609 [main] INFO  c.c.app.process.impl.Search2Impl.searchAll  379 -  SEARCHING 385700 TOGGLE 4 ITEM FOUND 3846
16:43:23.609 [main] INFO  c.c.app.process.impl.Search2Impl.fillDetail  266 - ** 3848 ** 386200 , 1 , 3848
16:43:23.609 [main] INFO  c.c.app.process.impl.Search2Impl.fillDetail  266 - ** 3849 ** 386200 , 1 , 3849
16:43:23.609 [main] INFO  c.c.app.process.impl.Search2Impl.fillDetail  266 - ** 3850 ** 386200 , 1 , 3850
16:43:23.609 [main] INFO  c.c.app.process.impl.Search2Impl.fillDetail  266 - ** 3851 ** 386200 , 1 , 3851
16:43:23.609 [main] INFO  c.c.app.process.impl.Search2Impl.fillDetail  266 - ** 3852 ** 386200 , 1 , 3852
16:43:23.609 [main] INFO  c.c.app.process.impl.Search2Impl.searchAll  379 -  SEARCHING 386200 TOGGLE 5 ITEM FOUND 3849
16:43:23.609 [main] INFO  c.c.app.process.impl.Search2Impl.fillDetail  266 - ** 3853 ** 386800 , 1 , 3853
16:43:23.609 [main] INFO  c.c.app.process.impl.Search2Impl.fillDetail  266 - ** 3854 ** 386800 , 1 , 3854
16:43:23.609 [main] INFO  c.c.app.process.impl.Search2Impl.fillDetail  266 - ** 3855 ** 386800 , 1 , 3855
16:43:23.609 [main] INFO  c.c.app.process.impl.Search2Impl.fillDetail  266 - ** 3856 ** 386800 , 1 , 3856
16:43:23.609 [main] INFO  c.c.app.process.impl.Search2Impl.fillDetail  266 - ** 3857 ** 386800 , 1 , 3857
16:43:23.609 [main] INFO  c.c.app.process.impl.Search2Impl.fillDetail  266 - ** 3858 ** 386800 , 1 , 3858
16:43:23.609 [main] INFO  c.c.app.process.impl.Search2Impl.searchAll  379 -  SEARCHING 386800 TOGGLE 6 ITEM FOUND 3854
16:43:23.609 [main] INFO  c.c.app.process.impl.Search2Impl.fillDetail  266 - ** 3859 ** 387000 , 1 , 3859
16:43:23.610 [main] INFO  c.c.app.process.impl.Search2Impl.fillDetail  266 - ** 3860 ** 387000 , 1 , 3860
16:43:23.610 [main] INFO  c.c.app.process.impl.Search2Impl.searchAll  379 -  SEARCHING 387000 TOGGLE 2 ITEM FOUND 3860
16:43:23.610 [main] INFO  c.c.app.process.impl.Search2Impl.fillDetail  266 - ** 3861 ** 387300 , 1 , 3861
16:43:23.610 [main] INFO  c.c.app.process.impl.Search2Impl.fillDetail  266 - ** 3862 ** 387300 , 1 , 3862
16:43:23.610 [main] INFO  c.c.app.process.impl.Search2Impl.fillDetail  266 - ** 3863 ** 387300 , 1 , 3863
16:43:23.610 [main] INFO  c.c.app.process.impl.Search2Impl.searchAll  379 -  SEARCHING 387300 TOGGLE 3 ITEM FOUND 3863
16:43:23.610 [main] INFO  c.c.app.process.impl.Search2Impl.fillDetail  266 - ** 3864 ** 387700 , 1 , 3864
16:43:23.610 [main] INFO  c.c.app.process.impl.Search2Impl.fillDetail  266 - ** 3865 ** 387700 , 1 , 3865
16:43:23.610 [main] INFO  c.c.app.process.impl.Search2Impl.fillDetail  266 - ** 3866 ** 387700 , 1 , 3866
16:43:23.610 [main] INFO  c.c.app.process.impl.Search2Impl.fillDetail  266 - ** 3867 ** 387700 , 1 , 3867
16:43:23.610 [main] INFO  c.c.app.process.impl.Search2Impl.searchAll  379 -  SEARCHING 387700 TOGGLE 4 ITEM FOUND 3866
16:43:23.610 [main] INFO  c.c.app.process.impl.Search2Impl.fillDetail  266 - ** 3868 ** 388200 , 1 , 3868
16:43:23.610 [main] INFO  c.c.app.process.impl.Search2Impl.fillDetail  266 - ** 3869 ** 388200 , 1 , 3869
16:43:23.610 [main] INFO  c.c.app.process.impl.Search2Impl.fillDetail  266 - ** 3870 ** 388200 , 1 , 3870
16:43:23.610 [main] INFO  c.c.app.process.impl.Search2Impl.fillDetail  266 - ** 3871 ** 388200 , 1 , 3871
16:43:23.610 [main] INFO  c.c.app.process.impl.Search2Impl.fillDetail  266 - ** 3872 ** 388200 , 1 , 3872
16:43:23.610 [main] INFO  c.c.app.process.impl.Search2Impl.searchAll  379 -  SEARCHING 388200 TOGGLE 5 ITEM FOUND 3872
16:43:23.610 [main] INFO  c.c.app.process.impl.Search2Impl.fillDetail  266 - ** 3873 ** 388800 , 1 , 3873
16:43:23.610 [main] INFO  c.c.app.process.impl.Search2Impl.fillDetail  266 - ** 3874 ** 388800 , 1 , 3874
16:43:23.610 [main] INFO  c.c.app.process.impl.Search2Impl.fillDetail  266 - ** 3875 ** 388800 , 1 , 3875
16:43:23.610 [main] INFO  c.c.app.process.impl.Search2Impl.fillDetail  266 - ** 3876 ** 388800 , 1 , 3876
16:43:23.611 [main] INFO  c.c.app.process.impl.Search2Impl.fillDetail  266 - ** 3877 ** 388800 , 1 , 3877
16:43:23.611 [main] INFO  c.c.app.process.impl.Search2Impl.fillDetail  266 - ** 3878 ** 388800 , 1 , 3878
16:43:23.611 [main] INFO  c.c.app.process.impl.Search2Impl.searchAll  379 -  SEARCHING 388800 TOGGLE 6 ITEM FOUND 3877
16:43:23.611 [main] INFO  c.c.app.process.impl.Search2Impl.fillDetail  266 - ** 3879 ** 389000 , 1 , 3879
16:43:23.611 [main] INFO  c.c.app.process.impl.Search2Impl.fillDetail  266 - ** 3880 ** 389000 , 1 , 3880
16:43:23.611 [main] INFO  c.c.app.process.impl.Search2Impl.searchAll  379 -  SEARCHING 389000 TOGGLE 2 ITEM FOUND 3880
16:43:23.611 [main] INFO  c.c.app.process.impl.Search2Impl.fillDetail  266 - ** 3881 ** 389300 , 1 , 3881
16:43:23.611 [main] INFO  c.c.app.process.impl.Search2Impl.fillDetail  266 - ** 3882 ** 389300 , 1 , 3882
16:43:23.611 [main] INFO  c.c.app.process.impl.Search2Impl.fillDetail  266 - ** 3883 ** 389300 , 1 , 3883
16:43:23.611 [main] INFO  c.c.app.process.impl.Search2Impl.searchAll  379 -  SEARCHING 389300 TOGGLE 3 ITEM FOUND 3883
16:43:23.611 [main] INFO  c.c.app.process.impl.Search2Impl.fillDetail  266 - ** 3884 ** 389700 , 1 , 3884
16:43:23.611 [main] INFO  c.c.app.process.impl.Search2Impl.fillDetail  266 - ** 3885 ** 389700 , 1 , 3885
16:43:23.611 [main] INFO  c.c.app.process.impl.Search2Impl.fillDetail  266 - ** 3886 ** 389700 , 1 , 3886
16:43:23.611 [main] INFO  c.c.app.process.impl.Search2Impl.fillDetail  266 - ** 3887 ** 389700 , 1 , 3887
16:43:23.611 [main] INFO  c.c.app.process.impl.Search2Impl.searchAll  379 -  SEARCHING 389700 TOGGLE 4 ITEM FOUND 3886
16:43:23.611 [main] INFO  c.c.app.process.impl.Search2Impl.fillDetail  266 - ** 3888 ** 390200 , 1 , 3888
16:43:23.611 [main] INFO  c.c.app.process.impl.Search2Impl.fillDetail  266 - ** 3889 ** 390200 , 1 , 3889
16:43:23.611 [main] INFO  c.c.app.process.impl.Search2Impl.fillDetail  266 - ** 3890 ** 390200 , 1 , 3890
16:43:23.611 [main] INFO  c.c.app.process.impl.Search2Impl.fillDetail  266 - ** 3891 ** 390200 , 1 , 3891
16:43:23.611 [main] INFO  c.c.app.process.impl.Search2Impl.fillDetail  266 - ** 3892 ** 390200 , 1 , 3892
16:43:23.611 [main] INFO  c.c.app.process.impl.Search2Impl.searchAll  379 -  SEARCHING 390200 TOGGLE 5 ITEM FOUND 3889
16:43:23.612 [main] INFO  c.c.app.process.impl.Search2Impl.fillDetail  266 - ** 3893 ** 390800 , 1 , 3893
16:43:23.612 [main] INFO  c.c.app.process.impl.Search2Impl.fillDetail  266 - ** 3894 ** 390800 , 1 , 3894
16:43:23.612 [main] INFO  c.c.app.process.impl.Search2Impl.fillDetail  266 - ** 3895 ** 390800 , 1 , 3895
16:43:23.612 [main] INFO  c.c.app.process.impl.Search2Impl.fillDetail  266 - ** 3896 ** 390800 , 1 , 3896
16:43:23.612 [main] INFO  c.c.app.process.impl.Search2Impl.fillDetail  266 - ** 3897 ** 390800 , 1 , 3897
16:43:23.612 [main] INFO  c.c.app.process.impl.Search2Impl.fillDetail  266 - ** 3898 ** 390800 , 1 , 3898
16:43:23.612 [main] INFO  c.c.app.process.impl.Search2Impl.searchAll  379 -  SEARCHING 390800 TOGGLE 6 ITEM FOUND 3895
16:43:23.612 [main] INFO  c.c.app.process.impl.Search2Impl.fillDetail  266 - ** 3899 ** 391000 , 1 , 3899
16:43:23.612 [main] INFO  c.c.app.process.impl.Search2Impl.fillDetail  266 - ** 3900 ** 391000 , 1 , 3900
16:43:23.612 [main] INFO  c.c.app.process.impl.Search2Impl.searchAll  379 -  SEARCHING 391000 TOGGLE 2 ITEM FOUND 3900
16:43:23.612 [main] INFO  c.c.app.process.impl.Search2Impl.fillDetail  266 - ** 3901 ** 391300 , 1 , 3901
16:43:23.612 [main] INFO  c.c.app.process.impl.Search2Impl.fillDetail  266 - ** 3902 ** 391300 , 1 , 3902
16:43:23.612 [main] INFO  c.c.app.process.impl.Search2Impl.fillDetail  266 - ** 3903 ** 391300 , 1 , 3903
16:43:23.612 [main] INFO  c.c.app.process.impl.Search2Impl.searchAll  379 -  SEARCHING 391300 TOGGLE 3 ITEM FOUND 3903
16:43:23.612 [main] INFO  c.c.app.process.impl.Search2Impl.fillDetail  266 - ** 3904 ** 391700 , 1 , 3904
16:43:23.612 [main] INFO  c.c.app.process.impl.Search2Impl.fillDetail  266 - ** 3905 ** 391700 , 1 , 3905
16:43:23.612 [main] INFO  c.c.app.process.impl.Search2Impl.fillDetail  266 - ** 3906 ** 391700 , 1 , 3906
16:43:23.612 [main] INFO  c.c.app.process.impl.Search2Impl.fillDetail  266 - ** 3907 ** 391700 , 1 , 3907
16:43:23.612 [main] INFO  c.c.app.process.impl.Search2Impl.searchAll  379 -  SEARCHING 391700 TOGGLE 4 ITEM FOUND 3906
16:43:23.613 [main] INFO  c.c.app.process.impl.Search2Impl.fillDetail  266 - ** 3908 ** 392200 , 1 , 3908
16:43:23.613 [main] INFO  c.c.app.process.impl.Search2Impl.fillDetail  266 - ** 3909 ** 392200 , 1 , 3909
16:43:23.613 [main] INFO  c.c.app.process.impl.Search2Impl.fillDetail  266 - ** 3910 ** 392200 , 1 , 3910
16:43:23.613 [main] INFO  c.c.app.process.impl.Search2Impl.fillDetail  266 - ** 3911 ** 392200 , 1 , 3911
16:43:23.613 [main] INFO  c.c.app.process.impl.Search2Impl.fillDetail  266 - ** 3912 ** 392200 , 1 , 3912
16:43:23.613 [main] INFO  c.c.app.process.impl.Search2Impl.searchAll  379 -  SEARCHING 392200 TOGGLE 5 ITEM FOUND 3912
16:43:23.613 [main] INFO  c.c.app.process.impl.Search2Impl.fillDetail  266 - ** 3913 ** 392800 , 1 , 3913
16:43:23.613 [main] INFO  c.c.app.process.impl.Search2Impl.fillDetail  266 - ** 3914 ** 392800 , 1 , 3914
16:43:23.613 [main] INFO  c.c.app.process.impl.Search2Impl.fillDetail  266 - ** 3915 ** 392800 , 1 , 3915
16:43:23.613 [main] INFO  c.c.app.process.impl.Search2Impl.fillDetail  266 - ** 3916 ** 392800 , 1 , 3916
16:43:23.613 [main] INFO  c.c.app.process.impl.Search2Impl.fillDetail  266 - ** 3917 ** 392800 , 1 , 3917
16:43:23.613 [main] INFO  c.c.app.process.impl.Search2Impl.fillDetail  266 - ** 3918 ** 392800 , 1 , 3918
16:43:23.613 [main] INFO  c.c.app.process.impl.Search2Impl.searchAll  379 -  SEARCHING 392800 TOGGLE 6 ITEM FOUND 3918
16:43:23.613 [main] INFO  c.c.app.process.impl.Search2Impl.fillDetail  266 - ** 3919 ** 393000 , 1 , 3919
16:43:23.613 [main] INFO  c.c.app.process.impl.Search2Impl.fillDetail  266 - ** 3920 ** 393000 , 1 , 3920
16:43:23.613 [main] INFO  c.c.app.process.impl.Search2Impl.searchAll  379 -  SEARCHING 393000 TOGGLE 2 ITEM FOUND 3920
16:43:23.613 [main] INFO  c.c.app.process.impl.Search2Impl.fillDetail  266 - ** 3921 ** 393300 , 1 , 3921
16:43:23.613 [main] INFO  c.c.app.process.impl.Search2Impl.fillDetail  266 - ** 3922 ** 393300 , 1 , 3922
16:43:23.613 [main] INFO  c.c.app.process.impl.Search2Impl.fillDetail  266 - ** 3923 ** 393300 , 1 , 3923
16:43:23.613 [main] INFO  c.c.app.process.impl.Search2Impl.searchAll  379 -  SEARCHING 393300 TOGGLE 3 ITEM FOUND 3923
16:43:23.613 [main] INFO  c.c.app.process.impl.Search2Impl.fillDetail  266 - ** 3924 ** 393700 , 1 , 3924
16:43:23.614 [main] INFO  c.c.app.process.impl.Search2Impl.fillDetail  266 - ** 3925 ** 393700 , 1 , 3925
16:43:23.614 [main] INFO  c.c.app.process.impl.Search2Impl.fillDetail  266 - ** 3926 ** 393700 , 1 , 3926
16:43:23.614 [main] INFO  c.c.app.process.impl.Search2Impl.fillDetail  266 - ** 3927 ** 393700 , 1 , 3927
16:43:23.614 [main] INFO  c.c.app.process.impl.Search2Impl.searchAll  379 -  SEARCHING 393700 TOGGLE 4 ITEM FOUND 3926
16:43:23.614 [main] INFO  c.c.app.process.impl.Search2Impl.fillDetail  266 - ** 3928 ** 394200 , 1 , 3928
16:43:23.614 [main] INFO  c.c.app.process.impl.Search2Impl.fillDetail  266 - ** 3929 ** 394200 , 1 , 3929
16:43:23.614 [main] INFO  c.c.app.process.impl.Search2Impl.fillDetail  266 - ** 3930 ** 394200 , 1 , 3930
16:43:23.614 [main] INFO  c.c.app.process.impl.Search2Impl.fillDetail  266 - ** 3931 ** 394200 , 1 , 3931
16:43:23.614 [main] INFO  c.c.app.process.impl.Search2Impl.fillDetail  266 - ** 3932 ** 394200 , 1 , 3932
16:43:23.614 [main] INFO  c.c.app.process.impl.Search2Impl.searchAll  379 -  SEARCHING 394200 TOGGLE 5 ITEM FOUND 3929
16:43:23.614 [main] INFO  c.c.app.process.impl.Search2Impl.fillDetail  266 - ** 3933 ** 394800 , 1 , 3933
16:43:23.614 [main] INFO  c.c.app.process.impl.Search2Impl.fillDetail  266 - ** 3934 ** 394800 , 1 , 3934
16:43:23.614 [main] INFO  c.c.app.process.impl.Search2Impl.fillDetail  266 - ** 3935 ** 394800 , 1 , 3935
16:43:23.614 [main] INFO  c.c.app.process.impl.Search2Impl.fillDetail  266 - ** 3936 ** 394800 , 1 , 3936
16:43:23.614 [main] INFO  c.c.app.process.impl.Search2Impl.fillDetail  266 - ** 3937 ** 394800 , 1 , 3937
16:43:23.614 [main] INFO  c.c.app.process.impl.Search2Impl.fillDetail  266 - ** 3938 ** 394800 , 1 , 3938
16:43:23.614 [main] INFO  c.c.app.process.impl.Search2Impl.searchAll  379 -  SEARCHING 394800 TOGGLE 6 ITEM FOUND 3935
16:43:23.614 [main] INFO  c.c.app.process.impl.Search2Impl.fillDetail  266 - ** 3939 ** 395000 , 1 , 3939
16:43:23.614 [main] INFO  c.c.app.process.impl.Search2Impl.fillDetail  266 - ** 3940 ** 395000 , 1 , 3940
16:43:23.614 [main] INFO  c.c.app.process.impl.Search2Impl.searchAll  379 -  SEARCHING 395000 TOGGLE 2 ITEM FOUND 3939
16:43:23.614 [main] INFO  c.c.app.process.impl.Search2Impl.fillDetail  266 - ** 3941 ** 395300 , 1 , 3941
16:43:23.614 [main] INFO  c.c.app.process.impl.Search2Impl.fillDetail  266 - ** 3942 ** 395300 , 1 , 3942
16:43:23.615 [main] INFO  c.c.app.process.impl.Search2Impl.fillDetail  266 - ** 3943 ** 395300 , 1 , 3943
16:43:23.615 [main] INFO  c.c.app.process.impl.Search2Impl.searchAll  379 -  SEARCHING 395300 TOGGLE 3 ITEM FOUND 3941
16:43:23.615 [main] INFO  c.c.app.process.impl.Search2Impl.fillDetail  266 - ** 3944 ** 395700 , 1 , 3944
16:43:23.615 [main] INFO  c.c.app.process.impl.Search2Impl.fillDetail  266 - ** 3945 ** 395700 , 1 , 3945
16:43:23.615 [main] INFO  c.c.app.process.impl.Search2Impl.fillDetail  266 - ** 3946 ** 395700 , 1 , 3946
16:43:23.615 [main] INFO  c.c.app.process.impl.Search2Impl.fillDetail  266 - ** 3947 ** 395700 , 1 , 3947
16:43:23.615 [main] INFO  c.c.app.process.impl.Search2Impl.searchAll  379 -  SEARCHING 395700 TOGGLE 4 ITEM FOUND 3946
16:43:23.615 [main] INFO  c.c.app.process.impl.Search2Impl.fillDetail  266 - ** 3948 ** 396200 , 1 , 3948
16:43:23.615 [main] INFO  c.c.app.process.impl.Search2Impl.fillDetail  266 - ** 3949 ** 396200 , 1 , 3949
16:43:23.615 [main] INFO  c.c.app.process.impl.Search2Impl.fillDetail  266 - ** 3950 ** 396200 , 1 , 3950
16:43:23.615 [main] INFO  c.c.app.process.impl.Search2Impl.fillDetail  266 - ** 3951 ** 396200 , 1 , 3951
16:43:23.615 [main] INFO  c.c.app.process.impl.Search2Impl.fillDetail  266 - ** 3952 ** 396200 , 1 , 3952
16:43:23.615 [main] INFO  c.c.app.process.impl.Search2Impl.searchAll  379 -  SEARCHING 396200 TOGGLE 5 ITEM FOUND 3952
16:43:23.615 [main] INFO  c.c.app.process.impl.Search2Impl.fillDetail  266 - ** 3953 ** 396800 , 1 , 3953
16:43:23.615 [main] INFO  c.c.app.process.impl.Search2Impl.fillDetail  266 - ** 3954 ** 396800 , 1 , 3954
16:43:23.615 [main] INFO  c.c.app.process.impl.Search2Impl.fillDetail  266 - ** 3955 ** 396800 , 1 , 3955
16:43:23.615 [main] INFO  c.c.app.process.impl.Search2Impl.fillDetail  266 - ** 3956 ** 396800 , 1 , 3956
16:43:23.615 [main] INFO  c.c.app.process.impl.Search2Impl.fillDetail  266 - ** 3957 ** 396800 , 1 , 3957
16:43:23.616 [main] INFO  c.c.app.process.impl.Search2Impl.fillDetail  266 - ** 3958 ** 396800 , 1 , 3958
16:43:23.616 [main] INFO  c.c.app.process.impl.Search2Impl.searchAll  379 -  SEARCHING 396800 TOGGLE 6 ITEM FOUND 3958
16:43:23.616 [main] INFO  c.c.app.process.impl.Search2Impl.fillDetail  266 - ** 3959 ** 397000 , 1 , 3959
16:43:23.616 [main] INFO  c.c.app.process.impl.Search2Impl.fillDetail  266 - ** 3960 ** 397000 , 1 , 3960
16:43:23.616 [main] INFO  c.c.app.process.impl.Search2Impl.searchAll  379 -  SEARCHING 397000 TOGGLE 2 ITEM FOUND 3959
16:43:23.616 [main] INFO  c.c.app.process.impl.Search2Impl.fillDetail  266 - ** 3961 ** 397300 , 1 , 3961
16:43:23.616 [main] INFO  c.c.app.process.impl.Search2Impl.fillDetail  266 - ** 3962 ** 397300 , 1 , 3962
16:43:23.616 [main] INFO  c.c.app.process.impl.Search2Impl.fillDetail  266 - ** 3963 ** 397300 , 1 , 3963
16:43:23.616 [main] INFO  c.c.app.process.impl.Search2Impl.searchAll  379 -  SEARCHING 397300 TOGGLE 3 ITEM FOUND 3961
16:43:23.616 [main] INFO  c.c.app.process.impl.Search2Impl.fillDetail  266 - ** 3964 ** 397700 , 1 , 3964
16:43:23.616 [main] INFO  c.c.app.process.impl.Search2Impl.fillDetail  266 - ** 3965 ** 397700 , 1 , 3965
16:43:23.616 [main] INFO  c.c.app.process.impl.Search2Impl.fillDetail  266 - ** 3966 ** 397700 , 1 , 3966
16:43:23.616 [main] INFO  c.c.app.process.impl.Search2Impl.fillDetail  266 - ** 3967 ** 397700 , 1 , 3967
16:43:23.616 [main] INFO  c.c.app.process.impl.Search2Impl.searchAll  379 -  SEARCHING 397700 TOGGLE 4 ITEM FOUND 3964
16:43:23.616 [main] INFO  c.c.app.process.impl.Search2Impl.fillDetail  266 - ** 3968 ** 398200 , 1 , 3968
16:43:23.616 [main] INFO  c.c.app.process.impl.Search2Impl.fillDetail  266 - ** 3969 ** 398200 , 1 , 3969
16:43:23.616 [main] INFO  c.c.app.process.impl.Search2Impl.fillDetail  266 - ** 3970 ** 398200 , 1 , 3970
16:43:23.616 [main] INFO  c.c.app.process.impl.Search2Impl.fillDetail  266 - ** 3971 ** 398200 , 1 , 3971
16:43:23.616 [main] INFO  c.c.app.process.impl.Search2Impl.fillDetail  266 - ** 3972 ** 398200 , 1 , 3972
16:43:23.616 [main] INFO  c.c.app.process.impl.Search2Impl.searchAll  379 -  SEARCHING 398200 TOGGLE 5 ITEM FOUND 3969
16:43:23.617 [main] INFO  c.c.app.process.impl.Search2Impl.fillDetail  266 - ** 3973 ** 398800 , 1 , 3973
16:43:23.617 [main] INFO  c.c.app.process.impl.Search2Impl.fillDetail  266 - ** 3974 ** 398800 , 1 , 3974
16:43:23.617 [main] INFO  c.c.app.process.impl.Search2Impl.fillDetail  266 - ** 3975 ** 398800 , 1 , 3975
16:43:23.617 [main] INFO  c.c.app.process.impl.Search2Impl.fillDetail  266 - ** 3976 ** 398800 , 1 , 3976
16:43:23.617 [main] INFO  c.c.app.process.impl.Search2Impl.fillDetail  266 - ** 3977 ** 398800 , 1 , 3977
16:43:23.617 [main] INFO  c.c.app.process.impl.Search2Impl.fillDetail  266 - ** 3978 ** 398800 , 1 , 3978
16:43:23.617 [main] INFO  c.c.app.process.impl.Search2Impl.searchAll  379 -  SEARCHING 398800 TOGGLE 6 ITEM FOUND 3975
16:43:23.617 [main] INFO  c.c.app.process.impl.Search2Impl.fillDetail  266 - ** 3979 ** 399000 , 1 , 3979
16:43:23.617 [main] INFO  c.c.app.process.impl.Search2Impl.fillDetail  266 - ** 3980 ** 399000 , 1 , 3980
16:43:23.617 [main] INFO  c.c.app.process.impl.Search2Impl.searchAll  379 -  SEARCHING 399000 TOGGLE 2 ITEM FOUND 3979
16:43:23.617 [main] INFO  c.c.app.process.impl.Search2Impl.fillDetail  266 - ** 3981 ** 399300 , 1 , 3981
16:43:23.617 [main] INFO  c.c.app.process.impl.Search2Impl.fillDetail  266 - ** 3982 ** 399300 , 1 , 3982
16:43:23.617 [main] INFO  c.c.app.process.impl.Search2Impl.fillDetail  266 - ** 3983 ** 399300 , 1 , 3983
16:43:23.617 [main] INFO  c.c.app.process.impl.Search2Impl.searchAll  379 -  SEARCHING 399300 TOGGLE 3 ITEM FOUND 3981
16:43:23.617 [main] INFO  c.c.app.process.impl.Search2Impl.fillDetail  266 - ** 3984 ** 399700 , 1 , 3984
16:43:23.617 [main] INFO  c.c.app.process.impl.Search2Impl.fillDetail  266 - ** 3985 ** 399700 , 1 , 3985
16:43:23.617 [main] INFO  c.c.app.process.impl.Search2Impl.fillDetail  266 - ** 3986 ** 399700 , 1 , 3986
16:43:23.617 [main] INFO  c.c.app.process.impl.Search2Impl.fillDetail  266 - ** 3987 ** 399700 , 1 , 3987
16:43:23.617 [main] INFO  c.c.app.process.impl.Search2Impl.searchAll  379 -  SEARCHING 399700 TOGGLE 4 ITEM FOUND 3987
16:43:23.617 [main] INFO  c.c.app.process.impl.Search2Impl.fillDetail  266 - ** 3988 ** 400200 , 1 , 3988
16:43:23.618 [main] INFO  c.c.app.process.impl.Search2Impl.fillDetail  266 - ** 3989 ** 400200 , 1 , 3989
16:43:23.618 [main] INFO  c.c.app.process.impl.Search2Impl.fillDetail  266 - ** 3990 ** 400200 , 1 , 3990
16:43:23.618 [main] INFO  c.c.app.process.impl.Search2Impl.fillDetail  266 - ** 3991 ** 400200 , 1 , 3991
16:43:23.618 [main] INFO  c.c.app.process.impl.Search2Impl.fillDetail  266 - ** 3992 ** 400200 , 1 , 3992
16:43:23.618 [main] INFO  c.c.app.process.impl.Search2Impl.searchAll  379 -  SEARCHING 400200 TOGGLE 5 ITEM FOUND 3992
16:43:23.618 [main] INFO  c.c.app.process.impl.Search2Impl.fillDetail  266 - ** 3993 ** 400800 , 1 , 3993
16:43:23.618 [main] INFO  c.c.app.process.impl.Search2Impl.fillDetail  266 - ** 3994 ** 400800 , 1 , 3994
16:43:23.618 [main] INFO  c.c.app.process.impl.Search2Impl.fillDetail  266 - ** 3995 ** 400800 , 1 , 3995
16:43:23.618 [main] INFO  c.c.app.process.impl.Search2Impl.fillDetail  266 - ** 3996 ** 400800 , 1 , 3996
16:43:23.618 [main] INFO  c.c.app.process.impl.Search2Impl.fillDetail  266 - ** 3997 ** 400800 , 1 , 3997
16:43:23.618 [main] INFO  c.c.app.process.impl.Search2Impl.fillDetail  266 - ** 3998 ** 400800 , 1 , 3998
16:43:23.618 [main] INFO  c.c.app.process.impl.Search2Impl.searchAll  379 -  SEARCHING 400800 TOGGLE 6 ITEM FOUND 3998
16:43:23.618 [main] INFO  c.c.app.process.impl.Search2Impl.fillDetail  266 - ** 3999 ** 401000 , 1 , 3999
16:43:23.618 [main] INFO  c.c.app.process.impl.Search2Impl.fillDetail  266 - ** 4000 ** 401000 , 1 , 4000
16:43:23.618 [main] INFO  c.c.app.process.impl.Search2Impl.searchAll  379 -  SEARCHING 401000 TOGGLE 2 ITEM FOUND 3999
16:43:23.618 [main] INFO  c.c.app.process.impl.Search2Impl.fillDetail  266 - ** 4001 ** 401300 , 1 , 4001
16:43:23.618 [main] INFO  c.c.app.process.impl.Search2Impl.fillDetail  266 - ** 4002 ** 401300 , 1 , 4002
16:43:23.618 [main] INFO  c.c.app.process.impl.Search2Impl.fillDetail  266 - ** 4003 ** 401300 , 1 , 4003
16:43:23.618 [main] INFO  c.c.app.process.impl.Search2Impl.searchAll  379 -  SEARCHING 401300 TOGGLE 3 ITEM FOUND 4001
16:43:23.618 [main] INFO  c.c.app.process.impl.Search2Impl.fillDetail  266 - ** 4004 ** 401700 , 1 , 4004
16:43:23.618 [main] INFO  c.c.app.process.impl.Search2Impl.fillDetail  266 - ** 4005 ** 401700 , 1 , 4005
16:43:23.619 [main] INFO  c.c.app.process.impl.Search2Impl.fillDetail  266 - ** 4006 ** 401700 , 1 , 4006
16:43:23.619 [main] INFO  c.c.app.process.impl.Search2Impl.fillDetail  266 - ** 4007 ** 401700 , 1 , 4007
16:43:23.619 [main] INFO  c.c.app.process.impl.Search2Impl.searchAll  379 -  SEARCHING 401700 TOGGLE 4 ITEM FOUND 4004
16:43:23.619 [main] INFO  c.c.app.process.impl.Search2Impl.fillDetail  266 - ** 4008 ** 402200 , 1 , 4008
16:43:23.619 [main] INFO  c.c.app.process.impl.Search2Impl.fillDetail  266 - ** 4009 ** 402200 , 1 , 4009
16:43:23.619 [main] INFO  c.c.app.process.impl.Search2Impl.fillDetail  266 - ** 4010 ** 402200 , 1 , 4010
16:43:23.619 [main] INFO  c.c.app.process.impl.Search2Impl.fillDetail  266 - ** 4011 ** 402200 , 1 , 4011
16:43:23.619 [main] INFO  c.c.app.process.impl.Search2Impl.fillDetail  266 - ** 4012 ** 402200 , 1 , 4012
16:43:23.619 [main] INFO  c.c.app.process.impl.Search2Impl.searchAll  379 -  SEARCHING 402200 TOGGLE 5 ITEM FOUND 4010
16:43:23.619 [main] INFO  c.c.app.process.impl.Search2Impl.fillDetail  266 - ** 4013 ** 402800 , 1 , 4013
16:43:23.619 [main] INFO  c.c.app.process.impl.Search2Impl.fillDetail  266 - ** 4014 ** 402800 , 1 , 4014
16:43:23.619 [main] INFO  c.c.app.process.impl.Search2Impl.fillDetail  266 - ** 4015 ** 402800 , 1 , 4015
16:43:23.619 [main] INFO  c.c.app.process.impl.Search2Impl.fillDetail  266 - ** 4016 ** 402800 , 1 , 4016
16:43:23.619 [main] INFO  c.c.app.process.impl.Search2Impl.fillDetail  266 - ** 4017 ** 402800 , 1 , 4017
16:43:23.619 [main] INFO  c.c.app.process.impl.Search2Impl.fillDetail  266 - ** 4018 ** 402800 , 1 , 4018
16:43:23.619 [main] INFO  c.c.app.process.impl.Search2Impl.searchAll  379 -  SEARCHING 402800 TOGGLE 6 ITEM FOUND 4015
16:43:23.619 [main] INFO  c.c.app.process.impl.Search2Impl.fillDetail  266 - ** 4019 ** 403000 , 1 , 4019
16:43:23.619 [main] INFO  c.c.app.process.impl.Search2Impl.fillDetail  266 - ** 4020 ** 403000 , 1 , 4020
16:43:23.619 [main] INFO  c.c.app.process.impl.Search2Impl.searchAll  379 -  SEARCHING 403000 TOGGLE 2 ITEM FOUND 4019
16:43:23.619 [main] INFO  c.c.app.process.impl.Search2Impl.fillDetail  266 - ** 4021 ** 403300 , 1 , 4021
16:43:23.619 [main] INFO  c.c.app.process.impl.Search2Impl.fillDetail  266 - ** 4022 ** 403300 , 1 , 4022
16:43:23.619 [main] INFO  c.c.app.process.impl.Search2Impl.fillDetail  266 - ** 4023 ** 403300 , 1 , 4023
16:43:23.620 [main] INFO  c.c.app.process.impl.Search2Impl.searchAll  379 -  SEARCHING 403300 TOGGLE 3 ITEM FOUND 4021
16:43:23.620 [main] INFO  c.c.app.process.impl.Search2Impl.fillDetail  266 - ** 4024 ** 403700 , 1 , 4024
16:43:23.620 [main] INFO  c.c.app.process.impl.Search2Impl.fillDetail  266 - ** 4025 ** 403700 , 1 , 4025
16:43:23.620 [main] INFO  c.c.app.process.impl.Search2Impl.fillDetail  266 - ** 4026 ** 403700 , 1 , 4026
16:43:23.620 [main] INFO  c.c.app.process.impl.Search2Impl.fillDetail  266 - ** 4027 ** 403700 , 1 , 4027
16:43:23.620 [main] INFO  c.c.app.process.impl.Search2Impl.searchAll  379 -  SEARCHING 403700 TOGGLE 4 ITEM FOUND 4027
16:43:23.620 [main] INFO  c.c.app.process.impl.Search2Impl.fillDetail  266 - ** 4028 ** 404200 , 1 , 4028
16:43:23.620 [main] INFO  c.c.app.process.impl.Search2Impl.fillDetail  266 - ** 4029 ** 404200 , 1 , 4029
16:43:23.620 [main] INFO  c.c.app.process.impl.Search2Impl.fillDetail  266 - ** 4030 ** 404200 , 1 , 4030
16:43:23.620 [main] INFO  c.c.app.process.impl.Search2Impl.fillDetail  266 - ** 4031 ** 404200 , 1 , 4031
16:43:23.620 [main] INFO  c.c.app.process.impl.Search2Impl.fillDetail  266 - ** 4032 ** 404200 , 1 , 4032
16:43:23.620 [main] INFO  c.c.app.process.impl.Search2Impl.searchAll  379 -  SEARCHING 404200 TOGGLE 5 ITEM FOUND 4030
16:43:23.620 [main] INFO  c.c.app.process.impl.Search2Impl.fillDetail  266 - ** 4033 ** 404800 , 1 , 4033
16:43:23.620 [main] INFO  c.c.app.process.impl.Search2Impl.fillDetail  266 - ** 4034 ** 404800 , 1 , 4034
16:43:23.620 [main] INFO  c.c.app.process.impl.Search2Impl.fillDetail  266 - ** 4035 ** 404800 , 1 , 4035
16:43:23.620 [main] INFO  c.c.app.process.impl.Search2Impl.fillDetail  266 - ** 4036 ** 404800 , 1 , 4036
16:43:23.620 [main] INFO  c.c.app.process.impl.Search2Impl.fillDetail  266 - ** 4037 ** 404800 , 1 , 4037
16:43:23.620 [main] INFO  c.c.app.process.impl.Search2Impl.fillDetail  266 - ** 4038 ** 404800 , 1 , 4038
16:43:23.620 [main] INFO  c.c.app.process.impl.Search2Impl.searchAll  379 -  SEARCHING 404800 TOGGLE 6 ITEM FOUND 4033
16:43:23.620 [main] INFO  c.c.app.process.impl.Search2Impl.fillDetail  266 - ** 4039 ** 405000 , 1 , 4039
16:43:23.620 [main] INFO  c.c.app.process.impl.Search2Impl.fillDetail  266 - ** 4040 ** 405000 , 1 , 4040
16:43:23.621 [main] INFO  c.c.app.process.impl.Search2Impl.searchAll  379 -  SEARCHING 405000 TOGGLE 2 ITEM FOUND 4039
16:43:23.621 [main] INFO  c.c.app.process.impl.Search2Impl.fillDetail  266 - ** 4041 ** 405300 , 1 , 4041
16:43:23.621 [main] INFO  c.c.app.process.impl.Search2Impl.fillDetail  266 - ** 4042 ** 405300 , 1 , 4042
16:43:23.621 [main] INFO  c.c.app.process.impl.Search2Impl.fillDetail  266 - ** 4043 ** 405300 , 1 , 4043
16:43:23.621 [main] INFO  c.c.app.process.impl.Search2Impl.searchAll  379 -  SEARCHING 405300 TOGGLE 3 ITEM FOUND 4042
16:43:23.621 [main] INFO  c.c.app.process.impl.Search2Impl.fillDetail  266 - ** 4044 ** 405700 , 1 , 4044
16:43:23.621 [main] INFO  c.c.app.process.impl.Search2Impl.fillDetail  266 - ** 4045 ** 405700 , 1 , 4045
16:43:23.621 [main] INFO  c.c.app.process.impl.Search2Impl.fillDetail  266 - ** 4046 ** 405700 , 1 , 4046
16:43:23.621 [main] INFO  c.c.app.process.impl.Search2Impl.fillDetail  266 - ** 4047 ** 405700 , 1 , 4047
16:43:23.621 [main] INFO  c.c.app.process.impl.Search2Impl.searchAll  379 -  SEARCHING 405700 TOGGLE 4 ITEM FOUND 4045
16:43:23.621 [main] INFO  c.c.app.process.impl.Search2Impl.fillDetail  266 - ** 4048 ** 406200 , 1 , 4048
16:43:23.621 [main] INFO  c.c.app.process.impl.Search2Impl.fillDetail  266 - ** 4049 ** 406200 , 1 , 4049
16:43:23.621 [main] INFO  c.c.app.process.impl.Search2Impl.fillDetail  266 - ** 4050 ** 406200 , 1 , 4050
16:43:23.621 [main] INFO  c.c.app.process.impl.Search2Impl.fillDetail  266 - ** 4051 ** 406200 , 1 , 4051
16:43:23.621 [main] INFO  c.c.app.process.impl.Search2Impl.fillDetail  266 - ** 4052 ** 406200 , 1 , 4052
16:43:23.621 [main] INFO  c.c.app.process.impl.Search2Impl.searchAll  379 -  SEARCHING 406200 TOGGLE 5 ITEM FOUND 4051
16:43:23.621 [main] INFO  c.c.app.process.impl.Search2Impl.fillDetail  266 - ** 4053 ** 406800 , 1 , 4053
16:43:23.621 [main] INFO  c.c.app.process.impl.Search2Impl.fillDetail  266 - ** 4054 ** 406800 , 1 , 4054
16:43:23.621 [main] INFO  c.c.app.process.impl.Search2Impl.fillDetail  266 - ** 4055 ** 406800 , 1 , 4055
16:43:23.621 [main] INFO  c.c.app.process.impl.Search2Impl.fillDetail  266 - ** 4056 ** 406800 , 1 , 4056
16:43:23.621 [main] INFO  c.c.app.process.impl.Search2Impl.fillDetail  266 - ** 4057 ** 406800 , 1 , 4057
16:43:23.621 [main] INFO  c.c.app.process.impl.Search2Impl.fillDetail  266 - ** 4058 ** 406800 , 1 , 4058
16:43:23.622 [main] INFO  c.c.app.process.impl.Search2Impl.searchAll  379 -  SEARCHING 406800 TOGGLE 6 ITEM FOUND 4057
16:43:23.622 [main] INFO  c.c.app.process.impl.Search2Impl.fillDetail  266 - ** 4059 ** 407000 , 1 , 4059
16:43:23.622 [main] INFO  c.c.app.process.impl.Search2Impl.fillDetail  266 - ** 4060 ** 407000 , 1 , 4060
16:43:23.622 [main] INFO  c.c.app.process.impl.Search2Impl.searchAll  379 -  SEARCHING 407000 TOGGLE 2 ITEM FOUND 4059
16:43:23.622 [main] INFO  c.c.app.process.impl.Search2Impl.fillDetail  266 - ** 4061 ** 407300 , 1 , 4061
16:43:23.622 [main] INFO  c.c.app.process.impl.Search2Impl.fillDetail  266 - ** 4062 ** 407300 , 1 , 4062
16:43:23.622 [main] INFO  c.c.app.process.impl.Search2Impl.fillDetail  266 - ** 4063 ** 407300 , 1 , 4063
16:43:23.622 [main] INFO  c.c.app.process.impl.Search2Impl.searchAll  379 -  SEARCHING 407300 TOGGLE 3 ITEM FOUND 4062
16:43:23.622 [main] INFO  c.c.app.process.impl.Search2Impl.fillDetail  266 - ** 4064 ** 407700 , 1 , 4064
16:43:23.622 [main] INFO  c.c.app.process.impl.Search2Impl.fillDetail  266 - ** 4065 ** 407700 , 1 , 4065
16:43:23.622 [main] INFO  c.c.app.process.impl.Search2Impl.fillDetail  266 - ** 4066 ** 407700 , 1 , 4066
16:43:23.622 [main] INFO  c.c.app.process.impl.Search2Impl.fillDetail  266 - ** 4067 ** 407700 , 1 , 4067
16:43:23.622 [main] INFO  c.c.app.process.impl.Search2Impl.searchAll  379 -  SEARCHING 407700 TOGGLE 4 ITEM FOUND 4065
16:43:23.622 [main] INFO  c.c.app.process.impl.Search2Impl.fillDetail  266 - ** 4068 ** 408200 , 1 , 4068
16:43:23.622 [main] INFO  c.c.app.process.impl.Search2Impl.fillDetail  266 - ** 4069 ** 408200 , 1 , 4069
16:43:23.622 [main] INFO  c.c.app.process.impl.Search2Impl.fillDetail  266 - ** 4070 ** 408200 , 1 , 4070
16:43:23.622 [main] INFO  c.c.app.process.impl.Search2Impl.fillDetail  266 - ** 4071 ** 408200 , 1 , 4071
16:43:23.622 [main] INFO  c.c.app.process.impl.Search2Impl.fillDetail  266 - ** 4072 ** 408200 , 1 , 4072
16:43:23.622 [main] INFO  c.c.app.process.impl.Search2Impl.searchAll  379 -  SEARCHING 408200 TOGGLE 5 ITEM FOUND 4068
16:43:23.622 [main] INFO  c.c.app.process.impl.Search2Impl.fillDetail  266 - ** 4073 ** 408800 , 1 , 4073
16:43:23.622 [main] INFO  c.c.app.process.impl.Search2Impl.fillDetail  266 - ** 4074 ** 408800 , 1 , 4074
16:43:23.623 [main] INFO  c.c.app.process.impl.Search2Impl.fillDetail  266 - ** 4075 ** 408800 , 1 , 4075
16:43:23.623 [main] INFO  c.c.app.process.impl.Search2Impl.fillDetail  266 - ** 4076 ** 408800 , 1 , 4076
16:43:23.623 [main] INFO  c.c.app.process.impl.Search2Impl.fillDetail  266 - ** 4077 ** 408800 , 1 , 4077
16:43:23.623 [main] INFO  c.c.app.process.impl.Search2Impl.fillDetail  266 - ** 4078 ** 408800 , 1 , 4078
16:43:23.623 [main] INFO  c.c.app.process.impl.Search2Impl.searchAll  379 -  SEARCHING 408800 TOGGLE 6 ITEM FOUND 4074
16:43:23.623 [main] INFO  c.c.app.process.impl.Search2Impl.fillDetail  266 - ** 4079 ** 409000 , 1 , 4079
16:43:23.623 [main] INFO  c.c.app.process.impl.Search2Impl.fillDetail  266 - ** 4080 ** 409000 , 1 , 4080
16:43:23.623 [main] INFO  c.c.app.process.impl.Search2Impl.searchAll  379 -  SEARCHING 409000 TOGGLE 2 ITEM FOUND 4080
16:43:23.623 [main] INFO  c.c.app.process.impl.Search2Impl.fillDetail  266 - ** 4081 ** 409300 , 1 , 4081
16:43:23.623 [main] INFO  c.c.app.process.impl.Search2Impl.fillDetail  266 - ** 4082 ** 409300 , 1 , 4082
16:43:23.623 [main] INFO  c.c.app.process.impl.Search2Impl.fillDetail  266 - ** 4083 ** 409300 , 1 , 4083
16:43:23.623 [main] INFO  c.c.app.process.impl.Search2Impl.searchAll  379 -  SEARCHING 409300 TOGGLE 3 ITEM FOUND 4082
16:43:23.623 [main] INFO  c.c.app.process.impl.Search2Impl.fillDetail  266 - ** 4084 ** 409700 , 1 , 4084
16:43:23.623 [main] INFO  c.c.app.process.impl.Search2Impl.fillDetail  266 - ** 4085 ** 409700 , 1 , 4085
16:43:23.623 [main] INFO  c.c.app.process.impl.Search2Impl.fillDetail  266 - ** 4086 ** 409700 , 1 , 4086
16:43:23.623 [main] INFO  c.c.app.process.impl.Search2Impl.fillDetail  266 - ** 4087 ** 409700 , 1 , 4087
16:43:23.623 [main] INFO  c.c.app.process.impl.Search2Impl.searchAll  379 -  SEARCHING 409700 TOGGLE 4 ITEM FOUND 4085
16:43:23.623 [main] INFO  c.c.app.process.impl.Search2Impl.fillDetail  266 - ** 4088 ** 410200 , 1 , 4088
16:43:23.623 [main] INFO  c.c.app.process.impl.Search2Impl.fillDetail  266 - ** 4089 ** 410200 , 1 , 4089
16:43:23.623 [main] INFO  c.c.app.process.impl.Search2Impl.fillDetail  266 - ** 4090 ** 410200 , 1 , 4090
16:43:23.623 [main] INFO  c.c.app.process.impl.Search2Impl.fillDetail  266 - ** 4091 ** 410200 , 1 , 4091
16:43:23.623 [main] INFO  c.c.app.process.impl.Search2Impl.fillDetail  266 - ** 4092 ** 410200 , 1 , 4092
16:43:23.624 [main] INFO  c.c.app.process.impl.Search2Impl.searchAll  379 -  SEARCHING 410200 TOGGLE 5 ITEM FOUND 4091
16:43:23.624 [main] INFO  c.c.app.process.impl.Search2Impl.fillDetail  266 - ** 4093 ** 410800 , 1 , 4093
16:43:23.624 [main] INFO  c.c.app.process.impl.Search2Impl.fillDetail  266 - ** 4094 ** 410800 , 1 , 4094
16:43:23.624 [main] INFO  c.c.app.process.impl.Search2Impl.fillDetail  266 - ** 4095 ** 410800 , 1 , 4095
16:43:23.624 [main] INFO  c.c.app.process.impl.Search2Impl.fillDetail  266 - ** 4096 ** 410800 , 1 , 4096
16:43:23.624 [main] INFO  c.c.app.process.impl.Search2Impl.fillDetail  266 - ** 4097 ** 410800 , 1 , 4097
16:43:23.624 [main] INFO  c.c.app.process.impl.Search2Impl.fillDetail  266 - ** 4098 ** 410800 , 1 , 4098
16:43:23.624 [main] INFO  c.c.app.process.impl.Search2Impl.searchAll  379 -  SEARCHING 410800 TOGGLE 6 ITEM FOUND 4097
16:43:23.624 [main] INFO  c.c.app.process.impl.Search2Impl.fillDetail  266 - ** 4099 ** 411000 , 1 , 4099
16:43:23.624 [main] INFO  c.c.app.process.impl.Search2Impl.fillDetail  266 - ** 4100 ** 411000 , 1 , 4100
16:43:23.624 [main] INFO  c.c.app.process.impl.Search2Impl.searchAll  379 -  SEARCHING 411000 TOGGLE 2 ITEM FOUND 4100
16:43:23.624 [main] INFO  c.c.app.process.impl.Search2Impl.fillDetail  266 - ** 4101 ** 411300 , 1 , 4101
16:43:23.624 [main] INFO  c.c.app.process.impl.Search2Impl.fillDetail  266 - ** 4102 ** 411300 , 1 , 4102
16:43:23.624 [main] INFO  c.c.app.process.impl.Search2Impl.fillDetail  266 - ** 4103 ** 411300 , 1 , 4103
16:43:23.624 [main] INFO  c.c.app.process.impl.Search2Impl.searchAll  379 -  SEARCHING 411300 TOGGLE 3 ITEM FOUND 4103
16:43:23.624 [main] INFO  c.c.app.process.impl.Search2Impl.fillDetail  266 - ** 4104 ** 411700 , 1 , 4104
16:43:23.624 [main] INFO  c.c.app.process.impl.Search2Impl.fillDetail  266 - ** 4105 ** 411700 , 1 , 4105
16:43:23.624 [main] INFO  c.c.app.process.impl.Search2Impl.fillDetail  266 - ** 4106 ** 411700 , 1 , 4106
16:43:23.625 [main] INFO  c.c.app.process.impl.Search2Impl.fillDetail  266 - ** 4107 ** 411700 , 1 , 4107
16:43:23.625 [main] INFO  c.c.app.process.impl.Search2Impl.searchAll  379 -  SEARCHING 411700 TOGGLE 4 ITEM FOUND 4105
16:43:23.625 [main] INFO  c.c.app.process.impl.Search2Impl.fillDetail  266 - ** 4108 ** 412200 , 1 , 4108
16:43:23.625 [main] INFO  c.c.app.process.impl.Search2Impl.fillDetail  266 - ** 4109 ** 412200 , 1 , 4109
16:43:23.625 [main] INFO  c.c.app.process.impl.Search2Impl.fillDetail  266 - ** 4110 ** 412200 , 1 , 4110
16:43:23.625 [main] INFO  c.c.app.process.impl.Search2Impl.fillDetail  266 - ** 4111 ** 412200 , 1 , 4111
16:43:23.625 [main] INFO  c.c.app.process.impl.Search2Impl.fillDetail  266 - ** 4112 ** 412200 , 1 , 4112
16:43:23.625 [main] INFO  c.c.app.process.impl.Search2Impl.searchAll  379 -  SEARCHING 412200 TOGGLE 5 ITEM FOUND 4108
16:43:23.625 [main] INFO  c.c.app.process.impl.Search2Impl.fillDetail  266 - ** 4113 ** 412800 , 1 , 4113
16:43:23.625 [main] INFO  c.c.app.process.impl.Search2Impl.fillDetail  266 - ** 4114 ** 412800 , 1 , 4114
16:43:23.625 [main] INFO  c.c.app.process.impl.Search2Impl.fillDetail  266 - ** 4115 ** 412800 , 1 , 4115
16:43:23.625 [main] INFO  c.c.app.process.impl.Search2Impl.fillDetail  266 - ** 4116 ** 412800 , 1 , 4116
16:43:23.625 [main] INFO  c.c.app.process.impl.Search2Impl.fillDetail  266 - ** 4117 ** 412800 , 1 , 4117
16:43:23.625 [main] INFO  c.c.app.process.impl.Search2Impl.fillDetail  266 - ** 4118 ** 412800 , 1 , 4118
16:43:23.625 [main] INFO  c.c.app.process.impl.Search2Impl.searchAll  379 -  SEARCHING 412800 TOGGLE 6 ITEM FOUND 4114
16:43:23.625 [main] INFO  c.c.app.process.impl.Search2Impl.fillDetail  266 - ** 4119 ** 413000 , 1 , 4119
16:43:23.625 [main] INFO  c.c.app.process.impl.Search2Impl.fillDetail  266 - ** 4120 ** 413000 , 1 , 4120
16:43:23.625 [main] INFO  c.c.app.process.impl.Search2Impl.searchAll  379 -  SEARCHING 413000 TOGGLE 2 ITEM FOUND 4120
16:43:23.625 [main] INFO  c.c.app.process.impl.Search2Impl.fillDetail  266 - ** 4121 ** 413300 , 1 , 4121
16:43:23.626 [main] INFO  c.c.app.process.impl.Search2Impl.fillDetail  266 - ** 4122 ** 413300 , 1 , 4122
16:43:23.626 [main] INFO  c.c.app.process.impl.Search2Impl.fillDetail  266 - ** 4123 ** 413300 , 1 , 4123
16:43:23.626 [main] INFO  c.c.app.process.impl.Search2Impl.searchAll  379 -  SEARCHING 413300 TOGGLE 3 ITEM FOUND 4123
16:43:23.626 [main] INFO  c.c.app.process.impl.Search2Impl.fillDetail  266 - ** 4124 ** 413700 , 1 , 4124
16:43:23.626 [main] INFO  c.c.app.process.impl.Search2Impl.fillDetail  266 - ** 4125 ** 413700 , 1 , 4125
16:43:23.626 [main] INFO  c.c.app.process.impl.Search2Impl.fillDetail  266 - ** 4126 ** 413700 , 1 , 4126
16:43:23.626 [main] INFO  c.c.app.process.impl.Search2Impl.fillDetail  266 - ** 4127 ** 413700 , 1 , 4127
16:43:23.626 [main] INFO  c.c.app.process.impl.Search2Impl.searchAll  379 -  SEARCHING 413700 TOGGLE 4 ITEM FOUND 4126
16:43:23.626 [main] INFO  c.c.app.process.impl.Search2Impl.fillDetail  266 - ** 4128 ** 414200 , 1 , 4128
16:43:23.626 [main] INFO  c.c.app.process.impl.Search2Impl.fillDetail  266 - ** 4129 ** 414200 , 1 , 4129
16:43:23.626 [main] INFO  c.c.app.process.impl.Search2Impl.fillDetail  266 - ** 4130 ** 414200 , 1 , 4130
16:43:23.626 [main] INFO  c.c.app.process.impl.Search2Impl.fillDetail  266 - ** 4131 ** 414200 , 1 , 4131
16:43:23.626 [main] INFO  c.c.app.process.impl.Search2Impl.fillDetail  266 - ** 4132 ** 414200 , 1 , 4132
16:43:23.626 [main] INFO  c.c.app.process.impl.Search2Impl.searchAll  379 -  SEARCHING 414200 TOGGLE 5 ITEM FOUND 4131
16:43:23.626 [main] INFO  c.c.app.process.impl.Search2Impl.fillDetail  266 - ** 4133 ** 414800 , 1 , 4133
16:43:23.626 [main] INFO  c.c.app.process.impl.Search2Impl.fillDetail  266 - ** 4134 ** 414800 , 1 , 4134
16:43:23.626 [main] INFO  c.c.app.process.impl.Search2Impl.fillDetail  266 - ** 4135 ** 414800 , 1 , 4135
16:43:23.626 [main] INFO  c.c.app.process.impl.Search2Impl.fillDetail  266 - ** 4136 ** 414800 , 1 , 4136
16:43:23.626 [main] INFO  c.c.app.process.impl.Search2Impl.fillDetail  266 - ** 4137 ** 414800 , 1 , 4137
16:43:23.626 [main] INFO  c.c.app.process.impl.Search2Impl.fillDetail  266 - ** 4138 ** 414800 , 1 , 4138
16:43:23.626 [main] INFO  c.c.app.process.impl.Search2Impl.searchAll  379 -  SEARCHING 414800 TOGGLE 6 ITEM FOUND 4137
16:43:23.627 [main] INFO  c.c.app.process.impl.Search2Impl.fillDetail  266 - ** 4139 ** 415000 , 1 , 4139
16:43:23.627 [main] INFO  c.c.app.process.impl.Search2Impl.fillDetail  266 - ** 4140 ** 415000 , 1 , 4140
16:43:23.627 [main] INFO  c.c.app.process.impl.Search2Impl.searchAll  379 -  SEARCHING 415000 TOGGLE 2 ITEM FOUND 4140
16:43:23.627 [main] INFO  c.c.app.process.impl.Search2Impl.fillDetail  266 - ** 4141 ** 415300 , 1 , 4141
16:43:23.627 [main] INFO  c.c.app.process.impl.Search2Impl.fillDetail  266 - ** 4142 ** 415300 , 1 , 4142
16:43:23.627 [main] INFO  c.c.app.process.impl.Search2Impl.fillDetail  266 - ** 4143 ** 415300 , 1 , 4143
16:43:23.627 [main] INFO  c.c.app.process.impl.Search2Impl.searchAll  379 -  SEARCHING 415300 TOGGLE 3 ITEM FOUND 4143
16:43:23.627 [main] INFO  c.c.app.process.impl.Search2Impl.fillDetail  266 - ** 4144 ** 415700 , 1 , 4144
16:43:23.627 [main] INFO  c.c.app.process.impl.Search2Impl.fillDetail  266 - ** 4145 ** 415700 , 1 , 4145
16:43:23.627 [main] INFO  c.c.app.process.impl.Search2Impl.fillDetail  266 - ** 4146 ** 415700 , 1 , 4146
16:43:23.627 [main] INFO  c.c.app.process.impl.Search2Impl.fillDetail  266 - ** 4147 ** 415700 , 1 , 4147
16:43:23.627 [main] INFO  c.c.app.process.impl.Search2Impl.searchAll  379 -  SEARCHING 415700 TOGGLE 4 ITEM FOUND 4146
16:43:23.627 [main] INFO  c.c.app.process.impl.Search2Impl.fillDetail  266 - ** 4148 ** 416200 , 1 , 4148
16:43:23.627 [main] INFO  c.c.app.process.impl.Search2Impl.fillDetail  266 - ** 4149 ** 416200 , 1 , 4149
16:43:23.627 [main] INFO  c.c.app.process.impl.Search2Impl.fillDetail  266 - ** 4150 ** 416200 , 1 , 4150
16:43:23.627 [main] INFO  c.c.app.process.impl.Search2Impl.fillDetail  266 - ** 4151 ** 416200 , 1 , 4151
16:43:23.627 [main] INFO  c.c.app.process.impl.Search2Impl.fillDetail  266 - ** 4152 ** 416200 , 1 , 4152
16:43:23.627 [main] INFO  c.c.app.process.impl.Search2Impl.searchAll  379 -  SEARCHING 416200 TOGGLE 5 ITEM FOUND 4149
16:43:23.627 [main] INFO  c.c.app.process.impl.Search2Impl.fillDetail  266 - ** 4153 ** 416800 , 1 , 4153
16:43:23.627 [main] INFO  c.c.app.process.impl.Search2Impl.fillDetail  266 - ** 4154 ** 416800 , 1 , 4154
16:43:23.627 [main] INFO  c.c.app.process.impl.Search2Impl.fillDetail  266 - ** 4155 ** 416800 , 1 , 4155
16:43:23.627 [main] INFO  c.c.app.process.impl.Search2Impl.fillDetail  266 - ** 4156 ** 416800 , 1 , 4156
16:43:23.627 [main] INFO  c.c.app.process.impl.Search2Impl.fillDetail  266 - ** 4157 ** 416800 , 1 , 4157
16:43:23.628 [main] INFO  c.c.app.process.impl.Search2Impl.fillDetail  266 - ** 4158 ** 416800 , 1 , 4158
16:43:23.628 [main] INFO  c.c.app.process.impl.Search2Impl.searchAll  379 -  SEARCHING 416800 TOGGLE 6 ITEM FOUND 4154
16:43:23.628 [main] INFO  c.c.app.process.impl.Search2Impl.fillDetail  266 - ** 4159 ** 417000 , 1 , 4159
16:43:23.628 [main] INFO  c.c.app.process.impl.Search2Impl.fillDetail  266 - ** 4160 ** 417000 , 1 , 4160
16:43:23.628 [main] INFO  c.c.app.process.impl.Search2Impl.searchAll  379 -  SEARCHING 417000 TOGGLE 2 ITEM FOUND 4160
16:43:23.628 [main] INFO  c.c.app.process.impl.Search2Impl.fillDetail  266 - ** 4161 ** 417300 , 1 , 4161
16:43:23.628 [main] INFO  c.c.app.process.impl.Search2Impl.fillDetail  266 - ** 4162 ** 417300 , 1 , 4162
16:43:23.628 [main] INFO  c.c.app.process.impl.Search2Impl.fillDetail  266 - ** 4163 ** 417300 , 1 , 4163
16:43:23.628 [main] INFO  c.c.app.process.impl.Search2Impl.searchAll  379 -  SEARCHING 417300 TOGGLE 3 ITEM FOUND 4163
16:43:23.628 [main] INFO  c.c.app.process.impl.Search2Impl.fillDetail  266 - ** 4164 ** 417700 , 1 , 4164
16:43:23.628 [main] INFO  c.c.app.process.impl.Search2Impl.fillDetail  266 - ** 4165 ** 417700 , 1 , 4165
16:43:23.628 [main] INFO  c.c.app.process.impl.Search2Impl.fillDetail  266 - ** 4166 ** 417700 , 1 , 4166
16:43:23.628 [main] INFO  c.c.app.process.impl.Search2Impl.fillDetail  266 - ** 4167 ** 417700 , 1 , 4167
16:43:23.628 [main] INFO  c.c.app.process.impl.Search2Impl.searchAll  379 -  SEARCHING 417700 TOGGLE 4 ITEM FOUND 4166
16:43:23.628 [main] INFO  c.c.app.process.impl.Search2Impl.fillDetail  266 - ** 4168 ** 418200 , 1 , 4168
16:43:23.628 [main] INFO  c.c.app.process.impl.Search2Impl.fillDetail  266 - ** 4169 ** 418200 , 1 , 4169
16:43:23.628 [main] INFO  c.c.app.process.impl.Search2Impl.fillDetail  266 - ** 4170 ** 418200 , 1 , 4170
16:43:23.628 [main] INFO  c.c.app.process.impl.Search2Impl.fillDetail  266 - ** 4171 ** 418200 , 1 , 4171
16:43:23.628 [main] INFO  c.c.app.process.impl.Search2Impl.fillDetail  266 - ** 4172 ** 418200 , 1 , 4172
16:43:23.628 [main] INFO  c.c.app.process.impl.Search2Impl.searchAll  379 -  SEARCHING 418200 TOGGLE 5 ITEM FOUND 4172
16:43:23.628 [main] INFO  c.c.app.process.impl.Search2Impl.fillDetail  266 - ** 4173 ** 418800 , 1 , 4173
16:43:23.628 [main] INFO  c.c.app.process.impl.Search2Impl.fillDetail  266 - ** 4174 ** 418800 , 1 , 4174
16:43:23.628 [main] INFO  c.c.app.process.impl.Search2Impl.fillDetail  266 - ** 4175 ** 418800 , 1 , 4175
16:43:23.629 [main] INFO  c.c.app.process.impl.Search2Impl.fillDetail  266 - ** 4176 ** 418800 , 1 , 4176
16:43:23.629 [main] INFO  c.c.app.process.impl.Search2Impl.fillDetail  266 - ** 4177 ** 418800 , 1 , 4177
16:43:23.629 [main] INFO  c.c.app.process.impl.Search2Impl.fillDetail  266 - ** 4178 ** 418800 , 1 , 4178
16:43:23.629 [main] INFO  c.c.app.process.impl.Search2Impl.searchAll  379 -  SEARCHING 418800 TOGGLE 6 ITEM FOUND 4177
16:43:23.629 [main] INFO  c.c.app.process.impl.Search2Impl.fillDetail  266 - ** 4179 ** 419000 , 1 , 4179
16:43:23.629 [main] INFO  c.c.app.process.impl.Search2Impl.fillDetail  266 - ** 4180 ** 419000 , 1 , 4180
16:43:23.629 [main] INFO  c.c.app.process.impl.Search2Impl.searchAll  379 -  SEARCHING 419000 TOGGLE 2 ITEM FOUND 4180
16:43:23.629 [main] INFO  c.c.app.process.impl.Search2Impl.fillDetail  266 - ** 4181 ** 419300 , 1 , 4181
16:43:23.629 [main] INFO  c.c.app.process.impl.Search2Impl.fillDetail  266 - ** 4182 ** 419300 , 1 , 4182
16:43:23.629 [main] INFO  c.c.app.process.impl.Search2Impl.fillDetail  266 - ** 4183 ** 419300 , 1 , 4183
16:43:23.629 [main] INFO  c.c.app.process.impl.Search2Impl.searchAll  379 -  SEARCHING 419300 TOGGLE 3 ITEM FOUND 4183
16:43:23.629 [main] INFO  c.c.app.process.impl.Search2Impl.fillDetail  266 - ** 4184 ** 419700 , 1 , 4184
16:43:23.629 [main] INFO  c.c.app.process.impl.Search2Impl.fillDetail  266 - ** 4185 ** 419700 , 1 , 4185
16:43:23.629 [main] INFO  c.c.app.process.impl.Search2Impl.fillDetail  266 - ** 4186 ** 419700 , 1 , 4186
16:43:23.629 [main] INFO  c.c.app.process.impl.Search2Impl.fillDetail  266 - ** 4187 ** 419700 , 1 , 4187
16:43:23.629 [main] INFO  c.c.app.process.impl.Search2Impl.searchAll  379 -  SEARCHING 419700 TOGGLE 4 ITEM FOUND 4186
16:43:23.629 [main] INFO  c.c.app.process.impl.Search2Impl.fillDetail  266 - ** 4188 ** 420200 , 1 , 4188
16:43:23.629 [main] INFO  c.c.app.process.impl.Search2Impl.fillDetail  266 - ** 4189 ** 420200 , 1 , 4189
16:43:23.629 [main] INFO  c.c.app.process.impl.Search2Impl.fillDetail  266 - ** 4190 ** 420200 , 1 , 4190
16:43:23.629 [main] INFO  c.c.app.process.impl.Search2Impl.fillDetail  266 - ** 4191 ** 420200 , 1 , 4191
16:43:23.629 [main] INFO  c.c.app.process.impl.Search2Impl.fillDetail  266 - ** 4192 ** 420200 , 1 , 4192
16:43:23.630 [main] INFO  c.c.app.process.impl.Search2Impl.searchAll  379 -  SEARCHING 420200 TOGGLE 5 ITEM FOUND 4189
16:43:23.630 [main] INFO  c.c.app.process.impl.Search2Impl.fillDetail  266 - ** 4193 ** 420800 , 1 , 4193
16:43:23.630 [main] INFO  c.c.app.process.impl.Search2Impl.fillDetail  266 - ** 4194 ** 420800 , 1 , 4194
16:43:23.630 [main] INFO  c.c.app.process.impl.Search2Impl.fillDetail  266 - ** 4195 ** 420800 , 1 , 4195
16:43:23.630 [main] INFO  c.c.app.process.impl.Search2Impl.fillDetail  266 - ** 4196 ** 420800 , 1 , 4196
16:43:23.630 [main] INFO  c.c.app.process.impl.Search2Impl.fillDetail  266 - ** 4197 ** 420800 , 1 , 4197
16:43:23.630 [main] INFO  c.c.app.process.impl.Search2Impl.fillDetail  266 - ** 4198 ** 420800 , 1 , 4198
16:43:23.630 [main] INFO  c.c.app.process.impl.Search2Impl.searchAll  379 -  SEARCHING 420800 TOGGLE 6 ITEM FOUND 4195
16:43:23.630 [main] INFO  c.c.app.process.impl.Search2Impl.fillDetail  266 - ** 4199 ** 421000 , 1 , 4199
16:43:23.630 [main] INFO  c.c.app.process.impl.Search2Impl.fillDetail  266 - ** 4200 ** 421000 , 1 , 4200
16:43:23.630 [main] INFO  c.c.app.process.impl.Search2Impl.searchAll  379 -  SEARCHING 421000 TOGGLE 2 ITEM FOUND 4200
16:43:23.630 [main] INFO  c.c.app.process.impl.Search2Impl.fillDetail  266 - ** 4201 ** 421300 , 1 , 4201
16:43:23.630 [main] INFO  c.c.app.process.impl.Search2Impl.fillDetail  266 - ** 4202 ** 421300 , 1 , 4202
16:43:23.630 [main] INFO  c.c.app.process.impl.Search2Impl.fillDetail  266 - ** 4203 ** 421300 , 1 , 4203
16:43:23.630 [main] INFO  c.c.app.process.impl.Search2Impl.searchAll  379 -  SEARCHING 421300 TOGGLE 3 ITEM FOUND 4203
16:43:23.630 [main] INFO  c.c.app.process.impl.Search2Impl.fillDetail  266 - ** 4204 ** 421700 , 1 , 4204
16:43:23.630 [main] INFO  c.c.app.process.impl.Search2Impl.fillDetail  266 - ** 4205 ** 421700 , 1 , 4205
16:43:23.630 [main] INFO  c.c.app.process.impl.Search2Impl.fillDetail  266 - ** 4206 ** 421700 , 1 , 4206
16:43:23.630 [main] INFO  c.c.app.process.impl.Search2Impl.fillDetail  266 - ** 4207 ** 421700 , 1 , 4207
16:43:23.630 [main] INFO  c.c.app.process.impl.Search2Impl.searchAll  379 -  SEARCHING 421700 TOGGLE 4 ITEM FOUND 4206
16:43:23.630 [main] INFO  c.c.app.process.impl.Search2Impl.fillDetail  266 - ** 4208 ** 422200 , 1 , 4208
16:43:23.630 [main] INFO  c.c.app.process.impl.Search2Impl.fillDetail  266 - ** 4209 ** 422200 , 1 , 4209
16:43:23.630 [main] INFO  c.c.app.process.impl.Search2Impl.fillDetail  266 - ** 4210 ** 422200 , 1 , 4210
16:43:23.631 [main] INFO  c.c.app.process.impl.Search2Impl.fillDetail  266 - ** 4211 ** 422200 , 1 , 4211
16:43:23.631 [main] INFO  c.c.app.process.impl.Search2Impl.fillDetail  266 - ** 4212 ** 422200 , 1 , 4212
16:43:23.631 [main] INFO  c.c.app.process.impl.Search2Impl.searchAll  379 -  SEARCHING 422200 TOGGLE 5 ITEM FOUND 4212
16:43:23.631 [main] INFO  c.c.app.process.impl.Search2Impl.fillDetail  266 - ** 4213 ** 422800 , 1 , 4213
16:43:23.631 [main] INFO  c.c.app.process.impl.Search2Impl.fillDetail  266 - ** 4214 ** 422800 , 1 , 4214
16:43:23.631 [main] INFO  c.c.app.process.impl.Search2Impl.fillDetail  266 - ** 4215 ** 422800 , 1 , 4215
16:43:23.631 [main] INFO  c.c.app.process.impl.Search2Impl.fillDetail  266 - ** 4216 ** 422800 , 1 , 4216
16:43:23.631 [main] INFO  c.c.app.process.impl.Search2Impl.fillDetail  266 - ** 4217 ** 422800 , 1 , 4217
16:43:23.631 [main] INFO  c.c.app.process.impl.Search2Impl.fillDetail  266 - ** 4218 ** 422800 , 1 , 4218
16:43:23.631 [main] INFO  c.c.app.process.impl.Search2Impl.searchAll  379 -  SEARCHING 422800 TOGGLE 6 ITEM FOUND 4218
16:43:23.631 [main] INFO  c.c.app.process.impl.Search2Impl.fillDetail  266 - ** 4219 ** 423000 , 1 , 4219
16:43:23.631 [main] INFO  c.c.app.process.impl.Search2Impl.fillDetail  266 - ** 4220 ** 423000 , 1 , 4220
16:43:23.631 [main] INFO  c.c.app.process.impl.Search2Impl.searchAll  379 -  SEARCHING 423000 TOGGLE 2 ITEM FOUND 4220
16:43:23.631 [main] INFO  c.c.app.process.impl.Search2Impl.fillDetail  266 - ** 4221 ** 423300 , 1 , 4221
16:43:23.631 [main] INFO  c.c.app.process.impl.Search2Impl.fillDetail  266 - ** 4222 ** 423300 , 1 , 4222
16:43:23.631 [main] INFO  c.c.app.process.impl.Search2Impl.fillDetail  266 - ** 4223 ** 423300 , 1 , 4223
16:43:23.631 [main] INFO  c.c.app.process.impl.Search2Impl.searchAll  379 -  SEARCHING 423300 TOGGLE 3 ITEM FOUND 4223
16:43:23.631 [main] INFO  c.c.app.process.impl.Search2Impl.fillDetail  266 - ** 4224 ** 423700 , 1 , 4224
16:43:23.631 [main] INFO  c.c.app.process.impl.Search2Impl.fillDetail  266 - ** 4225 ** 423700 , 1 , 4225
16:43:23.631 [main] INFO  c.c.app.process.impl.Search2Impl.fillDetail  266 - ** 4226 ** 423700 , 1 , 4226
16:43:23.631 [main] INFO  c.c.app.process.impl.Search2Impl.fillDetail  266 - ** 4227 ** 423700 , 1 , 4227
16:43:23.631 [main] INFO  c.c.app.process.impl.Search2Impl.searchAll  379 -  SEARCHING 423700 TOGGLE 4 ITEM FOUND 4226
16:43:23.632 [main] INFO  c.c.app.process.impl.Search2Impl.fillDetail  266 - ** 4228 ** 424200 , 1 , 4228
16:43:23.632 [main] INFO  c.c.app.process.impl.Search2Impl.fillDetail  266 - ** 4229 ** 424200 , 1 , 4229
16:43:23.632 [main] INFO  c.c.app.process.impl.Search2Impl.fillDetail  266 - ** 4230 ** 424200 , 1 , 4230
16:43:23.632 [main] INFO  c.c.app.process.impl.Search2Impl.fillDetail  266 - ** 4231 ** 424200 , 1 , 4231
16:43:23.632 [main] INFO  c.c.app.process.impl.Search2Impl.fillDetail  266 - ** 4232 ** 424200 , 1 , 4232
16:43:23.632 [main] INFO  c.c.app.process.impl.Search2Impl.searchAll  379 -  SEARCHING 424200 TOGGLE 5 ITEM FOUND 4229
16:43:23.632 [main] INFO  c.c.app.process.impl.Search2Impl.fillDetail  266 - ** 4233 ** 424800 , 1 , 4233
16:43:23.632 [main] INFO  c.c.app.process.impl.Search2Impl.fillDetail  266 - ** 4234 ** 424800 , 1 , 4234
16:43:23.632 [main] INFO  c.c.app.process.impl.Search2Impl.fillDetail  266 - ** 4235 ** 424800 , 1 , 4235
16:43:23.632 [main] INFO  c.c.app.process.impl.Search2Impl.fillDetail  266 - ** 4236 ** 424800 , 1 , 4236
16:43:23.632 [main] INFO  c.c.app.process.impl.Search2Impl.fillDetail  266 - ** 4237 ** 424800 , 1 , 4237
16:43:23.632 [main] INFO  c.c.app.process.impl.Search2Impl.fillDetail  266 - ** 4238 ** 424800 , 1 , 4238
16:43:23.632 [main] INFO  c.c.app.process.impl.Search2Impl.searchAll  379 -  SEARCHING 424800 TOGGLE 6 ITEM FOUND 4235
16:43:23.632 [main] INFO  c.c.app.process.impl.Search2Impl.fillDetail  266 - ** 4239 ** 425000 , 1 , 4239
16:43:23.632 [main] INFO  c.c.app.process.impl.Search2Impl.fillDetail  266 - ** 4240 ** 425000 , 1 , 4240
16:43:23.632 [main] INFO  c.c.app.process.impl.Search2Impl.searchAll  379 -  SEARCHING 425000 TOGGLE 2 ITEM FOUND 4239
16:43:23.632 [main] INFO  c.c.app.process.impl.Search2Impl.fillDetail  266 - ** 4241 ** 425300 , 1 , 4241
16:43:23.632 [main] INFO  c.c.app.process.impl.Search2Impl.fillDetail  266 - ** 4242 ** 425300 , 1 , 4242
16:43:23.632 [main] INFO  c.c.app.process.impl.Search2Impl.fillDetail  266 - ** 4243 ** 425300 , 1 , 4243
16:43:23.632 [main] INFO  c.c.app.process.impl.Search2Impl.searchAll  379 -  SEARCHING 425300 TOGGLE 3 ITEM FOUND 4241
16:43:23.632 [main] INFO  c.c.app.process.impl.Search2Impl.fillDetail  266 - ** 4244 ** 425700 , 1 , 4244
16:43:23.633 [main] INFO  c.c.app.process.impl.Search2Impl.fillDetail  266 - ** 4245 ** 425700 , 1 , 4245
16:43:23.633 [main] INFO  c.c.app.process.impl.Search2Impl.fillDetail  266 - ** 4246 ** 425700 , 1 , 4246
16:43:23.633 [main] INFO  c.c.app.process.impl.Search2Impl.fillDetail  266 - ** 4247 ** 425700 , 1 , 4247
16:43:23.633 [main] INFO  c.c.app.process.impl.Search2Impl.searchAll  379 -  SEARCHING 425700 TOGGLE 4 ITEM FOUND 4246
16:43:23.633 [main] INFO  c.c.app.process.impl.Search2Impl.fillDetail  266 - ** 4248 ** 426200 , 1 , 4248
16:43:23.633 [main] INFO  c.c.app.process.impl.Search2Impl.fillDetail  266 - ** 4249 ** 426200 , 1 , 4249
16:43:23.633 [main] INFO  c.c.app.process.impl.Search2Impl.fillDetail  266 - ** 4250 ** 426200 , 1 , 4250
16:43:23.633 [main] INFO  c.c.app.process.impl.Search2Impl.fillDetail  266 - ** 4251 ** 426200 , 1 , 4251
16:43:23.633 [main] INFO  c.c.app.process.impl.Search2Impl.fillDetail  266 - ** 4252 ** 426200 , 1 , 4252
16:43:23.633 [main] INFO  c.c.app.process.impl.Search2Impl.searchAll  379 -  SEARCHING 426200 TOGGLE 5 ITEM FOUND 4252
16:43:23.633 [main] INFO  c.c.app.process.impl.Search2Impl.fillDetail  266 - ** 4253 ** 426800 , 1 , 4253
16:43:23.633 [main] INFO  c.c.app.process.impl.Search2Impl.fillDetail  266 - ** 4254 ** 426800 , 1 , 4254
16:43:23.633 [main] INFO  c.c.app.process.impl.Search2Impl.fillDetail  266 - ** 4255 ** 426800 , 1 , 4255
16:43:23.633 [main] INFO  c.c.app.process.impl.Search2Impl.fillDetail  266 - ** 4256 ** 426800 , 1 , 4256
16:43:23.633 [main] INFO  c.c.app.process.impl.Search2Impl.fillDetail  266 - ** 4257 ** 426800 , 1 , 4257
16:43:23.633 [main] INFO  c.c.app.process.impl.Search2Impl.fillDetail  266 - ** 4258 ** 426800 , 1 , 4258
16:43:23.633 [main] INFO  c.c.app.process.impl.Search2Impl.searchAll  379 -  SEARCHING 426800 TOGGLE 6 ITEM FOUND 4258
16:43:23.633 [main] INFO  c.c.app.process.impl.Search2Impl.fillDetail  266 - ** 4259 ** 427000 , 1 , 4259
16:43:23.633 [main] INFO  c.c.app.process.impl.Search2Impl.fillDetail  266 - ** 4260 ** 427000 , 1 , 4260
16:43:23.633 [main] INFO  c.c.app.process.impl.Search2Impl.searchAll  379 -  SEARCHING 427000 TOGGLE 2 ITEM FOUND 4259
16:43:23.633 [main] INFO  c.c.app.process.impl.Search2Impl.fillDetail  266 - ** 4261 ** 427300 , 1 , 4261
16:43:23.633 [main] INFO  c.c.app.process.impl.Search2Impl.fillDetail  266 - ** 4262 ** 427300 , 1 , 4262
16:43:23.633 [main] INFO  c.c.app.process.impl.Search2Impl.fillDetail  266 - ** 4263 ** 427300 , 1 , 4263
16:43:23.634 [main] INFO  c.c.app.process.impl.Search2Impl.searchAll  379 -  SEARCHING 427300 TOGGLE 3 ITEM FOUND 4261
16:43:23.634 [main] INFO  c.c.app.process.impl.Search2Impl.fillDetail  266 - ** 4264 ** 427700 , 1 , 4264
16:43:23.634 [main] INFO  c.c.app.process.impl.Search2Impl.fillDetail  266 - ** 4265 ** 427700 , 1 , 4265
16:43:23.634 [main] INFO  c.c.app.process.impl.Search2Impl.fillDetail  266 - ** 4266 ** 427700 , 1 , 4266
16:43:23.634 [main] INFO  c.c.app.process.impl.Search2Impl.fillDetail  266 - ** 4267 ** 427700 , 1 , 4267
16:43:23.634 [main] INFO  c.c.app.process.impl.Search2Impl.searchAll  379 -  SEARCHING 427700 TOGGLE 4 ITEM FOUND 4264
16:43:23.634 [main] INFO  c.c.app.process.impl.Search2Impl.fillDetail  266 - ** 4268 ** 428200 , 1 , 4268
16:43:23.634 [main] INFO  c.c.app.process.impl.Search2Impl.fillDetail  266 - ** 4269 ** 428200 , 1 , 4269
16:43:23.634 [main] INFO  c.c.app.process.impl.Search2Impl.fillDetail  266 - ** 4270 ** 428200 , 1 , 4270
16:43:23.634 [main] INFO  c.c.app.process.impl.Search2Impl.fillDetail  266 - ** 4271 ** 428200 , 1 , 4271
16:43:23.634 [main] INFO  c.c.app.process.impl.Search2Impl.fillDetail  266 - ** 4272 ** 428200 , 1 , 4272
16:43:23.634 [main] INFO  c.c.app.process.impl.Search2Impl.searchAll  379 -  SEARCHING 428200 TOGGLE 5 ITEM FOUND 4269
16:43:23.634 [main] INFO  c.c.app.process.impl.Search2Impl.fillDetail  266 - ** 4273 ** 428800 , 1 , 4273
16:43:23.634 [main] INFO  c.c.app.process.impl.Search2Impl.fillDetail  266 - ** 4274 ** 428800 , 1 , 4274
16:43:23.634 [main] INFO  c.c.app.process.impl.Search2Impl.fillDetail  266 - ** 4275 ** 428800 , 1 , 4275
16:43:23.634 [main] INFO  c.c.app.process.impl.Search2Impl.fillDetail  266 - ** 4276 ** 428800 , 1 , 4276
16:43:23.634 [main] INFO  c.c.app.process.impl.Search2Impl.fillDetail  266 - ** 4277 ** 428800 , 1 , 4277
16:43:23.634 [main] INFO  c.c.app.process.impl.Search2Impl.fillDetail  266 - ** 4278 ** 428800 , 1 , 4278
16:43:23.634 [main] INFO  c.c.app.process.impl.Search2Impl.searchAll  379 -  SEARCHING 428800 TOGGLE 6 ITEM FOUND 4275
16:43:23.634 [main] INFO  c.c.app.process.impl.Search2Impl.fillDetail  266 - ** 4279 ** 429000 , 1 , 4279
16:43:23.634 [main] INFO  c.c.app.process.impl.Search2Impl.fillDetail  266 - ** 4280 ** 429000 , 1 , 4280
16:43:23.635 [main] INFO  c.c.app.process.impl.Search2Impl.searchAll  379 -  SEARCHING 429000 TOGGLE 2 ITEM FOUND 4279
16:43:23.635 [main] INFO  c.c.app.process.impl.Search2Impl.fillDetail  266 - ** 4281 ** 429300 , 1 , 4281
16:43:23.635 [main] INFO  c.c.app.process.impl.Search2Impl.fillDetail  266 - ** 4282 ** 429300 , 1 , 4282
16:43:23.635 [main] INFO  c.c.app.process.impl.Search2Impl.fillDetail  266 - ** 4283 ** 429300 , 1 , 4283
16:43:23.635 [main] INFO  c.c.app.process.impl.Search2Impl.searchAll  379 -  SEARCHING 429300 TOGGLE 3 ITEM FOUND 4281
16:43:23.635 [main] INFO  c.c.app.process.impl.Search2Impl.fillDetail  266 - ** 4284 ** 429700 , 1 , 4284
16:43:23.635 [main] INFO  c.c.app.process.impl.Search2Impl.fillDetail  266 - ** 4285 ** 429700 , 1 , 4285
16:43:23.635 [main] INFO  c.c.app.process.impl.Search2Impl.fillDetail  266 - ** 4286 ** 429700 , 1 , 4286
16:43:23.635 [main] INFO  c.c.app.process.impl.Search2Impl.fillDetail  266 - ** 4287 ** 429700 , 1 , 4287
16:43:23.635 [main] INFO  c.c.app.process.impl.Search2Impl.searchAll  379 -  SEARCHING 429700 TOGGLE 4 ITEM FOUND 4287
16:43:23.635 [main] INFO  c.c.app.process.impl.Search2Impl.fillDetail  266 - ** 4288 ** 430200 , 1 , 4288
16:43:23.635 [main] INFO  c.c.app.process.impl.Search2Impl.fillDetail  266 - ** 4289 ** 430200 , 1 , 4289
16:43:23.635 [main] INFO  c.c.app.process.impl.Search2Impl.fillDetail  266 - ** 4290 ** 430200 , 1 , 4290
16:43:23.635 [main] INFO  c.c.app.process.impl.Search2Impl.fillDetail  266 - ** 4291 ** 430200 , 1 , 4291
16:43:23.635 [main] INFO  c.c.app.process.impl.Search2Impl.fillDetail  266 - ** 4292 ** 430200 , 1 , 4292
16:43:23.635 [main] INFO  c.c.app.process.impl.Search2Impl.searchAll  379 -  SEARCHING 430200 TOGGLE 5 ITEM FOUND 4292
16:43:23.636 [main] INFO  c.c.app.process.impl.Search2Impl.fillDetail  266 - ** 4293 ** 430800 , 1 , 4293
16:43:23.636 [main] INFO  c.c.app.process.impl.Search2Impl.fillDetail  266 - ** 4294 ** 430800 , 1 , 4294
16:43:23.636 [main] INFO  c.c.app.process.impl.Search2Impl.fillDetail  266 - ** 4295 ** 430800 , 1 , 4295
16:43:23.636 [main] INFO  c.c.app.process.impl.Search2Impl.fillDetail  266 - ** 4296 ** 430800 , 1 , 4296
16:43:23.636 [main] INFO  c.c.app.process.impl.Search2Impl.fillDetail  266 - ** 4297 ** 430800 , 1 , 4297
16:43:23.636 [main] INFO  c.c.app.process.impl.Search2Impl.fillDetail  266 - ** 4298 ** 430800 , 1 , 4298
16:43:23.636 [main] INFO  c.c.app.process.impl.Search2Impl.searchAll  379 -  SEARCHING 430800 TOGGLE 6 ITEM FOUND 4298
16:43:23.636 [main] INFO  c.c.app.process.impl.Search2Impl.fillDetail  266 - ** 4299 ** 431000 , 1 , 4299
16:43:23.636 [main] INFO  c.c.app.process.impl.Search2Impl.fillDetail  266 - ** 4300 ** 431000 , 1 , 4300
16:43:23.636 [main] INFO  c.c.app.process.impl.Search2Impl.searchAll  379 -  SEARCHING 431000 TOGGLE 2 ITEM FOUND 4299
16:43:23.636 [main] INFO  c.c.app.process.impl.Search2Impl.fillDetail  266 - ** 4301 ** 431300 , 1 , 4301
16:43:23.636 [main] INFO  c.c.app.process.impl.Search2Impl.fillDetail  266 - ** 4302 ** 431300 , 1 , 4302
16:43:23.637 [main] INFO  c.c.app.process.impl.Search2Impl.fillDetail  266 - ** 4303 ** 431300 , 1 , 4303
16:43:23.637 [main] INFO  c.c.app.process.impl.Search2Impl.searchAll  379 -  SEARCHING 431300 TOGGLE 3 ITEM FOUND 4301
16:43:23.637 [main] INFO  c.c.app.process.impl.Search2Impl.fillDetail  266 - ** 4304 ** 431700 , 1 , 4304
16:43:23.637 [main] INFO  c.c.app.process.impl.Search2Impl.fillDetail  266 - ** 4305 ** 431700 , 1 , 4305
16:43:23.637 [main] INFO  c.c.app.process.impl.Search2Impl.fillDetail  266 - ** 4306 ** 431700 , 1 , 4306
16:43:23.637 [main] INFO  c.c.app.process.impl.Search2Impl.fillDetail  266 - ** 4307 ** 431700 , 1 , 4307
16:43:23.637 [main] INFO  c.c.app.process.impl.Search2Impl.searchAll  379 -  SEARCHING 431700 TOGGLE 4 ITEM FOUND 4304
16:43:23.637 [main] INFO  c.c.app.process.impl.Search2Impl.fillDetail  266 - ** 4308 ** 432200 , 1 , 4308
16:43:23.637 [main] INFO  c.c.app.process.impl.Search2Impl.fillDetail  266 - ** 4309 ** 432200 , 1 , 4309
16:43:23.637 [main] INFO  c.c.app.process.impl.Search2Impl.fillDetail  266 - ** 4310 ** 432200 , 1 , 4310
16:43:23.637 [main] INFO  c.c.app.process.impl.Search2Impl.fillDetail  266 - ** 4311 ** 432200 , 1 , 4311
16:43:23.637 [main] INFO  c.c.app.process.impl.Search2Impl.fillDetail  266 - ** 4312 ** 432200 , 1 , 4312
16:43:23.638 [main] INFO  c.c.app.process.impl.Search2Impl.searchAll  379 -  SEARCHING 432200 TOGGLE 5 ITEM FOUND 4310
16:43:23.638 [main] INFO  c.c.app.process.impl.Search2Impl.fillDetail  266 - ** 4313 ** 432800 , 1 , 4313
16:43:23.638 [main] INFO  c.c.app.process.impl.Search2Impl.fillDetail  266 - ** 4314 ** 432800 , 1 , 4314
16:43:23.638 [main] INFO  c.c.app.process.impl.Search2Impl.fillDetail  266 - ** 4315 ** 432800 , 1 , 4315
16:43:23.638 [main] INFO  c.c.app.process.impl.Search2Impl.fillDetail  266 - ** 4316 ** 432800 , 1 , 4316
16:43:23.638 [main] INFO  c.c.app.process.impl.Search2Impl.fillDetail  266 - ** 4317 ** 432800 , 1 , 4317
16:43:23.638 [main] INFO  c.c.app.process.impl.Search2Impl.fillDetail  266 - ** 4318 ** 432800 , 1 , 4318
16:43:23.638 [main] INFO  c.c.app.process.impl.Search2Impl.searchAll  379 -  SEARCHING 432800 TOGGLE 6 ITEM FOUND 4315
16:43:23.638 [main] INFO  c.c.app.process.impl.Search2Impl.fillDetail  266 - ** 4319 ** 433000 , 1 , 4319
16:43:23.638 [main] INFO  c.c.app.process.impl.Search2Impl.fillDetail  266 - ** 4320 ** 433000 , 1 , 4320
16:43:23.638 [main] INFO  c.c.app.process.impl.Search2Impl.searchAll  379 -  SEARCHING 433000 TOGGLE 2 ITEM FOUND 4319
16:43:23.639 [main] INFO  c.c.app.process.impl.Search2Impl.fillDetail  266 - ** 4321 ** 433300 , 1 , 4321
16:43:23.639 [main] INFO  c.c.app.process.impl.Search2Impl.fillDetail  266 - ** 4322 ** 433300 , 1 , 4322
16:43:23.639 [main] INFO  c.c.app.process.impl.Search2Impl.fillDetail  266 - ** 4323 ** 433300 , 1 , 4323
16:43:23.639 [main] INFO  c.c.app.process.impl.Search2Impl.searchAll  379 -  SEARCHING 433300 TOGGLE 3 ITEM FOUND 4321
16:43:23.639 [main] INFO  c.c.app.process.impl.Search2Impl.fillDetail  266 - ** 4324 ** 433700 , 1 , 4324
16:43:23.639 [main] INFO  c.c.app.process.impl.Search2Impl.fillDetail  266 - ** 4325 ** 433700 , 1 , 4325
16:43:23.639 [main] INFO  c.c.app.process.impl.Search2Impl.fillDetail  266 - ** 4326 ** 433700 , 1 , 4326
16:43:23.639 [main] INFO  c.c.app.process.impl.Search2Impl.fillDetail  266 - ** 4327 ** 433700 , 1 , 4327
16:43:23.639 [main] INFO  c.c.app.process.impl.Search2Impl.searchAll  379 -  SEARCHING 433700 TOGGLE 4 ITEM FOUND 4327
16:43:23.639 [main] INFO  c.c.app.process.impl.Search2Impl.fillDetail  266 - ** 4328 ** 434200 , 1 , 4328
16:43:23.639 [main] INFO  c.c.app.process.impl.Search2Impl.fillDetail  266 - ** 4329 ** 434200 , 1 , 4329
16:43:23.639 [main] INFO  c.c.app.process.impl.Search2Impl.fillDetail  266 - ** 4330 ** 434200 , 1 , 4330
16:43:23.639 [main] INFO  c.c.app.process.impl.Search2Impl.fillDetail  266 - ** 4331 ** 434200 , 1 , 4331
16:43:23.639 [main] INFO  c.c.app.process.impl.Search2Impl.fillDetail  266 - ** 4332 ** 434200 , 1 , 4332
16:43:23.639 [main] INFO  c.c.app.process.impl.Search2Impl.searchAll  379 -  SEARCHING 434200 TOGGLE 5 ITEM FOUND 4330
16:43:23.639 [main] INFO  c.c.app.process.impl.Search2Impl.fillDetail  266 - ** 4333 ** 434800 , 1 , 4333
16:43:23.639 [main] INFO  c.c.app.process.impl.Search2Impl.fillDetail  266 - ** 4334 ** 434800 , 1 , 4334
16:43:23.640 [main] INFO  c.c.app.process.impl.Search2Impl.fillDetail  266 - ** 4335 ** 434800 , 1 , 4335
16:43:23.640 [main] INFO  c.c.app.process.impl.Search2Impl.fillDetail  266 - ** 4336 ** 434800 , 1 , 4336
16:43:23.640 [main] INFO  c.c.app.process.impl.Search2Impl.fillDetail  266 - ** 4337 ** 434800 , 1 , 4337
16:43:23.640 [main] INFO  c.c.app.process.impl.Search2Impl.fillDetail  266 - ** 4338 ** 434800 , 1 , 4338
16:43:23.640 [main] INFO  c.c.app.process.impl.Search2Impl.searchAll  379 -  SEARCHING 434800 TOGGLE 6 ITEM FOUND 4333
16:43:23.640 [main] INFO  c.c.app.process.impl.Search2Impl.fillDetail  266 - ** 4339 ** 435000 , 1 , 4339
16:43:23.640 [main] INFO  c.c.app.process.impl.Search2Impl.fillDetail  266 - ** 4340 ** 435000 , 1 , 4340
16:43:23.640 [main] INFO  c.c.app.process.impl.Search2Impl.searchAll  379 -  SEARCHING 435000 TOGGLE 2 ITEM FOUND 4339
16:43:23.640 [main] INFO  c.c.app.process.impl.Search2Impl.fillDetail  266 - ** 4341 ** 435300 , 1 , 4341
16:43:23.640 [main] INFO  c.c.app.process.impl.Search2Impl.fillDetail  266 - ** 4342 ** 435300 , 1 , 4342
16:43:23.640 [main] INFO  c.c.app.process.impl.Search2Impl.fillDetail  266 - ** 4343 ** 435300 , 1 , 4343
16:43:23.640 [main] INFO  c.c.app.process.impl.Search2Impl.searchAll  379 -  SEARCHING 435300 TOGGLE 3 ITEM FOUND 4341
16:43:23.640 [main] INFO  c.c.app.process.impl.Search2Impl.fillDetail  266 - ** 4344 ** 435700 , 1 , 4344
16:43:23.640 [main] INFO  c.c.app.process.impl.Search2Impl.fillDetail  266 - ** 4345 ** 435700 , 1 , 4345
16:43:23.640 [main] INFO  c.c.app.process.impl.Search2Impl.fillDetail  266 - ** 4346 ** 435700 , 1 , 4346
16:43:23.640 [main] INFO  c.c.app.process.impl.Search2Impl.fillDetail  266 - ** 4347 ** 435700 , 1 , 4347
16:43:23.640 [main] INFO  c.c.app.process.impl.Search2Impl.searchAll  379 -  SEARCHING 435700 TOGGLE 4 ITEM FOUND 4344
16:43:23.640 [main] INFO  c.c.app.process.impl.Search2Impl.fillDetail  266 - ** 4348 ** 436200 , 1 , 4348
16:43:23.640 [main] INFO  c.c.app.process.impl.Search2Impl.fillDetail  266 - ** 4349 ** 436200 , 1 , 4349
16:43:23.640 [main] INFO  c.c.app.process.impl.Search2Impl.fillDetail  266 - ** 4350 ** 436200 , 1 , 4350
16:43:23.640 [main] INFO  c.c.app.process.impl.Search2Impl.fillDetail  266 - ** 4351 ** 436200 , 1 , 4351
16:43:23.641 [main] INFO  c.c.app.process.impl.Search2Impl.fillDetail  266 - ** 4352 ** 436200 , 1 , 4352
16:43:23.641 [main] INFO  c.c.app.process.impl.Search2Impl.searchAll  379 -  SEARCHING 436200 TOGGLE 5 ITEM FOUND 4350
16:43:23.641 [main] INFO  c.c.app.process.impl.Search2Impl.fillDetail  266 - ** 4353 ** 436800 , 1 , 4353
16:43:23.641 [main] INFO  c.c.app.process.impl.Search2Impl.fillDetail  266 - ** 4354 ** 436800 , 1 , 4354
16:43:23.641 [main] INFO  c.c.app.process.impl.Search2Impl.fillDetail  266 - ** 4355 ** 436800 , 1 , 4355
16:43:23.641 [main] INFO  c.c.app.process.impl.Search2Impl.fillDetail  266 - ** 4356 ** 436800 , 1 , 4356
16:43:23.641 [main] INFO  c.c.app.process.impl.Search2Impl.fillDetail  266 - ** 4357 ** 436800 , 1 , 4357
16:43:23.641 [main] INFO  c.c.app.process.impl.Search2Impl.fillDetail  266 - ** 4358 ** 436800 , 1 , 4358
16:43:23.641 [main] INFO  c.c.app.process.impl.Search2Impl.searchAll  379 -  SEARCHING 436800 TOGGLE 6 ITEM FOUND 4356
16:43:23.641 [main] INFO  c.c.app.process.impl.Search2Impl.fillDetail  266 - ** 4359 ** 437000 , 1 , 4359
16:43:23.641 [main] INFO  c.c.app.process.impl.Search2Impl.fillDetail  266 - ** 4360 ** 437000 , 1 , 4360
16:43:23.641 [main] INFO  c.c.app.process.impl.Search2Impl.searchAll  379 -  SEARCHING 437000 TOGGLE 2 ITEM FOUND 4359
16:43:23.641 [main] INFO  c.c.app.process.impl.Search2Impl.fillDetail  266 - ** 4361 ** 437300 , 1 , 4361
16:43:23.641 [main] INFO  c.c.app.process.impl.Search2Impl.fillDetail  266 - ** 4362 ** 437300 , 1 , 4362
16:43:23.641 [main] INFO  c.c.app.process.impl.Search2Impl.fillDetail  266 - ** 4363 ** 437300 , 1 , 4363
16:43:23.641 [main] INFO  c.c.app.process.impl.Search2Impl.searchAll  379 -  SEARCHING 437300 TOGGLE 3 ITEM FOUND 4361
16:43:23.641 [main] INFO  c.c.app.process.impl.Search2Impl.fillDetail  266 - ** 4364 ** 437700 , 1 , 4364
16:43:23.641 [main] INFO  c.c.app.process.impl.Search2Impl.fillDetail  266 - ** 4365 ** 437700 , 1 , 4365
16:43:23.641 [main] INFO  c.c.app.process.impl.Search2Impl.fillDetail  266 - ** 4366 ** 437700 , 1 , 4366
16:43:23.641 [main] INFO  c.c.app.process.impl.Search2Impl.fillDetail  266 - ** 4367 ** 437700 , 1 , 4367
16:43:23.641 [main] INFO  c.c.app.process.impl.Search2Impl.searchAll  379 -  SEARCHING 437700 TOGGLE 4 ITEM FOUND 4367
16:43:23.641 [main] INFO  c.c.app.process.impl.Search2Impl.fillDetail  266 - ** 4368 ** 438200 , 1 , 4368
16:43:23.641 [main] INFO  c.c.app.process.impl.Search2Impl.fillDetail  266 - ** 4369 ** 438200 , 1 , 4369
16:43:23.642 [main] INFO  c.c.app.process.impl.Search2Impl.fillDetail  266 - ** 4370 ** 438200 , 1 , 4370
16:43:23.642 [main] INFO  c.c.app.process.impl.Search2Impl.fillDetail  266 - ** 4371 ** 438200 , 1 , 4371
16:43:23.642 [main] INFO  c.c.app.process.impl.Search2Impl.fillDetail  266 - ** 4372 ** 438200 , 1 , 4372
16:43:23.642 [main] INFO  c.c.app.process.impl.Search2Impl.searchAll  379 -  SEARCHING 438200 TOGGLE 5 ITEM FOUND 4370
16:43:23.642 [main] INFO  c.c.app.process.impl.Search2Impl.fillDetail  266 - ** 4373 ** 438800 , 1 , 4373
16:43:23.642 [main] INFO  c.c.app.process.impl.Search2Impl.fillDetail  266 - ** 4374 ** 438800 , 1 , 4374
16:43:23.642 [main] INFO  c.c.app.process.impl.Search2Impl.fillDetail  266 - ** 4375 ** 438800 , 1 , 4375
16:43:23.642 [main] INFO  c.c.app.process.impl.Search2Impl.fillDetail  266 - ** 4376 ** 438800 , 1 , 4376
16:43:23.642 [main] INFO  c.c.app.process.impl.Search2Impl.fillDetail  266 - ** 4377 ** 438800 , 1 , 4377
16:43:23.642 [main] INFO  c.c.app.process.impl.Search2Impl.fillDetail  266 - ** 4378 ** 438800 , 1 , 4378
16:43:23.642 [main] INFO  c.c.app.process.impl.Search2Impl.searchAll  379 -  SEARCHING 438800 TOGGLE 6 ITEM FOUND 4373
16:43:23.642 [main] INFO  c.c.app.process.impl.Search2Impl.fillDetail  266 - ** 4379 ** 439000 , 1 , 4379
16:43:23.642 [main] INFO  c.c.app.process.impl.Search2Impl.fillDetail  266 - ** 4380 ** 439000 , 1 , 4380
16:43:23.642 [main] INFO  c.c.app.process.impl.Search2Impl.searchAll  379 -  SEARCHING 439000 TOGGLE 2 ITEM FOUND 4379
16:43:23.642 [main] INFO  c.c.app.process.impl.Search2Impl.fillDetail  266 - ** 4381 ** 439300 , 1 , 4381
16:43:23.642 [main] INFO  c.c.app.process.impl.Search2Impl.fillDetail  266 - ** 4382 ** 439300 , 1 , 4382
16:43:23.642 [main] INFO  c.c.app.process.impl.Search2Impl.fillDetail  266 - ** 4383 ** 439300 , 1 , 4383
16:43:23.642 [main] INFO  c.c.app.process.impl.Search2Impl.searchAll  379 -  SEARCHING 439300 TOGGLE 3 ITEM FOUND 4381
16:43:23.642 [main] INFO  c.c.app.process.impl.Search2Impl.fillDetail  266 - ** 4384 ** 439700 , 1 , 4384
16:43:23.642 [main] INFO  c.c.app.process.impl.Search2Impl.fillDetail  266 - ** 4385 ** 439700 , 1 , 4385
16:43:23.642 [main] INFO  c.c.app.process.impl.Search2Impl.fillDetail  266 - ** 4386 ** 439700 , 1 , 4386
16:43:23.642 [main] INFO  c.c.app.process.impl.Search2Impl.fillDetail  266 - ** 4387 ** 439700 , 1 , 4387
16:43:23.643 [main] INFO  c.c.app.process.impl.Search2Impl.searchAll  379 -  SEARCHING 439700 TOGGLE 4 ITEM FOUND 4384
16:43:23.643 [main] INFO  c.c.app.process.impl.Search2Impl.fillDetail  266 - ** 4388 ** 440200 , 1 , 4388
16:43:23.643 [main] INFO  c.c.app.process.impl.Search2Impl.fillDetail  266 - ** 4389 ** 440200 , 1 , 4389
16:43:23.643 [main] INFO  c.c.app.process.impl.Search2Impl.fillDetail  266 - ** 4390 ** 440200 , 1 , 4390
16:43:23.643 [main] INFO  c.c.app.process.impl.Search2Impl.fillDetail  266 - ** 4391 ** 440200 , 1 , 4391
16:43:23.643 [main] INFO  c.c.app.process.impl.Search2Impl.fillDetail  266 - ** 4392 ** 440200 , 1 , 4392
16:43:23.643 [main] INFO  c.c.app.process.impl.Search2Impl.searchAll  379 -  SEARCHING 440200 TOGGLE 5 ITEM FOUND 4390
16:43:23.643 [main] INFO  c.c.app.process.impl.Search2Impl.fillDetail  266 - ** 4393 ** 440800 , 1 , 4393
16:43:23.643 [main] INFO  c.c.app.process.impl.Search2Impl.fillDetail  266 - ** 4394 ** 440800 , 1 , 4394
16:43:23.643 [main] INFO  c.c.app.process.impl.Search2Impl.fillDetail  266 - ** 4395 ** 440800 , 1 , 4395
16:43:23.643 [main] INFO  c.c.app.process.impl.Search2Impl.fillDetail  266 - ** 4396 ** 440800 , 1 , 4396
16:43:23.643 [main] INFO  c.c.app.process.impl.Search2Impl.fillDetail  266 - ** 4397 ** 440800 , 1 , 4397
16:43:23.643 [main] INFO  c.c.app.process.impl.Search2Impl.fillDetail  266 - ** 4398 ** 440800 , 1 , 4398
16:43:23.643 [main] INFO  c.c.app.process.impl.Search2Impl.searchAll  379 -  SEARCHING 440800 TOGGLE 6 ITEM FOUND 4396
16:43:23.643 [main] INFO  c.c.app.process.impl.Search2Impl.fillDetail  266 - ** 4399 ** 441000 , 1 , 4399
16:43:23.643 [main] INFO  c.c.app.process.impl.Search2Impl.fillDetail  266 - ** 4400 ** 441000 , 1 , 4400
16:43:23.643 [main] INFO  c.c.app.process.impl.Search2Impl.searchAll  379 -  SEARCHING 441000 TOGGLE 2 ITEM FOUND 4399
16:43:23.643 [main] INFO  c.c.app.process.impl.Search2Impl.fillDetail  266 - ** 4401 ** 441300 , 1 , 4401
16:43:23.643 [main] INFO  c.c.app.process.impl.Search2Impl.fillDetail  266 - ** 4402 ** 441300 , 1 , 4402
16:43:23.644 [main] INFO  c.c.app.process.impl.Search2Impl.fillDetail  266 - ** 4403 ** 441300 , 1 , 4403
16:43:23.644 [main] INFO  c.c.app.process.impl.Search2Impl.searchAll  379 -  SEARCHING 441300 TOGGLE 3 ITEM FOUND 4402
16:43:23.644 [main] INFO  c.c.app.process.impl.Search2Impl.fillDetail  266 - ** 4404 ** 441700 , 1 , 4404
16:43:23.644 [main] INFO  c.c.app.process.impl.Search2Impl.fillDetail  266 - ** 4405 ** 441700 , 1 , 4405
16:43:23.644 [main] INFO  c.c.app.process.impl.Search2Impl.fillDetail  266 - ** 4406 ** 441700 , 1 , 4406
16:43:23.644 [main] INFO  c.c.app.process.impl.Search2Impl.fillDetail  266 - ** 4407 ** 441700 , 1 , 4407
16:43:23.644 [main] INFO  c.c.app.process.impl.Search2Impl.searchAll  379 -  SEARCHING 441700 TOGGLE 4 ITEM FOUND 4405
16:43:23.644 [main] INFO  c.c.app.process.impl.Search2Impl.fillDetail  266 - ** 4408 ** 442200 , 1 , 4408
16:43:23.644 [main] INFO  c.c.app.process.impl.Search2Impl.fillDetail  266 - ** 4409 ** 442200 , 1 , 4409
16:43:23.644 [main] INFO  c.c.app.process.impl.Search2Impl.fillDetail  266 - ** 4410 ** 442200 , 1 , 4410
16:43:23.644 [main] INFO  c.c.app.process.impl.Search2Impl.fillDetail  266 - ** 4411 ** 442200 , 1 , 4411
16:43:23.644 [main] INFO  c.c.app.process.impl.Search2Impl.fillDetail  266 - ** 4412 ** 442200 , 1 , 4412
16:43:23.645 [main] INFO  c.c.app.process.impl.Search2Impl.searchAll  379 -  SEARCHING 442200 TOGGLE 5 ITEM FOUND 4408
16:43:23.645 [main] INFO  c.c.app.process.impl.Search2Impl.fillDetail  266 - ** 4413 ** 442800 , 1 , 4413
16:43:23.645 [main] INFO  c.c.app.process.impl.Search2Impl.fillDetail  266 - ** 4414 ** 442800 , 1 , 4414
16:43:23.645 [main] INFO  c.c.app.process.impl.Search2Impl.fillDetail  266 - ** 4415 ** 442800 , 1 , 4415
16:43:23.645 [main] INFO  c.c.app.process.impl.Search2Impl.fillDetail  266 - ** 4416 ** 442800 , 1 , 4416
16:43:23.645 [main] INFO  c.c.app.process.impl.Search2Impl.fillDetail  266 - ** 4417 ** 442800 , 1 , 4417
16:43:23.645 [main] INFO  c.c.app.process.impl.Search2Impl.fillDetail  266 - ** 4418 ** 442800 , 1 , 4418
16:43:23.645 [main] INFO  c.c.app.process.impl.Search2Impl.searchAll  379 -  SEARCHING 442800 TOGGLE 6 ITEM FOUND 4414
16:43:23.645 [main] INFO  c.c.app.process.impl.Search2Impl.fillDetail  266 - ** 4419 ** 443000 , 1 , 4419
16:43:23.645 [main] INFO  c.c.app.process.impl.Search2Impl.fillDetail  266 - ** 4420 ** 443000 , 1 , 4420
16:43:23.645 [main] INFO  c.c.app.process.impl.Search2Impl.searchAll  379 -  SEARCHING 443000 TOGGLE 2 ITEM FOUND 4420
16:43:23.645 [main] INFO  c.c.app.process.impl.Search2Impl.fillDetail  266 - ** 4421 ** 443300 , 1 , 4421
16:43:23.645 [main] INFO  c.c.app.process.impl.Search2Impl.fillDetail  266 - ** 4422 ** 443300 , 1 , 4422
16:43:23.646 [main] INFO  c.c.app.process.impl.Search2Impl.fillDetail  266 - ** 4423 ** 443300 , 1 , 4423
16:43:23.646 [main] INFO  c.c.app.process.impl.Search2Impl.searchAll  379 -  SEARCHING 443300 TOGGLE 3 ITEM FOUND 4423
16:43:23.646 [main] INFO  c.c.app.process.impl.Search2Impl.fillDetail  266 - ** 4424 ** 443700 , 1 , 4424
16:43:23.646 [main] INFO  c.c.app.process.impl.Search2Impl.fillDetail  266 - ** 4425 ** 443700 , 1 , 4425
16:43:23.646 [main] INFO  c.c.app.process.impl.Search2Impl.fillDetail  266 - ** 4426 ** 443700 , 1 , 4426
16:43:23.646 [main] INFO  c.c.app.process.impl.Search2Impl.fillDetail  266 - ** 4427 ** 443700 , 1 , 4427
16:43:23.646 [main] INFO  c.c.app.process.impl.Search2Impl.searchAll  379 -  SEARCHING 443700 TOGGLE 4 ITEM FOUND 4426
16:43:23.646 [main] INFO  c.c.app.process.impl.Search2Impl.fillDetail  266 - ** 4428 ** 444200 , 1 , 4428
16:43:23.646 [main] INFO  c.c.app.process.impl.Search2Impl.fillDetail  266 - ** 4429 ** 444200 , 1 , 4429
16:43:23.646 [main] INFO  c.c.app.process.impl.Search2Impl.fillDetail  266 - ** 4430 ** 444200 , 1 , 4430
16:43:23.646 [main] INFO  c.c.app.process.impl.Search2Impl.fillDetail  266 - ** 4431 ** 444200 , 1 , 4431
16:43:23.646 [main] INFO  c.c.app.process.impl.Search2Impl.fillDetail  266 - ** 4432 ** 444200 , 1 , 4432
16:43:23.646 [main] INFO  c.c.app.process.impl.Search2Impl.searchAll  379 -  SEARCHING 444200 TOGGLE 5 ITEM FOUND 4431
16:43:23.647 [main] INFO  c.c.app.process.impl.Search2Impl.fillDetail  266 - ** 4433 ** 444800 , 1 , 4433
16:43:23.647 [main] INFO  c.c.app.process.impl.Search2Impl.fillDetail  266 - ** 4434 ** 444800 , 1 , 4434
16:43:23.647 [main] INFO  c.c.app.process.impl.Search2Impl.fillDetail  266 - ** 4435 ** 444800 , 1 , 4435
16:43:23.647 [main] INFO  c.c.app.process.impl.Search2Impl.fillDetail  266 - ** 4436 ** 444800 , 1 , 4436
16:43:23.647 [main] INFO  c.c.app.process.impl.Search2Impl.fillDetail  266 - ** 4437 ** 444800 , 1 , 4437
16:43:23.647 [main] INFO  c.c.app.process.impl.Search2Impl.fillDetail  266 - ** 4438 ** 444800 , 1 , 4438
16:43:23.647 [main] INFO  c.c.app.process.impl.Search2Impl.searchAll  379 -  SEARCHING 444800 TOGGLE 6 ITEM FOUND 4437
16:43:23.647 [main] INFO  c.c.app.process.impl.Search2Impl.fillDetail  266 - ** 4439 ** 445000 , 1 , 4439
16:43:23.647 [main] INFO  c.c.app.process.impl.Search2Impl.fillDetail  266 - ** 4440 ** 445000 , 1 , 4440
16:43:23.647 [main] INFO  c.c.app.process.impl.Search2Impl.searchAll  379 -  SEARCHING 445000 TOGGLE 2 ITEM FOUND 4440
16:43:23.647 [main] INFO  c.c.app.process.impl.Search2Impl.fillDetail  266 - ** 4441 ** 445300 , 1 , 4441
16:43:23.647 [main] INFO  c.c.app.process.impl.Search2Impl.fillDetail  266 - ** 4442 ** 445300 , 1 , 4442
16:43:23.647 [main] INFO  c.c.app.process.impl.Search2Impl.fillDetail  266 - ** 4443 ** 445300 , 1 , 4443
16:43:23.647 [main] INFO  c.c.app.process.impl.Search2Impl.searchAll  379 -  SEARCHING 445300 TOGGLE 3 ITEM FOUND 4443
16:43:23.647 [main] INFO  c.c.app.process.impl.Search2Impl.fillDetail  266 - ** 4444 ** 445700 , 1 , 4444
16:43:23.647 [main] INFO  c.c.app.process.impl.Search2Impl.fillDetail  266 - ** 4445 ** 445700 , 1 , 4445
16:43:23.647 [main] INFO  c.c.app.process.impl.Search2Impl.fillDetail  266 - ** 4446 ** 445700 , 1 , 4446
16:43:23.647 [main] INFO  c.c.app.process.impl.Search2Impl.fillDetail  266 - ** 4447 ** 445700 , 1 , 4447
16:43:23.647 [main] INFO  c.c.app.process.impl.Search2Impl.searchAll  379 -  SEARCHING 445700 TOGGLE 4 ITEM FOUND 4446
16:43:23.647 [main] INFO  c.c.app.process.impl.Search2Impl.fillDetail  266 - ** 4448 ** 446200 , 1 , 4448
16:43:23.647 [main] INFO  c.c.app.process.impl.Search2Impl.fillDetail  266 - ** 4449 ** 446200 , 1 , 4449
16:43:23.648 [main] INFO  c.c.app.process.impl.Search2Impl.fillDetail  266 - ** 4450 ** 446200 , 1 , 4450
16:43:23.648 [main] INFO  c.c.app.process.impl.Search2Impl.fillDetail  266 - ** 4451 ** 446200 , 1 , 4451
16:43:23.648 [main] INFO  c.c.app.process.impl.Search2Impl.fillDetail  266 - ** 4452 ** 446200 , 1 , 4452
16:43:23.648 [main] INFO  c.c.app.process.impl.Search2Impl.searchAll  379 -  SEARCHING 446200 TOGGLE 5 ITEM FOUND 4449
16:43:23.648 [main] INFO  c.c.app.process.impl.Search2Impl.fillDetail  266 - ** 4453 ** 446800 , 1 , 4453
16:43:23.648 [main] INFO  c.c.app.process.impl.Search2Impl.fillDetail  266 - ** 4454 ** 446800 , 1 , 4454
16:43:23.648 [main] INFO  c.c.app.process.impl.Search2Impl.fillDetail  266 - ** 4455 ** 446800 , 1 , 4455
16:43:23.648 [main] INFO  c.c.app.process.impl.Search2Impl.fillDetail  266 - ** 4456 ** 446800 , 1 , 4456
16:43:23.648 [main] INFO  c.c.app.process.impl.Search2Impl.fillDetail  266 - ** 4457 ** 446800 , 1 , 4457
16:43:23.648 [main] INFO  c.c.app.process.impl.Search2Impl.fillDetail  266 - ** 4458 ** 446800 , 1 , 4458
16:43:23.648 [main] INFO  c.c.app.process.impl.Search2Impl.searchAll  379 -  SEARCHING 446800 TOGGLE 6 ITEM FOUND 4454
16:43:23.648 [main] INFO  c.c.app.process.impl.Search2Impl.fillDetail  266 - ** 4459 ** 447000 , 1 , 4459
16:43:23.648 [main] INFO  c.c.app.process.impl.Search2Impl.fillDetail  266 - ** 4460 ** 447000 , 1 , 4460
16:43:23.648 [main] INFO  c.c.app.process.impl.Search2Impl.searchAll  379 -  SEARCHING 447000 TOGGLE 2 ITEM FOUND 4460
16:43:23.648 [main] INFO  c.c.app.process.impl.Search2Impl.fillDetail  266 - ** 4461 ** 447300 , 1 , 4461
16:43:23.648 [main] INFO  c.c.app.process.impl.Search2Impl.fillDetail  266 - ** 4462 ** 447300 , 1 , 4462
16:43:23.648 [main] INFO  c.c.app.process.impl.Search2Impl.fillDetail  266 - ** 4463 ** 447300 , 1 , 4463
16:43:23.648 [main] INFO  c.c.app.process.impl.Search2Impl.searchAll  379 -  SEARCHING 447300 TOGGLE 3 ITEM FOUND 4463
16:43:23.648 [main] INFO  c.c.app.process.impl.Search2Impl.fillDetail  266 - ** 4464 ** 447700 , 1 , 4464
16:43:23.648 [main] INFO  c.c.app.process.impl.Search2Impl.fillDetail  266 - ** 4465 ** 447700 , 1 , 4465
16:43:23.648 [main] INFO  c.c.app.process.impl.Search2Impl.fillDetail  266 - ** 4466 ** 447700 , 1 , 4466
16:43:23.648 [main] INFO  c.c.app.process.impl.Search2Impl.fillDetail  266 - ** 4467 ** 447700 , 1 , 4467
16:43:23.649 [main] INFO  c.c.app.process.impl.Search2Impl.searchAll  379 -  SEARCHING 447700 TOGGLE 4 ITEM FOUND 4466
16:43:23.649 [main] INFO  c.c.app.process.impl.Search2Impl.fillDetail  266 - ** 4468 ** 448200 , 1 , 4468
16:43:23.649 [main] INFO  c.c.app.process.impl.Search2Impl.fillDetail  266 - ** 4469 ** 448200 , 1 , 4469
16:43:23.649 [main] INFO  c.c.app.process.impl.Search2Impl.fillDetail  266 - ** 4470 ** 448200 , 1 , 4470
16:43:23.649 [main] INFO  c.c.app.process.impl.Search2Impl.fillDetail  266 - ** 4471 ** 448200 , 1 , 4471
16:43:23.649 [main] INFO  c.c.app.process.impl.Search2Impl.fillDetail  266 - ** 4472 ** 448200 , 1 , 4472
16:43:23.649 [main] INFO  c.c.app.process.impl.Search2Impl.searchAll  379 -  SEARCHING 448200 TOGGLE 5 ITEM FOUND 4472
16:43:23.649 [main] INFO  c.c.app.process.impl.Search2Impl.fillDetail  266 - ** 4473 ** 448800 , 1 , 4473
16:43:23.649 [main] INFO  c.c.app.process.impl.Search2Impl.fillDetail  266 - ** 4474 ** 448800 , 1 , 4474
16:43:23.649 [main] INFO  c.c.app.process.impl.Search2Impl.fillDetail  266 - ** 4475 ** 448800 , 1 , 4475
16:43:23.649 [main] INFO  c.c.app.process.impl.Search2Impl.fillDetail  266 - ** 4476 ** 448800 , 1 , 4476
16:43:23.649 [main] INFO  c.c.app.process.impl.Search2Impl.fillDetail  266 - ** 4477 ** 448800 , 1 , 4477
16:43:23.649 [main] INFO  c.c.app.process.impl.Search2Impl.fillDetail  266 - ** 4478 ** 448800 , 1 , 4478
16:43:23.649 [main] INFO  c.c.app.process.impl.Search2Impl.searchAll  379 -  SEARCHING 448800 TOGGLE 6 ITEM FOUND 4477
16:43:23.649 [main] INFO  c.c.app.process.impl.Search2Impl.fillDetail  266 - ** 4479 ** 449000 , 1 , 4479
16:43:23.649 [main] INFO  c.c.app.process.impl.Search2Impl.fillDetail  266 - ** 4480 ** 449000 , 1 , 4480
16:43:23.649 [main] INFO  c.c.app.process.impl.Search2Impl.searchAll  379 -  SEARCHING 449000 TOGGLE 2 ITEM FOUND 4480
16:43:23.649 [main] INFO  c.c.app.process.impl.Search2Impl.fillDetail  266 - ** 4481 ** 449300 , 1 , 4481
16:43:23.649 [main] INFO  c.c.app.process.impl.Search2Impl.fillDetail  266 - ** 4482 ** 449300 , 1 , 4482
16:43:23.649 [main] INFO  c.c.app.process.impl.Search2Impl.fillDetail  266 - ** 4483 ** 449300 , 1 , 4483
16:43:23.649 [main] INFO  c.c.app.process.impl.Search2Impl.searchAll  379 -  SEARCHING 449300 TOGGLE 3 ITEM FOUND 4483
16:43:23.649 [main] INFO  c.c.app.process.impl.Search2Impl.fillDetail  266 - ** 4484 ** 449700 , 1 , 4484
16:43:23.650 [main] INFO  c.c.app.process.impl.Search2Impl.fillDetail  266 - ** 4485 ** 449700 , 1 , 4485
16:43:23.650 [main] INFO  c.c.app.process.impl.Search2Impl.fillDetail  266 - ** 4486 ** 449700 , 1 , 4486
16:43:23.650 [main] INFO  c.c.app.process.impl.Search2Impl.fillDetail  266 - ** 4487 ** 449700 , 1 , 4487
16:43:23.650 [main] INFO  c.c.app.process.impl.Search2Impl.searchAll  379 -  SEARCHING 449700 TOGGLE 4 ITEM FOUND 4486
16:43:23.650 [main] INFO  c.c.app.process.impl.Search2Impl.fillDetail  266 - ** 4488 ** 450200 , 1 , 4488
16:43:23.650 [main] INFO  c.c.app.process.impl.Search2Impl.fillDetail  266 - ** 4489 ** 450200 , 1 , 4489
16:43:23.650 [main] INFO  c.c.app.process.impl.Search2Impl.fillDetail  266 - ** 4490 ** 450200 , 1 , 4490
16:43:23.650 [main] INFO  c.c.app.process.impl.Search2Impl.fillDetail  266 - ** 4491 ** 450200 , 1 , 4491
16:43:23.650 [main] INFO  c.c.app.process.impl.Search2Impl.fillDetail  266 - ** 4492 ** 450200 , 1 , 4492
16:43:23.650 [main] INFO  c.c.app.process.impl.Search2Impl.searchAll  379 -  SEARCHING 450200 TOGGLE 5 ITEM FOUND 4489
16:43:23.650 [main] INFO  c.c.app.process.impl.Search2Impl.fillDetail  266 - ** 4493 ** 450800 , 1 , 4493
16:43:23.650 [main] INFO  c.c.app.process.impl.Search2Impl.fillDetail  266 - ** 4494 ** 450800 , 1 , 4494
16:43:23.650 [main] INFO  c.c.app.process.impl.Search2Impl.fillDetail  266 - ** 4495 ** 450800 , 1 , 4495
16:43:23.650 [main] INFO  c.c.app.process.impl.Search2Impl.fillDetail  266 - ** 4496 ** 450800 , 1 , 4496
16:43:23.650 [main] INFO  c.c.app.process.impl.Search2Impl.fillDetail  266 - ** 4497 ** 450800 , 1 , 4497
16:43:23.650 [main] INFO  c.c.app.process.impl.Search2Impl.fillDetail  266 - ** 4498 ** 450800 , 1 , 4498
16:43:23.650 [main] INFO  c.c.app.process.impl.Search2Impl.searchAll  379 -  SEARCHING 450800 TOGGLE 6 ITEM FOUND 4495
16:43:23.650 [main] INFO  c.c.app.process.impl.Search2Impl.fillDetail  266 - ** 4499 ** 451000 , 1 , 4499
16:43:23.650 [main] INFO  c.c.app.process.impl.Search2Impl.fillDetail  266 - ** 4500 ** 451000 , 1 , 4500
16:43:23.650 [main] INFO  c.c.app.process.impl.Search2Impl.searchAll  379 -  SEARCHING 451000 TOGGLE 2 ITEM FOUND 4500
16:43:23.651 [main] INFO  c.c.app.process.impl.Search2Impl.fillDetail  266 - ** 4501 ** 451300 , 1 , 4501
16:43:23.651 [main] INFO  c.c.app.process.impl.Search2Impl.fillDetail  266 - ** 4502 ** 451300 , 1 , 4502
16:43:23.651 [main] INFO  c.c.app.process.impl.Search2Impl.fillDetail  266 - ** 4503 ** 451300 , 1 , 4503
16:43:23.651 [main] INFO  c.c.app.process.impl.Search2Impl.searchAll  379 -  SEARCHING 451300 TOGGLE 3 ITEM FOUND 4503
16:43:23.651 [main] INFO  c.c.app.process.impl.Search2Impl.fillDetail  266 - ** 4504 ** 451700 , 1 , 4504
16:43:23.651 [main] INFO  c.c.app.process.impl.Search2Impl.fillDetail  266 - ** 4505 ** 451700 , 1 , 4505
16:43:23.651 [main] INFO  c.c.app.process.impl.Search2Impl.fillDetail  266 - ** 4506 ** 451700 , 1 , 4506
16:43:23.651 [main] INFO  c.c.app.process.impl.Search2Impl.fillDetail  266 - ** 4507 ** 451700 , 1 , 4507
16:43:23.651 [main] INFO  c.c.app.process.impl.Search2Impl.searchAll  379 -  SEARCHING 451700 TOGGLE 4 ITEM FOUND 4506
16:43:23.651 [main] INFO  c.c.app.process.impl.Search2Impl.fillDetail  266 - ** 4508 ** 452200 , 1 , 4508
16:43:23.651 [main] INFO  c.c.app.process.impl.Search2Impl.fillDetail  266 - ** 4509 ** 452200 , 1 , 4509
16:43:23.651 [main] INFO  c.c.app.process.impl.Search2Impl.fillDetail  266 - ** 4510 ** 452200 , 1 , 4510
16:43:23.651 [main] INFO  c.c.app.process.impl.Search2Impl.fillDetail  266 - ** 4511 ** 452200 , 1 , 4511
16:43:23.651 [main] INFO  c.c.app.process.impl.Search2Impl.fillDetail  266 - ** 4512 ** 452200 , 1 , 4512
16:43:23.651 [main] INFO  c.c.app.process.impl.Search2Impl.searchAll  379 -  SEARCHING 452200 TOGGLE 5 ITEM FOUND 4512
16:43:23.651 [main] INFO  c.c.app.process.impl.Search2Impl.fillDetail  266 - ** 4513 ** 452800 , 1 , 4513
16:43:23.651 [main] INFO  c.c.app.process.impl.Search2Impl.fillDetail  266 - ** 4514 ** 452800 , 1 , 4514
16:43:23.651 [main] INFO  c.c.app.process.impl.Search2Impl.fillDetail  266 - ** 4515 ** 452800 , 1 , 4515
16:43:23.651 [main] INFO  c.c.app.process.impl.Search2Impl.fillDetail  266 - ** 4516 ** 452800 , 1 , 4516
16:43:23.651 [main] INFO  c.c.app.process.impl.Search2Impl.fillDetail  266 - ** 4517 ** 452800 , 1 , 4517
16:43:23.651 [main] INFO  c.c.app.process.impl.Search2Impl.fillDetail  266 - ** 4518 ** 452800 , 1 , 4518
16:43:23.652 [main] INFO  c.c.app.process.impl.Search2Impl.searchAll  379 -  SEARCHING 452800 TOGGLE 6 ITEM FOUND 4518
16:43:23.652 [main] INFO  c.c.app.process.impl.Search2Impl.fillDetail  266 - ** 4519 ** 453000 , 1 , 4519
16:43:23.652 [main] INFO  c.c.app.process.impl.Search2Impl.fillDetail  266 - ** 4520 ** 453000 , 1 , 4520
16:43:23.652 [main] INFO  c.c.app.process.impl.Search2Impl.searchAll  379 -  SEARCHING 453000 TOGGLE 2 ITEM FOUND 4520
16:43:23.652 [main] INFO  c.c.app.process.impl.Search2Impl.fillDetail  266 - ** 4521 ** 453300 , 1 , 4521
16:43:23.652 [main] INFO  c.c.app.process.impl.Search2Impl.fillDetail  266 - ** 4522 ** 453300 , 1 , 4522
16:43:23.652 [main] INFO  c.c.app.process.impl.Search2Impl.fillDetail  266 - ** 4523 ** 453300 , 1 , 4523
16:43:23.652 [main] INFO  c.c.app.process.impl.Search2Impl.searchAll  379 -  SEARCHING 453300 TOGGLE 3 ITEM FOUND 4523
16:43:23.652 [main] INFO  c.c.app.process.impl.Search2Impl.fillDetail  266 - ** 4524 ** 453700 , 1 , 4524
16:43:23.652 [main] INFO  c.c.app.process.impl.Search2Impl.fillDetail  266 - ** 4525 ** 453700 , 1 , 4525
16:43:23.652 [main] INFO  c.c.app.process.impl.Search2Impl.fillDetail  266 - ** 4526 ** 453700 , 1 , 4526
16:43:23.652 [main] INFO  c.c.app.process.impl.Search2Impl.fillDetail  266 - ** 4527 ** 453700 , 1 , 4527
16:43:23.652 [main] INFO  c.c.app.process.impl.Search2Impl.searchAll  379 -  SEARCHING 453700 TOGGLE 4 ITEM FOUND 4526
16:43:23.652 [main] INFO  c.c.app.process.impl.Search2Impl.fillDetail  266 - ** 4528 ** 454200 , 1 , 4528
16:43:23.652 [main] INFO  c.c.app.process.impl.Search2Impl.fillDetail  266 - ** 4529 ** 454200 , 1 , 4529
16:43:23.652 [main] INFO  c.c.app.process.impl.Search2Impl.fillDetail  266 - ** 4530 ** 454200 , 1 , 4530
16:43:23.652 [main] INFO  c.c.app.process.impl.Search2Impl.fillDetail  266 - ** 4531 ** 454200 , 1 , 4531
16:43:23.652 [main] INFO  c.c.app.process.impl.Search2Impl.fillDetail  266 - ** 4532 ** 454200 , 1 , 4532
16:43:23.652 [main] INFO  c.c.app.process.impl.Search2Impl.searchAll  379 -  SEARCHING 454200 TOGGLE 5 ITEM FOUND 4529
16:43:23.652 [main] INFO  c.c.app.process.impl.Search2Impl.fillDetail  266 - ** 4533 ** 454800 , 1 , 4533
16:43:23.652 [main] INFO  c.c.app.process.impl.Search2Impl.fillDetail  266 - ** 4534 ** 454800 , 1 , 4534
16:43:23.652 [main] INFO  c.c.app.process.impl.Search2Impl.fillDetail  266 - ** 4535 ** 454800 , 1 , 4535
16:43:23.653 [main] INFO  c.c.app.process.impl.Search2Impl.fillDetail  266 - ** 4536 ** 454800 , 1 , 4536
16:43:23.653 [main] INFO  c.c.app.process.impl.Search2Impl.fillDetail  266 - ** 4537 ** 454800 , 1 , 4537
16:43:23.653 [main] INFO  c.c.app.process.impl.Search2Impl.fillDetail  266 - ** 4538 ** 454800 , 1 , 4538
16:43:23.653 [main] INFO  c.c.app.process.impl.Search2Impl.searchAll  379 -  SEARCHING 454800 TOGGLE 6 ITEM FOUND 4535
16:43:23.653 [main] INFO  c.c.app.process.impl.Search2Impl.fillDetail  266 - ** 4539 ** 455000 , 1 , 4539
16:43:23.653 [main] INFO  c.c.app.process.impl.Search2Impl.fillDetail  266 - ** 4540 ** 455000 , 1 , 4540
16:43:23.653 [main] INFO  c.c.app.process.impl.Search2Impl.searchAll  379 -  SEARCHING 455000 TOGGLE 2 ITEM FOUND 4539
16:43:23.653 [main] INFO  c.c.app.process.impl.Search2Impl.fillDetail  266 - ** 4541 ** 455300 , 1 , 4541
16:43:23.653 [main] INFO  c.c.app.process.impl.Search2Impl.fillDetail  266 - ** 4542 ** 455300 , 1 , 4542
16:43:23.653 [main] INFO  c.c.app.process.impl.Search2Impl.fillDetail  266 - ** 4543 ** 455300 , 1 , 4543
16:43:23.653 [main] INFO  c.c.app.process.impl.Search2Impl.searchAll  379 -  SEARCHING 455300 TOGGLE 3 ITEM FOUND 4541
16:43:23.653 [main] INFO  c.c.app.process.impl.Search2Impl.fillDetail  266 - ** 4544 ** 455700 , 1 , 4544
16:43:23.653 [main] INFO  c.c.app.process.impl.Search2Impl.fillDetail  266 - ** 4545 ** 455700 , 1 , 4545
16:43:23.653 [main] INFO  c.c.app.process.impl.Search2Impl.fillDetail  266 - ** 4546 ** 455700 , 1 , 4546
16:43:23.653 [main] INFO  c.c.app.process.impl.Search2Impl.fillDetail  266 - ** 4547 ** 455700 , 1 , 4547
16:43:23.653 [main] INFO  c.c.app.process.impl.Search2Impl.searchAll  379 -  SEARCHING 455700 TOGGLE 4 ITEM FOUND 4546
16:43:23.653 [main] INFO  c.c.app.process.impl.Search2Impl.fillDetail  266 - ** 4548 ** 456200 , 1 , 4548
16:43:23.653 [main] INFO  c.c.app.process.impl.Search2Impl.fillDetail  266 - ** 4549 ** 456200 , 1 , 4549
16:43:23.653 [main] INFO  c.c.app.process.impl.Search2Impl.fillDetail  266 - ** 4550 ** 456200 , 1 , 4550
16:43:23.653 [main] INFO  c.c.app.process.impl.Search2Impl.fillDetail  266 - ** 4551 ** 456200 , 1 , 4551
16:43:23.653 [main] INFO  c.c.app.process.impl.Search2Impl.fillDetail  266 - ** 4552 ** 456200 , 1 , 4552
16:43:23.653 [main] INFO  c.c.app.process.impl.Search2Impl.searchAll  379 -  SEARCHING 456200 TOGGLE 5 ITEM FOUND 4552
16:43:23.654 [main] INFO  c.c.app.process.impl.Search2Impl.fillDetail  266 - ** 4553 ** 456800 , 1 , 4553
16:43:23.654 [main] INFO  c.c.app.process.impl.Search2Impl.fillDetail  266 - ** 4554 ** 456800 , 1 , 4554
16:43:23.654 [main] INFO  c.c.app.process.impl.Search2Impl.fillDetail  266 - ** 4555 ** 456800 , 1 , 4555
16:43:23.654 [main] INFO  c.c.app.process.impl.Search2Impl.fillDetail  266 - ** 4556 ** 456800 , 1 , 4556
16:43:23.654 [main] INFO  c.c.app.process.impl.Search2Impl.fillDetail  266 - ** 4557 ** 456800 , 1 , 4557
16:43:23.654 [main] INFO  c.c.app.process.impl.Search2Impl.fillDetail  266 - ** 4558 ** 456800 , 1 , 4558
16:43:23.654 [main] INFO  c.c.app.process.impl.Search2Impl.searchAll  379 -  SEARCHING 456800 TOGGLE 6 ITEM FOUND 4558
16:43:23.654 [main] INFO  c.c.app.process.impl.Search2Impl.fillDetail  266 - ** 4559 ** 457000 , 1 , 4559
16:43:23.654 [main] INFO  c.c.app.process.impl.Search2Impl.fillDetail  266 - ** 4560 ** 457000 , 1 , 4560
16:43:23.654 [main] INFO  c.c.app.process.impl.Search2Impl.searchAll  379 -  SEARCHING 457000 TOGGLE 2 ITEM FOUND 4559
16:43:23.654 [main] INFO  c.c.app.process.impl.Search2Impl.fillDetail  266 - ** 4561 ** 457300 , 1 , 4561
16:43:23.654 [main] INFO  c.c.app.process.impl.Search2Impl.fillDetail  266 - ** 4562 ** 457300 , 1 , 4562
16:43:23.654 [main] INFO  c.c.app.process.impl.Search2Impl.fillDetail  266 - ** 4563 ** 457300 , 1 , 4563
16:43:23.654 [main] INFO  c.c.app.process.impl.Search2Impl.searchAll  379 -  SEARCHING 457300 TOGGLE 3 ITEM FOUND 4561
16:43:23.654 [main] INFO  c.c.app.process.impl.Search2Impl.fillDetail  266 - ** 4564 ** 457700 , 1 , 4564
16:43:23.654 [main] INFO  c.c.app.process.impl.Search2Impl.fillDetail  266 - ** 4565 ** 457700 , 1 , 4565
16:43:23.654 [main] INFO  c.c.app.process.impl.Search2Impl.fillDetail  266 - ** 4566 ** 457700 , 1 , 4566
16:43:23.654 [main] INFO  c.c.app.process.impl.Search2Impl.fillDetail  266 - ** 4567 ** 457700 , 1 , 4567
16:43:23.654 [main] INFO  c.c.app.process.impl.Search2Impl.searchAll  379 -  SEARCHING 457700 TOGGLE 4 ITEM FOUND 4564
16:43:23.654 [main] INFO  c.c.app.process.impl.Search2Impl.fillDetail  266 - ** 4568 ** 458200 , 1 , 4568
16:43:23.654 [main] INFO  c.c.app.process.impl.Search2Impl.fillDetail  266 - ** 4569 ** 458200 , 1 , 4569
16:43:23.655 [main] INFO  c.c.app.process.impl.Search2Impl.fillDetail  266 - ** 4570 ** 458200 , 1 , 4570
16:43:23.655 [main] INFO  c.c.app.process.impl.Search2Impl.fillDetail  266 - ** 4571 ** 458200 , 1 , 4571
16:43:23.655 [main] INFO  c.c.app.process.impl.Search2Impl.fillDetail  266 - ** 4572 ** 458200 , 1 , 4572
16:43:23.655 [main] INFO  c.c.app.process.impl.Search2Impl.searchAll  379 -  SEARCHING 458200 TOGGLE 5 ITEM FOUND 4569
16:43:23.655 [main] INFO  c.c.app.process.impl.Search2Impl.fillDetail  266 - ** 4573 ** 458800 , 1 , 4573
16:43:23.655 [main] INFO  c.c.app.process.impl.Search2Impl.fillDetail  266 - ** 4574 ** 458800 , 1 , 4574
16:43:23.655 [main] INFO  c.c.app.process.impl.Search2Impl.fillDetail  266 - ** 4575 ** 458800 , 1 , 4575
16:43:23.655 [main] INFO  c.c.app.process.impl.Search2Impl.fillDetail  266 - ** 4576 ** 458800 , 1 , 4576
16:43:23.655 [main] INFO  c.c.app.process.impl.Search2Impl.fillDetail  266 - ** 4577 ** 458800 , 1 , 4577
16:43:23.655 [main] INFO  c.c.app.process.impl.Search2Impl.fillDetail  266 - ** 4578 ** 458800 , 1 , 4578
16:43:23.655 [main] INFO  c.c.app.process.impl.Search2Impl.searchAll  379 -  SEARCHING 458800 TOGGLE 6 ITEM FOUND 4575
16:43:23.655 [main] INFO  c.c.app.process.impl.Search2Impl.fillDetail  266 - ** 4579 ** 459000 , 1 , 4579
16:43:23.655 [main] INFO  c.c.app.process.impl.Search2Impl.fillDetail  266 - ** 4580 ** 459000 , 1 , 4580
16:43:23.655 [main] INFO  c.c.app.process.impl.Search2Impl.searchAll  379 -  SEARCHING 459000 TOGGLE 2 ITEM FOUND 4579
16:43:23.655 [main] INFO  c.c.app.process.impl.Search2Impl.fillDetail  266 - ** 4581 ** 459300 , 1 , 4581
16:43:23.655 [main] INFO  c.c.app.process.impl.Search2Impl.fillDetail  266 - ** 4582 ** 459300 , 1 , 4582
16:43:23.655 [main] INFO  c.c.app.process.impl.Search2Impl.fillDetail  266 - ** 4583 ** 459300 , 1 , 4583
16:43:23.655 [main] INFO  c.c.app.process.impl.Search2Impl.searchAll  379 -  SEARCHING 459300 TOGGLE 3 ITEM FOUND 4581
16:43:23.655 [main] INFO  c.c.app.process.impl.Search2Impl.fillDetail  266 - ** 4584 ** 459700 , 1 , 4584
16:43:23.655 [main] INFO  c.c.app.process.impl.Search2Impl.fillDetail  266 - ** 4585 ** 459700 , 1 , 4585
16:43:23.655 [main] INFO  c.c.app.process.impl.Search2Impl.fillDetail  266 - ** 4586 ** 459700 , 1 , 4586
16:43:23.655 [main] INFO  c.c.app.process.impl.Search2Impl.fillDetail  266 - ** 4587 ** 459700 , 1 , 4587
16:43:23.655 [main] INFO  c.c.app.process.impl.Search2Impl.searchAll  379 -  SEARCHING 459700 TOGGLE 4 ITEM FOUND 4587
16:43:23.656 [main] INFO  c.c.app.process.impl.Search2Impl.fillDetail  266 - ** 4588 ** 460200 , 1 , 4588
16:43:23.656 [main] INFO  c.c.app.process.impl.Search2Impl.fillDetail  266 - ** 4589 ** 460200 , 1 , 4589
16:43:23.656 [main] INFO  c.c.app.process.impl.Search2Impl.fillDetail  266 - ** 4590 ** 460200 , 1 , 4590
16:43:23.656 [main] INFO  c.c.app.process.impl.Search2Impl.fillDetail  266 - ** 4591 ** 460200 , 1 , 4591
16:43:23.656 [main] INFO  c.c.app.process.impl.Search2Impl.fillDetail  266 - ** 4592 ** 460200 , 1 , 4592
16:43:23.656 [main] INFO  c.c.app.process.impl.Search2Impl.searchAll  379 -  SEARCHING 460200 TOGGLE 5 ITEM FOUND 4592
16:43:23.656 [main] INFO  c.c.app.process.impl.Search2Impl.fillDetail  266 - ** 4593 ** 460800 , 1 , 4593
16:43:23.656 [main] INFO  c.c.app.process.impl.Search2Impl.fillDetail  266 - ** 4594 ** 460800 , 1 , 4594
16:43:23.656 [main] INFO  c.c.app.process.impl.Search2Impl.fillDetail  266 - ** 4595 ** 460800 , 1 , 4595
16:43:23.656 [main] INFO  c.c.app.process.impl.Search2Impl.fillDetail  266 - ** 4596 ** 460800 , 1 , 4596
16:43:23.656 [main] INFO  c.c.app.process.impl.Search2Impl.fillDetail  266 - ** 4597 ** 460800 , 1 , 4597
16:43:23.656 [main] INFO  c.c.app.process.impl.Search2Impl.fillDetail  266 - ** 4598 ** 460800 , 1 , 4598
16:43:23.656 [main] INFO  c.c.app.process.impl.Search2Impl.searchAll  379 -  SEARCHING 460800 TOGGLE 6 ITEM FOUND 4598
16:43:23.656 [main] INFO  c.c.app.process.impl.Search2Impl.fillDetail  266 - ** 4599 ** 461000 , 1 , 4599
16:43:23.656 [main] INFO  c.c.app.process.impl.Search2Impl.fillDetail  266 - ** 4600 ** 461000 , 1 , 4600
16:43:23.656 [main] INFO  c.c.app.process.impl.Search2Impl.searchAll  379 -  SEARCHING 461000 TOGGLE 2 ITEM FOUND 4599
16:43:23.656 [main] INFO  c.c.app.process.impl.Search2Impl.fillDetail  266 - ** 4601 ** 461300 , 1 , 4601
16:43:23.656 [main] INFO  c.c.app.process.impl.Search2Impl.fillDetail  266 - ** 4602 ** 461300 , 1 , 4602
16:43:23.656 [main] INFO  c.c.app.process.impl.Search2Impl.fillDetail  266 - ** 4603 ** 461300 , 1 , 4603
16:43:23.656 [main] INFO  c.c.app.process.impl.Search2Impl.searchAll  379 -  SEARCHING 461300 TOGGLE 3 ITEM FOUND 4601
16:43:23.656 [main] INFO  c.c.app.process.impl.Search2Impl.fillDetail  266 - ** 4604 ** 461700 , 1 , 4604
16:43:23.656 [main] INFO  c.c.app.process.impl.Search2Impl.fillDetail  266 - ** 4605 ** 461700 , 1 , 4605
16:43:23.656 [main] INFO  c.c.app.process.impl.Search2Impl.fillDetail  266 - ** 4606 ** 461700 , 1 , 4606
16:43:23.657 [main] INFO  c.c.app.process.impl.Search2Impl.fillDetail  266 - ** 4607 ** 461700 , 1 , 4607
16:43:23.657 [main] INFO  c.c.app.process.impl.Search2Impl.searchAll  379 -  SEARCHING 461700 TOGGLE 4 ITEM FOUND 4604
16:43:23.657 [main] INFO  c.c.app.process.impl.Search2Impl.fillDetail  266 - ** 4608 ** 462200 , 1 , 4608
16:43:23.657 [main] INFO  c.c.app.process.impl.Search2Impl.fillDetail  266 - ** 4609 ** 462200 , 1 , 4609
16:43:23.657 [main] INFO  c.c.app.process.impl.Search2Impl.fillDetail  266 - ** 4610 ** 462200 , 1 , 4610
16:43:23.657 [main] INFO  c.c.app.process.impl.Search2Impl.fillDetail  266 - ** 4611 ** 462200 , 1 , 4611
16:43:23.657 [main] INFO  c.c.app.process.impl.Search2Impl.fillDetail  266 - ** 4612 ** 462200 , 1 , 4612
16:43:23.657 [main] INFO  c.c.app.process.impl.Search2Impl.searchAll  379 -  SEARCHING 462200 TOGGLE 5 ITEM FOUND 4610
16:43:23.657 [main] INFO  c.c.app.process.impl.Search2Impl.fillDetail  266 - ** 4613 ** 462800 , 1 , 4613
16:43:23.657 [main] INFO  c.c.app.process.impl.Search2Impl.fillDetail  266 - ** 4614 ** 462800 , 1 , 4614
16:43:23.657 [main] INFO  c.c.app.process.impl.Search2Impl.fillDetail  266 - ** 4615 ** 462800 , 1 , 4615
16:43:23.657 [main] INFO  c.c.app.process.impl.Search2Impl.fillDetail  266 - ** 4616 ** 462800 , 1 , 4616
16:43:23.657 [main] INFO  c.c.app.process.impl.Search2Impl.fillDetail  266 - ** 4617 ** 462800 , 1 , 4617
16:43:23.657 [main] INFO  c.c.app.process.impl.Search2Impl.fillDetail  266 - ** 4618 ** 462800 , 1 , 4618
16:43:23.657 [main] INFO  c.c.app.process.impl.Search2Impl.searchAll  379 -  SEARCHING 462800 TOGGLE 6 ITEM FOUND 4615
16:43:23.657 [main] INFO  c.c.app.process.impl.Search2Impl.fillDetail  266 - ** 4619 ** 463000 , 1 , 4619
16:43:23.657 [main] INFO  c.c.app.process.impl.Search2Impl.fillDetail  266 - ** 4620 ** 463000 , 1 , 4620
16:43:23.657 [main] INFO  c.c.app.process.impl.Search2Impl.searchAll  379 -  SEARCHING 463000 TOGGLE 2 ITEM FOUND 4619
16:43:23.657 [main] INFO  c.c.app.process.impl.Search2Impl.fillDetail  266 - ** 4621 ** 463300 , 1 , 4621
16:43:23.657 [main] INFO  c.c.app.process.impl.Search2Impl.fillDetail  266 - ** 4622 ** 463300 , 1 , 4622
16:43:23.657 [main] INFO  c.c.app.process.impl.Search2Impl.fillDetail  266 - ** 4623 ** 463300 , 1 , 4623
16:43:23.657 [main] INFO  c.c.app.process.impl.Search2Impl.searchAll  379 -  SEARCHING 463300 TOGGLE 3 ITEM FOUND 4621
16:43:23.657 [main] INFO  c.c.app.process.impl.Search2Impl.fillDetail  266 - ** 4624 ** 463700 , 1 , 4624
16:43:23.658 [main] INFO  c.c.app.process.impl.Search2Impl.fillDetail  266 - ** 4625 ** 463700 , 1 , 4625
16:43:23.658 [main] INFO  c.c.app.process.impl.Search2Impl.fillDetail  266 - ** 4626 ** 463700 , 1 , 4626
16:43:23.658 [main] INFO  c.c.app.process.impl.Search2Impl.fillDetail  266 - ** 4627 ** 463700 , 1 , 4627
16:43:23.658 [main] INFO  c.c.app.process.impl.Search2Impl.searchAll  379 -  SEARCHING 463700 TOGGLE 4 ITEM FOUND 4627
16:43:23.658 [main] INFO  c.c.app.process.impl.Search2Impl.fillDetail  266 - ** 4628 ** 464200 , 1 , 4628
16:43:23.658 [main] INFO  c.c.app.process.impl.Search2Impl.fillDetail  266 - ** 4629 ** 464200 , 1 , 4629
16:43:23.658 [main] INFO  c.c.app.process.impl.Search2Impl.fillDetail  266 - ** 4630 ** 464200 , 1 , 4630
16:43:23.658 [main] INFO  c.c.app.process.impl.Search2Impl.fillDetail  266 - ** 4631 ** 464200 , 1 , 4631
16:43:23.658 [main] INFO  c.c.app.process.impl.Search2Impl.fillDetail  266 - ** 4632 ** 464200 , 1 , 4632
16:43:23.658 [main] INFO  c.c.app.process.impl.Search2Impl.searchAll  379 -  SEARCHING 464200 TOGGLE 5 ITEM FOUND 4630
16:43:23.658 [main] INFO  c.c.app.process.impl.Search2Impl.fillDetail  266 - ** 4633 ** 464800 , 1 , 4633
16:43:23.658 [main] INFO  c.c.app.process.impl.Search2Impl.fillDetail  266 - ** 4634 ** 464800 , 1 , 4634
16:43:23.658 [main] INFO  c.c.app.process.impl.Search2Impl.fillDetail  266 - ** 4635 ** 464800 , 1 , 4635
16:43:23.658 [main] INFO  c.c.app.process.impl.Search2Impl.fillDetail  266 - ** 4636 ** 464800 , 1 , 4636
16:43:23.658 [main] INFO  c.c.app.process.impl.Search2Impl.fillDetail  266 - ** 4637 ** 464800 , 1 , 4637
16:43:23.658 [main] INFO  c.c.app.process.impl.Search2Impl.fillDetail  266 - ** 4638 ** 464800 , 1 , 4638
16:43:23.658 [main] INFO  c.c.app.process.impl.Search2Impl.searchAll  379 -  SEARCHING 464800 TOGGLE 6 ITEM FOUND 4633
16:43:23.658 [main] INFO  c.c.app.process.impl.Search2Impl.fillDetail  266 - ** 4639 ** 465000 , 1 , 4639
16:43:23.658 [main] INFO  c.c.app.process.impl.Search2Impl.fillDetail  266 - ** 4640 ** 465000 , 1 , 4640
16:43:23.658 [main] INFO  c.c.app.process.impl.Search2Impl.searchAll  379 -  SEARCHING 465000 TOGGLE 2 ITEM FOUND 4639
16:43:23.658 [main] INFO  c.c.app.process.impl.Search2Impl.fillDetail  266 - ** 4641 ** 465300 , 1 , 4641
16:43:23.658 [main] INFO  c.c.app.process.impl.Search2Impl.fillDetail  266 - ** 4642 ** 465300 , 1 , 4642
16:43:23.658 [main] INFO  c.c.app.process.impl.Search2Impl.fillDetail  266 - ** 4643 ** 465300 , 1 , 4643
16:43:23.659 [main] INFO  c.c.app.process.impl.Search2Impl.searchAll  379 -  SEARCHING 465300 TOGGLE 3 ITEM FOUND 4641
16:43:23.659 [main] INFO  c.c.app.process.impl.Search2Impl.fillDetail  266 - ** 4644 ** 465700 , 1 , 4644
16:43:23.659 [main] INFO  c.c.app.process.impl.Search2Impl.fillDetail  266 - ** 4645 ** 465700 , 1 , 4645
16:43:23.659 [main] INFO  c.c.app.process.impl.Search2Impl.fillDetail  266 - ** 4646 ** 465700 , 1 , 4646
16:43:23.659 [main] INFO  c.c.app.process.impl.Search2Impl.fillDetail  266 - ** 4647 ** 465700 , 1 , 4647
16:43:23.659 [main] INFO  c.c.app.process.impl.Search2Impl.searchAll  379 -  SEARCHING 465700 TOGGLE 4 ITEM FOUND 4644
16:43:23.659 [main] INFO  c.c.app.process.impl.Search2Impl.fillDetail  266 - ** 4648 ** 466200 , 1 , 4648
16:43:23.659 [main] INFO  c.c.app.process.impl.Search2Impl.fillDetail  266 - ** 4649 ** 466200 , 1 , 4649
16:43:23.659 [main] INFO  c.c.app.process.impl.Search2Impl.fillDetail  266 - ** 4650 ** 466200 , 1 , 4650
16:43:23.659 [main] INFO  c.c.app.process.impl.Search2Impl.fillDetail  266 - ** 4651 ** 466200 , 1 , 4651
16:43:23.659 [main] INFO  c.c.app.process.impl.Search2Impl.fillDetail  266 - ** 4652 ** 466200 , 1 , 4652
16:43:23.659 [main] INFO  c.c.app.process.impl.Search2Impl.searchAll  379 -  SEARCHING 466200 TOGGLE 5 ITEM FOUND 4650
16:43:23.659 [main] INFO  c.c.app.process.impl.Search2Impl.fillDetail  266 - ** 4653 ** 466800 , 1 , 4653
16:43:23.659 [main] INFO  c.c.app.process.impl.Search2Impl.fillDetail  266 - ** 4654 ** 466800 , 1 , 4654
16:43:23.659 [main] INFO  c.c.app.process.impl.Search2Impl.fillDetail  266 - ** 4655 ** 466800 , 1 , 4655
16:43:23.659 [main] INFO  c.c.app.process.impl.Search2Impl.fillDetail  266 - ** 4656 ** 466800 , 1 , 4656
16:43:23.659 [main] INFO  c.c.app.process.impl.Search2Impl.fillDetail  266 - ** 4657 ** 466800 , 1 , 4657
16:43:23.659 [main] INFO  c.c.app.process.impl.Search2Impl.fillDetail  266 - ** 4658 ** 466800 , 1 , 4658
16:43:23.659 [main] INFO  c.c.app.process.impl.Search2Impl.searchAll  379 -  SEARCHING 466800 TOGGLE 6 ITEM FOUND 4656
16:43:23.659 [main] INFO  c.c.app.process.impl.Search2Impl.fillDetail  266 - ** 4659 ** 467000 , 1 , 4659
16:43:23.659 [main] INFO  c.c.app.process.impl.Search2Impl.fillDetail  266 - ** 4660 ** 467000 , 1 , 4660
16:43:23.660 [main] INFO  c.c.app.process.impl.Search2Impl.searchAll  379 -  SEARCHING 467000 TOGGLE 2 ITEM FOUND 4659
16:43:23.660 [main] INFO  c.c.app.process.impl.Search2Impl.fillDetail  266 - ** 4661 ** 467300 , 1 , 4661
16:43:23.660 [main] INFO  c.c.app.process.impl.Search2Impl.fillDetail  266 - ** 4662 ** 467300 , 1 , 4662
16:43:23.660 [main] INFO  c.c.app.process.impl.Search2Impl.fillDetail  266 - ** 4663 ** 467300 , 1 , 4663
16:43:23.660 [main] INFO  c.c.app.process.impl.Search2Impl.searchAll  379 -  SEARCHING 467300 TOGGLE 3 ITEM FOUND 4661
16:43:23.660 [main] INFO  c.c.app.process.impl.Search2Impl.fillDetail  266 - ** 4664 ** 467700 , 1 , 4664
16:43:23.660 [main] INFO  c.c.app.process.impl.Search2Impl.fillDetail  266 - ** 4665 ** 467700 , 1 , 4665
16:43:23.660 [main] INFO  c.c.app.process.impl.Search2Impl.fillDetail  266 - ** 4666 ** 467700 , 1 , 4666
16:43:23.660 [main] INFO  c.c.app.process.impl.Search2Impl.fillDetail  266 - ** 4667 ** 467700 , 1 , 4667
16:43:23.660 [main] INFO  c.c.app.process.impl.Search2Impl.searchAll  379 -  SEARCHING 467700 TOGGLE 4 ITEM FOUND 4667
16:43:23.660 [main] INFO  c.c.app.process.impl.Search2Impl.fillDetail  266 - ** 4668 ** 468200 , 1 , 4668
16:43:23.660 [main] INFO  c.c.app.process.impl.Search2Impl.fillDetail  266 - ** 4669 ** 468200 , 1 , 4669
16:43:23.660 [main] INFO  c.c.app.process.impl.Search2Impl.fillDetail  266 - ** 4670 ** 468200 , 1 , 4670
16:43:23.660 [main] INFO  c.c.app.process.impl.Search2Impl.fillDetail  266 - ** 4671 ** 468200 , 1 , 4671
16:43:23.660 [main] INFO  c.c.app.process.impl.Search2Impl.fillDetail  266 - ** 4672 ** 468200 , 1 , 4672
16:43:23.660 [main] INFO  c.c.app.process.impl.Search2Impl.searchAll  379 -  SEARCHING 468200 TOGGLE 5 ITEM FOUND 4670
16:43:23.660 [main] INFO  c.c.app.process.impl.Search2Impl.fillDetail  266 - ** 4673 ** 468800 , 1 , 4673
16:43:23.660 [main] INFO  c.c.app.process.impl.Search2Impl.fillDetail  266 - ** 4674 ** 468800 , 1 , 4674
16:43:23.660 [main] INFO  c.c.app.process.impl.Search2Impl.fillDetail  266 - ** 4675 ** 468800 , 1 , 4675
16:43:23.660 [main] INFO  c.c.app.process.impl.Search2Impl.fillDetail  266 - ** 4676 ** 468800 , 1 , 4676
16:43:23.660 [main] INFO  c.c.app.process.impl.Search2Impl.fillDetail  266 - ** 4677 ** 468800 , 1 , 4677
16:43:23.661 [main] INFO  c.c.app.process.impl.Search2Impl.fillDetail  266 - ** 4678 ** 468800 , 1 , 4678
16:43:23.661 [main] INFO  c.c.app.process.impl.Search2Impl.searchAll  379 -  SEARCHING 468800 TOGGLE 6 ITEM FOUND 4673
16:43:23.661 [main] INFO  c.c.app.process.impl.Search2Impl.fillDetail  266 - ** 4679 ** 469000 , 1 , 4679
16:43:23.661 [main] INFO  c.c.app.process.impl.Search2Impl.fillDetail  266 - ** 4680 ** 469000 , 1 , 4680
16:43:23.661 [main] INFO  c.c.app.process.impl.Search2Impl.searchAll  379 -  SEARCHING 469000 TOGGLE 2 ITEM FOUND 4679
16:43:23.661 [main] INFO  c.c.app.process.impl.Search2Impl.fillDetail  266 - ** 4681 ** 469300 , 1 , 4681
16:43:23.661 [main] INFO  c.c.app.process.impl.Search2Impl.fillDetail  266 - ** 4682 ** 469300 , 1 , 4682
16:43:23.661 [main] INFO  c.c.app.process.impl.Search2Impl.fillDetail  266 - ** 4683 ** 469300 , 1 , 4683
16:43:23.661 [main] INFO  c.c.app.process.impl.Search2Impl.searchAll  379 -  SEARCHING 469300 TOGGLE 3 ITEM FOUND 4681
16:43:23.661 [main] INFO  c.c.app.process.impl.Search2Impl.fillDetail  266 - ** 4684 ** 469700 , 1 , 4684
16:43:23.661 [main] INFO  c.c.app.process.impl.Search2Impl.fillDetail  266 - ** 4685 ** 469700 , 1 , 4685
16:43:23.661 [main] INFO  c.c.app.process.impl.Search2Impl.fillDetail  266 - ** 4686 ** 469700 , 1 , 4686
16:43:23.661 [main] INFO  c.c.app.process.impl.Search2Impl.fillDetail  266 - ** 4687 ** 469700 , 1 , 4687
16:43:23.661 [main] INFO  c.c.app.process.impl.Search2Impl.searchAll  379 -  SEARCHING 469700 TOGGLE 4 ITEM FOUND 4684
16:43:23.661 [main] INFO  c.c.app.process.impl.Search2Impl.fillDetail  266 - ** 4688 ** 470200 , 1 , 4688
16:43:23.661 [main] INFO  c.c.app.process.impl.Search2Impl.fillDetail  266 - ** 4689 ** 470200 , 1 , 4689
16:43:23.661 [main] INFO  c.c.app.process.impl.Search2Impl.fillDetail  266 - ** 4690 ** 470200 , 1 , 4690
16:43:23.661 [main] INFO  c.c.app.process.impl.Search2Impl.fillDetail  266 - ** 4691 ** 470200 , 1 , 4691
16:43:23.661 [main] INFO  c.c.app.process.impl.Search2Impl.fillDetail  266 - ** 4692 ** 470200 , 1 , 4692
16:43:23.661 [main] INFO  c.c.app.process.impl.Search2Impl.searchAll  379 -  SEARCHING 470200 TOGGLE 5 ITEM FOUND 4690
16:43:23.661 [main] INFO  c.c.app.process.impl.Search2Impl.fillDetail  266 - ** 4693 ** 470800 , 1 , 4693
16:43:23.661 [main] INFO  c.c.app.process.impl.Search2Impl.fillDetail  266 - ** 4694 ** 470800 , 1 , 4694
16:43:23.662 [main] INFO  c.c.app.process.impl.Search2Impl.fillDetail  266 - ** 4695 ** 470800 , 1 , 4695
16:43:23.662 [main] INFO  c.c.app.process.impl.Search2Impl.fillDetail  266 - ** 4696 ** 470800 , 1 , 4696
16:43:23.662 [main] INFO  c.c.app.process.impl.Search2Impl.fillDetail  266 - ** 4697 ** 470800 , 1 , 4697
16:43:23.662 [main] INFO  c.c.app.process.impl.Search2Impl.fillDetail  266 - ** 4698 ** 470800 , 1 , 4698
16:43:23.662 [main] INFO  c.c.app.process.impl.Search2Impl.searchAll  379 -  SEARCHING 470800 TOGGLE 6 ITEM FOUND 4696
16:43:23.662 [main] INFO  c.c.app.process.impl.Search2Impl.fillDetail  266 - ** 4699 ** 471000 , 1 , 4699
16:43:23.662 [main] INFO  c.c.app.process.impl.Search2Impl.fillDetail  266 - ** 4700 ** 471000 , 1 , 4700
16:43:23.662 [main] INFO  c.c.app.process.impl.Search2Impl.searchAll  379 -  SEARCHING 471000 TOGGLE 2 ITEM FOUND 4699
16:43:23.662 [main] INFO  c.c.app.process.impl.Search2Impl.fillDetail  266 - ** 4701 ** 471300 , 1 , 4701
16:43:23.662 [main] INFO  c.c.app.process.impl.Search2Impl.fillDetail  266 - ** 4702 ** 471300 , 1 , 4702
16:43:23.662 [main] INFO  c.c.app.process.impl.Search2Impl.fillDetail  266 - ** 4703 ** 471300 , 1 , 4703
16:43:23.662 [main] INFO  c.c.app.process.impl.Search2Impl.searchAll  379 -  SEARCHING 471300 TOGGLE 3 ITEM FOUND 4702
16:43:23.662 [main] INFO  c.c.app.process.impl.Search2Impl.fillDetail  266 - ** 4704 ** 471700 , 1 , 4704
16:43:23.662 [main] INFO  c.c.app.process.impl.Search2Impl.fillDetail  266 - ** 4705 ** 471700 , 1 , 4705
16:43:23.662 [main] INFO  c.c.app.process.impl.Search2Impl.fillDetail  266 - ** 4706 ** 471700 , 1 , 4706
16:43:23.662 [main] INFO  c.c.app.process.impl.Search2Impl.fillDetail  266 - ** 4707 ** 471700 , 1 , 4707
16:43:23.662 [main] INFO  c.c.app.process.impl.Search2Impl.searchAll  379 -  SEARCHING 471700 TOGGLE 4 ITEM FOUND 4707
16:43:23.662 [main] INFO  c.c.app.process.impl.Search2Impl.fillDetail  266 - ** 4708 ** 472200 , 1 , 4708
16:43:23.662 [main] INFO  c.c.app.process.impl.Search2Impl.fillDetail  266 - ** 4709 ** 472200 , 1 , 4709
16:43:23.662 [main] INFO  c.c.app.process.impl.Search2Impl.fillDetail  266 - ** 4710 ** 472200 , 1 , 4710
16:43:23.663 [main] INFO  c.c.app.process.impl.Search2Impl.fillDetail  266 - ** 4711 ** 472200 , 1 , 4711
16:43:23.663 [main] INFO  c.c.app.process.impl.Search2Impl.fillDetail  266 - ** 4712 ** 472200 , 1 , 4712
16:43:23.663 [main] INFO  c.c.app.process.impl.Search2Impl.searchAll  379 -  SEARCHING 472200 TOGGLE 5 ITEM FOUND 4710
16:43:23.663 [main] INFO  c.c.app.process.impl.Search2Impl.fillDetail  266 - ** 4713 ** 472800 , 1 , 4713
16:43:23.663 [main] INFO  c.c.app.process.impl.Search2Impl.fillDetail  266 - ** 4714 ** 472800 , 1 , 4714
16:43:23.663 [main] INFO  c.c.app.process.impl.Search2Impl.fillDetail  266 - ** 4715 ** 472800 , 1 , 4715
16:43:23.663 [main] INFO  c.c.app.process.impl.Search2Impl.fillDetail  266 - ** 4716 ** 472800 , 1 , 4716
16:43:23.663 [main] INFO  c.c.app.process.impl.Search2Impl.fillDetail  266 - ** 4717 ** 472800 , 1 , 4717
16:43:23.663 [main] INFO  c.c.app.process.impl.Search2Impl.fillDetail  266 - ** 4718 ** 472800 , 1 , 4718
16:43:23.663 [main] INFO  c.c.app.process.impl.Search2Impl.searchAll  379 -  SEARCHING 472800 TOGGLE 6 ITEM FOUND 4713
16:43:23.663 [main] INFO  c.c.app.process.impl.Search2Impl.fillDetail  266 - ** 4719 ** 473000 , 1 , 4719
16:43:23.663 [main] INFO  c.c.app.process.impl.Search2Impl.fillDetail  266 - ** 4720 ** 473000 , 1 , 4720
16:43:23.663 [main] INFO  c.c.app.process.impl.Search2Impl.searchAll  379 -  SEARCHING 473000 TOGGLE 2 ITEM FOUND 4719
16:43:23.663 [main] INFO  c.c.app.process.impl.Search2Impl.fillDetail  266 - ** 4721 ** 473300 , 1 , 4721
16:43:23.663 [main] INFO  c.c.app.process.impl.Search2Impl.fillDetail  266 - ** 4722 ** 473300 , 1 , 4722
16:43:23.663 [main] INFO  c.c.app.process.impl.Search2Impl.fillDetail  266 - ** 4723 ** 473300 , 1 , 4723
16:43:23.663 [main] INFO  c.c.app.process.impl.Search2Impl.searchAll  379 -  SEARCHING 473300 TOGGLE 3 ITEM FOUND 4722
16:43:23.663 [main] INFO  c.c.app.process.impl.Search2Impl.fillDetail  266 - ** 4724 ** 473700 , 1 , 4724
16:43:23.663 [main] INFO  c.c.app.process.impl.Search2Impl.fillDetail  266 - ** 4725 ** 473700 , 1 , 4725
16:43:23.663 [main] INFO  c.c.app.process.impl.Search2Impl.fillDetail  266 - ** 4726 ** 473700 , 1 , 4726
16:43:23.664 [main] INFO  c.c.app.process.impl.Search2Impl.fillDetail  266 - ** 4727 ** 473700 , 1 , 4727
16:43:23.664 [main] INFO  c.c.app.process.impl.Search2Impl.searchAll  379 -  SEARCHING 473700 TOGGLE 4 ITEM FOUND 4725
16:43:23.664 [main] INFO  c.c.app.process.impl.Search2Impl.fillDetail  266 - ** 4728 ** 474200 , 1 , 4728
16:43:23.664 [main] INFO  c.c.app.process.impl.Search2Impl.fillDetail  266 - ** 4729 ** 474200 , 1 , 4729
16:43:23.664 [main] INFO  c.c.app.process.impl.Search2Impl.fillDetail  266 - ** 4730 ** 474200 , 1 , 4730
16:43:23.664 [main] INFO  c.c.app.process.impl.Search2Impl.fillDetail  266 - ** 4731 ** 474200 , 1 , 4731
16:43:23.664 [main] INFO  c.c.app.process.impl.Search2Impl.fillDetail  266 - ** 4732 ** 474200 , 1 , 4732
16:43:23.664 [main] INFO  c.c.app.process.impl.Search2Impl.searchAll  379 -  SEARCHING 474200 TOGGLE 5 ITEM FOUND 4730
16:43:23.664 [main] INFO  c.c.app.process.impl.Search2Impl.fillDetail  266 - ** 4733 ** 474800 , 1 , 4733
16:43:23.664 [main] INFO  c.c.app.process.impl.Search2Impl.fillDetail  266 - ** 4734 ** 474800 , 1 , 4734
16:43:23.664 [main] INFO  c.c.app.process.impl.Search2Impl.fillDetail  266 - ** 4735 ** 474800 , 1 , 4735
16:43:23.664 [main] INFO  c.c.app.process.impl.Search2Impl.fillDetail  266 - ** 4736 ** 474800 , 1 , 4736
16:43:23.664 [main] INFO  c.c.app.process.impl.Search2Impl.fillDetail  266 - ** 4737 ** 474800 , 1 , 4737
16:43:23.664 [main] INFO  c.c.app.process.impl.Search2Impl.fillDetail  266 - ** 4738 ** 474800 , 1 , 4738
16:43:23.664 [main] INFO  c.c.app.process.impl.Search2Impl.searchAll  379 -  SEARCHING 474800 TOGGLE 6 ITEM FOUND 4736
16:43:23.664 [main] INFO  c.c.app.process.impl.Search2Impl.fillDetail  266 - ** 4739 ** 475000 , 1 , 4739
16:43:23.664 [main] INFO  c.c.app.process.impl.Search2Impl.fillDetail  266 - ** 4740 ** 475000 , 1 , 4740
16:43:23.664 [main] INFO  c.c.app.process.impl.Search2Impl.searchAll  379 -  SEARCHING 475000 TOGGLE 2 ITEM FOUND 4739
16:43:23.664 [main] INFO  c.c.app.process.impl.Search2Impl.fillDetail  266 - ** 4741 ** 475300 , 1 , 4741
16:43:23.664 [main] INFO  c.c.app.process.impl.Search2Impl.fillDetail  266 - ** 4742 ** 475300 , 1 , 4742
16:43:23.664 [main] INFO  c.c.app.process.impl.Search2Impl.fillDetail  266 - ** 4743 ** 475300 , 1 , 4743
16:43:23.665 [main] INFO  c.c.app.process.impl.Search2Impl.searchAll  379 -  SEARCHING 475300 TOGGLE 3 ITEM FOUND 4742
16:43:23.665 [main] INFO  c.c.app.process.impl.Search2Impl.fillDetail  266 - ** 4744 ** 475700 , 1 , 4744
16:43:23.665 [main] INFO  c.c.app.process.impl.Search2Impl.fillDetail  266 - ** 4745 ** 475700 , 1 , 4745
16:43:23.665 [main] INFO  c.c.app.process.impl.Search2Impl.fillDetail  266 - ** 4746 ** 475700 , 1 , 4746
16:43:23.665 [main] INFO  c.c.app.process.impl.Search2Impl.fillDetail  266 - ** 4747 ** 475700 , 1 , 4747
16:43:23.665 [main] INFO  c.c.app.process.impl.Search2Impl.searchAll  379 -  SEARCHING 475700 TOGGLE 4 ITEM FOUND 4745
16:43:23.665 [main] INFO  c.c.app.process.impl.Search2Impl.fillDetail  266 - ** 4748 ** 476200 , 1 , 4748
16:43:23.665 [main] INFO  c.c.app.process.impl.Search2Impl.fillDetail  266 - ** 4749 ** 476200 , 1 , 4749
16:43:23.665 [main] INFO  c.c.app.process.impl.Search2Impl.fillDetail  266 - ** 4750 ** 476200 , 1 , 4750
16:43:23.665 [main] INFO  c.c.app.process.impl.Search2Impl.fillDetail  266 - ** 4751 ** 476200 , 1 , 4751
16:43:23.665 [main] INFO  c.c.app.process.impl.Search2Impl.fillDetail  266 - ** 4752 ** 476200 , 1 , 4752
16:43:23.665 [main] INFO  c.c.app.process.impl.Search2Impl.searchAll  379 -  SEARCHING 476200 TOGGLE 5 ITEM FOUND 4748
16:43:23.665 [main] INFO  c.c.app.process.impl.Search2Impl.fillDetail  266 - ** 4753 ** 476800 , 1 , 4753
16:43:23.665 [main] INFO  c.c.app.process.impl.Search2Impl.fillDetail  266 - ** 4754 ** 476800 , 1 , 4754
16:43:23.665 [main] INFO  c.c.app.process.impl.Search2Impl.fillDetail  266 - ** 4755 ** 476800 , 1 , 4755
16:43:23.665 [main] INFO  c.c.app.process.impl.Search2Impl.fillDetail  266 - ** 4756 ** 476800 , 1 , 4756
16:43:23.665 [main] INFO  c.c.app.process.impl.Search2Impl.fillDetail  266 - ** 4757 ** 476800 , 1 , 4757
16:43:23.665 [main] INFO  c.c.app.process.impl.Search2Impl.fillDetail  266 - ** 4758 ** 476800 , 1 , 4758
16:43:23.665 [main] INFO  c.c.app.process.impl.Search2Impl.searchAll  379 -  SEARCHING 476800 TOGGLE 6 ITEM FOUND 4753
16:43:23.665 [main] INFO  c.c.app.process.impl.Search2Impl.fillDetail  266 - ** 4759 ** 477000 , 1 , 4759
16:43:23.666 [main] INFO  c.c.app.process.impl.Search2Impl.fillDetail  266 - ** 4760 ** 477000 , 1 , 4760
16:43:23.666 [main] INFO  c.c.app.process.impl.Search2Impl.searchAll  379 -  SEARCHING 477000 TOGGLE 2 ITEM FOUND 4759
16:43:23.666 [main] INFO  c.c.app.process.impl.Search2Impl.fillDetail  266 - ** 4761 ** 477300 , 1 , 4761
16:43:23.666 [main] INFO  c.c.app.process.impl.Search2Impl.fillDetail  266 - ** 4762 ** 477300 , 1 , 4762
16:43:23.666 [main] INFO  c.c.app.process.impl.Search2Impl.fillDetail  266 - ** 4763 ** 477300 , 1 , 4763
16:43:23.666 [main] INFO  c.c.app.process.impl.Search2Impl.searchAll  379 -  SEARCHING 477300 TOGGLE 3 ITEM FOUND 4762
16:43:23.666 [main] INFO  c.c.app.process.impl.Search2Impl.fillDetail  266 - ** 4764 ** 477700 , 1 , 4764
16:43:23.666 [main] INFO  c.c.app.process.impl.Search2Impl.fillDetail  266 - ** 4765 ** 477700 , 1 , 4765
16:43:23.666 [main] INFO  c.c.app.process.impl.Search2Impl.fillDetail  266 - ** 4766 ** 477700 , 1 , 4766
16:43:23.666 [main] INFO  c.c.app.process.impl.Search2Impl.fillDetail  266 - ** 4767 ** 477700 , 1 , 4767
16:43:23.666 [main] INFO  c.c.app.process.impl.Search2Impl.searchAll  379 -  SEARCHING 477700 TOGGLE 4 ITEM FOUND 4765
16:43:23.666 [main] INFO  c.c.app.process.impl.Search2Impl.fillDetail  266 - ** 4768 ** 478200 , 1 , 4768
16:43:23.666 [main] INFO  c.c.app.process.impl.Search2Impl.fillDetail  266 - ** 4769 ** 478200 , 1 , 4769
16:43:23.666 [main] INFO  c.c.app.process.impl.Search2Impl.fillDetail  266 - ** 4770 ** 478200 , 1 , 4770
16:43:23.666 [main] INFO  c.c.app.process.impl.Search2Impl.fillDetail  266 - ** 4771 ** 478200 , 1 , 4771
16:43:23.666 [main] INFO  c.c.app.process.impl.Search2Impl.fillDetail  266 - ** 4772 ** 478200 , 1 , 4772
16:43:23.666 [main] INFO  c.c.app.process.impl.Search2Impl.searchAll  379 -  SEARCHING 478200 TOGGLE 5 ITEM FOUND 4771
16:43:23.666 [main] INFO  c.c.app.process.impl.Search2Impl.fillDetail  266 - ** 4773 ** 478800 , 1 , 4773
16:43:23.666 [main] INFO  c.c.app.process.impl.Search2Impl.fillDetail  266 - ** 4774 ** 478800 , 1 , 4774
16:43:23.666 [main] INFO  c.c.app.process.impl.Search2Impl.fillDetail  266 - ** 4775 ** 478800 , 1 , 4775
16:43:23.666 [main] INFO  c.c.app.process.impl.Search2Impl.fillDetail  266 - ** 4776 ** 478800 , 1 , 4776
16:43:23.667 [main] INFO  c.c.app.process.impl.Search2Impl.fillDetail  266 - ** 4777 ** 478800 , 1 , 4777
16:43:23.667 [main] INFO  c.c.app.process.impl.Search2Impl.fillDetail  266 - ** 4778 ** 478800 , 1 , 4778
16:43:23.667 [main] INFO  c.c.app.process.impl.Search2Impl.searchAll  379 -  SEARCHING 478800 TOGGLE 6 ITEM FOUND 4777
16:43:23.667 [main] INFO  c.c.app.process.impl.Search2Impl.fillDetail  266 - ** 4779 ** 479000 , 1 , 4779
16:43:23.667 [main] INFO  c.c.app.process.impl.Search2Impl.fillDetail  266 - ** 4780 ** 479000 , 1 , 4780
16:43:23.667 [main] INFO  c.c.app.process.impl.Search2Impl.searchAll  379 -  SEARCHING 479000 TOGGLE 2 ITEM FOUND 4780
16:43:23.667 [main] INFO  c.c.app.process.impl.Search2Impl.fillDetail  266 - ** 4781 ** 479300 , 1 , 4781
16:43:23.667 [main] INFO  c.c.app.process.impl.Search2Impl.fillDetail  266 - ** 4782 ** 479300 , 1 , 4782
16:43:23.667 [main] INFO  c.c.app.process.impl.Search2Impl.fillDetail  266 - ** 4783 ** 479300 , 1 , 4783
16:43:23.667 [main] INFO  c.c.app.process.impl.Search2Impl.searchAll  379 -  SEARCHING 479300 TOGGLE 3 ITEM FOUND 4783
16:43:23.667 [main] INFO  c.c.app.process.impl.Search2Impl.fillDetail  266 - ** 4784 ** 479700 , 1 , 4784
16:43:23.667 [main] INFO  c.c.app.process.impl.Search2Impl.fillDetail  266 - ** 4785 ** 479700 , 1 , 4785
16:43:23.667 [main] INFO  c.c.app.process.impl.Search2Impl.fillDetail  266 - ** 4786 ** 479700 , 1 , 4786
16:43:23.667 [main] INFO  c.c.app.process.impl.Search2Impl.fillDetail  266 - ** 4787 ** 479700 , 1 , 4787
16:43:23.667 [main] INFO  c.c.app.process.impl.Search2Impl.searchAll  379 -  SEARCHING 479700 TOGGLE 4 ITEM FOUND 4786
16:43:23.667 [main] INFO  c.c.app.process.impl.Search2Impl.fillDetail  266 - ** 4788 ** 480200 , 1 , 4788
16:43:23.667 [main] INFO  c.c.app.process.impl.Search2Impl.fillDetail  266 - ** 4789 ** 480200 , 1 , 4789
16:43:23.667 [main] INFO  c.c.app.process.impl.Search2Impl.fillDetail  266 - ** 4790 ** 480200 , 1 , 4790
16:43:23.667 [main] INFO  c.c.app.process.impl.Search2Impl.fillDetail  266 - ** 4791 ** 480200 , 1 , 4791
16:43:23.667 [main] INFO  c.c.app.process.impl.Search2Impl.fillDetail  266 - ** 4792 ** 480200 , 1 , 4792
16:43:23.667 [main] INFO  c.c.app.process.impl.Search2Impl.searchAll  379 -  SEARCHING 480200 TOGGLE 5 ITEM FOUND 4789
16:43:23.667 [main] INFO  c.c.app.process.impl.Search2Impl.fillDetail  266 - ** 4793 ** 480800 , 1 , 4793
16:43:23.667 [main] INFO  c.c.app.process.impl.Search2Impl.fillDetail  266 - ** 4794 ** 480800 , 1 , 4794
16:43:23.667 [main] INFO  c.c.app.process.impl.Search2Impl.fillDetail  266 - ** 4795 ** 480800 , 1 , 4795
16:43:23.668 [main] INFO  c.c.app.process.impl.Search2Impl.fillDetail  266 - ** 4796 ** 480800 , 1 , 4796
16:43:23.668 [main] INFO  c.c.app.process.impl.Search2Impl.fillDetail  266 - ** 4797 ** 480800 , 1 , 4797
16:43:23.668 [main] INFO  c.c.app.process.impl.Search2Impl.fillDetail  266 - ** 4798 ** 480800 , 1 , 4798
16:43:23.668 [main] INFO  c.c.app.process.impl.Search2Impl.searchAll  379 -  SEARCHING 480800 TOGGLE 6 ITEM FOUND 4795
16:43:23.668 [main] INFO  c.c.app.process.impl.Search2Impl.fillDetail  266 - ** 4799 ** 481000 , 1 , 4799
16:43:23.668 [main] INFO  c.c.app.process.impl.Search2Impl.fillDetail  266 - ** 4800 ** 481000 , 1 , 4800
16:43:23.668 [main] INFO  c.c.app.process.impl.Search2Impl.searchAll  379 -  SEARCHING 481000 TOGGLE 2 ITEM FOUND 4800
16:43:23.668 [main] INFO  c.c.app.process.impl.Search2Impl.fillDetail  266 - ** 4801 ** 481300 , 1 , 4801
16:43:23.668 [main] INFO  c.c.app.process.impl.Search2Impl.fillDetail  266 - ** 4802 ** 481300 , 1 , 4802
16:43:23.668 [main] INFO  c.c.app.process.impl.Search2Impl.fillDetail  266 - ** 4803 ** 481300 , 1 , 4803
16:43:23.668 [main] INFO  c.c.app.process.impl.Search2Impl.searchAll  379 -  SEARCHING 481300 TOGGLE 3 ITEM FOUND 4803
16:43:23.668 [main] INFO  c.c.app.process.impl.Search2Impl.fillDetail  266 - ** 4804 ** 481700 , 1 , 4804
16:43:23.668 [main] INFO  c.c.app.process.impl.Search2Impl.fillDetail  266 - ** 4805 ** 481700 , 1 , 4805
16:43:23.668 [main] INFO  c.c.app.process.impl.Search2Impl.fillDetail  266 - ** 4806 ** 481700 , 1 , 4806
16:43:23.668 [main] INFO  c.c.app.process.impl.Search2Impl.fillDetail  266 - ** 4807 ** 481700 , 1 , 4807
16:43:23.668 [main] INFO  c.c.app.process.impl.Search2Impl.searchAll  379 -  SEARCHING 481700 TOGGLE 4 ITEM FOUND 4806
16:43:23.668 [main] INFO  c.c.app.process.impl.Search2Impl.fillDetail  266 - ** 4808 ** 482200 , 1 , 4808
16:43:23.668 [main] INFO  c.c.app.process.impl.Search2Impl.fillDetail  266 - ** 4809 ** 482200 , 1 , 4809
16:43:23.668 [main] INFO  c.c.app.process.impl.Search2Impl.fillDetail  266 - ** 4810 ** 482200 , 1 , 4810
16:43:23.668 [main] INFO  c.c.app.process.impl.Search2Impl.fillDetail  266 - ** 4811 ** 482200 , 1 , 4811
16:43:23.668 [main] INFO  c.c.app.process.impl.Search2Impl.fillDetail  266 - ** 4812 ** 482200 , 1 , 4812
16:43:23.668 [main] INFO  c.c.app.process.impl.Search2Impl.searchAll  379 -  SEARCHING 482200 TOGGLE 5 ITEM FOUND 4812
16:43:23.668 [main] INFO  c.c.app.process.impl.Search2Impl.fillDetail  266 - ** 4813 ** 482800 , 1 , 4813
16:43:23.669 [main] INFO  c.c.app.process.impl.Search2Impl.fillDetail  266 - ** 4814 ** 482800 , 1 , 4814
16:43:23.669 [main] INFO  c.c.app.process.impl.Search2Impl.fillDetail  266 - ** 4815 ** 482800 , 1 , 4815
16:43:23.669 [main] INFO  c.c.app.process.impl.Search2Impl.fillDetail  266 - ** 4816 ** 482800 , 1 , 4816
16:43:23.669 [main] INFO  c.c.app.process.impl.Search2Impl.fillDetail  266 - ** 4817 ** 482800 , 1 , 4817
16:43:23.669 [main] INFO  c.c.app.process.impl.Search2Impl.fillDetail  266 - ** 4818 ** 482800 , 1 , 4818
16:43:23.669 [main] INFO  c.c.app.process.impl.Search2Impl.searchAll  379 -  SEARCHING 482800 TOGGLE 6 ITEM FOUND 4818
16:43:23.669 [main] INFO  c.c.app.process.impl.Search2Impl.fillDetail  266 - ** 4819 ** 483000 , 1 , 4819
16:43:23.669 [main] INFO  c.c.app.process.impl.Search2Impl.fillDetail  266 - ** 4820 ** 483000 , 1 , 4820
16:43:23.669 [main] INFO  c.c.app.process.impl.Search2Impl.searchAll  379 -  SEARCHING 483000 TOGGLE 2 ITEM FOUND 4820
16:43:23.669 [main] INFO  c.c.app.process.impl.Search2Impl.fillDetail  266 - ** 4821 ** 483300 , 1 , 4821
16:43:23.669 [main] INFO  c.c.app.process.impl.Search2Impl.fillDetail  266 - ** 4822 ** 483300 , 1 , 4822
16:43:23.669 [main] INFO  c.c.app.process.impl.Search2Impl.fillDetail  266 - ** 4823 ** 483300 , 1 , 4823
16:43:23.669 [main] INFO  c.c.app.process.impl.Search2Impl.searchAll  379 -  SEARCHING 483300 TOGGLE 3 ITEM FOUND 4823
16:43:23.669 [main] INFO  c.c.app.process.impl.Search2Impl.fillDetail  266 - ** 4824 ** 483700 , 1 , 4824
16:43:23.669 [main] INFO  c.c.app.process.impl.Search2Impl.fillDetail  266 - ** 4825 ** 483700 , 1 , 4825
16:43:23.669 [main] INFO  c.c.app.process.impl.Search2Impl.fillDetail  266 - ** 4826 ** 483700 , 1 , 4826
16:43:23.669 [main] INFO  c.c.app.process.impl.Search2Impl.fillDetail  266 - ** 4827 ** 483700 , 1 , 4827
16:43:23.669 [main] INFO  c.c.app.process.impl.Search2Impl.searchAll  379 -  SEARCHING 483700 TOGGLE 4 ITEM FOUND 4826
16:43:23.669 [main] INFO  c.c.app.process.impl.Search2Impl.fillDetail  266 - ** 4828 ** 484200 , 1 , 4828
16:43:23.669 [main] INFO  c.c.app.process.impl.Search2Impl.fillDetail  266 - ** 4829 ** 484200 , 1 , 4829
16:43:23.669 [main] INFO  c.c.app.process.impl.Search2Impl.fillDetail  266 - ** 4830 ** 484200 , 1 , 4830
16:43:23.669 [main] INFO  c.c.app.process.impl.Search2Impl.fillDetail  266 - ** 4831 ** 484200 , 1 , 4831
16:43:23.669 [main] INFO  c.c.app.process.impl.Search2Impl.fillDetail  266 - ** 4832 ** 484200 , 1 , 4832
16:43:23.669 [main] INFO  c.c.app.process.impl.Search2Impl.searchAll  379 -  SEARCHING 484200 TOGGLE 5 ITEM FOUND 4829
16:43:23.670 [main] INFO  c.c.app.process.impl.Search2Impl.fillDetail  266 - ** 4833 ** 484800 , 1 , 4833
16:43:23.670 [main] INFO  c.c.app.process.impl.Search2Impl.fillDetail  266 - ** 4834 ** 484800 , 1 , 4834
16:43:23.670 [main] INFO  c.c.app.process.impl.Search2Impl.fillDetail  266 - ** 4835 ** 484800 , 1 , 4835
16:43:23.670 [main] INFO  c.c.app.process.impl.Search2Impl.fillDetail  266 - ** 4836 ** 484800 , 1 , 4836
16:43:23.670 [main] INFO  c.c.app.process.impl.Search2Impl.fillDetail  266 - ** 4837 ** 484800 , 1 , 4837
16:43:23.670 [main] INFO  c.c.app.process.impl.Search2Impl.fillDetail  266 - ** 4838 ** 484800 , 1 , 4838
16:43:23.670 [main] INFO  c.c.app.process.impl.Search2Impl.searchAll  379 -  SEARCHING 484800 TOGGLE 6 ITEM FOUND 4835
16:43:23.670 [main] INFO  c.c.app.process.impl.Search2Impl.fillDetail  266 - ** 4839 ** 485000 , 1 , 4839
16:43:23.670 [main] INFO  c.c.app.process.impl.Search2Impl.fillDetail  266 - ** 4840 ** 485000 , 1 , 4840
16:43:23.670 [main] INFO  c.c.app.process.impl.Search2Impl.searchAll  379 -  SEARCHING 485000 TOGGLE 2 ITEM FOUND 4839
16:43:23.670 [main] INFO  c.c.app.process.impl.Search2Impl.fillDetail  266 - ** 4841 ** 485300 , 1 , 4841
16:43:23.670 [main] INFO  c.c.app.process.impl.Search2Impl.fillDetail  266 - ** 4842 ** 485300 , 1 , 4842
16:43:23.670 [main] INFO  c.c.app.process.impl.Search2Impl.fillDetail  266 - ** 4843 ** 485300 , 1 , 4843
16:43:23.670 [main] INFO  c.c.app.process.impl.Search2Impl.searchAll  379 -  SEARCHING 485300 TOGGLE 3 ITEM FOUND 4841
16:43:23.670 [main] INFO  c.c.app.process.impl.Search2Impl.fillDetail  266 - ** 4844 ** 485700 , 1 , 4844
16:43:23.670 [main] INFO  c.c.app.process.impl.Search2Impl.fillDetail  266 - ** 4845 ** 485700 , 1 , 4845
16:43:23.670 [main] INFO  c.c.app.process.impl.Search2Impl.fillDetail  266 - ** 4846 ** 485700 , 1 , 4846
16:43:23.670 [main] INFO  c.c.app.process.impl.Search2Impl.fillDetail  266 - ** 4847 ** 485700 , 1 , 4847
16:43:23.670 [main] INFO  c.c.app.process.impl.Search2Impl.searchAll  379 -  SEARCHING 485700 TOGGLE 4 ITEM FOUND 4846
16:43:23.670 [main] INFO  c.c.app.process.impl.Search2Impl.fillDetail  266 - ** 4848 ** 486200 , 1 , 4848
16:43:23.670 [main] INFO  c.c.app.process.impl.Search2Impl.fillDetail  266 - ** 4849 ** 486200 , 1 , 4849
16:43:23.670 [main] INFO  c.c.app.process.impl.Search2Impl.fillDetail  266 - ** 4850 ** 486200 , 1 , 4850
16:43:23.670 [main] INFO  c.c.app.process.impl.Search2Impl.fillDetail  266 - ** 4851 ** 486200 , 1 , 4851
16:43:23.671 [main] INFO  c.c.app.process.impl.Search2Impl.fillDetail  266 - ** 4852 ** 486200 , 1 , 4852
16:43:23.671 [main] INFO  c.c.app.process.impl.Search2Impl.searchAll  379 -  SEARCHING 486200 TOGGLE 5 ITEM FOUND 4852
16:43:23.671 [main] INFO  c.c.app.process.impl.Search2Impl.fillDetail  266 - ** 4853 ** 486800 , 1 , 4853
16:43:23.671 [main] INFO  c.c.app.process.impl.Search2Impl.fillDetail  266 - ** 4854 ** 486800 , 1 , 4854
16:43:23.671 [main] INFO  c.c.app.process.impl.Search2Impl.fillDetail  266 - ** 4855 ** 486800 , 1 , 4855
16:43:23.671 [main] INFO  c.c.app.process.impl.Search2Impl.fillDetail  266 - ** 4856 ** 486800 , 1 , 4856
16:43:23.671 [main] INFO  c.c.app.process.impl.Search2Impl.fillDetail  266 - ** 4857 ** 486800 , 1 , 4857
16:43:23.671 [main] INFO  c.c.app.process.impl.Search2Impl.fillDetail  266 - ** 4858 ** 486800 , 1 , 4858
16:43:23.671 [main] INFO  c.c.app.process.impl.Search2Impl.searchAll  379 -  SEARCHING 486800 TOGGLE 6 ITEM FOUND 4858
16:43:23.671 [main] INFO  c.c.app.process.impl.Search2Impl.fillDetail  266 - ** 4859 ** 487000 , 1 , 4859
16:43:23.671 [main] INFO  c.c.app.process.impl.Search2Impl.fillDetail  266 - ** 4860 ** 487000 , 1 , 4860
16:43:23.671 [main] INFO  c.c.app.process.impl.Search2Impl.searchAll  379 -  SEARCHING 487000 TOGGLE 2 ITEM FOUND 4859
16:43:23.671 [main] INFO  c.c.app.process.impl.Search2Impl.fillDetail  266 - ** 4861 ** 487300 , 1 , 4861
16:43:23.671 [main] INFO  c.c.app.process.impl.Search2Impl.fillDetail  266 - ** 4862 ** 487300 , 1 , 4862
16:43:23.671 [main] INFO  c.c.app.process.impl.Search2Impl.fillDetail  266 - ** 4863 ** 487300 , 1 , 4863
16:43:23.671 [main] INFO  c.c.app.process.impl.Search2Impl.searchAll  379 -  SEARCHING 487300 TOGGLE 3 ITEM FOUND 4861
16:43:23.671 [main] INFO  c.c.app.process.impl.Search2Impl.fillDetail  266 - ** 4864 ** 487700 , 1 , 4864
16:43:23.671 [main] INFO  c.c.app.process.impl.Search2Impl.fillDetail  266 - ** 4865 ** 487700 , 1 , 4865
16:43:23.671 [main] INFO  c.c.app.process.impl.Search2Impl.fillDetail  266 - ** 4866 ** 487700 , 1 , 4866
16:43:23.671 [main] INFO  c.c.app.process.impl.Search2Impl.fillDetail  266 - ** 4867 ** 487700 , 1 , 4867
16:43:23.671 [main] INFO  c.c.app.process.impl.Search2Impl.searchAll  379 -  SEARCHING 487700 TOGGLE 4 ITEM FOUND 4864
16:43:23.671 [main] INFO  c.c.app.process.impl.Search2Impl.fillDetail  266 - ** 4868 ** 488200 , 1 , 4868
16:43:23.671 [main] INFO  c.c.app.process.impl.Search2Impl.fillDetail  266 - ** 4869 ** 488200 , 1 , 4869
16:43:23.671 [main] INFO  c.c.app.process.impl.Search2Impl.fillDetail  266 - ** 4870 ** 488200 , 1 , 4870
16:43:23.672 [main] INFO  c.c.app.process.impl.Search2Impl.fillDetail  266 - ** 4871 ** 488200 , 1 , 4871
16:43:23.672 [main] INFO  c.c.app.process.impl.Search2Impl.fillDetail  266 - ** 4872 ** 488200 , 1 , 4872
16:43:23.672 [main] INFO  c.c.app.process.impl.Search2Impl.searchAll  379 -  SEARCHING 488200 TOGGLE 5 ITEM FOUND 4869
16:43:23.672 [main] INFO  c.c.app.process.impl.Search2Impl.fillDetail  266 - ** 4873 ** 488800 , 1 , 4873
16:43:23.672 [main] INFO  c.c.app.process.impl.Search2Impl.fillDetail  266 - ** 4874 ** 488800 , 1 , 4874
16:43:23.672 [main] INFO  c.c.app.process.impl.Search2Impl.fillDetail  266 - ** 4875 ** 488800 , 1 , 4875
16:43:23.672 [main] INFO  c.c.app.process.impl.Search2Impl.fillDetail  266 - ** 4876 ** 488800 , 1 , 4876
16:43:23.672 [main] INFO  c.c.app.process.impl.Search2Impl.fillDetail  266 - ** 4877 ** 488800 , 1 , 4877
16:43:23.672 [main] INFO  c.c.app.process.impl.Search2Impl.fillDetail  266 - ** 4878 ** 488800 , 1 , 4878
16:43:23.672 [main] INFO  c.c.app.process.impl.Search2Impl.searchAll  379 -  SEARCHING 488800 TOGGLE 6 ITEM FOUND 4875
16:43:23.672 [main] INFO  c.c.app.process.impl.Search2Impl.fillDetail  266 - ** 4879 ** 489000 , 1 , 4879
16:43:23.672 [main] INFO  c.c.app.process.impl.Search2Impl.fillDetail  266 - ** 4880 ** 489000 , 1 , 4880
16:43:23.672 [main] INFO  c.c.app.process.impl.Search2Impl.searchAll  379 -  SEARCHING 489000 TOGGLE 2 ITEM FOUND 4879
16:43:23.672 [main] INFO  c.c.app.process.impl.Search2Impl.fillDetail  266 - ** 4881 ** 489300 , 1 , 4881
16:43:23.672 [main] INFO  c.c.app.process.impl.Search2Impl.fillDetail  266 - ** 4882 ** 489300 , 1 , 4882
16:43:23.672 [main] INFO  c.c.app.process.impl.Search2Impl.fillDetail  266 - ** 4883 ** 489300 , 1 , 4883
16:43:23.672 [main] INFO  c.c.app.process.impl.Search2Impl.searchAll  379 -  SEARCHING 489300 TOGGLE 3 ITEM FOUND 4881
16:43:23.672 [main] INFO  c.c.app.process.impl.Search2Impl.fillDetail  266 - ** 4884 ** 489700 , 1 , 4884
16:43:23.672 [main] INFO  c.c.app.process.impl.Search2Impl.fillDetail  266 - ** 4885 ** 489700 , 1 , 4885
16:43:23.672 [main] INFO  c.c.app.process.impl.Search2Impl.fillDetail  266 - ** 4886 ** 489700 , 1 , 4886
16:43:23.672 [main] INFO  c.c.app.process.impl.Search2Impl.fillDetail  266 - ** 4887 ** 489700 , 1 , 4887
16:43:23.672 [main] INFO  c.c.app.process.impl.Search2Impl.searchAll  379 -  SEARCHING 489700 TOGGLE 4 ITEM FOUND 4887
16:43:23.672 [main] INFO  c.c.app.process.impl.Search2Impl.fillDetail  266 - ** 4888 ** 490200 , 1 , 4888
16:43:23.673 [main] INFO  c.c.app.process.impl.Search2Impl.fillDetail  266 - ** 4889 ** 490200 , 1 , 4889
16:43:23.673 [main] INFO  c.c.app.process.impl.Search2Impl.fillDetail  266 - ** 4890 ** 490200 , 1 , 4890
16:43:23.673 [main] INFO  c.c.app.process.impl.Search2Impl.fillDetail  266 - ** 4891 ** 490200 , 1 , 4891
16:43:23.673 [main] INFO  c.c.app.process.impl.Search2Impl.fillDetail  266 - ** 4892 ** 490200 , 1 , 4892
16:43:23.673 [main] INFO  c.c.app.process.impl.Search2Impl.searchAll  379 -  SEARCHING 490200 TOGGLE 5 ITEM FOUND 4892
16:43:23.673 [main] INFO  c.c.app.process.impl.Search2Impl.fillDetail  266 - ** 4893 ** 490800 , 1 , 4893
16:43:23.673 [main] INFO  c.c.app.process.impl.Search2Impl.fillDetail  266 - ** 4894 ** 490800 , 1 , 4894
16:43:23.673 [main] INFO  c.c.app.process.impl.Search2Impl.fillDetail  266 - ** 4895 ** 490800 , 1 , 4895
16:43:23.673 [main] INFO  c.c.app.process.impl.Search2Impl.fillDetail  266 - ** 4896 ** 490800 , 1 , 4896
16:43:23.673 [main] INFO  c.c.app.process.impl.Search2Impl.fillDetail  266 - ** 4897 ** 490800 , 1 , 4897
16:43:23.673 [main] INFO  c.c.app.process.impl.Search2Impl.fillDetail  266 - ** 4898 ** 490800 , 1 , 4898
16:43:23.673 [main] INFO  c.c.app.process.impl.Search2Impl.searchAll  379 -  SEARCHING 490800 TOGGLE 6 ITEM FOUND 4898
16:43:23.673 [main] INFO  c.c.app.process.impl.Search2Impl.fillDetail  266 - ** 4899 ** 491000 , 1 , 4899
16:43:23.673 [main] INFO  c.c.app.process.impl.Search2Impl.fillDetail  266 - ** 4900 ** 491000 , 1 , 4900
16:43:23.673 [main] INFO  c.c.app.process.impl.Search2Impl.searchAll  379 -  SEARCHING 491000 TOGGLE 2 ITEM FOUND 4899
16:43:23.673 [main] INFO  c.c.app.process.impl.Search2Impl.fillDetail  266 - ** 4901 ** 491300 , 1 , 4901
16:43:23.673 [main] INFO  c.c.app.process.impl.Search2Impl.fillDetail  266 - ** 4902 ** 491300 , 1 , 4902
16:43:23.673 [main] INFO  c.c.app.process.impl.Search2Impl.fillDetail  266 - ** 4903 ** 491300 , 1 , 4903
16:43:23.673 [main] INFO  c.c.app.process.impl.Search2Impl.searchAll  379 -  SEARCHING 491300 TOGGLE 3 ITEM FOUND 4901
16:43:23.673 [main] INFO  c.c.app.process.impl.Search2Impl.fillDetail  266 - ** 4904 ** 491700 , 1 , 4904
16:43:23.673 [main] INFO  c.c.app.process.impl.Search2Impl.fillDetail  266 - ** 4905 ** 491700 , 1 , 4905
16:43:23.673 [main] INFO  c.c.app.process.impl.Search2Impl.fillDetail  266 - ** 4906 ** 491700 , 1 , 4906
16:43:23.673 [main] INFO  c.c.app.process.impl.Search2Impl.fillDetail  266 - ** 4907 ** 491700 , 1 , 4907
16:43:23.673 [main] INFO  c.c.app.process.impl.Search2Impl.searchAll  379 -  SEARCHING 491700 TOGGLE 4 ITEM FOUND 4904
16:43:23.674 [main] INFO  c.c.app.process.impl.Search2Impl.fillDetail  266 - ** 4908 ** 492200 , 1 , 4908
16:43:23.674 [main] INFO  c.c.app.process.impl.Search2Impl.fillDetail  266 - ** 4909 ** 492200 , 1 , 4909
16:43:23.674 [main] INFO  c.c.app.process.impl.Search2Impl.fillDetail  266 - ** 4910 ** 492200 , 1 , 4910
16:43:23.674 [main] INFO  c.c.app.process.impl.Search2Impl.fillDetail  266 - ** 4911 ** 492200 , 1 , 4911
16:43:23.674 [main] INFO  c.c.app.process.impl.Search2Impl.fillDetail  266 - ** 4912 ** 492200 , 1 , 4912
16:43:23.674 [main] INFO  c.c.app.process.impl.Search2Impl.searchAll  379 -  SEARCHING 492200 TOGGLE 5 ITEM FOUND 4910
16:43:23.674 [main] INFO  c.c.app.process.impl.Search2Impl.fillDetail  266 - ** 4913 ** 492800 , 1 , 4913
16:43:23.674 [main] INFO  c.c.app.process.impl.Search2Impl.fillDetail  266 - ** 4914 ** 492800 , 1 , 4914
16:43:23.674 [main] INFO  c.c.app.process.impl.Search2Impl.fillDetail  266 - ** 4915 ** 492800 , 1 , 4915
16:43:23.674 [main] INFO  c.c.app.process.impl.Search2Impl.fillDetail  266 - ** 4916 ** 492800 , 1 , 4916
16:43:23.674 [main] INFO  c.c.app.process.impl.Search2Impl.fillDetail  266 - ** 4917 ** 492800 , 1 , 4917
16:43:23.674 [main] INFO  c.c.app.process.impl.Search2Impl.fillDetail  266 - ** 4918 ** 492800 , 1 , 4918
16:43:23.674 [main] INFO  c.c.app.process.impl.Search2Impl.searchAll  379 -  SEARCHING 492800 TOGGLE 6 ITEM FOUND 4915
16:43:23.674 [main] INFO  c.c.app.process.impl.Search2Impl.fillDetail  266 - ** 4919 ** 493000 , 1 , 4919
16:43:23.674 [main] INFO  c.c.app.process.impl.Search2Impl.fillDetail  266 - ** 4920 ** 493000 , 1 , 4920
16:43:23.674 [main] INFO  c.c.app.process.impl.Search2Impl.searchAll  379 -  SEARCHING 493000 TOGGLE 2 ITEM FOUND 4919
16:43:23.674 [main] INFO  c.c.app.process.impl.Search2Impl.fillDetail  266 - ** 4921 ** 493300 , 1 , 4921
16:43:23.674 [main] INFO  c.c.app.process.impl.Search2Impl.fillDetail  266 - ** 4922 ** 493300 , 1 , 4922
16:43:23.674 [main] INFO  c.c.app.process.impl.Search2Impl.fillDetail  266 - ** 4923 ** 493300 , 1 , 4923
16:43:23.674 [main] INFO  c.c.app.process.impl.Search2Impl.searchAll  379 -  SEARCHING 493300 TOGGLE 3 ITEM FOUND 4921
16:43:23.674 [main] INFO  c.c.app.process.impl.Search2Impl.fillDetail  266 - ** 4924 ** 493700 , 1 , 4924
16:43:23.674 [main] INFO  c.c.app.process.impl.Search2Impl.fillDetail  266 - ** 4925 ** 493700 , 1 , 4925
16:43:23.674 [main] INFO  c.c.app.process.impl.Search2Impl.fillDetail  266 - ** 4926 ** 493700 , 1 , 4926
16:43:23.675 [main] INFO  c.c.app.process.impl.Search2Impl.fillDetail  266 - ** 4927 ** 493700 , 1 , 4927
16:43:23.675 [main] INFO  c.c.app.process.impl.Search2Impl.searchAll  379 -  SEARCHING 493700 TOGGLE 4 ITEM FOUND 4927
16:43:23.675 [main] INFO  c.c.app.process.impl.Search2Impl.fillDetail  266 - ** 4928 ** 494200 , 1 , 4928
16:43:23.675 [main] INFO  c.c.app.process.impl.Search2Impl.fillDetail  266 - ** 4929 ** 494200 , 1 , 4929
16:43:23.675 [main] INFO  c.c.app.process.impl.Search2Impl.fillDetail  266 - ** 4930 ** 494200 , 1 , 4930
16:43:23.675 [main] INFO  c.c.app.process.impl.Search2Impl.fillDetail  266 - ** 4931 ** 494200 , 1 , 4931
16:43:23.675 [main] INFO  c.c.app.process.impl.Search2Impl.fillDetail  266 - ** 4932 ** 494200 , 1 , 4932
16:43:23.675 [main] INFO  c.c.app.process.impl.Search2Impl.searchAll  379 -  SEARCHING 494200 TOGGLE 5 ITEM FOUND 4930
16:43:23.675 [main] INFO  c.c.app.process.impl.Search2Impl.fillDetail  266 - ** 4933 ** 494800 , 1 , 4933
16:43:23.675 [main] INFO  c.c.app.process.impl.Search2Impl.fillDetail  266 - ** 4934 ** 494800 , 1 , 4934
16:43:23.675 [main] INFO  c.c.app.process.impl.Search2Impl.fillDetail  266 - ** 4935 ** 494800 , 1 , 4935
16:43:23.675 [main] INFO  c.c.app.process.impl.Search2Impl.fillDetail  266 - ** 4936 ** 494800 , 1 , 4936
16:43:23.675 [main] INFO  c.c.app.process.impl.Search2Impl.fillDetail  266 - ** 4937 ** 494800 , 1 , 4937
16:43:23.675 [main] INFO  c.c.app.process.impl.Search2Impl.fillDetail  266 - ** 4938 ** 494800 , 1 , 4938
16:43:23.675 [main] INFO  c.c.app.process.impl.Search2Impl.searchAll  379 -  SEARCHING 494800 TOGGLE 6 ITEM FOUND 4933
16:43:23.675 [main] INFO  c.c.app.process.impl.Search2Impl.fillDetail  266 - ** 4939 ** 495000 , 1 , 4939
16:43:23.675 [main] INFO  c.c.app.process.impl.Search2Impl.fillDetail  266 - ** 4940 ** 495000 , 1 , 4940
16:43:23.675 [main] INFO  c.c.app.process.impl.Search2Impl.searchAll  379 -  SEARCHING 495000 TOGGLE 2 ITEM FOUND 4939
16:43:23.675 [main] INFO  c.c.app.process.impl.Search2Impl.fillDetail  266 - ** 4941 ** 495300 , 1 , 4941
16:43:23.675 [main] INFO  c.c.app.process.impl.Search2Impl.fillDetail  266 - ** 4942 ** 495300 , 1 , 4942
16:43:23.675 [main] INFO  c.c.app.process.impl.Search2Impl.fillDetail  266 - ** 4943 ** 495300 , 1 , 4943
16:43:23.675 [main] INFO  c.c.app.process.impl.Search2Impl.searchAll  379 -  SEARCHING 495300 TOGGLE 3 ITEM FOUND 4941
16:43:23.675 [main] INFO  c.c.app.process.impl.Search2Impl.fillDetail  266 - ** 4944 ** 495700 , 1 , 4944
16:43:23.675 [main] INFO  c.c.app.process.impl.Search2Impl.fillDetail  266 - ** 4945 ** 495700 , 1 , 4945
16:43:23.676 [main] INFO  c.c.app.process.impl.Search2Impl.fillDetail  266 - ** 4946 ** 495700 , 1 , 4946
16:43:23.676 [main] INFO  c.c.app.process.impl.Search2Impl.fillDetail  266 - ** 4947 ** 495700 , 1 , 4947
16:43:23.676 [main] INFO  c.c.app.process.impl.Search2Impl.searchAll  379 -  SEARCHING 495700 TOGGLE 4 ITEM FOUND 4944
16:43:23.676 [main] INFO  c.c.app.process.impl.Search2Impl.fillDetail  266 - ** 4948 ** 496200 , 1 , 4948
16:43:23.676 [main] INFO  c.c.app.process.impl.Search2Impl.fillDetail  266 - ** 4949 ** 496200 , 1 , 4949
16:43:23.676 [main] INFO  c.c.app.process.impl.Search2Impl.fillDetail  266 - ** 4950 ** 496200 , 1 , 4950
16:43:23.676 [main] INFO  c.c.app.process.impl.Search2Impl.fillDetail  266 - ** 4951 ** 496200 , 1 , 4951
16:43:23.676 [main] INFO  c.c.app.process.impl.Search2Impl.fillDetail  266 - ** 4952 ** 496200 , 1 , 4952
16:43:23.676 [main] INFO  c.c.app.process.impl.Search2Impl.searchAll  379 -  SEARCHING 496200 TOGGLE 5 ITEM FOUND 4950
16:43:23.676 [main] INFO  c.c.app.process.impl.Search2Impl.fillDetail  266 - ** 4953 ** 496800 , 1 , 4953
16:43:23.676 [main] INFO  c.c.app.process.impl.Search2Impl.fillDetail  266 - ** 4954 ** 496800 , 1 , 4954
16:43:23.676 [main] INFO  c.c.app.process.impl.Search2Impl.fillDetail  266 - ** 4955 ** 496800 , 1 , 4955
16:43:23.676 [main] INFO  c.c.app.process.impl.Search2Impl.fillDetail  266 - ** 4956 ** 496800 , 1 , 4956
16:43:23.676 [main] INFO  c.c.app.process.impl.Search2Impl.fillDetail  266 - ** 4957 ** 496800 , 1 , 4957
16:43:23.676 [main] INFO  c.c.app.process.impl.Search2Impl.fillDetail  266 - ** 4958 ** 496800 , 1 , 4958
16:43:23.676 [main] INFO  c.c.app.process.impl.Search2Impl.searchAll  379 -  SEARCHING 496800 TOGGLE 6 ITEM FOUND 4956
16:43:23.676 [main] INFO  c.c.app.process.impl.Search2Impl.fillDetail  266 - ** 4959 ** 497000 , 1 , 4959
16:43:23.676 [main] INFO  c.c.app.process.impl.Search2Impl.fillDetail  266 - ** 4960 ** 497000 , 1 , 4960
16:43:23.676 [main] INFO  c.c.app.process.impl.Search2Impl.searchAll  379 -  SEARCHING 497000 TOGGLE 2 ITEM FOUND 4959
16:43:23.676 [main] INFO  c.c.app.process.impl.Search2Impl.fillDetail  266 - ** 4961 ** 497300 , 1 , 4961
16:43:23.676 [main] INFO  c.c.app.process.impl.Search2Impl.fillDetail  266 - ** 4962 ** 497300 , 1 , 4962
16:43:23.676 [main] INFO  c.c.app.process.impl.Search2Impl.fillDetail  266 - ** 4963 ** 497300 , 1 , 4963
16:43:23.676 [main] INFO  c.c.app.process.impl.Search2Impl.searchAll  379 -  SEARCHING 497300 TOGGLE 3 ITEM FOUND 4961
16:43:23.676 [main] INFO  c.c.app.process.impl.Search2Impl.fillDetail  266 - ** 4964 ** 497700 , 1 , 4964
16:43:23.677 [main] INFO  c.c.app.process.impl.Search2Impl.fillDetail  266 - ** 4965 ** 497700 , 1 , 4965
16:43:23.677 [main] INFO  c.c.app.process.impl.Search2Impl.fillDetail  266 - ** 4966 ** 497700 , 1 , 4966
16:43:23.677 [main] INFO  c.c.app.process.impl.Search2Impl.fillDetail  266 - ** 4967 ** 497700 , 1 , 4967
16:43:23.677 [main] INFO  c.c.app.process.impl.Search2Impl.searchAll  379 -  SEARCHING 497700 TOGGLE 4 ITEM FOUND 4967
16:43:23.677 [main] INFO  c.c.app.process.impl.Search2Impl.fillDetail  266 - ** 4968 ** 498200 , 1 , 4968
16:43:23.677 [main] INFO  c.c.app.process.impl.Search2Impl.fillDetail  266 - ** 4969 ** 498200 , 1 , 4969
16:43:23.677 [main] INFO  c.c.app.process.impl.Search2Impl.fillDetail  266 - ** 4970 ** 498200 , 1 , 4970
16:43:23.677 [main] INFO  c.c.app.process.impl.Search2Impl.fillDetail  266 - ** 4971 ** 498200 , 1 , 4971
16:43:23.677 [main] INFO  c.c.app.process.impl.Search2Impl.fillDetail  266 - ** 4972 ** 498200 , 1 , 4972
16:43:23.677 [main] INFO  c.c.app.process.impl.Search2Impl.searchAll  379 -  SEARCHING 498200 TOGGLE 5 ITEM FOUND 4970
16:43:23.677 [main] INFO  c.c.app.process.impl.Search2Impl.fillDetail  266 - ** 4973 ** 498800 , 1 , 4973
16:43:23.677 [main] INFO  c.c.app.process.impl.Search2Impl.fillDetail  266 - ** 4974 ** 498800 , 1 , 4974
16:43:23.677 [main] INFO  c.c.app.process.impl.Search2Impl.fillDetail  266 - ** 4975 ** 498800 , 1 , 4975
16:43:23.677 [main] INFO  c.c.app.process.impl.Search2Impl.fillDetail  266 - ** 4976 ** 498800 , 1 , 4976
16:43:23.677 [main] INFO  c.c.app.process.impl.Search2Impl.fillDetail  266 - ** 4977 ** 498800 , 1 , 4977
16:43:23.677 [main] INFO  c.c.app.process.impl.Search2Impl.fillDetail  266 - ** 4978 ** 498800 , 1 , 4978
16:43:23.677 [main] INFO  c.c.app.process.impl.Search2Impl.searchAll  379 -  SEARCHING 498800 TOGGLE 6 ITEM FOUND 4973
16:43:23.677 [main] INFO  c.c.app.process.impl.Search2Impl.fillDetail  266 - ** 4979 ** 499000 , 1 , 4979
16:43:23.677 [main] INFO  c.c.app.process.impl.Search2Impl.fillDetail  266 - ** 4980 ** 499000 , 1 , 4980
16:43:23.677 [main] INFO  c.c.app.process.impl.Search2Impl.searchAll  379 -  SEARCHING 499000 TOGGLE 2 ITEM FOUND 4979
16:43:23.677 [main] INFO  c.c.app.process.impl.Search2Impl.fillDetail  266 - ** 4981 ** 499300 , 1 , 4981
16:43:23.677 [main] INFO  c.c.app.process.impl.Search2Impl.fillDetail  266 - ** 4982 ** 499300 , 1 , 4982
16:43:23.677 [main] INFO  c.c.app.process.impl.Search2Impl.fillDetail  266 - ** 4983 ** 499300 , 1 , 4983
16:43:23.678 [main] INFO  c.c.app.process.impl.Search2Impl.searchAll  379 -  SEARCHING 499300 TOGGLE 3 ITEM FOUND 4981
16:43:23.678 [main] INFO  c.c.app.process.impl.Search2Impl.fillDetail  266 - ** 4984 ** 499700 , 1 , 4984
16:43:23.678 [main] INFO  c.c.app.process.impl.Search2Impl.fillDetail  266 - ** 4985 ** 499700 , 1 , 4985
16:43:23.678 [main] INFO  c.c.app.process.impl.Search2Impl.fillDetail  266 - ** 4986 ** 499700 , 1 , 4986
16:43:23.678 [main] INFO  c.c.app.process.impl.Search2Impl.fillDetail  266 - ** 4987 ** 499700 , 1 , 4987
16:43:23.678 [main] INFO  c.c.app.process.impl.Search2Impl.searchAll  379 -  SEARCHING 499700 TOGGLE 4 ITEM FOUND 4984
16:43:23.678 [main] INFO  c.c.app.process.impl.Search2Impl.fillDetail  266 - ** 4988 ** 500200 , 1 , 4988
16:43:23.678 [main] INFO  c.c.app.process.impl.Search2Impl.fillDetail  266 - ** 4989 ** 500200 , 1 , 4989
16:43:23.678 [main] INFO  c.c.app.process.impl.Search2Impl.fillDetail  266 - ** 4990 ** 500200 , 1 , 4990
16:43:23.678 [main] INFO  c.c.app.process.impl.Search2Impl.fillDetail  266 - ** 4991 ** 500200 , 1 , 4991
16:43:23.678 [main] INFO  c.c.app.process.impl.Search2Impl.fillDetail  266 - ** 4992 ** 500200 , 1 , 4992
16:43:23.678 [main] INFO  c.c.app.process.impl.Search2Impl.searchAll  379 -  SEARCHING 500200 TOGGLE 5 ITEM FOUND 4990
16:43:23.678 [main] INFO  c.c.app.process.impl.Search2Impl.fillDetail  266 - ** 4993 ** 500800 , 1 , 4993
16:43:23.678 [main] INFO  c.c.app.process.impl.Search2Impl.fillDetail  266 - ** 4994 ** 500800 , 1 , 4994
16:43:23.678 [main] INFO  c.c.app.process.impl.Search2Impl.fillDetail  266 - ** 4995 ** 500800 , 1 , 4995
16:43:23.678 [main] INFO  c.c.app.process.impl.Search2Impl.fillDetail  266 - ** 4996 ** 500800 , 1 , 4996
16:43:23.678 [main] INFO  c.c.app.process.impl.Search2Impl.fillDetail  266 - ** 4997 ** 500800 , 1 , 4997
16:43:23.678 [main] INFO  c.c.app.process.impl.Search2Impl.fillDetail  266 - ** 4998 ** 500800 , 1 , 4998
16:43:23.678 [main] INFO  c.c.app.process.impl.Search2Impl.searchAll  379 -  SEARCHING 500800 TOGGLE 6 ITEM FOUND 4996
16:43:23.678 [main] INFO  c.c.app.process.impl.Search2Impl.fillDetail  266 - ** 4999 ** 501000 , 1 , 4999
16:43:23.678 [main] INFO  c.c.app.process.impl.Search2Impl.fillDetail  266 - ** 5000 ** 501000 , 1 , 5000
16:43:23.678 [main] INFO  c.c.app.process.impl.Search2Impl.searchAll  379 -  SEARCHING 501000 TOGGLE 2 ITEM FOUND 4999
16:43:23.678 [main] INFO  c.c.app.process.impl.Search2Impl.fillDetail  266 - ** 5001 ** 501300 , 1 , 5001
16:43:23.678 [main] INFO  c.c.app.process.impl.Search2Impl.fillDetail  266 - ** 5002 ** 501300 , 1 , 5002
16:43:23.679 [main] INFO  c.c.app.process.impl.Search2Impl.fillDetail  266 - ** 5003 ** 501300 , 1 , 5003
16:43:23.679 [main] INFO  c.c.app.process.impl.Search2Impl.searchAll  379 -  SEARCHING 501300 TOGGLE 3 ITEM FOUND 5002
16:43:23.679 [main] INFO  c.c.app.process.impl.Search2Impl.fillDetail  266 - ** 5004 ** 501700 , 1 , 5004
16:43:23.679 [main] INFO  c.c.app.process.impl.Search2Impl.fillDetail  266 - ** 5005 ** 501700 , 1 , 5005
16:43:23.679 [main] INFO  c.c.app.process.impl.Search2Impl.fillDetail  266 - ** 5006 ** 501700 , 1 , 5006
16:43:23.679 [main] INFO  c.c.app.process.impl.Search2Impl.fillDetail  266 - ** 5007 ** 501700 , 1 , 5007
16:43:23.679 [main] INFO  c.c.app.process.impl.Search2Impl.searchAll  379 -  SEARCHING 501700 TOGGLE 4 ITEM FOUND 5007
16:43:23.679 [main] INFO  c.c.app.process.impl.Search2Impl.fillDetail  266 - ** 5008 ** 502200 , 1 , 5008
16:43:23.679 [main] INFO  c.c.app.process.impl.Search2Impl.fillDetail  266 - ** 5009 ** 502200 , 1 , 5009
16:43:23.679 [main] INFO  c.c.app.process.impl.Search2Impl.fillDetail  266 - ** 5010 ** 502200 , 1 , 5010
16:43:23.679 [main] INFO  c.c.app.process.impl.Search2Impl.fillDetail  266 - ** 5011 ** 502200 , 1 , 5011
16:43:23.679 [main] INFO  c.c.app.process.impl.Search2Impl.fillDetail  266 - ** 5012 ** 502200 , 1 , 5012
16:43:23.679 [main] INFO  c.c.app.process.impl.Search2Impl.searchAll  379 -  SEARCHING 502200 TOGGLE 5 ITEM FOUND 5010
16:43:23.679 [main] INFO  c.c.app.process.impl.Search2Impl.fillDetail  266 - ** 5013 ** 502800 , 1 , 5013
16:43:23.679 [main] INFO  c.c.app.process.impl.Search2Impl.fillDetail  266 - ** 5014 ** 502800 , 1 , 5014
16:43:23.679 [main] INFO  c.c.app.process.impl.Search2Impl.fillDetail  266 - ** 5015 ** 502800 , 1 , 5015
16:43:23.679 [main] INFO  c.c.app.process.impl.Search2Impl.fillDetail  266 - ** 5016 ** 502800 , 1 , 5016
16:43:23.679 [main] INFO  c.c.app.process.impl.Search2Impl.fillDetail  266 - ** 5017 ** 502800 , 1 , 5017
16:43:23.679 [main] INFO  c.c.app.process.impl.Search2Impl.fillDetail  266 - ** 5018 ** 502800 , 1 , 5018
16:43:23.679 [main] INFO  c.c.app.process.impl.Search2Impl.searchAll  379 -  SEARCHING 502800 TOGGLE 6 ITEM FOUND 5013
16:43:23.679 [main] INFO  c.c.app.process.impl.Search2Impl.fillDetail  266 - ** 5019 ** 503000 , 1 , 5019
16:43:23.679 [main] INFO  c.c.app.process.impl.Search2Impl.fillDetail  266 - ** 5020 ** 503000 , 1 , 5020
16:43:23.679 [main] INFO  c.c.app.process.impl.Search2Impl.searchAll  379 -  SEARCHING 503000 TOGGLE 2 ITEM FOUND 5019
16:43:23.680 [main] INFO  c.c.app.process.impl.Search2Impl.fillDetail  266 - ** 5021 ** 503300 , 1 , 5021
16:43:23.680 [main] INFO  c.c.app.process.impl.Search2Impl.fillDetail  266 - ** 5022 ** 503300 , 1 , 5022
16:43:23.680 [main] INFO  c.c.app.process.impl.Search2Impl.fillDetail  266 - ** 5023 ** 503300 , 1 , 5023
16:43:23.680 [main] INFO  c.c.app.process.impl.Search2Impl.searchAll  379 -  SEARCHING 503300 TOGGLE 3 ITEM FOUND 5022
16:43:23.680 [main] INFO  c.c.app.process.impl.Search2Impl.fillDetail  266 - ** 5024 ** 503700 , 1 , 5024
16:43:23.680 [main] INFO  c.c.app.process.impl.Search2Impl.fillDetail  266 - ** 5025 ** 503700 , 1 , 5025
16:43:23.680 [main] INFO  c.c.app.process.impl.Search2Impl.fillDetail  266 - ** 5026 ** 503700 , 1 , 5026
16:43:23.680 [main] INFO  c.c.app.process.impl.Search2Impl.fillDetail  266 - ** 5027 ** 503700 , 1 , 5027
16:43:23.680 [main] INFO  c.c.app.process.impl.Search2Impl.searchAll  379 -  SEARCHING 503700 TOGGLE 4 ITEM FOUND 5025
16:43:23.680 [main] INFO  c.c.app.process.impl.Search2Impl.fillDetail  266 - ** 5028 ** 504200 , 1 , 5028
16:43:23.680 [main] INFO  c.c.app.process.impl.Search2Impl.fillDetail  266 - ** 5029 ** 504200 , 1 , 5029
16:43:23.680 [main] INFO  c.c.app.process.impl.Search2Impl.fillDetail  266 - ** 5030 ** 504200 , 1 , 5030
16:43:23.680 [main] INFO  c.c.app.process.impl.Search2Impl.fillDetail  266 - ** 5031 ** 504200 , 1 , 5031
16:43:23.680 [main] INFO  c.c.app.process.impl.Search2Impl.fillDetail  266 - ** 5032 ** 504200 , 1 , 5032
16:43:23.680 [main] INFO  c.c.app.process.impl.Search2Impl.searchAll  379 -  SEARCHING 504200 TOGGLE 5 ITEM FOUND 5030
16:43:23.680 [main] INFO  c.c.app.process.impl.Search2Impl.fillDetail  266 - ** 5033 ** 504800 , 1 , 5033
16:43:23.680 [main] INFO  c.c.app.process.impl.Search2Impl.fillDetail  266 - ** 5034 ** 504800 , 1 , 5034
16:43:23.680 [main] INFO  c.c.app.process.impl.Search2Impl.fillDetail  266 - ** 5035 ** 504800 , 1 , 5035
16:43:23.680 [main] INFO  c.c.app.process.impl.Search2Impl.fillDetail  266 - ** 5036 ** 504800 , 1 , 5036
16:43:23.680 [main] INFO  c.c.app.process.impl.Search2Impl.fillDetail  266 - ** 5037 ** 504800 , 1 , 5037
16:43:23.680 [main] INFO  c.c.app.process.impl.Search2Impl.fillDetail  266 - ** 5038 ** 504800 , 1 , 5038
16:43:23.680 [main] INFO  c.c.app.process.impl.Search2Impl.searchAll  379 -  SEARCHING 504800 TOGGLE 6 ITEM FOUND 5036
16:43:23.680 [main] INFO  c.c.app.process.impl.Search2Impl.fillDetail  266 - ** 5039 ** 505000 , 1 , 5039
16:43:23.680 [main] INFO  c.c.app.process.impl.Search2Impl.fillDetail  266 - ** 5040 ** 505000 , 1 , 5040
16:43:23.681 [main] INFO  c.c.app.process.impl.Search2Impl.searchAll  379 -  SEARCHING 505000 TOGGLE 2 ITEM FOUND 5039
16:43:23.681 [main] INFO  c.c.app.process.impl.Search2Impl.fillDetail  266 - ** 5041 ** 505300 , 1 , 5041
16:43:23.681 [main] INFO  c.c.app.process.impl.Search2Impl.fillDetail  266 - ** 5042 ** 505300 , 1 , 5042
16:43:23.681 [main] INFO  c.c.app.process.impl.Search2Impl.fillDetail  266 - ** 5043 ** 505300 , 1 , 5043
16:43:23.681 [main] INFO  c.c.app.process.impl.Search2Impl.searchAll  379 -  SEARCHING 505300 TOGGLE 3 ITEM FOUND 5042
16:43:23.681 [main] INFO  c.c.app.process.impl.Search2Impl.fillDetail  266 - ** 5044 ** 505700 , 1 , 5044
16:43:23.681 [main] INFO  c.c.app.process.impl.Search2Impl.fillDetail  266 - ** 5045 ** 505700 , 1 , 5045
16:43:23.681 [main] INFO  c.c.app.process.impl.Search2Impl.fillDetail  266 - ** 5046 ** 505700 , 1 , 5046
16:43:23.681 [main] INFO  c.c.app.process.impl.Search2Impl.fillDetail  266 - ** 5047 ** 505700 , 1 , 5047
16:43:23.681 [main] INFO  c.c.app.process.impl.Search2Impl.searchAll  379 -  SEARCHING 505700 TOGGLE 4 ITEM FOUND 5045
16:43:23.681 [main] INFO  c.c.app.process.impl.Search2Impl.fillDetail  266 - ** 5048 ** 506200 , 1 , 5048
16:43:23.681 [main] INFO  c.c.app.process.impl.Search2Impl.fillDetail  266 - ** 5049 ** 506200 , 1 , 5049
16:43:23.681 [main] INFO  c.c.app.process.impl.Search2Impl.fillDetail  266 - ** 5050 ** 506200 , 1 , 5050
16:43:23.681 [main] INFO  c.c.app.process.impl.Search2Impl.fillDetail  266 - ** 5051 ** 506200 , 1 , 5051
16:43:23.681 [main] INFO  c.c.app.process.impl.Search2Impl.fillDetail  266 - ** 5052 ** 506200 , 1 , 5052
16:43:23.681 [main] INFO  c.c.app.process.impl.Search2Impl.searchAll  379 -  SEARCHING 506200 TOGGLE 5 ITEM FOUND 5048
16:43:23.681 [main] INFO  c.c.app.process.impl.Search2Impl.fillDetail  266 - ** 5053 ** 506800 , 1 , 5053
16:43:23.681 [main] INFO  c.c.app.process.impl.Search2Impl.fillDetail  266 - ** 5054 ** 506800 , 1 , 5054
16:43:23.681 [main] INFO  c.c.app.process.impl.Search2Impl.fillDetail  266 - ** 5055 ** 506800 , 1 , 5055
16:43:23.681 [main] INFO  c.c.app.process.impl.Search2Impl.fillDetail  266 - ** 5056 ** 506800 , 1 , 5056
16:43:23.681 [main] INFO  c.c.app.process.impl.Search2Impl.fillDetail  266 - ** 5057 ** 506800 , 1 , 5057
16:43:23.681 [main] INFO  c.c.app.process.impl.Search2Impl.fillDetail  266 - ** 5058 ** 506800 , 1 , 5058
16:43:23.681 [main] INFO  c.c.app.process.impl.Search2Impl.searchAll  379 -  SEARCHING 506800 TOGGLE 6 ITEM FOUND 5053
16:43:23.682 [main] INFO  c.c.app.process.impl.Search2Impl.fillDetail  266 - ** 5059 ** 507000 , 1 , 5059
16:43:23.682 [main] INFO  c.c.app.process.impl.Search2Impl.fillDetail  266 - ** 5060 ** 507000 , 1 , 5060
16:43:23.682 [main] INFO  c.c.app.process.impl.Search2Impl.searchAll  379 -  SEARCHING 507000 TOGGLE 2 ITEM FOUND 5059
16:43:23.682 [main] INFO  c.c.app.process.impl.Search2Impl.fillDetail  266 - ** 5061 ** 507300 , 1 , 5061
16:43:23.682 [main] INFO  c.c.app.process.impl.Search2Impl.fillDetail  266 - ** 5062 ** 507300 , 1 , 5062
16:43:23.682 [main] INFO  c.c.app.process.impl.Search2Impl.fillDetail  266 - ** 5063 ** 507300 , 1 , 5063
16:43:23.682 [main] INFO  c.c.app.process.impl.Search2Impl.searchAll  379 -  SEARCHING 507300 TOGGLE 3 ITEM FOUND 5062
16:43:23.682 [main] INFO  c.c.app.process.impl.Search2Impl.fillDetail  266 - ** 5064 ** 507700 , 1 , 5064
16:43:23.682 [main] INFO  c.c.app.process.impl.Search2Impl.fillDetail  266 - ** 5065 ** 507700 , 1 , 5065
16:43:23.682 [main] INFO  c.c.app.process.impl.Search2Impl.fillDetail  266 - ** 5066 ** 507700 , 1 , 5066
16:43:23.682 [main] INFO  c.c.app.process.impl.Search2Impl.fillDetail  266 - ** 5067 ** 507700 , 1 , 5067
16:43:23.682 [main] INFO  c.c.app.process.impl.Search2Impl.searchAll  379 -  SEARCHING 507700 TOGGLE 4 ITEM FOUND 5065
16:43:23.682 [main] INFO  c.c.app.process.impl.Search2Impl.fillDetail  266 - ** 5068 ** 508200 , 1 , 5068
16:43:23.682 [main] INFO  c.c.app.process.impl.Search2Impl.fillDetail  266 - ** 5069 ** 508200 , 1 , 5069
16:43:23.682 [main] INFO  c.c.app.process.impl.Search2Impl.fillDetail  266 - ** 5070 ** 508200 , 1 , 5070
16:43:23.682 [main] INFO  c.c.app.process.impl.Search2Impl.fillDetail  266 - ** 5071 ** 508200 , 1 , 5071
16:43:23.682 [main] INFO  c.c.app.process.impl.Search2Impl.fillDetail  266 - ** 5072 ** 508200 , 1 , 5072
16:43:23.682 [main] INFO  c.c.app.process.impl.Search2Impl.searchAll  379 -  SEARCHING 508200 TOGGLE 5 ITEM FOUND 5071
16:43:23.682 [main] INFO  c.c.app.process.impl.Search2Impl.fillDetail  266 - ** 5073 ** 508800 , 1 , 5073
16:43:23.682 [main] INFO  c.c.app.process.impl.Search2Impl.fillDetail  266 - ** 5074 ** 508800 , 1 , 5074
16:43:23.682 [main] INFO  c.c.app.process.impl.Search2Impl.fillDetail  266 - ** 5075 ** 508800 , 1 , 5075
16:43:23.682 [main] INFO  c.c.app.process.impl.Search2Impl.fillDetail  266 - ** 5076 ** 508800 , 1 , 5076
16:43:23.682 [main] INFO  c.c.app.process.impl.Search2Impl.fillDetail  266 - ** 5077 ** 508800 , 1 , 5077
16:43:23.682 [main] INFO  c.c.app.process.impl.Search2Impl.fillDetail  266 - ** 5078 ** 508800 , 1 , 5078
16:43:23.683 [main] INFO  c.c.app.process.impl.Search2Impl.searchAll  379 -  SEARCHING 508800 TOGGLE 6 ITEM FOUND 5076
16:43:23.683 [main] INFO  c.c.app.process.impl.Search2Impl.fillDetail  266 - ** 5079 ** 509000 , 1 , 5079
16:43:23.683 [main] INFO  c.c.app.process.impl.Search2Impl.fillDetail  266 - ** 5080 ** 509000 , 1 , 5080
16:43:23.683 [main] INFO  c.c.app.process.impl.Search2Impl.searchAll  379 -  SEARCHING 509000 TOGGLE 2 ITEM FOUND 5079
16:43:23.683 [main] INFO  c.c.app.process.impl.Search2Impl.fillDetail  266 - ** 5081 ** 509300 , 1 , 5081
16:43:23.683 [main] INFO  c.c.app.process.impl.Search2Impl.fillDetail  266 - ** 5082 ** 509300 , 1 , 5082
16:43:23.683 [main] INFO  c.c.app.process.impl.Search2Impl.fillDetail  266 - ** 5083 ** 509300 , 1 , 5083
16:43:23.683 [main] INFO  c.c.app.process.impl.Search2Impl.searchAll  379 -  SEARCHING 509300 TOGGLE 3 ITEM FOUND 5082
16:43:23.683 [main] INFO  c.c.app.process.impl.Search2Impl.fillDetail  266 - ** 5084 ** 509700 , 1 , 5084
16:43:23.683 [main] INFO  c.c.app.process.impl.Search2Impl.fillDetail  266 - ** 5085 ** 509700 , 1 , 5085
16:43:23.683 [main] INFO  c.c.app.process.impl.Search2Impl.fillDetail  266 - ** 5086 ** 509700 , 1 , 5086
16:43:23.683 [main] INFO  c.c.app.process.impl.Search2Impl.fillDetail  266 - ** 5087 ** 509700 , 1 , 5087
16:43:23.683 [main] INFO  c.c.app.process.impl.Search2Impl.searchAll  379 -  SEARCHING 509700 TOGGLE 4 ITEM FOUND 5085
16:43:23.683 [main] INFO  c.c.app.process.impl.Search2Impl.fillDetail  266 - ** 5088 ** 510200 , 1 , 5088
16:43:23.683 [main] INFO  c.c.app.process.impl.Search2Impl.fillDetail  266 - ** 5089 ** 510200 , 1 , 5089
16:43:23.683 [main] INFO  c.c.app.process.impl.Search2Impl.fillDetail  266 - ** 5090 ** 510200 , 1 , 5090
16:43:23.684 [main] INFO  c.c.app.process.impl.Search2Impl.fillDetail  266 - ** 5091 ** 510200 , 1 , 5091
16:43:23.684 [main] INFO  c.c.app.process.impl.Search2Impl.fillDetail  266 - ** 5092 ** 510200 , 1 , 5092
16:43:23.684 [main] INFO  c.c.app.process.impl.Search2Impl.searchAll  379 -  SEARCHING 510200 TOGGLE 5 ITEM FOUND 5088
16:43:23.684 [main] INFO  c.c.app.process.impl.Search2Impl.fillDetail  266 - ** 5093 ** 510800 , 1 , 5093
16:43:23.684 [main] INFO  c.c.app.process.impl.Search2Impl.fillDetail  266 - ** 5094 ** 510800 , 1 , 5094
16:43:23.684 [main] INFO  c.c.app.process.impl.Search2Impl.fillDetail  266 - ** 5095 ** 510800 , 1 , 5095
16:43:23.684 [main] INFO  c.c.app.process.impl.Search2Impl.fillDetail  266 - ** 5096 ** 510800 , 1 , 5096
16:43:23.684 [main] INFO  c.c.app.process.impl.Search2Impl.fillDetail  266 - ** 5097 ** 510800 , 1 , 5097
16:43:23.684 [main] INFO  c.c.app.process.impl.Search2Impl.fillDetail  266 - ** 5098 ** 510800 , 1 , 5098
16:43:23.684 [main] INFO  c.c.app.process.impl.Search2Impl.searchAll  379 -  SEARCHING 510800 TOGGLE 6 ITEM FOUND 5094
16:43:23.684 [main] INFO  c.c.app.process.impl.Search2Impl.fillDetail  266 - ** 5099 ** 511000 , 1 , 5099
16:43:23.684 [main] INFO  c.c.app.process.impl.Search2Impl.fillDetail  266 - ** 5100 ** 511000 , 1 , 5100
16:43:23.684 [main] INFO  c.c.app.process.impl.Search2Impl.searchAll  379 -  SEARCHING 511000 TOGGLE 2 ITEM FOUND 5099
16:43:23.684 [main] INFO  c.c.app.process.impl.Search2Impl.fillDetail  266 - ** 5101 ** 511300 , 1 , 5101
16:43:23.684 [main] INFO  c.c.app.process.impl.Search2Impl.fillDetail  266 - ** 5102 ** 511300 , 1 , 5102
16:43:23.684 [main] INFO  c.c.app.process.impl.Search2Impl.fillDetail  266 - ** 5103 ** 511300 , 1 , 5103
16:43:23.684 [main] INFO  c.c.app.process.impl.Search2Impl.searchAll  379 -  SEARCHING 511300 TOGGLE 3 ITEM FOUND 5102
16:43:23.684 [main] INFO  c.c.app.process.impl.Search2Impl.fillDetail  266 - ** 5104 ** 511700 , 1 , 5104
16:43:23.684 [main] INFO  c.c.app.process.impl.Search2Impl.fillDetail  266 - ** 5105 ** 511700 , 1 , 5105
16:43:23.684 [main] INFO  c.c.app.process.impl.Search2Impl.fillDetail  266 - ** 5106 ** 511700 , 1 , 5106
16:43:23.685 [main] INFO  c.c.app.process.impl.Search2Impl.fillDetail  266 - ** 5107 ** 511700 , 1 , 5107
16:43:23.685 [main] INFO  c.c.app.process.impl.Search2Impl.searchAll  379 -  SEARCHING 511700 TOGGLE 4 ITEM FOUND 5105
16:43:23.685 [main] INFO  c.c.app.process.impl.Search2Impl.fillDetail  266 - ** 5108 ** 512200 , 1 , 5108
16:43:23.685 [main] INFO  c.c.app.process.impl.Search2Impl.fillDetail  266 - ** 5109 ** 512200 , 1 , 5109
16:43:23.685 [main] INFO  c.c.app.process.impl.Search2Impl.fillDetail  266 - ** 5110 ** 512200 , 1 , 5110
16:43:23.685 [main] INFO  c.c.app.process.impl.Search2Impl.fillDetail  266 - ** 5111 ** 512200 , 1 , 5111
16:43:23.685 [main] INFO  c.c.app.process.impl.Search2Impl.fillDetail  266 - ** 5112 ** 512200 , 1 , 5112
16:43:23.685 [main] INFO  c.c.app.process.impl.Search2Impl.searchAll  379 -  SEARCHING 512200 TOGGLE 5 ITEM FOUND 5111
16:43:23.685 [main] INFO  c.c.app.process.impl.Search2Impl.fillDetail  266 - ** 5113 ** 512800 , 1 , 5113
16:43:23.685 [main] INFO  c.c.app.process.impl.Search2Impl.fillDetail  266 - ** 5114 ** 512800 , 1 , 5114
16:43:23.685 [main] INFO  c.c.app.process.impl.Search2Impl.fillDetail  266 - ** 5115 ** 512800 , 1 , 5115
16:43:23.685 [main] INFO  c.c.app.process.impl.Search2Impl.fillDetail  266 - ** 5116 ** 512800 , 1 , 5116
16:43:23.685 [main] INFO  c.c.app.process.impl.Search2Impl.fillDetail  266 - ** 5117 ** 512800 , 1 , 5117
16:43:23.685 [main] INFO  c.c.app.process.impl.Search2Impl.fillDetail  266 - ** 5118 ** 512800 , 1 , 5118
16:43:23.685 [main] INFO  c.c.app.process.impl.Search2Impl.searchAll  379 -  SEARCHING 512800 TOGGLE 6 ITEM FOUND 5117
16:43:23.685 [main] INFO  c.c.app.process.impl.Search2Impl.fillDetail  266 - ** 5119 ** 513000 , 1 , 5119
16:43:23.685 [main] INFO  c.c.app.process.impl.Search2Impl.fillDetail  266 - ** 5120 ** 513000 , 1 , 5120
16:43:23.685 [main] INFO  c.c.app.process.impl.Search2Impl.searchAll  379 -  SEARCHING 513000 TOGGLE 2 ITEM FOUND 5119
16:43:23.685 [main] INFO  c.c.app.process.impl.Search2Impl.fillDetail  266 - ** 5121 ** 513300 , 1 , 5121
16:43:23.685 [main] INFO  c.c.app.process.impl.Search2Impl.fillDetail  266 - ** 5122 ** 513300 , 1 , 5122
16:43:23.686 [main] INFO  c.c.app.process.impl.Search2Impl.fillDetail  266 - ** 5123 ** 513300 , 1 , 5123
16:43:23.686 [main] INFO  c.c.app.process.impl.Search2Impl.searchAll  379 -  SEARCHING 513300 TOGGLE 3 ITEM FOUND 5122
16:43:23.686 [main] INFO  c.c.app.process.impl.Search2Impl.fillDetail  266 - ** 5124 ** 513700 , 1 , 5124
16:43:23.686 [main] INFO  c.c.app.process.impl.Search2Impl.fillDetail  266 - ** 5125 ** 513700 , 1 , 5125
16:43:23.686 [main] INFO  c.c.app.process.impl.Search2Impl.fillDetail  266 - ** 5126 ** 513700 , 1 , 5126
16:43:23.686 [main] INFO  c.c.app.process.impl.Search2Impl.fillDetail  266 - ** 5127 ** 513700 , 1 , 5127
16:43:23.686 [main] INFO  c.c.app.process.impl.Search2Impl.searchAll  379 -  SEARCHING 513700 TOGGLE 4 ITEM FOUND 5125
16:43:23.686 [main] INFO  c.c.app.process.impl.Search2Impl.fillDetail  266 - ** 5128 ** 514200 , 1 , 5128
16:43:23.686 [main] INFO  c.c.app.process.impl.Search2Impl.fillDetail  266 - ** 5129 ** 514200 , 1 , 5129
16:43:23.686 [main] INFO  c.c.app.process.impl.Search2Impl.fillDetail  266 - ** 5130 ** 514200 , 1 , 5130
16:43:23.686 [main] INFO  c.c.app.process.impl.Search2Impl.fillDetail  266 - ** 5131 ** 514200 , 1 , 5131
16:43:23.686 [main] INFO  c.c.app.process.impl.Search2Impl.fillDetail  266 - ** 5132 ** 514200 , 1 , 5132
16:43:23.687 [main] INFO  c.c.app.process.impl.Search2Impl.searchAll  379 -  SEARCHING 514200 TOGGLE 5 ITEM FOUND 5128
16:43:23.687 [main] INFO  c.c.app.process.impl.Search2Impl.fillDetail  266 - ** 5133 ** 514800 , 1 , 5133
16:43:23.687 [main] INFO  c.c.app.process.impl.Search2Impl.fillDetail  266 - ** 5134 ** 514800 , 1 , 5134
16:43:23.687 [main] INFO  c.c.app.process.impl.Search2Impl.fillDetail  266 - ** 5135 ** 514800 , 1 , 5135
16:43:23.687 [main] INFO  c.c.app.process.impl.Search2Impl.fillDetail  266 - ** 5136 ** 514800 , 1 , 5136
16:43:23.687 [main] INFO  c.c.app.process.impl.Search2Impl.fillDetail  266 - ** 5137 ** 514800 , 1 , 5137
16:43:23.687 [main] INFO  c.c.app.process.impl.Search2Impl.fillDetail  266 - ** 5138 ** 514800 , 1 , 5138
16:43:23.687 [main] INFO  c.c.app.process.impl.Search2Impl.searchAll  379 -  SEARCHING 514800 TOGGLE 6 ITEM FOUND 5134
16:43:23.687 [main] INFO  c.c.app.process.impl.Search2Impl.fillDetail  266 - ** 5139 ** 515000 , 1 , 5139
16:43:23.687 [main] INFO  c.c.app.process.impl.Search2Impl.fillDetail  266 - ** 5140 ** 515000 , 1 , 5140
16:43:23.687 [main] INFO  c.c.app.process.impl.Search2Impl.searchAll  379 -  SEARCHING 515000 TOGGLE 2 ITEM FOUND 5140
16:43:23.687 [main] INFO  c.c.app.process.impl.Search2Impl.fillDetail  266 - ** 5141 ** 515300 , 1 , 5141
16:43:23.688 [main] INFO  c.c.app.process.impl.Search2Impl.fillDetail  266 - ** 5142 ** 515300 , 1 , 5142
16:43:23.688 [main] INFO  c.c.app.process.impl.Search2Impl.fillDetail  266 - ** 5143 ** 515300 , 1 , 5143
16:43:23.688 [main] INFO  c.c.app.process.impl.Search2Impl.searchAll  379 -  SEARCHING 515300 TOGGLE 3 ITEM FOUND 5143
16:43:23.688 [main] INFO  c.c.app.process.impl.Search2Impl.fillDetail  266 - ** 5144 ** 515700 , 1 , 5144
16:43:23.688 [main] INFO  c.c.app.process.impl.Search2Impl.fillDetail  266 - ** 5145 ** 515700 , 1 , 5145
16:43:23.688 [main] INFO  c.c.app.process.impl.Search2Impl.fillDetail  266 - ** 5146 ** 515700 , 1 , 5146
16:43:23.688 [main] INFO  c.c.app.process.impl.Search2Impl.fillDetail  266 - ** 5147 ** 515700 , 1 , 5147
16:43:23.688 [main] INFO  c.c.app.process.impl.Search2Impl.searchAll  379 -  SEARCHING 515700 TOGGLE 4 ITEM FOUND 5146
16:43:23.688 [main] INFO  c.c.app.process.impl.Search2Impl.fillDetail  266 - ** 5148 ** 516200 , 1 , 5148
16:43:23.688 [main] INFO  c.c.app.process.impl.Search2Impl.fillDetail  266 - ** 5149 ** 516200 , 1 , 5149
16:43:23.688 [main] INFO  c.c.app.process.impl.Search2Impl.fillDetail  266 - ** 5150 ** 516200 , 1 , 5150
16:43:23.688 [main] INFO  c.c.app.process.impl.Search2Impl.fillDetail  266 - ** 5151 ** 516200 , 1 , 5151
16:43:23.688 [main] INFO  c.c.app.process.impl.Search2Impl.fillDetail  266 - ** 5152 ** 516200 , 1 , 5152
16:43:23.689 [main] INFO  c.c.app.process.impl.Search2Impl.searchAll  379 -  SEARCHING 516200 TOGGLE 5 ITEM FOUND 5152
16:43:23.689 [main] INFO  c.c.app.process.impl.Search2Impl.fillDetail  266 - ** 5153 ** 516800 , 1 , 5153
16:43:23.689 [main] INFO  c.c.app.process.impl.Search2Impl.fillDetail  266 - ** 5154 ** 516800 , 1 , 5154
16:43:23.689 [main] INFO  c.c.app.process.impl.Search2Impl.fillDetail  266 - ** 5155 ** 516800 , 1 , 5155
16:43:23.689 [main] INFO  c.c.app.process.impl.Search2Impl.fillDetail  266 - ** 5156 ** 516800 , 1 , 5156
16:43:23.689 [main] INFO  c.c.app.process.impl.Search2Impl.fillDetail  266 - ** 5157 ** 516800 , 1 , 5157
16:43:23.689 [main] INFO  c.c.app.process.impl.Search2Impl.fillDetail  266 - ** 5158 ** 516800 , 1 , 5158
16:43:23.689 [main] INFO  c.c.app.process.impl.Search2Impl.searchAll  379 -  SEARCHING 516800 TOGGLE 6 ITEM FOUND 5158
16:43:23.689 [main] INFO  c.c.app.process.impl.Search2Impl.fillDetail  266 - ** 5159 ** 517000 , 1 , 5159
16:43:23.689 [main] INFO  c.c.app.process.impl.Search2Impl.fillDetail  266 - ** 5160 ** 517000 , 1 , 5160
16:43:23.689 [main] INFO  c.c.app.process.impl.Search2Impl.searchAll  379 -  SEARCHING 517000 TOGGLE 2 ITEM FOUND 5159
16:43:23.689 [main] INFO  c.c.app.process.impl.Search2Impl.fillDetail  266 - ** 5161 ** 517300 , 1 , 5161
16:43:23.689 [main] INFO  c.c.app.process.impl.Search2Impl.fillDetail  266 - ** 5162 ** 517300 , 1 , 5162
16:43:23.689 [main] INFO  c.c.app.process.impl.Search2Impl.fillDetail  266 - ** 5163 ** 517300 , 1 , 5163
16:43:23.690 [main] INFO  c.c.app.process.impl.Search2Impl.searchAll  379 -  SEARCHING 517300 TOGGLE 3 ITEM FOUND 5161
16:43:23.690 [main] INFO  c.c.app.process.impl.Search2Impl.fillDetail  266 - ** 5164 ** 517700 , 1 , 5164
16:43:23.690 [main] INFO  c.c.app.process.impl.Search2Impl.fillDetail  266 - ** 5165 ** 517700 , 1 , 5165
16:43:23.690 [main] INFO  c.c.app.process.impl.Search2Impl.fillDetail  266 - ** 5166 ** 517700 , 1 , 5166
16:43:23.690 [main] INFO  c.c.app.process.impl.Search2Impl.fillDetail  266 - ** 5167 ** 517700 , 1 , 5167
16:43:23.690 [main] INFO  c.c.app.process.impl.Search2Impl.searchAll  379 -  SEARCHING 517700 TOGGLE 4 ITEM FOUND 5164
16:43:23.690 [main] INFO  c.c.app.process.impl.Search2Impl.fillDetail  266 - ** 5168 ** 518200 , 1 , 5168
16:43:23.690 [main] INFO  c.c.app.process.impl.Search2Impl.fillDetail  266 - ** 5169 ** 518200 , 1 , 5169
16:43:23.690 [main] INFO  c.c.app.process.impl.Search2Impl.fillDetail  266 - ** 5170 ** 518200 , 1 , 5170
16:43:23.690 [main] INFO  c.c.app.process.impl.Search2Impl.fillDetail  266 - ** 5171 ** 518200 , 1 , 5171
16:43:23.690 [main] INFO  c.c.app.process.impl.Search2Impl.fillDetail  266 - ** 5172 ** 518200 , 1 , 5172
16:43:23.690 [main] INFO  c.c.app.process.impl.Search2Impl.searchAll  379 -  SEARCHING 518200 TOGGLE 5 ITEM FOUND 5169
16:43:23.691 [main] INFO  c.c.app.process.impl.Search2Impl.fillDetail  266 - ** 5173 ** 518800 , 1 , 5173
16:43:23.691 [main] INFO  c.c.app.process.impl.Search2Impl.fillDetail  266 - ** 5174 ** 518800 , 1 , 5174
16:43:23.691 [main] INFO  c.c.app.process.impl.Search2Impl.fillDetail  266 - ** 5175 ** 518800 , 1 , 5175
16:43:23.691 [main] INFO  c.c.app.process.impl.Search2Impl.fillDetail  266 - ** 5176 ** 518800 , 1 , 5176
16:43:23.691 [main] INFO  c.c.app.process.impl.Search2Impl.fillDetail  266 - ** 5177 ** 518800 , 1 , 5177
16:43:23.691 [main] INFO  c.c.app.process.impl.Search2Impl.fillDetail  266 - ** 5178 ** 518800 , 1 , 5178
16:43:23.691 [main] INFO  c.c.app.process.impl.Search2Impl.searchAll  379 -  SEARCHING 518800 TOGGLE 6 ITEM FOUND 5175
16:43:23.691 [main] INFO  c.c.app.process.impl.Search2Impl.fillDetail  266 - ** 5179 ** 519000 , 1 , 5179
16:43:23.691 [main] INFO  c.c.app.process.impl.Search2Impl.fillDetail  266 - ** 5180 ** 519000 , 1 , 5180
16:43:23.691 [main] INFO  c.c.app.process.impl.Search2Impl.searchAll  379 -  SEARCHING 519000 TOGGLE 2 ITEM FOUND 5179
16:43:23.691 [main] INFO  c.c.app.process.impl.Search2Impl.fillDetail  266 - ** 5181 ** 519300 , 1 , 5181
16:43:23.691 [main] INFO  c.c.app.process.impl.Search2Impl.fillDetail  266 - ** 5182 ** 519300 , 1 , 5182
16:43:23.691 [main] INFO  c.c.app.process.impl.Search2Impl.fillDetail  266 - ** 5183 ** 519300 , 1 , 5183
16:43:23.692 [main] INFO  c.c.app.process.impl.Search2Impl.searchAll  379 -  SEARCHING 519300 TOGGLE 3 ITEM FOUND 5181
16:43:23.692 [main] INFO  c.c.app.process.impl.Search2Impl.fillDetail  266 - ** 5184 ** 519700 , 1 , 5184
16:43:23.692 [main] INFO  c.c.app.process.impl.Search2Impl.fillDetail  266 - ** 5185 ** 519700 , 1 , 5185
16:43:23.692 [main] INFO  c.c.app.process.impl.Search2Impl.fillDetail  266 - ** 5186 ** 519700 , 1 , 5186
16:43:23.692 [main] INFO  c.c.app.process.impl.Search2Impl.fillDetail  266 - ** 5187 ** 519700 , 1 , 5187
16:43:23.692 [main] INFO  c.c.app.process.impl.Search2Impl.searchAll  379 -  SEARCHING 519700 TOGGLE 4 ITEM FOUND 5187
16:43:23.692 [main] INFO  c.c.app.process.impl.Search2Impl.fillDetail  266 - ** 5188 ** 520200 , 1 , 5188
16:43:23.692 [main] INFO  c.c.app.process.impl.Search2Impl.fillDetail  266 - ** 5189 ** 520200 , 1 , 5189
16:43:23.692 [main] INFO  c.c.app.process.impl.Search2Impl.fillDetail  266 - ** 5190 ** 520200 , 1 , 5190
16:43:23.692 [main] INFO  c.c.app.process.impl.Search2Impl.fillDetail  266 - ** 5191 ** 520200 , 1 , 5191
16:43:23.692 [main] INFO  c.c.app.process.impl.Search2Impl.fillDetail  266 - ** 5192 ** 520200 , 1 , 5192
16:43:23.692 [main] INFO  c.c.app.process.impl.Search2Impl.searchAll  379 -  SEARCHING 520200 TOGGLE 5 ITEM FOUND 5192
16:43:23.692 [main] INFO  c.c.app.process.impl.Search2Impl.fillDetail  266 - ** 5193 ** 520800 , 1 , 5193
16:43:23.693 [main] INFO  c.c.app.process.impl.Search2Impl.fillDetail  266 - ** 5194 ** 520800 , 1 , 5194
16:43:23.693 [main] INFO  c.c.app.process.impl.Search2Impl.fillDetail  266 - ** 5195 ** 520800 , 1 , 5195
16:43:23.693 [main] INFO  c.c.app.process.impl.Search2Impl.fillDetail  266 - ** 5196 ** 520800 , 1 , 5196
16:43:23.693 [main] INFO  c.c.app.process.impl.Search2Impl.fillDetail  266 - ** 5197 ** 520800 , 1 , 5197
16:43:23.693 [main] INFO  c.c.app.process.impl.Search2Impl.fillDetail  266 - ** 5198 ** 520800 , 1 , 5198
16:43:23.693 [main] INFO  c.c.app.process.impl.Search2Impl.searchAll  379 -  SEARCHING 520800 TOGGLE 6 ITEM FOUND 5198
16:43:23.693 [main] INFO  c.c.app.process.impl.Search2Impl.fillDetail  266 - ** 5199 ** 521000 , 1 , 5199
16:43:23.693 [main] INFO  c.c.app.process.impl.Search2Impl.fillDetail  266 - ** 5200 ** 521000 , 1 , 5200
16:43:23.693 [main] INFO  c.c.app.process.impl.Search2Impl.searchAll  379 -  SEARCHING 521000 TOGGLE 2 ITEM FOUND 5199
16:43:23.693 [main] INFO  c.c.app.process.impl.Search2Impl.fillDetail  266 - ** 5201 ** 521300 , 1 , 5201
16:43:23.693 [main] INFO  c.c.app.process.impl.Search2Impl.fillDetail  266 - ** 5202 ** 521300 , 1 , 5202
16:43:23.693 [main] INFO  c.c.app.process.impl.Search2Impl.fillDetail  266 - ** 5203 ** 521300 , 1 , 5203
16:43:23.693 [main] INFO  c.c.app.process.impl.Search2Impl.searchAll  379 -  SEARCHING 521300 TOGGLE 3 ITEM FOUND 5201
16:43:23.694 [main] INFO  c.c.app.process.impl.Search2Impl.fillDetail  266 - ** 5204 ** 521700 , 1 , 5204
16:43:23.694 [main] INFO  c.c.app.process.impl.Search2Impl.fillDetail  266 - ** 5205 ** 521700 , 1 , 5205
16:43:23.694 [main] INFO  c.c.app.process.impl.Search2Impl.fillDetail  266 - ** 5206 ** 521700 , 1 , 5206
16:43:23.694 [main] INFO  c.c.app.process.impl.Search2Impl.fillDetail  266 - ** 5207 ** 521700 , 1 , 5207
16:43:23.694 [main] INFO  c.c.app.process.impl.Search2Impl.searchAll  379 -  SEARCHING 521700 TOGGLE 4 ITEM FOUND 5204
16:43:23.694 [main] INFO  c.c.app.process.impl.Search2Impl.fillDetail  266 - ** 5208 ** 522200 , 1 , 5208
16:43:23.694 [main] INFO  c.c.app.process.impl.Search2Impl.fillDetail  266 - ** 5209 ** 522200 , 1 , 5209
16:43:23.694 [main] INFO  c.c.app.process.impl.Search2Impl.fillDetail  266 - ** 5210 ** 522200 , 1 , 5210
16:43:23.694 [main] INFO  c.c.app.process.impl.Search2Impl.fillDetail  266 - ** 5211 ** 522200 , 1 , 5211
16:43:23.694 [main] INFO  c.c.app.process.impl.Search2Impl.fillDetail  266 - ** 5212 ** 522200 , 1 , 5212
16:43:23.694 [main] INFO  c.c.app.process.impl.Search2Impl.searchAll  379 -  SEARCHING 522200 TOGGLE 5 ITEM FOUND 5210
16:43:23.694 [main] INFO  c.c.app.process.impl.Search2Impl.fillDetail  266 - ** 5213 ** 522800 , 1 , 5213
16:43:23.694 [main] INFO  c.c.app.process.impl.Search2Impl.fillDetail  266 - ** 5214 ** 522800 , 1 , 5214
16:43:23.695 [main] INFO  c.c.app.process.impl.Search2Impl.fillDetail  266 - ** 5215 ** 522800 , 1 , 5215
16:43:23.695 [main] INFO  c.c.app.process.impl.Search2Impl.fillDetail  266 - ** 5216 ** 522800 , 1 , 5216
16:43:23.695 [main] INFO  c.c.app.process.impl.Search2Impl.fillDetail  266 - ** 5217 ** 522800 , 1 , 5217
16:43:23.695 [main] INFO  c.c.app.process.impl.Search2Impl.fillDetail  266 - ** 5218 ** 522800 , 1 , 5218
16:43:23.695 [main] INFO  c.c.app.process.impl.Search2Impl.searchAll  379 -  SEARCHING 522800 TOGGLE 6 ITEM FOUND 5215
16:43:23.695 [main] INFO  c.c.app.process.impl.Search2Impl.fillDetail  266 - ** 5219 ** 523000 , 1 , 5219
16:43:23.695 [main] INFO  c.c.app.process.impl.Search2Impl.fillDetail  266 - ** 5220 ** 523000 , 1 , 5220
16:43:23.695 [main] INFO  c.c.app.process.impl.Search2Impl.searchAll  379 -  SEARCHING 523000 TOGGLE 2 ITEM FOUND 5219
16:43:23.695 [main] INFO  c.c.app.process.impl.Search2Impl.fillDetail  266 - ** 5221 ** 523300 , 1 , 5221
16:43:23.695 [main] INFO  c.c.app.process.impl.Search2Impl.fillDetail  266 - ** 5222 ** 523300 , 1 , 5222
16:43:23.695 [main] INFO  c.c.app.process.impl.Search2Impl.fillDetail  266 - ** 5223 ** 523300 , 1 , 5223
16:43:23.695 [main] INFO  c.c.app.process.impl.Search2Impl.searchAll  379 -  SEARCHING 523300 TOGGLE 3 ITEM FOUND 5221
16:43:23.695 [main] INFO  c.c.app.process.impl.Search2Impl.fillDetail  266 - ** 5224 ** 523700 , 1 , 5224
16:43:23.696 [main] INFO  c.c.app.process.impl.Search2Impl.fillDetail  266 - ** 5225 ** 523700 , 1 , 5225
16:43:23.696 [main] INFO  c.c.app.process.impl.Search2Impl.fillDetail  266 - ** 5226 ** 523700 , 1 , 5226
16:43:23.696 [main] INFO  c.c.app.process.impl.Search2Impl.fillDetail  266 - ** 5227 ** 523700 , 1 , 5227
16:43:23.696 [main] INFO  c.c.app.process.impl.Search2Impl.searchAll  379 -  SEARCHING 523700 TOGGLE 4 ITEM FOUND 5227
16:43:23.696 [main] INFO  c.c.app.process.impl.Search2Impl.fillDetail  266 - ** 5228 ** 524200 , 1 , 5228
16:43:23.696 [main] INFO  c.c.app.process.impl.Search2Impl.fillDetail  266 - ** 5229 ** 524200 , 1 , 5229
16:43:23.696 [main] INFO  c.c.app.process.impl.Search2Impl.fillDetail  266 - ** 5230 ** 524200 , 1 , 5230
16:43:23.696 [main] INFO  c.c.app.process.impl.Search2Impl.fillDetail  266 - ** 5231 ** 524200 , 1 , 5231
16:43:23.696 [main] INFO  c.c.app.process.impl.Search2Impl.fillDetail  266 - ** 5232 ** 524200 , 1 , 5232
16:43:23.696 [main] INFO  c.c.app.process.impl.Search2Impl.searchAll  379 -  SEARCHING 524200 TOGGLE 5 ITEM FOUND 5230
16:43:23.696 [main] INFO  c.c.app.process.impl.Search2Impl.fillDetail  266 - ** 5233 ** 524800 , 1 , 5233
16:43:23.696 [main] INFO  c.c.app.process.impl.Search2Impl.fillDetail  266 - ** 5234 ** 524800 , 1 , 5234
16:43:23.697 [main] INFO  c.c.app.process.impl.Search2Impl.fillDetail  266 - ** 5235 ** 524800 , 1 , 5235
16:43:23.697 [main] INFO  c.c.app.process.impl.Search2Impl.fillDetail  266 - ** 5236 ** 524800 , 1 , 5236
16:43:23.697 [main] INFO  c.c.app.process.impl.Search2Impl.fillDetail  266 - ** 5237 ** 524800 , 1 , 5237
16:43:23.697 [main] INFO  c.c.app.process.impl.Search2Impl.fillDetail  266 - ** 5238 ** 524800 , 1 , 5238
16:43:23.697 [main] INFO  c.c.app.process.impl.Search2Impl.searchAll  379 -  SEARCHING 524800 TOGGLE 6 ITEM FOUND 5233
16:43:23.697 [main] INFO  c.c.app.process.impl.Search2Impl.fillDetail  266 - ** 5239 ** 525000 , 1 , 5239
16:43:23.697 [main] INFO  c.c.app.process.impl.Search2Impl.fillDetail  266 - ** 5240 ** 525000 , 1 , 5240
16:43:23.697 [main] INFO  c.c.app.process.impl.Search2Impl.searchAll  379 -  SEARCHING 525000 TOGGLE 2 ITEM FOUND 5239
16:43:23.697 [main] INFO  c.c.app.process.impl.Search2Impl.fillDetail  266 - ** 5241 ** 525300 , 1 , 5241
16:43:23.697 [main] INFO  c.c.app.process.impl.Search2Impl.fillDetail  266 - ** 5242 ** 525300 , 1 , 5242
16:43:23.697 [main] INFO  c.c.app.process.impl.Search2Impl.fillDetail  266 - ** 5243 ** 525300 , 1 , 5243
16:43:23.697 [main] INFO  c.c.app.process.impl.Search2Impl.searchAll  379 -  SEARCHING 525300 TOGGLE 3 ITEM FOUND 5241
16:43:23.697 [main] INFO  c.c.app.process.impl.Search2Impl.fillDetail  266 - ** 5244 ** 525700 , 1 , 5244
16:43:23.698 [main] INFO  c.c.app.process.impl.Search2Impl.fillDetail  266 - ** 5245 ** 525700 , 1 , 5245
16:43:23.698 [main] INFO  c.c.app.process.impl.Search2Impl.fillDetail  266 - ** 5246 ** 525700 , 1 , 5246
16:43:23.698 [main] INFO  c.c.app.process.impl.Search2Impl.fillDetail  266 - ** 5247 ** 525700 , 1 , 5247
16:43:23.698 [main] INFO  c.c.app.process.impl.Search2Impl.searchAll  379 -  SEARCHING 525700 TOGGLE 4 ITEM FOUND 5244
16:43:23.698 [main] INFO  c.c.app.process.impl.Search2Impl.fillDetail  266 - ** 5248 ** 526200 , 1 , 5248
16:43:23.698 [main] INFO  c.c.app.process.impl.Search2Impl.fillDetail  266 - ** 5249 ** 526200 , 1 , 5249
16:43:23.698 [main] INFO  c.c.app.process.impl.Search2Impl.fillDetail  266 - ** 5250 ** 526200 , 1 , 5250
16:43:23.698 [main] INFO  c.c.app.process.impl.Search2Impl.fillDetail  266 - ** 5251 ** 526200 , 1 , 5251
16:43:23.698 [main] INFO  c.c.app.process.impl.Search2Impl.fillDetail  266 - ** 5252 ** 526200 , 1 , 5252
16:43:23.698 [main] INFO  c.c.app.process.impl.Search2Impl.searchAll  379 -  SEARCHING 526200 TOGGLE 5 ITEM FOUND 5250
16:43:23.698 [main] INFO  c.c.app.process.impl.Search2Impl.fillDetail  266 - ** 5253 ** 526800 , 1 , 5253
16:43:23.698 [main] INFO  c.c.app.process.impl.Search2Impl.fillDetail  266 - ** 5254 ** 526800 , 1 , 5254
16:43:23.698 [main] INFO  c.c.app.process.impl.Search2Impl.fillDetail  266 - ** 5255 ** 526800 , 1 , 5255
16:43:23.699 [main] INFO  c.c.app.process.impl.Search2Impl.fillDetail  266 - ** 5256 ** 526800 , 1 , 5256
16:43:23.699 [main] INFO  c.c.app.process.impl.Search2Impl.fillDetail  266 - ** 5257 ** 526800 , 1 , 5257
16:43:23.699 [main] INFO  c.c.app.process.impl.Search2Impl.fillDetail  266 - ** 5258 ** 526800 , 1 , 5258
16:43:23.699 [main] INFO  c.c.app.process.impl.Search2Impl.searchAll  379 -  SEARCHING 526800 TOGGLE 6 ITEM FOUND 5256
16:43:23.699 [main] INFO  c.c.app.process.impl.Search2Impl.fillDetail  266 - ** 5259 ** 527000 , 1 , 5259
16:43:23.699 [main] INFO  c.c.app.process.impl.Search2Impl.fillDetail  266 - ** 5260 ** 527000 , 1 , 5260
16:43:23.699 [main] INFO  c.c.app.process.impl.Search2Impl.searchAll  379 -  SEARCHING 527000 TOGGLE 2 ITEM FOUND 5259
16:43:23.699 [main] INFO  c.c.app.process.impl.Search2Impl.fillDetail  266 - ** 5261 ** 527300 , 1 , 5261
16:43:23.699 [main] INFO  c.c.app.process.impl.Search2Impl.fillDetail  266 - ** 5262 ** 527300 , 1 , 5262
16:43:23.699 [main] INFO  c.c.app.process.impl.Search2Impl.fillDetail  266 - ** 5263 ** 527300 , 1 , 5263
16:43:23.699 [main] INFO  c.c.app.process.impl.Search2Impl.searchAll  379 -  SEARCHING 527300 TOGGLE 3 ITEM FOUND 5261
16:43:23.699 [main] INFO  c.c.app.process.impl.Search2Impl.fillDetail  266 - ** 5264 ** 527700 , 1 , 5264
16:43:23.699 [main] INFO  c.c.app.process.impl.Search2Impl.fillDetail  266 - ** 5265 ** 527700 , 1 , 5265
16:43:23.700 [main] INFO  c.c.app.process.impl.Search2Impl.fillDetail  266 - ** 5266 ** 527700 , 1 , 5266
16:43:23.700 [main] INFO  c.c.app.process.impl.Search2Impl.fillDetail  266 - ** 5267 ** 527700 , 1 , 5267
16:43:23.700 [main] INFO  c.c.app.process.impl.Search2Impl.searchAll  379 -  SEARCHING 527700 TOGGLE 4 ITEM FOUND 5267
16:43:23.700 [main] INFO  c.c.app.process.impl.Search2Impl.fillDetail  266 - ** 5268 ** 528200 , 1 , 5268
16:43:23.700 [main] INFO  c.c.app.process.impl.Search2Impl.fillDetail  266 - ** 5269 ** 528200 , 1 , 5269
16:43:23.700 [main] INFO  c.c.app.process.impl.Search2Impl.fillDetail  266 - ** 5270 ** 528200 , 1 , 5270
16:43:23.700 [main] INFO  c.c.app.process.impl.Search2Impl.fillDetail  266 - ** 5271 ** 528200 , 1 , 5271
16:43:23.700 [main] INFO  c.c.app.process.impl.Search2Impl.fillDetail  266 - ** 5272 ** 528200 , 1 , 5272
16:43:23.700 [main] INFO  c.c.app.process.impl.Search2Impl.searchAll  379 -  SEARCHING 528200 TOGGLE 5 ITEM FOUND 5270
16:43:23.700 [main] INFO  c.c.app.process.impl.Search2Impl.fillDetail  266 - ** 5273 ** 528800 , 1 , 5273
16:43:23.700 [main] INFO  c.c.app.process.impl.Search2Impl.fillDetail  266 - ** 5274 ** 528800 , 1 , 5274
16:43:23.700 [main] INFO  c.c.app.process.impl.Search2Impl.fillDetail  266 - ** 5275 ** 528800 , 1 , 5275
16:43:23.700 [main] INFO  c.c.app.process.impl.Search2Impl.fillDetail  266 - ** 5276 ** 528800 , 1 , 5276
16:43:23.701 [main] INFO  c.c.app.process.impl.Search2Impl.fillDetail  266 - ** 5277 ** 528800 , 1 , 5277
16:43:23.701 [main] INFO  c.c.app.process.impl.Search2Impl.fillDetail  266 - ** 5278 ** 528800 , 1 , 5278
16:43:23.701 [main] INFO  c.c.app.process.impl.Search2Impl.searchAll  379 -  SEARCHING 528800 TOGGLE 6 ITEM FOUND 5273
16:43:23.701 [main] INFO  c.c.app.process.impl.Search2Impl.fillDetail  266 - ** 5279 ** 529000 , 1 , 5279
16:43:23.701 [main] INFO  c.c.app.process.impl.Search2Impl.fillDetail  266 - ** 5280 ** 529000 , 1 , 5280
16:43:23.701 [main] INFO  c.c.app.process.impl.Search2Impl.searchAll  379 -  SEARCHING 529000 TOGGLE 2 ITEM FOUND 5279
16:43:23.701 [main] INFO  c.c.app.process.impl.Search2Impl.fillDetail  266 - ** 5281 ** 529300 , 1 , 5281
16:43:23.701 [main] INFO  c.c.app.process.impl.Search2Impl.fillDetail  266 - ** 5282 ** 529300 , 1 , 5282
16:43:23.701 [main] INFO  c.c.app.process.impl.Search2Impl.fillDetail  266 - ** 5283 ** 529300 , 1 , 5283
16:43:23.701 [main] INFO  c.c.app.process.impl.Search2Impl.searchAll  379 -  SEARCHING 529300 TOGGLE 3 ITEM FOUND 5281
16:43:23.701 [main] INFO  c.c.app.process.impl.Search2Impl.fillDetail  266 - ** 5284 ** 529700 , 1 , 5284
16:43:23.701 [main] INFO  c.c.app.process.impl.Search2Impl.fillDetail  266 - ** 5285 ** 529700 , 1 , 5285
16:43:23.701 [main] INFO  c.c.app.process.impl.Search2Impl.fillDetail  266 - ** 5286 ** 529700 , 1 , 5286
16:43:23.702 [main] INFO  c.c.app.process.impl.Search2Impl.fillDetail  266 - ** 5287 ** 529700 , 1 , 5287
16:43:23.702 [main] INFO  c.c.app.process.impl.Search2Impl.searchAll  379 -  SEARCHING 529700 TOGGLE 4 ITEM FOUND 5284
16:43:23.702 [main] INFO  c.c.app.process.impl.Search2Impl.fillDetail  266 - ** 5288 ** 530200 , 1 , 5288
16:43:23.702 [main] INFO  c.c.app.process.impl.Search2Impl.fillDetail  266 - ** 5289 ** 530200 , 1 , 5289
16:43:23.702 [main] INFO  c.c.app.process.impl.Search2Impl.fillDetail  266 - ** 5290 ** 530200 , 1 , 5290
16:43:23.702 [main] INFO  c.c.app.process.impl.Search2Impl.fillDetail  266 - ** 5291 ** 530200 , 1 , 5291
16:43:23.702 [main] INFO  c.c.app.process.impl.Search2Impl.fillDetail  266 - ** 5292 ** 530200 , 1 , 5292
16:43:23.702 [main] INFO  c.c.app.process.impl.Search2Impl.searchAll  379 -  SEARCHING 530200 TOGGLE 5 ITEM FOUND 5290
16:43:23.702 [main] INFO  c.c.app.process.impl.Search2Impl.fillDetail  266 - ** 5293 ** 530800 , 1 , 5293
16:43:23.702 [main] INFO  c.c.app.process.impl.Search2Impl.fillDetail  266 - ** 5294 ** 530800 , 1 , 5294
16:43:23.702 [main] INFO  c.c.app.process.impl.Search2Impl.fillDetail  266 - ** 5295 ** 530800 , 1 , 5295
16:43:23.702 [main] INFO  c.c.app.process.impl.Search2Impl.fillDetail  266 - ** 5296 ** 530800 , 1 , 5296
16:43:23.702 [main] INFO  c.c.app.process.impl.Search2Impl.fillDetail  266 - ** 5297 ** 530800 , 1 , 5297
16:43:23.703 [main] INFO  c.c.app.process.impl.Search2Impl.fillDetail  266 - ** 5298 ** 530800 , 1 , 5298
16:43:23.703 [main] INFO  c.c.app.process.impl.Search2Impl.searchAll  379 -  SEARCHING 530800 TOGGLE 6 ITEM FOUND 5296
16:43:23.703 [main] INFO  c.c.app.process.impl.Search2Impl.fillDetail  266 - ** 5299 ** 531000 , 1 , 5299
16:43:23.703 [main] INFO  c.c.app.process.impl.Search2Impl.fillDetail  266 - ** 5300 ** 531000 , 1 , 5300
16:43:23.703 [main] INFO  c.c.app.process.impl.Search2Impl.searchAll  379 -  SEARCHING 531000 TOGGLE 2 ITEM FOUND 5299
16:43:23.703 [main] INFO  c.c.app.process.impl.Search2Impl.fillDetail  266 - ** 5301 ** 531300 , 1 , 5301
16:43:23.703 [main] INFO  c.c.app.process.impl.Search2Impl.fillDetail  266 - ** 5302 ** 531300 , 1 , 5302
16:43:23.703 [main] INFO  c.c.app.process.impl.Search2Impl.fillDetail  266 - ** 5303 ** 531300 , 1 , 5303
16:43:23.703 [main] INFO  c.c.app.process.impl.Search2Impl.searchAll  379 -  SEARCHING 531300 TOGGLE 3 ITEM FOUND 5302
16:43:23.703 [main] INFO  c.c.app.process.impl.Search2Impl.fillDetail  266 - ** 5304 ** 531700 , 1 , 5304
16:43:23.703 [main] INFO  c.c.app.process.impl.Search2Impl.fillDetail  266 - ** 5305 ** 531700 , 1 , 5305
16:43:23.703 [main] INFO  c.c.app.process.impl.Search2Impl.fillDetail  266 - ** 5306 ** 531700 , 1 , 5306
16:43:23.703 [main] INFO  c.c.app.process.impl.Search2Impl.fillDetail  266 - ** 5307 ** 531700 , 1 , 5307
16:43:23.704 [main] INFO  c.c.app.process.impl.Search2Impl.searchAll  379 -  SEARCHING 531700 TOGGLE 4 ITEM FOUND 5307
16:43:23.704 [main] INFO  c.c.app.process.impl.Search2Impl.fillDetail  266 - ** 5308 ** 532200 , 1 , 5308
16:43:23.704 [main] INFO  c.c.app.process.impl.Search2Impl.fillDetail  266 - ** 5309 ** 532200 , 1 , 5309
16:43:23.704 [main] INFO  c.c.app.process.impl.Search2Impl.fillDetail  266 - ** 5310 ** 532200 , 1 , 5310
16:43:23.704 [main] INFO  c.c.app.process.impl.Search2Impl.fillDetail  266 - ** 5311 ** 532200 , 1 , 5311
16:43:23.704 [main] INFO  c.c.app.process.impl.Search2Impl.fillDetail  266 - ** 5312 ** 532200 , 1 , 5312
16:43:23.704 [main] INFO  c.c.app.process.impl.Search2Impl.searchAll  379 -  SEARCHING 532200 TOGGLE 5 ITEM FOUND 5310
16:43:23.704 [main] INFO  c.c.app.process.impl.Search2Impl.fillDetail  266 - ** 5313 ** 532800 , 1 , 5313
16:43:23.704 [main] INFO  c.c.app.process.impl.Search2Impl.fillDetail  266 - ** 5314 ** 532800 , 1 , 5314
16:43:23.704 [main] INFO  c.c.app.process.impl.Search2Impl.fillDetail  266 - ** 5315 ** 532800 , 1 , 5315
16:43:23.704 [main] INFO  c.c.app.process.impl.Search2Impl.fillDetail  266 - ** 5316 ** 532800 , 1 , 5316
16:43:23.704 [main] INFO  c.c.app.process.impl.Search2Impl.fillDetail  266 - ** 5317 ** 532800 , 1 , 5317
16:43:23.705 [main] INFO  c.c.app.process.impl.Search2Impl.fillDetail  266 - ** 5318 ** 532800 , 1 , 5318
16:43:23.705 [main] INFO  c.c.app.process.impl.Search2Impl.searchAll  379 -  SEARCHING 532800 TOGGLE 6 ITEM FOUND 5313
16:43:23.705 [main] INFO  c.c.app.process.impl.Search2Impl.fillDetail  266 - ** 5319 ** 533000 , 1 , 5319
16:43:23.705 [main] INFO  c.c.app.process.impl.Search2Impl.fillDetail  266 - ** 5320 ** 533000 , 1 , 5320
16:43:23.705 [main] INFO  c.c.app.process.impl.Search2Impl.searchAll  379 -  SEARCHING 533000 TOGGLE 2 ITEM FOUND 5319
16:43:23.705 [main] INFO  c.c.app.process.impl.Search2Impl.fillDetail  266 - ** 5321 ** 533300 , 1 , 5321
16:43:23.705 [main] INFO  c.c.app.process.impl.Search2Impl.fillDetail  266 - ** 5322 ** 533300 , 1 , 5322
16:43:23.705 [main] INFO  c.c.app.process.impl.Search2Impl.fillDetail  266 - ** 5323 ** 533300 , 1 , 5323
16:43:23.705 [main] INFO  c.c.app.process.impl.Search2Impl.searchAll  379 -  SEARCHING 533300 TOGGLE 3 ITEM FOUND 5322
16:43:23.705 [main] INFO  c.c.app.process.impl.Search2Impl.fillDetail  266 - ** 5324 ** 533700 , 1 , 5324
16:43:23.705 [main] INFO  c.c.app.process.impl.Search2Impl.fillDetail  266 - ** 5325 ** 533700 , 1 , 5325
16:43:23.705 [main] INFO  c.c.app.process.impl.Search2Impl.fillDetail  266 - ** 5326 ** 533700 , 1 , 5326
16:43:23.705 [main] INFO  c.c.app.process.impl.Search2Impl.fillDetail  266 - ** 5327 ** 533700 , 1 , 5327
16:43:23.706 [main] INFO  c.c.app.process.impl.Search2Impl.searchAll  379 -  SEARCHING 533700 TOGGLE 4 ITEM FOUND 5325
16:43:23.706 [main] INFO  c.c.app.process.impl.Search2Impl.fillDetail  266 - ** 5328 ** 534200 , 1 , 5328
16:43:23.706 [main] INFO  c.c.app.process.impl.Search2Impl.fillDetail  266 - ** 5329 ** 534200 , 1 , 5329
16:43:23.706 [main] INFO  c.c.app.process.impl.Search2Impl.fillDetail  266 - ** 5330 ** 534200 , 1 , 5330
16:43:23.706 [main] INFO  c.c.app.process.impl.Search2Impl.fillDetail  266 - ** 5331 ** 534200 , 1 , 5331
16:43:23.706 [main] INFO  c.c.app.process.impl.Search2Impl.fillDetail  266 - ** 5332 ** 534200 , 1 , 5332
16:43:23.706 [main] INFO  c.c.app.process.impl.Search2Impl.searchAll  379 -  SEARCHING 534200 TOGGLE 5 ITEM FOUND 5330
16:43:23.706 [main] INFO  c.c.app.process.impl.Search2Impl.fillDetail  266 - ** 5333 ** 534800 , 1 , 5333
16:43:23.706 [main] INFO  c.c.app.process.impl.Search2Impl.fillDetail  266 - ** 5334 ** 534800 , 1 , 5334
16:43:23.706 [main] INFO  c.c.app.process.impl.Search2Impl.fillDetail  266 - ** 5335 ** 534800 , 1 , 5335
16:43:23.706 [main] INFO  c.c.app.process.impl.Search2Impl.fillDetail  266 - ** 5336 ** 534800 , 1 , 5336
16:43:23.706 [main] INFO  c.c.app.process.impl.Search2Impl.fillDetail  266 - ** 5337 ** 534800 , 1 , 5337
16:43:23.706 [main] INFO  c.c.app.process.impl.Search2Impl.fillDetail  266 - ** 5338 ** 534800 , 1 , 5338
16:43:23.707 [main] INFO  c.c.app.process.impl.Search2Impl.searchAll  379 -  SEARCHING 534800 TOGGLE 6 ITEM FOUND 5336
16:43:23.707 [main] INFO  c.c.app.process.impl.Search2Impl.fillDetail  266 - ** 5339 ** 535000 , 1 , 5339
16:43:23.707 [main] INFO  c.c.app.process.impl.Search2Impl.fillDetail  266 - ** 5340 ** 535000 , 1 , 5340
16:43:23.707 [main] INFO  c.c.app.process.impl.Search2Impl.searchAll  379 -  SEARCHING 535000 TOGGLE 2 ITEM FOUND 5339
16:43:23.707 [main] INFO  c.c.app.process.impl.Search2Impl.fillDetail  266 - ** 5341 ** 535300 , 1 , 5341
16:43:23.707 [main] INFO  c.c.app.process.impl.Search2Impl.fillDetail  266 - ** 5342 ** 535300 , 1 , 5342
16:43:23.707 [main] INFO  c.c.app.process.impl.Search2Impl.fillDetail  266 - ** 5343 ** 535300 , 1 , 5343
16:43:23.707 [main] INFO  c.c.app.process.impl.Search2Impl.searchAll  379 -  SEARCHING 535300 TOGGLE 3 ITEM FOUND 5342
16:43:23.707 [main] INFO  c.c.app.process.impl.Search2Impl.fillDetail  266 - ** 5344 ** 535700 , 1 , 5344
16:43:23.707 [main] INFO  c.c.app.process.impl.Search2Impl.fillDetail  266 - ** 5345 ** 535700 , 1 , 5345
16:43:23.707 [main] INFO  c.c.app.process.impl.Search2Impl.fillDetail  266 - ** 5346 ** 535700 , 1 , 5346
16:43:23.707 [main] INFO  c.c.app.process.impl.Search2Impl.fillDetail  266 - ** 5347 ** 535700 , 1 , 5347
16:43:23.707 [main] INFO  c.c.app.process.impl.Search2Impl.searchAll  379 -  SEARCHING 535700 TOGGLE 4 ITEM FOUND 5345
16:43:23.708 [main] INFO  c.c.app.process.impl.Search2Impl.fillDetail  266 - ** 5348 ** 536200 , 1 , 5348
16:43:23.708 [main] INFO  c.c.app.process.impl.Search2Impl.fillDetail  266 - ** 5349 ** 536200 , 1 , 5349
16:43:23.708 [main] INFO  c.c.app.process.impl.Search2Impl.fillDetail  266 - ** 5350 ** 536200 , 1 , 5350
16:43:23.708 [main] INFO  c.c.app.process.impl.Search2Impl.fillDetail  266 - ** 5351 ** 536200 , 1 , 5351
16:43:23.708 [main] INFO  c.c.app.process.impl.Search2Impl.fillDetail  266 - ** 5352 ** 536200 , 1 , 5352
16:43:23.708 [main] INFO  c.c.app.process.impl.Search2Impl.searchAll  379 -  SEARCHING 536200 TOGGLE 5 ITEM FOUND 5348
16:43:23.708 [main] INFO  c.c.app.process.impl.Search2Impl.fillDetail  266 - ** 5353 ** 536800 , 1 , 5353
16:43:23.708 [main] INFO  c.c.app.process.impl.Search2Impl.fillDetail  266 - ** 5354 ** 536800 , 1 , 5354
16:43:23.708 [main] INFO  c.c.app.process.impl.Search2Impl.fillDetail  266 - ** 5355 ** 536800 , 1 , 5355
16:43:23.708 [main] INFO  c.c.app.process.impl.Search2Impl.fillDetail  266 - ** 5356 ** 536800 , 1 , 5356
16:43:23.708 [main] INFO  c.c.app.process.impl.Search2Impl.fillDetail  266 - ** 5357 ** 536800 , 1 , 5357
16:43:23.708 [main] INFO  c.c.app.process.impl.Search2Impl.fillDetail  266 - ** 5358 ** 536800 , 1 , 5358
16:43:23.708 [main] INFO  c.c.app.process.impl.Search2Impl.searchAll  379 -  SEARCHING 536800 TOGGLE 6 ITEM FOUND 5353
16:43:23.709 [main] INFO  c.c.app.process.impl.Search2Impl.fillDetail  266 - ** 5359 ** 537000 , 1 , 5359
16:43:23.709 [main] INFO  c.c.app.process.impl.Search2Impl.fillDetail  266 - ** 5360 ** 537000 , 1 , 5360
16:43:23.709 [main] INFO  c.c.app.process.impl.Search2Impl.searchAll  379 -  SEARCHING 537000 TOGGLE 2 ITEM FOUND 5359
16:43:23.709 [main] INFO  c.c.app.process.impl.Search2Impl.fillDetail  266 - ** 5361 ** 537300 , 1 , 5361
16:43:23.709 [main] INFO  c.c.app.process.impl.Search2Impl.fillDetail  266 - ** 5362 ** 537300 , 1 , 5362
16:43:23.709 [main] INFO  c.c.app.process.impl.Search2Impl.fillDetail  266 - ** 5363 ** 537300 , 1 , 5363
16:43:23.709 [main] INFO  c.c.app.process.impl.Search2Impl.searchAll  379 -  SEARCHING 537300 TOGGLE 3 ITEM FOUND 5362
16:43:23.709 [main] INFO  c.c.app.process.impl.Search2Impl.fillDetail  266 - ** 5364 ** 537700 , 1 , 5364
16:43:23.709 [main] INFO  c.c.app.process.impl.Search2Impl.fillDetail  266 - ** 5365 ** 537700 , 1 , 5365
16:43:23.709 [main] INFO  c.c.app.process.impl.Search2Impl.fillDetail  266 - ** 5366 ** 537700 , 1 , 5366
16:43:23.709 [main] INFO  c.c.app.process.impl.Search2Impl.fillDetail  266 - ** 5367 ** 537700 , 1 , 5367
16:43:23.709 [main] INFO  c.c.app.process.impl.Search2Impl.searchAll  379 -  SEARCHING 537700 TOGGLE 4 ITEM FOUND 5365
16:43:23.709 [main] INFO  c.c.app.process.impl.Search2Impl.fillDetail  266 - ** 5368 ** 538200 , 1 , 5368
16:43:23.709 [main] INFO  c.c.app.process.impl.Search2Impl.fillDetail  266 - ** 5369 ** 538200 , 1 , 5369
16:43:23.710 [main] INFO  c.c.app.process.impl.Search2Impl.fillDetail  266 - ** 5370 ** 538200 , 1 , 5370
16:43:23.710 [main] INFO  c.c.app.process.impl.Search2Impl.fillDetail  266 - ** 5371 ** 538200 , 1 , 5371
16:43:23.710 [main] INFO  c.c.app.process.impl.Search2Impl.fillDetail  266 - ** 5372 ** 538200 , 1 , 5372
16:43:23.710 [main] INFO  c.c.app.process.impl.Search2Impl.searchAll  379 -  SEARCHING 538200 TOGGLE 5 ITEM FOUND 5371
16:43:23.710 [main] INFO  c.c.app.process.impl.Search2Impl.fillDetail  266 - ** 5373 ** 538800 , 1 , 5373
16:43:23.710 [main] INFO  c.c.app.process.impl.Search2Impl.fillDetail  266 - ** 5374 ** 538800 , 1 , 5374
16:43:23.710 [main] INFO  c.c.app.process.impl.Search2Impl.fillDetail  266 - ** 5375 ** 538800 , 1 , 5375
16:43:23.710 [main] INFO  c.c.app.process.impl.Search2Impl.fillDetail  266 - ** 5376 ** 538800 , 1 , 5376
16:43:23.710 [main] INFO  c.c.app.process.impl.Search2Impl.fillDetail  266 - ** 5377 ** 538800 , 1 , 5377
16:43:23.710 [main] INFO  c.c.app.process.impl.Search2Impl.fillDetail  266 - ** 5378 ** 538800 , 1 , 5378
16:43:23.710 [main] INFO  c.c.app.process.impl.Search2Impl.searchAll  379 -  SEARCHING 538800 TOGGLE 6 ITEM FOUND 5376
16:43:23.710 [main] INFO  c.c.app.process.impl.Search2Impl.fillDetail  266 - ** 5379 ** 539000 , 1 , 5379
16:43:23.710 [main] INFO  c.c.app.process.impl.Search2Impl.fillDetail  266 - ** 5380 ** 539000 , 1 , 5380
16:43:23.711 [main] INFO  c.c.app.process.impl.Search2Impl.searchAll  379 -  SEARCHING 539000 TOGGLE 2 ITEM FOUND 5379
16:43:23.711 [main] INFO  c.c.app.process.impl.Search2Impl.fillDetail  266 - ** 5381 ** 539300 , 1 , 5381
16:43:23.711 [main] INFO  c.c.app.process.impl.Search2Impl.fillDetail  266 - ** 5382 ** 539300 , 1 , 5382
16:43:23.711 [main] INFO  c.c.app.process.impl.Search2Impl.fillDetail  266 - ** 5383 ** 539300 , 1 , 5383
16:43:23.711 [main] INFO  c.c.app.process.impl.Search2Impl.searchAll  379 -  SEARCHING 539300 TOGGLE 3 ITEM FOUND 5382
16:43:23.711 [main] INFO  c.c.app.process.impl.Search2Impl.fillDetail  266 - ** 5384 ** 539700 , 1 , 5384
16:43:23.711 [main] INFO  c.c.app.process.impl.Search2Impl.fillDetail  266 - ** 5385 ** 539700 , 1 , 5385
16:43:23.711 [main] INFO  c.c.app.process.impl.Search2Impl.fillDetail  266 - ** 5386 ** 539700 , 1 , 5386
16:43:23.711 [main] INFO  c.c.app.process.impl.Search2Impl.fillDetail  266 - ** 5387 ** 539700 , 1 , 5387
16:43:23.711 [main] INFO  c.c.app.process.impl.Search2Impl.searchAll  379 -  SEARCHING 539700 TOGGLE 4 ITEM FOUND 5385
16:43:23.711 [main] INFO  c.c.app.process.impl.Search2Impl.fillDetail  266 - ** 5388 ** 540200 , 1 , 5388
16:43:23.711 [main] INFO  c.c.app.process.impl.Search2Impl.fillDetail  266 - ** 5389 ** 540200 , 1 , 5389
16:43:23.711 [main] INFO  c.c.app.process.impl.Search2Impl.fillDetail  266 - ** 5390 ** 540200 , 1 , 5390
16:43:23.712 [main] INFO  c.c.app.process.impl.Search2Impl.fillDetail  266 - ** 5391 ** 540200 , 1 , 5391
16:43:23.712 [main] INFO  c.c.app.process.impl.Search2Impl.fillDetail  266 - ** 5392 ** 540200 , 1 , 5392
16:43:23.712 [main] INFO  c.c.app.process.impl.Search2Impl.searchAll  379 -  SEARCHING 540200 TOGGLE 5 ITEM FOUND 5388
16:43:23.712 [main] INFO  c.c.app.process.impl.Search2Impl.fillDetail  266 - ** 5393 ** 540800 , 1 , 5393
16:43:23.712 [main] INFO  c.c.app.process.impl.Search2Impl.fillDetail  266 - ** 5394 ** 540800 , 1 , 5394
16:43:23.712 [main] INFO  c.c.app.process.impl.Search2Impl.fillDetail  266 - ** 5395 ** 540800 , 1 , 5395
16:43:23.712 [main] INFO  c.c.app.process.impl.Search2Impl.fillDetail  266 - ** 5396 ** 540800 , 1 , 5396
16:43:23.712 [main] INFO  c.c.app.process.impl.Search2Impl.fillDetail  266 - ** 5397 ** 540800 , 1 , 5397
16:43:23.712 [main] INFO  c.c.app.process.impl.Search2Impl.fillDetail  266 - ** 5398 ** 540800 , 1 , 5398
16:43:23.712 [main] INFO  c.c.app.process.impl.Search2Impl.searchAll  379 -  SEARCHING 540800 TOGGLE 6 ITEM FOUND 5394
16:43:23.712 [main] INFO  c.c.app.process.impl.Search2Impl.fillDetail  266 - ** 5399 ** 541000 , 1 , 5399
16:43:23.712 [main] INFO  c.c.app.process.impl.Search2Impl.fillDetail  266 - ** 5400 ** 541000 , 1 , 5400
16:43:23.712 [main] INFO  c.c.app.process.impl.Search2Impl.searchAll  379 -  SEARCHING 541000 TOGGLE 2 ITEM FOUND 5399
16:43:23.712 [main] INFO  c.c.app.process.impl.Search2Impl.fillDetail  266 - ** 5401 ** 541300 , 1 , 5401
16:43:23.713 [main] INFO  c.c.app.process.impl.Search2Impl.fillDetail  266 - ** 5402 ** 541300 , 1 , 5402
16:43:23.713 [main] INFO  c.c.app.process.impl.Search2Impl.fillDetail  266 - ** 5403 ** 541300 , 1 , 5403
16:43:23.713 [main] INFO  c.c.app.process.impl.Search2Impl.searchAll  379 -  SEARCHING 541300 TOGGLE 3 ITEM FOUND 5402
16:43:23.713 [main] INFO  c.c.app.process.impl.Search2Impl.fillDetail  266 - ** 5404 ** 541700 , 1 , 5404
16:43:23.713 [main] INFO  c.c.app.process.impl.Search2Impl.fillDetail  266 - ** 5405 ** 541700 , 1 , 5405
16:43:23.713 [main] INFO  c.c.app.process.impl.Search2Impl.fillDetail  266 - ** 5406 ** 541700 , 1 , 5406
16:43:23.713 [main] INFO  c.c.app.process.impl.Search2Impl.fillDetail  266 - ** 5407 ** 541700 , 1 , 5407
16:43:23.713 [main] INFO  c.c.app.process.impl.Search2Impl.searchAll  379 -  SEARCHING 541700 TOGGLE 4 ITEM FOUND 5405
16:43:23.713 [main] INFO  c.c.app.process.impl.Search2Impl.fillDetail  266 - ** 5408 ** 542200 , 1 , 5408
16:43:23.713 [main] INFO  c.c.app.process.impl.Search2Impl.fillDetail  266 - ** 5409 ** 542200 , 1 , 5409
16:43:23.713 [main] INFO  c.c.app.process.impl.Search2Impl.fillDetail  266 - ** 5410 ** 542200 , 1 , 5410
16:43:23.713 [main] INFO  c.c.app.process.impl.Search2Impl.fillDetail  266 - ** 5411 ** 542200 , 1 , 5411
16:43:23.713 [main] INFO  c.c.app.process.impl.Search2Impl.fillDetail  266 - ** 5412 ** 542200 , 1 , 5412
16:43:23.714 [main] INFO  c.c.app.process.impl.Search2Impl.searchAll  379 -  SEARCHING 542200 TOGGLE 5 ITEM FOUND 5411
16:43:23.714 [main] INFO  c.c.app.process.impl.Search2Impl.fillDetail  266 - ** 5413 ** 542800 , 1 , 5413
16:43:23.714 [main] INFO  c.c.app.process.impl.Search2Impl.fillDetail  266 - ** 5414 ** 542800 , 1 , 5414
16:43:23.714 [main] INFO  c.c.app.process.impl.Search2Impl.fillDetail  266 - ** 5415 ** 542800 , 1 , 5415
16:43:23.714 [main] INFO  c.c.app.process.impl.Search2Impl.fillDetail  266 - ** 5416 ** 542800 , 1 , 5416
16:43:23.714 [main] INFO  c.c.app.process.impl.Search2Impl.fillDetail  266 - ** 5417 ** 542800 , 1 , 5417
16:43:23.714 [main] INFO  c.c.app.process.impl.Search2Impl.fillDetail  266 - ** 5418 ** 542800 , 1 , 5418
16:43:23.714 [main] INFO  c.c.app.process.impl.Search2Impl.searchAll  379 -  SEARCHING 542800 TOGGLE 6 ITEM FOUND 5417
16:43:23.714 [main] INFO  c.c.app.process.impl.Search2Impl.fillDetail  266 - ** 5419 ** 543000 , 1 , 5419
16:43:23.714 [main] INFO  c.c.app.process.impl.Search2Impl.fillDetail  266 - ** 5420 ** 543000 , 1 , 5420
16:43:23.714 [main] INFO  c.c.app.process.impl.Search2Impl.searchAll  379 -  SEARCHING 543000 TOGGLE 2 ITEM FOUND 5419
16:43:23.715 [main] INFO  c.c.app.process.impl.Search2Impl.fillDetail  266 - ** 5421 ** 543300 , 1 , 5421
16:43:23.715 [main] INFO  c.c.app.process.impl.Search2Impl.fillDetail  266 - ** 5422 ** 543300 , 1 , 5422
16:43:23.715 [main] INFO  c.c.app.process.impl.Search2Impl.fillDetail  266 - ** 5423 ** 543300 , 1 , 5423
16:43:23.715 [main] INFO  c.c.app.process.impl.Search2Impl.searchAll  379 -  SEARCHING 543300 TOGGLE 3 ITEM FOUND 5422
16:43:23.715 [main] INFO  c.c.app.process.impl.Search2Impl.fillDetail  266 - ** 5424 ** 543700 , 1 , 5424
16:43:23.715 [main] INFO  c.c.app.process.impl.Search2Impl.fillDetail  266 - ** 5425 ** 543700 , 1 , 5425
16:43:23.715 [main] INFO  c.c.app.process.impl.Search2Impl.fillDetail  266 - ** 5426 ** 543700 , 1 , 5426
16:43:23.715 [main] INFO  c.c.app.process.impl.Search2Impl.fillDetail  266 - ** 5427 ** 543700 , 1 , 5427
16:43:23.715 [main] INFO  c.c.app.process.impl.Search2Impl.searchAll  379 -  SEARCHING 543700 TOGGLE 4 ITEM FOUND 5425
16:43:23.715 [main] INFO  c.c.app.process.impl.Search2Impl.fillDetail  266 - ** 5428 ** 544200 , 1 , 5428
16:43:23.715 [main] INFO  c.c.app.process.impl.Search2Impl.fillDetail  266 - ** 5429 ** 544200 , 1 , 5429
16:43:23.715 [main] INFO  c.c.app.process.impl.Search2Impl.fillDetail  266 - ** 5430 ** 544200 , 1 , 5430
16:43:23.715 [main] INFO  c.c.app.process.impl.Search2Impl.fillDetail  266 - ** 5431 ** 544200 , 1 , 5431
16:43:23.716 [main] INFO  c.c.app.process.impl.Search2Impl.fillDetail  266 - ** 5432 ** 544200 , 1 , 5432
16:43:23.716 [main] INFO  c.c.app.process.impl.Search2Impl.searchAll  379 -  SEARCHING 544200 TOGGLE 5 ITEM FOUND 5428
16:43:23.716 [main] INFO  c.c.app.process.impl.Search2Impl.fillDetail  266 - ** 5433 ** 544800 , 1 , 5433
16:43:23.716 [main] INFO  c.c.app.process.impl.Search2Impl.fillDetail  266 - ** 5434 ** 544800 , 1 , 5434
16:43:23.716 [main] INFO  c.c.app.process.impl.Search2Impl.fillDetail  266 - ** 5435 ** 544800 , 1 , 5435
16:43:23.716 [main] INFO  c.c.app.process.impl.Search2Impl.fillDetail  266 - ** 5436 ** 544800 , 1 , 5436
16:43:23.716 [main] INFO  c.c.app.process.impl.Search2Impl.fillDetail  266 - ** 5437 ** 544800 , 1 , 5437
16:43:23.716 [main] INFO  c.c.app.process.impl.Search2Impl.fillDetail  266 - ** 5438 ** 544800 , 1 , 5438
16:43:23.716 [main] INFO  c.c.app.process.impl.Search2Impl.searchAll  379 -  SEARCHING 544800 TOGGLE 6 ITEM FOUND 5434
16:43:23.716 [main] INFO  c.c.app.process.impl.Search2Impl.fillDetail  266 - ** 5439 ** 545000 , 1 , 5439
16:43:23.716 [main] INFO  c.c.app.process.impl.Search2Impl.fillDetail  266 - ** 5440 ** 545000 , 1 , 5440
16:43:23.716 [main] INFO  c.c.app.process.impl.Search2Impl.searchAll  379 -  SEARCHING 545000 TOGGLE 2 ITEM FOUND 5440
16:43:23.716 [main] INFO  c.c.app.process.impl.Search2Impl.fillDetail  266 - ** 5441 ** 545300 , 1 , 5441
16:43:23.717 [main] INFO  c.c.app.process.impl.Search2Impl.fillDetail  266 - ** 5442 ** 545300 , 1 , 5442
16:43:23.717 [main] INFO  c.c.app.process.impl.Search2Impl.fillDetail  266 - ** 5443 ** 545300 , 1 , 5443
16:43:23.717 [main] INFO  c.c.app.process.impl.Search2Impl.searchAll  379 -  SEARCHING 545300 TOGGLE 3 ITEM FOUND 5442
16:43:23.717 [main] INFO  c.c.app.process.impl.Search2Impl.fillDetail  266 - ** 5444 ** 545700 , 1 , 5444
16:43:23.717 [main] INFO  c.c.app.process.impl.Search2Impl.fillDetail  266 - ** 5445 ** 545700 , 1 , 5445
16:43:23.717 [main] INFO  c.c.app.process.impl.Search2Impl.fillDetail  266 - ** 5446 ** 545700 , 1 , 5446
16:43:23.717 [main] INFO  c.c.app.process.impl.Search2Impl.fillDetail  266 - ** 5447 ** 545700 , 1 , 5447
16:43:23.717 [main] INFO  c.c.app.process.impl.Search2Impl.searchAll  379 -  SEARCHING 545700 TOGGLE 4 ITEM FOUND 5445
16:43:23.717 [main] INFO  c.c.app.process.impl.Search2Impl.fillDetail  266 - ** 5448 ** 546200 , 1 , 5448
16:43:23.717 [main] INFO  c.c.app.process.impl.Search2Impl.fillDetail  266 - ** 5449 ** 546200 , 1 , 5449
16:43:23.717 [main] INFO  c.c.app.process.impl.Search2Impl.fillDetail  266 - ** 5450 ** 546200 , 1 , 5450
16:43:23.717 [main] INFO  c.c.app.process.impl.Search2Impl.fillDetail  266 - ** 5451 ** 546200 , 1 , 5451
16:43:23.717 [main] INFO  c.c.app.process.impl.Search2Impl.fillDetail  266 - ** 5452 ** 546200 , 1 , 5452
16:43:23.718 [main] INFO  c.c.app.process.impl.Search2Impl.searchAll  379 -  SEARCHING 546200 TOGGLE 5 ITEM FOUND 5451
16:43:23.718 [main] INFO  c.c.app.process.impl.Search2Impl.fillDetail  266 - ** 5453 ** 546800 , 1 , 5453
16:43:23.718 [main] INFO  c.c.app.process.impl.Search2Impl.fillDetail  266 - ** 5454 ** 546800 , 1 , 5454
16:43:23.718 [main] INFO  c.c.app.process.impl.Search2Impl.fillDetail  266 - ** 5455 ** 546800 , 1 , 5455
16:43:23.718 [main] INFO  c.c.app.process.impl.Search2Impl.fillDetail  266 - ** 5456 ** 546800 , 1 , 5456
16:43:23.718 [main] INFO  c.c.app.process.impl.Search2Impl.fillDetail  266 - ** 5457 ** 546800 , 1 , 5457
16:43:23.718 [main] INFO  c.c.app.process.impl.Search2Impl.fillDetail  266 - ** 5458 ** 546800 , 1 , 5458
16:43:23.718 [main] INFO  c.c.app.process.impl.Search2Impl.searchAll  379 -  SEARCHING 546800 TOGGLE 6 ITEM FOUND 5457
16:43:23.718 [main] INFO  c.c.app.process.impl.Search2Impl.fillDetail  266 - ** 5459 ** 547000 , 1 , 5459
16:43:23.718 [main] INFO  c.c.app.process.impl.Search2Impl.fillDetail  266 - ** 5460 ** 547000 , 1 , 5460
16:43:23.718 [main] INFO  c.c.app.process.impl.Search2Impl.searchAll  379 -  SEARCHING 547000 TOGGLE 2 ITEM FOUND 5460
16:43:23.718 [main] INFO  c.c.app.process.impl.Search2Impl.fillDetail  266 - ** 5461 ** 547300 , 1 , 5461
16:43:23.718 [main] INFO  c.c.app.process.impl.Search2Impl.fillDetail  266 - ** 5462 ** 547300 , 1 , 5462
16:43:23.719 [main] INFO  c.c.app.process.impl.Search2Impl.fillDetail  266 - ** 5463 ** 547300 , 1 , 5463
16:43:23.719 [main] INFO  c.c.app.process.impl.Search2Impl.searchAll  379 -  SEARCHING 547300 TOGGLE 3 ITEM FOUND 5463
16:43:23.719 [main] INFO  c.c.app.process.impl.Search2Impl.fillDetail  266 - ** 5464 ** 547700 , 1 , 5464
16:43:23.719 [main] INFO  c.c.app.process.impl.Search2Impl.fillDetail  266 - ** 5465 ** 547700 , 1 , 5465
16:43:23.719 [main] INFO  c.c.app.process.impl.Search2Impl.fillDetail  266 - ** 5466 ** 547700 , 1 , 5466
16:43:23.719 [main] INFO  c.c.app.process.impl.Search2Impl.fillDetail  266 - ** 5467 ** 547700 , 1 , 5467
16:43:23.719 [main] INFO  c.c.app.process.impl.Search2Impl.searchAll  379 -  SEARCHING 547700 TOGGLE 4 ITEM FOUND 5465
16:43:23.719 [main] INFO  c.c.app.process.impl.Search2Impl.fillDetail  266 - ** 5468 ** 548200 , 1 , 5468
16:43:23.719 [main] INFO  c.c.app.process.impl.Search2Impl.fillDetail  266 - ** 5469 ** 548200 , 1 , 5469
16:43:23.719 [main] INFO  c.c.app.process.impl.Search2Impl.fillDetail  266 - ** 5470 ** 548200 , 1 , 5470
16:43:23.719 [main] INFO  c.c.app.process.impl.Search2Impl.fillDetail  266 - ** 5471 ** 548200 , 1 , 5471
16:43:23.719 [main] INFO  c.c.app.process.impl.Search2Impl.fillDetail  266 - ** 5472 ** 548200 , 1 , 5472
16:43:23.719 [main] INFO  c.c.app.process.impl.Search2Impl.searchAll  379 -  SEARCHING 548200 TOGGLE 5 ITEM FOUND 5468
16:43:23.719 [main] INFO  c.c.app.process.impl.Search2Impl.fillDetail  266 - ** 5473 ** 548800 , 1 , 5473
16:43:23.720 [main] INFO  c.c.app.process.impl.Search2Impl.fillDetail  266 - ** 5474 ** 548800 , 1 , 5474
16:43:23.720 [main] INFO  c.c.app.process.impl.Search2Impl.fillDetail  266 - ** 5475 ** 548800 , 1 , 5475
16:43:23.720 [main] INFO  c.c.app.process.impl.Search2Impl.fillDetail  266 - ** 5476 ** 548800 , 1 , 5476
16:43:23.720 [main] INFO  c.c.app.process.impl.Search2Impl.fillDetail  266 - ** 5477 ** 548800 , 1 , 5477
16:43:23.720 [main] INFO  c.c.app.process.impl.Search2Impl.fillDetail  266 - ** 5478 ** 548800 , 1 , 5478
16:43:23.720 [main] INFO  c.c.app.process.impl.Search2Impl.searchAll  379 -  SEARCHING 548800 TOGGLE 6 ITEM FOUND 5474
16:43:23.720 [main] INFO  c.c.app.process.impl.Search2Impl.fillDetail  266 - ** 5479 ** 549000 , 1 , 5479
16:43:23.720 [main] INFO  c.c.app.process.impl.Search2Impl.fillDetail  266 - ** 5480 ** 549000 , 1 , 5480
16:43:23.720 [main] INFO  c.c.app.process.impl.Search2Impl.searchAll  379 -  SEARCHING 549000 TOGGLE 2 ITEM FOUND 5480
16:43:23.720 [main] INFO  c.c.app.process.impl.Search2Impl.fillDetail  266 - ** 5481 ** 549300 , 1 , 5481
16:43:23.720 [main] INFO  c.c.app.process.impl.Search2Impl.fillDetail  266 - ** 5482 ** 549300 , 1 , 5482
16:43:23.720 [main] INFO  c.c.app.process.impl.Search2Impl.fillDetail  266 - ** 5483 ** 549300 , 1 , 5483
16:43:23.720 [main] INFO  c.c.app.process.impl.Search2Impl.searchAll  379 -  SEARCHING 549300 TOGGLE 3 ITEM FOUND 5483
16:43:23.721 [main] INFO  c.c.app.process.impl.Search2Impl.fillDetail  266 - ** 5484 ** 549700 , 1 , 5484
16:43:23.721 [main] INFO  c.c.app.process.impl.Search2Impl.fillDetail  266 - ** 5485 ** 549700 , 1 , 5485
16:43:23.721 [main] INFO  c.c.app.process.impl.Search2Impl.fillDetail  266 - ** 5486 ** 549700 , 1 , 5486
16:43:23.721 [main] INFO  c.c.app.process.impl.Search2Impl.fillDetail  266 - ** 5487 ** 549700 , 1 , 5487
16:43:23.721 [main] INFO  c.c.app.process.impl.Search2Impl.searchAll  379 -  SEARCHING 549700 TOGGLE 4 ITEM FOUND 5486
16:43:23.721 [main] INFO  c.c.app.process.impl.Search2Impl.fillDetail  266 - ** 5488 ** 550200 , 1 , 5488
16:43:23.721 [main] INFO  c.c.app.process.impl.Search2Impl.fillDetail  266 - ** 5489 ** 550200 , 1 , 5489
16:43:23.721 [main] INFO  c.c.app.process.impl.Search2Impl.fillDetail  266 - ** 5490 ** 550200 , 1 , 5490
16:43:23.721 [main] INFO  c.c.app.process.impl.Search2Impl.fillDetail  266 - ** 5491 ** 550200 , 1 , 5491
16:43:23.721 [main] INFO  c.c.app.process.impl.Search2Impl.fillDetail  266 - ** 5492 ** 550200 , 1 , 5492
16:43:23.721 [main] INFO  c.c.app.process.impl.Search2Impl.searchAll  379 -  SEARCHING 550200 TOGGLE 5 ITEM FOUND 5491
16:43:23.721 [main] INFO  c.c.app.process.impl.Search2Impl.fillDetail  266 - ** 5493 ** 550800 , 1 , 5493
16:43:23.721 [main] INFO  c.c.app.process.impl.Search2Impl.fillDetail  266 - ** 5494 ** 550800 , 1 , 5494
16:43:23.721 [main] INFO  c.c.app.process.impl.Search2Impl.fillDetail  266 - ** 5495 ** 550800 , 1 , 5495
16:43:23.722 [main] INFO  c.c.app.process.impl.Search2Impl.fillDetail  266 - ** 5496 ** 550800 , 1 , 5496
16:43:23.722 [main] INFO  c.c.app.process.impl.Search2Impl.fillDetail  266 - ** 5497 ** 550800 , 1 , 5497
16:43:23.722 [main] INFO  c.c.app.process.impl.Search2Impl.fillDetail  266 - ** 5498 ** 550800 , 1 , 5498
16:43:23.722 [main] INFO  c.c.app.process.impl.Search2Impl.searchAll  379 -  SEARCHING 550800 TOGGLE 6 ITEM FOUND 5497
16:43:23.722 [main] INFO  c.c.app.process.impl.Search2Impl.fillDetail  266 - ** 5499 ** 551000 , 1 , 5499
16:43:23.722 [main] INFO  c.c.app.process.impl.Search2Impl.fillDetail  266 - ** 5500 ** 551000 , 1 , 5500
16:43:23.722 [main] INFO  c.c.app.process.impl.Search2Impl.searchAll  379 -  SEARCHING 551000 TOGGLE 2 ITEM FOUND 5500
16:43:23.722 [main] INFO  c.c.app.process.impl.Search2Impl.fillDetail  266 - ** 5501 ** 551300 , 1 , 5501
16:43:23.722 [main] INFO  c.c.app.process.impl.Search2Impl.fillDetail  266 - ** 5502 ** 551300 , 1 , 5502
16:43:23.722 [main] INFO  c.c.app.process.impl.Search2Impl.fillDetail  266 - ** 5503 ** 551300 , 1 , 5503
16:43:23.722 [main] INFO  c.c.app.process.impl.Search2Impl.searchAll  379 -  SEARCHING 551300 TOGGLE 3 ITEM FOUND 5503
16:43:23.722 [main] INFO  c.c.app.process.impl.Search2Impl.fillDetail  266 - ** 5504 ** 551700 , 1 , 5504
16:43:23.722 [main] INFO  c.c.app.process.impl.Search2Impl.fillDetail  266 - ** 5505 ** 551700 , 1 , 5505
16:43:23.722 [main] INFO  c.c.app.process.impl.Search2Impl.fillDetail  266 - ** 5506 ** 551700 , 1 , 5506
16:43:23.723 [main] INFO  c.c.app.process.impl.Search2Impl.fillDetail  266 - ** 5507 ** 551700 , 1 , 5507
16:43:23.723 [main] INFO  c.c.app.process.impl.Search2Impl.searchAll  379 -  SEARCHING 551700 TOGGLE 4 ITEM FOUND 5506
16:43:23.723 [main] INFO  c.c.app.process.impl.Search2Impl.fillDetail  266 - ** 5508 ** 552200 , 1 , 5508
16:43:23.723 [main] INFO  c.c.app.process.impl.Search2Impl.fillDetail  266 - ** 5509 ** 552200 , 1 , 5509
16:43:23.723 [main] INFO  c.c.app.process.impl.Search2Impl.fillDetail  266 - ** 5510 ** 552200 , 1 , 5510
16:43:23.723 [main] INFO  c.c.app.process.impl.Search2Impl.fillDetail  266 - ** 5511 ** 552200 , 1 , 5511
16:43:23.723 [main] INFO  c.c.app.process.impl.Search2Impl.fillDetail  266 - ** 5512 ** 552200 , 1 , 5512
16:43:23.723 [main] INFO  c.c.app.process.impl.Search2Impl.searchAll  379 -  SEARCHING 552200 TOGGLE 5 ITEM FOUND 5509
16:43:23.723 [main] INFO  c.c.app.process.impl.Search2Impl.fillDetail  266 - ** 5513 ** 552800 , 1 , 5513
16:43:23.723 [main] INFO  c.c.app.process.impl.Search2Impl.fillDetail  266 - ** 5514 ** 552800 , 1 , 5514
16:43:23.723 [main] INFO  c.c.app.process.impl.Search2Impl.fillDetail  266 - ** 5515 ** 552800 , 1 , 5515
16:43:23.723 [main] INFO  c.c.app.process.impl.Search2Impl.fillDetail  266 - ** 5516 ** 552800 , 1 , 5516
16:43:23.723 [main] INFO  c.c.app.process.impl.Search2Impl.fillDetail  266 - ** 5517 ** 552800 , 1 , 5517
16:43:23.723 [main] INFO  c.c.app.process.impl.Search2Impl.fillDetail  266 - ** 5518 ** 552800 , 1 , 5518
16:43:23.724 [main] INFO  c.c.app.process.impl.Search2Impl.searchAll  379 -  SEARCHING 552800 TOGGLE 6 ITEM FOUND 5515
16:43:23.724 [main] INFO  c.c.app.process.impl.Search2Impl.fillDetail  266 - ** 5519 ** 553000 , 1 , 5519
16:43:23.724 [main] INFO  c.c.app.process.impl.Search2Impl.fillDetail  266 - ** 5520 ** 553000 , 1 , 5520
16:43:23.724 [main] INFO  c.c.app.process.impl.Search2Impl.searchAll  379 -  SEARCHING 553000 TOGGLE 2 ITEM FOUND 5519
16:43:23.724 [main] INFO  c.c.app.process.impl.Search2Impl.fillDetail  266 - ** 5521 ** 553300 , 1 , 5521
16:43:23.724 [main] INFO  c.c.app.process.impl.Search2Impl.fillDetail  266 - ** 5522 ** 553300 , 1 , 5522
16:43:23.724 [main] INFO  c.c.app.process.impl.Search2Impl.fillDetail  266 - ** 5523 ** 553300 , 1 , 5523
16:43:23.724 [main] INFO  c.c.app.process.impl.Search2Impl.searchAll  379 -  SEARCHING 553300 TOGGLE 3 ITEM FOUND 5521
16:43:23.724 [main] INFO  c.c.app.process.impl.Search2Impl.fillDetail  266 - ** 5524 ** 553700 , 1 , 5524
16:43:23.724 [main] INFO  c.c.app.process.impl.Search2Impl.fillDetail  266 - ** 5525 ** 553700 , 1 , 5525
16:43:23.724 [main] INFO  c.c.app.process.impl.Search2Impl.fillDetail  266 - ** 5526 ** 553700 , 1 , 5526
16:43:23.724 [main] INFO  c.c.app.process.impl.Search2Impl.fillDetail  266 - ** 5527 ** 553700 , 1 , 5527
16:43:23.724 [main] INFO  c.c.app.process.impl.Search2Impl.searchAll  379 -  SEARCHING 553700 TOGGLE 4 ITEM FOUND 5527
16:43:23.724 [main] INFO  c.c.app.process.impl.Search2Impl.fillDetail  266 - ** 5528 ** 554200 , 1 , 5528
16:43:23.725 [main] INFO  c.c.app.process.impl.Search2Impl.fillDetail  266 - ** 5529 ** 554200 , 1 , 5529
16:43:23.725 [main] INFO  c.c.app.process.impl.Search2Impl.fillDetail  266 - ** 5530 ** 554200 , 1 , 5530
16:43:23.725 [main] INFO  c.c.app.process.impl.Search2Impl.fillDetail  266 - ** 5531 ** 554200 , 1 , 5531
16:43:23.725 [main] INFO  c.c.app.process.impl.Search2Impl.fillDetail  266 - ** 5532 ** 554200 , 1 , 5532
16:43:23.725 [main] INFO  c.c.app.process.impl.Search2Impl.searchAll  379 -  SEARCHING 554200 TOGGLE 5 ITEM FOUND 5530
16:43:23.725 [main] INFO  c.c.app.process.impl.Search2Impl.fillDetail  266 - ** 5533 ** 554800 , 1 , 5533
16:43:23.725 [main] INFO  c.c.app.process.impl.Search2Impl.fillDetail  266 - ** 5534 ** 554800 , 1 , 5534
16:43:23.725 [main] INFO  c.c.app.process.impl.Search2Impl.fillDetail  266 - ** 5535 ** 554800 , 1 , 5535
16:43:23.725 [main] INFO  c.c.app.process.impl.Search2Impl.fillDetail  266 - ** 5536 ** 554800 , 1 , 5536
16:43:23.725 [main] INFO  c.c.app.process.impl.Search2Impl.fillDetail  266 - ** 5537 ** 554800 , 1 , 5537
16:43:23.725 [main] INFO  c.c.app.process.impl.Search2Impl.fillDetail  266 - ** 5538 ** 554800 , 1 , 5538
16:43:23.725 [main] INFO  c.c.app.process.impl.Search2Impl.searchAll  379 -  SEARCHING 554800 TOGGLE 6 ITEM FOUND 5533
16:43:23.725 [main] INFO  c.c.app.process.impl.Search2Impl.fillDetail  266 - ** 5539 ** 555000 , 1 , 5539
16:43:23.725 [main] INFO  c.c.app.process.impl.Search2Impl.fillDetail  266 - ** 5540 ** 555000 , 1 , 5540
16:43:23.726 [main] INFO  c.c.app.process.impl.Search2Impl.searchAll  379 -  SEARCHING 555000 TOGGLE 2 ITEM FOUND 5539
16:43:23.726 [main] INFO  c.c.app.process.impl.Search2Impl.fillDetail  266 - ** 5541 ** 555300 , 1 , 5541
16:43:23.726 [main] INFO  c.c.app.process.impl.Search2Impl.fillDetail  266 - ** 5542 ** 555300 , 1 , 5542
16:43:23.726 [main] INFO  c.c.app.process.impl.Search2Impl.fillDetail  266 - ** 5543 ** 555300 , 1 , 5543
16:43:23.726 [main] INFO  c.c.app.process.impl.Search2Impl.searchAll  379 -  SEARCHING 555300 TOGGLE 3 ITEM FOUND 5541
16:43:23.726 [main] INFO  c.c.app.process.impl.Search2Impl.fillDetail  266 - ** 5544 ** 555700 , 1 , 5544
16:43:23.726 [main] INFO  c.c.app.process.impl.Search2Impl.fillDetail  266 - ** 5545 ** 555700 , 1 , 5545
16:43:23.726 [main] INFO  c.c.app.process.impl.Search2Impl.fillDetail  266 - ** 5546 ** 555700 , 1 , 5546
16:43:23.726 [main] INFO  c.c.app.process.impl.Search2Impl.fillDetail  266 - ** 5547 ** 555700 , 1 , 5547
16:43:23.726 [main] INFO  c.c.app.process.impl.Search2Impl.searchAll  379 -  SEARCHING 555700 TOGGLE 4 ITEM FOUND 5544
16:43:23.726 [main] INFO  c.c.app.process.impl.Search2Impl.fillDetail  266 - ** 5548 ** 556200 , 1 , 5548
16:43:23.726 [main] INFO  c.c.app.process.impl.Search2Impl.fillDetail  266 - ** 5549 ** 556200 , 1 , 5549
16:43:23.726 [main] INFO  c.c.app.process.impl.Search2Impl.fillDetail  266 - ** 5550 ** 556200 , 1 , 5550
16:43:23.727 [main] INFO  c.c.app.process.impl.Search2Impl.fillDetail  266 - ** 5551 ** 556200 , 1 , 5551
16:43:23.727 [main] INFO  c.c.app.process.impl.Search2Impl.fillDetail  266 - ** 5552 ** 556200 , 1 , 5552
16:43:23.727 [main] INFO  c.c.app.process.impl.Search2Impl.searchAll  379 -  SEARCHING 556200 TOGGLE 5 ITEM FOUND 5550
16:43:23.727 [main] INFO  c.c.app.process.impl.Search2Impl.fillDetail  266 - ** 5553 ** 556800 , 1 , 5553
16:43:23.727 [main] INFO  c.c.app.process.impl.Search2Impl.fillDetail  266 - ** 5554 ** 556800 , 1 , 5554
16:43:23.727 [main] INFO  c.c.app.process.impl.Search2Impl.fillDetail  266 - ** 5555 ** 556800 , 1 , 5555
16:43:23.727 [main] INFO  c.c.app.process.impl.Search2Impl.fillDetail  266 - ** 5556 ** 556800 , 1 , 5556
16:43:23.727 [main] INFO  c.c.app.process.impl.Search2Impl.fillDetail  266 - ** 5557 ** 556800 , 1 , 5557
16:43:23.727 [main] INFO  c.c.app.process.impl.Search2Impl.fillDetail  266 - ** 5558 ** 556800 , 1 , 5558
16:43:23.727 [main] INFO  c.c.app.process.impl.Search2Impl.searchAll  379 -  SEARCHING 556800 TOGGLE 6 ITEM FOUND 5556
16:43:23.727 [main] INFO  c.c.app.process.impl.Search2Impl.fillDetail  266 - ** 5559 ** 557000 , 1 , 5559
16:43:23.727 [main] INFO  c.c.app.process.impl.Search2Impl.fillDetail  266 - ** 5560 ** 557000 , 1 , 5560
16:43:23.727 [main] INFO  c.c.app.process.impl.Search2Impl.searchAll  379 -  SEARCHING 557000 TOGGLE 2 ITEM FOUND 5559
16:43:23.727 [main] INFO  c.c.app.process.impl.Search2Impl.fillDetail  266 - ** 5561 ** 557300 , 1 , 5561
16:43:23.728 [main] INFO  c.c.app.process.impl.Search2Impl.fillDetail  266 - ** 5562 ** 557300 , 1 , 5562
16:43:23.728 [main] INFO  c.c.app.process.impl.Search2Impl.fillDetail  266 - ** 5563 ** 557300 , 1 , 5563
16:43:23.728 [main] INFO  c.c.app.process.impl.Search2Impl.searchAll  379 -  SEARCHING 557300 TOGGLE 3 ITEM FOUND 5561
16:43:23.728 [main] INFO  c.c.app.process.impl.Search2Impl.fillDetail  266 - ** 5564 ** 557700 , 1 , 5564
16:43:23.728 [main] INFO  c.c.app.process.impl.Search2Impl.fillDetail  266 - ** 5565 ** 557700 , 1 , 5565
16:43:23.728 [main] INFO  c.c.app.process.impl.Search2Impl.fillDetail  266 - ** 5566 ** 557700 , 1 , 5566
16:43:23.728 [main] INFO  c.c.app.process.impl.Search2Impl.fillDetail  266 - ** 5567 ** 557700 , 1 , 5567
16:43:23.728 [main] INFO  c.c.app.process.impl.Search2Impl.searchAll  379 -  SEARCHING 557700 TOGGLE 4 ITEM FOUND 5567
16:43:23.728 [main] INFO  c.c.app.process.impl.Search2Impl.fillDetail  266 - ** 5568 ** 558200 , 1 , 5568
16:43:23.728 [main] INFO  c.c.app.process.impl.Search2Impl.fillDetail  266 - ** 5569 ** 558200 , 1 , 5569
16:43:23.728 [main] INFO  c.c.app.process.impl.Search2Impl.fillDetail  266 - ** 5570 ** 558200 , 1 , 5570
16:43:23.728 [main] INFO  c.c.app.process.impl.Search2Impl.fillDetail  266 - ** 5571 ** 558200 , 1 , 5571
16:43:23.728 [main] INFO  c.c.app.process.impl.Search2Impl.fillDetail  266 - ** 5572 ** 558200 , 1 , 5572
16:43:23.728 [main] INFO  c.c.app.process.impl.Search2Impl.searchAll  379 -  SEARCHING 558200 TOGGLE 5 ITEM FOUND 5570
16:43:23.729 [main] INFO  c.c.app.process.impl.Search2Impl.fillDetail  266 - ** 5573 ** 558800 , 1 , 5573
16:43:23.729 [main] INFO  c.c.app.process.impl.Search2Impl.fillDetail  266 - ** 5574 ** 558800 , 1 , 5574
16:43:23.729 [main] INFO  c.c.app.process.impl.Search2Impl.fillDetail  266 - ** 5575 ** 558800 , 1 , 5575
16:43:23.729 [main] INFO  c.c.app.process.impl.Search2Impl.fillDetail  266 - ** 5576 ** 558800 , 1 , 5576
16:43:23.729 [main] INFO  c.c.app.process.impl.Search2Impl.fillDetail  266 - ** 5577 ** 558800 , 1 , 5577
16:43:23.729 [main] INFO  c.c.app.process.impl.Search2Impl.fillDetail  266 - ** 5578 ** 558800 , 1 , 5578
16:43:23.729 [main] INFO  c.c.app.process.impl.Search2Impl.searchAll  379 -  SEARCHING 558800 TOGGLE 6 ITEM FOUND 5573
16:43:23.729 [main] INFO  c.c.app.process.impl.Search2Impl.fillDetail  266 - ** 5579 ** 559000 , 1 , 5579
16:43:23.729 [main] INFO  c.c.app.process.impl.Search2Impl.fillDetail  266 - ** 5580 ** 559000 , 1 , 5580
16:43:23.729 [main] INFO  c.c.app.process.impl.Search2Impl.searchAll  379 -  SEARCHING 559000 TOGGLE 2 ITEM FOUND 5579
16:43:23.729 [main] INFO  c.c.app.process.impl.Search2Impl.fillDetail  266 - ** 5581 ** 559300 , 1 , 5581
16:43:23.729 [main] INFO  c.c.app.process.impl.Search2Impl.fillDetail  266 - ** 5582 ** 559300 , 1 , 5582
16:43:23.729 [main] INFO  c.c.app.process.impl.Search2Impl.fillDetail  266 - ** 5583 ** 559300 , 1 , 5583
16:43:23.729 [main] INFO  c.c.app.process.impl.Search2Impl.searchAll  379 -  SEARCHING 559300 TOGGLE 3 ITEM FOUND 5581
16:43:23.730 [main] INFO  c.c.app.process.impl.Search2Impl.fillDetail  266 - ** 5584 ** 559700 , 1 , 5584
16:43:23.730 [main] INFO  c.c.app.process.impl.Search2Impl.fillDetail  266 - ** 5585 ** 559700 , 1 , 5585
16:43:23.730 [main] INFO  c.c.app.process.impl.Search2Impl.fillDetail  266 - ** 5586 ** 559700 , 1 , 5586
16:43:23.730 [main] INFO  c.c.app.process.impl.Search2Impl.fillDetail  266 - ** 5587 ** 559700 , 1 , 5587
16:43:23.730 [main] INFO  c.c.app.process.impl.Search2Impl.searchAll  379 -  SEARCHING 559700 TOGGLE 4 ITEM FOUND 5584
16:43:23.730 [main] INFO  c.c.app.process.impl.Search2Impl.fillDetail  266 - ** 5588 ** 560200 , 1 , 5588
16:43:23.730 [main] INFO  c.c.app.process.impl.Search2Impl.fillDetail  266 - ** 5589 ** 560200 , 1 , 5589
16:43:23.730 [main] INFO  c.c.app.process.impl.Search2Impl.fillDetail  266 - ** 5590 ** 560200 , 1 , 5590
16:43:23.730 [main] INFO  c.c.app.process.impl.Search2Impl.fillDetail  266 - ** 5591 ** 560200 , 1 , 5591
16:43:23.730 [main] INFO  c.c.app.process.impl.Search2Impl.fillDetail  266 - ** 5592 ** 560200 , 1 , 5592
16:43:23.730 [main] INFO  c.c.app.process.impl.Search2Impl.searchAll  379 -  SEARCHING 560200 TOGGLE 5 ITEM FOUND 5590
16:43:23.730 [main] INFO  c.c.app.process.impl.Search2Impl.fillDetail  266 - ** 5593 ** 560800 , 1 , 5593
16:43:23.730 [main] INFO  c.c.app.process.impl.Search2Impl.fillDetail  266 - ** 5594 ** 560800 , 1 , 5594
16:43:23.730 [main] INFO  c.c.app.process.impl.Search2Impl.fillDetail  266 - ** 5595 ** 560800 , 1 , 5595
16:43:23.731 [main] INFO  c.c.app.process.impl.Search2Impl.fillDetail  266 - ** 5596 ** 560800 , 1 , 5596
16:43:23.731 [main] INFO  c.c.app.process.impl.Search2Impl.fillDetail  266 - ** 5597 ** 560800 , 1 , 5597
16:43:23.731 [main] INFO  c.c.app.process.impl.Search2Impl.fillDetail  266 - ** 5598 ** 560800 , 1 , 5598
16:43:23.731 [main] INFO  c.c.app.process.impl.Search2Impl.searchAll  379 -  SEARCHING 560800 TOGGLE 6 ITEM FOUND 5596
16:43:23.731 [main] INFO  c.c.app.process.impl.Search2Impl.fillDetail  266 - ** 5599 ** 561000 , 1 , 5599
16:43:23.731 [main] INFO  c.c.app.process.impl.Search2Impl.fillDetail  266 - ** 5600 ** 561000 , 1 , 5600
16:43:23.731 [main] INFO  c.c.app.process.impl.Search2Impl.searchAll  379 -  SEARCHING 561000 TOGGLE 2 ITEM FOUND 5599
16:43:23.731 [main] INFO  c.c.app.process.impl.Search2Impl.fillDetail  266 - ** 5601 ** 561300 , 1 , 5601
16:43:23.731 [main] INFO  c.c.app.process.impl.Search2Impl.fillDetail  266 - ** 5602 ** 561300 , 1 , 5602
16:43:23.731 [main] INFO  c.c.app.process.impl.Search2Impl.fillDetail  266 - ** 5603 ** 561300 , 1 , 5603
16:43:23.731 [main] INFO  c.c.app.process.impl.Search2Impl.searchAll  379 -  SEARCHING 561300 TOGGLE 3 ITEM FOUND 5602
16:43:23.731 [main] INFO  c.c.app.process.impl.Search2Impl.fillDetail  266 - ** 5604 ** 561700 , 1 , 5604
16:43:23.731 [main] INFO  c.c.app.process.impl.Search2Impl.fillDetail  266 - ** 5605 ** 561700 , 1 , 5605
16:43:23.732 [main] INFO  c.c.app.process.impl.Search2Impl.fillDetail  266 - ** 5606 ** 561700 , 1 , 5606
16:43:23.732 [main] INFO  c.c.app.process.impl.Search2Impl.fillDetail  266 - ** 5607 ** 561700 , 1 , 5607
16:43:23.732 [main] INFO  c.c.app.process.impl.Search2Impl.searchAll  379 -  SEARCHING 561700 TOGGLE 4 ITEM FOUND 5607
16:43:23.732 [main] INFO  c.c.app.process.impl.Search2Impl.fillDetail  266 - ** 5608 ** 562200 , 1 , 5608
16:43:23.732 [main] INFO  c.c.app.process.impl.Search2Impl.fillDetail  266 - ** 5609 ** 562200 , 1 , 5609
16:43:23.732 [main] INFO  c.c.app.process.impl.Search2Impl.fillDetail  266 - ** 5610 ** 562200 , 1 , 5610
16:43:23.732 [main] INFO  c.c.app.process.impl.Search2Impl.fillDetail  266 - ** 5611 ** 562200 , 1 , 5611
16:43:23.732 [main] INFO  c.c.app.process.impl.Search2Impl.fillDetail  266 - ** 5612 ** 562200 , 1 , 5612
16:43:23.732 [main] INFO  c.c.app.process.impl.Search2Impl.searchAll  379 -  SEARCHING 562200 TOGGLE 5 ITEM FOUND 5610
16:43:23.732 [main] INFO  c.c.app.process.impl.Search2Impl.fillDetail  266 - ** 5613 ** 562800 , 1 , 5613
16:43:23.732 [main] INFO  c.c.app.process.impl.Search2Impl.fillDetail  266 - ** 5614 ** 562800 , 1 , 5614
16:43:23.732 [main] INFO  c.c.app.process.impl.Search2Impl.fillDetail  266 - ** 5615 ** 562800 , 1 , 5615
16:43:23.732 [main] INFO  c.c.app.process.impl.Search2Impl.fillDetail  266 - ** 5616 ** 562800 , 1 , 5616
16:43:23.732 [main] INFO  c.c.app.process.impl.Search2Impl.fillDetail  266 - ** 5617 ** 562800 , 1 , 5617
16:43:23.732 [main] INFO  c.c.app.process.impl.Search2Impl.fillDetail  266 - ** 5618 ** 562800 , 1 , 5618
16:43:23.733 [main] INFO  c.c.app.process.impl.Search2Impl.searchAll  379 -  SEARCHING 562800 TOGGLE 6 ITEM FOUND 5613
16:43:23.733 [main] INFO  c.c.app.process.impl.Search2Impl.fillDetail  266 - ** 5619 ** 563000 , 1 , 5619
16:43:23.733 [main] INFO  c.c.app.process.impl.Search2Impl.fillDetail  266 - ** 5620 ** 563000 , 1 , 5620
16:43:23.733 [main] INFO  c.c.app.process.impl.Search2Impl.searchAll  379 -  SEARCHING 563000 TOGGLE 2 ITEM FOUND 5619
16:43:23.733 [main] INFO  c.c.app.process.impl.Search2Impl.fillDetail  266 - ** 5621 ** 563300 , 1 , 5621
16:43:23.733 [main] INFO  c.c.app.process.impl.Search2Impl.fillDetail  266 - ** 5622 ** 563300 , 1 , 5622
16:43:23.733 [main] INFO  c.c.app.process.impl.Search2Impl.fillDetail  266 - ** 5623 ** 563300 , 1 , 5623
16:43:23.733 [main] INFO  c.c.app.process.impl.Search2Impl.searchAll  379 -  SEARCHING 563300 TOGGLE 3 ITEM FOUND 5622
16:43:23.733 [main] INFO  c.c.app.process.impl.Search2Impl.fillDetail  266 - ** 5624 ** 563700 , 1 , 5624
16:43:23.733 [main] INFO  c.c.app.process.impl.Search2Impl.fillDetail  266 - ** 5625 ** 563700 , 1 , 5625
16:43:23.733 [main] INFO  c.c.app.process.impl.Search2Impl.fillDetail  266 - ** 5626 ** 563700 , 1 , 5626
16:43:23.733 [main] INFO  c.c.app.process.impl.Search2Impl.fillDetail  266 - ** 5627 ** 563700 , 1 , 5627
16:43:23.733 [main] INFO  c.c.app.process.impl.Search2Impl.searchAll  379 -  SEARCHING 563700 TOGGLE 4 ITEM FOUND 5625
16:43:23.734 [main] INFO  c.c.app.process.impl.Search2Impl.fillDetail  266 - ** 5628 ** 564200 , 1 , 5628
16:43:23.734 [main] INFO  c.c.app.process.impl.Search2Impl.fillDetail  266 - ** 5629 ** 564200 , 1 , 5629
16:43:23.734 [main] INFO  c.c.app.process.impl.Search2Impl.fillDetail  266 - ** 5630 ** 564200 , 1 , 5630
16:43:23.734 [main] INFO  c.c.app.process.impl.Search2Impl.fillDetail  266 - ** 5631 ** 564200 , 1 , 5631
16:43:23.734 [main] INFO  c.c.app.process.impl.Search2Impl.fillDetail  266 - ** 5632 ** 564200 , 1 , 5632
16:43:23.734 [main] INFO  c.c.app.process.impl.Search2Impl.searchAll  379 -  SEARCHING 564200 TOGGLE 5 ITEM FOUND 5630
16:43:23.734 [main] INFO  c.c.app.process.impl.Search2Impl.fillDetail  266 - ** 5633 ** 564800 , 1 , 5633
16:43:23.734 [main] INFO  c.c.app.process.impl.Search2Impl.fillDetail  266 - ** 5634 ** 564800 , 1 , 5634
16:43:23.734 [main] INFO  c.c.app.process.impl.Search2Impl.fillDetail  266 - ** 5635 ** 564800 , 1 , 5635
16:43:23.734 [main] INFO  c.c.app.process.impl.Search2Impl.fillDetail  266 - ** 5636 ** 564800 , 1 , 5636
16:43:23.734 [main] INFO  c.c.app.process.impl.Search2Impl.fillDetail  266 - ** 5637 ** 564800 , 1 , 5637
16:43:23.734 [main] INFO  c.c.app.process.impl.Search2Impl.fillDetail  266 - ** 5638 ** 564800 , 1 , 5638
16:43:23.734 [main] INFO  c.c.app.process.impl.Search2Impl.searchAll  379 -  SEARCHING 564800 TOGGLE 6 ITEM FOUND 5636
16:43:23.734 [main] INFO  c.c.app.process.impl.Search2Impl.fillDetail  266 - ** 5639 ** 565000 , 1 , 5639
16:43:23.735 [main] INFO  c.c.app.process.impl.Search2Impl.fillDetail  266 - ** 5640 ** 565000 , 1 , 5640
16:43:23.735 [main] INFO  c.c.app.process.impl.Search2Impl.searchAll  379 -  SEARCHING 565000 TOGGLE 2 ITEM FOUND 5639
16:43:23.735 [main] INFO  c.c.app.process.impl.Search2Impl.fillDetail  266 - ** 5641 ** 565300 , 1 , 5641
16:43:23.735 [main] INFO  c.c.app.process.impl.Search2Impl.fillDetail  266 - ** 5642 ** 565300 , 1 , 5642
16:43:23.735 [main] INFO  c.c.app.process.impl.Search2Impl.fillDetail  266 - ** 5643 ** 565300 , 1 , 5643
16:43:23.735 [main] INFO  c.c.app.process.impl.Search2Impl.searchAll  379 -  SEARCHING 565300 TOGGLE 3 ITEM FOUND 5642
16:43:23.735 [main] INFO  c.c.app.process.impl.Search2Impl.fillDetail  266 - ** 5644 ** 565700 , 1 , 5644
16:43:23.735 [main] INFO  c.c.app.process.impl.Search2Impl.fillDetail  266 - ** 5645 ** 565700 , 1 , 5645
16:43:23.735 [main] INFO  c.c.app.process.impl.Search2Impl.fillDetail  266 - ** 5646 ** 565700 , 1 , 5646
16:43:23.735 [main] INFO  c.c.app.process.impl.Search2Impl.fillDetail  266 - ** 5647 ** 565700 , 1 , 5647
16:43:23.735 [main] INFO  c.c.app.process.impl.Search2Impl.searchAll  379 -  SEARCHING 565700 TOGGLE 4 ITEM FOUND 5645
16:43:23.735 [main] INFO  c.c.app.process.impl.Search2Impl.fillDetail  266 - ** 5648 ** 566200 , 1 , 5648
16:43:23.735 [main] INFO  c.c.app.process.impl.Search2Impl.fillDetail  266 - ** 5649 ** 566200 , 1 , 5649
16:43:23.735 [main] INFO  c.c.app.process.impl.Search2Impl.fillDetail  266 - ** 5650 ** 566200 , 1 , 5650
16:43:23.736 [main] INFO  c.c.app.process.impl.Search2Impl.fillDetail  266 - ** 5651 ** 566200 , 1 , 5651
16:43:23.736 [main] INFO  c.c.app.process.impl.Search2Impl.fillDetail  266 - ** 5652 ** 566200 , 1 , 5652
16:43:23.736 [main] INFO  c.c.app.process.impl.Search2Impl.searchAll  379 -  SEARCHING 566200 TOGGLE 5 ITEM FOUND 5648
16:43:23.736 [main] INFO  c.c.app.process.impl.Search2Impl.fillDetail  266 - ** 5653 ** 566800 , 1 , 5653
16:43:23.736 [main] INFO  c.c.app.process.impl.Search2Impl.fillDetail  266 - ** 5654 ** 566800 , 1 , 5654
16:43:23.736 [main] INFO  c.c.app.process.impl.Search2Impl.fillDetail  266 - ** 5655 ** 566800 , 1 , 5655
16:43:23.736 [main] INFO  c.c.app.process.impl.Search2Impl.fillDetail  266 - ** 5656 ** 566800 , 1 , 5656
16:43:23.736 [main] INFO  c.c.app.process.impl.Search2Impl.fillDetail  266 - ** 5657 ** 566800 , 1 , 5657
16:43:23.736 [main] INFO  c.c.app.process.impl.Search2Impl.fillDetail  266 - ** 5658 ** 566800 , 1 , 5658
16:43:23.736 [main] INFO  c.c.app.process.impl.Search2Impl.searchAll  379 -  SEARCHING 566800 TOGGLE 6 ITEM FOUND 5653
16:43:23.736 [main] INFO  c.c.app.process.impl.Search2Impl.fillDetail  266 - ** 5659 ** 567000 , 1 , 5659
16:43:23.736 [main] INFO  c.c.app.process.impl.Search2Impl.fillDetail  266 - ** 5660 ** 567000 , 1 , 5660
16:43:23.736 [main] INFO  c.c.app.process.impl.Search2Impl.searchAll  379 -  SEARCHING 567000 TOGGLE 2 ITEM FOUND 5659
16:43:23.736 [main] INFO  c.c.app.process.impl.Search2Impl.fillDetail  266 - ** 5661 ** 567300 , 1 , 5661
16:43:23.737 [main] INFO  c.c.app.process.impl.Search2Impl.fillDetail  266 - ** 5662 ** 567300 , 1 , 5662
16:43:23.737 [main] INFO  c.c.app.process.impl.Search2Impl.fillDetail  266 - ** 5663 ** 567300 , 1 , 5663
16:43:23.737 [main] INFO  c.c.app.process.impl.Search2Impl.searchAll  379 -  SEARCHING 567300 TOGGLE 3 ITEM FOUND 5662
16:43:23.737 [main] INFO  c.c.app.process.impl.Search2Impl.fillDetail  266 - ** 5664 ** 567700 , 1 , 5664
16:43:23.737 [main] INFO  c.c.app.process.impl.Search2Impl.fillDetail  266 - ** 5665 ** 567700 , 1 , 5665
16:43:23.737 [main] INFO  c.c.app.process.impl.Search2Impl.fillDetail  266 - ** 5666 ** 567700 , 1 , 5666
16:43:23.737 [main] INFO  c.c.app.process.impl.Search2Impl.fillDetail  266 - ** 5667 ** 567700 , 1 , 5667
16:43:23.737 [main] INFO  c.c.app.process.impl.Search2Impl.searchAll  379 -  SEARCHING 567700 TOGGLE 4 ITEM FOUND 5665
16:43:23.737 [main] INFO  c.c.app.process.impl.Search2Impl.fillDetail  266 - ** 5668 ** 568200 , 1 , 5668
16:43:23.737 [main] INFO  c.c.app.process.impl.Search2Impl.fillDetail  266 - ** 5669 ** 568200 , 1 , 5669
16:43:23.737 [main] INFO  c.c.app.process.impl.Search2Impl.fillDetail  266 - ** 5670 ** 568200 , 1 , 5670
16:43:23.737 [main] INFO  c.c.app.process.impl.Search2Impl.fillDetail  266 - ** 5671 ** 568200 , 1 , 5671
16:43:23.737 [main] INFO  c.c.app.process.impl.Search2Impl.fillDetail  266 - ** 5672 ** 568200 , 1 , 5672
16:43:23.737 [main] INFO  c.c.app.process.impl.Search2Impl.searchAll  379 -  SEARCHING 568200 TOGGLE 5 ITEM FOUND 5671
16:43:23.738 [main] INFO  c.c.app.process.impl.Search2Impl.fillDetail  266 - ** 5673 ** 568800 , 1 , 5673
16:43:23.738 [main] INFO  c.c.app.process.impl.Search2Impl.fillDetail  266 - ** 5674 ** 568800 , 1 , 5674
16:43:23.738 [main] INFO  c.c.app.process.impl.Search2Impl.fillDetail  266 - ** 5675 ** 568800 , 1 , 5675
16:43:23.738 [main] INFO  c.c.app.process.impl.Search2Impl.fillDetail  266 - ** 5676 ** 568800 , 1 , 5676
16:43:23.738 [main] INFO  c.c.app.process.impl.Search2Impl.fillDetail  266 - ** 5677 ** 568800 , 1 , 5677
16:43:23.738 [main] INFO  c.c.app.process.impl.Search2Impl.fillDetail  266 - ** 5678 ** 568800 , 1 , 5678
16:43:23.738 [main] INFO  c.c.app.process.impl.Search2Impl.searchAll  379 -  SEARCHING 568800 TOGGLE 6 ITEM FOUND 5676
16:43:23.738 [main] INFO  c.c.app.process.impl.Search2Impl.fillDetail  266 - ** 5679 ** 569000 , 1 , 5679
16:43:23.738 [main] INFO  c.c.app.process.impl.Search2Impl.fillDetail  266 - ** 5680 ** 569000 , 1 , 5680
16:43:23.738 [main] INFO  c.c.app.process.impl.Search2Impl.searchAll  379 -  SEARCHING 569000 TOGGLE 2 ITEM FOUND 5679
16:43:23.738 [main] INFO  c.c.app.process.impl.Search2Impl.fillDetail  266 - ** 5681 ** 569300 , 1 , 5681
16:43:23.738 [main] INFO  c.c.app.process.impl.Search2Impl.fillDetail  266 - ** 5682 ** 569300 , 1 , 5682
16:43:23.738 [main] INFO  c.c.app.process.impl.Search2Impl.fillDetail  266 - ** 5683 ** 569300 , 1 , 5683
16:43:23.738 [main] INFO  c.c.app.process.impl.Search2Impl.searchAll  379 -  SEARCHING 569300 TOGGLE 3 ITEM FOUND 5682
16:43:23.739 [main] INFO  c.c.app.process.impl.Search2Impl.fillDetail  266 - ** 5684 ** 569700 , 1 , 5684
16:43:23.739 [main] INFO  c.c.app.process.impl.Search2Impl.fillDetail  266 - ** 5685 ** 569700 , 1 , 5685
16:43:23.739 [main] INFO  c.c.app.process.impl.Search2Impl.fillDetail  266 - ** 5686 ** 569700 , 1 , 5686
16:43:23.739 [main] INFO  c.c.app.process.impl.Search2Impl.fillDetail  266 - ** 5687 ** 569700 , 1 , 5687
16:43:23.739 [main] INFO  c.c.app.process.impl.Search2Impl.searchAll  379 -  SEARCHING 569700 TOGGLE 4 ITEM FOUND 5685
16:43:23.739 [main] INFO  c.c.app.process.impl.Search2Impl.fillDetail  266 - ** 5688 ** 570200 , 1 , 5688
16:43:23.739 [main] INFO  c.c.app.process.impl.Search2Impl.fillDetail  266 - ** 5689 ** 570200 , 1 , 5689
16:43:23.739 [main] INFO  c.c.app.process.impl.Search2Impl.fillDetail  266 - ** 5690 ** 570200 , 1 , 5690
16:43:23.739 [main] INFO  c.c.app.process.impl.Search2Impl.fillDetail  266 - ** 5691 ** 570200 , 1 , 5691
16:43:23.739 [main] INFO  c.c.app.process.impl.Search2Impl.fillDetail  266 - ** 5692 ** 570200 , 1 , 5692
16:43:23.739 [main] INFO  c.c.app.process.impl.Search2Impl.searchAll  379 -  SEARCHING 570200 TOGGLE 5 ITEM FOUND 5688
16:43:23.739 [main] INFO  c.c.app.process.impl.Search2Impl.fillDetail  266 - ** 5693 ** 570800 , 1 , 5693
16:43:23.739 [main] INFO  c.c.app.process.impl.Search2Impl.fillDetail  266 - ** 5694 ** 570800 , 1 , 5694
16:43:23.739 [main] INFO  c.c.app.process.impl.Search2Impl.fillDetail  266 - ** 5695 ** 570800 , 1 , 5695
16:43:23.740 [main] INFO  c.c.app.process.impl.Search2Impl.fillDetail  266 - ** 5696 ** 570800 , 1 , 5696
16:43:23.740 [main] INFO  c.c.app.process.impl.Search2Impl.fillDetail  266 - ** 5697 ** 570800 , 1 , 5697
16:43:23.740 [main] INFO  c.c.app.process.impl.Search2Impl.fillDetail  266 - ** 5698 ** 570800 , 1 , 5698
16:43:23.740 [main] INFO  c.c.app.process.impl.Search2Impl.searchAll  379 -  SEARCHING 570800 TOGGLE 6 ITEM FOUND 5694
16:43:23.740 [main] INFO  c.c.app.process.impl.Search2Impl.fillDetail  266 - ** 5699 ** 571000 , 1 , 5699
16:43:23.740 [main] INFO  c.c.app.process.impl.Search2Impl.fillDetail  266 - ** 5700 ** 571000 , 1 , 5700
16:43:23.740 [main] INFO  c.c.app.process.impl.Search2Impl.searchAll  379 -  SEARCHING 571000 TOGGLE 2 ITEM FOUND 5699
16:43:23.740 [main] INFO  c.c.app.process.impl.Search2Impl.fillDetail  266 - ** 5701 ** 571300 , 1 , 5701
16:43:23.740 [main] INFO  c.c.app.process.impl.Search2Impl.fillDetail  266 - ** 5702 ** 571300 , 1 , 5702
16:43:23.740 [main] INFO  c.c.app.process.impl.Search2Impl.fillDetail  266 - ** 5703 ** 571300 , 1 , 5703
16:43:23.740 [main] INFO  c.c.app.process.impl.Search2Impl.searchAll  379 -  SEARCHING 571300 TOGGLE 3 ITEM FOUND 5702
16:43:23.740 [main] INFO  c.c.app.process.impl.Search2Impl.fillDetail  266 - ** 5704 ** 571700 , 1 , 5704
16:43:23.741 [main] INFO  c.c.app.process.impl.Search2Impl.fillDetail  266 - ** 5705 ** 571700 , 1 , 5705
16:43:23.741 [main] INFO  c.c.app.process.impl.Search2Impl.fillDetail  266 - ** 5706 ** 571700 , 1 , 5706
16:43:23.741 [main] INFO  c.c.app.process.impl.Search2Impl.fillDetail  266 - ** 5707 ** 571700 , 1 , 5707
16:43:23.741 [main] INFO  c.c.app.process.impl.Search2Impl.searchAll  379 -  SEARCHING 571700 TOGGLE 4 ITEM FOUND 5705
16:43:23.741 [main] INFO  c.c.app.process.impl.Search2Impl.fillDetail  266 - ** 5708 ** 572200 , 1 , 5708
16:43:23.741 [main] INFO  c.c.app.process.impl.Search2Impl.fillDetail  266 - ** 5709 ** 572200 , 1 , 5709
16:43:23.741 [main] INFO  c.c.app.process.impl.Search2Impl.fillDetail  266 - ** 5710 ** 572200 , 1 , 5710
16:43:23.741 [main] INFO  c.c.app.process.impl.Search2Impl.fillDetail  266 - ** 5711 ** 572200 , 1 , 5711
16:43:23.741 [main] INFO  c.c.app.process.impl.Search2Impl.fillDetail  266 - ** 5712 ** 572200 , 1 , 5712
16:43:23.741 [main] INFO  c.c.app.process.impl.Search2Impl.searchAll  379 -  SEARCHING 572200 TOGGLE 5 ITEM FOUND 5711
16:43:23.741 [main] INFO  c.c.app.process.impl.Search2Impl.fillDetail  266 - ** 5713 ** 572800 , 1 , 5713
16:43:23.741 [main] INFO  c.c.app.process.impl.Search2Impl.fillDetail  266 - ** 5714 ** 572800 , 1 , 5714
16:43:23.741 [main] INFO  c.c.app.process.impl.Search2Impl.fillDetail  266 - ** 5715 ** 572800 , 1 , 5715
16:43:23.742 [main] INFO  c.c.app.process.impl.Search2Impl.fillDetail  266 - ** 5716 ** 572800 , 1 , 5716
16:43:23.742 [main] INFO  c.c.app.process.impl.Search2Impl.fillDetail  266 - ** 5717 ** 572800 , 1 , 5717
16:43:23.742 [main] INFO  c.c.app.process.impl.Search2Impl.fillDetail  266 - ** 5718 ** 572800 , 1 , 5718
16:43:23.742 [main] INFO  c.c.app.process.impl.Search2Impl.searchAll  379 -  SEARCHING 572800 TOGGLE 6 ITEM FOUND 5717
16:43:23.742 [main] INFO  c.c.app.process.impl.Search2Impl.fillDetail  266 - ** 5719 ** 573000 , 1 , 5719
16:43:23.742 [main] INFO  c.c.app.process.impl.Search2Impl.fillDetail  266 - ** 5720 ** 573000 , 1 , 5720
16:43:23.742 [main] INFO  c.c.app.process.impl.Search2Impl.searchAll  379 -  SEARCHING 573000 TOGGLE 2 ITEM FOUND 5719
16:43:23.742 [main] INFO  c.c.app.process.impl.Search2Impl.fillDetail  266 - ** 5721 ** 573300 , 1 , 5721
16:43:23.742 [main] INFO  c.c.app.process.impl.Search2Impl.fillDetail  266 - ** 5722 ** 573300 , 1 , 5722
16:43:23.742 [main] INFO  c.c.app.process.impl.Search2Impl.fillDetail  266 - ** 5723 ** 573300 , 1 , 5723
16:43:23.742 [main] INFO  c.c.app.process.impl.Search2Impl.searchAll  379 -  SEARCHING 573300 TOGGLE 3 ITEM FOUND 5722
16:43:23.742 [main] INFO  c.c.app.process.impl.Search2Impl.fillDetail  266 - ** 5724 ** 573700 , 1 , 5724
16:43:23.742 [main] INFO  c.c.app.process.impl.Search2Impl.fillDetail  266 - ** 5725 ** 573700 , 1 , 5725
16:43:23.743 [main] INFO  c.c.app.process.impl.Search2Impl.fillDetail  266 - ** 5726 ** 573700 , 1 , 5726
16:43:23.743 [main] INFO  c.c.app.process.impl.Search2Impl.fillDetail  266 - ** 5727 ** 573700 , 1 , 5727
16:43:23.743 [main] INFO  c.c.app.process.impl.Search2Impl.searchAll  379 -  SEARCHING 573700 TOGGLE 4 ITEM FOUND 5725
16:43:23.743 [main] INFO  c.c.app.process.impl.Search2Impl.fillDetail  266 - ** 5728 ** 574200 , 1 , 5728
16:43:23.743 [main] INFO  c.c.app.process.impl.Search2Impl.fillDetail  266 - ** 5729 ** 574200 , 1 , 5729
16:43:23.743 [main] INFO  c.c.app.process.impl.Search2Impl.fillDetail  266 - ** 5730 ** 574200 , 1 , 5730
16:43:23.743 [main] INFO  c.c.app.process.impl.Search2Impl.fillDetail  266 - ** 5731 ** 574200 , 1 , 5731
16:43:23.743 [main] INFO  c.c.app.process.impl.Search2Impl.fillDetail  266 - ** 5732 ** 574200 , 1 , 5732
16:43:23.743 [main] INFO  c.c.app.process.impl.Search2Impl.searchAll  379 -  SEARCHING 574200 TOGGLE 5 ITEM FOUND 5728
16:43:23.743 [main] INFO  c.c.app.process.impl.Search2Impl.fillDetail  266 - ** 5733 ** 574800 , 1 , 5733
16:43:23.743 [main] INFO  c.c.app.process.impl.Search2Impl.fillDetail  266 - ** 5734 ** 574800 , 1 , 5734
16:43:23.743 [main] INFO  c.c.app.process.impl.Search2Impl.fillDetail  266 - ** 5735 ** 574800 , 1 , 5735
16:43:23.743 [main] INFO  c.c.app.process.impl.Search2Impl.fillDetail  266 - ** 5736 ** 574800 , 1 , 5736
16:43:23.744 [main] INFO  c.c.app.process.impl.Search2Impl.fillDetail  266 - ** 5737 ** 574800 , 1 , 5737
16:43:23.744 [main] INFO  c.c.app.process.impl.Search2Impl.fillDetail  266 - ** 5738 ** 574800 , 1 , 5738
16:43:23.744 [main] INFO  c.c.app.process.impl.Search2Impl.searchAll  379 -  SEARCHING 574800 TOGGLE 6 ITEM FOUND 5734
16:43:23.744 [main] INFO  c.c.app.process.impl.Search2Impl.fillDetail  266 - ** 5739 ** 575000 , 1 , 5739
16:43:23.744 [main] INFO  c.c.app.process.impl.Search2Impl.fillDetail  266 - ** 5740 ** 575000 , 1 , 5740
16:43:23.744 [main] INFO  c.c.app.process.impl.Search2Impl.searchAll  379 -  SEARCHING 575000 TOGGLE 2 ITEM FOUND 5740
16:43:23.744 [main] INFO  c.c.app.process.impl.Search2Impl.fillDetail  266 - ** 5741 ** 575300 , 1 , 5741
16:43:23.744 [main] INFO  c.c.app.process.impl.Search2Impl.fillDetail  266 - ** 5742 ** 575300 , 1 , 5742
16:43:23.744 [main] INFO  c.c.app.process.impl.Search2Impl.fillDetail  266 - ** 5743 ** 575300 , 1 , 5743
16:43:23.744 [main] INFO  c.c.app.process.impl.Search2Impl.searchAll  379 -  SEARCHING 575300 TOGGLE 3 ITEM FOUND 5742
16:43:23.744 [main] INFO  c.c.app.process.impl.Search2Impl.fillDetail  266 - ** 5744 ** 575700 , 1 , 5744
16:43:23.744 [main] INFO  c.c.app.process.impl.Search2Impl.fillDetail  266 - ** 5745 ** 575700 , 1 , 5745
16:43:23.744 [main] INFO  c.c.app.process.impl.Search2Impl.fillDetail  266 - ** 5746 ** 575700 , 1 , 5746
16:43:23.744 [main] INFO  c.c.app.process.impl.Search2Impl.fillDetail  266 - ** 5747 ** 575700 , 1 , 5747
16:43:23.745 [main] INFO  c.c.app.process.impl.Search2Impl.searchAll  379 -  SEARCHING 575700 TOGGLE 4 ITEM FOUND 5745
16:43:23.745 [main] INFO  c.c.app.process.impl.Search2Impl.fillDetail  266 - ** 5748 ** 576200 , 1 , 5748
16:43:23.745 [main] INFO  c.c.app.process.impl.Search2Impl.fillDetail  266 - ** 5749 ** 576200 , 1 , 5749
16:43:23.745 [main] INFO  c.c.app.process.impl.Search2Impl.fillDetail  266 - ** 5750 ** 576200 , 1 , 5750
16:43:23.745 [main] INFO  c.c.app.process.impl.Search2Impl.fillDetail  266 - ** 5751 ** 576200 , 1 , 5751
16:43:23.745 [main] INFO  c.c.app.process.impl.Search2Impl.fillDetail  266 - ** 5752 ** 576200 , 1 , 5752
16:43:23.745 [main] INFO  c.c.app.process.impl.Search2Impl.searchAll  379 -  SEARCHING 576200 TOGGLE 5 ITEM FOUND 5751
16:43:23.745 [main] INFO  c.c.app.process.impl.Search2Impl.fillDetail  266 - ** 5753 ** 576800 , 1 , 5753
16:43:23.745 [main] INFO  c.c.app.process.impl.Search2Impl.fillDetail  266 - ** 5754 ** 576800 , 1 , 5754
16:43:23.745 [main] INFO  c.c.app.process.impl.Search2Impl.fillDetail  266 - ** 5755 ** 576800 , 1 , 5755
16:43:23.745 [main] INFO  c.c.app.process.impl.Search2Impl.fillDetail  266 - ** 5756 ** 576800 , 1 , 5756
16:43:23.745 [main] INFO  c.c.app.process.impl.Search2Impl.fillDetail  266 - ** 5757 ** 576800 , 1 , 5757
16:43:23.745 [main] INFO  c.c.app.process.impl.Search2Impl.fillDetail  266 - ** 5758 ** 576800 , 1 , 5758
16:43:23.745 [main] INFO  c.c.app.process.impl.Search2Impl.searchAll  379 -  SEARCHING 576800 TOGGLE 6 ITEM FOUND 5757
16:43:23.746 [main] INFO  c.c.app.process.impl.Search2Impl.fillDetail  266 - ** 5759 ** 577000 , 1 , 5759
16:43:23.746 [main] INFO  c.c.app.process.impl.Search2Impl.fillDetail  266 - ** 5760 ** 577000 , 1 , 5760
16:43:23.746 [main] INFO  c.c.app.process.impl.Search2Impl.searchAll  379 -  SEARCHING 577000 TOGGLE 2 ITEM FOUND 5760
16:43:23.746 [main] INFO  c.c.app.process.impl.Search2Impl.fillDetail  266 - ** 5761 ** 577300 , 1 , 5761
16:43:23.746 [main] INFO  c.c.app.process.impl.Search2Impl.fillDetail  266 - ** 5762 ** 577300 , 1 , 5762
16:43:23.746 [main] INFO  c.c.app.process.impl.Search2Impl.fillDetail  266 - ** 5763 ** 577300 , 1 , 5763
16:43:23.746 [main] INFO  c.c.app.process.impl.Search2Impl.searchAll  379 -  SEARCHING 577300 TOGGLE 3 ITEM FOUND 5763
16:43:23.746 [main] INFO  c.c.app.process.impl.Search2Impl.fillDetail  266 - ** 5764 ** 577700 , 1 , 5764
16:43:23.746 [main] INFO  c.c.app.process.impl.Search2Impl.fillDetail  266 - ** 5765 ** 577700 , 1 , 5765
16:43:23.746 [main] INFO  c.c.app.process.impl.Search2Impl.fillDetail  266 - ** 5766 ** 577700 , 1 , 5766
16:43:23.746 [main] INFO  c.c.app.process.impl.Search2Impl.fillDetail  266 - ** 5767 ** 577700 , 1 , 5767
16:43:23.746 [main] INFO  c.c.app.process.impl.Search2Impl.searchAll  379 -  SEARCHING 577700 TOGGLE 4 ITEM FOUND 5765
16:43:23.746 [main] INFO  c.c.app.process.impl.Search2Impl.fillDetail  266 - ** 5768 ** 578200 , 1 , 5768
16:43:23.747 [main] INFO  c.c.app.process.impl.Search2Impl.fillDetail  266 - ** 5769 ** 578200 , 1 , 5769
16:43:23.747 [main] INFO  c.c.app.process.impl.Search2Impl.fillDetail  266 - ** 5770 ** 578200 , 1 , 5770
16:43:23.747 [main] INFO  c.c.app.process.impl.Search2Impl.fillDetail  266 - ** 5771 ** 578200 , 1 , 5771
16:43:23.747 [main] INFO  c.c.app.process.impl.Search2Impl.fillDetail  266 - ** 5772 ** 578200 , 1 , 5772
16:43:23.747 [main] INFO  c.c.app.process.impl.Search2Impl.searchAll  379 -  SEARCHING 578200 TOGGLE 5 ITEM FOUND 5768
16:43:23.747 [main] INFO  c.c.app.process.impl.Search2Impl.fillDetail  266 - ** 5773 ** 578800 , 1 , 5773
16:43:23.747 [main] INFO  c.c.app.process.impl.Search2Impl.fillDetail  266 - ** 5774 ** 578800 , 1 , 5774
16:43:23.747 [main] INFO  c.c.app.process.impl.Search2Impl.fillDetail  266 - ** 5775 ** 578800 , 1 , 5775
16:43:23.747 [main] INFO  c.c.app.process.impl.Search2Impl.fillDetail  266 - ** 5776 ** 578800 , 1 , 5776
16:43:23.747 [main] INFO  c.c.app.process.impl.Search2Impl.fillDetail  266 - ** 5777 ** 578800 , 1 , 5777
16:43:23.747 [main] INFO  c.c.app.process.impl.Search2Impl.fillDetail  266 - ** 5778 ** 578800 , 1 , 5778
16:43:23.747 [main] INFO  c.c.app.process.impl.Search2Impl.searchAll  379 -  SEARCHING 578800 TOGGLE 6 ITEM FOUND 5774
16:43:23.747 [main] INFO  c.c.app.process.impl.Search2Impl.fillDetail  266 - ** 5779 ** 579000 , 1 , 5779
16:43:23.747 [main] INFO  c.c.app.process.impl.Search2Impl.fillDetail  266 - ** 5780 ** 579000 , 1 , 5780
16:43:23.748 [main] INFO  c.c.app.process.impl.Search2Impl.searchAll  379 -  SEARCHING 579000 TOGGLE 2 ITEM FOUND 5780
16:43:23.748 [main] INFO  c.c.app.process.impl.Search2Impl.fillDetail  266 - ** 5781 ** 579300 , 1 , 5781
16:43:23.748 [main] INFO  c.c.app.process.impl.Search2Impl.fillDetail  266 - ** 5782 ** 579300 , 1 , 5782
16:43:23.748 [main] INFO  c.c.app.process.impl.Search2Impl.fillDetail  266 - ** 5783 ** 579300 , 1 , 5783
16:43:23.748 [main] INFO  c.c.app.process.impl.Search2Impl.searchAll  379 -  SEARCHING 579300 TOGGLE 3 ITEM FOUND 5783
16:43:23.748 [main] INFO  c.c.app.process.impl.Search2Impl.fillDetail  266 - ** 5784 ** 579700 , 1 , 5784
16:43:23.748 [main] INFO  c.c.app.process.impl.Search2Impl.fillDetail  266 - ** 5785 ** 579700 , 1 , 5785
16:43:23.748 [main] INFO  c.c.app.process.impl.Search2Impl.fillDetail  266 - ** 5786 ** 579700 , 1 , 5786
16:43:23.748 [main] INFO  c.c.app.process.impl.Search2Impl.fillDetail  266 - ** 5787 ** 579700 , 1 , 5787
16:43:23.748 [main] INFO  c.c.app.process.impl.Search2Impl.searchAll  379 -  SEARCHING 579700 TOGGLE 4 ITEM FOUND 5786
16:43:23.748 [main] INFO  c.c.app.process.impl.Search2Impl.fillDetail  266 - ** 5788 ** 580200 , 1 , 5788
16:43:23.748 [main] INFO  c.c.app.process.impl.Search2Impl.fillDetail  266 - ** 5789 ** 580200 , 1 , 5789
16:43:23.748 [main] INFO  c.c.app.process.impl.Search2Impl.fillDetail  266 - ** 5790 ** 580200 , 1 , 5790
16:43:23.749 [main] INFO  c.c.app.process.impl.Search2Impl.fillDetail  266 - ** 5791 ** 580200 , 1 , 5791
16:43:23.749 [main] INFO  c.c.app.process.impl.Search2Impl.fillDetail  266 - ** 5792 ** 580200 , 1 , 5792
16:43:23.749 [main] INFO  c.c.app.process.impl.Search2Impl.searchAll  379 -  SEARCHING 580200 TOGGLE 5 ITEM FOUND 5791
16:43:23.749 [main] INFO  c.c.app.process.impl.Search2Impl.fillDetail  266 - ** 5793 ** 580800 , 1 , 5793
16:43:23.749 [main] INFO  c.c.app.process.impl.Search2Impl.fillDetail  266 - ** 5794 ** 580800 , 1 , 5794
16:43:23.749 [main] INFO  c.c.app.process.impl.Search2Impl.fillDetail  266 - ** 5795 ** 580800 , 1 , 5795
16:43:23.749 [main] INFO  c.c.app.process.impl.Search2Impl.fillDetail  266 - ** 5796 ** 580800 , 1 , 5796
16:43:23.749 [main] INFO  c.c.app.process.impl.Search2Impl.fillDetail  266 - ** 5797 ** 580800 , 1 , 5797
16:43:23.749 [main] INFO  c.c.app.process.impl.Search2Impl.fillDetail  266 - ** 5798 ** 580800 , 1 , 5798
16:43:23.749 [main] INFO  c.c.app.process.impl.Search2Impl.searchAll  379 -  SEARCHING 580800 TOGGLE 6 ITEM FOUND 5797
16:43:23.749 [main] INFO  c.c.app.process.impl.Search2Impl.fillDetail  266 - ** 5799 ** 581000 , 1 , 5799
16:43:23.749 [main] INFO  c.c.app.process.impl.Search2Impl.fillDetail  266 - ** 5800 ** 581000 , 1 , 5800
16:43:23.749 [main] INFO  c.c.app.process.impl.Search2Impl.searchAll  379 -  SEARCHING 581000 TOGGLE 2 ITEM FOUND 5800
16:43:23.749 [main] INFO  c.c.app.process.impl.Search2Impl.fillDetail  266 - ** 5801 ** 581300 , 1 , 5801
16:43:23.750 [main] INFO  c.c.app.process.impl.Search2Impl.fillDetail  266 - ** 5802 ** 581300 , 1 , 5802
16:43:23.750 [main] INFO  c.c.app.process.impl.Search2Impl.fillDetail  266 - ** 5803 ** 581300 , 1 , 5803
16:43:23.750 [main] INFO  c.c.app.process.impl.Search2Impl.searchAll  379 -  SEARCHING 581300 TOGGLE 3 ITEM FOUND 5803
16:43:23.750 [main] INFO  c.c.app.process.impl.Search2Impl.fillDetail  266 - ** 5804 ** 581700 , 1 , 5804
16:43:23.750 [main] INFO  c.c.app.process.impl.Search2Impl.fillDetail  266 - ** 5805 ** 581700 , 1 , 5805
16:43:23.750 [main] INFO  c.c.app.process.impl.Search2Impl.fillDetail  266 - ** 5806 ** 581700 , 1 , 5806
16:43:23.750 [main] INFO  c.c.app.process.impl.Search2Impl.fillDetail  266 - ** 5807 ** 581700 , 1 , 5807
16:43:23.750 [main] INFO  c.c.app.process.impl.Search2Impl.searchAll  379 -  SEARCHING 581700 TOGGLE 4 ITEM FOUND 5806
16:43:23.750 [main] INFO  c.c.app.process.impl.Search2Impl.fillDetail  266 - ** 5808 ** 582200 , 1 , 5808
16:43:23.750 [main] INFO  c.c.app.process.impl.Search2Impl.fillDetail  266 - ** 5809 ** 582200 , 1 , 5809
16:43:23.750 [main] INFO  c.c.app.process.impl.Search2Impl.fillDetail  266 - ** 5810 ** 582200 , 1 , 5810
16:43:23.750 [main] INFO  c.c.app.process.impl.Search2Impl.fillDetail  266 - ** 5811 ** 582200 , 1 , 5811
16:43:23.750 [main] INFO  c.c.app.process.impl.Search2Impl.fillDetail  266 - ** 5812 ** 582200 , 1 , 5812
16:43:23.750 [main] INFO  c.c.app.process.impl.Search2Impl.searchAll  379 -  SEARCHING 582200 TOGGLE 5 ITEM FOUND 5809
16:43:23.751 [main] INFO  c.c.app.process.impl.Search2Impl.fillDetail  266 - ** 5813 ** 582800 , 1 , 5813
16:43:23.751 [main] INFO  c.c.app.process.impl.Search2Impl.fillDetail  266 - ** 5814 ** 582800 , 1 , 5814
16:43:23.751 [main] INFO  c.c.app.process.impl.Search2Impl.fillDetail  266 - ** 5815 ** 582800 , 1 , 5815
16:43:23.751 [main] INFO  c.c.app.process.impl.Search2Impl.fillDetail  266 - ** 5816 ** 582800 , 1 , 5816
16:43:23.751 [main] INFO  c.c.app.process.impl.Search2Impl.fillDetail  266 - ** 5817 ** 582800 , 1 , 5817
16:43:23.751 [main] INFO  c.c.app.process.impl.Search2Impl.fillDetail  266 - ** 5818 ** 582800 , 1 , 5818
16:43:23.751 [main] INFO  c.c.app.process.impl.Search2Impl.searchAll  379 -  SEARCHING 582800 TOGGLE 6 ITEM FOUND 5814
16:43:23.751 [main] INFO  c.c.app.process.impl.Search2Impl.fillDetail  266 - ** 5819 ** 583000 , 1 , 5819
16:43:23.751 [main] INFO  c.c.app.process.impl.Search2Impl.fillDetail  266 - ** 5820 ** 583000 , 1 , 5820
16:43:23.751 [main] INFO  c.c.app.process.impl.Search2Impl.searchAll  379 -  SEARCHING 583000 TOGGLE 2 ITEM FOUND 5820
16:43:23.751 [main] INFO  c.c.app.process.impl.Search2Impl.fillDetail  266 - ** 5821 ** 583300 , 1 , 5821
16:43:23.751 [main] INFO  c.c.app.process.impl.Search2Impl.fillDetail  266 - ** 5822 ** 583300 , 1 , 5822
16:43:23.751 [main] INFO  c.c.app.process.impl.Search2Impl.fillDetail  266 - ** 5823 ** 583300 , 1 , 5823
16:43:23.751 [main] INFO  c.c.app.process.impl.Search2Impl.searchAll  379 -  SEARCHING 583300 TOGGLE 3 ITEM FOUND 5823
16:43:23.751 [main] INFO  c.c.app.process.impl.Search2Impl.fillDetail  266 - ** 5824 ** 583700 , 1 , 5824
16:43:23.752 [main] INFO  c.c.app.process.impl.Search2Impl.fillDetail  266 - ** 5825 ** 583700 , 1 , 5825
16:43:23.752 [main] INFO  c.c.app.process.impl.Search2Impl.fillDetail  266 - ** 5826 ** 583700 , 1 , 5826
16:43:23.752 [main] INFO  c.c.app.process.impl.Search2Impl.fillDetail  266 - ** 5827 ** 583700 , 1 , 5827
16:43:23.752 [main] INFO  c.c.app.process.impl.Search2Impl.searchAll  379 -  SEARCHING 583700 TOGGLE 4 ITEM FOUND 5826
16:43:23.752 [main] INFO  c.c.app.process.impl.Search2Impl.fillDetail  266 - ** 5828 ** 584200 , 1 , 5828
16:43:23.752 [main] INFO  c.c.app.process.impl.Search2Impl.fillDetail  266 - ** 5829 ** 584200 , 1 , 5829
16:43:23.752 [main] INFO  c.c.app.process.impl.Search2Impl.fillDetail  266 - ** 5830 ** 584200 , 1 , 5830
16:43:23.752 [main] INFO  c.c.app.process.impl.Search2Impl.fillDetail  266 - ** 5831 ** 584200 , 1 , 5831
16:43:23.752 [main] INFO  c.c.app.process.impl.Search2Impl.fillDetail  266 - ** 5832 ** 584200 , 1 , 5832
16:43:23.752 [main] INFO  c.c.app.process.impl.Search2Impl.searchAll  379 -  SEARCHING 584200 TOGGLE 5 ITEM FOUND 5832
16:43:23.752 [main] INFO  c.c.app.process.impl.Search2Impl.fillDetail  266 - ** 5833 ** 584800 , 1 , 5833
16:43:23.752 [main] INFO  c.c.app.process.impl.Search2Impl.fillDetail  266 - ** 5834 ** 584800 , 1 , 5834
16:43:23.752 [main] INFO  c.c.app.process.impl.Search2Impl.fillDetail  266 - ** 5835 ** 584800 , 1 , 5835
16:43:23.752 [main] INFO  c.c.app.process.impl.Search2Impl.fillDetail  266 - ** 5836 ** 584800 , 1 , 5836
16:43:23.753 [main] INFO  c.c.app.process.impl.Search2Impl.fillDetail  266 - ** 5837 ** 584800 , 1 , 5837
16:43:23.753 [main] INFO  c.c.app.process.impl.Search2Impl.fillDetail  266 - ** 5838 ** 584800 , 1 , 5838
16:43:23.753 [main] INFO  c.c.app.process.impl.Search2Impl.searchAll  379 -  SEARCHING 584800 TOGGLE 6 ITEM FOUND 5837
16:43:23.753 [main] INFO  c.c.app.process.impl.Search2Impl.fillDetail  266 - ** 5839 ** 585000 , 1 , 5839
16:43:23.753 [main] INFO  c.c.app.process.impl.Search2Impl.fillDetail  266 - ** 5840 ** 585000 , 1 , 5840
16:43:23.753 [main] INFO  c.c.app.process.impl.Search2Impl.searchAll  379 -  SEARCHING 585000 TOGGLE 2 ITEM FOUND 5840
16:43:23.753 [main] INFO  c.c.app.process.impl.Search2Impl.fillDetail  266 - ** 5841 ** 585300 , 1 , 5841
16:43:23.753 [main] INFO  c.c.app.process.impl.Search2Impl.fillDetail  266 - ** 5842 ** 585300 , 1 , 5842
16:43:23.753 [main] INFO  c.c.app.process.impl.Search2Impl.fillDetail  266 - ** 5843 ** 585300 , 1 , 5843
16:43:23.753 [main] INFO  c.c.app.process.impl.Search2Impl.searchAll  379 -  SEARCHING 585300 TOGGLE 3 ITEM FOUND 5843
16:43:23.753 [main] INFO  c.c.app.process.impl.Search2Impl.fillDetail  266 - ** 5844 ** 585700 , 1 , 5844
16:43:23.753 [main] INFO  c.c.app.process.impl.Search2Impl.fillDetail  266 - ** 5845 ** 585700 , 1 , 5845
16:43:23.753 [main] INFO  c.c.app.process.impl.Search2Impl.fillDetail  266 - ** 5846 ** 585700 , 1 , 5846
16:43:23.753 [main] INFO  c.c.app.process.impl.Search2Impl.fillDetail  266 - ** 5847 ** 585700 , 1 , 5847
16:43:23.754 [main] INFO  c.c.app.process.impl.Search2Impl.searchAll  379 -  SEARCHING 585700 TOGGLE 4 ITEM FOUND 5846
16:43:23.754 [main] INFO  c.c.app.process.impl.Search2Impl.fillDetail  266 - ** 5848 ** 586200 , 1 , 5848
16:43:23.754 [main] INFO  c.c.app.process.impl.Search2Impl.fillDetail  266 - ** 5849 ** 586200 , 1 , 5849
16:43:23.754 [main] INFO  c.c.app.process.impl.Search2Impl.fillDetail  266 - ** 5850 ** 586200 , 1 , 5850
16:43:23.754 [main] INFO  c.c.app.process.impl.Search2Impl.fillDetail  266 - ** 5851 ** 586200 , 1 , 5851
16:43:23.754 [main] INFO  c.c.app.process.impl.Search2Impl.fillDetail  266 - ** 5852 ** 586200 , 1 , 5852
16:43:23.754 [main] INFO  c.c.app.process.impl.Search2Impl.searchAll  379 -  SEARCHING 586200 TOGGLE 5 ITEM FOUND 5849
16:43:23.754 [main] INFO  c.c.app.process.impl.Search2Impl.fillDetail  266 - ** 5853 ** 586800 , 1 , 5853
16:43:23.754 [main] INFO  c.c.app.process.impl.Search2Impl.fillDetail  266 - ** 5854 ** 586800 , 1 , 5854
16:43:23.754 [main] INFO  c.c.app.process.impl.Search2Impl.fillDetail  266 - ** 5855 ** 586800 , 1 , 5855
16:43:23.754 [main] INFO  c.c.app.process.impl.Search2Impl.fillDetail  266 - ** 5856 ** 586800 , 1 , 5856
16:43:23.754 [main] INFO  c.c.app.process.impl.Search2Impl.fillDetail  266 - ** 5857 ** 586800 , 1 , 5857
16:43:23.754 [main] INFO  c.c.app.process.impl.Search2Impl.fillDetail  266 - ** 5858 ** 586800 , 1 , 5858
16:43:23.754 [main] INFO  c.c.app.process.impl.Search2Impl.searchAll  379 -  SEARCHING 586800 TOGGLE 6 ITEM FOUND 5855
16:43:23.754 [main] INFO  c.c.app.process.impl.Search2Impl.fillDetail  266 - ** 5859 ** 587000 , 1 , 5859
16:43:23.755 [main] INFO  c.c.app.process.impl.Search2Impl.fillDetail  266 - ** 5860 ** 587000 , 1 , 5860
16:43:23.755 [main] INFO  c.c.app.process.impl.Search2Impl.searchAll  379 -  SEARCHING 587000 TOGGLE 2 ITEM FOUND 5860
16:43:23.755 [main] INFO  c.c.app.process.impl.Search2Impl.fillDetail  266 - ** 5861 ** 587300 , 1 , 5861
16:43:23.755 [main] INFO  c.c.app.process.impl.Search2Impl.fillDetail  266 - ** 5862 ** 587300 , 1 , 5862
16:43:23.755 [main] INFO  c.c.app.process.impl.Search2Impl.fillDetail  266 - ** 5863 ** 587300 , 1 , 5863
16:43:23.755 [main] INFO  c.c.app.process.impl.Search2Impl.searchAll  379 -  SEARCHING 587300 TOGGLE 3 ITEM FOUND 5863
16:43:23.755 [main] INFO  c.c.app.process.impl.Search2Impl.fillDetail  266 - ** 5864 ** 587700 , 1 , 5864
16:43:23.755 [main] INFO  c.c.app.process.impl.Search2Impl.fillDetail  266 - ** 5865 ** 587700 , 1 , 5865
16:43:23.755 [main] INFO  c.c.app.process.impl.Search2Impl.fillDetail  266 - ** 5866 ** 587700 , 1 , 5866
16:43:23.755 [main] INFO  c.c.app.process.impl.Search2Impl.fillDetail  266 - ** 5867 ** 587700 , 1 , 5867
16:43:23.755 [main] INFO  c.c.app.process.impl.Search2Impl.searchAll  379 -  SEARCHING 587700 TOGGLE 4 ITEM FOUND 5866
16:43:23.755 [main] INFO  c.c.app.process.impl.Search2Impl.fillDetail  266 - ** 5868 ** 588200 , 1 , 5868
16:43:23.755 [main] INFO  c.c.app.process.impl.Search2Impl.fillDetail  266 - ** 5869 ** 588200 , 1 , 5869
16:43:23.755 [main] INFO  c.c.app.process.impl.Search2Impl.fillDetail  266 - ** 5870 ** 588200 , 1 , 5870
16:43:23.756 [main] INFO  c.c.app.process.impl.Search2Impl.fillDetail  266 - ** 5871 ** 588200 , 1 , 5871
16:43:23.756 [main] INFO  c.c.app.process.impl.Search2Impl.fillDetail  266 - ** 5872 ** 588200 , 1 , 5872
16:43:23.756 [main] INFO  c.c.app.process.impl.Search2Impl.searchAll  379 -  SEARCHING 588200 TOGGLE 5 ITEM FOUND 5872
16:43:23.756 [main] INFO  c.c.app.process.impl.Search2Impl.fillDetail  266 - ** 5873 ** 588800 , 1 , 5873
16:43:23.756 [main] INFO  c.c.app.process.impl.Search2Impl.fillDetail  266 - ** 5874 ** 588800 , 1 , 5874
16:43:23.756 [main] INFO  c.c.app.process.impl.Search2Impl.fillDetail  266 - ** 5875 ** 588800 , 1 , 5875
16:43:23.756 [main] INFO  c.c.app.process.impl.Search2Impl.fillDetail  266 - ** 5876 ** 588800 , 1 , 5876
16:43:23.756 [main] INFO  c.c.app.process.impl.Search2Impl.fillDetail  266 - ** 5877 ** 588800 , 1 , 5877
16:43:23.756 [main] INFO  c.c.app.process.impl.Search2Impl.fillDetail  266 - ** 5878 ** 588800 , 1 , 5878
16:43:23.756 [main] INFO  c.c.app.process.impl.Search2Impl.searchAll  379 -  SEARCHING 588800 TOGGLE 6 ITEM FOUND 5878
16:43:23.756 [main] INFO  c.c.app.process.impl.Search2Impl.fillDetail  266 - ** 5879 ** 589000 , 1 , 5879
16:43:23.756 [main] INFO  c.c.app.process.impl.Search2Impl.fillDetail  266 - ** 5880 ** 589000 , 1 , 5880
16:43:23.756 [main] INFO  c.c.app.process.impl.Search2Impl.searchAll  379 -  SEARCHING 589000 TOGGLE 2 ITEM FOUND 5879
16:43:23.756 [main] INFO  c.c.app.process.impl.Search2Impl.fillDetail  266 - ** 5881 ** 589300 , 1 , 5881
16:43:23.757 [main] INFO  c.c.app.process.impl.Search2Impl.fillDetail  266 - ** 5882 ** 589300 , 1 , 5882
16:43:23.757 [main] INFO  c.c.app.process.impl.Search2Impl.fillDetail  266 - ** 5883 ** 589300 , 1 , 5883
16:43:23.757 [main] INFO  c.c.app.process.impl.Search2Impl.searchAll  379 -  SEARCHING 589300 TOGGLE 3 ITEM FOUND 5881
16:43:23.757 [main] INFO  c.c.app.process.impl.Search2Impl.fillDetail  266 - ** 5884 ** 589700 , 1 , 5884
16:43:23.757 [main] INFO  c.c.app.process.impl.Search2Impl.fillDetail  266 - ** 5885 ** 589700 , 1 , 5885
16:43:23.757 [main] INFO  c.c.app.process.impl.Search2Impl.fillDetail  266 - ** 5886 ** 589700 , 1 , 5886
16:43:23.757 [main] INFO  c.c.app.process.impl.Search2Impl.fillDetail  266 - ** 5887 ** 589700 , 1 , 5887
16:43:23.757 [main] INFO  c.c.app.process.impl.Search2Impl.searchAll  379 -  SEARCHING 589700 TOGGLE 4 ITEM FOUND 5884
16:43:23.757 [main] INFO  c.c.app.process.impl.Search2Impl.fillDetail  266 - ** 5888 ** 590200 , 1 , 5888
16:43:23.757 [main] INFO  c.c.app.process.impl.Search2Impl.fillDetail  266 - ** 5889 ** 590200 , 1 , 5889
16:43:23.757 [main] INFO  c.c.app.process.impl.Search2Impl.fillDetail  266 - ** 5890 ** 590200 , 1 , 5890
16:43:23.757 [main] INFO  c.c.app.process.impl.Search2Impl.fillDetail  266 - ** 5891 ** 590200 , 1 , 5891
16:43:23.757 [main] INFO  c.c.app.process.impl.Search2Impl.fillDetail  266 - ** 5892 ** 590200 , 1 , 5892
16:43:23.757 [main] INFO  c.c.app.process.impl.Search2Impl.searchAll  379 -  SEARCHING 590200 TOGGLE 5 ITEM FOUND 5890
16:43:23.757 [main] INFO  c.c.app.process.impl.Search2Impl.fillDetail  266 - ** 5893 ** 590800 , 1 , 5893
16:43:23.758 [main] INFO  c.c.app.process.impl.Search2Impl.fillDetail  266 - ** 5894 ** 590800 , 1 , 5894
16:43:23.758 [main] INFO  c.c.app.process.impl.Search2Impl.fillDetail  266 - ** 5895 ** 590800 , 1 , 5895
16:43:23.758 [main] INFO  c.c.app.process.impl.Search2Impl.fillDetail  266 - ** 5896 ** 590800 , 1 , 5896
16:43:23.758 [main] INFO  c.c.app.process.impl.Search2Impl.fillDetail  266 - ** 5897 ** 590800 , 1 , 5897
16:43:23.758 [main] INFO  c.c.app.process.impl.Search2Impl.fillDetail  266 - ** 5898 ** 590800 , 1 , 5898
16:43:23.758 [main] INFO  c.c.app.process.impl.Search2Impl.searchAll  379 -  SEARCHING 590800 TOGGLE 6 ITEM FOUND 5896
16:43:23.758 [main] INFO  c.c.app.process.impl.Search2Impl.fillDetail  266 - ** 5899 ** 591000 , 1 , 5899
16:43:23.758 [main] INFO  c.c.app.process.impl.Search2Impl.fillDetail  266 - ** 5900 ** 591000 , 1 , 5900
16:43:23.758 [main] INFO  c.c.app.process.impl.Search2Impl.searchAll  379 -  SEARCHING 591000 TOGGLE 2 ITEM FOUND 5899
16:43:23.758 [main] INFO  c.c.app.process.impl.Search2Impl.fillDetail  266 - ** 5901 ** 591100 , 1 , 5901
16:43:23.759 [main] INFO  c.c.app.process.impl.Search2Impl.process  162 - CMD-CA-HOME-SID-BID-CODE: 00019, found. ECP = SSSSSS
