08:24:25.301 [main] INFO  o.s.boot.StartupInfoLogger.logStarting   50 - Starting CFApplication v0.0.1-SNAPSHOT using Java 17.0.14 with PID 4142669 (/home/jenkins/workspace/CFTestAutomation_Release/Testing/results/uhg/UHDYNSQL/UHDYNSQL/target/UHDYNSQL-0.0.1-SNAPSHOT.jar started by root in /home/jenkins/workspace/CFTestAutomation_Release/Testing/results/uhg/UHDYNSQL/UHDYNSQL)
08:24:25.312 [main] INFO  o.s.boot.SpringApplication.logStartupProfileInfo  654 - No active profile set, falling back to 1 default profile: "default"
08:24:27.528 [main] INFO  c.c.a.dao.CFDataSourceConfiguration.dataSourceStatus  165 - CFDataSourceConfiguration initialization status...
08:24:27.529 [main] INFO  c.c.a.dao.CFDataSourceConfiguration.dataSourceStatus  172 - Databse Datasource initialized.
08:24:27.677 [main] INFO  o.s.boot.StartupInfoLogger.logStarted   56 - Started CFApplication in 3.99 seconds (process running for 5.152)
08:24:27.684 [main] INFO  c.c.app.utility.CFConfiguration.cfDataConnectIOInfo  107 - CFDataConnectIO version : 5.0.0.21
08:24:27.876 [main] INFO  com.zaxxer.hikari.HikariDataSource.getConnection  109 - HikariPool-1 - Starting...
08:24:28.169 [main] INFO  com.zaxxer.hikari.pool.HikariPool.checkFailFast  554 - HikariPool-1 - Added connection com.ibm.db2.jcc.t4.b@19a64eae
08:24:28.176 [main] INFO  com.zaxxer.hikari.HikariDataSource.getConnection  122 - HikariPool-1 - Start completed.
08:24:28.247 [main] INFO  com.cloudframe.app.process.Uhdynsql.buildSql  313 - SQL : 
08:24:28.248 [main] INFO  com.cloudframe.app.process.Uhdynsql.buildSql  315 -       SELECT WIDGET_NUM, WIDGET_COLOR, WIDGET_SIZE, WIDGET_PRICE, WIDGET_SUPPLIER, WIDGET_DESC, WIDGET_MAN
08:24:28.248 [main] INFO  com.cloudframe.app.process.Uhdynsql.buildSql  317 -       U_PLANT, WIDGET_MANU_COST, WIDGET_LEAD_TIME FROM TBWIDGET    WHERE WIDGET_COLOR IN (?,?)      AND WI
08:24:28.248 [main] INFO  com.cloudframe.app.process.Uhdynsql.buildSql  319 -       DGET_SUPPLIER NOT LIKE ?    ORDER BY WIDGET_NUM ASC                                                 
08:24:28.248 [main] INFO  com.cloudframe.app.process.Uhdynsql.buildSql  321 -                                                                                                           
08:24:28.248 [main] INFO  com.cloudframe.app.process.Uhdynsql.buildSql  323 -                                                                                                           
08:24:28.267 [main] INFO  com.cloudframe.app.process.Uhdynsql.prepareAndOpen  486 - MARKER VALUES : BLUE   YELLOW B%      
08:24:28.267 [main] INFO  com.cloudframe.app.process.Uhdynsql.prepareAndOpen  489 -  
08:24:28.325 [main] INFO  com.cloudframe.app.process.Uhdynsql.fetchAndPrintWidgets  541 - -----------------------------------------
08:24:28.326 [main] INFO  com.cloudframe.app.process.Uhdynsql.fetchAndPrintWidgets  543 - WIDGET-NUM           = 00000002
08:24:28.326 [main] INFO  com.cloudframe.app.process.Uhdynsql.fetchAndPrintWidgets  545 - WIDGET-COLOR         = BLUE  
08:24:28.327 [main] INFO  com.cloudframe.app.process.Uhdynsql.fetchAndPrintWidgets  547 - WIDGET-SIZE          = X
08:24:28.328 [main] INFO  com.cloudframe.app.process.Uhdynsql.fetchAndPrintWidgets  549 - WIDGET-PRICE         = 1500
08:24:28.329 [main] INFO  com.cloudframe.app.process.Uhdynsql.fetchAndPrintWidgets  551 - WIDGET-SUPPLIER      = ACME    
08:24:28.329 [main] INFO  com.cloudframe.app.process.Uhdynsql.fetchAndPrintWidgets  553 - WIDGET-DESC          = XLARGE WIDGET       
08:24:28.330 [main] INFO  com.cloudframe.app.process.Uhdynsql.fetchAndPrintWidgets  555 - WIDGET-MANU-PLANT    =         
08:24:28.330 [main] INFO  com.cloudframe.app.process.Uhdynsql.fetchAndPrintWidgets  557 - WIDGET-MANU-COST     = 0
08:24:28.331 [main] INFO  com.cloudframe.app.process.Uhdynsql.fetchAndPrintWidgets  559 - WIDGET-LEAD-TIME     = 0
08:24:28.332 [main] INFO  com.cloudframe.app.process.Uhdynsql.fetchAndPrintWidgets  541 - -----------------------------------------
08:24:28.332 [main] INFO  com.cloudframe.app.process.Uhdynsql.fetchAndPrintWidgets  543 - WIDGET-NUM           = 00000004
08:24:28.333 [main] INFO  com.cloudframe.app.process.Uhdynsql.fetchAndPrintWidgets  545 - WIDGET-COLOR         = BLUE  
08:24:28.333 [main] INFO  com.cloudframe.app.process.Uhdynsql.fetchAndPrintWidgets  547 - WIDGET-SIZE          = X
08:24:28.334 [main] INFO  com.cloudframe.app.process.Uhdynsql.fetchAndPrintWidgets  549 - WIDGET-PRICE         = 2050
08:24:28.334 [main] INFO  com.cloudframe.app.process.Uhdynsql.fetchAndPrintWidgets  551 - WIDGET-SUPPLIER      = ARROW   
08:24:28.334 [main] INFO  com.cloudframe.app.process.Uhdynsql.fetchAndPrintWidgets  553 - WIDGET-DESC          = XLARGE WIDGET       
08:24:28.335 [main] INFO  com.cloudframe.app.process.Uhdynsql.fetchAndPrintWidgets  555 - WIDGET-MANU-PLANT    =         
08:24:28.335 [main] INFO  com.cloudframe.app.process.Uhdynsql.fetchAndPrintWidgets  557 - WIDGET-MANU-COST     = 0
08:24:28.336 [main] INFO  com.cloudframe.app.process.Uhdynsql.fetchAndPrintWidgets  559 - WIDGET-LEAD-TIME     = 0
08:24:28.337 [main] INFO  com.cloudframe.app.process.Uhdynsql.fetchAndPrintWidgets  541 - -----------------------------------------
08:24:28.338 [main] INFO  com.cloudframe.app.process.Uhdynsql.fetchAndPrintWidgets  543 - WIDGET-NUM           = 00000005
08:24:28.338 [main] INFO  com.cloudframe.app.process.Uhdynsql.fetchAndPrintWidgets  545 - WIDGET-COLOR         = BLUE  
08:24:28.338 [main] INFO  com.cloudframe.app.process.Uhdynsql.fetchAndPrintWidgets  547 - WIDGET-SIZE          = X
08:24:28.339 [main] INFO  com.cloudframe.app.process.Uhdynsql.fetchAndPrintWidgets  549 - WIDGET-PRICE         = 2050
08:24:28.339 [main] INFO  com.cloudframe.app.process.Uhdynsql.fetchAndPrintWidgets  551 - WIDGET-SUPPLIER      = ARROW   
08:24:28.339 [main] INFO  com.cloudframe.app.process.Uhdynsql.fetchAndPrintWidgets  553 - WIDGET-DESC          = XLARGE WIDGET       
08:24:28.340 [main] INFO  com.cloudframe.app.process.Uhdynsql.fetchAndPrintWidgets  555 - WIDGET-MANU-PLANT    =         
08:24:28.341 [main] INFO  com.cloudframe.app.process.Uhdynsql.fetchAndPrintWidgets  557 - WIDGET-MANU-COST     = 0
08:24:28.341 [main] INFO  com.cloudframe.app.process.Uhdynsql.fetchAndPrintWidgets  559 - WIDGET-LEAD-TIME     = 0
08:24:28.342 [main] INFO  com.cloudframe.app.process.Uhdynsql.fetchAndPrintWidgets  541 - -----------------------------------------
08:24:28.343 [main] INFO  com.cloudframe.app.process.Uhdynsql.fetchAndPrintWidgets  543 - WIDGET-NUM           = 00000006
08:24:28.343 [main] INFO  com.cloudframe.app.process.Uhdynsql.fetchAndPrintWidgets  545 - WIDGET-COLOR         = BLUE  
08:24:28.343 [main] INFO  com.cloudframe.app.process.Uhdynsql.fetchAndPrintWidgets  547 - WIDGET-SIZE          = X
08:24:28.344 [main] INFO  com.cloudframe.app.process.Uhdynsql.fetchAndPrintWidgets  549 - WIDGET-PRICE         = 12345
08:24:28.344 [main] INFO  com.cloudframe.app.process.Uhdynsql.fetchAndPrintWidgets  551 - WIDGET-SUPPLIER      = Balaji2 
08:24:28.345 [main] INFO  com.cloudframe.app.process.Uhdynsql.fetchAndPrintWidgets  553 - WIDGET-DESC          = XLARGE WIDGET       
08:24:28.346 [main] INFO  com.cloudframe.app.process.Uhdynsql.fetchAndPrintWidgets  555 - WIDGET-MANU-PLANT    =         
08:24:28.346 [main] INFO  com.cloudframe.app.process.Uhdynsql.fetchAndPrintWidgets  557 - WIDGET-MANU-COST     = 0
08:24:28.346 [main] INFO  com.cloudframe.app.process.Uhdynsql.fetchAndPrintWidgets  559 - WIDGET-LEAD-TIME     = 0
08:24:28.348 [main] INFO  com.cloudframe.app.process.Uhdynsql.fetchAndPrintWidgets  541 - -----------------------------------------
08:24:28.348 [main] INFO  com.cloudframe.app.process.Uhdynsql.fetchAndPrintWidgets  543 - WIDGET-NUM           = 00000007
08:24:28.348 [main] INFO  com.cloudframe.app.process.Uhdynsql.fetchAndPrintWidgets  545 - WIDGET-COLOR         = BLUE  
08:24:28.349 [main] INFO  com.cloudframe.app.process.Uhdynsql.fetchAndPrintWidgets  547 - WIDGET-SIZE          = X
08:24:28.349 [main] INFO  com.cloudframe.app.process.Uhdynsql.fetchAndPrintWidgets  549 - WIDGET-PRICE         = 1500
08:24:28.349 [main] INFO  com.cloudframe.app.process.Uhdynsql.fetchAndPrintWidgets  551 - WIDGET-SUPPLIER      = ACME    
08:24:28.350 [main] INFO  com.cloudframe.app.process.Uhdynsql.fetchAndPrintWidgets  553 - WIDGET-DESC          = XLARGE WIDGET       
08:24:28.351 [main] INFO  com.cloudframe.app.process.Uhdynsql.fetchAndPrintWidgets  555 - WIDGET-MANU-PLANT    =         
08:24:28.351 [main] INFO  com.cloudframe.app.process.Uhdynsql.fetchAndPrintWidgets  557 - WIDGET-MANU-COST     = 0
08:24:28.352 [main] INFO  com.cloudframe.app.process.Uhdynsql.fetchAndPrintWidgets  559 - WIDGET-LEAD-TIME     = 0
08:24:28.353 [main] INFO  com.cloudframe.app.process.Uhdynsql.fetchAndPrintWidgets  541 - -----------------------------------------
08:24:28.354 [main] INFO  com.cloudframe.app.process.Uhdynsql.fetchAndPrintWidgets  543 - WIDGET-NUM           = 00000008
08:24:28.354 [main] INFO  com.cloudframe.app.process.Uhdynsql.fetchAndPrintWidgets  545 - WIDGET-COLOR         = BLUE  
08:24:28.354 [main] INFO  com.cloudframe.app.process.Uhdynsql.fetchAndPrintWidgets  547 - WIDGET-SIZE          = X
08:24:28.355 [main] INFO  com.cloudframe.app.process.Uhdynsql.fetchAndPrintWidgets  549 - WIDGET-PRICE         = 1500
08:24:28.355 [main] INFO  com.cloudframe.app.process.Uhdynsql.fetchAndPrintWidgets  551 - WIDGET-SUPPLIER      = ACME    
08:24:28.355 [main] INFO  com.cloudframe.app.process.Uhdynsql.fetchAndPrintWidgets  553 - WIDGET-DESC          = XLARGE WIDGET       
08:24:28.356 [main] INFO  com.cloudframe.app.process.Uhdynsql.fetchAndPrintWidgets  555 - WIDGET-MANU-PLANT    =         
08:24:28.356 [main] INFO  com.cloudframe.app.process.Uhdynsql.fetchAndPrintWidgets  557 - WIDGET-MANU-COST     = 0
08:24:28.357 [main] INFO  com.cloudframe.app.process.Uhdynsql.fetchAndPrintWidgets  559 - WIDGET-LEAD-TIME     = 0
08:24:28.358 [main] INFO  com.cloudframe.app.process.Uhdynsql.fetchAndPrintWidgets  541 - -----------------------------------------
08:24:28.358 [main] INFO  com.cloudframe.app.process.Uhdynsql.fetchAndPrintWidgets  543 - WIDGET-NUM           = 00000009
08:24:28.359 [main] INFO  com.cloudframe.app.process.Uhdynsql.fetchAndPrintWidgets  545 - WIDGET-COLOR         = BLUE  
08:24:28.359 [main] INFO  com.cloudframe.app.process.Uhdynsql.fetchAndPrintWidgets  547 - WIDGET-SIZE          = X
08:24:28.360 [main] INFO  com.cloudframe.app.process.Uhdynsql.fetchAndPrintWidgets  549 - WIDGET-PRICE         = 54321
08:24:28.360 [main] INFO  com.cloudframe.app.process.Uhdynsql.fetchAndPrintWidgets  551 - WIDGET-SUPPLIER      = Balaji2 
08:24:28.360 [main] INFO  com.cloudframe.app.process.Uhdynsql.fetchAndPrintWidgets  553 - WIDGET-DESC          = XLARGE WIDGET       
08:24:28.360 [main] INFO  com.cloudframe.app.process.Uhdynsql.fetchAndPrintWidgets  555 - WIDGET-MANU-PLANT    =         
08:24:28.361 [main] INFO  com.cloudframe.app.process.Uhdynsql.fetchAndPrintWidgets  557 - WIDGET-MANU-COST     = 0
08:24:28.362 [main] INFO  com.cloudframe.app.process.Uhdynsql.fetchAndPrintWidgets  559 - WIDGET-LEAD-TIME     = 0
08:24:28.363 [main] INFO  com.cloudframe.app.process.Uhdynsql.fetchAndPrintWidgets  541 - -----------------------------------------
08:24:28.363 [main] INFO  com.cloudframe.app.process.Uhdynsql.fetchAndPrintWidgets  543 - WIDGET-NUM           = 00000010
08:24:28.364 [main] INFO  com.cloudframe.app.process.Uhdynsql.fetchAndPrintWidgets  545 - WIDGET-COLOR         = BLUE  
08:24:28.364 [main] INFO  com.cloudframe.app.process.Uhdynsql.fetchAndPrintWidgets  547 - WIDGET-SIZE          = X
08:24:28.364 [main] INFO  com.cloudframe.app.process.Uhdynsql.fetchAndPrintWidgets  549 - WIDGET-PRICE         = 1500
08:24:28.365 [main] INFO  com.cloudframe.app.process.Uhdynsql.fetchAndPrintWidgets  551 - WIDGET-SUPPLIER      = ACME    
08:24:28.365 [main] INFO  com.cloudframe.app.process.Uhdynsql.fetchAndPrintWidgets  553 - WIDGET-DESC          = XLARGE WIDGET       
08:24:28.365 [main] INFO  com.cloudframe.app.process.Uhdynsql.fetchAndPrintWidgets  555 - WIDGET-MANU-PLANT    =         
08:24:28.366 [main] INFO  com.cloudframe.app.process.Uhdynsql.fetchAndPrintWidgets  557 - WIDGET-MANU-COST     = 0
08:24:28.366 [main] INFO  com.cloudframe.app.process.Uhdynsql.fetchAndPrintWidgets  559 - WIDGET-LEAD-TIME     = 0
08:24:28.367 [main] INFO  com.cloudframe.app.process.Uhdynsql.fetchAndPrintWidgets  541 - -----------------------------------------
08:24:28.368 [main] INFO  com.cloudframe.app.process.Uhdynsql.fetchAndPrintWidgets  543 - WIDGET-NUM           = 00000011
08:24:28.368 [main] INFO  com.cloudframe.app.process.Uhdynsql.fetchAndPrintWidgets  545 - WIDGET-COLOR         = BLUE  
08:24:28.368 [main] INFO  com.cloudframe.app.process.Uhdynsql.fetchAndPrintWidgets  547 - WIDGET-SIZE          = X
08:24:28.369 [main] INFO  com.cloudframe.app.process.Uhdynsql.fetchAndPrintWidgets  549 - WIDGET-PRICE         = 1500
08:24:28.369 [main] INFO  com.cloudframe.app.process.Uhdynsql.fetchAndPrintWidgets  551 - WIDGET-SUPPLIER      = INTERNAL
08:24:28.369 [main] INFO  com.cloudframe.app.process.Uhdynsql.fetchAndPrintWidgets  553 - WIDGET-DESC          = XLARGE WIDGET       
08:24:28.370 [main] INFO  com.cloudframe.app.process.Uhdynsql.fetchAndPrintWidgets  555 - WIDGET-MANU-PLANT    =         
08:24:28.370 [main] INFO  com.cloudframe.app.process.Uhdynsql.fetchAndPrintWidgets  557 - WIDGET-MANU-COST     = 0
08:24:28.370 [main] INFO  com.cloudframe.app.process.Uhdynsql.fetchAndPrintWidgets  559 - WIDGET-LEAD-TIME     = 0
08:24:28.371 [main] INFO  com.cloudframe.app.process.Uhdynsql.fetchAndPrintWidgets  541 - -----------------------------------------
08:24:28.372 [main] INFO  com.cloudframe.app.process.Uhdynsql.fetchAndPrintWidgets  543 - WIDGET-NUM           = 00000012
08:24:28.373 [main] INFO  com.cloudframe.app.process.Uhdynsql.fetchAndPrintWidgets  545 - WIDGET-COLOR         = BLUE  
08:24:28.373 [main] INFO  com.cloudframe.app.process.Uhdynsql.fetchAndPrintWidgets  547 - WIDGET-SIZE          = X
08:24:28.373 [main] INFO  com.cloudframe.app.process.Uhdynsql.fetchAndPrintWidgets  549 - WIDGET-PRICE         = 1500
08:24:28.374 [main] INFO  com.cloudframe.app.process.Uhdynsql.fetchAndPrintWidgets  551 - WIDGET-SUPPLIER      = ACME    
08:24:28.374 [main] INFO  com.cloudframe.app.process.Uhdynsql.fetchAndPrintWidgets  553 - WIDGET-DESC          = XLARGE WIDGET       
08:24:28.374 [main] INFO  com.cloudframe.app.process.Uhdynsql.fetchAndPrintWidgets  555 - WIDGET-MANU-PLANT    =         
08:24:28.375 [main] INFO  com.cloudframe.app.process.Uhdynsql.fetchAndPrintWidgets  557 - WIDGET-MANU-COST     = 0
08:24:28.375 [main] INFO  com.cloudframe.app.process.Uhdynsql.fetchAndPrintWidgets  559 - WIDGET-LEAD-TIME     = 0
08:24:28.376 [main] INFO  com.cloudframe.app.process.Uhdynsql.fetchAndPrintWidgets  541 - -----------------------------------------
08:24:28.377 [main] INFO  com.cloudframe.app.process.Uhdynsql.fetchAndPrintWidgets  543 - WIDGET-NUM           = 00000013
08:24:28.378 [main] INFO  com.cloudframe.app.process.Uhdynsql.fetchAndPrintWidgets  545 - WIDGET-COLOR         = BLUE  
08:24:28.378 [main] INFO  com.cloudframe.app.process.Uhdynsql.fetchAndPrintWidgets  547 - WIDGET-SIZE          = X
08:24:28.378 [main] INFO  com.cloudframe.app.process.Uhdynsql.fetchAndPrintWidgets  549 - WIDGET-PRICE         = 1500
08:24:28.379 [main] INFO  com.cloudframe.app.process.Uhdynsql.fetchAndPrintWidgets  551 - WIDGET-SUPPLIER      = ACME    
08:24:28.379 [main] INFO  com.cloudframe.app.process.Uhdynsql.fetchAndPrintWidgets  553 - WIDGET-DESC          = XLARGE WIDGET       
08:24:28.379 [main] INFO  com.cloudframe.app.process.Uhdynsql.fetchAndPrintWidgets  555 - WIDGET-MANU-PLANT    =         
08:24:28.380 [main] INFO  com.cloudframe.app.process.Uhdynsql.fetchAndPrintWidgets  557 - WIDGET-MANU-COST     = 0
08:24:28.380 [main] INFO  com.cloudframe.app.process.Uhdynsql.fetchAndPrintWidgets  559 - WIDGET-LEAD-TIME     = 0
08:24:28.381 [main] INFO  com.cloudframe.app.process.Uhdynsql.fetchAndPrintWidgets  541 - -----------------------------------------
08:24:28.382 [main] INFO  com.cloudframe.app.process.Uhdynsql.fetchAndPrintWidgets  543 - WIDGET-NUM           = 00000014
08:24:28.383 [main] INFO  com.cloudframe.app.process.Uhdynsql.fetchAndPrintWidgets  545 - WIDGET-COLOR         = BLUE  
08:24:28.383 [main] INFO  com.cloudframe.app.process.Uhdynsql.fetchAndPrintWidgets  547 - WIDGET-SIZE          = X
08:24:28.384 [main] INFO  com.cloudframe.app.process.Uhdynsql.fetchAndPrintWidgets  549 - WIDGET-PRICE         = 1500
08:24:28.384 [main] INFO  com.cloudframe.app.process.Uhdynsql.fetchAndPrintWidgets  551 - WIDGET-SUPPLIER      = ACME    
08:24:28.384 [main] INFO  com.cloudframe.app.process.Uhdynsql.fetchAndPrintWidgets  553 - WIDGET-DESC          = XLARGE WIDGET       
08:24:28.385 [main] INFO  com.cloudframe.app.process.Uhdynsql.fetchAndPrintWidgets  555 - WIDGET-MANU-PLANT    =         
08:24:28.385 [main] INFO  com.cloudframe.app.process.Uhdynsql.fetchAndPrintWidgets  557 - WIDGET-MANU-COST     = 0
08:24:28.385 [main] INFO  com.cloudframe.app.process.Uhdynsql.fetchAndPrintWidgets  559 - WIDGET-LEAD-TIME     = 0
08:24:28.386 [main] INFO  com.cloudframe.app.process.Uhdynsql.fetchAndPrintWidgets  541 - -----------------------------------------
08:24:28.386 [main] INFO  com.cloudframe.app.process.Uhdynsql.fetchAndPrintWidgets  543 - WIDGET-NUM           = 00000015
08:24:28.387 [main] INFO  com.cloudframe.app.process.Uhdynsql.fetchAndPrintWidgets  545 - WIDGET-COLOR         = BLUE  
08:24:28.387 [main] INFO  com.cloudframe.app.process.Uhdynsql.fetchAndPrintWidgets  547 - WIDGET-SIZE          = X
08:24:28.387 [main] INFO  com.cloudframe.app.process.Uhdynsql.fetchAndPrintWidgets  549 - WIDGET-PRICE         = 1500
08:24:28.387 [main] INFO  com.cloudframe.app.process.Uhdynsql.fetchAndPrintWidgets  551 - WIDGET-SUPPLIER      = INTERNAL
08:24:28.388 [main] INFO  com.cloudframe.app.process.Uhdynsql.fetchAndPrintWidgets  553 - WIDGET-DESC          = XLARGE WIDGET       
08:24:28.388 [main] INFO  com.cloudframe.app.process.Uhdynsql.fetchAndPrintWidgets  555 - WIDGET-MANU-PLANT    =         
08:24:28.388 [main] INFO  com.cloudframe.app.process.Uhdynsql.fetchAndPrintWidgets  557 - WIDGET-MANU-COST     = 0
08:24:28.388 [main] INFO  com.cloudframe.app.process.Uhdynsql.fetchAndPrintWidgets  559 - WIDGET-LEAD-TIME     = 0
08:24:28.389 [main] INFO  com.cloudframe.app.process.Uhdynsql.fetchAndPrintWidgets  541 - -----------------------------------------
08:24:28.390 [main] INFO  com.cloudframe.app.process.Uhdynsql.fetchAndPrintWidgets  543 - WIDGET-NUM           = 00000016
08:24:28.390 [main] INFO  com.cloudframe.app.process.Uhdynsql.fetchAndPrintWidgets  545 - WIDGET-COLOR         = BLUE  
08:24:28.390 [main] INFO  com.cloudframe.app.process.Uhdynsql.fetchAndPrintWidgets  547 - WIDGET-SIZE          = X
08:24:28.390 [main] INFO  com.cloudframe.app.process.Uhdynsql.fetchAndPrintWidgets  549 - WIDGET-PRICE         = 1500
08:24:28.391 [main] INFO  com.cloudframe.app.process.Uhdynsql.fetchAndPrintWidgets  551 - WIDGET-SUPPLIER      = ACME    
08:24:28.391 [main] INFO  com.cloudframe.app.process.Uhdynsql.fetchAndPrintWidgets  553 - WIDGET-DESC          = XLARGE WIDGET       
08:24:28.391 [main] INFO  com.cloudframe.app.process.Uhdynsql.fetchAndPrintWidgets  555 - WIDGET-MANU-PLANT    =         
08:24:28.391 [main] INFO  com.cloudframe.app.process.Uhdynsql.fetchAndPrintWidgets  557 - WIDGET-MANU-COST     = 0
08:24:28.392 [main] INFO  com.cloudframe.app.process.Uhdynsql.fetchAndPrintWidgets  559 - WIDGET-LEAD-TIME     = 0
08:24:28.393 [main] INFO  com.cloudframe.app.process.Uhdynsql.fetchAndPrintWidgets  541 - -----------------------------------------
08:24:28.393 [main] INFO  com.cloudframe.app.process.Uhdynsql.fetchAndPrintWidgets  543 - WIDGET-NUM           = 00000017
08:24:28.393 [main] INFO  com.cloudframe.app.process.Uhdynsql.fetchAndPrintWidgets  545 - WIDGET-COLOR         = BLUE  
08:24:28.393 [main] INFO  com.cloudframe.app.process.Uhdynsql.fetchAndPrintWidgets  547 - WIDGET-SIZE          = X
08:24:28.394 [main] INFO  com.cloudframe.app.process.Uhdynsql.fetchAndPrintWidgets  549 - WIDGET-PRICE         = 1500
08:24:28.394 [main] INFO  com.cloudframe.app.process.Uhdynsql.fetchAndPrintWidgets  551 - WIDGET-SUPPLIER      = ACME    
08:24:28.394 [main] INFO  com.cloudframe.app.process.Uhdynsql.fetchAndPrintWidgets  553 - WIDGET-DESC          = XLARGE WIDGET       
08:24:28.394 [main] INFO  com.cloudframe.app.process.Uhdynsql.fetchAndPrintWidgets  555 - WIDGET-MANU-PLANT    =         
08:24:28.395 [main] INFO  com.cloudframe.app.process.Uhdynsql.fetchAndPrintWidgets  557 - WIDGET-MANU-COST     = 0
08:24:28.395 [main] INFO  com.cloudframe.app.process.Uhdynsql.fetchAndPrintWidgets  559 - WIDGET-LEAD-TIME     = 0
08:24:28.397 [main] INFO  com.cloudframe.app.process.Uhdynsql.fetchAndPrintWidgets  541 - -----------------------------------------
08:24:28.397 [main] INFO  com.cloudframe.app.process.Uhdynsql.fetchAndPrintWidgets  543 - WIDGET-NUM           = 00000018
08:24:28.397 [main] INFO  com.cloudframe.app.process.Uhdynsql.fetchAndPrintWidgets  545 - WIDGET-COLOR         = BLUE  
08:24:28.398 [main] INFO  com.cloudframe.app.process.Uhdynsql.fetchAndPrintWidgets  547 - WIDGET-SIZE          = X
08:24:28.398 [main] INFO  com.cloudframe.app.process.Uhdynsql.fetchAndPrintWidgets  549 - WIDGET-PRICE         = 1500
08:24:28.398 [main] INFO  com.cloudframe.app.process.Uhdynsql.fetchAndPrintWidgets  551 - WIDGET-SUPPLIER      = ACME    
08:24:28.398 [main] INFO  com.cloudframe.app.process.Uhdynsql.fetchAndPrintWidgets  553 - WIDGET-DESC          = XLARGE WIDGET       
08:24:28.399 [main] INFO  com.cloudframe.app.process.Uhdynsql.fetchAndPrintWidgets  555 - WIDGET-MANU-PLANT    =         
08:24:28.399 [main] INFO  com.cloudframe.app.process.Uhdynsql.fetchAndPrintWidgets  557 - WIDGET-MANU-COST     = 0
08:24:28.399 [main] INFO  com.cloudframe.app.process.Uhdynsql.fetchAndPrintWidgets  559 - WIDGET-LEAD-TIME     = 0
08:24:28.400 [main] INFO  com.cloudframe.app.process.Uhdynsql.fetchAndPrintWidgets  541 - -----------------------------------------
08:24:28.400 [main] INFO  com.cloudframe.app.process.Uhdynsql.fetchAndPrintWidgets  543 - WIDGET-NUM           = 00000019
08:24:28.401 [main] INFO  com.cloudframe.app.process.Uhdynsql.fetchAndPrintWidgets  545 - WIDGET-COLOR         = BLUE  
08:24:28.401 [main] INFO  com.cloudframe.app.process.Uhdynsql.fetchAndPrintWidgets  547 - WIDGET-SIZE          = X
08:24:28.401 [main] INFO  com.cloudframe.app.process.Uhdynsql.fetchAndPrintWidgets  549 - WIDGET-PRICE         = 3325
08:24:28.401 [main] INFO  com.cloudframe.app.process.Uhdynsql.fetchAndPrintWidgets  551 - WIDGET-SUPPLIER      = ACME    
08:24:28.402 [main] INFO  com.cloudframe.app.process.Uhdynsql.fetchAndPrintWidgets  553 - WIDGET-DESC          = XLARGE WIDGET       
08:24:28.402 [main] INFO  com.cloudframe.app.process.Uhdynsql.fetchAndPrintWidgets  555 - WIDGET-MANU-PLANT    =         
08:24:28.402 [main] INFO  com.cloudframe.app.process.Uhdynsql.fetchAndPrintWidgets  557 - WIDGET-MANU-COST     = 0
08:24:28.402 [main] INFO  com.cloudframe.app.process.Uhdynsql.fetchAndPrintWidgets  559 - WIDGET-LEAD-TIME     = 0
08:24:28.403 [main] INFO  com.cloudframe.app.process.Uhdynsql.fetchAndPrintWidgets  541 - -----------------------------------------
08:24:28.404 [main] INFO  com.cloudframe.app.process.Uhdynsql.fetchAndPrintWidgets  543 - WIDGET-NUM           = 00000020
08:24:28.404 [main] INFO  com.cloudframe.app.process.Uhdynsql.fetchAndPrintWidgets  545 - WIDGET-COLOR         = BLUE  
08:24:28.404 [main] INFO  com.cloudframe.app.process.Uhdynsql.fetchAndPrintWidgets  547 - WIDGET-SIZE          = X
08:24:28.404 [main] INFO  com.cloudframe.app.process.Uhdynsql.fetchAndPrintWidgets  549 - WIDGET-PRICE         = 1500
08:24:28.405 [main] INFO  com.cloudframe.app.process.Uhdynsql.fetchAndPrintWidgets  551 - WIDGET-SUPPLIER      = ACME    
08:24:28.405 [main] INFO  com.cloudframe.app.process.Uhdynsql.fetchAndPrintWidgets  553 - WIDGET-DESC          = XLARGE WIDGET       
08:24:28.406 [main] INFO  com.cloudframe.app.process.Uhdynsql.fetchAndPrintWidgets  555 - WIDGET-MANU-PLANT    =         
08:24:28.406 [main] INFO  com.cloudframe.app.process.Uhdynsql.fetchAndPrintWidgets  557 - WIDGET-MANU-COST     = 0
08:24:28.406 [main] INFO  com.cloudframe.app.process.Uhdynsql.fetchAndPrintWidgets  559 - WIDGET-LEAD-TIME     = 0
08:24:28.407 [main] INFO  com.cloudframe.app.process.Uhdynsql.fetchAndPrintWidgets  541 - -----------------------------------------
08:24:28.408 [main] INFO  com.cloudframe.app.process.Uhdynsql.fetchAndPrintWidgets  543 - WIDGET-NUM           = 00000021
08:24:28.408 [main] INFO  com.cloudframe.app.process.Uhdynsql.fetchAndPrintWidgets  545 - WIDGET-COLOR         = BLUE  
08:24:28.408 [main] INFO  com.cloudframe.app.process.Uhdynsql.fetchAndPrintWidgets  547 - WIDGET-SIZE          = X
08:24:28.408 [main] INFO  com.cloudframe.app.process.Uhdynsql.fetchAndPrintWidgets  549 - WIDGET-PRICE         = 1500
08:24:28.409 [main] INFO  com.cloudframe.app.process.Uhdynsql.fetchAndPrintWidgets  551 - WIDGET-SUPPLIER      = INTERNAL
08:24:28.409 [main] INFO  com.cloudframe.app.process.Uhdynsql.fetchAndPrintWidgets  553 - WIDGET-DESC          = XLARGE WIDGET       
08:24:28.409 [main] INFO  com.cloudframe.app.process.Uhdynsql.fetchAndPrintWidgets  555 - WIDGET-MANU-PLANT    =         
08:24:28.409 [main] INFO  com.cloudframe.app.process.Uhdynsql.fetchAndPrintWidgets  557 - WIDGET-MANU-COST     = 0
08:24:28.410 [main] INFO  com.cloudframe.app.process.Uhdynsql.fetchAndPrintWidgets  559 - WIDGET-LEAD-TIME     = 0
08:24:28.410 [main] INFO  com.cloudframe.app.process.Uhdynsql.fetchAndPrintWidgets  541 - -----------------------------------------
08:24:28.411 [main] INFO  com.cloudframe.app.process.Uhdynsql.fetchAndPrintWidgets  543 - WIDGET-NUM           = 00000022
08:24:28.411 [main] INFO  com.cloudframe.app.process.Uhdynsql.fetchAndPrintWidgets  545 - WIDGET-COLOR         = BLUE  
08:24:28.411 [main] INFO  com.cloudframe.app.process.Uhdynsql.fetchAndPrintWidgets  547 - WIDGET-SIZE          = X
08:24:28.411 [main] INFO  com.cloudframe.app.process.Uhdynsql.fetchAndPrintWidgets  549 - WIDGET-PRICE         = 1500
08:24:28.411 [main] INFO  com.cloudframe.app.process.Uhdynsql.fetchAndPrintWidgets  551 - WIDGET-SUPPLIER      = ACME    
08:24:28.412 [main] INFO  com.cloudframe.app.process.Uhdynsql.fetchAndPrintWidgets  553 - WIDGET-DESC          = XLARGE WIDGET       
08:24:28.412 [main] INFO  com.cloudframe.app.process.Uhdynsql.fetchAndPrintWidgets  555 - WIDGET-MANU-PLANT    =         
08:24:28.412 [main] INFO  com.cloudframe.app.process.Uhdynsql.fetchAndPrintWidgets  557 - WIDGET-MANU-COST     = 0
08:24:28.412 [main] INFO  com.cloudframe.app.process.Uhdynsql.fetchAndPrintWidgets  559 - WIDGET-LEAD-TIME     = 0
08:24:28.413 [main] INFO  com.cloudframe.app.process.Uhdynsql.fetchAndPrintWidgets  541 - -----------------------------------------
08:24:28.413 [main] INFO  com.cloudframe.app.process.Uhdynsql.fetchAndPrintWidgets  543 - WIDGET-NUM           = 00000023
08:24:28.414 [main] INFO  com.cloudframe.app.process.Uhdynsql.fetchAndPrintWidgets  545 - WIDGET-COLOR         = BLUE  
08:24:28.414 [main] INFO  com.cloudframe.app.process.Uhdynsql.fetchAndPrintWidgets  547 - WIDGET-SIZE          = X
08:24:28.414 [main] INFO  com.cloudframe.app.process.Uhdynsql.fetchAndPrintWidgets  549 - WIDGET-PRICE         = 1500
08:24:28.415 [main] INFO  com.cloudframe.app.process.Uhdynsql.fetchAndPrintWidgets  551 - WIDGET-SUPPLIER      = ACME    
08:24:28.415 [main] INFO  com.cloudframe.app.process.Uhdynsql.fetchAndPrintWidgets  553 - WIDGET-DESC          = XLARGE WIDGET       
08:24:28.415 [main] INFO  com.cloudframe.app.process.Uhdynsql.fetchAndPrintWidgets  555 - WIDGET-MANU-PLANT    =         
08:24:28.415 [main] INFO  com.cloudframe.app.process.Uhdynsql.fetchAndPrintWidgets  557 - WIDGET-MANU-COST     = 0
08:24:28.415 [main] INFO  com.cloudframe.app.process.Uhdynsql.fetchAndPrintWidgets  559 - WIDGET-LEAD-TIME     = 0
08:24:28.416 [main] INFO  com.cloudframe.app.process.Uhdynsql.fetchAndPrintWidgets  541 - -----------------------------------------
08:24:28.416 [main] INFO  com.cloudframe.app.process.Uhdynsql.fetchAndPrintWidgets  543 - WIDGET-NUM           = 00000024
08:24:28.416 [main] INFO  com.cloudframe.app.process.Uhdynsql.fetchAndPrintWidgets  545 - WIDGET-COLOR         = BLUE  
08:24:28.417 [main] INFO  com.cloudframe.app.process.Uhdynsql.fetchAndPrintWidgets  547 - WIDGET-SIZE          = X
08:24:28.417 [main] INFO  com.cloudframe.app.process.Uhdynsql.fetchAndPrintWidgets  549 - WIDGET-PRICE         = 1500
08:24:28.417 [main] INFO  com.cloudframe.app.process.Uhdynsql.fetchAndPrintWidgets  551 - WIDGET-SUPPLIER      = ACME    
08:24:28.417 [main] INFO  com.cloudframe.app.process.Uhdynsql.fetchAndPrintWidgets  553 - WIDGET-DESC          = XLARGE WIDGET       
08:24:28.417 [main] INFO  com.cloudframe.app.process.Uhdynsql.fetchAndPrintWidgets  555 - WIDGET-MANU-PLANT    =         
08:24:28.417 [main] INFO  com.cloudframe.app.process.Uhdynsql.fetchAndPrintWidgets  557 - WIDGET-MANU-COST     = 0
08:24:28.418 [main] INFO  com.cloudframe.app.process.Uhdynsql.fetchAndPrintWidgets  559 - WIDGET-LEAD-TIME     = 0
08:24:28.418 [main] INFO  com.cloudframe.app.process.Uhdynsql.fetchAndPrintWidgets  541 - -----------------------------------------
08:24:28.418 [main] INFO  com.cloudframe.app.process.Uhdynsql.fetchAndPrintWidgets  543 - WIDGET-NUM           = 00000025
08:24:28.418 [main] INFO  com.cloudframe.app.process.Uhdynsql.fetchAndPrintWidgets  545 - WIDGET-COLOR         = BLUE  
08:24:28.419 [main] INFO  com.cloudframe.app.process.Uhdynsql.fetchAndPrintWidgets  547 - WIDGET-SIZE          = X
08:24:28.419 [main] INFO  com.cloudframe.app.process.Uhdynsql.fetchAndPrintWidgets  549 - WIDGET-PRICE         = 1500
08:24:28.419 [main] INFO  com.cloudframe.app.process.Uhdynsql.fetchAndPrintWidgets  551 - WIDGET-SUPPLIER      = INTERNAL
08:24:28.419 [main] INFO  com.cloudframe.app.process.Uhdynsql.fetchAndPrintWidgets  553 - WIDGET-DESC          = XLARGE WIDGET       
08:24:28.419 [main] INFO  com.cloudframe.app.process.Uhdynsql.fetchAndPrintWidgets  555 - WIDGET-MANU-PLANT    =         
08:24:28.420 [main] INFO  com.cloudframe.app.process.Uhdynsql.fetchAndPrintWidgets  557 - WIDGET-MANU-COST     = 0
08:24:28.420 [main] INFO  com.cloudframe.app.process.Uhdynsql.fetchAndPrintWidgets  559 - WIDGET-LEAD-TIME     = 0
08:24:28.420 [main] INFO  com.cloudframe.app.process.Uhdynsql.fetchAndPrintWidgets  541 - -----------------------------------------
08:24:28.420 [main] INFO  com.cloudframe.app.process.Uhdynsql.fetchAndPrintWidgets  543 - WIDGET-NUM           = 00000026
08:24:28.421 [main] INFO  com.cloudframe.app.process.Uhdynsql.fetchAndPrintWidgets  545 - WIDGET-COLOR         = BLUE  
08:24:28.421 [main] INFO  com.cloudframe.app.process.Uhdynsql.fetchAndPrintWidgets  547 - WIDGET-SIZE          = X
08:24:28.421 [main] INFO  com.cloudframe.app.process.Uhdynsql.fetchAndPrintWidgets  549 - WIDGET-PRICE         = 1500
08:24:28.421 [main] INFO  com.cloudframe.app.process.Uhdynsql.fetchAndPrintWidgets  551 - WIDGET-SUPPLIER      = ACME    
08:24:28.421 [main] INFO  com.cloudframe.app.process.Uhdynsql.fetchAndPrintWidgets  553 - WIDGET-DESC          = XLARGE WIDGET       
08:24:28.422 [main] INFO  com.cloudframe.app.process.Uhdynsql.fetchAndPrintWidgets  555 - WIDGET-MANU-PLANT    =         
08:24:28.422 [main] INFO  com.cloudframe.app.process.Uhdynsql.fetchAndPrintWidgets  557 - WIDGET-MANU-COST     = 0
08:24:28.422 [main] INFO  com.cloudframe.app.process.Uhdynsql.fetchAndPrintWidgets  559 - WIDGET-LEAD-TIME     = 0
08:24:28.423 [main] INFO  com.cloudframe.app.process.Uhdynsql.fetchAndPrintWidgets  541 - -----------------------------------------
08:24:28.423 [main] INFO  com.cloudframe.app.process.Uhdynsql.fetchAndPrintWidgets  543 - WIDGET-NUM           = 00000027
08:24:28.423 [main] INFO  com.cloudframe.app.process.Uhdynsql.fetchAndPrintWidgets  545 - WIDGET-COLOR         = BLUE  
08:24:28.423 [main] INFO  com.cloudframe.app.process.Uhdynsql.fetchAndPrintWidgets  547 - WIDGET-SIZE          = X
08:24:28.424 [main] INFO  com.cloudframe.app.process.Uhdynsql.fetchAndPrintWidgets  549 - WIDGET-PRICE         = 1500
08:24:28.424 [main] INFO  com.cloudframe.app.process.Uhdynsql.fetchAndPrintWidgets  551 - WIDGET-SUPPLIER      = ACME    
08:24:28.424 [main] INFO  com.cloudframe.app.process.Uhdynsql.fetchAndPrintWidgets  553 - WIDGET-DESC          = XLARGE WIDGET       
08:24:28.424 [main] INFO  com.cloudframe.app.process.Uhdynsql.fetchAndPrintWidgets  555 - WIDGET-MANU-PLANT    =         
08:24:28.424 [main] INFO  com.cloudframe.app.process.Uhdynsql.fetchAndPrintWidgets  557 - WIDGET-MANU-COST     = 0
08:24:28.424 [main] INFO  com.cloudframe.app.process.Uhdynsql.fetchAndPrintWidgets  559 - WIDGET-LEAD-TIME     = 0
08:24:28.425 [main] INFO  com.cloudframe.app.process.Uhdynsql.fetchAndPrintWidgets  541 - -----------------------------------------
08:24:28.425 [main] INFO  com.cloudframe.app.process.Uhdynsql.fetchAndPrintWidgets  543 - WIDGET-NUM           = 00000028
08:24:28.426 [main] INFO  com.cloudframe.app.process.Uhdynsql.fetchAndPrintWidgets  545 - WIDGET-COLOR         = BLUE  
08:24:28.426 [main] INFO  com.cloudframe.app.process.Uhdynsql.fetchAndPrintWidgets  547 - WIDGET-SIZE          = X
08:24:28.426 [main] INFO  com.cloudframe.app.process.Uhdynsql.fetchAndPrintWidgets  549 - WIDGET-PRICE         = 1500
08:24:28.426 [main] INFO  com.cloudframe.app.process.Uhdynsql.fetchAndPrintWidgets  551 - WIDGET-SUPPLIER      = ACME    
08:24:28.426 [main] INFO  com.cloudframe.app.process.Uhdynsql.fetchAndPrintWidgets  553 - WIDGET-DESC          = XLARGE WIDGET       
08:24:28.426 [main] INFO  com.cloudframe.app.process.Uhdynsql.fetchAndPrintWidgets  555 - WIDGET-MANU-PLANT    =         
08:24:28.427 [main] INFO  com.cloudframe.app.process.Uhdynsql.fetchAndPrintWidgets  557 - WIDGET-MANU-COST     = 0
08:24:28.427 [main] INFO  com.cloudframe.app.process.Uhdynsql.fetchAndPrintWidgets  559 - WIDGET-LEAD-TIME     = 0
08:24:28.427 [main] INFO  com.cloudframe.app.process.Uhdynsql.fetchAndPrintWidgets  541 - -----------------------------------------
08:24:28.428 [main] INFO  com.cloudframe.app.process.Uhdynsql.fetchAndPrintWidgets  543 - WIDGET-NUM           = 00000029
08:24:28.428 [main] INFO  com.cloudframe.app.process.Uhdynsql.fetchAndPrintWidgets  545 - WIDGET-COLOR         = BLUE  
08:24:28.428 [main] INFO  com.cloudframe.app.process.Uhdynsql.fetchAndPrintWidgets  547 - WIDGET-SIZE          = X
08:24:28.428 [main] INFO  com.cloudframe.app.process.Uhdynsql.fetchAndPrintWidgets  549 - WIDGET-PRICE         = 1500
08:24:28.428 [main] INFO  com.cloudframe.app.process.Uhdynsql.fetchAndPrintWidgets  551 - WIDGET-SUPPLIER      = INTERNAL
08:24:28.428 [main] INFO  com.cloudframe.app.process.Uhdynsql.fetchAndPrintWidgets  553 - WIDGET-DESC          = XLARGE WIDGET       
08:24:28.429 [main] INFO  com.cloudframe.app.process.Uhdynsql.fetchAndPrintWidgets  555 - WIDGET-MANU-PLANT    =         
08:24:28.429 [main] INFO  com.cloudframe.app.process.Uhdynsql.fetchAndPrintWidgets  557 - WIDGET-MANU-COST     = 0
08:24:28.429 [main] INFO  com.cloudframe.app.process.Uhdynsql.fetchAndPrintWidgets  559 - WIDGET-LEAD-TIME     = 0
08:24:28.429 [main] INFO  com.cloudframe.app.process.Uhdynsql.fetchAndPrintWidgets  541 - -----------------------------------------
08:24:28.430 [main] INFO  com.cloudframe.app.process.Uhdynsql.fetchAndPrintWidgets  543 - WIDGET-NUM           = 00000030
08:24:28.430 [main] INFO  com.cloudframe.app.process.Uhdynsql.fetchAndPrintWidgets  545 - WIDGET-COLOR         = BLUE  
08:24:28.430 [main] INFO  com.cloudframe.app.process.Uhdynsql.fetchAndPrintWidgets  547 - WIDGET-SIZE          = X
08:24:28.430 [main] INFO  com.cloudframe.app.process.Uhdynsql.fetchAndPrintWidgets  549 - WIDGET-PRICE         = 1500
08:24:28.431 [main] INFO  com.cloudframe.app.process.Uhdynsql.fetchAndPrintWidgets  551 - WIDGET-SUPPLIER      = ACME    
08:24:28.431 [main] INFO  com.cloudframe.app.process.Uhdynsql.fetchAndPrintWidgets  553 - WIDGET-DESC          = XLARGE WIDGET       
08:24:28.431 [main] INFO  com.cloudframe.app.process.Uhdynsql.fetchAndPrintWidgets  555 - WIDGET-MANU-PLANT    =         
08:24:28.431 [main] INFO  com.cloudframe.app.process.Uhdynsql.fetchAndPrintWidgets  557 - WIDGET-MANU-COST     = 0
08:24:28.431 [main] INFO  com.cloudframe.app.process.Uhdynsql.fetchAndPrintWidgets  559 - WIDGET-LEAD-TIME     = 0
08:24:28.432 [main] INFO  com.cloudframe.app.process.Uhdynsql.fetchAndPrintWidgets  541 - -----------------------------------------
08:24:28.432 [main] INFO  com.cloudframe.app.process.Uhdynsql.fetchAndPrintWidgets  543 - WIDGET-NUM           = 00000031
08:24:28.432 [main] INFO  com.cloudframe.app.process.Uhdynsql.fetchAndPrintWidgets  545 - WIDGET-COLOR         = BLUE  
08:24:28.432 [main] INFO  com.cloudframe.app.process.Uhdynsql.fetchAndPrintWidgets  547 - WIDGET-SIZE          = X
08:24:28.433 [main] INFO  com.cloudframe.app.process.Uhdynsql.fetchAndPrintWidgets  549 - WIDGET-PRICE         = 1500
08:24:28.433 [main] INFO  com.cloudframe.app.process.Uhdynsql.fetchAndPrintWidgets  551 - WIDGET-SUPPLIER      = INTERNAL
08:24:28.433 [main] INFO  com.cloudframe.app.process.Uhdynsql.fetchAndPrintWidgets  553 - WIDGET-DESC          = XLARGE WIDGET       
08:24:28.433 [main] INFO  com.cloudframe.app.process.Uhdynsql.fetchAndPrintWidgets  555 - WIDGET-MANU-PLANT    =         
08:24:28.433 [main] INFO  com.cloudframe.app.process.Uhdynsql.fetchAndPrintWidgets  557 - WIDGET-MANU-COST     = 0
08:24:28.433 [main] INFO  com.cloudframe.app.process.Uhdynsql.fetchAndPrintWidgets  559 - WIDGET-LEAD-TIME     = 0
08:24:28.434 [main] INFO  com.cloudframe.app.process.Uhdynsql.fetchAndPrintWidgets  541 - -----------------------------------------
08:24:28.434 [main] INFO  com.cloudframe.app.process.Uhdynsql.fetchAndPrintWidgets  543 - WIDGET-NUM           = 00000032
08:24:28.434 [main] INFO  com.cloudframe.app.process.Uhdynsql.fetchAndPrintWidgets  545 - WIDGET-COLOR         = BLUE  
08:24:28.435 [main] INFO  com.cloudframe.app.process.Uhdynsql.fetchAndPrintWidgets  547 - WIDGET-SIZE          = X
08:24:28.435 [main] INFO  com.cloudframe.app.process.Uhdynsql.fetchAndPrintWidgets  549 - WIDGET-PRICE         = 1500
08:24:28.435 [main] INFO  com.cloudframe.app.process.Uhdynsql.fetchAndPrintWidgets  551 - WIDGET-SUPPLIER      = ACME    
08:24:28.435 [main] INFO  com.cloudframe.app.process.Uhdynsql.fetchAndPrintWidgets  553 - WIDGET-DESC          = XLARGE WIDGET       
08:24:28.435 [main] INFO  com.cloudframe.app.process.Uhdynsql.fetchAndPrintWidgets  555 - WIDGET-MANU-PLANT    =         
08:24:28.436 [main] INFO  com.cloudframe.app.process.Uhdynsql.fetchAndPrintWidgets  557 - WIDGET-MANU-COST     = 0
08:24:28.436 [main] INFO  com.cloudframe.app.process.Uhdynsql.fetchAndPrintWidgets  559 - WIDGET-LEAD-TIME     = 0
08:24:28.437 [main] INFO  com.cloudframe.app.process.Uhdynsql.fetchAndPrintWidgets  541 - -----------------------------------------
08:24:28.437 [main] INFO  com.cloudframe.app.process.Uhdynsql.fetchAndPrintWidgets  543 - WIDGET-NUM           = 00000033
08:24:28.437 [main] INFO  com.cloudframe.app.process.Uhdynsql.fetchAndPrintWidgets  545 - WIDGET-COLOR         = BLUE  
08:24:28.437 [main] INFO  com.cloudframe.app.process.Uhdynsql.fetchAndPrintWidgets  547 - WIDGET-SIZE          = X
08:24:28.437 [main] INFO  com.cloudframe.app.process.Uhdynsql.fetchAndPrintWidgets  549 - WIDGET-PRICE         = 1500
08:24:28.437 [main] INFO  com.cloudframe.app.process.Uhdynsql.fetchAndPrintWidgets  551 - WIDGET-SUPPLIER      = ACME    
08:24:28.437 [main] INFO  com.cloudframe.app.process.Uhdynsql.fetchAndPrintWidgets  553 - WIDGET-DESC          = XLARGE WIDGET       
08:24:28.438 [main] INFO  com.cloudframe.app.process.Uhdynsql.fetchAndPrintWidgets  555 - WIDGET-MANU-PLANT    =         
08:24:28.438 [main] INFO  com.cloudframe.app.process.Uhdynsql.fetchAndPrintWidgets  557 - WIDGET-MANU-COST     = 0
08:24:28.438 [main] INFO  com.cloudframe.app.process.Uhdynsql.fetchAndPrintWidgets  559 - WIDGET-LEAD-TIME     = 0
08:24:28.438 [main] INFO  com.cloudframe.app.process.Uhdynsql.fetchAndPrintWidgets  541 - -----------------------------------------
08:24:28.439 [main] INFO  com.cloudframe.app.process.Uhdynsql.fetchAndPrintWidgets  543 - WIDGET-NUM           = 00000034
08:24:28.439 [main] INFO  com.cloudframe.app.process.Uhdynsql.fetchAndPrintWidgets  545 - WIDGET-COLOR         = BLUE  
08:24:28.439 [main] INFO  com.cloudframe.app.process.Uhdynsql.fetchAndPrintWidgets  547 - WIDGET-SIZE          = X
08:24:28.439 [main] INFO  com.cloudframe.app.process.Uhdynsql.fetchAndPrintWidgets  549 - WIDGET-PRICE         = 1500
08:24:28.439 [main] INFO  com.cloudframe.app.process.Uhdynsql.fetchAndPrintWidgets  551 - WIDGET-SUPPLIER      = ACME    
08:24:28.439 [main] INFO  com.cloudframe.app.process.Uhdynsql.fetchAndPrintWidgets  553 - WIDGET-DESC          = XLARGE WIDGET       
08:24:28.439 [main] INFO  com.cloudframe.app.process.Uhdynsql.fetchAndPrintWidgets  555 - WIDGET-MANU-PLANT    =         
08:24:28.440 [main] INFO  com.cloudframe.app.process.Uhdynsql.fetchAndPrintWidgets  557 - WIDGET-MANU-COST     = 0
08:24:28.440 [main] INFO  com.cloudframe.app.process.Uhdynsql.fetchAndPrintWidgets  559 - WIDGET-LEAD-TIME     = 0
08:24:28.440 [main] INFO  com.cloudframe.app.process.Uhdynsql.fetchAndPrintWidgets  541 - -----------------------------------------
08:24:28.440 [main] INFO  com.cloudframe.app.process.Uhdynsql.fetchAndPrintWidgets  543 - WIDGET-NUM           = 00000035
08:24:28.440 [main] INFO  com.cloudframe.app.process.Uhdynsql.fetchAndPrintWidgets  545 - WIDGET-COLOR         = BLUE  
08:24:28.441 [main] INFO  com.cloudframe.app.process.Uhdynsql.fetchAndPrintWidgets  547 - WIDGET-SIZE          = X
08:24:28.441 [main] INFO  com.cloudframe.app.process.Uhdynsql.fetchAndPrintWidgets  549 - WIDGET-PRICE         = 1500
08:24:28.441 [main] INFO  com.cloudframe.app.process.Uhdynsql.fetchAndPrintWidgets  551 - WIDGET-SUPPLIER      = INTERNAL
08:24:28.441 [main] INFO  com.cloudframe.app.process.Uhdynsql.fetchAndPrintWidgets  553 - WIDGET-DESC          = XLARGE WIDGET       
08:24:28.441 [main] INFO  com.cloudframe.app.process.Uhdynsql.fetchAndPrintWidgets  555 - WIDGET-MANU-PLANT    =         
08:24:28.441 [main] INFO  com.cloudframe.app.process.Uhdynsql.fetchAndPrintWidgets  557 - WIDGET-MANU-COST     = 0
08:24:28.441 [main] INFO  com.cloudframe.app.process.Uhdynsql.fetchAndPrintWidgets  559 - WIDGET-LEAD-TIME     = 0
08:24:28.442 [main] INFO  com.cloudframe.app.process.Uhdynsql.fetchAndPrintWidgets  541 - -----------------------------------------
08:24:28.442 [main] INFO  com.cloudframe.app.process.Uhdynsql.fetchAndPrintWidgets  543 - WIDGET-NUM           = 00000036
08:24:28.442 [main] INFO  com.cloudframe.app.process.Uhdynsql.fetchAndPrintWidgets  545 - WIDGET-COLOR         = BLUE  
08:24:28.443 [main] INFO  com.cloudframe.app.process.Uhdynsql.fetchAndPrintWidgets  547 - WIDGET-SIZE          = X
08:24:28.443 [main] INFO  com.cloudframe.app.process.Uhdynsql.fetchAndPrintWidgets  549 - WIDGET-PRICE         = 1500
08:24:28.443 [main] INFO  com.cloudframe.app.process.Uhdynsql.fetchAndPrintWidgets  551 - WIDGET-SUPPLIER      = ACME    
08:24:28.443 [main] INFO  com.cloudframe.app.process.Uhdynsql.fetchAndPrintWidgets  553 - WIDGET-DESC          = XLARGE WIDGET       
08:24:28.443 [main] INFO  com.cloudframe.app.process.Uhdynsql.fetchAndPrintWidgets  555 - WIDGET-MANU-PLANT    =         
08:24:28.443 [main] INFO  com.cloudframe.app.process.Uhdynsql.fetchAndPrintWidgets  557 - WIDGET-MANU-COST     = 0
08:24:28.443 [main] INFO  com.cloudframe.app.process.Uhdynsql.fetchAndPrintWidgets  559 - WIDGET-LEAD-TIME     = 0
08:24:28.444 [main] INFO  com.cloudframe.app.process.Uhdynsql.fetchAndPrintWidgets  541 - -----------------------------------------
08:24:28.444 [main] INFO  com.cloudframe.app.process.Uhdynsql.fetchAndPrintWidgets  543 - WIDGET-NUM           = 00000037
08:24:28.444 [main] INFO  com.cloudframe.app.process.Uhdynsql.fetchAndPrintWidgets  545 - WIDGET-COLOR         = BLUE  
08:24:28.445 [main] INFO  com.cloudframe.app.process.Uhdynsql.fetchAndPrintWidgets  547 - WIDGET-SIZE          = X
08:24:28.445 [main] INFO  com.cloudframe.app.process.Uhdynsql.fetchAndPrintWidgets  549 - WIDGET-PRICE         = 1500
08:24:28.445 [main] INFO  com.cloudframe.app.process.Uhdynsql.fetchAndPrintWidgets  551 - WIDGET-SUPPLIER      = ACME    
08:24:28.445 [main] INFO  com.cloudframe.app.process.Uhdynsql.fetchAndPrintWidgets  553 - WIDGET-DESC          = XLARGE WIDGET       
08:24:28.445 [main] INFO  com.cloudframe.app.process.Uhdynsql.fetchAndPrintWidgets  555 - WIDGET-MANU-PLANT    =         
08:24:28.445 [main] INFO  com.cloudframe.app.process.Uhdynsql.fetchAndPrintWidgets  557 - WIDGET-MANU-COST     = 0
08:24:28.446 [main] INFO  com.cloudframe.app.process.Uhdynsql.fetchAndPrintWidgets  559 - WIDGET-LEAD-TIME     = 0
08:24:28.446 [main] INFO  com.cloudframe.app.process.Uhdynsql.fetchAndPrintWidgets  541 - -----------------------------------------
08:24:28.446 [main] INFO  com.cloudframe.app.process.Uhdynsql.fetchAndPrintWidgets  543 - WIDGET-NUM           = 00000038
08:24:28.446 [main] INFO  com.cloudframe.app.process.Uhdynsql.fetchAndPrintWidgets  545 - WIDGET-COLOR         = BLUE  
08:24:28.446 [main] INFO  com.cloudframe.app.process.Uhdynsql.fetchAndPrintWidgets  547 - WIDGET-SIZE          = X
08:24:28.447 [main] INFO  com.cloudframe.app.process.Uhdynsql.fetchAndPrintWidgets  549 - WIDGET-PRICE         = 1500
08:24:28.447 [main] INFO  com.cloudframe.app.process.Uhdynsql.fetchAndPrintWidgets  551 - WIDGET-SUPPLIER      = ACME    
08:24:28.447 [main] INFO  com.cloudframe.app.process.Uhdynsql.fetchAndPrintWidgets  553 - WIDGET-DESC          = XLARGE WIDGET       
08:24:28.447 [main] INFO  com.cloudframe.app.process.Uhdynsql.fetchAndPrintWidgets  555 - WIDGET-MANU-PLANT    =         
08:24:28.447 [main] INFO  com.cloudframe.app.process.Uhdynsql.fetchAndPrintWidgets  557 - WIDGET-MANU-COST     = 0
08:24:28.447 [main] INFO  com.cloudframe.app.process.Uhdynsql.fetchAndPrintWidgets  559 - WIDGET-LEAD-TIME     = 0
08:24:28.448 [main] INFO  com.cloudframe.app.process.Uhdynsql.fetchAndPrintWidgets  541 - -----------------------------------------
08:24:28.448 [main] INFO  com.cloudframe.app.process.Uhdynsql.fetchAndPrintWidgets  543 - WIDGET-NUM           = 00000039
08:24:28.448 [main] INFO  com.cloudframe.app.process.Uhdynsql.fetchAndPrintWidgets  545 - WIDGET-COLOR         = BLUE  
08:24:28.448 [main] INFO  com.cloudframe.app.process.Uhdynsql.fetchAndPrintWidgets  547 - WIDGET-SIZE          = X
08:24:28.448 [main] INFO  com.cloudframe.app.process.Uhdynsql.fetchAndPrintWidgets  549 - WIDGET-PRICE         = 1500
08:24:28.448 [main] INFO  com.cloudframe.app.process.Uhdynsql.fetchAndPrintWidgets  551 - WIDGET-SUPPLIER      = INTERNAL
08:24:28.448 [main] INFO  com.cloudframe.app.process.Uhdynsql.fetchAndPrintWidgets  553 - WIDGET-DESC          = XLARGE WIDGET       
08:24:28.449 [main] INFO  com.cloudframe.app.process.Uhdynsql.fetchAndPrintWidgets  555 - WIDGET-MANU-PLANT    =         
08:24:28.449 [main] INFO  com.cloudframe.app.process.Uhdynsql.fetchAndPrintWidgets  557 - WIDGET-MANU-COST     = 0
08:24:28.449 [main] INFO  com.cloudframe.app.process.Uhdynsql.fetchAndPrintWidgets  559 - WIDGET-LEAD-TIME     = 0
08:24:28.450 [main] INFO  com.cloudframe.app.process.Uhdynsql.fetchAndPrintWidgets  541 - -----------------------------------------
08:24:28.450 [main] INFO  com.cloudframe.app.process.Uhdynsql.fetchAndPrintWidgets  543 - WIDGET-NUM           = 00000040
08:24:28.450 [main] INFO  com.cloudframe.app.process.Uhdynsql.fetchAndPrintWidgets  545 - WIDGET-COLOR         = BLUE  
08:24:28.450 [main] INFO  com.cloudframe.app.process.Uhdynsql.fetchAndPrintWidgets  547 - WIDGET-SIZE          = X
08:24:28.451 [main] INFO  com.cloudframe.app.process.Uhdynsql.fetchAndPrintWidgets  549 - WIDGET-PRICE         = 1500
08:24:28.451 [main] INFO  com.cloudframe.app.process.Uhdynsql.fetchAndPrintWidgets  551 - WIDGET-SUPPLIER      = ACME    
08:24:28.451 [main] INFO  com.cloudframe.app.process.Uhdynsql.fetchAndPrintWidgets  553 - WIDGET-DESC          = XLARGE WIDGET       
08:24:28.451 [main] INFO  com.cloudframe.app.process.Uhdynsql.fetchAndPrintWidgets  555 - WIDGET-MANU-PLANT    =         
08:24:28.451 [main] INFO  com.cloudframe.app.process.Uhdynsql.fetchAndPrintWidgets  557 - WIDGET-MANU-COST     = 0
08:24:28.451 [main] INFO  com.cloudframe.app.process.Uhdynsql.fetchAndPrintWidgets  559 - WIDGET-LEAD-TIME     = 0
08:24:28.451 [main] INFO  com.cloudframe.app.process.Uhdynsql.fetchAndPrintWidgets  541 - -----------------------------------------
08:24:28.451 [main] INFO  com.cloudframe.app.process.Uhdynsql.fetchAndPrintWidgets  543 - WIDGET-NUM           = 00000041
08:24:28.451 [main] INFO  com.cloudframe.app.process.Uhdynsql.fetchAndPrintWidgets  545 - WIDGET-COLOR         = BLUE  
08:24:28.452 [main] INFO  com.cloudframe.app.process.Uhdynsql.fetchAndPrintWidgets  547 - WIDGET-SIZE          = X
08:24:28.452 [main] INFO  com.cloudframe.app.process.Uhdynsql.fetchAndPrintWidgets  549 - WIDGET-PRICE         = 20
08:24:28.452 [main] INFO  com.cloudframe.app.process.Uhdynsql.fetchAndPrintWidgets  551 - WIDGET-SUPPLIER      = 1       
08:24:28.452 [main] INFO  com.cloudframe.app.process.Uhdynsql.fetchAndPrintWidgets  553 - WIDGET-DESC          = XLARGE WIDGET       
08:24:28.452 [main] INFO  com.cloudframe.app.process.Uhdynsql.fetchAndPrintWidgets  555 - WIDGET-MANU-PLANT    =         
08:24:28.452 [main] INFO  com.cloudframe.app.process.Uhdynsql.fetchAndPrintWidgets  557 - WIDGET-MANU-COST     = 0
08:24:28.452 [main] INFO  com.cloudframe.app.process.Uhdynsql.fetchAndPrintWidgets  559 - WIDGET-LEAD-TIME     = 0
08:24:28.452 [main] INFO  com.cloudframe.app.process.Uhdynsql.fetchAndPrintWidgets  541 - -----------------------------------------
08:24:28.452 [main] INFO  com.cloudframe.app.process.Uhdynsql.fetchAndPrintWidgets  543 - WIDGET-NUM           = 00000042
08:24:28.452 [main] INFO  com.cloudframe.app.process.Uhdynsql.fetchAndPrintWidgets  545 - WIDGET-COLOR         = BLUE  
08:24:28.453 [main] INFO  com.cloudframe.app.process.Uhdynsql.fetchAndPrintWidgets  547 - WIDGET-SIZE          = X
08:24:28.453 [main] INFO  com.cloudframe.app.process.Uhdynsql.fetchAndPrintWidgets  549 - WIDGET-PRICE         = 1500
08:24:28.453 [main] INFO  com.cloudframe.app.process.Uhdynsql.fetchAndPrintWidgets  551 - WIDGET-SUPPLIER      = ACME    
08:24:28.453 [main] INFO  com.cloudframe.app.process.Uhdynsql.fetchAndPrintWidgets  553 - WIDGET-DESC          = XLARGE WIDGET       
08:24:28.453 [main] INFO  com.cloudframe.app.process.Uhdynsql.fetchAndPrintWidgets  555 - WIDGET-MANU-PLANT    =         
08:24:28.453 [main] INFO  com.cloudframe.app.process.Uhdynsql.fetchAndPrintWidgets  557 - WIDGET-MANU-COST     = 0
08:24:28.453 [main] INFO  com.cloudframe.app.process.Uhdynsql.fetchAndPrintWidgets  559 - WIDGET-LEAD-TIME     = 0
08:24:28.453 [main] INFO  com.cloudframe.app.process.Uhdynsql.fetchAndPrintWidgets  541 - -----------------------------------------
08:24:28.453 [main] INFO  com.cloudframe.app.process.Uhdynsql.fetchAndPrintWidgets  543 - WIDGET-NUM           = 00000043
08:24:28.454 [main] INFO  com.cloudframe.app.process.Uhdynsql.fetchAndPrintWidgets  545 - WIDGET-COLOR         = BLUE  
08:24:28.454 [main] INFO  com.cloudframe.app.process.Uhdynsql.fetchAndPrintWidgets  547 - WIDGET-SIZE          = X
08:24:28.454 [main] INFO  com.cloudframe.app.process.Uhdynsql.fetchAndPrintWidgets  549 - WIDGET-PRICE         = 1500
08:24:28.454 [main] INFO  com.cloudframe.app.process.Uhdynsql.fetchAndPrintWidgets  551 - WIDGET-SUPPLIER      = ACME    
08:24:28.454 [main] INFO  com.cloudframe.app.process.Uhdynsql.fetchAndPrintWidgets  553 - WIDGET-DESC          = XLARGE WIDGET       
08:24:28.454 [main] INFO  com.cloudframe.app.process.Uhdynsql.fetchAndPrintWidgets  555 - WIDGET-MANU-PLANT    =         
08:24:28.454 [main] INFO  com.cloudframe.app.process.Uhdynsql.fetchAndPrintWidgets  557 - WIDGET-MANU-COST     = 0
08:24:28.454 [main] INFO  com.cloudframe.app.process.Uhdynsql.fetchAndPrintWidgets  559 - WIDGET-LEAD-TIME     = 0
08:24:28.455 [main] INFO  com.cloudframe.app.process.Uhdynsql.fetchAndPrintWidgets  541 - -----------------------------------------
08:24:28.455 [main] INFO  com.cloudframe.app.process.Uhdynsql.fetchAndPrintWidgets  543 - WIDGET-NUM           = 00000044
08:24:28.455 [main] INFO  com.cloudframe.app.process.Uhdynsql.fetchAndPrintWidgets  545 - WIDGET-COLOR         = BLUE  
08:24:28.455 [main] INFO  com.cloudframe.app.process.Uhdynsql.fetchAndPrintWidgets  547 - WIDGET-SIZE          = X
08:24:28.455 [main] INFO  com.cloudframe.app.process.Uhdynsql.fetchAndPrintWidgets  549 - WIDGET-PRICE         = 1500
08:24:28.455 [main] INFO  com.cloudframe.app.process.Uhdynsql.fetchAndPrintWidgets  551 - WIDGET-SUPPLIER      = ACME    
08:24:28.455 [main] INFO  com.cloudframe.app.process.Uhdynsql.fetchAndPrintWidgets  553 - WIDGET-DESC          = XLARGE WIDGET       
08:24:28.455 [main] INFO  com.cloudframe.app.process.Uhdynsql.fetchAndPrintWidgets  555 - WIDGET-MANU-PLANT    =         
08:24:28.455 [main] INFO  com.cloudframe.app.process.Uhdynsql.fetchAndPrintWidgets  557 - WIDGET-MANU-COST     = 0
08:24:28.456 [main] INFO  com.cloudframe.app.process.Uhdynsql.fetchAndPrintWidgets  559 - WIDGET-LEAD-TIME     = 0
08:24:28.456 [main] INFO  com.cloudframe.app.process.Uhdynsql.fetchAndPrintWidgets  541 - -----------------------------------------
08:24:28.456 [main] INFO  com.cloudframe.app.process.Uhdynsql.fetchAndPrintWidgets  543 - WIDGET-NUM           = 00000045
08:24:28.456 [main] INFO  com.cloudframe.app.process.Uhdynsql.fetchAndPrintWidgets  545 - WIDGET-COLOR         = BLUE  
08:24:28.456 [main] INFO  com.cloudframe.app.process.Uhdynsql.fetchAndPrintWidgets  547 - WIDGET-SIZE          = X
08:24:28.457 [main] INFO  com.cloudframe.app.process.Uhdynsql.fetchAndPrintWidgets  549 - WIDGET-PRICE         = 1500
08:24:28.457 [main] INFO  com.cloudframe.app.process.Uhdynsql.fetchAndPrintWidgets  551 - WIDGET-SUPPLIER      = INTERNAL
08:24:28.457 [main] INFO  com.cloudframe.app.process.Uhdynsql.fetchAndPrintWidgets  553 - WIDGET-DESC          = XLARGE WIDGET       
08:24:28.457 [main] INFO  com.cloudframe.app.process.Uhdynsql.fetchAndPrintWidgets  555 - WIDGET-MANU-PLANT    =         
08:24:28.457 [main] INFO  com.cloudframe.app.process.Uhdynsql.fetchAndPrintWidgets  557 - WIDGET-MANU-COST     = 0
08:24:28.457 [main] INFO  com.cloudframe.app.process.Uhdynsql.fetchAndPrintWidgets  559 - WIDGET-LEAD-TIME     = 0
08:24:28.458 [main] INFO  com.cloudframe.app.process.Uhdynsql.fetchAndPrintWidgets  541 - -----------------------------------------
08:24:28.458 [main] INFO  com.cloudframe.app.process.Uhdynsql.fetchAndPrintWidgets  543 - WIDGET-NUM           = 00000046
08:24:28.458 [main] INFO  com.cloudframe.app.process.Uhdynsql.fetchAndPrintWidgets  545 - WIDGET-COLOR         = BLUE  
08:24:28.458 [main] INFO  com.cloudframe.app.process.Uhdynsql.fetchAndPrintWidgets  547 - WIDGET-SIZE          = X
08:24:28.458 [main] INFO  com.cloudframe.app.process.Uhdynsql.fetchAndPrintWidgets  549 - WIDGET-PRICE         = 1500
08:24:28.458 [main] INFO  com.cloudframe.app.process.Uhdynsql.fetchAndPrintWidgets  551 - WIDGET-SUPPLIER      = ACME    
08:24:28.458 [main] INFO  com.cloudframe.app.process.Uhdynsql.fetchAndPrintWidgets  553 - WIDGET-DESC          = XLARGE WIDGET       
08:24:28.458 [main] INFO  com.cloudframe.app.process.Uhdynsql.fetchAndPrintWidgets  555 - WIDGET-MANU-PLANT    =         
08:24:28.459 [main] INFO  com.cloudframe.app.process.Uhdynsql.fetchAndPrintWidgets  557 - WIDGET-MANU-COST     = 0
08:24:28.459 [main] INFO  com.cloudframe.app.process.Uhdynsql.fetchAndPrintWidgets  559 - WIDGET-LEAD-TIME     = 0
08:24:28.459 [main] INFO  com.cloudframe.app.process.Uhdynsql.fetchAndPrintWidgets  541 - -----------------------------------------
08:24:28.459 [main] INFO  com.cloudframe.app.process.Uhdynsql.fetchAndPrintWidgets  543 - WIDGET-NUM           = 00000047
08:24:28.459 [main] INFO  com.cloudframe.app.process.Uhdynsql.fetchAndPrintWidgets  545 - WIDGET-COLOR         = BLUE  
08:24:28.459 [main] INFO  com.cloudframe.app.process.Uhdynsql.fetchAndPrintWidgets  547 - WIDGET-SIZE          = X
08:24:28.460 [main] INFO  com.cloudframe.app.process.Uhdynsql.fetchAndPrintWidgets  549 - WIDGET-PRICE         = 1500
08:24:28.460 [main] INFO  com.cloudframe.app.process.Uhdynsql.fetchAndPrintWidgets  551 - WIDGET-SUPPLIER      = ACME    
08:24:28.460 [main] INFO  com.cloudframe.app.process.Uhdynsql.fetchAndPrintWidgets  553 - WIDGET-DESC          = XLARGE WIDGET       
08:24:28.460 [main] INFO  com.cloudframe.app.process.Uhdynsql.fetchAndPrintWidgets  555 - WIDGET-MANU-PLANT    =         
08:24:28.460 [main] INFO  com.cloudframe.app.process.Uhdynsql.fetchAndPrintWidgets  557 - WIDGET-MANU-COST     = 0
08:24:28.460 [main] INFO  com.cloudframe.app.process.Uhdynsql.fetchAndPrintWidgets  559 - WIDGET-LEAD-TIME     = 0
08:24:28.460 [main] INFO  com.cloudframe.app.process.Uhdynsql.fetchAndPrintWidgets  541 - -----------------------------------------
08:24:28.461 [main] INFO  com.cloudframe.app.process.Uhdynsql.fetchAndPrintWidgets  543 - WIDGET-NUM           = 00000048
08:24:28.461 [main] INFO  com.cloudframe.app.process.Uhdynsql.fetchAndPrintWidgets  545 - WIDGET-COLOR         = BLUE  
08:24:28.461 [main] INFO  com.cloudframe.app.process.Uhdynsql.fetchAndPrintWidgets  547 - WIDGET-SIZE          = X
08:24:28.461 [main] INFO  com.cloudframe.app.process.Uhdynsql.fetchAndPrintWidgets  549 - WIDGET-PRICE         = 1500
08:24:28.461 [main] INFO  com.cloudframe.app.process.Uhdynsql.fetchAndPrintWidgets  551 - WIDGET-SUPPLIER      = ACME    
08:24:28.461 [main] INFO  com.cloudframe.app.process.Uhdynsql.fetchAndPrintWidgets  553 - WIDGET-DESC          = XLARGE WIDGET       
08:24:28.461 [main] INFO  com.cloudframe.app.process.Uhdynsql.fetchAndPrintWidgets  555 - WIDGET-MANU-PLANT    =         
08:24:28.461 [main] INFO  com.cloudframe.app.process.Uhdynsql.fetchAndPrintWidgets  557 - WIDGET-MANU-COST     = 0
08:24:28.462 [main] INFO  com.cloudframe.app.process.Uhdynsql.fetchAndPrintWidgets  559 - WIDGET-LEAD-TIME     = 0
08:24:28.462 [main] INFO  com.cloudframe.app.process.Uhdynsql.fetchAndPrintWidgets  541 - -----------------------------------------
08:24:28.462 [main] INFO  com.cloudframe.app.process.Uhdynsql.fetchAndPrintWidgets  543 - WIDGET-NUM           = 00000049
08:24:28.462 [main] INFO  com.cloudframe.app.process.Uhdynsql.fetchAndPrintWidgets  545 - WIDGET-COLOR         = BLUE  
08:24:28.462 [main] INFO  com.cloudframe.app.process.Uhdynsql.fetchAndPrintWidgets  547 - WIDGET-SIZE          = X
08:24:28.462 [main] INFO  com.cloudframe.app.process.Uhdynsql.fetchAndPrintWidgets  549 - WIDGET-PRICE         = 1500
08:24:28.462 [main] INFO  com.cloudframe.app.process.Uhdynsql.fetchAndPrintWidgets  551 - WIDGET-SUPPLIER      = INTERNAL
08:24:28.463 [main] INFO  com.cloudframe.app.process.Uhdynsql.fetchAndPrintWidgets  553 - WIDGET-DESC          = XLARGE WIDGET       
08:24:28.463 [main] INFO  com.cloudframe.app.process.Uhdynsql.fetchAndPrintWidgets  555 - WIDGET-MANU-PLANT    =         
08:24:28.463 [main] INFO  com.cloudframe.app.process.Uhdynsql.fetchAndPrintWidgets  557 - WIDGET-MANU-COST     = 0
08:24:28.463 [main] INFO  com.cloudframe.app.process.Uhdynsql.fetchAndPrintWidgets  559 - WIDGET-LEAD-TIME     = 0
08:24:28.463 [main] INFO  com.cloudframe.app.process.Uhdynsql.fetchAndPrintWidgets  541 - -----------------------------------------
08:24:28.463 [main] INFO  com.cloudframe.app.process.Uhdynsql.fetchAndPrintWidgets  543 - WIDGET-NUM           = 00000050
08:24:28.463 [main] INFO  com.cloudframe.app.process.Uhdynsql.fetchAndPrintWidgets  545 - WIDGET-COLOR         = BLUE  
08:24:28.464 [main] INFO  com.cloudframe.app.process.Uhdynsql.fetchAndPrintWidgets  547 - WIDGET-SIZE          = X
08:24:28.464 [main] INFO  com.cloudframe.app.process.Uhdynsql.fetchAndPrintWidgets  549 - WIDGET-PRICE         = 1500
08:24:28.464 [main] INFO  com.cloudframe.app.process.Uhdynsql.fetchAndPrintWidgets  551 - WIDGET-SUPPLIER      = ACME    
08:24:28.464 [main] INFO  com.cloudframe.app.process.Uhdynsql.fetchAndPrintWidgets  553 - WIDGET-DESC          = XLARGE WIDGET       
08:24:28.464 [main] INFO  com.cloudframe.app.process.Uhdynsql.fetchAndPrintWidgets  555 - WIDGET-MANU-PLANT    =         
08:24:28.464 [main] INFO  com.cloudframe.app.process.Uhdynsql.fetchAndPrintWidgets  557 - WIDGET-MANU-COST     = 0
08:24:28.464 [main] INFO  com.cloudframe.app.process.Uhdynsql.fetchAndPrintWidgets  559 - WIDGET-LEAD-TIME     = 0
08:24:28.465 [main] INFO  com.cloudframe.app.process.Uhdynsql.fetchAndPrintWidgets  541 - -----------------------------------------
08:24:28.465 [main] INFO  com.cloudframe.app.process.Uhdynsql.fetchAndPrintWidgets  543 - WIDGET-NUM           = 00000051
08:24:28.465 [main] INFO  com.cloudframe.app.process.Uhdynsql.fetchAndPrintWidgets  545 - WIDGET-COLOR         = YELLOW
08:24:28.465 [main] INFO  com.cloudframe.app.process.Uhdynsql.fetchAndPrintWidgets  547 - WIDGET-SIZE          = S
08:24:28.465 [main] INFO  com.cloudframe.app.process.Uhdynsql.fetchAndPrintWidgets  549 - WIDGET-PRICE         = 3645
08:24:28.465 [main] INFO  com.cloudframe.app.process.Uhdynsql.fetchAndPrintWidgets  551 - WIDGET-SUPPLIER      = RALPH   
08:24:28.465 [main] INFO  com.cloudframe.app.process.Uhdynsql.fetchAndPrintWidgets  553 - WIDGET-DESC          = SMALL Y WIDGET      
08:24:28.465 [main] INFO  com.cloudframe.app.process.Uhdynsql.fetchAndPrintWidgets  555 - WIDGET-MANU-PLANT    =         
08:24:28.466 [main] INFO  com.cloudframe.app.process.Uhdynsql.fetchAndPrintWidgets  557 - WIDGET-MANU-COST     = 0
08:24:28.466 [main] INFO  com.cloudframe.app.process.Uhdynsql.fetchAndPrintWidgets  559 - WIDGET-LEAD-TIME     = 0
08:24:28.466 [main] INFO  com.cloudframe.app.process.Uhdynsql.fetchAndPrintWidgets  541 - -----------------------------------------
08:24:28.466 [main] INFO  com.cloudframe.app.process.Uhdynsql.fetchAndPrintWidgets  543 - WIDGET-NUM           = 00000058
08:24:28.466 [main] INFO  com.cloudframe.app.process.Uhdynsql.fetchAndPrintWidgets  545 - WIDGET-COLOR         = YELLOW
08:24:28.466 [main] INFO  com.cloudframe.app.process.Uhdynsql.fetchAndPrintWidgets  547 - WIDGET-SIZE          = X
08:24:28.466 [main] INFO  com.cloudframe.app.process.Uhdynsql.fetchAndPrintWidgets  549 - WIDGET-PRICE         = 3400
08:24:28.467 [main] INFO  com.cloudframe.app.process.Uhdynsql.fetchAndPrintWidgets  551 - WIDGET-SUPPLIER      =  ACME   
08:24:28.467 [main] INFO  com.cloudframe.app.process.Uhdynsql.fetchAndPrintWidgets  553 - WIDGET-DESC          = XLRG YELLOW WIDGET  
08:24:28.467 [main] INFO  com.cloudframe.app.process.Uhdynsql.fetchAndPrintWidgets  555 - WIDGET-MANU-PLANT    =         
08:24:28.467 [main] INFO  com.cloudframe.app.process.Uhdynsql.fetchAndPrintWidgets  557 - WIDGET-MANU-COST     = 0
08:24:28.467 [main] INFO  com.cloudframe.app.process.Uhdynsql.fetchAndPrintWidgets  559 - WIDGET-LEAD-TIME     = 0
08:24:28.467 [main] INFO  com.cloudframe.app.process.Uhdynsql.fetchAndPrintWidgets  541 - -----------------------------------------
08:24:28.467 [main] INFO  com.cloudframe.app.process.Uhdynsql.fetchAndPrintWidgets  543 - WIDGET-NUM           = 00000059
08:24:28.468 [main] INFO  com.cloudframe.app.process.Uhdynsql.fetchAndPrintWidgets  545 - WIDGET-COLOR         = BLUE  
08:24:28.468 [main] INFO  com.cloudframe.app.process.Uhdynsql.fetchAndPrintWidgets  547 - WIDGET-SIZE          = P
08:24:28.468 [main] INFO  com.cloudframe.app.process.Uhdynsql.fetchAndPrintWidgets  549 - WIDGET-PRICE         = 3400
08:24:28.468 [main] INFO  com.cloudframe.app.process.Uhdynsql.fetchAndPrintWidgets  551 - WIDGET-SUPPLIER      =  ACME   
08:24:28.468 [main] INFO  com.cloudframe.app.process.Uhdynsql.fetchAndPrintWidgets  553 - WIDGET-DESC          = XLRG BLUE WIDGET    
08:24:28.468 [main] INFO  com.cloudframe.app.process.Uhdynsql.fetchAndPrintWidgets  555 - WIDGET-MANU-PLANT    =         
08:24:28.468 [main] INFO  com.cloudframe.app.process.Uhdynsql.fetchAndPrintWidgets  557 - WIDGET-MANU-COST     = 0
08:24:28.468 [main] INFO  com.cloudframe.app.process.Uhdynsql.fetchAndPrintWidgets  559 - WIDGET-LEAD-TIME     = 0
08:24:28.469 [main] INFO  com.cloudframe.app.process.Uhdynsql.fetchAndPrintWidgets  541 - -----------------------------------------
08:24:28.469 [main] INFO  com.cloudframe.app.process.Uhdynsql.fetchAndPrintWidgets  543 - WIDGET-NUM           = 00000061
08:24:28.469 [main] INFO  com.cloudframe.app.process.Uhdynsql.fetchAndPrintWidgets  545 - WIDGET-COLOR         = BLUE  
08:24:28.469 [main] INFO  com.cloudframe.app.process.Uhdynsql.fetchAndPrintWidgets  547 - WIDGET-SIZE          = M
08:24:28.469 [main] INFO  com.cloudframe.app.process.Uhdynsql.fetchAndPrintWidgets  549 - WIDGET-PRICE         = 3400
08:24:28.469 [main] INFO  com.cloudframe.app.process.Uhdynsql.fetchAndPrintWidgets  551 - WIDGET-SUPPLIER      =  ACME   
08:24:28.469 [main] INFO  com.cloudframe.app.process.Uhdynsql.fetchAndPrintWidgets  553 - WIDGET-DESC          = XLRG BLUE WIDGET    
08:24:28.470 [main] INFO  com.cloudframe.app.process.Uhdynsql.fetchAndPrintWidgets  555 - WIDGET-MANU-PLANT    =         
08:24:28.470 [main] INFO  com.cloudframe.app.process.Uhdynsql.fetchAndPrintWidgets  557 - WIDGET-MANU-COST     = 0
08:24:28.470 [main] INFO  com.cloudframe.app.process.Uhdynsql.fetchAndPrintWidgets  559 - WIDGET-LEAD-TIME     = 0
08:24:28.470 [main] INFO  com.cloudframe.app.process.Uhdynsql.fetchAndPrintWidgets  541 - -----------------------------------------
08:24:28.470 [main] INFO  com.cloudframe.app.process.Uhdynsql.fetchAndPrintWidgets  543 - WIDGET-NUM           = 00000064
08:24:28.470 [main] INFO  com.cloudframe.app.process.Uhdynsql.fetchAndPrintWidgets  545 - WIDGET-COLOR         = YELLOW
08:24:28.470 [main] INFO  com.cloudframe.app.process.Uhdynsql.fetchAndPrintWidgets  547 - WIDGET-SIZE          = P
08:24:28.471 [main] INFO  com.cloudframe.app.process.Uhdynsql.fetchAndPrintWidgets  549 - WIDGET-PRICE         = 3400
08:24:28.471 [main] INFO  com.cloudframe.app.process.Uhdynsql.fetchAndPrintWidgets  551 - WIDGET-SUPPLIER      =  ACME   
08:24:28.471 [main] INFO  com.cloudframe.app.process.Uhdynsql.fetchAndPrintWidgets  553 - WIDGET-DESC          = XLRG YELLOW WIDGET  
08:24:28.471 [main] INFO  com.cloudframe.app.process.Uhdynsql.fetchAndPrintWidgets  555 - WIDGET-MANU-PLANT    =         
08:24:28.471 [main] INFO  com.cloudframe.app.process.Uhdynsql.fetchAndPrintWidgets  557 - WIDGET-MANU-COST     = 0
08:24:28.471 [main] INFO  com.cloudframe.app.process.Uhdynsql.fetchAndPrintWidgets  559 - WIDGET-LEAD-TIME     = 0
08:24:28.472 [main] INFO  com.cloudframe.app.process.Uhdynsql.fetchAndPrintWidgets  541 - -----------------------------------------
08:24:28.472 [main] INFO  com.cloudframe.app.process.Uhdynsql.fetchAndPrintWidgets  543 - WIDGET-NUM           = 00000066
08:24:28.472 [main] INFO  com.cloudframe.app.process.Uhdynsql.fetchAndPrintWidgets  545 - WIDGET-COLOR         = BLUE  
08:24:28.472 [main] INFO  com.cloudframe.app.process.Uhdynsql.fetchAndPrintWidgets  547 - WIDGET-SIZE          = M
08:24:28.472 [main] INFO  com.cloudframe.app.process.Uhdynsql.fetchAndPrintWidgets  549 - WIDGET-PRICE         = 3400
08:24:28.472 [main] INFO  com.cloudframe.app.process.Uhdynsql.fetchAndPrintWidgets  551 - WIDGET-SUPPLIER      =  ACME   
08:24:28.472 [main] INFO  com.cloudframe.app.process.Uhdynsql.fetchAndPrintWidgets  553 - WIDGET-DESC          = XLRG BLUE WIDGET    
08:24:28.472 [main] INFO  com.cloudframe.app.process.Uhdynsql.fetchAndPrintWidgets  555 - WIDGET-MANU-PLANT    =         
08:24:28.472 [main] INFO  com.cloudframe.app.process.Uhdynsql.fetchAndPrintWidgets  557 - WIDGET-MANU-COST     = 0
08:24:28.473 [main] INFO  com.cloudframe.app.process.Uhdynsql.fetchAndPrintWidgets  559 - WIDGET-LEAD-TIME     = 0
08:24:28.473 [main] INFO  com.cloudframe.app.process.Uhdynsql.fetchAndPrintWidgets  541 - -----------------------------------------
08:24:28.473 [main] INFO  com.cloudframe.app.process.Uhdynsql.fetchAndPrintWidgets  543 - WIDGET-NUM           = 00000067
08:24:28.473 [main] INFO  com.cloudframe.app.process.Uhdynsql.fetchAndPrintWidgets  545 - WIDGET-COLOR         = YELLOW
08:24:28.473 [main] INFO  com.cloudframe.app.process.Uhdynsql.fetchAndPrintWidgets  547 - WIDGET-SIZE          = L
08:24:28.473 [main] INFO  com.cloudframe.app.process.Uhdynsql.fetchAndPrintWidgets  549 - WIDGET-PRICE         = 3400
08:24:28.473 [main] INFO  com.cloudframe.app.process.Uhdynsql.fetchAndPrintWidgets  551 - WIDGET-SUPPLIER      =  ACME   
08:24:28.474 [main] INFO  com.cloudframe.app.process.Uhdynsql.fetchAndPrintWidgets  553 - WIDGET-DESC          = XLRG YELLOW WIDGET  
08:24:28.474 [main] INFO  com.cloudframe.app.process.Uhdynsql.fetchAndPrintWidgets  555 - WIDGET-MANU-PLANT    =         
08:24:28.474 [main] INFO  com.cloudframe.app.process.Uhdynsql.fetchAndPrintWidgets  557 - WIDGET-MANU-COST     = 0
08:24:28.474 [main] INFO  com.cloudframe.app.process.Uhdynsql.fetchAndPrintWidgets  559 - WIDGET-LEAD-TIME     = 0
08:24:28.474 [main] INFO  com.cloudframe.app.process.Uhdynsql.fetchAndPrintWidgets  541 - -----------------------------------------
08:24:28.474 [main] INFO  com.cloudframe.app.process.Uhdynsql.fetchAndPrintWidgets  543 - WIDGET-NUM           = 00000072
08:24:28.475 [main] INFO  com.cloudframe.app.process.Uhdynsql.fetchAndPrintWidgets  545 - WIDGET-COLOR         = YELLOW
08:24:28.475 [main] INFO  com.cloudframe.app.process.Uhdynsql.fetchAndPrintWidgets  547 - WIDGET-SIZE          = S
08:24:28.475 [main] INFO  com.cloudframe.app.process.Uhdynsql.fetchAndPrintWidgets  549 - WIDGET-PRICE         = 3400
08:24:28.475 [main] INFO  com.cloudframe.app.process.Uhdynsql.fetchAndPrintWidgets  551 - WIDGET-SUPPLIER      =  ACME   
08:24:28.475 [main] INFO  com.cloudframe.app.process.Uhdynsql.fetchAndPrintWidgets  553 - WIDGET-DESC          = XLRG YELLOW WIDGET  
08:24:28.475 [main] INFO  com.cloudframe.app.process.Uhdynsql.fetchAndPrintWidgets  555 - WIDGET-MANU-PLANT    =         
08:24:28.475 [main] INFO  com.cloudframe.app.process.Uhdynsql.fetchAndPrintWidgets  557 - WIDGET-MANU-COST     = 0
08:24:28.475 [main] INFO  com.cloudframe.app.process.Uhdynsql.fetchAndPrintWidgets  559 - WIDGET-LEAD-TIME     = 0
08:24:28.476 [main] INFO  com.cloudframe.app.process.Uhdynsql.fetchAndPrintWidgets  541 - -----------------------------------------
08:24:28.476 [main] INFO  com.cloudframe.app.process.Uhdynsql.fetchAndPrintWidgets  543 - WIDGET-NUM           = 00000073
08:24:28.476 [main] INFO  com.cloudframe.app.process.Uhdynsql.fetchAndPrintWidgets  545 - WIDGET-COLOR         = BLUE  
08:24:28.476 [main] INFO  com.cloudframe.app.process.Uhdynsql.fetchAndPrintWidgets  547 - WIDGET-SIZE          = M
08:24:28.476 [main] INFO  com.cloudframe.app.process.Uhdynsql.fetchAndPrintWidgets  549 - WIDGET-PRICE         = 3400
08:24:28.476 [main] INFO  com.cloudframe.app.process.Uhdynsql.fetchAndPrintWidgets  551 - WIDGET-SUPPLIER      =  ACME   
08:24:28.476 [main] INFO  com.cloudframe.app.process.Uhdynsql.fetchAndPrintWidgets  553 - WIDGET-DESC          = XLRG BLUE WIDGET    
08:24:28.477 [main] INFO  com.cloudframe.app.process.Uhdynsql.fetchAndPrintWidgets  555 - WIDGET-MANU-PLANT    =         
08:24:28.477 [main] INFO  com.cloudframe.app.process.Uhdynsql.fetchAndPrintWidgets  557 - WIDGET-MANU-COST     = 0
08:24:28.477 [main] INFO  com.cloudframe.app.process.Uhdynsql.fetchAndPrintWidgets  559 - WIDGET-LEAD-TIME     = 0
08:24:28.477 [main] INFO  com.cloudframe.app.process.Uhdynsql.fetchAndPrintWidgets  541 - -----------------------------------------
08:24:28.477 [main] INFO  com.cloudframe.app.process.Uhdynsql.fetchAndPrintWidgets  543 - WIDGET-NUM           = 00000076
08:24:28.477 [main] INFO  com.cloudframe.app.process.Uhdynsql.fetchAndPrintWidgets  545 - WIDGET-COLOR         = YELLOW
08:24:28.478 [main] INFO  com.cloudframe.app.process.Uhdynsql.fetchAndPrintWidgets  547 - WIDGET-SIZE          = P
08:24:28.478 [main] INFO  com.cloudframe.app.process.Uhdynsql.fetchAndPrintWidgets  549 - WIDGET-PRICE         = 3400
08:24:28.478 [main] INFO  com.cloudframe.app.process.Uhdynsql.fetchAndPrintWidgets  551 - WIDGET-SUPPLIER      =  ACME   
08:24:28.478 [main] INFO  com.cloudframe.app.process.Uhdynsql.fetchAndPrintWidgets  553 - WIDGET-DESC          = XLRG YELLOW WIDGET  
08:24:28.478 [main] INFO  com.cloudframe.app.process.Uhdynsql.fetchAndPrintWidgets  555 - WIDGET-MANU-PLANT    =         
08:24:28.478 [main] INFO  com.cloudframe.app.process.Uhdynsql.fetchAndPrintWidgets  557 - WIDGET-MANU-COST     = 0
08:24:28.478 [main] INFO  com.cloudframe.app.process.Uhdynsql.fetchAndPrintWidgets  559 - WIDGET-LEAD-TIME     = 0
08:24:28.479 [main] INFO  com.cloudframe.app.process.Uhdynsql.fetchAndPrintWidgets  541 - -----------------------------------------
08:24:28.479 [main] INFO  com.cloudframe.app.process.Uhdynsql.fetchAndPrintWidgets  543 - WIDGET-NUM           = 00000077
08:24:28.479 [main] INFO  com.cloudframe.app.process.Uhdynsql.fetchAndPrintWidgets  545 - WIDGET-COLOR         = BLUE  
08:24:28.479 [main] INFO  com.cloudframe.app.process.Uhdynsql.fetchAndPrintWidgets  547 - WIDGET-SIZE          = S
08:24:28.479 [main] INFO  com.cloudframe.app.process.Uhdynsql.fetchAndPrintWidgets  549 - WIDGET-PRICE         = 3400
08:24:28.479 [main] INFO  com.cloudframe.app.process.Uhdynsql.fetchAndPrintWidgets  551 - WIDGET-SUPPLIER      =  ACME   
08:24:28.479 [main] INFO  com.cloudframe.app.process.Uhdynsql.fetchAndPrintWidgets  553 - WIDGET-DESC          = XLRG BLUE WIDGET    
08:24:28.479 [main] INFO  com.cloudframe.app.process.Uhdynsql.fetchAndPrintWidgets  555 - WIDGET-MANU-PLANT    =         
08:24:28.479 [main] INFO  com.cloudframe.app.process.Uhdynsql.fetchAndPrintWidgets  557 - WIDGET-MANU-COST     = 0
08:24:28.480 [main] INFO  com.cloudframe.app.process.Uhdynsql.fetchAndPrintWidgets  559 - WIDGET-LEAD-TIME     = 0
08:24:28.480 [main] INFO  com.cloudframe.app.process.Uhdynsql.fetchAndPrintWidgets  541 - -----------------------------------------
08:24:28.480 [main] INFO  com.cloudframe.app.process.Uhdynsql.fetchAndPrintWidgets  543 - WIDGET-NUM           = 00000080
08:24:28.480 [main] INFO  com.cloudframe.app.process.Uhdynsql.fetchAndPrintWidgets  545 - WIDGET-COLOR         = YELLOW
08:24:28.480 [main] INFO  com.cloudframe.app.process.Uhdynsql.fetchAndPrintWidgets  547 - WIDGET-SIZE          = S
08:24:28.480 [main] INFO  com.cloudframe.app.process.Uhdynsql.fetchAndPrintWidgets  549 - WIDGET-PRICE         = 3400
08:24:28.481 [main] INFO  com.cloudframe.app.process.Uhdynsql.fetchAndPrintWidgets  551 - WIDGET-SUPPLIER      =  ACME   
08:24:28.481 [main] INFO  com.cloudframe.app.process.Uhdynsql.fetchAndPrintWidgets  553 - WIDGET-DESC          = XLRG YELLOW WIDGET  
08:24:28.481 [main] INFO  com.cloudframe.app.process.Uhdynsql.fetchAndPrintWidgets  555 - WIDGET-MANU-PLANT    =         
08:24:28.481 [main] INFO  com.cloudframe.app.process.Uhdynsql.fetchAndPrintWidgets  557 - WIDGET-MANU-COST     = 0
08:24:28.481 [main] INFO  com.cloudframe.app.process.Uhdynsql.fetchAndPrintWidgets  559 - WIDGET-LEAD-TIME     = 0
08:24:28.481 [main] INFO  com.cloudframe.app.process.Uhdynsql.fetchAndPrintWidgets  541 - -----------------------------------------
08:24:28.481 [main] INFO  com.cloudframe.app.process.Uhdynsql.fetchAndPrintWidgets  543 - WIDGET-NUM           = 00000081
08:24:28.482 [main] INFO  com.cloudframe.app.process.Uhdynsql.fetchAndPrintWidgets  545 - WIDGET-COLOR         = BLUE  
08:24:28.482 [main] INFO  com.cloudframe.app.process.Uhdynsql.fetchAndPrintWidgets  547 - WIDGET-SIZE          = X
08:24:28.482 [main] INFO  com.cloudframe.app.process.Uhdynsql.fetchAndPrintWidgets  549 - WIDGET-PRICE         = 3400
08:24:28.482 [main] INFO  com.cloudframe.app.process.Uhdynsql.fetchAndPrintWidgets  551 - WIDGET-SUPPLIER      =  ACME   
08:24:28.482 [main] INFO  com.cloudframe.app.process.Uhdynsql.fetchAndPrintWidgets  553 - WIDGET-DESC          = XLRG BLUE WIDGET    
08:24:28.482 [main] INFO  com.cloudframe.app.process.Uhdynsql.fetchAndPrintWidgets  555 - WIDGET-MANU-PLANT    =         
08:24:28.482 [main] INFO  com.cloudframe.app.process.Uhdynsql.fetchAndPrintWidgets  557 - WIDGET-MANU-COST     = 0
08:24:28.482 [main] INFO  com.cloudframe.app.process.Uhdynsql.fetchAndPrintWidgets  559 - WIDGET-LEAD-TIME     = 0
08:24:28.483 [main] INFO  com.cloudframe.app.process.Uhdynsql.fetchAndPrintWidgets  541 - -----------------------------------------
08:24:28.483 [main] INFO  com.cloudframe.app.process.Uhdynsql.fetchAndPrintWidgets  543 - WIDGET-NUM           = 00000085
08:24:28.483 [main] INFO  com.cloudframe.app.process.Uhdynsql.fetchAndPrintWidgets  545 - WIDGET-COLOR         = BLUE  
08:24:28.483 [main] INFO  com.cloudframe.app.process.Uhdynsql.fetchAndPrintWidgets  547 - WIDGET-SIZE          = X
08:24:28.483 [main] INFO  com.cloudframe.app.process.Uhdynsql.fetchAndPrintWidgets  549 - WIDGET-PRICE         = 3400
08:24:28.483 [main] INFO  com.cloudframe.app.process.Uhdynsql.fetchAndPrintWidgets  551 - WIDGET-SUPPLIER      =  ACME   
08:24:28.483 [main] INFO  com.cloudframe.app.process.Uhdynsql.fetchAndPrintWidgets  553 - WIDGET-DESC          = XLRG BLUE WIDGET    
08:24:28.484 [main] INFO  com.cloudframe.app.process.Uhdynsql.fetchAndPrintWidgets  555 - WIDGET-MANU-PLANT    =         
08:24:28.484 [main] INFO  com.cloudframe.app.process.Uhdynsql.fetchAndPrintWidgets  557 - WIDGET-MANU-COST     = 0
08:24:28.484 [main] INFO  com.cloudframe.app.process.Uhdynsql.fetchAndPrintWidgets  559 - WIDGET-LEAD-TIME     = 0
08:24:28.484 [main] INFO  com.cloudframe.app.process.Uhdynsql.fetchAndPrintWidgets  541 - -----------------------------------------
08:24:28.484 [main] INFO  com.cloudframe.app.process.Uhdynsql.fetchAndPrintWidgets  543 - WIDGET-NUM           = 00000087
08:24:28.485 [main] INFO  com.cloudframe.app.process.Uhdynsql.fetchAndPrintWidgets  545 - WIDGET-COLOR         = BLUE  
08:24:28.485 [main] INFO  com.cloudframe.app.process.Uhdynsql.fetchAndPrintWidgets  547 - WIDGET-SIZE          = S
08:24:28.485 [main] INFO  com.cloudframe.app.process.Uhdynsql.fetchAndPrintWidgets  549 - WIDGET-PRICE         = 3400
08:24:28.485 [main] INFO  com.cloudframe.app.process.Uhdynsql.fetchAndPrintWidgets  551 - WIDGET-SUPPLIER      =  ACME   
08:24:28.485 [main] INFO  com.cloudframe.app.process.Uhdynsql.fetchAndPrintWidgets  553 - WIDGET-DESC          = XLRG BLUE WIDGET    
08:24:28.485 [main] INFO  com.cloudframe.app.process.Uhdynsql.fetchAndPrintWidgets  555 - WIDGET-MANU-PLANT    =         
08:24:28.485 [main] INFO  com.cloudframe.app.process.Uhdynsql.fetchAndPrintWidgets  557 - WIDGET-MANU-COST     = 0
08:24:28.485 [main] INFO  com.cloudframe.app.process.Uhdynsql.fetchAndPrintWidgets  559 - WIDGET-LEAD-TIME     = 0
08:24:28.486 [main] INFO  com.cloudframe.app.process.Uhdynsql.fetchAndPrintWidgets  541 - -----------------------------------------
08:24:28.486 [main] INFO  com.cloudframe.app.process.Uhdynsql.fetchAndPrintWidgets  543 - WIDGET-NUM           = 00000090
08:24:28.486 [main] INFO  com.cloudframe.app.process.Uhdynsql.fetchAndPrintWidgets  545 - WIDGET-COLOR         = BLUE  
08:24:28.486 [main] INFO  com.cloudframe.app.process.Uhdynsql.fetchAndPrintWidgets  547 - WIDGET-SIZE          = X
08:24:28.486 [main] INFO  com.cloudframe.app.process.Uhdynsql.fetchAndPrintWidgets  549 - WIDGET-PRICE         = 3400
08:24:28.487 [main] INFO  com.cloudframe.app.process.Uhdynsql.fetchAndPrintWidgets  551 - WIDGET-SUPPLIER      =  ACME   
08:24:28.487 [main] INFO  com.cloudframe.app.process.Uhdynsql.fetchAndPrintWidgets  553 - WIDGET-DESC          = XLRG BLUE WIDGET    
08:24:28.487 [main] INFO  com.cloudframe.app.process.Uhdynsql.fetchAndPrintWidgets  555 - WIDGET-MANU-PLANT    =         
08:24:28.487 [main] INFO  com.cloudframe.app.process.Uhdynsql.fetchAndPrintWidgets  557 - WIDGET-MANU-COST     = 0
08:24:28.487 [main] INFO  com.cloudframe.app.process.Uhdynsql.fetchAndPrintWidgets  559 - WIDGET-LEAD-TIME     = 0
08:24:28.487 [main] INFO  com.cloudframe.app.process.Uhdynsql.fetchAndPrintWidgets  541 - -----------------------------------------
08:24:28.488 [main] INFO  com.cloudframe.app.process.Uhdynsql.fetchAndPrintWidgets  543 - WIDGET-NUM           = 00000093
08:24:28.488 [main] INFO  com.cloudframe.app.process.Uhdynsql.fetchAndPrintWidgets  545 - WIDGET-COLOR         = YELLOW
08:24:28.488 [main] INFO  com.cloudframe.app.process.Uhdynsql.fetchAndPrintWidgets  547 - WIDGET-SIZE          = M
08:24:28.488 [main] INFO  com.cloudframe.app.process.Uhdynsql.fetchAndPrintWidgets  549 - WIDGET-PRICE         = 3400
08:24:28.488 [main] INFO  com.cloudframe.app.process.Uhdynsql.fetchAndPrintWidgets  551 - WIDGET-SUPPLIER      =  ACME   
08:24:28.488 [main] INFO  com.cloudframe.app.process.Uhdynsql.fetchAndPrintWidgets  553 - WIDGET-DESC          = XLRG YELLOW WIDGET  
08:24:28.488 [main] INFO  com.cloudframe.app.process.Uhdynsql.fetchAndPrintWidgets  555 - WIDGET-MANU-PLANT    =         
08:24:28.488 [main] INFO  com.cloudframe.app.process.Uhdynsql.fetchAndPrintWidgets  557 - WIDGET-MANU-COST     = 0
08:24:28.488 [main] INFO  com.cloudframe.app.process.Uhdynsql.fetchAndPrintWidgets  559 - WIDGET-LEAD-TIME     = 0
08:24:28.489 [main] INFO  com.cloudframe.app.process.Uhdynsql.fetchAndPrintWidgets  541 - -----------------------------------------
08:24:28.489 [main] INFO  com.cloudframe.app.process.Uhdynsql.fetchAndPrintWidgets  543 - WIDGET-NUM           = 00000094
08:24:28.489 [main] INFO  com.cloudframe.app.process.Uhdynsql.fetchAndPrintWidgets  545 - WIDGET-COLOR         = BLUE  
08:24:28.489 [main] INFO  com.cloudframe.app.process.Uhdynsql.fetchAndPrintWidgets  547 - WIDGET-SIZE          = L
08:24:28.489 [main] INFO  com.cloudframe.app.process.Uhdynsql.fetchAndPrintWidgets  549 - WIDGET-PRICE         = 3400
08:24:28.489 [main] INFO  com.cloudframe.app.process.Uhdynsql.fetchAndPrintWidgets  551 - WIDGET-SUPPLIER      =  ACME   
08:24:28.489 [main] INFO  com.cloudframe.app.process.Uhdynsql.fetchAndPrintWidgets  553 - WIDGET-DESC          = XLRG BLUE WIDGET    
08:24:28.490 [main] INFO  com.cloudframe.app.process.Uhdynsql.fetchAndPrintWidgets  555 - WIDGET-MANU-PLANT    =         
08:24:28.490 [main] INFO  com.cloudframe.app.process.Uhdynsql.fetchAndPrintWidgets  557 - WIDGET-MANU-COST     = 0
08:24:28.490 [main] INFO  com.cloudframe.app.process.Uhdynsql.fetchAndPrintWidgets  559 - WIDGET-LEAD-TIME     = 0
08:24:28.490 [main] INFO  com.cloudframe.app.process.Uhdynsql.fetchAndPrintWidgets  541 - -----------------------------------------
08:24:28.490 [main] INFO  com.cloudframe.app.process.Uhdynsql.fetchAndPrintWidgets  543 - WIDGET-NUM           = 00000155
08:24:28.490 [main] INFO  com.cloudframe.app.process.Uhdynsql.fetchAndPrintWidgets  545 - WIDGET-COLOR         = YELLOW
08:24:28.490 [main] INFO  com.cloudframe.app.process.Uhdynsql.fetchAndPrintWidgets  547 - WIDGET-SIZE          = S
08:24:28.491 [main] INFO  com.cloudframe.app.process.Uhdynsql.fetchAndPrintWidgets  549 - WIDGET-PRICE         = 3400
08:24:28.491 [main] INFO  com.cloudframe.app.process.Uhdynsql.fetchAndPrintWidgets  551 - WIDGET-SUPPLIER      =  ACME   
08:24:28.491 [main] INFO  com.cloudframe.app.process.Uhdynsql.fetchAndPrintWidgets  553 - WIDGET-DESC          = XLRG YELLOW WIDGET  
08:24:28.491 [main] INFO  com.cloudframe.app.process.Uhdynsql.fetchAndPrintWidgets  555 - WIDGET-MANU-PLANT    =         
08:24:28.491 [main] INFO  com.cloudframe.app.process.Uhdynsql.fetchAndPrintWidgets  557 - WIDGET-MANU-COST     = 0
08:24:28.491 [main] INFO  com.cloudframe.app.process.Uhdynsql.fetchAndPrintWidgets  559 - WIDGET-LEAD-TIME     = 0
08:24:28.491 [main] INFO  com.cloudframe.app.process.Uhdynsql.fetchAndPrintWidgets  541 - -----------------------------------------
08:24:28.492 [main] INFO  com.cloudframe.app.process.Uhdynsql.fetchAndPrintWidgets  543 - WIDGET-NUM           = 00000158
08:24:28.492 [main] INFO  com.cloudframe.app.process.Uhdynsql.fetchAndPrintWidgets  545 - WIDGET-COLOR         = YELLOW
08:24:28.492 [main] INFO  com.cloudframe.app.process.Uhdynsql.fetchAndPrintWidgets  547 - WIDGET-SIZE          = X
08:24:28.492 [main] INFO  com.cloudframe.app.process.Uhdynsql.fetchAndPrintWidgets  549 - WIDGET-PRICE         = 3400
08:24:28.492 [main] INFO  com.cloudframe.app.process.Uhdynsql.fetchAndPrintWidgets  551 - WIDGET-SUPPLIER      =  ACME   
08:24:28.492 [main] INFO  com.cloudframe.app.process.Uhdynsql.fetchAndPrintWidgets  553 - WIDGET-DESC          = XLRG YELLOW WIDGET  
08:24:28.492 [main] INFO  com.cloudframe.app.process.Uhdynsql.fetchAndPrintWidgets  555 - WIDGET-MANU-PLANT    =         
08:24:28.492 [main] INFO  com.cloudframe.app.process.Uhdynsql.fetchAndPrintWidgets  557 - WIDGET-MANU-COST     = 0
08:24:28.492 [main] INFO  com.cloudframe.app.process.Uhdynsql.fetchAndPrintWidgets  559 - WIDGET-LEAD-TIME     = 0
08:24:28.493 [main] INFO  com.cloudframe.app.process.Uhdynsql.fetchAndPrintWidgets  541 - -----------------------------------------
08:24:28.493 [main] INFO  com.cloudframe.app.process.Uhdynsql.fetchAndPrintWidgets  543 - WIDGET-NUM           = 00000159
08:24:28.493 [main] INFO  com.cloudframe.app.process.Uhdynsql.fetchAndPrintWidgets  545 - WIDGET-COLOR         = BLUE  
08:24:28.493 [main] INFO  com.cloudframe.app.process.Uhdynsql.fetchAndPrintWidgets  547 - WIDGET-SIZE          = P
08:24:28.493 [main] INFO  com.cloudframe.app.process.Uhdynsql.fetchAndPrintWidgets  549 - WIDGET-PRICE         = 3400
08:24:28.493 [main] INFO  com.cloudframe.app.process.Uhdynsql.fetchAndPrintWidgets  551 - WIDGET-SUPPLIER      =  ACME   
08:24:28.493 [main] INFO  com.cloudframe.app.process.Uhdynsql.fetchAndPrintWidgets  553 - WIDGET-DESC          = XLRG BLUE WIDGET    
08:24:28.493 [main] INFO  com.cloudframe.app.process.Uhdynsql.fetchAndPrintWidgets  555 - WIDGET-MANU-PLANT    =         
08:24:28.494 [main] INFO  com.cloudframe.app.process.Uhdynsql.fetchAndPrintWidgets  557 - WIDGET-MANU-COST     = 0
08:24:28.494 [main] INFO  com.cloudframe.app.process.Uhdynsql.fetchAndPrintWidgets  559 - WIDGET-LEAD-TIME     = 0
08:24:28.494 [main] INFO  com.cloudframe.app.process.Uhdynsql.fetchAndPrintWidgets  541 - -----------------------------------------
08:24:28.494 [main] INFO  com.cloudframe.app.process.Uhdynsql.fetchAndPrintWidgets  543 - WIDGET-NUM           = 00000161
08:24:28.494 [main] INFO  com.cloudframe.app.process.Uhdynsql.fetchAndPrintWidgets  545 - WIDGET-COLOR         = BLUE  
08:24:28.494 [main] INFO  com.cloudframe.app.process.Uhdynsql.fetchAndPrintWidgets  547 - WIDGET-SIZE          = M
08:24:28.495 [main] INFO  com.cloudframe.app.process.Uhdynsql.fetchAndPrintWidgets  549 - WIDGET-PRICE         = 3400
08:24:28.495 [main] INFO  com.cloudframe.app.process.Uhdynsql.fetchAndPrintWidgets  551 - WIDGET-SUPPLIER      =  ACME   
08:24:28.495 [main] INFO  com.cloudframe.app.process.Uhdynsql.fetchAndPrintWidgets  553 - WIDGET-DESC          = XLRG BLUE WIDGET    
08:24:28.495 [main] INFO  com.cloudframe.app.process.Uhdynsql.fetchAndPrintWidgets  555 - WIDGET-MANU-PLANT    =         
08:24:28.495 [main] INFO  com.cloudframe.app.process.Uhdynsql.fetchAndPrintWidgets  557 - WIDGET-MANU-COST     = 0
08:24:28.495 [main] INFO  com.cloudframe.app.process.Uhdynsql.fetchAndPrintWidgets  559 - WIDGET-LEAD-TIME     = 0
08:24:28.495 [main] INFO  com.cloudframe.app.process.Uhdynsql.fetchAndPrintWidgets  541 - -----------------------------------------
08:24:28.495 [main] INFO  com.cloudframe.app.process.Uhdynsql.fetchAndPrintWidgets  543 - WIDGET-NUM           = 00000164
08:24:28.496 [main] INFO  com.cloudframe.app.process.Uhdynsql.fetchAndPrintWidgets  545 - WIDGET-COLOR         = YELLOW
08:24:28.496 [main] INFO  com.cloudframe.app.process.Uhdynsql.fetchAndPrintWidgets  547 - WIDGET-SIZE          = P
08:24:28.496 [main] INFO  com.cloudframe.app.process.Uhdynsql.fetchAndPrintWidgets  549 - WIDGET-PRICE         = 3400
08:24:28.496 [main] INFO  com.cloudframe.app.process.Uhdynsql.fetchAndPrintWidgets  551 - WIDGET-SUPPLIER      =  ACME   
08:24:28.496 [main] INFO  com.cloudframe.app.process.Uhdynsql.fetchAndPrintWidgets  553 - WIDGET-DESC          = XLRG YELLOW WIDGET  
08:24:28.496 [main] INFO  com.cloudframe.app.process.Uhdynsql.fetchAndPrintWidgets  555 - WIDGET-MANU-PLANT    =         
08:24:28.496 [main] INFO  com.cloudframe.app.process.Uhdynsql.fetchAndPrintWidgets  557 - WIDGET-MANU-COST     = 0
08:24:28.496 [main] INFO  com.cloudframe.app.process.Uhdynsql.fetchAndPrintWidgets  559 - WIDGET-LEAD-TIME     = 0
08:24:28.497 [main] INFO  com.cloudframe.app.process.Uhdynsql.fetchAndPrintWidgets  541 - -----------------------------------------
08:24:28.497 [main] INFO  com.cloudframe.app.process.Uhdynsql.fetchAndPrintWidgets  543 - WIDGET-NUM           = 00000166
08:24:28.497 [main] INFO  com.cloudframe.app.process.Uhdynsql.fetchAndPrintWidgets  545 - WIDGET-COLOR         = BLUE  
08:24:28.497 [main] INFO  com.cloudframe.app.process.Uhdynsql.fetchAndPrintWidgets  547 - WIDGET-SIZE          = M
08:24:28.497 [main] INFO  com.cloudframe.app.process.Uhdynsql.fetchAndPrintWidgets  549 - WIDGET-PRICE         = 3400
08:24:28.497 [main] INFO  com.cloudframe.app.process.Uhdynsql.fetchAndPrintWidgets  551 - WIDGET-SUPPLIER      =  ACME   
08:24:28.497 [main] INFO  com.cloudframe.app.process.Uhdynsql.fetchAndPrintWidgets  553 - WIDGET-DESC          = XLRG BLUE WIDGET    
08:24:28.497 [main] INFO  com.cloudframe.app.process.Uhdynsql.fetchAndPrintWidgets  555 - WIDGET-MANU-PLANT    =         
08:24:28.498 [main] INFO  com.cloudframe.app.process.Uhdynsql.fetchAndPrintWidgets  557 - WIDGET-MANU-COST     = 0
08:24:28.498 [main] INFO  com.cloudframe.app.process.Uhdynsql.fetchAndPrintWidgets  559 - WIDGET-LEAD-TIME     = 0
08:24:28.498 [main] INFO  com.cloudframe.app.process.Uhdynsql.fetchAndPrintWidgets  541 - -----------------------------------------
08:24:28.498 [main] INFO  com.cloudframe.app.process.Uhdynsql.fetchAndPrintWidgets  543 - WIDGET-NUM           = 00000167
08:24:28.498 [main] INFO  com.cloudframe.app.process.Uhdynsql.fetchAndPrintWidgets  545 - WIDGET-COLOR         = YELLOW
08:24:28.498 [main] INFO  com.cloudframe.app.process.Uhdynsql.fetchAndPrintWidgets  547 - WIDGET-SIZE          = L
08:24:28.498 [main] INFO  com.cloudframe.app.process.Uhdynsql.fetchAndPrintWidgets  549 - WIDGET-PRICE         = 3400
08:24:28.499 [main] INFO  com.cloudframe.app.process.Uhdynsql.fetchAndPrintWidgets  551 - WIDGET-SUPPLIER      =  ACME   
08:24:28.499 [main] INFO  com.cloudframe.app.process.Uhdynsql.fetchAndPrintWidgets  553 - WIDGET-DESC          = XLRG YELLOW WIDGET  
08:24:28.499 [main] INFO  com.cloudframe.app.process.Uhdynsql.fetchAndPrintWidgets  555 - WIDGET-MANU-PLANT    =         
08:24:28.499 [main] INFO  com.cloudframe.app.process.Uhdynsql.fetchAndPrintWidgets  557 - WIDGET-MANU-COST     = 0
08:24:28.499 [main] INFO  com.cloudframe.app.process.Uhdynsql.fetchAndPrintWidgets  559 - WIDGET-LEAD-TIME     = 0
08:24:28.499 [main] INFO  com.cloudframe.app.process.Uhdynsql.fetchAndPrintWidgets  541 - -----------------------------------------
08:24:28.499 [main] INFO  com.cloudframe.app.process.Uhdynsql.fetchAndPrintWidgets  543 - WIDGET-NUM           = 00000172
08:24:28.500 [main] INFO  com.cloudframe.app.process.Uhdynsql.fetchAndPrintWidgets  545 - WIDGET-COLOR         = YELLOW
08:24:28.500 [main] INFO  com.cloudframe.app.process.Uhdynsql.fetchAndPrintWidgets  547 - WIDGET-SIZE          = S
08:24:28.500 [main] INFO  com.cloudframe.app.process.Uhdynsql.fetchAndPrintWidgets  549 - WIDGET-PRICE         = 3400
08:24:28.500 [main] INFO  com.cloudframe.app.process.Uhdynsql.fetchAndPrintWidgets  551 - WIDGET-SUPPLIER      =  ACME   
08:24:28.500 [main] INFO  com.cloudframe.app.process.Uhdynsql.fetchAndPrintWidgets  553 - WIDGET-DESC          = XLRG YELLOW WIDGET  
08:24:28.500 [main] INFO  com.cloudframe.app.process.Uhdynsql.fetchAndPrintWidgets  555 - WIDGET-MANU-PLANT    =         
08:24:28.500 [main] INFO  com.cloudframe.app.process.Uhdynsql.fetchAndPrintWidgets  557 - WIDGET-MANU-COST     = 0
08:24:28.500 [main] INFO  com.cloudframe.app.process.Uhdynsql.fetchAndPrintWidgets  559 - WIDGET-LEAD-TIME     = 0
08:24:28.501 [main] INFO  com.cloudframe.app.process.Uhdynsql.fetchAndPrintWidgets  541 - -----------------------------------------
08:24:28.501 [main] INFO  com.cloudframe.app.process.Uhdynsql.fetchAndPrintWidgets  543 - WIDGET-NUM           = 00000173
08:24:28.501 [main] INFO  com.cloudframe.app.process.Uhdynsql.fetchAndPrintWidgets  545 - WIDGET-COLOR         = BLUE  
08:24:28.501 [main] INFO  com.cloudframe.app.process.Uhdynsql.fetchAndPrintWidgets  547 - WIDGET-SIZE          = M
08:24:28.501 [main] INFO  com.cloudframe.app.process.Uhdynsql.fetchAndPrintWidgets  549 - WIDGET-PRICE         = 3400
08:24:28.501 [main] INFO  com.cloudframe.app.process.Uhdynsql.fetchAndPrintWidgets  551 - WIDGET-SUPPLIER      =  ACME   
08:24:28.501 [main] INFO  com.cloudframe.app.process.Uhdynsql.fetchAndPrintWidgets  553 - WIDGET-DESC          = XLRG BLUE WIDGET    
08:24:28.501 [main] INFO  com.cloudframe.app.process.Uhdynsql.fetchAndPrintWidgets  555 - WIDGET-MANU-PLANT    =         
08:24:28.502 [main] INFO  com.cloudframe.app.process.Uhdynsql.fetchAndPrintWidgets  557 - WIDGET-MANU-COST     = 0
08:24:28.502 [main] INFO  com.cloudframe.app.process.Uhdynsql.fetchAndPrintWidgets  559 - WIDGET-LEAD-TIME     = 0
08:24:28.502 [main] INFO  com.cloudframe.app.process.Uhdynsql.fetchAndPrintWidgets  541 - -----------------------------------------
08:24:28.502 [main] INFO  com.cloudframe.app.process.Uhdynsql.fetchAndPrintWidgets  543 - WIDGET-NUM           = 00000176
08:24:28.502 [main] INFO  com.cloudframe.app.process.Uhdynsql.fetchAndPrintWidgets  545 - WIDGET-COLOR         = YELLOW
08:24:28.502 [main] INFO  com.cloudframe.app.process.Uhdynsql.fetchAndPrintWidgets  547 - WIDGET-SIZE          = P
08:24:28.502 [main] INFO  com.cloudframe.app.process.Uhdynsql.fetchAndPrintWidgets  549 - WIDGET-PRICE         = 3400
08:24:28.503 [main] INFO  com.cloudframe.app.process.Uhdynsql.fetchAndPrintWidgets  551 - WIDGET-SUPPLIER      =  ACME   
08:24:28.503 [main] INFO  com.cloudframe.app.process.Uhdynsql.fetchAndPrintWidgets  553 - WIDGET-DESC          = XLRG YELLOW WIDGET  
08:24:28.503 [main] INFO  com.cloudframe.app.process.Uhdynsql.fetchAndPrintWidgets  555 - WIDGET-MANU-PLANT    =         
08:24:28.503 [main] INFO  com.cloudframe.app.process.Uhdynsql.fetchAndPrintWidgets  557 - WIDGET-MANU-COST     = 0
08:24:28.503 [main] INFO  com.cloudframe.app.process.Uhdynsql.fetchAndPrintWidgets  559 - WIDGET-LEAD-TIME     = 0
08:24:28.503 [main] INFO  com.cloudframe.app.process.Uhdynsql.fetchAndPrintWidgets  541 - -----------------------------------------
08:24:28.503 [main] INFO  com.cloudframe.app.process.Uhdynsql.fetchAndPrintWidgets  543 - WIDGET-NUM           = 00000177
08:24:28.504 [main] INFO  com.cloudframe.app.process.Uhdynsql.fetchAndPrintWidgets  545 - WIDGET-COLOR         = BLUE  
08:24:28.504 [main] INFO  com.cloudframe.app.process.Uhdynsql.fetchAndPrintWidgets  547 - WIDGET-SIZE          = S
08:24:28.504 [main] INFO  com.cloudframe.app.process.Uhdynsql.fetchAndPrintWidgets  549 - WIDGET-PRICE         = 3400
08:24:28.504 [main] INFO  com.cloudframe.app.process.Uhdynsql.fetchAndPrintWidgets  551 - WIDGET-SUPPLIER      =  ACME   
08:24:28.504 [main] INFO  com.cloudframe.app.process.Uhdynsql.fetchAndPrintWidgets  553 - WIDGET-DESC          = XLRG BLUE WIDGET    
08:24:28.504 [main] INFO  com.cloudframe.app.process.Uhdynsql.fetchAndPrintWidgets  555 - WIDGET-MANU-PLANT    =         
08:24:28.504 [main] INFO  com.cloudframe.app.process.Uhdynsql.fetchAndPrintWidgets  557 - WIDGET-MANU-COST     = 0
08:24:28.504 [main] INFO  com.cloudframe.app.process.Uhdynsql.fetchAndPrintWidgets  559 - WIDGET-LEAD-TIME     = 0
08:24:28.505 [main] INFO  com.cloudframe.app.process.Uhdynsql.fetchAndPrintWidgets  541 - -----------------------------------------
08:24:28.505 [main] INFO  com.cloudframe.app.process.Uhdynsql.fetchAndPrintWidgets  543 - WIDGET-NUM           = 00000180
08:24:28.505 [main] INFO  com.cloudframe.app.process.Uhdynsql.fetchAndPrintWidgets  545 - WIDGET-COLOR         = YELLOW
08:24:28.505 [main] INFO  com.cloudframe.app.process.Uhdynsql.fetchAndPrintWidgets  547 - WIDGET-SIZE          = S
08:24:28.505 [main] INFO  com.cloudframe.app.process.Uhdynsql.fetchAndPrintWidgets  549 - WIDGET-PRICE         = 3400
08:24:28.505 [main] INFO  com.cloudframe.app.process.Uhdynsql.fetchAndPrintWidgets  551 - WIDGET-SUPPLIER      =  ACME   
08:24:28.505 [main] INFO  com.cloudframe.app.process.Uhdynsql.fetchAndPrintWidgets  553 - WIDGET-DESC          = XLRG YELLOW WIDGET  
08:24:28.505 [main] INFO  com.cloudframe.app.process.Uhdynsql.fetchAndPrintWidgets  555 - WIDGET-MANU-PLANT    =         
08:24:28.506 [main] INFO  com.cloudframe.app.process.Uhdynsql.fetchAndPrintWidgets  557 - WIDGET-MANU-COST     = 0
08:24:28.506 [main] INFO  com.cloudframe.app.process.Uhdynsql.fetchAndPrintWidgets  559 - WIDGET-LEAD-TIME     = 0
08:24:28.506 [main] INFO  com.cloudframe.app.process.Uhdynsql.fetchAndPrintWidgets  541 - -----------------------------------------
08:24:28.506 [main] INFO  com.cloudframe.app.process.Uhdynsql.fetchAndPrintWidgets  543 - WIDGET-NUM           = 00000181
08:24:28.506 [main] INFO  com.cloudframe.app.process.Uhdynsql.fetchAndPrintWidgets  545 - WIDGET-COLOR         = BLUE  
08:24:28.506 [main] INFO  com.cloudframe.app.process.Uhdynsql.fetchAndPrintWidgets  547 - WIDGET-SIZE          = X
08:24:28.506 [main] INFO  com.cloudframe.app.process.Uhdynsql.fetchAndPrintWidgets  549 - WIDGET-PRICE         = 3400
08:24:28.506 [main] INFO  com.cloudframe.app.process.Uhdynsql.fetchAndPrintWidgets  551 - WIDGET-SUPPLIER      =  ACME   
08:24:28.506 [main] INFO  com.cloudframe.app.process.Uhdynsql.fetchAndPrintWidgets  553 - WIDGET-DESC          = XLRG BLUE WIDGET    
08:24:28.507 [main] INFO  com.cloudframe.app.process.Uhdynsql.fetchAndPrintWidgets  555 - WIDGET-MANU-PLANT    =         
08:24:28.507 [main] INFO  com.cloudframe.app.process.Uhdynsql.fetchAndPrintWidgets  557 - WIDGET-MANU-COST     = 0
08:24:28.507 [main] INFO  com.cloudframe.app.process.Uhdynsql.fetchAndPrintWidgets  559 - WIDGET-LEAD-TIME     = 0
08:24:28.507 [main] INFO  com.cloudframe.app.process.Uhdynsql.fetchAndPrintWidgets  541 - -----------------------------------------
08:24:28.507 [main] INFO  com.cloudframe.app.process.Uhdynsql.fetchAndPrintWidgets  543 - WIDGET-NUM           = 00000185
08:24:28.507 [main] INFO  com.cloudframe.app.process.Uhdynsql.fetchAndPrintWidgets  545 - WIDGET-COLOR         = BLUE  
08:24:28.507 [main] INFO  com.cloudframe.app.process.Uhdynsql.fetchAndPrintWidgets  547 - WIDGET-SIZE          = X
08:24:28.507 [main] INFO  com.cloudframe.app.process.Uhdynsql.fetchAndPrintWidgets  549 - WIDGET-PRICE         = 3400
08:24:28.508 [main] INFO  com.cloudframe.app.process.Uhdynsql.fetchAndPrintWidgets  551 - WIDGET-SUPPLIER      =  ACME   
08:24:28.508 [main] INFO  com.cloudframe.app.process.Uhdynsql.fetchAndPrintWidgets  553 - WIDGET-DESC          = XLRG BLUE WIDGET    
08:24:28.508 [main] INFO  com.cloudframe.app.process.Uhdynsql.fetchAndPrintWidgets  555 - WIDGET-MANU-PLANT    =         
08:24:28.508 [main] INFO  com.cloudframe.app.process.Uhdynsql.fetchAndPrintWidgets  557 - WIDGET-MANU-COST     = 0
08:24:28.508 [main] INFO  com.cloudframe.app.process.Uhdynsql.fetchAndPrintWidgets  559 - WIDGET-LEAD-TIME     = 0
08:24:28.508 [main] INFO  com.cloudframe.app.process.Uhdynsql.fetchAndPrintWidgets  541 - -----------------------------------------
08:24:28.508 [main] INFO  com.cloudframe.app.process.Uhdynsql.fetchAndPrintWidgets  543 - WIDGET-NUM           = 00000187
08:24:28.509 [main] INFO  com.cloudframe.app.process.Uhdynsql.fetchAndPrintWidgets  545 - WIDGET-COLOR         = BLUE  
08:24:28.509 [main] INFO  com.cloudframe.app.process.Uhdynsql.fetchAndPrintWidgets  547 - WIDGET-SIZE          = S
08:24:28.509 [main] INFO  com.cloudframe.app.process.Uhdynsql.fetchAndPrintWidgets  549 - WIDGET-PRICE         = 3400
08:24:28.509 [main] INFO  com.cloudframe.app.process.Uhdynsql.fetchAndPrintWidgets  551 - WIDGET-SUPPLIER      =  ACME   
08:24:28.509 [main] INFO  com.cloudframe.app.process.Uhdynsql.fetchAndPrintWidgets  553 - WIDGET-DESC          = XLRG BLUE WIDGET    
08:24:28.509 [main] INFO  com.cloudframe.app.process.Uhdynsql.fetchAndPrintWidgets  555 - WIDGET-MANU-PLANT    =         
08:24:28.509 [main] INFO  com.cloudframe.app.process.Uhdynsql.fetchAndPrintWidgets  557 - WIDGET-MANU-COST     = 0
08:24:28.509 [main] INFO  com.cloudframe.app.process.Uhdynsql.fetchAndPrintWidgets  559 - WIDGET-LEAD-TIME     = 0
08:24:28.510 [main] INFO  com.cloudframe.app.process.Uhdynsql.fetchAndPrintWidgets  541 - -----------------------------------------
08:24:28.510 [main] INFO  com.cloudframe.app.process.Uhdynsql.fetchAndPrintWidgets  543 - WIDGET-NUM           = 00000190
08:24:28.510 [main] INFO  com.cloudframe.app.process.Uhdynsql.fetchAndPrintWidgets  545 - WIDGET-COLOR         = BLUE  
08:24:28.510 [main] INFO  com.cloudframe.app.process.Uhdynsql.fetchAndPrintWidgets  547 - WIDGET-SIZE          = X
08:24:28.510 [main] INFO  com.cloudframe.app.process.Uhdynsql.fetchAndPrintWidgets  549 - WIDGET-PRICE         = 3400
08:24:28.510 [main] INFO  com.cloudframe.app.process.Uhdynsql.fetchAndPrintWidgets  551 - WIDGET-SUPPLIER      =  ACME   
08:24:28.510 [main] INFO  com.cloudframe.app.process.Uhdynsql.fetchAndPrintWidgets  553 - WIDGET-DESC          = XLRG BLUE WIDGET    
08:24:28.510 [main] INFO  com.cloudframe.app.process.Uhdynsql.fetchAndPrintWidgets  555 - WIDGET-MANU-PLANT    =         
08:24:28.511 [main] INFO  com.cloudframe.app.process.Uhdynsql.fetchAndPrintWidgets  557 - WIDGET-MANU-COST     = 0
08:24:28.511 [main] INFO  com.cloudframe.app.process.Uhdynsql.fetchAndPrintWidgets  559 - WIDGET-LEAD-TIME     = 0
08:24:28.511 [main] INFO  com.cloudframe.app.process.Uhdynsql.fetchAndPrintWidgets  541 - -----------------------------------------
08:24:28.511 [main] INFO  com.cloudframe.app.process.Uhdynsql.fetchAndPrintWidgets  543 - WIDGET-NUM           = 00000193
08:24:28.511 [main] INFO  com.cloudframe.app.process.Uhdynsql.fetchAndPrintWidgets  545 - WIDGET-COLOR         = YELLOW
08:24:28.511 [main] INFO  com.cloudframe.app.process.Uhdynsql.fetchAndPrintWidgets  547 - WIDGET-SIZE          = M
08:24:28.511 [main] INFO  com.cloudframe.app.process.Uhdynsql.fetchAndPrintWidgets  549 - WIDGET-PRICE         = 3400
08:24:28.512 [main] INFO  com.cloudframe.app.process.Uhdynsql.fetchAndPrintWidgets  551 - WIDGET-SUPPLIER      =  ACME   
08:24:28.512 [main] INFO  com.cloudframe.app.process.Uhdynsql.fetchAndPrintWidgets  553 - WIDGET-DESC          = XLRG YELLOW WIDGET  
08:24:28.512 [main] INFO  com.cloudframe.app.process.Uhdynsql.fetchAndPrintWidgets  555 - WIDGET-MANU-PLANT    =         
08:24:28.512 [main] INFO  com.cloudframe.app.process.Uhdynsql.fetchAndPrintWidgets  557 - WIDGET-MANU-COST     = 0
08:24:28.512 [main] INFO  com.cloudframe.app.process.Uhdynsql.fetchAndPrintWidgets  559 - WIDGET-LEAD-TIME     = 0
08:24:28.512 [main] INFO  com.cloudframe.app.process.Uhdynsql.fetchAndPrintWidgets  541 - -----------------------------------------
08:24:28.512 [main] INFO  com.cloudframe.app.process.Uhdynsql.fetchAndPrintWidgets  543 - WIDGET-NUM           = 00000194
08:24:28.512 [main] INFO  com.cloudframe.app.process.Uhdynsql.fetchAndPrintWidgets  545 - WIDGET-COLOR         = BLUE  
08:24:28.513 [main] INFO  com.cloudframe.app.process.Uhdynsql.fetchAndPrintWidgets  547 - WIDGET-SIZE          = L
08:24:28.513 [main] INFO  com.cloudframe.app.process.Uhdynsql.fetchAndPrintWidgets  549 - WIDGET-PRICE         = 3400
08:24:28.513 [main] INFO  com.cloudframe.app.process.Uhdynsql.fetchAndPrintWidgets  551 - WIDGET-SUPPLIER      =  ACME   
08:24:28.513 [main] INFO  com.cloudframe.app.process.Uhdynsql.fetchAndPrintWidgets  553 - WIDGET-DESC          = XLRG BLUE WIDGET    
08:24:28.513 [main] INFO  com.cloudframe.app.process.Uhdynsql.fetchAndPrintWidgets  555 - WIDGET-MANU-PLANT    =         
08:24:28.513 [main] INFO  com.cloudframe.app.process.Uhdynsql.fetchAndPrintWidgets  557 - WIDGET-MANU-COST     = 0
08:24:28.513 [main] INFO  com.cloudframe.app.process.Uhdynsql.fetchAndPrintWidgets  559 - WIDGET-LEAD-TIME     = 0
08:24:28.534 [SpringContextShutdownHook] INFO  com.zaxxer.hikari.HikariDataSource.close  349 - HikariPool-1 - Shutdown initiated...
08:24:28.538 [SpringContextShutdownHook] INFO  com.zaxxer.hikari.HikariDataSource.close  351 - HikariPool-1 - Shutdown completed.
