08:03:30.645 [main] INFO  o.s.boot.StartupInfoLogger.logStarting   50 - Starting CFApplication v0.0.1-SNAPSHOT using Java 17.0.14 with PID 3453337 (/home/jenkins/workspace/CFTestAutomation_Release/Testing/results/move/refmod2/REFMOD2/target/REFMOD2-0.0.1-SNAPSHOT.jar started by root in /home/jenkins/workspace/CFTestAutomation_Release/Testing/results/move/refmod2/REFMOD2)
08:03:30.652 [main] INFO  o.s.boot.SpringApplication.logStartupProfileInfo  654 - No active profile set, falling back to 1 default profile: "default"
08:03:33.031 [main] INFO  o.s.boot.StartupInfoLogger.logStarted   56 - Started CFApplication in 4.328 seconds (process running for 6.141)
08:03:33.056 [main] INFO  c.c.app.utility.CFConfiguration.cfDataConnectIOInfo  107 - CFDataConnectIO version : 5.0.0.21
08:03:33.827 [main] INFO  c.c.app.process.impl.Refmod2Impl.mainlineSplit0  525 - *  1* WS-2-1A-S        = (ABCDABCDABCDABCDABCDABCDABCDABZYXWZYXWZYXWZYXWZYXWZYXWZYXWZYXWZYXWZYXW)
08:03:33.830 [main] INFO  c.c.app.process.impl.Refmod2Impl.mainlineSplit0  527 - *  2*   WS-2-1A-S-FLD1 = (ABCDABCDABCDABCDABCDABCDABCDAB)
08:03:33.831 [main] INFO  c.c.app.process.impl.Refmod2Impl.mainlineSplit0  529 - *  3*   WS-2-1A-S-FLD2 = (ZYXWZYXWZYXWZYXWZYXWZYXWZYXWZYXWZYXWZYXW)
08:03:33.833 [main] INFO  c.c.app.process.impl.Refmod2Impl.mainlineSplit0  531 - *  4* WS-2-1A-T        = (ABCDABCDABCDABCDABCDABCDABCDABZYXWZYXWZYXWZYXWZYXWZYXWZYXWZY)
08:03:33.833 [main] INFO  c.c.app.process.impl.Refmod2Impl.mainlineSplit0  533 - *  5*   WS-2-1A-T-FLD1 = (ABCDABCDABCDABCDABCD)
08:03:33.834 [main] INFO  c.c.app.process.impl.Refmod2Impl.mainlineSplit0  535 - *  6*   WS-2-1A-T-FLD2 = (ABCDABCDABZYXWZYXWZYXWZYXWZYXWZYXWZYXWZY)
08:03:33.834 [main] INFO  c.c.app.process.impl.Refmod2Impl.mainlineSplit0  554 - *  7* WS-2-1A-S        = (ABCDABCDABCDABCDABCDABCDABCDABZYXWZYXWZYXWZYXWZYXWZYXWZYXWZYXWZYXWZYXW)
08:03:33.834 [main] INFO  c.c.app.process.impl.Refmod2Impl.mainlineSplit0  556 - *  8*   WS-2-1A-S-FLD1 = (ABCDABCDABCDABCDABCDABCDABCDAB)
08:03:33.835 [main] INFO  c.c.app.process.impl.Refmod2Impl.mainlineSplit0  558 - *  9*   WS-2-1A-S-FLD2 = (ZYXWZYXWZYXWZYXWZYXWZYXWZYXWZYXWZYXWZYXW)
08:03:33.835 [main] INFO  c.c.app.process.impl.Refmod2Impl.mainlineSplit0  560 - * 10* WS-2-1A-T        = (ABCDABCDABCDABCDABCDABCDABCDABZYXWZYXWZYXWZYXWZYXWZYXWZYXWZY)
08:03:33.836 [main] INFO  c.c.app.process.impl.Refmod2Impl.mainlineSplit0  562 - * 11*   WS-2-1A-T-FLD1 = (ABCDABCDABCDABCDABCD)
08:03:33.836 [main] INFO  c.c.app.process.impl.Refmod2Impl.mainlineSplit0  564 - * 12*   WS-2-1A-T-FLD2 = (ABCDABCDABZYXWZYXWZYXWZYXWZYXWZYXWZYXWZY)
08:03:33.837 [main] INFO  c.c.app.process.impl.Refmod2Impl.mainlineSplit0  583 - * 13* WS-2-1B-S        = (ABCDABCDABCDABCDABCDABCDABCDABZYXWZYXWZYXWZYXWZYXWZYXWZYXWZYXWZYXWZYXW)
08:03:33.837 [main] INFO  c.c.app.process.impl.Refmod2Impl.mainlineSplit0  585 - * 14*   WS-2-1B-S-FLD1 = (ABCDABCDABCDABCDABCDABCDABCDAB)
08:03:33.837 [main] INFO  c.c.app.process.impl.Refmod2Impl.mainlineSplit0  587 - * 15*   WS-2-1B-S-FLD2 = (ZYXWZYXWZYXWZYXWZYXWZYXWZYXWZYXWZYXWZYXW)
08:03:33.838 [main] INFO  c.c.app.process.impl.Refmod2Impl.mainlineSplit0  589 - * 16* WS-2-1B-T        = (ABCDABCDABCDABCDABCDABCDABCDABZYXWZYXWZYXWZYXWZYXWZYXWZYXWZYXWZYXWZYXW                    )
08:03:33.838 [main] INFO  c.c.app.process.impl.Refmod2Impl.mainlineSplit0  591 - * 17*   WS-2-1B-T-FLD1 = (ABCDABCDABCDABCDABCD)
08:03:33.839 [main] INFO  c.c.app.process.impl.Refmod2Impl.mainlineSplit0  593 - * 18*   WS-2-1B-T-FLD2 = (ABCDABCDABZYXWZYXWZYXWZYXWZYXWZYXWZYXWZY)
08:03:33.839 [main] INFO  c.c.app.process.impl.Refmod2Impl.mainlineSplit0  595 - * 19*   WS-2-1B-T-FLD3 = (XWZYXWZYXW                    )
08:03:33.840 [main] INFO  c.c.app.process.impl.Refmod2Impl.mainlineSplit0  616 - * 20* WS-2-1B-S        = (ABCDABCDABCDABCDABCDABCDABCDABZYXWZYXWZYXWZYXWZYXWZYXWZYXWZYXWZYXWZYXW)
08:03:33.840 [main] INFO  c.c.app.process.impl.Refmod2Impl.mainlineSplit0  618 - * 21*   WS-2-1B-S-FLD1 = (ABCDABCDABCDABCDABCDABCDABCDAB)
08:03:33.841 [main] INFO  c.c.app.process.impl.Refmod2Impl.mainlineSplit0  620 - * 22*   WS-2-1B-S-FLD2 = (ZYXWZYXWZYXWZYXWZYXWZYXWZYXWZYXWZYXWZYXW)
08:03:33.841 [main] INFO  c.c.app.process.impl.Refmod2Impl.mainlineSplit0  622 - * 23* WS-2-1B-T        = (ABCDABCDABCDABCDABCDABCDABCDABZYXWZYXWZYXWZYXWZYXWZYXWZYXWZYXWZYXWZYXW                    )
08:03:33.842 [main] INFO  c.c.app.process.impl.Refmod2Impl.mainlineSplit0  624 - * 24*   WS-2-1B-T-FLD1 = (ABCDABCDABCDABCDABCD)
08:03:33.842 [main] INFO  c.c.app.process.impl.Refmod2Impl.mainlineSplit0  626 - * 25*   WS-2-1B-T-FLD2 = (ABCDABCDABZYXWZYXWZYXWZYXWZYXWZYXWZYXWZY)
08:03:33.842 [main] INFO  c.c.app.process.impl.Refmod2Impl.mainlineSplit0  628 - * 26*   WS-2-1B-T-FLD3 = (XWZYXWZYXW                    )
08:03:33.844 [main] INFO  c.c.app.process.impl.Refmod2Impl.mainlineSplit1  683 - * 27* WS-2-2A-S        = (ABCDABCDABCDABCDABCDABCDABCDABCDABCDABCDABCDABCDABCDABCDABCDABCDABCDAB)
08:03:33.847 [main] INFO  c.c.app.process.impl.Refmod2Impl.mainlineSplit1  685 - * 28* WS-2-2A-T        = (ABCDABCDABCDABCDABCDABCDABCDABCDABCDABCDABCDABCDABCDABCDABCD)
08:03:33.850 [main] INFO  c.c.app.process.impl.Refmod2Impl.mainlineSplit1  687 - * 29*   WS-2-2A-T-FLD1 = (ABCDABCDABCDABCDABCD)
08:03:33.851 [main] INFO  c.c.app.process.impl.Refmod2Impl.mainlineSplit1  689 - * 30*   WS-2-2A-T-FLD2 = (ABCDABCDABCDABCDABCDABCDABCDABCDABCDABCD)
08:03:33.852 [main] INFO  c.c.app.process.impl.Refmod2Impl.mainlineSplit1  706 - * 31* WS-2-2A-S        = (ABCDABCDABCDABCDABCDABCDABCDABCDABCDABCDABCDABCDABCDABCDABCDABCDABCDAB)
08:03:33.852 [main] INFO  c.c.app.process.impl.Refmod2Impl.mainlineSplit1  708 - * 32* WS-2-2A-T        = (ABCDABCDABCDABCDABCDABCDABCDABCDABCDABCDABCDABCDABCDABCDABCD)
08:03:33.852 [main] INFO  c.c.app.process.impl.Refmod2Impl.mainlineSplit1  710 - * 33*   WS-2-2A-T-FLD1 = (ABCDABCDABCDABCDABCD)
08:03:33.853 [main] INFO  c.c.app.process.impl.Refmod2Impl.mainlineSplit1  712 - * 34*   WS-2-2A-T-FLD2 = (ABCDABCDABCDABCDABCDABCDABCDABCDABCDABCD)
08:03:33.854 [main] INFO  c.c.app.process.impl.Refmod2Impl.mainlineSplit1  729 - * 35* WS-2-2B-S        = (ABCDABCDABCDABCDABCDABCDABCDABCDABCDABCDABCDABCDABCDABCDABCDABCDABCDAB)
08:03:33.854 [main] INFO  c.c.app.process.impl.Refmod2Impl.mainlineSplit1  731 - * 36* WS-2-2B-T        = (ABCDABCDABCDABCDABCDABCDABCDABCDABCDABCDABCDABCDABCDABCDABCDABCDABCDAB                    )
08:03:33.855 [main] INFO  c.c.app.process.impl.Refmod2Impl.mainlineSplit1  733 - * 37*   WS-2-2B-T-FLD1 = (ABCDABCDABCDABCDABCD)
08:03:33.856 [main] INFO  c.c.app.process.impl.Refmod2Impl.mainlineSplit1  735 - * 38*   WS-2-2B-T-FLD2 = (ABCDABCDABCDABCDABCDABCDABCDABCDABCDABCD)
08:03:33.858 [main] INFO  c.c.app.process.impl.Refmod2Impl.mainlineSplit1  737 - * 39*   WS-2-2B-T-FLD3 = (ABCDABCDAB                    )
08:03:33.860 [main] INFO  c.c.app.process.impl.Refmod2Impl.mainlineSplit1  756 - * 40* WS-2-2B-S        = (ABCDABCDABCDABCDABCDABCDABCDABCDABCDABCDABCDABCDABCDABCDABCDABCDABCDAB)
08:03:33.862 [main] INFO  c.c.app.process.impl.Refmod2Impl.mainlineSplit1  758 - * 41* WS-2-2B-T        = (ABCDABCDABCDABCDABCDABCDABCDABCDABCDABCDABCDABCDABCDABCDABCDABCDABCDAB                    )
08:03:33.863 [main] INFO  c.c.app.process.impl.Refmod2Impl.mainlineSplit1  760 - * 42*   WS-2-2B-T-FLD1 = (ABCDABCDABCDABCDABCD)
08:03:33.863 [main] INFO  c.c.app.process.impl.Refmod2Impl.mainlineSplit1  762 - * 43*   WS-2-2B-T-FLD2 = (ABCDABCDABCDABCDABCDABCDABCDABCDABCDABCD)
08:03:33.864 [main] INFO  c.c.app.process.impl.Refmod2Impl.mainlineSplit1  764 - * 44*   WS-2-2B-T-FLD3 = (ABCDABCDAB                    )
08:03:33.864 [main] INFO  c.c.app.process.impl.Refmod2Impl.mainlineSplit1  781 - * 45* WS-2-3A-S        = (ABCDABCDABCDABCDABCDABCDABCDABZYXWZYXWZYXWZYXWZYXWZYXWZYXWZYXWZYXWZYXW)
08:03:33.865 [main] INFO  c.c.app.process.impl.Refmod2Impl.mainlineSplit1  783 - * 46*   WS-2-3A-S-FLD1 = (ABCDABCDABCDABCDABCDABCDABCDAB)
08:03:33.870 [main] INFO  c.c.app.process.impl.Refmod2Impl.mainlineSplit1  785 - * 47*   WS-2-3A-S-FLD2 = (ZYXWZYXWZYXWZYXWZYXWZYXWZYXWZYXWZYXWZYXW)
08:03:33.871 [main] INFO  c.c.app.process.impl.Refmod2Impl.mainlineSplit1  787 - * 48* WS-2-3A-T        = (ABCDABCDABCDABCDABCDABCDABCDABZYXWZYXWZYXWZYXWZYXWZYXWZYXWZY)
08:03:33.871 [main] INFO  c.c.app.process.impl.Refmod2Impl.mainlineSplit1  789 - * 49*   WS-2-3A-T-FLD1 = (ABCDABCDABCDABCDABCD)
08:03:33.871 [main] INFO  c.c.app.process.impl.Refmod2Impl.mainlineSplit1  791 - * 50*   WS-2-3A-T-FLD2 = (ABCDABCDABZYXWZYXWZYXWZYXWZYXWZYXWZYXWZY)
08:03:33.872 [main] INFO  c.c.app.process.impl.Refmod2Impl.mainlineSplit1  808 - * 51* WS-2-3A-S        = (ABCDABCDABCDABCDABCDABCDABCDABZYXWZYXWZYXWZYXWZYXWZYXWZYXWZYXWZYXWZYXW)
08:03:33.876 [main] INFO  c.c.app.process.impl.Refmod2Impl.mainlineSplit2  849 - * 52*   WS-2-3A-S-FLD1 = (ABCDABCDABCDABCDABCDABCDABCDAB)
08:03:33.877 [main] INFO  c.c.app.process.impl.Refmod2Impl.mainlineSplit2  851 - * 53*   WS-2-3A-S-FLD2 = (ZYXWZYXWZYXWZYXWZYXWZYXWZYXWZYXWZYXWZYXW)
08:03:33.878 [main] INFO  c.c.app.process.impl.Refmod2Impl.mainlineSplit2  853 - * 54* WS-2-3A-T        = (ABCDABCDABCDABCDABCDABCDABCDABZYXWZYXWZYXWZYXWZYXWZYXWZYXWZY)
08:03:33.878 [main] INFO  c.c.app.process.impl.Refmod2Impl.mainlineSplit2  855 - * 55*   WS-2-3A-T-FLD1 = (ABCDABCDABCDABCDABCD)
08:03:33.879 [main] INFO  c.c.app.process.impl.Refmod2Impl.mainlineSplit2  857 - * 56*   WS-2-3A-T-FLD2 = (ABCDABCDABZYXWZYXWZYXWZYXWZYXWZYXWZYXWZY)
08:03:33.880 [main] INFO  c.c.app.process.impl.Refmod2Impl.mainlineSplit2  876 - * 57* WS-2-3B-S        = (ABCDABCDABCDABCDABCDABCDABCDABZYXWZYXWZYXWZYXWZYXWZYXWZYXWZYXWZYXWZYXW)
08:03:33.880 [main] INFO  c.c.app.process.impl.Refmod2Impl.mainlineSplit2  878 - * 58*   WS-2-3B-S-FLD1 = (ABCDABCDABCDABCDABCDABCDABCDAB)
08:03:33.880 [main] INFO  c.c.app.process.impl.Refmod2Impl.mainlineSplit2  880 - * 59*   WS-2-3B-S-FLD2 = (ZYXWZYXWZYXWZYXWZYXWZYXWZYXWZYXWZYXWZYXW)
08:03:33.881 [main] INFO  c.c.app.process.impl.Refmod2Impl.mainlineSplit2  882 - * 60* WS-2-3B-T        = (ABCDABCDABCDABCDABCDABCDABCDABZYXWZYXWZYXWZYXWZYXWZYXWZYXWZYXWZYXWZYXW                    )
08:03:33.881 [main] INFO  c.c.app.process.impl.Refmod2Impl.mainlineSplit2  884 - * 61*   WS-2-3B-T-FLD1 = (ABCDABCDABCDABCDABCD)
08:03:33.882 [main] INFO  c.c.app.process.impl.Refmod2Impl.mainlineSplit2  886 - * 62*   WS-2-3B-T-FLD2 = (ABCDABCDABZYXWZYXWZYXWZYXWZYXWZYXWZYXWZY)
08:03:33.882 [main] INFO  c.c.app.process.impl.Refmod2Impl.mainlineSplit2  888 - * 63*   WS-2-3B-T-FLD3 = (XWZYXWZYXW                    )
08:03:33.883 [main] INFO  c.c.app.process.impl.Refmod2Impl.mainlineSplit2  907 - * 64* WS-2-3B-S        = (ABCDABCDABCDABCDABCDABCDABCDABZYXWZYXWZYXWZYXWZYXWZYXWZYXWZYXWZYXWZYXW)
08:03:33.883 [main] INFO  c.c.app.process.impl.Refmod2Impl.mainlineSplit2  909 - * 65*   WS-2-3B-S-FLD1 = (ABCDABCDABCDABCDABCDABCDABCDAB)
08:03:33.884 [main] INFO  c.c.app.process.impl.Refmod2Impl.mainlineSplit2  911 - * 66*   WS-2-3B-S-FLD2 = (ZYXWZYXWZYXWZYXWZYXWZYXWZYXWZYXWZYXWZYXW)
08:03:33.885 [main] INFO  c.c.app.process.impl.Refmod2Impl.mainlineSplit2  913 - * 67* WS-2-3B-T        = (ABCDABCDABCDABCDABCDABCDABCDABZYXWZYXWZYXWZYXWZYXWZYXWZYXWZYXWZYXWZYXW                    )
08:03:33.886 [main] INFO  c.c.app.process.impl.Refmod2Impl.mainlineSplit2  915 - * 68*   WS-2-3B-T-FLD1 = (ABCDABCDABCDABCDABCD)
08:03:33.886 [main] INFO  c.c.app.process.impl.Refmod2Impl.mainlineSplit2  917 - * 69*   WS-2-3B-T-FLD2 = (ABCDABCDABZYXWZYXWZYXWZYXWZYXWZYXWZYXWZY)
08:03:33.886 [main] INFO  c.c.app.process.impl.Refmod2Impl.mainlineSplit2  919 - * 70*   WS-2-3B-T-FLD3 = (XWZYXWZYXW                    )
08:03:33.887 [main] INFO  c.c.app.process.impl.Refmod2Impl.mainlineSplit2  934 - * 71* WS-2-4A-S        = (ABCDABCDABCDABCDABCDABCDABCDABCDABCDABCDABCDABCDABCDABCDABCDABCDABCDAB)
08:03:33.887 [main] INFO  c.c.app.process.impl.Refmod2Impl.mainlineSplit2  936 - * 72* WS-2-4A-T        = (ABCDABCDABCDABCDABCDABCDABCDABCDABCDABCDABCDABCDABCDABCDABCD)
08:03:33.887 [main] INFO  c.c.app.process.impl.Refmod2Impl.mainlineSplit2  938 - * 73*   WS-2-4A-T-FLD1 = (ABCDABCDABCDABCDABCD)
08:03:33.887 [main] INFO  c.c.app.process.impl.Refmod2Impl.mainlineSplit2  940 - * 74*   WS-2-4A-T-FLD2 = (ABCDABCDABCDABCDABCDABCDABCDABCDABCDABCD)
08:03:33.888 [main] INFO  c.c.app.process.impl.Refmod2Impl.mainlineSplit2  955 - * 75* WS-2-4A-S        = (ABCDABCDABCDABCDABCDABCDABCDABCDABCDABCDABCDABCDABCDABCDABCDABCDABCDAB)
08:03:33.888 [main] INFO  c.c.app.process.impl.Refmod2Impl.mainlineSplit2  957 - * 76* WS-2-4A-T        = (ABCDABCDABCDABCDABCDABCDABCDABCDABCDABCDABCDABCDABCDABCDABCD)
08:03:33.889 [main] INFO  c.c.app.process.impl.Refmod2Impl.mainlineSplit2  959 - * 77*   WS-2-4A-T-FLD1 = (ABCDABCDABCDABCDABCD)
08:03:33.889 [main] INFO  c.c.app.process.impl.Refmod2Impl.mainlineSplit2  961 - * 78*   WS-2-4A-T-FLD2 = (ABCDABCDABCDABCDABCDABCDABCDABCDABCDABCD)
08:03:33.889 [main] INFO  c.c.app.process.impl.Refmod2Impl.mainlineSplit2  978 - * 79* WS-2-4B-S        = (ABCDABCDABCDABCDABCDABCDABCDABCDABCDABCDABCDABCDABCDABCDABCDABCDABCDAB)
08:03:33.890 [main] INFO  c.c.app.process.impl.Refmod2Impl.mainlineSplit2  980 - * 80* WS-2-4B-T        = (ABCDABCDABCDABCDABCDABCDABCDABCDABCDABCDABCDABCDABCDABCDABCDABCDABCDAB                    )
08:03:33.891 [main] INFO  c.c.app.process.impl.Refmod2Impl.mainlineSplit3 1022 - * 81*   WS-2-4B-T-FLD1 = (ABCDABCDABCDABCDABCD)
08:03:33.891 [main] INFO  c.c.app.process.impl.Refmod2Impl.mainlineSplit3 1024 - * 82*   WS-2-4B-T-FLD2 = (ABCDABCDABCDABCDABCDABCDABCDABCDABCDABCD)
08:03:33.891 [main] INFO  c.c.app.process.impl.Refmod2Impl.mainlineSplit3 1026 - * 83*   WS-2-4B-T-FLD3 = (ABCDABCDAB                    )
08:03:33.893 [main] INFO  c.c.app.process.impl.Refmod2Impl.mainlineSplit3 1043 - * 84* WS-2-4B-S        = (ABCDABCDABCDABCDABCDABCDABCDABCDABCDABCDABCDABCDABCDABCDABCDABCDABCDAB)
08:03:33.893 [main] INFO  c.c.app.process.impl.Refmod2Impl.mainlineSplit3 1045 - * 85* WS-2-4B-T        = (ABCDABCDABCDABCDABCDABCDABCDABCDABCDABCDABCDABCDABCDABCDABCDABCDABCDAB                    )
08:03:33.893 [main] INFO  c.c.app.process.impl.Refmod2Impl.mainlineSplit3 1047 - * 86*   WS-2-4B-T-FLD1 = (ABCDABCDABCDABCDABCD)
08:03:33.894 [main] INFO  c.c.app.process.impl.Refmod2Impl.mainlineSplit3 1049 - * 87*   WS-2-4B-T-FLD2 = (ABCDABCDABCDABCDABCDABCDABCDABCDABCDABCD)
08:03:33.894 [main] INFO  c.c.app.process.impl.Refmod2Impl.mainlineSplit3 1051 - * 88*   WS-2-4B-T-FLD3 = (ABCDABCDAB                    )
08:03:33.894 [main] INFO  c.c.app.process.impl.Refmod2Impl.mainlineSplit3 1072 - * 89* WS-2-1A-S        = (ABCDABCDABCDABCDABCDABCDABCDABZYXWZYXWZYXWZYXWZYXWZYXWZYXWZYXWZYXWZYXW)
08:03:33.895 [main] INFO  c.c.app.process.impl.Refmod2Impl.mainlineSplit3 1074 - * 90*   WS-2-1A-S-FLD1 = (ABCDABCDABCDABCDABCDABCDABCDAB)
08:03:33.895 [main] INFO  c.c.app.process.impl.Refmod2Impl.mainlineSplit3 1076 - * 91*   WS-2-1A-S-FLD2 = (ZYXWZYXWZYXWZYXWZYXWZYXWZYXWZYXWZYXWZYXW)
08:03:33.895 [main] INFO  c.c.app.process.impl.Refmod2Impl.mainlineSplit3 1078 - * 92* WS-2-1A-T        = (    CDABCDABCDABCDABCDABCDABCDABZYXWZYXWZYXWZYXWZYXWZYXWZYX )
08:03:33.896 [main] INFO  c.c.app.process.impl.Refmod2Impl.mainlineSplit3 1080 - * 93*   WS-2-1A-T-FLD1 = (    CDABCDABCDABCDAB)
08:03:33.896 [main] INFO  c.c.app.process.impl.Refmod2Impl.mainlineSplit3 1082 - * 94*   WS-2-1A-T-FLD2 = (CDABCDABCDABZYXWZYXWZYXWZYXWZYXWZYXWZYX )
08:03:33.896 [main] INFO  c.c.app.process.impl.Refmod2Impl.mainlineSplit3 1101 - * 95* WS-2-1A-S        = (ABCDABCDABCDABCDABCDABCDABCDABZYXWZYXWZYXWZYXWZYXWZYXWZYXWZYXWZYXWZYXW)
08:03:33.898 [main] INFO  c.c.app.process.impl.Refmod2Impl.mainlineSplit3 1103 - * 96*   WS-2-1A-S-FLD1 = (ABCDABCDABCDABCDABCDABCDABCDAB)
08:03:33.899 [main] INFO  c.c.app.process.impl.Refmod2Impl.mainlineSplit3 1105 - * 97*   WS-2-1A-S-FLD2 = (ZYXWZYXWZYXWZYXWZYXWZYXWZYXWZYXWZYXWZYXW)
08:03:33.901 [main] INFO  c.c.app.process.impl.Refmod2Impl.mainlineSplit3 1107 - * 98* WS-2-1A-T        = (    CDABCDABCDABCDABCDABCDABCDABZYXWZYXWZYXWZYXWZYXWZYXWZYX )
08:03:33.903 [main] INFO  c.c.app.process.impl.Refmod2Impl.mainlineSplit3 1109 - * 99*   WS-2-1A-T-FLD1 = (    CDABCDABCDABCDAB)
08:03:33.903 [main] INFO  c.c.app.process.impl.Refmod2Impl.mainlineSplit3 1111 - *100*   WS-2-1A-T-FLD2 = (CDABCDABCDABZYXWZYXWZYXWZYXWZYXWZYXWZYX )
08:03:33.904 [main] INFO  c.c.app.process.impl.Refmod2Impl.mainlineSplit3 1130 - *101* WS-2-1B-S        = (ABCDABCDABCDABCDABCDABCDABCDABZYXWZYXWZYXWZYXWZYXWZYXWZYXWZYXWZYXWZYXW)
08:03:33.904 [main] INFO  c.c.app.process.impl.Refmod2Impl.mainlineSplit3 1132 - *102*   WS-2-1B-S-FLD1 = (ABCDABCDABCDABCDABCDABCDABCDAB)
08:03:33.904 [main] INFO  c.c.app.process.impl.Refmod2Impl.mainlineSplit3 1134 - *103*   WS-2-1B-S-FLD2 = (ZYXWZYXWZYXWZYXWZYXWZYXWZYXWZYXWZYXWZYXW)
08:03:33.904 [main] INFO  c.c.app.process.impl.Refmod2Impl.mainlineSplit3 1136 - *104* WS-2-1B-T        = (    CDABCDABCDABCDABCDABCDABCDABZYXWZYXWZYXWZYXWZYXWZYXWZYXWZYXWZYXWZYX                  N)
08:03:33.905 [main] INFO  c.c.app.process.impl.Refmod2Impl.mainlineSplit3 1138 - *105*   WS-2-1B-T-FLD1 = (    CDABCDABCDABCDAB)
08:03:33.905 [main] INFO  c.c.app.process.impl.Refmod2Impl.mainlineSplit3 1140 - *106*   WS-2-1B-T-FLD2 = (CDABCDABCDABZYXWZYXWZYXWZYXWZYXWZYXWZYXW)
08:03:33.905 [main] INFO  c.c.app.process.impl.Refmod2Impl.mainlineSplit3 1142 - *107*   WS-2-1B-T-FLD3 = (ZYXWZYXWZYX                  N)
08:03:33.907 [main] INFO  c.c.app.process.impl.Refmod2Impl.mainlineSplit4 1206 - *108* WS-2-1B-S        = (ABCDABCDABCDABCDABCDABCDABCDABZYXWZYXWZYXWZYXWZYXWZYXWZYXWZYXWZYXWZYXW)
08:03:33.908 [main] INFO  c.c.app.process.impl.Refmod2Impl.mainlineSplit4 1208 - *109*   WS-2-1B-S-FLD1 = (ABCDABCDABCDABCDABCDABCDABCDAB)
08:03:33.908 [main] INFO  c.c.app.process.impl.Refmod2Impl.mainlineSplit4 1210 - *110*   WS-2-1B-S-FLD2 = (ZYXWZYXWZYXWZYXWZYXWZYXWZYXWZYXWZYXWZYXW)
08:03:33.908 [main] INFO  c.c.app.process.impl.Refmod2Impl.mainlineSplit4 1212 - *111* WS-2-1B-T        = (    CDABCDABCDABCDABCDABCDABCDABZYXWZYXWZYXWZYXWZYXWZYXWZYXWZYXWZYXWZYX                  N)
08:03:33.908 [main] INFO  c.c.app.process.impl.Refmod2Impl.mainlineSplit4 1214 - *112*   WS-2-1B-T-FLD1 = (    CDABCDABCDABCDAB)
08:03:33.909 [main] INFO  c.c.app.process.impl.Refmod2Impl.mainlineSplit4 1216 - *113*   WS-2-1B-T-FLD2 = (CDABCDABCDABZYXWZYXWZYXWZYXWZYXWZYXWZYXW)
08:03:33.909 [main] INFO  c.c.app.process.impl.Refmod2Impl.mainlineSplit4 1218 - *114*   WS-2-1B-T-FLD3 = (ZYXWZYXWZYX                  N)
08:03:33.910 [main] INFO  c.c.app.process.impl.Refmod2Impl.mainlineSplit4 1233 - *115* WS-2-2A-S        = (ABCDABCDABCDABCDABCDABCDABCDABCDABCDABCDABCDABCDABCDABCDABCDABCDABCDAB)
08:03:33.910 [main] INFO  c.c.app.process.impl.Refmod2Impl.mainlineSplit4 1235 - *116* WS-2-2A-T        = (    CDABCDABCDABCDABCDABCDABCDABCDABCDABCDABCDABCDABCDABCDA )
08:03:33.910 [main] INFO  c.c.app.process.impl.Refmod2Impl.mainlineSplit4 1237 - *117*   WS-2-2A-T-FLD1 = (    CDABCDABCDABCDAB)
08:03:33.911 [main] INFO  c.c.app.process.impl.Refmod2Impl.mainlineSplit4 1239 - *118*   WS-2-2A-T-FLD2 = (CDABCDABCDABCDABCDABCDABCDABCDABCDABCDA )
08:03:33.911 [main] INFO  c.c.app.process.impl.Refmod2Impl.mainlineSplit4 1260 - *119* WS-2-2A-S        = (ABCDABCDABCDABCDABCDABCDABCDABCDABCDABCDABCDABCDABCDABCDABCDABCDABCDAB)
08:03:33.911 [main] INFO  c.c.app.process.impl.Refmod2Impl.mainlineSplit4 1262 - *120* WS-2-2A-T        = (    CDABCDABCDABCDABCDABCDABCDABCDABCDABCDABCDABCDABCDABCDA )
08:03:33.912 [main] INFO  c.c.app.process.impl.Refmod2Impl.mainlineSplit4 1264 - *121*   WS-2-2A-T-FLD1 = (    CDABCDABCDABCDAB)
08:03:33.912 [main] INFO  c.c.app.process.impl.Refmod2Impl.mainlineSplit4 1266 - *122*   WS-2-2A-T-FLD2 = (CDABCDABCDABCDABCDABCDABCDABCDABCDABCDA )
08:03:33.912 [main] INFO  c.c.app.process.impl.Refmod2Impl.mainlineSplit4 1283 - *123* WS-2-2B-S        = (ABCDABCDABCDABCDABCDABCDABCDABCDABCDABCDABCDABCDABCDABCDABCDABCDABCDAB)
08:03:33.913 [main] INFO  c.c.app.process.impl.Refmod2Impl.mainlineSplit4 1285 - *124* WS-2-2B-T        = (    CDABCDABCDABCDABCDABCDABCDABCDABCDABCDABCDABCDABCDABCDABCDABCDABCDA                  N)
08:03:33.913 [main] INFO  c.c.app.process.impl.Refmod2Impl.mainlineSplit4 1287 - *125*   WS-2-2B-T-FLD1 = (    CDABCDABCDABCDAB)
08:03:33.913 [main] INFO  c.c.app.process.impl.Refmod2Impl.mainlineSplit4 1289 - *126*   WS-2-2B-T-FLD2 = (CDABCDABCDABCDABCDABCDABCDABCDABCDABCDAB)
08:03:33.914 [main] INFO  c.c.app.process.impl.Refmod2Impl.mainlineSplit4 1291 - *127*   WS-2-2B-T-FLD3 = (CDABCDABCDA                  N)
08:03:33.914 [main] INFO  c.c.app.process.impl.Refmod2Impl.mainlineSplit4 1314 - *128* WS-2-2B-S        = (ABCDABCDABCDABCDABCDABCDABCDABCDABCDABCDABCDABCDABCDABCDABCDABCDABCDAB)
08:03:33.915 [main] INFO  c.c.app.process.impl.Refmod2Impl.mainlineSplit4 1316 - *129* WS-2-2B-T        = (    CDABCDABCDABCDABCDABCDABCDABCDABCDABCDABCDABCDABCDABCDABCDABCDABCDA                  N)
08:03:33.915 [main] INFO  c.c.app.process.impl.Refmod2Impl.mainlineSplit4 1318 - *130*   WS-2-2B-T-FLD1 = (    CDABCDABCDABCDAB)
08:03:33.915 [main] INFO  c.c.app.process.impl.Refmod2Impl.mainlineSplit4 1320 - *131*   WS-2-2B-T-FLD2 = (CDABCDABCDABCDABCDABCDABCDABCDABCDABCDAB)
08:03:33.916 [main] INFO  c.c.app.process.impl.Refmod2Impl.mainlineSplit5 1358 - *132*   WS-2-2B-T-FLD3 = (CDABCDABCDA                  N)
08:03:33.917 [main] INFO  c.c.app.process.impl.Refmod2Impl.mainlineSplit5 1375 - *133* WS-2-3A-S        = (ABCDABCDABCDABCDABCDABCDABCDABZYXWZYXWZYXWZYXWZYXWZYXWZYXWZYXWZYXWZYXW)
08:03:33.918 [main] INFO  c.c.app.process.impl.Refmod2Impl.mainlineSplit5 1377 - *134*   WS-2-3A-S-FLD1 = (ABCDABCDABCDABCDABCDABCDABCDAB)
08:03:33.918 [main] INFO  c.c.app.process.impl.Refmod2Impl.mainlineSplit5 1379 - *135*   WS-2-3A-S-FLD2 = (ZYXWZYXWZYXWZYXWZYXWZYXWZYXWZYXWZYXWZYXW)
08:03:33.918 [main] INFO  c.c.app.process.impl.Refmod2Impl.mainlineSplit5 1381 - *136* WS-2-3A-T        = (    ABCDABCDABCDABCDABCDABCDABCDABZYXWZYXWZYXWZYXWZYXWZYXWZ )
08:03:33.918 [main] INFO  c.c.app.process.impl.Refmod2Impl.mainlineSplit5 1383 - *137*   WS-2-3A-T-FLD1 = (    ABCDABCDABCDABCD)
08:03:33.919 [main] INFO  c.c.app.process.impl.Refmod2Impl.mainlineSplit5 1385 - *138*   WS-2-3A-T-FLD2 = (ABCDABCDABCDABZYXWZYXWZYXWZYXWZYXWZYXWZ )
08:03:33.919 [main] INFO  c.c.app.process.impl.Refmod2Impl.mainlineSplit5 1404 - *139* WS-2-3A-S        = (ABCDABCDABCDABCDABCDABCDABCDABZYXWZYXWZYXWZYXWZYXWZYXWZYXWZYXWZYXWZYXW)
08:03:33.919 [main] INFO  c.c.app.process.impl.Refmod2Impl.mainlineSplit5 1406 - *140*   WS-2-3A-S-FLD1 = (ABCDABCDABCDABCDABCDABCDABCDAB)
08:03:33.919 [main] INFO  c.c.app.process.impl.Refmod2Impl.mainlineSplit5 1408 - *141*   WS-2-3A-S-FLD2 = (ZYXWZYXWZYXWZYXWZYXWZYXWZYXWZYXWZYXWZYXW)
08:03:33.920 [main] INFO  c.c.app.process.impl.Refmod2Impl.mainlineSplit5 1410 - *142* WS-2-3A-T        = (    ABCDABCDABCDABCDABCDABCDABCDABZYXWZYXWZYXWZYXWZYXWZYXWZ )
08:03:33.920 [main] INFO  c.c.app.process.impl.Refmod2Impl.mainlineSplit5 1412 - *143*   WS-2-3A-T-FLD1 = (    ABCDABCDABCDABCD)
08:03:33.920 [main] INFO  c.c.app.process.impl.Refmod2Impl.mainlineSplit5 1414 - *144*   WS-2-3A-T-FLD2 = (ABCDABCDABCDABZYXWZYXWZYXWZYXWZYXWZYXWZ )
08:03:33.921 [main] INFO  c.c.app.process.impl.Refmod2Impl.mainlineSplit5 1433 - *145* WS-2-3B-S        = (ABCDABCDABCDABCDABCDABCDABCDABZYXWZYXWZYXWZYXWZYXWZYXWZYXWZYXWZYXWZYXW)
08:03:33.921 [main] INFO  c.c.app.process.impl.Refmod2Impl.mainlineSplit5 1435 - *146*   WS-2-3B-S-FLD1 = (ABCDABCDABCDABCDABCDABCDABCDAB)
08:03:33.921 [main] INFO  c.c.app.process.impl.Refmod2Impl.mainlineSplit5 1437 - *147*   WS-2-3B-S-FLD2 = (ZYXWZYXWZYXWZYXWZYXWZYXWZYXWZYXWZYXWZYXW)
08:03:33.921 [main] INFO  c.c.app.process.impl.Refmod2Impl.mainlineSplit5 1439 - *148* WS-2-3B-T        = (    ABCDABCDABCDABCDABCDABCDABCDABZYXWZYXWZYXWZYXWZYXWZYXWZYXWZYXWZYXWZYXW               N)
08:03:33.922 [main] INFO  c.c.app.process.impl.Refmod2Impl.mainlineSplit5 1441 - *149*   WS-2-3B-T-FLD1 = (    ABCDABCDABCDABCD)
08:03:33.922 [main] INFO  c.c.app.process.impl.Refmod2Impl.mainlineSplit5 1443 - *150*   WS-2-3B-T-FLD2 = (ABCDABCDABCDABZYXWZYXWZYXWZYXWZYXWZYXWZY)
08:03:33.923 [main] INFO  c.c.app.process.impl.Refmod2Impl.mainlineSplit5 1445 - *151*   WS-2-3B-T-FLD3 = (XWZYXWZYXWZYXW               N)
08:03:33.923 [main] INFO  c.c.app.process.impl.Refmod2Impl.mainlineSplit5 1466 - *152* WS-2-3B-S        = (ABCDABCDABCDABCDABCDABCDABCDABZYXWZYXWZYXWZYXWZYXWZYXWZYXWZYXWZYXWZYXW)
08:03:33.924 [main] INFO  c.c.app.process.impl.Refmod2Impl.mainlineSplit5 1468 - *153*   WS-2-3B-S-FLD1 = (ABCDABCDABCDABCDABCDABCDABCDAB)
08:03:33.924 [main] INFO  c.c.app.process.impl.Refmod2Impl.mainlineSplit5 1470 - *154*   WS-2-3B-S-FLD2 = (ZYXWZYXWZYXWZYXWZYXWZYXWZYXWZYXWZYXWZYXW)
08:03:33.924 [main] INFO  c.c.app.process.impl.Refmod2Impl.mainlineSplit5 1472 - *155* WS-2-3B-T        = (    ABCDABCDABCDABCDABCDABCDABCDABZYXWZYXWZYXWZYXWZYXWZYXWZYXWZYXWZYXWZYXW               N)
08:03:33.924 [main] INFO  c.c.app.process.impl.Refmod2Impl.mainlineSplit5 1474 - *156*   WS-2-3B-T-FLD1 = (    ABCDABCDABCDABCD)
08:03:33.925 [main] INFO  c.c.app.process.impl.Refmod2Impl.mainlineSplit5 1476 - *157*   WS-2-3B-T-FLD2 = (ABCDABCDABCDABZYXWZYXWZYXWZYXWZYXWZYXWZY)
08:03:33.925 [main] INFO  c.c.app.process.impl.Refmod2Impl.mainlineSplit5 1478 - *158*   WS-2-3B-T-FLD3 = (XWZYXWZYXWZYXW               N)
08:03:33.926 [main] INFO  c.c.app.process.impl.Refmod2Impl.mainlineSplit6 1531 - *159* WS-2-4A-S        = (ABCDABCDABCDABCDABCDABCDABCDABCDABCDABCDABCDABCDABCDABCDABCDABCDABCDAB)
08:03:33.927 [main] INFO  c.c.app.process.impl.Refmod2Impl.mainlineSplit6 1533 - *160* WS-2-4A-T        = (    ABCDABCDABCDABCDABCDABCDABCDABCDABCDABCDABCDABCDABCDABC )
08:03:33.927 [main] INFO  c.c.app.process.impl.Refmod2Impl.mainlineSplit6 1535 - *161*   WS-2-4A-T-FLD1 = (    ABCDABCDABCDABCD)
08:03:33.927 [main] INFO  c.c.app.process.impl.Refmod2Impl.mainlineSplit6 1537 - *162*   WS-2-4A-T-FLD2 = (ABCDABCDABCDABCDABCDABCDABCDABCDABCDABC )
08:03:33.927 [main] INFO  c.c.app.process.impl.Refmod2Impl.mainlineSplit6 1554 - *163* WS-2-4A-S        = (ABCDABCDABCDABCDABCDABCDABCDABCDABCDABCDABCDABCDABCDABCDABCDABCDABCDAB)
08:03:33.928 [main] INFO  c.c.app.process.impl.Refmod2Impl.mainlineSplit6 1556 - *164* WS-2-4A-T        = (    ABCDABCDABCDABCDABCDABCDABCDABCDABCDABCDABCDABCDABCDABC )
08:03:33.928 [main] INFO  c.c.app.process.impl.Refmod2Impl.mainlineSplit6 1558 - *165*   WS-2-4A-T-FLD1 = (    ABCDABCDABCDABCD)
08:03:33.928 [main] INFO  c.c.app.process.impl.Refmod2Impl.mainlineSplit6 1560 - *166*   WS-2-4A-T-FLD2 = (ABCDABCDABCDABCDABCDABCDABCDABCDABCDABC )
08:03:33.928 [main] INFO  c.c.app.process.impl.Refmod2Impl.mainlineSplit6 1577 - *167* WS-2-4B-S        = (ABCDABCDABCDABCDABCDABCDABCDABCDABCDABCDABCDABCDABCDABCDABCDABCDABCDAB)
08:03:33.929 [main] INFO  c.c.app.process.impl.Refmod2Impl.mainlineSplit6 1579 - *168* WS-2-4B-T        = (    ABCDABCDABCDABCDABCDABCDABCDABCDABCDABCDABCDABCDABCDABCDABCDABCDABCDAB               N)
08:03:33.929 [main] INFO  c.c.app.process.impl.Refmod2Impl.mainlineSplit6 1581 - *169*   WS-2-4B-T-FLD1 = (    ABCDABCDABCDABCD)
08:03:33.929 [main] INFO  c.c.app.process.impl.Refmod2Impl.mainlineSplit6 1583 - *170*   WS-2-4B-T-FLD2 = (ABCDABCDABCDABCDABCDABCDABCDABCDABCDABCD)
08:03:33.929 [main] INFO  c.c.app.process.impl.Refmod2Impl.mainlineSplit6 1585 - *171*   WS-2-4B-T-FLD3 = (ABCDABCDABCDAB               N)
08:03:33.930 [main] INFO  c.c.app.process.impl.Refmod2Impl.mainlineSplit6 1604 - *172* WS-2-4B-S        = (ABCDABCDABCDABCDABCDABCDABCDABCDABCDABCDABCDABCDABCDABCDABCDABCDABCDAB)
08:03:33.930 [main] INFO  c.c.app.process.impl.Refmod2Impl.mainlineSplit6 1606 - *173* WS-2-4B-T        = (    ABCDABCDABCDABCDABCDABCDABCDABCDABCDABCDABCDABCDABCDABCDABCDABCDABCDAB               N)
08:03:33.930 [main] INFO  c.c.app.process.impl.Refmod2Impl.mainlineSplit6 1608 - *174*   WS-2-4B-T-FLD1 = (    ABCDABCDABCDABCD)
08:03:33.930 [main] INFO  c.c.app.process.impl.Refmod2Impl.mainlineSplit6 1610 - *175*   WS-2-4B-T-FLD2 = (ABCDABCDABCDABCDABCDABCDABCDABCDABCDABCD)
08:03:33.931 [main] INFO  c.c.app.process.impl.Refmod2Impl.mainlineSplit6 1612 - *176*   WS-2-4B-T-FLD3 = (ABCDABCDABCDAB               N)
08:03:33.931 [main] INFO  c.c.app.process.impl.Refmod2Impl.mainlineSplit6 1629 - *177* WS-2-5A-S-GRP    = (***ABCDABCDABCDABCDABCDABCDABCDABZYXWZYXWZYXWZYXWZYXWZYXWZYXWZYXWZYXWZYXW)
08:03:33.931 [main] INFO  c.c.app.process.impl.Refmod2Impl.mainlineSplit6 1631 - *178* WS-2-5A-S        = (ABCDABCDABCDABCDABCDABCDABCDABZYXWZYXWZYXWZYXWZYXWZYXWZYXWZYXWZYXWZYXW)
08:03:33.932 [main] INFO  c.c.app.process.impl.Refmod2Impl.mainlineSplit6 1633 - *179*   WS-2-5A-S-FLD1 = (ABCDABCDABCDABCDABCDABCDABCDAB)
08:03:33.932 [main] INFO  c.c.app.process.impl.Refmod2Impl.mainlineSplit6 1635 - *180*   WS-2-5A-S-FLD2 = (ZYXWZYXWZYXWZYXWZYXWZYXWZYXWZYXWZYXWZYXW)
08:03:33.932 [main] INFO  c.c.app.process.impl.Refmod2Impl.mainlineSplit6 1637 - *181* WS-2-5A-T        = (ABCDABCDABCDABCDABCDABCDABCDABZYXWZYXWZYXWZYXWZYXWZYXWZYXWZY)
08:03:33.932 [main] INFO  c.c.app.process.impl.Refmod2Impl.mainlineSplit6 1639 - *182*   WS-2-5A-T-FLD1 = (ABCDABCDABCDABCDABCD)
08:03:33.933 [main] INFO  c.c.app.process.impl.Refmod2Impl.mainlineSplit6 1641 - *183*   WS-2-5A-T-FLD2 = (ABCDABCDABZYXWZYXWZYXWZYXWZYXWZYXWZYXWZY)
08:03:33.935 [main] INFO  c.c.app.process.impl.Refmod2Impl.mainlineSplit7 1705 - *184* WS-2-5A-S-GRP    = (***ABCDABCDABCDABCDABCDABCDABCDABZYXWZYXWZYXWZYXWZYXWZYXWZYXWZYXWZYXWZYXW)
08:03:33.935 [main] INFO  c.c.app.process.impl.Refmod2Impl.mainlineSplit7 1707 - *185* WS-2-5A-S        = (ABCDABCDABCDABCDABCDABCDABCDABZYXWZYXWZYXWZYXWZYXWZYXWZYXWZYXWZYXWZYXW)
08:03:33.935 [main] INFO  c.c.app.process.impl.Refmod2Impl.mainlineSplit7 1709 - *186*   WS-2-5A-S-FLD1 = (ABCDABCDABCDABCDABCDABCDABCDAB)
08:03:33.936 [main] INFO  c.c.app.process.impl.Refmod2Impl.mainlineSplit7 1711 - *187*   WS-2-5A-S-FLD2 = (ZYXWZYXWZYXWZYXWZYXWZYXWZYXWZYXWZYXWZYXW)
08:03:33.936 [main] INFO  c.c.app.process.impl.Refmod2Impl.mainlineSplit7 1713 - *188* WS-2-5A-T        = (ABCDABCDABCDABCDABCDABCDABCDABZYXWZYXWZYXWZYXWZYXWZYXWZYXWZY)
08:03:33.936 [main] INFO  c.c.app.process.impl.Refmod2Impl.mainlineSplit7 1715 - *189*   WS-2-5A-T-FLD1 = (ABCDABCDABCDABCDABCD)
08:03:33.936 [main] INFO  c.c.app.process.impl.Refmod2Impl.mainlineSplit7 1717 - *190*   WS-2-5A-T-FLD2 = (ABCDABCDABZYXWZYXWZYXWZYXWZYXWZYXWZYXWZY)
08:03:33.937 [main] INFO  c.c.app.process.impl.Refmod2Impl.mainlineSplit7 1736 - *191* WS-2-5B-S-GRP    = (***ABCDABCDABCDABCDABCDABCDABCDABZYXWZYXWZYXWZYXWZYXWZYXWZYXWZYXWZYXWZYXW)
08:03:33.937 [main] INFO  c.c.app.process.impl.Refmod2Impl.mainlineSplit7 1738 - *192* WS-2-5B-S        = (ABCDABCDABCDABCDABCDABCDABCDABZYXWZYXWZYXWZYXWZYXWZYXWZYXWZYXWZYXWZYXW)
08:03:33.938 [main] INFO  c.c.app.process.impl.Refmod2Impl.mainlineSplit7 1740 - *193*   WS-2-5B-S-FLD1 = (ABCDABCDABCDABCDABCDABCDABCDAB)
08:03:33.938 [main] INFO  c.c.app.process.impl.Refmod2Impl.mainlineSplit7 1742 - *194*   WS-2-5B-S-FLD2 = (ZYXWZYXWZYXWZYXWZYXWZYXWZYXWZYXWZYXWZYXW)
08:03:33.938 [main] INFO  c.c.app.process.impl.Refmod2Impl.mainlineSplit7 1744 - *195* WS-2-5B-T        = (ABCDABCDABCDABCDABCDABCDABCDABZYXWZYXWZYXWZYXWZYXWZYXWZYXWZYXWZYXWZYXW                    )
08:03:33.939 [main] INFO  c.c.app.process.impl.Refmod2Impl.mainlineSplit7 1746 - *196*   WS-2-5B-T-FLD1 = (ABCDABCDABCDABCDABCD)
08:03:33.939 [main] INFO  c.c.app.process.impl.Refmod2Impl.mainlineSplit7 1748 - *197*   WS-2-5B-T-FLD2 = (ABCDABCDABZYXWZYXWZYXWZYXWZYXWZYXWZYXWZY)
08:03:33.939 [main] INFO  c.c.app.process.impl.Refmod2Impl.mainlineSplit7 1750 - *198*   WS-2-5B-T-FLD3 = (XWZYXWZYXW                    )
08:03:33.940 [main] INFO  c.c.app.process.impl.Refmod2Impl.mainlineSplit7 1771 - *199* WS-2-5B-S-GRP    = (***ABCDABCDABCDABCDABCDABCDABCDABZYXWZYXWZYXWZYXWZYXWZYXWZYXWZYXWZYXWZYXW)
08:03:33.940 [main] INFO  c.c.app.process.impl.Refmod2Impl.mainlineSplit7 1773 - *200* WS-2-5B-S        = (ABCDABCDABCDABCDABCDABCDABCDABZYXWZYXWZYXWZYXWZYXWZYXWZYXWZYXWZYXWZYXW)
08:03:33.940 [main] INFO  c.c.app.process.impl.Refmod2Impl.mainlineSplit7 1775 - *201*   WS-2-5B-S-FLD1 = (ABCDABCDABCDABCDABCDABCDABCDAB)
08:03:33.941 [main] INFO  c.c.app.process.impl.Refmod2Impl.mainlineSplit7 1777 - *202*   WS-2-5B-S-FLD2 = (ZYXWZYXWZYXWZYXWZYXWZYXWZYXWZYXWZYXWZYXW)
08:03:33.941 [main] INFO  c.c.app.process.impl.Refmod2Impl.mainlineSplit7 1779 - *203* WS-2-5B-T        = (ABCDABCDABCDABCDABCDABCDABCDABZYXWZYXWZYXWZYXWZYXWZYXWZYXWZYXWZYXWZYXW                    )
08:03:33.941 [main] INFO  c.c.app.process.impl.Refmod2Impl.mainlineSplit7 1781 - *204*   WS-2-5B-T-FLD1 = (ABCDABCDABCDABCDABCD)
08:03:33.942 [main] INFO  c.c.app.process.impl.Refmod2Impl.mainlineSplit7 1783 - *205*   WS-2-5B-T-FLD2 = (ABCDABCDABZYXWZYXWZYXWZYXWZYXWZYXWZYXWZY)
08:03:33.942 [main] INFO  c.c.app.process.impl.Refmod2Impl.mainlineSplit7 1785 - *206*   WS-2-5B-T-FLD3 = (XWZYXWZYXW                    )
08:03:33.942 [main] INFO  c.c.app.process.impl.Refmod2Impl.mainlineSplit7 1800 - *207* WS-2-6A-S-GRP    = (***ABCDABCDABCDABCDABCDABCDABCDABCDABCDABCDABCDABCDABCDABCDABCDABCDABCDAB)
08:03:33.943 [main] INFO  c.c.app.process.impl.Refmod2Impl.mainlineSplit7 1802 - *208* WS-2-6A-S        = (ABCDABCDABCDABCDABCDABCDABCDABCDABCDABCDABCDABCDABCDABCDABCDABCDABCDAB)
08:03:33.943 [main] INFO  c.c.app.process.impl.Refmod2Impl.mainlineSplit7 1804 - *209* WS-2-6A-T        = (ABCDABCDABCDABCDABCDABCDABCDABCDABCDABCDABCDABCDABCDABCDABCD)
08:03:33.943 [main] INFO  c.c.app.process.impl.Refmod2Impl.mainlineSplit7 1806 - *210*   WS-2-6A-T-FLD1 = (ABCDABCDABCDABCDABCD)
08:03:33.944 [main] INFO  c.c.app.process.impl.Refmod2Impl.mainlineSplit7 1808 - *211*   WS-2-6A-T-FLD2 = (ABCDABCDABCDABCDABCDABCDABCDABCDABCDABCD)
08:03:33.944 [main] INFO  c.c.app.process.impl.Refmod2Impl.mainlineSplit7 1825 - *212* WS-2-6A-S-GRP    = (***ABCDABCDABCDABCDABCDABCDABCDABCDABCDABCDABCDABCDABCDABCDABCDABCDABCDAB)
08:03:33.944 [main] INFO  c.c.app.process.impl.Refmod2Impl.mainlineSplit7 1827 - *213* WS-2-6A-S        = (ABCDABCDABCDABCDABCDABCDABCDABCDABCDABCDABCDABCDABCDABCDABCDABCDABCDAB)
08:03:33.945 [main] INFO  c.c.app.process.impl.Refmod2Impl.mainlineSplit7 1829 - *214* WS-2-6A-T        = (ABCDABCDABCDABCDABCDABCDABCDABCDABCDABCDABCDABCDABCDABCDABCD)
08:03:33.947 [main] INFO  c.c.app.process.impl.Refmod2Impl.mainlineSplit8 1875 - *215*   WS-2-6A-T-FLD1 = (ABCDABCDABCDABCDABCD)
08:03:33.947 [main] INFO  c.c.app.process.impl.Refmod2Impl.mainlineSplit8 1877 - *216*   WS-2-6A-T-FLD2 = (ABCDABCDABCDABCDABCDABCDABCDABCDABCDABCD)
08:03:33.948 [main] INFO  c.c.app.process.impl.Refmod2Impl.mainlineSplit8 1893 - *217* WS-2-6B-S-GRP    = (***ABCDABCDABCDABCDABCDABCDABCDABCDABCDABCDABCDABCDABCDABCDABCDABCDABCDAB)
08:03:33.948 [main] INFO  c.c.app.process.impl.Refmod2Impl.mainlineSplit8 1895 - *218* WS-2-6B-S        = (ABCDABCDABCDABCDABCDABCDABCDABCDABCDABCDABCDABCDABCDABCDABCDABCDABCDAB)
08:03:33.948 [main] INFO  c.c.app.process.impl.Refmod2Impl.mainlineSplit8 1897 - *219* WS-2-6B-T        = (ABCDABCDABCDABCDABCDABCDABCDABCDABCDABCDABCDABCDABCDABCDABCDABCDABCDAB                    )
08:03:33.948 [main] INFO  c.c.app.process.impl.Refmod2Impl.mainlineSplit8 1899 - *220*   WS-2-6B-T-FLD1 = (ABCDABCDABCDABCDABCD)
08:03:33.949 [main] INFO  c.c.app.process.impl.Refmod2Impl.mainlineSplit8 1901 - *221*   WS-2-6B-T-FLD2 = (ABCDABCDABCDABCDABCDABCDABCDABCDABCDABCD)
08:03:33.949 [main] INFO  c.c.app.process.impl.Refmod2Impl.mainlineSplit8 1903 - *222*   WS-2-6B-T-FLD3 = (ABCDABCDAB                    )
08:03:33.950 [main] INFO  c.c.app.process.impl.Refmod2Impl.mainlineSplit8 1922 - *223* WS-2-6B-S-GRP    = (***ABCDABCDABCDABCDABCDABCDABCDABCDABCDABCDABCDABCDABCDABCDABCDABCDABCDAB)
08:03:33.950 [main] INFO  c.c.app.process.impl.Refmod2Impl.mainlineSplit8 1924 - *224* WS-2-6B-S        = (ABCDABCDABCDABCDABCDABCDABCDABCDABCDABCDABCDABCDABCDABCDABCDABCDABCDAB)
08:03:33.950 [main] INFO  c.c.app.process.impl.Refmod2Impl.mainlineSplit8 1926 - *225* WS-2-6B-T        = (ABCDABCDABCDABCDABCDABCDABCDABCDABCDABCDABCDABCDABCDABCDABCDABCDABCDAB                    )
08:03:33.950 [main] INFO  c.c.app.process.impl.Refmod2Impl.mainlineSplit8 1928 - *226*   WS-2-6B-T-FLD1 = (ABCDABCDABCDABCDABCD)
08:03:33.951 [main] INFO  c.c.app.process.impl.Refmod2Impl.mainlineSplit8 1930 - *227*   WS-2-6B-T-FLD2 = (ABCDABCDABCDABCDABCDABCDABCDABCDABCDABCD)
08:03:33.951 [main] INFO  c.c.app.process.impl.Refmod2Impl.mainlineSplit8 1932 - *228*   WS-2-6B-T-FLD3 = (ABCDABCDAB                    )
08:03:33.951 [main] INFO  c.c.app.process.impl.Refmod2Impl.mainlineSplit8 1949 - *229* WS-2-7A-S        = (ABCDABCDABCDABCDABCDABCDABCDABZYXWZYXWZYXWZYXWZYXWZYXWZYXWZYXWZYXWZYXW)
08:03:33.952 [main] INFO  c.c.app.process.impl.Refmod2Impl.mainlineSplit8 1951 - *230*   WS-2-7A-S-FLD1 = (ABCDABCDABCDABCDABCDABCDABCDAB)
08:03:33.952 [main] INFO  c.c.app.process.impl.Refmod2Impl.mainlineSplit8 1953 - *231*   WS-2-7A-S-FLD2 = (ZYXWZYXWZYXWZYXWZYXWZYXWZYXWZYXWZYXWZYXW)
08:03:33.952 [main] INFO  c.c.app.process.impl.Refmod2Impl.mainlineSplit8 1955 - *232* WS-2-7A-T-GRP    = (*****ABCDABCDABCDABCDABCDABCDABCDABZYXWZYXWZYXWZYXWZYXWZYXWZYXWZY)
08:03:33.952 [main] INFO  c.c.app.process.impl.Refmod2Impl.mainlineSplit8 1957 - *233* WS-2-7A-T        = (ABCDABCDABCDABCDABCDABCDABCDABZYXWZYXWZYXWZYXWZYXWZYXWZYXWZY)
08:03:33.953 [main] INFO  c.c.app.process.impl.Refmod2Impl.mainlineSplit8 1959 - *234*   WS-2-7A-T-FLD1 = (ABCDABCDABCDABCDABCD)
08:03:33.953 [main] INFO  c.c.app.process.impl.Refmod2Impl.mainlineSplit8 1961 - *235*   WS-2-7A-T-FLD2 = (ABCDABCDABZYXWZYXWZYXWZYXWZYXWZYXWZYXWZY)
08:03:33.953 [main] INFO  c.c.app.process.impl.Refmod2Impl.mainlineSplit8 1980 - *236* WS-2-7A-S        = (ABCDABCDABCDABCDABCDABCDABCDABZYXWZYXWZYXWZYXWZYXWZYXWZYXWZYXWZYXWZYXW)
08:03:33.953 [main] INFO  c.c.app.process.impl.Refmod2Impl.mainlineSplit8 1982 - *237*   WS-2-7A-S-FLD1 = (ABCDABCDABCDABCDABCDABCDABCDAB)
08:03:33.954 [main] INFO  c.c.app.process.impl.Refmod2Impl.mainlineSplit8 1984 - *238*   WS-2-7A-S-FLD2 = (ZYXWZYXWZYXWZYXWZYXWZYXWZYXWZYXWZYXWZYXW)
08:03:33.954 [main] INFO  c.c.app.process.impl.Refmod2Impl.mainlineSplit8 1986 - *239* WS-2-7A-T-GRP    = (*****ABCDABCDABCDABCDABCDABCDABCDABZYXWZYXWZYXWZYXWZYXWZYXWZYXWZY)
08:03:33.954 [main] INFO  c.c.app.process.impl.Refmod2Impl.mainlineSplit8 1988 - *240* WS-2-7A-T        = (ABCDABCDABCDABCDABCDABCDABCDABZYXWZYXWZYXWZYXWZYXWZYXWZYXWZY)
08:03:33.954 [main] INFO  c.c.app.process.impl.Refmod2Impl.mainlineSplit8 1990 - *241*   WS-2-7A-T-FLD1 = (ABCDABCDABCDABCDABCD)
08:03:33.955 [main] INFO  c.c.app.process.impl.Refmod2Impl.mainlineSplit8 1992 - *242*   WS-2-7A-T-FLD2 = (ABCDABCDABZYXWZYXWZYXWZYXWZYXWZYXWZYXWZY)
08:03:33.956 [main] INFO  c.c.app.process.impl.Refmod2Impl.mainlineSplit9 2059 - *243* WS-2-7B-S        = (ABCDABCDABCDABCDABCDABCDABCDABZYXWZYXWZYXWZYXWZYXWZYXWZYXWZYXWZYXWZYXW)
08:03:33.957 [main] INFO  c.c.app.process.impl.Refmod2Impl.mainlineSplit9 2061 - *244*   WS-2-7B-S-FLD1 = (ABCDABCDABCDABCDABCDABCDABCDAB)
08:03:33.957 [main] INFO  c.c.app.process.impl.Refmod2Impl.mainlineSplit9 2063 - *245*   WS-2-7B-S-FLD2 = (ZYXWZYXWZYXWZYXWZYXWZYXWZYXWZYXWZYXWZYXW)
08:03:33.957 [main] INFO  c.c.app.process.impl.Refmod2Impl.mainlineSplit9 2065 - *246* WS-2-7B-T-GRP    = (*****ABCDABCDABCDABCDABCDABCDABCDABZYXWZYXWZYXWZYXWZYXWZYXWZYXWZYXWZYXWZYXW                    )
08:03:33.957 [main] INFO  c.c.app.process.impl.Refmod2Impl.mainlineSplit9 2067 - *247* WS-2-7B-T        = (ABCDABCDABCDABCDABCDABCDABCDABZYXWZYXWZYXWZYXWZYXWZYXWZYXWZYXWZYXWZYXW                    )
08:03:33.958 [main] INFO  c.c.app.process.impl.Refmod2Impl.mainlineSplit9 2069 - *248*   WS-2-7B-T-FLD1 = (ABCDABCDABCDABCDABCD)
08:03:33.958 [main] INFO  c.c.app.process.impl.Refmod2Impl.mainlineSplit9 2071 - *249*   WS-2-7B-T-FLD2 = (ABCDABCDABZYXWZYXWZYXWZYXWZYXWZYXWZYXWZY)
08:03:33.958 [main] INFO  c.c.app.process.impl.Refmod2Impl.mainlineSplit9 2073 - *250*   WS-2-7B-T-FLD3 = (XWZYXWZYXW                    )
08:03:33.959 [main] INFO  c.c.app.process.impl.Refmod2Impl.mainlineSplit9 2088 - *251* WS-2-8A-S        = (ABCDABCDABCDABCDABCDABCDABCDABCDABCDABCDABCDABCDABCDABCDABCDABCDABCDAB)
08:03:33.960 [main] INFO  c.c.app.process.impl.Refmod2Impl.mainlineSplit9 2090 - *252* WS-2-8A-T-GRP    = (*****ABCDABCDABCDABCDABCDABCDABCDABCDABCDABCDABCDABCDABCDABCDABCD)
08:03:33.970 [main] INFO  c.c.app.process.impl.Refmod2Impl.mainlineSplit9 2092 - *253* WS-2-8A-T        = (ABCDABCDABCDABCDABCDABCDABCDABCDABCDABCDABCDABCDABCDABCDABCD)
08:03:33.971 [main] INFO  c.c.app.process.impl.Refmod2Impl.mainlineSplit9 2094 - *254*   WS-2-8A-T-FLD1 = (ABCDABCDABCDABCDABCD)
08:03:33.971 [main] INFO  c.c.app.process.impl.Refmod2Impl.mainlineSplit9 2096 - *255*   WS-2-8A-T-FLD2 = (ABCDABCDABCDABCDABCDABCDABCDABCDABCDABCD)
08:03:33.972 [main] INFO  c.c.app.process.impl.Refmod2Impl.mainlineSplit9 2113 - *256* WS-2-8A-S        = (ABCDABCDABCDABCDABCDABCDABCDABCDABCDABCDABCDABCDABCDABCDABCDABCDABCDAB)
08:03:33.972 [main] INFO  c.c.app.process.impl.Refmod2Impl.mainlineSplit9 2115 - *257* WS-2-8A-T-GRP    = (*****ABCDABCDABCDABCDABCDABCDABCDABCDABCDABCDABCDABCDABCDABCDABCD)
08:03:33.972 [main] INFO  c.c.app.process.impl.Refmod2Impl.mainlineSplit9 2117 - *258* WS-2-8A-T        = (ABCDABCDABCDABCDABCDABCDABCDABCDABCDABCDABCDABCDABCDABCDABCD)
08:03:33.972 [main] INFO  c.c.app.process.impl.Refmod2Impl.mainlineSplit9 2119 - *259*   WS-2-8A-T-FLD1 = (ABCDABCDABCDABCDABCD)
08:03:33.972 [main] INFO  c.c.app.process.impl.Refmod2Impl.mainlineSplit9 2121 - *260*   WS-2-8A-T-FLD2 = (ABCDABCDABCDABCDABCDABCDABCDABCDABCDABCD)
08:03:33.973 [main] INFO  c.c.app.process.impl.Refmod2Impl.mainlineSplit9 2138 - *261* WS-2-8B-S        = (ABCDABCDABCDABCDABCDABCDABCDABCDABCDABCDABCDABCDABCDABCDABCDABCDABCDAB)
08:03:33.973 [main] INFO  c.c.app.process.impl.Refmod2Impl.mainlineSplit9 2140 - *262* WS-2-8B-T-GRP    = (*****ABCDABCDABCDABCDABCDABCDABCDABCDABCDABCDABCDABCDABCDABCDABCDABCDABCDAB                    )
08:03:33.973 [main] INFO  c.c.app.process.impl.Refmod2Impl.mainlineSplit9 2142 - *263* WS-2-8B-T        = (ABCDABCDABCDABCDABCDABCDABCDABCDABCDABCDABCDABCDABCDABCDABCDABCDABCDAB                    )
08:03:33.973 [main] INFO  c.c.app.process.impl.Refmod2Impl.mainlineSplit9 2144 - *264*   WS-2-8B-T-FLD1 = (ABCDABCDABCDABCDABCD)
08:03:33.973 [main] INFO  c.c.app.process.impl.Refmod2Impl.mainlineSplit9 2146 - *265*   WS-2-8B-T-FLD2 = (ABCDABCDABCDABCDABCDABCDABCDABCDABCDABCD)
08:03:33.974 [main] INFO  c.c.app.process.impl.Refmod2Impl.mainlineSplit9 2148 - *266*   WS-2-8B-T-FLD3 = (ABCDABCDAB                    )
08:03:33.974 [main] INFO  c.c.app.process.impl.Refmod2Impl.mainlineSplit9 2167 - *267* WS-2-8B-S        = (ABCDABCDABCDABCDABCDABCDABCDABCDABCDABCDABCDABCDABCDABCDABCDABCDABCDAB)
08:03:33.974 [main] INFO  c.c.app.process.impl.Refmod2Impl.mainlineSplit9 2169 - *268* WS-2-8B-T-GRP    = (*****ABCDABCDABCDABCDABCDABCDABCDABCDABCDABCDABCDABCDABCDABCDABCDABCDABCDAB                    )
08:03:33.974 [main] INFO  c.c.app.process.impl.Refmod2Impl.mainlineSplit9 2171 - *269* WS-2-8B-T        = (ABCDABCDABCDABCDABCDABCDABCDABCDABCDABCDABCDABCDABCDABCDABCDABCDABCDAB                    )
08:03:33.974 [main] INFO  c.c.app.process.impl.Refmod2Impl.mainlineSplit9 2173 - *270*   WS-2-8B-T-FLD1 = (ABCDABCDABCDABCDABCD)
08:03:33.975 [main] INFO  c.c.app.process.impl.Refmod2Impl.mainlineSplit9 2175 - *271*   WS-2-8B-T-FLD2 = (ABCDABCDABCDABCDABCDABCDABCDABCDABCDABCD)
08:03:33.975 [main] INFO  c.c.app.process.impl.Refmod2Impl.mainlineSplit9 2177 - *272*   WS-2-8B-T-FLD3 = (ABCDABCDAB                    )
08:03:33.976 [main] INFO  c.c.app.process.impl.Refmod2Impl.mainlineSplit10 2234 - *273* WS-2-9A-S-GRP    = (***ABCDABCDABCDABCDABCDABCDABCDABZYXWZYXWZYXWZYXWZYXWZYXWZYXWZYXWZYXWZYXW)
08:03:33.977 [main] INFO  c.c.app.process.impl.Refmod2Impl.mainlineSplit10 2236 - *274* WS-2-9A-S        = (ABCDABCDABCDABCDABCDABCDABCDABZYXWZYXWZYXWZYXWZYXWZYXWZYXWZYXWZYXWZYXW)
08:03:33.977 [main] INFO  c.c.app.process.impl.Refmod2Impl.mainlineSplit10 2238 - *275*   WS-2-9A-S-FLD1 = (ABCDABCDABCDABCDABCDABCDABCDAB)
08:03:33.977 [main] INFO  c.c.app.process.impl.Refmod2Impl.mainlineSplit10 2240 - *276*   WS-2-9A-S-FLD2 = (ZYXWZYXWZYXWZYXWZYXWZYXWZYXWZYXWZYXWZYXW)
08:03:33.977 [main] INFO  c.c.app.process.impl.Refmod2Impl.mainlineSplit10 2242 - *277* WS-2-9A-T-GRP    = (*****ABCDABCDABCDABCDABCDABCDABCDABZYXWZYXWZYXWZYXWZYXWZYXWZYXWZY)
08:03:33.977 [main] INFO  c.c.app.process.impl.Refmod2Impl.mainlineSplit10 2244 - *278* WS-2-9A-T        = (ABCDABCDABCDABCDABCDABCDABCDABZYXWZYXWZYXWZYXWZYXWZYXWZYXWZY)
08:03:33.978 [main] INFO  c.c.app.process.impl.Refmod2Impl.mainlineSplit10 2246 - *279*   WS-2-9A-T-FLD1 = (ABCDABCDABCDABCDABCD)
08:03:33.978 [main] INFO  c.c.app.process.impl.Refmod2Impl.mainlineSplit10 2248 - *280*   WS-2-9A-T-FLD2 = (ABCDABCDABZYXWZYXWZYXWZYXWZYXWZYXWZYXWZY)
08:03:33.978 [main] INFO  c.c.app.process.impl.Refmod2Impl.mainlineSplit10 2267 - *281* WS-2-9A-S-GRP    = (***ABCDABCDABCDABCDABCDABCDABCDABZYXWZYXWZYXWZYXWZYXWZYXWZYXWZYXWZYXWZYXW)
08:03:33.978 [main] INFO  c.c.app.process.impl.Refmod2Impl.mainlineSplit10 2269 - *282* WS-2-9A-S        = (ABCDABCDABCDABCDABCDABCDABCDABZYXWZYXWZYXWZYXWZYXWZYXWZYXWZYXWZYXWZYXW)
08:03:33.978 [main] INFO  c.c.app.process.impl.Refmod2Impl.mainlineSplit10 2271 - *283*   WS-2-9A-S-FLD1 = (ABCDABCDABCDABCDABCDABCDABCDAB)
08:03:33.979 [main] INFO  c.c.app.process.impl.Refmod2Impl.mainlineSplit10 2273 - *284*   WS-2-9A-S-FLD2 = (ZYXWZYXWZYXWZYXWZYXWZYXWZYXWZYXWZYXWZYXW)
08:03:33.979 [main] INFO  c.c.app.process.impl.Refmod2Impl.mainlineSplit10 2275 - *285* WS-2-9A-T-GRP    = (*****ABCDABCDABCDABCDABCDABCDABCDABZYXWZYXWZYXWZYXWZYXWZYXWZYXWZY)
08:03:33.979 [main] INFO  c.c.app.process.impl.Refmod2Impl.mainlineSplit10 2277 - *286* WS-2-9A-T        = (ABCDABCDABCDABCDABCDABCDABCDABZYXWZYXWZYXWZYXWZYXWZYXWZYXWZY)
08:03:33.979 [main] INFO  c.c.app.process.impl.Refmod2Impl.mainlineSplit10 2279 - *287*   WS-2-9A-T-FLD1 = (ABCDABCDABCDABCDABCD)
08:03:33.979 [main] INFO  c.c.app.process.impl.Refmod2Impl.mainlineSplit10 2281 - *288*   WS-2-9A-T-FLD2 = (ABCDABCDABZYXWZYXWZYXWZYXWZYXWZYXWZYXWZY)
08:03:33.980 [main] INFO  c.c.app.process.impl.Refmod2Impl.mainlineSplit10 2300 - *289* WS-2-9B-S-GRP    = (***ABCDABCDABCDABCDABCDABCDABCDABZYXWZYXWZYXWZYXWZYXWZYXWZYXWZYXWZYXWZYXW)
08:03:33.980 [main] INFO  c.c.app.process.impl.Refmod2Impl.mainlineSplit10 2302 - *290* WS-2-9B-S        = (ABCDABCDABCDABCDABCDABCDABCDABZYXWZYXWZYXWZYXWZYXWZYXWZYXWZYXWZYXWZYXW)
08:03:33.980 [main] INFO  c.c.app.process.impl.Refmod2Impl.mainlineSplit10 2304 - *291*   WS-2-9B-S-FLD1 = (ABCDABCDABCDABCDABCDABCDABCDAB)
08:03:33.980 [main] INFO  c.c.app.process.impl.Refmod2Impl.mainlineSplit10 2306 - *292*   WS-2-9B-S-FLD2 = (ZYXWZYXWZYXWZYXWZYXWZYXWZYXWZYXWZYXWZYXW)
08:03:33.981 [main] INFO  c.c.app.process.impl.Refmod2Impl.mainlineSplit10 2308 - *293* WS-2-9B-T-GRP    = (*****ABCDABCDABCDABCDABCDABCDABCDABZYXWZYXWZYXWZYXWZYXWZYXWZYXWZYXWZYXWZYXW                    )
08:03:33.981 [main] INFO  c.c.app.process.impl.Refmod2Impl.mainlineSplit10 2310 - *294* WS-2-9B-T        = (ABCDABCDABCDABCDABCDABCDABCDABZYXWZYXWZYXWZYXWZYXWZYXWZYXWZYXWZYXWZYXW                    )
08:03:33.981 [main] INFO  c.c.app.process.impl.Refmod2Impl.mainlineSplit10 2312 - *295*   WS-2-9B-T-FLD1 = (ABCDABCDABCDABCDABCD)
08:03:33.981 [main] INFO  c.c.app.process.impl.Refmod2Impl.mainlineSplit10 2314 - *296*   WS-2-9B-T-FLD2 = (ABCDABCDABZYXWZYXWZYXWZYXWZYXWZYXWZYXWZY)
08:03:33.982 [main] INFO  c.c.app.process.impl.Refmod2Impl.mainlineSplit10 2316 - *297*   WS-2-9B-T-FLD3 = (XWZYXWZYXW                    )
08:03:33.982 [main] INFO  c.c.app.process.impl.Refmod2Impl.mainlineSplit10 2337 - *298* WS-2-9B-S-GRP    = (***ABCDABCDABCDABCDABCDABCDABCDABZYXWZYXWZYXWZYXWZYXWZYXWZYXWZYXWZYXWZYXW)
08:03:33.982 [main] INFO  c.c.app.process.impl.Refmod2Impl.mainlineSplit10 2339 - *299* WS-2-9B-S        = (ABCDABCDABCDABCDABCDABCDABCDABZYXWZYXWZYXWZYXWZYXWZYXWZYXWZYXWZYXWZYXW)
08:03:33.982 [main] INFO  c.c.app.process.impl.Refmod2Impl.mainlineSplit10 2341 - *300*   WS-2-9B-S-FLD1 = (ABCDABCDABCDABCDABCDABCDABCDAB)
08:03:33.982 [main] INFO  c.c.app.process.impl.Refmod2Impl.mainlineSplit10 2343 - *301*   WS-2-9B-S-FLD2 = (ZYXWZYXWZYXWZYXWZYXWZYXWZYXWZYXWZYXWZYXW)
08:03:33.983 [main] INFO  c.c.app.process.impl.Refmod2Impl.mainlineSplit10 2345 - *302* WS-2-9B-T-GRP    = (*****ABCDABCDABCDABCDABCDABCDABCDABZYXWZYXWZYXWZYXWZYXWZYXWZYXWZYXWZYXWZYXW                    )
08:03:33.984 [main] INFO  c.c.app.process.impl.Refmod2Impl.mainlineSplit11 2394 - *303* WS-2-9B-T        = (ABCDABCDABCDABCDABCDABCDABCDABZYXWZYXWZYXWZYXWZYXWZYXWZYXWZYXWZYXWZYXW                    )
08:03:33.985 [main] INFO  c.c.app.process.impl.Refmod2Impl.mainlineSplit11 2396 - *304*   WS-2-9B-T-FLD1 = (ABCDABCDABCDABCDABCD)
08:03:33.985 [main] INFO  c.c.app.process.impl.Refmod2Impl.mainlineSplit11 2398 - *305*   WS-2-9B-T-FLD2 = (ABCDABCDABZYXWZYXWZYXWZYXWZYXWZYXWZYXWZY)
08:03:33.985 [main] INFO  c.c.app.process.impl.Refmod2Impl.mainlineSplit11 2400 - *306*   WS-2-9B-T-FLD3 = (XWZYXWZYXW                    )
08:03:33.986 [main] INFO  c.c.app.process.impl.Refmod2Impl.mainlineSplit11 2416 - *307* WS-2-10A-S-GRP   = (***ABCDABCDABCDABCDABCDABCDABCDABCDABCDABCDABCDABCDABCDABCDABCDABCDABCDAB)
08:03:33.986 [main] INFO  c.c.app.process.impl.Refmod2Impl.mainlineSplit11 2418 - *308* WS-2-10A-S       = (ABCDABCDABCDABCDABCDABCDABCDABCDABCDABCDABCDABCDABCDABCDABCDABCDABCDAB)
08:03:33.986 [main] INFO  c.c.app.process.impl.Refmod2Impl.mainlineSplit11 2420 - *309* WS-2-10A-T-GRP   = (*****ABCDABCDABCDABCDABCDABCDABCDABCDABCDABCDABCDABCDABCDABCDABCD)
08:03:33.987 [main] INFO  c.c.app.process.impl.Refmod2Impl.mainlineSplit11 2422 - *310* WS-2-10A-T       = (ABCDABCDABCDABCDABCDABCDABCDABCDABCDABCDABCDABCDABCDABCDABCD)
08:03:33.987 [main] INFO  c.c.app.process.impl.Refmod2Impl.mainlineSplit11 2424 - *311*   WS-2-10A-T-FLD1= (ABCDABCDABCDABCDABCD)
08:03:33.987 [main] INFO  c.c.app.process.impl.Refmod2Impl.mainlineSplit11 2426 - *312*   WS-2-10A-T-FLD2= (ABCDABCDABCDABCDABCDABCDABCDABCDABCDABCD)
08:03:33.987 [main] INFO  c.c.app.process.impl.Refmod2Impl.mainlineSplit11 2443 - *313* WS-2-10A-S-GRP   = (***ABCDABCDABCDABCDABCDABCDABCDABCDABCDABCDABCDABCDABCDABCDABCDABCDABCDAB)
08:03:33.987 [main] INFO  c.c.app.process.impl.Refmod2Impl.mainlineSplit11 2445 - *314* WS-2-10A-S       = (ABCDABCDABCDABCDABCDABCDABCDABCDABCDABCDABCDABCDABCDABCDABCDABCDABCDAB)
08:03:33.988 [main] INFO  c.c.app.process.impl.Refmod2Impl.mainlineSplit11 2447 - *315* WS-2-10A-T-GRP   = (*****ABCDABCDABCDABCDABCDABCDABCDABCDABCDABCDABCDABCDABCDABCDABCD)
08:03:33.988 [main] INFO  c.c.app.process.impl.Refmod2Impl.mainlineSplit11 2449 - *316* WS-2-10A-T       = (ABCDABCDABCDABCDABCDABCDABCDABCDABCDABCDABCDABCDABCDABCDABCD)
08:03:33.988 [main] INFO  c.c.app.process.impl.Refmod2Impl.mainlineSplit11 2451 - *317*   WS-2-10A-T-FLD1= (ABCDABCDABCDABCDABCD)
08:03:33.988 [main] INFO  c.c.app.process.impl.Refmod2Impl.mainlineSplit11 2453 - *318*   WS-2-10A-T-FLD2= (ABCDABCDABCDABCDABCDABCDABCDABCDABCDABCD)
08:03:33.989 [main] INFO  c.c.app.process.impl.Refmod2Impl.mainlineSplit11 2471 - *319* WS-2-10B-S-GRP   = (***ABCDABCDABCDABCDABCDABCDABCDABCDABCDABCDABCDABCDABCDABCDABCDABCDABCDAB)
08:03:33.989 [main] INFO  c.c.app.process.impl.Refmod2Impl.mainlineSplit11 2473 - *320* WS-2-10B-S       = (ABCDABCDABCDABCDABCDABCDABCDABCDABCDABCDABCDABCDABCDABCDABCDABCDABCDAB)
08:03:33.989 [main] INFO  c.c.app.process.impl.Refmod2Impl.mainlineSplit11 2475 - *321* WS-2-10B-T-GRP   = (*****ABCDABCDABCDABCDABCDABCDABCDABCDABCDABCDABCDABCDABCDABCDABCDABCDABCDAB                    )
08:03:33.990 [main] INFO  c.c.app.process.impl.Refmod2Impl.mainlineSplit11 2477 - *322* WS-2-10B-T       = (ABCDABCDABCDABCDABCDABCDABCDABCDABCDABCDABCDABCDABCDABCDABCDABCDABCDAB                    )
08:03:33.990 [main] INFO  c.c.app.process.impl.Refmod2Impl.mainlineSplit11 2479 - *323*   WS-2-10B-T-FLD1= (ABCDABCDABCDABCDABCD)
08:03:33.990 [main] INFO  c.c.app.process.impl.Refmod2Impl.mainlineSplit11 2481 - *324*   WS-2-10B-T-FLD2= (ABCDABCDABCDABCDABCDABCDABCDABCDABCDABCD)
08:03:33.990 [main] INFO  c.c.app.process.impl.Refmod2Impl.mainlineSplit11 2483 - *325*   WS-2-10B-T-FLD3= (ABCDABCDAB                    )
08:03:33.991 [main] INFO  c.c.app.process.impl.Refmod2Impl.mainlineSplit11 2502 - *326* WS-2-10B-S-GRP   = (***ABCDABCDABCDABCDABCDABCDABCDABCDABCDABCDABCDABCDABCDABCDABCDABCDABCDAB)
08:03:33.991 [main] INFO  c.c.app.process.impl.Refmod2Impl.mainlineSplit11 2504 - *327* WS-2-10B-S       = (ABCDABCDABCDABCDABCDABCDABCDABCDABCDABCDABCDABCDABCDABCDABCDABCDABCDAB)
08:03:33.991 [main] INFO  c.c.app.process.impl.Refmod2Impl.mainlineSplit11 2506 - *328* WS-2-10B-T-GRP   = (*****ABCDABCDABCDABCDABCDABCDABCDABCDABCDABCDABCDABCDABCDABCDABCDABCDABCDAB                    )
08:03:33.991 [main] INFO  c.c.app.process.impl.Refmod2Impl.mainlineSplit11 2508 - *329* WS-2-10B-T       = (ABCDABCDABCDABCDABCDABCDABCDABCDABCDABCDABCDABCDABCDABCDABCDABCDABCDAB                    )
08:03:33.992 [main] INFO  c.c.app.process.impl.Refmod2Impl.mainlineSplit11 2510 - *330*   WS-2-10B-T-FLD1= (ABCDABCDABCDABCDABCD)
08:03:33.992 [main] INFO  c.c.app.process.impl.Refmod2Impl.mainlineSplit11 2512 - *331*   WS-2-10B-T-FLD2= (ABCDABCDABCDABCDABCDABCDABCDABCDABCDABCD)
08:03:33.992 [main] INFO  c.c.app.process.impl.Refmod2Impl.mainlineSplit11 2514 - *332*   WS-2-10B-T-FLD3= (ABCDABCDAB                    )
08:03:33.995 [main] INFO  c.c.app.process.impl.Refmod2Impl.mainlineSplit12 2570 - *333* WS-2-11A-S       = (ABCDABCDABCDABCDABCDABCDABCDABZYXWZYXWZYXWZYXWZYXWZYXWZYXWZYXWZYXWZYXW)
08:03:33.996 [main] INFO  c.c.app.process.impl.Refmod2Impl.mainlineSplit12 2572 - *334*   WS-2-11A-S-FLD1= (ABCDABCDABCDABCDABCDABCDABCDAB)
08:03:33.996 [main] INFO  c.c.app.process.impl.Refmod2Impl.mainlineSplit12 2574 - *335*   WS-2-11A-S-FLD2= (ZYXWZYXWZYXWZYXWZYXWZYXWZYXWZYXWZYXWZYXW)
08:03:33.996 [main] INFO  c.c.app.process.impl.Refmod2Impl.mainlineSplit12 2576 - *336* WS-2-11A-T-GRP   = (*****ABCDABCDABCDABCDABCDABCDABCDABZYXWZYXWZYXWZYXWZYXWZYXWZYXWZY)
08:03:33.997 [main] INFO  c.c.app.process.impl.Refmod2Impl.mainlineSplit12 2578 - *337* WS-2-11A-T       = (ABCDABCDABCDABCDABCDABCDABCDABZYXWZYXWZYXWZYXWZYXWZYXWZYXWZY)
08:03:33.997 [main] INFO  c.c.app.process.impl.Refmod2Impl.mainlineSplit12 2580 - *338*   WS-2-11A-T-FLD1= (ABCDABCDABCDABCDABCD)
08:03:33.997 [main] INFO  c.c.app.process.impl.Refmod2Impl.mainlineSplit12 2582 - *339*   WS-2-11A-T-FLD2= (ABCDABCDABZYXWZYXWZYXWZYXWZYXWZYXWZYXWZY)
08:03:33.997 [main] INFO  c.c.app.process.impl.Refmod2Impl.mainlineSplit12 2599 - *340* WS-2-11A-S       = (ABCDABCDABCDABCDABCDABCDABCDABZYXWZYXWZYXWZYXWZYXWZYXWZYXWZYXWZYXWZYXW)
08:03:33.997 [main] INFO  c.c.app.process.impl.Refmod2Impl.mainlineSplit12 2601 - *341*   WS-2-11A-S-FLD1= (ABCDABCDABCDABCDABCDABCDABCDAB)
08:03:33.997 [main] INFO  c.c.app.process.impl.Refmod2Impl.mainlineSplit12 2603 - *342*   WS-2-11A-S-FLD2= (ZYXWZYXWZYXWZYXWZYXWZYXWZYXWZYXWZYXWZYXW)
08:03:33.998 [main] INFO  c.c.app.process.impl.Refmod2Impl.mainlineSplit12 2605 - *343* WS-2-11A-T-GRP   = (*****ABCDABCDABCDABCDABCDABCDABCDABZYXWZYXWZYXWZYXWZYXWZYXWZYXWZY)
08:03:33.998 [main] INFO  c.c.app.process.impl.Refmod2Impl.mainlineSplit12 2607 - *344* WS-2-11A-T       = (ABCDABCDABCDABCDABCDABCDABCDABZYXWZYXWZYXWZYXWZYXWZYXWZYXWZY)
08:03:33.998 [main] INFO  c.c.app.process.impl.Refmod2Impl.mainlineSplit12 2609 - *345*   WS-2-11A-T-FLD1= (ABCDABCDABCDABCDABCD)
08:03:33.998 [main] INFO  c.c.app.process.impl.Refmod2Impl.mainlineSplit12 2611 - *346*   WS-2-11A-T-FLD2= (ABCDABCDABZYXWZYXWZYXWZYXWZYXWZYXWZYXWZY)
08:03:33.998 [main] INFO  c.c.app.process.impl.Refmod2Impl.mainlineSplit12 2631 - *347* WS-2-11B-S       = (ABCDABCDABCDABCDABCDABCDABCDABZYXWZYXWZYXWZYXWZYXWZYXWZYXWZYXWZYXWZYXW)
08:03:33.999 [main] INFO  c.c.app.process.impl.Refmod2Impl.mainlineSplit12 2633 - *348*   WS-2-11B-S-FLD1= (ABCDABCDABCDABCDABCDABCDABCDAB)
08:03:33.999 [main] INFO  c.c.app.process.impl.Refmod2Impl.mainlineSplit12 2635 - *349*   WS-2-11B-S-FLD2= (ZYXWZYXWZYXWZYXWZYXWZYXWZYXWZYXWZYXWZYXW)
08:03:34.000 [main] INFO  c.c.app.process.impl.Refmod2Impl.mainlineSplit12 2637 - *350* WS-2-11B-T-GRP   = (*****ABCDABCDABCDABCDABCDABCDABCDABZYXWZYXWZYXWZYXWZYXWZYXWZYXWZYXWZYXWZYXW                    )
08:03:34.000 [main] INFO  c.c.app.process.impl.Refmod2Impl.mainlineSplit12 2639 - *351* WS-2-11B-T       = (ABCDABCDABCDABCDABCDABCDABCDABZYXWZYXWZYXWZYXWZYXWZYXWZYXWZYXWZYXWZYXW                    )
08:03:34.000 [main] INFO  c.c.app.process.impl.Refmod2Impl.mainlineSplit12 2641 - *352*   WS-2-11B-T-FLD1= (ABCDABCDABCDABCDABCD)
08:03:34.000 [main] INFO  c.c.app.process.impl.Refmod2Impl.mainlineSplit12 2643 - *353*   WS-2-11B-T-FLD2= (ABCDABCDABZYXWZYXWZYXWZYXWZYXWZYXWZYXWZY)
08:03:34.001 [main] INFO  c.c.app.process.impl.Refmod2Impl.mainlineSplit12 2645 - *354*   WS-2-11B-T-FLD3= (XWZYXWZYXW                    )
08:03:34.001 [main] INFO  c.c.app.process.impl.Refmod2Impl.mainlineSplit12 2664 - *355* WS-2-11B-S       = (ABCDABCDABCDABCDABCDABCDABCDABZYXWZYXWZYXWZYXWZYXWZYXWZYXWZYXWZYXWZYXW)
08:03:34.002 [main] INFO  c.c.app.process.impl.Refmod2Impl.mainlineSplit12 2666 - *356*   WS-2-11B-S-FLD1= (ABCDABCDABCDABCDABCDABCDABCDAB)
08:03:34.002 [main] INFO  c.c.app.process.impl.Refmod2Impl.mainlineSplit12 2668 - *357*   WS-2-11B-S-FLD2= (ZYXWZYXWZYXWZYXWZYXWZYXWZYXWZYXWZYXWZYXW)
08:03:34.002 [main] INFO  c.c.app.process.impl.Refmod2Impl.mainlineSplit12 2670 - *358* WS-2-11B-T-GRP   = (*****ABCDABCDABCDABCDABCDABCDABCDABZYXWZYXWZYXWZYXWZYXWZYXWZYXWZYXWZYXWZYXW                    )
08:03:34.002 [main] INFO  c.c.app.process.impl.Refmod2Impl.mainlineSplit12 2672 - *359* WS-2-11B-T       = (ABCDABCDABCDABCDABCDABCDABCDABZYXWZYXWZYXWZYXWZYXWZYXWZYXWZYXWZYXWZYXW                    )
08:03:34.002 [main] INFO  c.c.app.process.impl.Refmod2Impl.mainlineSplit12 2674 - *360*   WS-2-11B-T-FLD1= (ABCDABCDABCDABCDABCD)
08:03:34.003 [main] INFO  c.c.app.process.impl.Refmod2Impl.mainlineSplit12 2676 - *361*   WS-2-11B-T-FLD2= (ABCDABCDABZYXWZYXWZYXWZYXWZYXWZYXWZYXWZY)
08:03:34.003 [main] INFO  c.c.app.process.impl.Refmod2Impl.mainlineSplit12 2678 - *362*   WS-2-11B-T-FLD3= (XWZYXWZYXW                    )
08:03:34.003 [main] INFO  c.c.app.process.impl.Refmod2Impl.mainlineSplit12 2691 - *363* WS-2-12A-S       = (ABCDABCDABCDABCDABCDABCDABCDABCDABCDABCDABCDABCDABCDABCDABCDABCDABCDAB)
08:03:34.004 [main] INFO  c.c.app.process.impl.Refmod2Impl.mainlineSplit13 2734 - *364* WS-2-12A-T-GRP   = (*****ABCDABCDABCDABCDABCDABCDABCDABCDABCDABCDABCDABCDABCDABCDABCD)
08:03:34.004 [main] INFO  c.c.app.process.impl.Refmod2Impl.mainlineSplit13 2736 - *365* WS-2-12A-T       = (ABCDABCDABCDABCDABCDABCDABCDABCDABCDABCDABCDABCDABCDABCDABCD)
08:03:34.005 [main] INFO  c.c.app.process.impl.Refmod2Impl.mainlineSplit13 2738 - *366*   WS-2-12A-T-FLD1= (ABCDABCDABCDABCDABCD)
08:03:34.005 [main] INFO  c.c.app.process.impl.Refmod2Impl.mainlineSplit13 2740 - *367*   WS-2-12A-T-FLD2= (ABCDABCDABCDABCDABCDABCDABCDABCDABCDABCD)
08:03:34.005 [main] INFO  c.c.app.process.impl.Refmod2Impl.mainlineSplit13 2756 - *368* WS-2-12A-S       = (ABCDABCDABCDABCDABCDABCDABCDABCDABCDABCDABCDABCDABCDABCDABCDABCDABCDAB)
08:03:34.005 [main] INFO  c.c.app.process.impl.Refmod2Impl.mainlineSplit13 2758 - *369* WS-2-12A-T-GRP   = (*****ABCDABCDABCDABCDABCDABCDABCDABCDABCDABCDABCDABCDABCDABCDABCD)
08:03:34.006 [main] INFO  c.c.app.process.impl.Refmod2Impl.mainlineSplit13 2760 - *370* WS-2-12A-T       = (ABCDABCDABCDABCDABCDABCDABCDABCDABCDABCDABCDABCDABCDABCDABCD)
08:03:34.006 [main] INFO  c.c.app.process.impl.Refmod2Impl.mainlineSplit13 2762 - *371*   WS-2-12A-T-FLD1= (ABCDABCDABCDABCDABCD)
08:03:34.006 [main] INFO  c.c.app.process.impl.Refmod2Impl.mainlineSplit13 2764 - *372*   WS-2-12A-T-FLD2= (ABCDABCDABCDABCDABCDABCDABCDABCDABCDABCD)
08:03:34.006 [main] INFO  c.c.app.process.impl.Refmod2Impl.mainlineSplit13 2782 - *373* WS-2-12B-S       = (ABCDABCDABCDABCDABCDABCDABCDABCDABCDABCDABCDABCDABCDABCDABCDABCDABCDAB)
08:03:34.006 [main] INFO  c.c.app.process.impl.Refmod2Impl.mainlineSplit13 2784 - *374* WS-2-12B-T-GRP   = (*****ABCDABCDABCDABCDABCDABCDABCDABCDABCDABCDABCDABCDABCDABCDABCDABCDABCDAB                    )
08:03:34.007 [main] INFO  c.c.app.process.impl.Refmod2Impl.mainlineSplit13 2786 - *375* WS-2-12B-T       = (ABCDABCDABCDABCDABCDABCDABCDABCDABCDABCDABCDABCDABCDABCDABCDABCDABCDAB                    )
08:03:34.007 [main] INFO  c.c.app.process.impl.Refmod2Impl.mainlineSplit13 2788 - *376*   WS-2-12B-T-FLD1= (ABCDABCDABCDABCDABCD)
08:03:34.007 [main] INFO  c.c.app.process.impl.Refmod2Impl.mainlineSplit13 2790 - *377*   WS-2-12B-T-FLD2= (ABCDABCDABCDABCDABCDABCDABCDABCDABCDABCD)
08:03:34.007 [main] INFO  c.c.app.process.impl.Refmod2Impl.mainlineSplit13 2792 - *378*   WS-2-12B-T-FLD3= (ABCDABCDAB                    )
08:03:34.008 [main] INFO  c.c.app.process.impl.Refmod2Impl.mainlineSplit13 2810 - *379* WS-2-13A-S-GRP   = (***ABCDABCDABCDABCDABCDABCDABCDABZYXWZYXWZYXWZYXWZYXWZYXWZYXWZYXWZYXWZYXW)
08:03:34.008 [main] INFO  c.c.app.process.impl.Refmod2Impl.mainlineSplit13 2812 - *380* WS-2-13A-S       = (ABCDABCDABCDABCDABCDABCDABCDABZYXWZYXWZYXWZYXWZYXWZYXWZYXWZYXWZYXWZYXW)
08:03:34.009 [main] INFO  c.c.app.process.impl.Refmod2Impl.mainlineSplit13 2814 - *381*   WS-2-13A-S-FLD1= (ABCDABCDABCDABCDABCDABCDABCDAB)
08:03:34.009 [main] INFO  c.c.app.process.impl.Refmod2Impl.mainlineSplit13 2816 - *382*   WS-2-13A-S-FLD2= (ZYXWZYXWZYXWZYXWZYXWZYXWZYXWZYXWZYXWZYXW)
08:03:34.009 [main] INFO  c.c.app.process.impl.Refmod2Impl.mainlineSplit13 2818 - *383* WS-2-13A-T-GRP   = (*****    CDABCDABCDABCDABCDABCDABCDABZYXWZYXWZYXWZYXWZYXWZYXWZYX )
08:03:34.010 [main] INFO  c.c.app.process.impl.Refmod2Impl.mainlineSplit13 2820 - *384* WS-2-13A-T       = (    CDABCDABCDABCDABCDABCDABCDABZYXWZYXWZYXWZYXWZYXWZYXWZYX )
08:03:34.010 [main] INFO  c.c.app.process.impl.Refmod2Impl.mainlineSplit13 2822 - *385*   WS-2-13A-T-FLD1= (    CDABCDABCDABCDAB)
08:03:34.010 [main] INFO  c.c.app.process.impl.Refmod2Impl.mainlineSplit13 2824 - *386*   WS-2-13A-T-FLD2= (CDABCDABCDABZYXWZYXWZYXWZYXWZYXWZYXWZYX )
08:03:34.010 [main] INFO  c.c.app.process.impl.Refmod2Impl.mainlineSplit13 2847 - *387* WS-2-13A-S-GRP   = (***ABCDABCDABCDABCDABCDABCDABCDABZYXWZYXWZYXWZYXWZYXWZYXWZYXWZYXWZYXWZYXW)
08:03:34.010 [main] INFO  c.c.app.process.impl.Refmod2Impl.mainlineSplit13 2849 - *388* WS-2-13A-S       = (ABCDABCDABCDABCDABCDABCDABCDABZYXWZYXWZYXWZYXWZYXWZYXWZYXWZYXWZYXWZYXW)
08:03:34.010 [main] INFO  c.c.app.process.impl.Refmod2Impl.mainlineSplit13 2851 - *389*   WS-2-13A-S-FLD1= (ABCDABCDABCDABCDABCDABCDABCDAB)
08:03:34.011 [main] INFO  c.c.app.process.impl.Refmod2Impl.mainlineSplit13 2853 - *390*   WS-2-13A-S-FLD2= (ZYXWZYXWZYXWZYXWZYXWZYXWZYXWZYXWZYXWZYXW)
08:03:34.011 [main] INFO  c.c.app.process.impl.Refmod2Impl.mainlineSplit13 2855 - *391* WS-2-13A-T-GRP   = (*****    CDABCDABCDABCDABCDABCDABCDABZYXWZYXWZYXWZYXWZYXWZYXWZYX )
08:03:34.011 [main] INFO  c.c.app.process.impl.Refmod2Impl.mainlineSplit13 2857 - *392* WS-2-13A-T       = (    CDABCDABCDABCDABCDABCDABCDABZYXWZYXWZYXWZYXWZYXWZYXWZYX )
08:03:34.011 [main] INFO  c.c.app.process.impl.Refmod2Impl.mainlineSplit13 2859 - *393*   WS-2-13A-T-FLD1= (    CDABCDABCDABCDAB)
08:03:34.011 [main] INFO  c.c.app.process.impl.Refmod2Impl.mainlineSplit13 2861 - *394*   WS-2-13A-T-FLD2= (CDABCDABCDABZYXWZYXWZYXWZYXWZYXWZYXWZYX )
08:03:34.015 [main] INFO  c.c.app.process.impl.Refmod2Impl.mainlineSplit14 2921 - *395* WS-2-13B-S-GRP   = (***ABCDABCDABCDABCDABCDABCDABCDABZYXWZYXWZYXWZYXWZYXWZYXWZYXWZYXWZYXWZYXW)
08:03:34.015 [main] INFO  c.c.app.process.impl.Refmod2Impl.mainlineSplit14 2923 - *396* WS-2-13B-S       = (ABCDABCDABCDABCDABCDABCDABCDABZYXWZYXWZYXWZYXWZYXWZYXWZYXWZYXWZYXWZYXW)
08:03:34.015 [main] INFO  c.c.app.process.impl.Refmod2Impl.mainlineSplit14 2925 - *397*   WS-2-13B-S-FLD1= (ABCDABCDABCDABCDABCDABCDABCDAB)
08:03:34.016 [main] INFO  c.c.app.process.impl.Refmod2Impl.mainlineSplit14 2927 - *398*   WS-2-13B-S-FLD2= (ZYXWZYXWZYXWZYXWZYXWZYXWZYXWZYXWZYXWZYXW)
08:03:34.016 [main] INFO  c.c.app.process.impl.Refmod2Impl.mainlineSplit14 2929 - *399* WS-2-13B-T-GRP   = (*****    CDABCDABCDABCDABCDABCDABCDABZYXWZYXWZYXWZYXWZYXWZYXWZYXWZYXWZYXWZYX                  N)
08:03:34.016 [main] INFO  c.c.app.process.impl.Refmod2Impl.mainlineSplit14 2931 - *400* WS-2-13B-T       = (    CDABCDABCDABCDABCDABCDABCDABZYXWZYXWZYXWZYXWZYXWZYXWZYXWZYXWZYXWZYX                  N)
08:03:34.016 [main] INFO  c.c.app.process.impl.Refmod2Impl.mainlineSplit14 2933 - *401*   WS-2-13B-T-FLD1= (    CDABCDABCDABCDAB)
08:03:34.016 [main] INFO  c.c.app.process.impl.Refmod2Impl.mainlineSplit14 2935 - *402*   WS-2-13B-T-FLD2= (CDABCDABCDABZYXWZYXWZYXWZYXWZYXWZYXWZYXW)
08:03:34.017 [main] INFO  c.c.app.process.impl.Refmod2Impl.mainlineSplit14 2937 - *403*   WS-2-13B-T-FLD3= (ZYXWZYXWZYX                  N)
08:03:34.017 [main] INFO  c.c.app.process.impl.Refmod2Impl.mainlineSplit14 2962 - *404* WS-2-13B-S-GRP   = (***ABCDABCDABCDABCDABCDABCDABCDABZYXWZYXWZYXWZYXWZYXWZYXWZYXWZYXWZYXWZYXW)
08:03:34.017 [main] INFO  c.c.app.process.impl.Refmod2Impl.mainlineSplit14 2964 - *405* WS-2-13B-S       = (ABCDABCDABCDABCDABCDABCDABCDABZYXWZYXWZYXWZYXWZYXWZYXWZYXWZYXWZYXWZYXW)
08:03:34.017 [main] INFO  c.c.app.process.impl.Refmod2Impl.mainlineSplit14 2966 - *406*   WS-2-13B-S-FLD1= (ABCDABCDABCDABCDABCDABCDABCDAB)
08:03:34.017 [main] INFO  c.c.app.process.impl.Refmod2Impl.mainlineSplit14 2968 - *407*   WS-2-13B-S-FLD2= (ZYXWZYXWZYXWZYXWZYXWZYXWZYXWZYXWZYXWZYXW)
08:03:34.018 [main] INFO  c.c.app.process.impl.Refmod2Impl.mainlineSplit14 2970 - *408* WS-2-13B-T-GRP   = (*****    CDABCDABCDABCDABCDABCDABCDABZYXWZYXWZYXWZYXWZYXWZYXWZYXWZYXWZYXWZYX                  N)
08:03:34.018 [main] INFO  c.c.app.process.impl.Refmod2Impl.mainlineSplit14 2972 - *409* WS-2-13B-T       = (    CDABCDABCDABCDABCDABCDABCDABZYXWZYXWZYXWZYXWZYXWZYXWZYXWZYXWZYXWZYX                  N)
08:03:34.018 [main] INFO  c.c.app.process.impl.Refmod2Impl.mainlineSplit14 2974 - *410*   WS-2-13B-T-FLD1= (    CDABCDABCDABCDAB)
08:03:34.018 [main] INFO  c.c.app.process.impl.Refmod2Impl.mainlineSplit14 2976 - *411*   WS-2-13B-T-FLD2= (CDABCDABCDABZYXWZYXWZYXWZYXWZYXWZYXWZYXW)
08:03:34.018 [main] INFO  c.c.app.process.impl.Refmod2Impl.mainlineSplit14 2978 - *412*   WS-2-13B-T-FLD3= (ZYXWZYXWZYX                  N)
08:03:34.019 [main] INFO  c.c.app.process.impl.Refmod2Impl.mainlineSplit14 2994 - *413* WS-2-14A-S-GRP   = (***ABCDABCDABCDABCDABCDABCDABCDABCDABCDABCDABCDABCDABCDABCDABCDABCDABCDAB)
08:03:34.019 [main] INFO  c.c.app.process.impl.Refmod2Impl.mainlineSplit14 2996 - *414* WS-2-14A-S       = (ABCDABCDABCDABCDABCDABCDABCDABCDABCDABCDABCDABCDABCDABCDABCDABCDABCDAB)
08:03:34.019 [main] INFO  c.c.app.process.impl.Refmod2Impl.mainlineSplit14 2998 - *415* WS-2-14A-T-GRP   = (*****    CDABCDABCDABCDABCDABCDABCDABCDABCDABCDABCDABCDABCDABCDA )
08:03:34.019 [main] INFO  c.c.app.process.impl.Refmod2Impl.mainlineSplit14 3000 - *416* WS-2-14A-T       = (    CDABCDABCDABCDABCDABCDABCDABCDABCDABCDABCDABCDABCDABCDA )
08:03:34.019 [main] INFO  c.c.app.process.impl.Refmod2Impl.mainlineSplit14 3002 - *417*   WS-2-14A-T-FLD1= (    CDABCDABCDABCDAB)
08:03:34.020 [main] INFO  c.c.app.process.impl.Refmod2Impl.mainlineSplit14 3004 - *418*   WS-2-14A-T-FLD2= (CDABCDABCDABCDABCDABCDABCDABCDABCDABCDA )
08:03:34.020 [main] INFO  c.c.app.process.impl.Refmod2Impl.mainlineSplit14 3025 - *419* WS-2-14A-S-GRP   = (***ABCDABCDABCDABCDABCDABCDABCDABCDABCDABCDABCDABCDABCDABCDABCDABCDABCDAB)
08:03:34.020 [main] INFO  c.c.app.process.impl.Refmod2Impl.mainlineSplit14 3027 - *420* WS-2-14A-S       = (ABCDABCDABCDABCDABCDABCDABCDABCDABCDABCDABCDABCDABCDABCDABCDABCDABCDAB)
08:03:34.020 [main] INFO  c.c.app.process.impl.Refmod2Impl.mainlineSplit14 3029 - *421* WS-2-14A-T-GRP   = (*****    CDABCDABCDABCDABCDABCDABCDABCDABCDABCDABCDABCDABCDABCDA )
08:03:34.021 [main] INFO  c.c.app.process.impl.Refmod2Impl.mainlineSplit15 3073 - *422* WS-2-14A-T       = (    CDABCDABCDABCDABCDABCDABCDABCDABCDABCDABCDABCDABCDABCDA )
08:03:34.022 [main] INFO  c.c.app.process.impl.Refmod2Impl.mainlineSplit15 3075 - *423*   WS-2-14A-T-FLD1= (    CDABCDABCDABCDAB)
08:03:34.022 [main] INFO  c.c.app.process.impl.Refmod2Impl.mainlineSplit15 3077 - *424*   WS-2-14A-T-FLD2= (CDABCDABCDABCDABCDABCDABCDABCDABCDABCDA )
08:03:34.022 [main] INFO  c.c.app.process.impl.Refmod2Impl.mainlineSplit15 3095 - *425* WS-2-14B-S-GRP   = (***ABCDABCDABCDABCDABCDABCDABCDABCDABCDABCDABCDABCDABCDABCDABCDABCDABCDAB)
08:03:34.022 [main] INFO  c.c.app.process.impl.Refmod2Impl.mainlineSplit15 3097 - *426* WS-2-14B-S       = (ABCDABCDABCDABCDABCDABCDABCDABCDABCDABCDABCDABCDABCDABCDABCDABCDABCDAB)
08:03:34.022 [main] INFO  c.c.app.process.impl.Refmod2Impl.mainlineSplit15 3099 - *427* WS-2-14B-T-GRP   = (*****    CDABCDABCDABCDABCDABCDABCDABCDABCDABCDABCDABCDABCDABCDABCDABCDABCDA                  N)
08:03:34.023 [main] INFO  c.c.app.process.impl.Refmod2Impl.mainlineSplit15 3101 - *428* WS-2-14B-T       = (    CDABCDABCDABCDABCDABCDABCDABCDABCDABCDABCDABCDABCDABCDABCDABCDABCDA                  N)
08:03:34.023 [main] INFO  c.c.app.process.impl.Refmod2Impl.mainlineSplit15 3103 - *429*   WS-2-14B-T-FLD1= (    CDABCDABCDABCDAB)
08:03:34.023 [main] INFO  c.c.app.process.impl.Refmod2Impl.mainlineSplit15 3105 - *430*   WS-2-14B-T-FLD2= (CDABCDABCDABCDABCDABCDABCDABCDABCDABCDAB)
08:03:34.023 [main] INFO  c.c.app.process.impl.Refmod2Impl.mainlineSplit15 3107 - *431*   WS-2-14B-T-FLD3= (CDABCDABCDA                  N)
08:03:34.023 [main] INFO  c.c.app.process.impl.Refmod2Impl.mainlineSplit15 3130 - *432* WS-2-14B-S-GRP   = (***ABCDABCDABCDABCDABCDABCDABCDABCDABCDABCDABCDABCDABCDABCDABCDABCDABCDAB)
08:03:34.023 [main] INFO  c.c.app.process.impl.Refmod2Impl.mainlineSplit15 3132 - *433* WS-2-14B-S       = (ABCDABCDABCDABCDABCDABCDABCDABCDABCDABCDABCDABCDABCDABCDABCDABCDABCDAB)
08:03:34.023 [main] INFO  c.c.app.process.impl.Refmod2Impl.mainlineSplit15 3134 - *434* WS-2-14B-T-GRP   = (*****    CDABCDABCDABCDABCDABCDABCDABCDABCDABCDABCDABCDABCDABCDABCDABCDABCDA                  N)
08:03:34.024 [main] INFO  c.c.app.process.impl.Refmod2Impl.mainlineSplit15 3136 - *435* WS-2-14B-T       = (    CDABCDABCDABCDABCDABCDABCDABCDABCDABCDABCDABCDABCDABCDABCDABCDABCDA                  N)
08:03:34.024 [main] INFO  c.c.app.process.impl.Refmod2Impl.mainlineSplit15 3138 - *436*   WS-2-14B-T-FLD1= (    CDABCDABCDABCDAB)
08:03:34.024 [main] INFO  c.c.app.process.impl.Refmod2Impl.mainlineSplit15 3140 - *437*   WS-2-14B-T-FLD2= (CDABCDABCDABCDABCDABCDABCDABCDABCDABCDAB)
08:03:34.024 [main] INFO  c.c.app.process.impl.Refmod2Impl.mainlineSplit15 3142 - *438*   WS-2-14B-T-FLD3= (CDABCDABCDA                  N)
08:03:34.024 [main] INFO  c.c.app.process.impl.Refmod2Impl.mainlineSplit15 3160 - *439* WS-2-15A-S-GRP   = (***ABCDABCDABCDABCDABCDABCDABCDABZYXWZYXWZYXWZYXWZYXWZYXWZYXWZYXWZYXWZYXW)
08:03:34.024 [main] INFO  c.c.app.process.impl.Refmod2Impl.mainlineSplit15 3162 - *440* WS-2-15A-S       = (ABCDABCDABCDABCDABCDABCDABCDABZYXWZYXWZYXWZYXWZYXWZYXWZYXWZYXWZYXWZYXW)
08:03:34.025 [main] INFO  c.c.app.process.impl.Refmod2Impl.mainlineSplit15 3164 - *441*   WS-2-15A-S-FLD1= (ABCDABCDABCDABCDABCDABCDABCDAB)
08:03:34.025 [main] INFO  c.c.app.process.impl.Refmod2Impl.mainlineSplit15 3166 - *442*   WS-2-15A-S-FLD2= (ZYXWZYXWZYXWZYXWZYXWZYXWZYXWZYXWZYXWZYXW)
08:03:34.025 [main] INFO  c.c.app.process.impl.Refmod2Impl.mainlineSplit15 3168 - *443* WS-2-15A-T       = (    CDABCDABCDABCDABCDABCDABCDABZYXWZYXWZYXWZYXWZYXWZYXWZYX )
08:03:34.025 [main] INFO  c.c.app.process.impl.Refmod2Impl.mainlineSplit15 3170 - *444*   WS-2-15A-T-FLD1= (    CDABCDABCDABCDAB)
08:03:34.025 [main] INFO  c.c.app.process.impl.Refmod2Impl.mainlineSplit15 3172 - *445*   WS-2-15A-T-FLD2= (CDABCDABCDABZYXWZYXWZYXWZYXWZYXWZYXWZYX )
08:03:34.025 [main] INFO  c.c.app.process.impl.Refmod2Impl.mainlineSplit15 3195 - *446* WS-2-15A-S-GRP   = (***ABCDABCDABCDABCDABCDABCDABCDABZYXWZYXWZYXWZYXWZYXWZYXWZYXWZYXWZYXWZYXW)
08:03:34.026 [main] INFO  c.c.app.process.impl.Refmod2Impl.mainlineSplit15 3197 - *447* WS-2-15A-S       = (ABCDABCDABCDABCDABCDABCDABCDABZYXWZYXWZYXWZYXWZYXWZYXWZYXWZYXWZYXWZYXW)
08:03:34.026 [main] INFO  c.c.app.process.impl.Refmod2Impl.mainlineSplit15 3199 - *448*   WS-2-15A-S-FLD1= (ABCDABCDABCDABCDABCDABCDABCDAB)
08:03:34.028 [main] INFO  c.c.app.process.impl.Refmod2Impl.mainlineSplit16 3243 - *449*   WS-2-15A-S-FLD2= (ZYXWZYXWZYXWZYXWZYXWZYXWZYXWZYXWZYXWZYXW)
08:03:34.028 [main] INFO  c.c.app.process.impl.Refmod2Impl.mainlineSplit16 3245 - *450* WS-2-15A-T       = (    CDABCDABCDABCDABCDABCDABCDABZYXWZYXWZYXWZYXWZYXWZYXWZYX )
08:03:34.028 [main] INFO  c.c.app.process.impl.Refmod2Impl.mainlineSplit16 3247 - *451*   WS-2-15A-T-FLD1= (    CDABCDABCDABCDAB)
08:03:34.029 [main] INFO  c.c.app.process.impl.Refmod2Impl.mainlineSplit16 3249 - *452*   WS-2-15A-T-FLD2= (CDABCDABCDABZYXWZYXWZYXWZYXWZYXWZYXWZYX )
08:03:34.029 [main] INFO  c.c.app.process.impl.Refmod2Impl.mainlineSplit16 3269 - *453* WS-2-15B-S-GRP   = (***ABCDABCDABCDABCDABCDABCDABCDABZYXWZYXWZYXWZYXWZYXWZYXWZYXWZYXWZYXWZYXW)
08:03:34.029 [main] INFO  c.c.app.process.impl.Refmod2Impl.mainlineSplit16 3271 - *454* WS-2-15B-S       = (ABCDABCDABCDABCDABCDABCDABCDABZYXWZYXWZYXWZYXWZYXWZYXWZYXWZYXWZYXWZYXW)
08:03:34.029 [main] INFO  c.c.app.process.impl.Refmod2Impl.mainlineSplit16 3273 - *455*   WS-2-15B-S-FLD1= (ABCDABCDABCDABCDABCDABCDABCDAB)
08:03:34.030 [main] INFO  c.c.app.process.impl.Refmod2Impl.mainlineSplit16 3275 - *456*   WS-2-15B-S-FLD2= (ZYXWZYXWZYXWZYXWZYXWZYXWZYXWZYXWZYXWZYXW)
08:03:34.030 [main] INFO  c.c.app.process.impl.Refmod2Impl.mainlineSplit16 3277 - *457* WS-2-15B-T       = (    CDABCDABCDABCDABCDABCDABCDABZYXWZYXWZYXWZYXWZYXWZYXWZYXWZYXWZYXWZYX                  N)
08:03:34.030 [main] INFO  c.c.app.process.impl.Refmod2Impl.mainlineSplit16 3279 - *458*   WS-2-15B-T-FLD1= (    CDABCDABCDABCDAB)
08:03:34.030 [main] INFO  c.c.app.process.impl.Refmod2Impl.mainlineSplit16 3281 - *459*   WS-2-15B-T-FLD2= (CDABCDABCDABZYXWZYXWZYXWZYXWZYXWZYXWZYXW)
08:03:34.030 [main] INFO  c.c.app.process.impl.Refmod2Impl.mainlineSplit16 3283 - *460*   WS-2-15B-T-FLD3= (ZYXWZYXWZYX                  N)
08:03:34.030 [main] INFO  c.c.app.process.impl.Refmod2Impl.mainlineSplit16 3308 - *461* WS-2-15B-S-GRP   = (***ABCDABCDABCDABCDABCDABCDABCDABZYXWZYXWZYXWZYXWZYXWZYXWZYXWZYXWZYXWZYXW)
08:03:34.031 [main] INFO  c.c.app.process.impl.Refmod2Impl.mainlineSplit16 3310 - *462* WS-2-15B-S       = (ABCDABCDABCDABCDABCDABCDABCDABZYXWZYXWZYXWZYXWZYXWZYXWZYXWZYXWZYXWZYXW)
08:03:34.031 [main] INFO  c.c.app.process.impl.Refmod2Impl.mainlineSplit16 3312 - *463*   WS-2-15B-S-FLD1= (ABCDABCDABCDABCDABCDABCDABCDAB)
08:03:34.031 [main] INFO  c.c.app.process.impl.Refmod2Impl.mainlineSplit16 3314 - *464*   WS-2-15B-S-FLD2= (ZYXWZYXWZYXWZYXWZYXWZYXWZYXWZYXWZYXWZYXW)
08:03:34.031 [main] INFO  c.c.app.process.impl.Refmod2Impl.mainlineSplit16 3316 - *465* WS-2-15B-T       = (    CDABCDABCDABCDABCDABCDABCDABZYXWZYXWZYXWZYXWZYXWZYXWZYXWZYXWZYXWZYX                  N)
08:03:34.031 [main] INFO  c.c.app.process.impl.Refmod2Impl.mainlineSplit16 3318 - *466*   WS-2-15B-T-FLD1= (    CDABCDABCDABCDAB)
08:03:34.031 [main] INFO  c.c.app.process.impl.Refmod2Impl.mainlineSplit16 3320 - *467*   WS-2-15B-T-FLD2= (CDABCDABCDABZYXWZYXWZYXWZYXWZYXWZYXWZYXW)
08:03:34.031 [main] INFO  c.c.app.process.impl.Refmod2Impl.mainlineSplit16 3322 - *468*   WS-2-15B-T-FLD3= (ZYXWZYXWZYX                  N)
08:03:34.032 [main] INFO  c.c.app.process.impl.Refmod2Impl.mainlineSplit16 3338 - *469* WS-2-16A-S-GRP   = (***ABCDABCDABCDABCDABCDABCDABCDABCDABCDABCDABCDABCDABCDABCDABCDABCDABCDAB)
08:03:34.032 [main] INFO  c.c.app.process.impl.Refmod2Impl.mainlineSplit16 3340 - *470* WS-2-16A-S       = (ABCDABCDABCDABCDABCDABCDABCDABCDABCDABCDABCDABCDABCDABCDABCDABCDABCDAB)
08:03:34.032 [main] INFO  c.c.app.process.impl.Refmod2Impl.mainlineSplit16 3342 - *471* WS-2-16A-T       = (    CDABCDABCDABCDABCDABCDABCDABCDABCDABCDABCDABCDABCDABCDA )
08:03:34.032 [main] INFO  c.c.app.process.impl.Refmod2Impl.mainlineSplit16 3344 - *472*   WS-2-16A-T-FLD1= (    CDABCDABCDABCDAB)
08:03:34.032 [main] INFO  c.c.app.process.impl.Refmod2Impl.mainlineSplit16 3346 - *473*   WS-2-16A-T-FLD2= (CDABCDABCDABCDABCDABCDABCDABCDABCDABCDA )
08:03:34.032 [main] INFO  c.c.app.process.impl.Refmod2Impl.mainlineSplit16 3367 - *474* WS-2-16A-S-GRP   = (***ABCDABCDABCDABCDABCDABCDABCDABCDABCDABCDABCDABCDABCDABCDABCDABCDABCDAB)
08:03:34.033 [main] INFO  c.c.app.process.impl.Refmod2Impl.mainlineSplit16 3369 - *475* WS-2-16A-S       = (ABCDABCDABCDABCDABCDABCDABCDABCDABCDABCDABCDABCDABCDABCDABCDABCDABCDAB)
08:03:34.034 [main] INFO  c.c.app.process.impl.Refmod2Impl.mainlineSplit17 3412 - *476* WS-2-16A-T       = (    CDABCDABCDABCDABCDABCDABCDABCDABCDABCDABCDABCDABCDABCDA )
08:03:34.035 [main] INFO  c.c.app.process.impl.Refmod2Impl.mainlineSplit17 3414 - *477*   WS-2-16A-T-FLD1= (    CDABCDABCDABCDAB)
08:03:34.035 [main] INFO  c.c.app.process.impl.Refmod2Impl.mainlineSplit17 3416 - *478*   WS-2-16A-T-FLD2= (CDABCDABCDABCDABCDABCDABCDABCDABCDABCDA )
08:03:34.035 [main] INFO  c.c.app.process.impl.Refmod2Impl.mainlineSplit17 3434 - *479* WS-2-16B-S-GRP   = (***ABCDABCDABCDABCDABCDABCDABCDABCDABCDABCDABCDABCDABCDABCDABCDABCDABCDAB)
08:03:34.035 [main] INFO  c.c.app.process.impl.Refmod2Impl.mainlineSplit17 3436 - *480* WS-2-16B-S       = (ABCDABCDABCDABCDABCDABCDABCDABCDABCDABCDABCDABCDABCDABCDABCDABCDABCDAB)
08:03:34.035 [main] INFO  c.c.app.process.impl.Refmod2Impl.mainlineSplit17 3438 - *481* WS-2-16B-T       = (    CDABCDABCDABCDABCDABCDABCDABCDABCDABCDABCDABCDABCDABCDABCDABCDABCDA                  N)
08:03:34.035 [main] INFO  c.c.app.process.impl.Refmod2Impl.mainlineSplit17 3440 - *482*   WS-2-16B-T-FLD1= (    CDABCDABCDABCDAB)
08:03:34.036 [main] INFO  c.c.app.process.impl.Refmod2Impl.mainlineSplit17 3442 - *483*   WS-2-16B-T-FLD2= (CDABCDABCDABCDABCDABCDABCDABCDABCDABCDAB)
08:03:34.036 [main] INFO  c.c.app.process.impl.Refmod2Impl.mainlineSplit17 3444 - *484*   WS-2-16B-T-FLD3= (CDABCDABCDA                  N)
08:03:34.036 [main] INFO  c.c.app.process.impl.Refmod2Impl.mainlineSplit17 3467 - *485* WS-2-16B-S-GRP   = (***ABCDABCDABCDABCDABCDABCDABCDABCDABCDABCDABCDABCDABCDABCDABCDABCDABCDAB)
08:03:34.036 [main] INFO  c.c.app.process.impl.Refmod2Impl.mainlineSplit17 3469 - *486* WS-2-16B-S       = (ABCDABCDABCDABCDABCDABCDABCDABCDABCDABCDABCDABCDABCDABCDABCDABCDABCDAB)
08:03:34.036 [main] INFO  c.c.app.process.impl.Refmod2Impl.mainlineSplit17 3471 - *487* WS-2-16B-T       = (    CDABCDABCDABCDABCDABCDABCDABCDABCDABCDABCDABCDABCDABCDABCDABCDABCDA                  N)
08:03:34.037 [main] INFO  c.c.app.process.impl.Refmod2Impl.mainlineSplit17 3473 - *488*   WS-2-16B-T-FLD1= (    CDABCDABCDABCDAB)
08:03:34.037 [main] INFO  c.c.app.process.impl.Refmod2Impl.mainlineSplit17 3475 - *489*   WS-2-16B-T-FLD2= (CDABCDABCDABCDABCDABCDABCDABCDABCDABCDAB)
08:03:34.037 [main] INFO  c.c.app.process.impl.Refmod2Impl.mainlineSplit17 3477 - *490*   WS-2-16B-T-FLD3= (CDABCDABCDA                  N)
08:03:34.037 [main] INFO  c.c.app.process.impl.Refmod2Impl.mainlineSplit17 3495 - *491* WS-2-17A-S       = (ABCDABCDABCDABCDABCDABCDABCDABZYXWZYXWZYXWZYXWZYXWZYXWZYXWZYXWZYXWZYXW)
08:03:34.037 [main] INFO  c.c.app.process.impl.Refmod2Impl.mainlineSplit17 3497 - *492*   WS-2-17A-S-FLD1= (ABCDABCDABCDABCDABCDABCDABCDAB)
08:03:34.037 [main] INFO  c.c.app.process.impl.Refmod2Impl.mainlineSplit17 3499 - *493*   WS-2-17A-S-FLD2= (ZYXWZYXWZYXWZYXWZYXWZYXWZYXWZYXWZYXWZYXW)
08:03:34.037 [main] INFO  c.c.app.process.impl.Refmod2Impl.mainlineSplit17 3501 - *494* WS-2-17A-T-GRP   = (*****    CDABCDABCDABCDABCDABCDABCDABZYXWZYXWZYXWZYXWZYXWZYXWZYX )
08:03:34.038 [main] INFO  c.c.app.process.impl.Refmod2Impl.mainlineSplit17 3503 - *495* WS-2-17A-T       = (    CDABCDABCDABCDABCDABCDABCDABZYXWZYXWZYXWZYXWZYXWZYXWZYX )
08:03:34.038 [main] INFO  c.c.app.process.impl.Refmod2Impl.mainlineSplit17 3505 - *496*   WS-2-17A-T-FLD1= (    CDABCDABCDABCDAB)
08:03:34.038 [main] INFO  c.c.app.process.impl.Refmod2Impl.mainlineSplit17 3507 - *497*   WS-2-17A-T-FLD2= (CDABCDABCDABZYXWZYXWZYXWZYXWZYXWZYXWZYX )
08:03:34.038 [main] INFO  c.c.app.process.impl.Refmod2Impl.mainlineSplit17 3530 - *498* WS-2-17A-S       = (ABCDABCDABCDABCDABCDABCDABCDABZYXWZYXWZYXWZYXWZYXWZYXWZYXWZYXWZYXWZYXW)
08:03:34.038 [main] INFO  c.c.app.process.impl.Refmod2Impl.mainlineSplit17 3532 - *499*   WS-2-17A-S-FLD1= (ABCDABCDABCDABCDABCDABCDABCDAB)
08:03:34.039 [main] INFO  c.c.app.process.impl.Refmod2Impl.mainlineSplit17 3534 - *500*   WS-2-17A-S-FLD2= (ZYXWZYXWZYXWZYXWZYXWZYXWZYXWZYXWZYXWZYXW)
08:03:34.039 [main] INFO  c.c.app.process.impl.Refmod2Impl.mainlineSplit17 3536 - *501* WS-2-17A-T-GRP   = (*****    CDABCDABCDABCDABCDABCDABCDABZYXWZYXWZYXWZYXWZYXWZYXWZYX )
08:03:34.039 [main] INFO  c.c.app.process.impl.Refmod2Impl.mainlineSplit17 3538 - *502* WS-2-17A-T       = (    CDABCDABCDABCDABCDABCDABCDABZYXWZYXWZYXWZYXWZYXWZYXWZYX )
08:03:34.040 [main] INFO  c.c.app.process.impl.Refmod2Impl.mainlineSplit18 3580 - *503*   WS-2-17A-T-FLD1= (    CDABCDABCDABCDAB)
08:03:34.040 [main] INFO  c.c.app.process.impl.Refmod2Impl.mainlineSplit18 3582 - *504*   WS-2-17A-T-FLD2= (CDABCDABCDABZYXWZYXWZYXWZYXWZYXWZYXWZYX )
08:03:34.041 [main] INFO  c.c.app.process.impl.Refmod2Impl.mainlineSplit18 3602 - *505* WS-2-17B-S       = (ABCDABCDABCDABCDABCDABCDABCDABZYXWZYXWZYXWZYXWZYXWZYXWZYXWZYXWZYXWZYXW)
08:03:34.041 [main] INFO  c.c.app.process.impl.Refmod2Impl.mainlineSplit18 3604 - *506*   WS-2-17B-S-FLD1= (ABCDABCDABCDABCDABCDABCDABCDAB)
08:03:34.041 [main] INFO  c.c.app.process.impl.Refmod2Impl.mainlineSplit18 3606 - *507*   WS-2-17B-S-FLD2= (ZYXWZYXWZYXWZYXWZYXWZYXWZYXWZYXWZYXWZYXW)
08:03:34.041 [main] INFO  c.c.app.process.impl.Refmod2Impl.mainlineSplit18 3608 - *508* WS-2-17B-T-GRP   = (*****    CDABCDABCDABCDABCDABCDABCDABZYXWZYXWZYXWZYXWZYXWZYXWZYXWZYXWZYXWZYX                  N)
08:03:34.041 [main] INFO  c.c.app.process.impl.Refmod2Impl.mainlineSplit18 3610 - *509* WS-2-17B-T       = (    CDABCDABCDABCDABCDABCDABCDABZYXWZYXWZYXWZYXWZYXWZYXWZYXWZYXWZYXWZYX                  N)
08:03:34.042 [main] INFO  c.c.app.process.impl.Refmod2Impl.mainlineSplit18 3612 - *510*   WS-2-17B-T-FLD1= (    CDABCDABCDABCDAB)
08:03:34.042 [main] INFO  c.c.app.process.impl.Refmod2Impl.mainlineSplit18 3614 - *511*   WS-2-17B-T-FLD2= (CDABCDABCDABZYXWZYXWZYXWZYXWZYXWZYXWZYXW)
08:03:34.042 [main] INFO  c.c.app.process.impl.Refmod2Impl.mainlineSplit18 3616 - *512*   WS-2-17B-T-FLD3= (ZYXWZYXWZYX                  N)
08:03:34.042 [main] INFO  c.c.app.process.impl.Refmod2Impl.mainlineSplit18 3641 - *513* WS-2-17B-S       = (ABCDABCDABCDABCDABCDABCDABCDABZYXWZYXWZYXWZYXWZYXWZYXWZYXWZYXWZYXWZYXW)
08:03:34.042 [main] INFO  c.c.app.process.impl.Refmod2Impl.mainlineSplit18 3643 - *514*   WS-2-17B-S-FLD1= (ABCDABCDABCDABCDABCDABCDABCDAB)
08:03:34.043 [main] INFO  c.c.app.process.impl.Refmod2Impl.mainlineSplit18 3645 - *515*   WS-2-17B-S-FLD2= (ZYXWZYXWZYXWZYXWZYXWZYXWZYXWZYXWZYXWZYXW)
08:03:34.043 [main] INFO  c.c.app.process.impl.Refmod2Impl.mainlineSplit18 3647 - *516* WS-2-17B-T-GRP   = (*****    CDABCDABCDABCDABCDABCDABCDABZYXWZYXWZYXWZYXWZYXWZYXWZYXWZYXWZYXWZYX                  N)
08:03:34.043 [main] INFO  c.c.app.process.impl.Refmod2Impl.mainlineSplit18 3649 - *517* WS-2-17B-T       = (    CDABCDABCDABCDABCDABCDABCDABZYXWZYXWZYXWZYXWZYXWZYXWZYXWZYXWZYXWZYX                  N)
08:03:34.043 [main] INFO  c.c.app.process.impl.Refmod2Impl.mainlineSplit18 3651 - *518*   WS-2-17B-T-FLD1= (    CDABCDABCDABCDAB)
08:03:34.043 [main] INFO  c.c.app.process.impl.Refmod2Impl.mainlineSplit18 3653 - *519*   WS-2-17B-T-FLD2= (CDABCDABCDABZYXWZYXWZYXWZYXWZYXWZYXWZYXW)
08:03:34.043 [main] INFO  c.c.app.process.impl.Refmod2Impl.mainlineSplit18 3655 - *520*   WS-2-17B-T-FLD3= (ZYXWZYXWZYX                  N)
08:03:34.044 [main] INFO  c.c.app.process.impl.Refmod2Impl.mainlineSplit18 3671 - *521* WS-2-18A-S       = (ABCDABCDABCDABCDABCDABCDABCDABCDABCDABCDABCDABCDABCDABCDABCDABCDABCDAB)
08:03:34.044 [main] INFO  c.c.app.process.impl.Refmod2Impl.mainlineSplit18 3673 - *522* WS-2-18A-T-GRP   = (*****    CDABCDABCDABCDABCDABCDABCDABCDABCDABCDABCDABCDABCDABCDA )
08:03:34.044 [main] INFO  c.c.app.process.impl.Refmod2Impl.mainlineSplit18 3675 - *523* WS-2-18A-T       = (    CDABCDABCDABCDABCDABCDABCDABCDABCDABCDABCDABCDABCDABCDA )
08:03:34.044 [main] INFO  c.c.app.process.impl.Refmod2Impl.mainlineSplit18 3677 - *524*   WS-2-18A-T-FLD1= (    CDABCDABCDABCDAB)
08:03:34.044 [main] INFO  c.c.app.process.impl.Refmod2Impl.mainlineSplit18 3679 - *525*   WS-2-18A-T-FLD2= (CDABCDABCDABCDABCDABCDABCDABCDABCDABCDA )
08:03:34.045 [main] INFO  c.c.app.process.impl.Refmod2Impl.mainlineSplit18 3700 - *526* WS-2-18A-S       = (ABCDABCDABCDABCDABCDABCDABCDABCDABCDABCDABCDABCDABCDABCDABCDABCDABCDAB)
08:03:34.045 [main] INFO  c.c.app.process.impl.Refmod2Impl.mainlineSplit18 3702 - *527* WS-2-18A-T-GRP   = (*****    CDABCDABCDABCDABCDABCDABCDABCDABCDABCDABCDABCDABCDABCDA )
08:03:34.045 [main] INFO  c.c.app.process.impl.Refmod2Impl.mainlineSplit18 3704 - *528* WS-2-18A-T       = (    CDABCDABCDABCDABCDABCDABCDABCDABCDABCDABCDABCDABCDABCDA )
08:03:34.045 [main] INFO  c.c.app.process.impl.Refmod2Impl.mainlineSplit18 3706 - *529*   WS-2-18A-T-FLD1= (    CDABCDABCDABCDAB)
08:03:34.047 [main] INFO  c.c.app.process.impl.Refmod2Impl.mainlineSplit19 3750 - *530*   WS-2-18A-T-FLD2= (CDABCDABCDABCDABCDABCDABCDABCDABCDABCDA )
08:03:34.048 [main] INFO  c.c.app.process.impl.Refmod2Impl.mainlineSplit19 3768 - *531* WS-2-18B-S       = (ABCDABCDABCDABCDABCDABCDABCDABCDABCDABCDABCDABCDABCDABCDABCDABCDABCDAB)
08:03:34.048 [main] INFO  c.c.app.process.impl.Refmod2Impl.mainlineSplit19 3770 - *532* WS-2-18B-T-GRP   = (*****    CDABCDABCDABCDABCDABCDABCDABCDABCDABCDABCDABCDABCDABCDABCDABCDABCDA                  N)
08:03:34.048 [main] INFO  c.c.app.process.impl.Refmod2Impl.mainlineSplit19 3772 - *533* WS-2-18B-T       = (    CDABCDABCDABCDABCDABCDABCDABCDABCDABCDABCDABCDABCDABCDABCDABCDABCDA                  N)
08:03:34.048 [main] INFO  c.c.app.process.impl.Refmod2Impl.mainlineSplit19 3774 - *534*   WS-2-18B-T-FLD1= (    CDABCDABCDABCDAB)
08:03:34.048 [main] INFO  c.c.app.process.impl.Refmod2Impl.mainlineSplit19 3776 - *535*   WS-2-18B-T-FLD2= (CDABCDABCDABCDABCDABCDABCDABCDABCDABCDAB)
08:03:34.049 [main] INFO  c.c.app.process.impl.Refmod2Impl.mainlineSplit19 3778 - *536*   WS-2-18B-T-FLD3= (CDABCDABCDA                  N)
08:03:34.049 [main] INFO  c.c.app.process.impl.Refmod2Impl.mainlineSplit19 3801 - *537* WS-2-18B-S       = (ABCDABCDABCDABCDABCDABCDABCDABCDABCDABCDABCDABCDABCDABCDABCDABCDABCDAB)
08:03:34.050 [main] INFO  c.c.app.process.impl.Refmod2Impl.mainlineSplit19 3803 - *538* WS-2-18B-T-GRP   = (*****    CDABCDABCDABCDABCDABCDABCDABCDABCDABCDABCDABCDABCDABCDABCDABCDABCDA                  N)
08:03:34.050 [main] INFO  c.c.app.process.impl.Refmod2Impl.mainlineSplit19 3805 - *539* WS-2-18B-T       = (    CDABCDABCDABCDABCDABCDABCDABCDABCDABCDABCDABCDABCDABCDABCDABCDABCDA                  N)
08:03:34.050 [main] INFO  c.c.app.process.impl.Refmod2Impl.mainlineSplit19 3807 - *540*   WS-2-18B-T-FLD1= (    CDABCDABCDABCDAB)
08:03:34.050 [main] INFO  c.c.app.process.impl.Refmod2Impl.mainlineSplit19 3809 - *541*   WS-2-18B-T-FLD2= (CDABCDABCDABCDABCDABCDABCDABCDABCDABCDAB)
08:03:34.050 [main] INFO  c.c.app.process.impl.Refmod2Impl.mainlineSplit19 3811 - *542*   WS-2-18B-T-FLD3= (CDABCDABCDA                  N)
08:03:34.051 [main] INFO  c.c.app.process.impl.Refmod2Impl.mainlineSplit19 3829 - *543* WS-2-19A-S       = (ABCDABCDABCDABCDABCDABCDABCDABZYXWZYXWZYXWZYXWZYXWZYXWZYXWZYXWZYXWZYXW)
08:03:34.052 [main] INFO  c.c.app.process.impl.Refmod2Impl.mainlineSplit19 3831 - *544*   WS-2-19A-S-FLD1= (ABCDABCDABCDABCDABCDABCDABCDAB)
08:03:34.052 [main] INFO  c.c.app.process.impl.Refmod2Impl.mainlineSplit19 3833 - *545*   WS-2-19A-S-FLD2= (ZYXWZYXWZYXWZYXWZYXWZYXWZYXWZYXWZYXWZYXW)
08:03:34.052 [main] INFO  c.c.app.process.impl.Refmod2Impl.mainlineSplit19 3835 - *546* WS-2-19A-T-GRP   = (*****    ABCDABCDABCDABCDABCDABCDABCDABZYXWZYXWZYXWZYXWZYXWZYXWZ )
08:03:34.052 [main] INFO  c.c.app.process.impl.Refmod2Impl.mainlineSplit19 3837 - *547* WS-2-19A-T       = (    ABCDABCDABCDABCDABCDABCDABCDABZYXWZYXWZYXWZYXWZYXWZYXWZ )
08:03:34.052 [main] INFO  c.c.app.process.impl.Refmod2Impl.mainlineSplit19 3839 - *548*   WS-2-19A-T-FLD1= (    ABCDABCDABCDABCD)
08:03:34.053 [main] INFO  c.c.app.process.impl.Refmod2Impl.mainlineSplit19 3841 - *549*   WS-2-19A-T-FLD2= (ABCDABCDABCDABZYXWZYXWZYXWZYXWZYXWZYXWZ )
08:03:34.053 [main] INFO  c.c.app.process.impl.Refmod2Impl.mainlineSplit19 3860 - *550* WS-2-19A-S       = (ABCDABCDABCDABCDABCDABCDABCDABZYXWZYXWZYXWZYXWZYXWZYXWZYXWZYXWZYXWZYXW)
08:03:34.053 [main] INFO  c.c.app.process.impl.Refmod2Impl.mainlineSplit19 3862 - *551*   WS-2-19A-S-FLD1= (ABCDABCDABCDABCDABCDABCDABCDAB)
08:03:34.053 [main] INFO  c.c.app.process.impl.Refmod2Impl.mainlineSplit19 3864 - *552*   WS-2-19A-S-FLD2= (ZYXWZYXWZYXWZYXWZYXWZYXWZYXWZYXWZYXWZYXW)
08:03:34.053 [main] INFO  c.c.app.process.impl.Refmod2Impl.mainlineSplit19 3866 - *553* WS-2-19A-T-GRP   = (*****    ABCDABCDABCDABCDABCDABCDABCDABZYXWZYXWZYXWZYXWZYXWZYXWZ )
08:03:34.054 [main] INFO  c.c.app.process.impl.Refmod2Impl.mainlineSplit19 3868 - *554* WS-2-19A-T       = (    ABCDABCDABCDABCDABCDABCDABCDABZYXWZYXWZYXWZYXWZYXWZYXWZ )
08:03:34.054 [main] INFO  c.c.app.process.impl.Refmod2Impl.mainlineSplit19 3870 - *555*   WS-2-19A-T-FLD1= (    ABCDABCDABCDABCD)
08:03:34.054 [main] INFO  c.c.app.process.impl.Refmod2Impl.mainlineSplit19 3872 - *556*   WS-2-19A-T-FLD2= (ABCDABCDABCDABZYXWZYXWZYXWZYXWZYXWZYXWZ )
08:03:34.055 [main] INFO  c.c.app.process.impl.Refmod2Impl.mainlineSplit20 3930 - *557* WS-2-19B-S       = (ABCDABCDABCDABCDABCDABCDABCDABZYXWZYXWZYXWZYXWZYXWZYXWZYXWZYXWZYXWZYXW)
08:03:34.055 [main] INFO  c.c.app.process.impl.Refmod2Impl.mainlineSplit20 3932 - *558*   WS-2-19B-S-FLD1= (ABCDABCDABCDABCDABCDABCDABCDAB)
08:03:34.055 [main] INFO  c.c.app.process.impl.Refmod2Impl.mainlineSplit20 3934 - *559*   WS-2-19B-S-FLD2= (ZYXWZYXWZYXWZYXWZYXWZYXWZYXWZYXWZYXWZYXW)
08:03:34.055 [main] INFO  c.c.app.process.impl.Refmod2Impl.mainlineSplit20 3936 - *560* WS-2-19B-T-GRP   = (*****    ABCDABCDABCDABCDABCDABCDABCDABZYXWZYXWZYXWZYXWZYXWZYXWZYXWZYXWZYXWZYXW               N)
08:03:34.056 [main] INFO  c.c.app.process.impl.Refmod2Impl.mainlineSplit20 3938 - *561* WS-2-19B-T       = (    ABCDABCDABCDABCDABCDABCDABCDABZYXWZYXWZYXWZYXWZYXWZYXWZYXWZYXWZYXWZYXW               N)
08:03:34.057 [main] INFO  c.c.app.process.impl.Refmod2Impl.mainlineSplit20 3940 - *562*   WS-2-19B-T-FLD1= (    ABCDABCDABCDABCD)
08:03:34.057 [main] INFO  c.c.app.process.impl.Refmod2Impl.mainlineSplit20 3942 - *563*   WS-2-19B-T-FLD2= (ABCDABCDABCDABZYXWZYXWZYXWZYXWZYXWZYXWZY)
08:03:34.057 [main] INFO  c.c.app.process.impl.Refmod2Impl.mainlineSplit20 3944 - *564*   WS-2-19B-T-FLD3= (XWZYXWZYXWZYXW               N)
08:03:34.057 [main] INFO  c.c.app.process.impl.Refmod2Impl.mainlineSplit20 3965 - *565* WS-2-19B-S       = (ABCDABCDABCDABCDABCDABCDABCDABZYXWZYXWZYXWZYXWZYXWZYXWZYXWZYXWZYXWZYXW)
08:03:34.057 [main] INFO  c.c.app.process.impl.Refmod2Impl.mainlineSplit20 3967 - *566*   WS-2-19B-S-FLD1= (ABCDABCDABCDABCDABCDABCDABCDAB)
08:03:34.057 [main] INFO  c.c.app.process.impl.Refmod2Impl.mainlineSplit20 3969 - *567*   WS-2-19B-S-FLD2= (ZYXWZYXWZYXWZYXWZYXWZYXWZYXWZYXWZYXWZYXW)
08:03:34.058 [main] INFO  c.c.app.process.impl.Refmod2Impl.mainlineSplit20 3971 - *568* WS-2-19B-T-GRP   = (*****    ABCDABCDABCDABCDABCDABCDABCDABZYXWZYXWZYXWZYXWZYXWZYXWZYXWZYXWZYXWZYXW               N)
08:03:34.061 [main] INFO  c.c.app.process.impl.Refmod2Impl.mainlineSplit20 3973 - *569* WS-2-19B-T       = (    ABCDABCDABCDABCDABCDABCDABCDABZYXWZYXWZYXWZYXWZYXWZYXWZYXWZYXWZYXWZYXW               N)
08:03:34.061 [main] INFO  c.c.app.process.impl.Refmod2Impl.mainlineSplit20 3975 - *570*   WS-2-19B-T-FLD1= (    ABCDABCDABCDABCD)
08:03:34.062 [main] INFO  c.c.app.process.impl.Refmod2Impl.mainlineSplit20 3977 - *571*   WS-2-19B-T-FLD2= (ABCDABCDABCDABZYXWZYXWZYXWZYXWZYXWZYXWZY)
08:03:34.062 [main] INFO  c.c.app.process.impl.Refmod2Impl.mainlineSplit20 3979 - *572*   WS-2-19B-T-FLD3= (XWZYXWZYXWZYXW               N)
08:03:34.062 [main] INFO  c.c.app.process.impl.Refmod2Impl.mainlineSplit20 3995 - *573* WS-2-20A-S       = (ABCDABCDABCDABCDABCDABCDABCDABCDABCDABCDABCDABCDABCDABCDABCDABCDABCDAB)
08:03:34.062 [main] INFO  c.c.app.process.impl.Refmod2Impl.mainlineSplit20 3997 - *574* WS-2-20A-T-GRP   = (*****    ABCDABCDABCDABCDABCDABCDABCDABCDABCDABCDABCDABCDABCDABC )
08:03:34.065 [main] INFO  c.c.app.process.impl.Refmod2Impl.mainlineSplit20 3999 - *575* WS-2-20A-T       = (    ABCDABCDABCDABCDABCDABCDABCDABCDABCDABCDABCDABCDABCDABC )
08:03:34.065 [main] INFO  c.c.app.process.impl.Refmod2Impl.mainlineSplit20 4001 - *576*   WS-2-20A-T-FLD1= (    ABCDABCDABCDABCD)
08:03:34.065 [main] INFO  c.c.app.process.impl.Refmod2Impl.mainlineSplit20 4003 - *577*   WS-2-20A-T-FLD2= (ABCDABCDABCDABCDABCDABCDABCDABCDABCDABC )
08:03:34.066 [main] INFO  c.c.app.process.impl.Refmod2Impl.mainlineSplit20 4020 - *578* WS-2-20A-S       = (ABCDABCDABCDABCDABCDABCDABCDABCDABCDABCDABCDABCDABCDABCDABCDABCDABCDAB)
08:03:34.066 [main] INFO  c.c.app.process.impl.Refmod2Impl.mainlineSplit20 4022 - *579* WS-2-20A-T-GRP   = (*****    ABCDABCDABCDABCDABCDABCDABCDABCDABCDABCDABCDABCDABCDABC )
08:03:34.066 [main] INFO  c.c.app.process.impl.Refmod2Impl.mainlineSplit20 4024 - *580* WS-2-20A-T       = (    ABCDABCDABCDABCDABCDABCDABCDABCDABCDABCDABCDABCDABCDABC )
08:03:34.066 [main] INFO  c.c.app.process.impl.Refmod2Impl.mainlineSplit20 4026 - *581*   WS-2-20A-T-FLD1= (    ABCDABCDABCDABCD)
08:03:34.066 [main] INFO  c.c.app.process.impl.Refmod2Impl.mainlineSplit20 4028 - *582*   WS-2-20A-T-FLD2= (ABCDABCDABCDABCDABCDABCDABCDABCDABCDABC )
08:03:34.066 [main] INFO  c.c.app.process.impl.Refmod2Impl.mainlineSplit20 4046 - *583* WS-2-20B-S       = (ABCDABCDABCDABCDABCDABCDABCDABCDABCDABCDABCDABCDABCDABCDABCDABCDABCDAB)
08:03:34.067 [main] INFO  c.c.app.process.impl.Refmod2Impl.mainlineSplit20 4048 - *584* WS-2-20B-T-GRP   = (*****    ABCDABCDABCDABCDABCDABCDABCDABCDABCDABCDABCDABCDABCDABCDABCDABCDABCDAB               N)
08:03:34.067 [main] INFO  c.c.app.process.impl.Refmod2Impl.mainlineSplit20 4050 - *585* WS-2-20B-T       = (    ABCDABCDABCDABCDABCDABCDABCDABCDABCDABCDABCDABCDABCDABCDABCDABCDABCDAB               N)
08:03:34.070 [main] INFO  c.c.app.process.impl.Refmod2Impl.mainlineSplit21 4105 - *586*   WS-2-20B-T-FLD1= (    ABCDABCDABCDABCD)
08:03:34.070 [main] INFO  c.c.app.process.impl.Refmod2Impl.mainlineSplit21 4107 - *587*   WS-2-20B-T-FLD2= (ABCDABCDABCDABCDABCDABCDABCDABCDABCDABCD)
08:03:34.070 [main] INFO  c.c.app.process.impl.Refmod2Impl.mainlineSplit21 4109 - *588*   WS-2-20B-T-FLD3= (ABCDABCDABCDAB               N)
08:03:34.071 [main] INFO  c.c.app.process.impl.Refmod2Impl.mainlineSplit21 4128 - *589* WS-2-20B-S       = (ABCDABCDABCDABCDABCDABCDABCDABCDABCDABCDABCDABCDABCDABCDABCDABCDABCDAB)
08:03:34.071 [main] INFO  c.c.app.process.impl.Refmod2Impl.mainlineSplit21 4130 - *590* WS-2-20B-T-GRP   = (*****    ABCDABCDABCDABCDABCDABCDABCDABCDABCDABCDABCDABCDABCDABCDABCDABCDABCDAB               N)
08:03:34.071 [main] INFO  c.c.app.process.impl.Refmod2Impl.mainlineSplit21 4132 - *591* WS-2-20B-T       = (    ABCDABCDABCDABCDABCDABCDABCDABCDABCDABCDABCDABCDABCDABCDABCDABCDABCDAB               N)
08:03:34.071 [main] INFO  c.c.app.process.impl.Refmod2Impl.mainlineSplit21 4134 - *592*   WS-2-20B-T-FLD1= (    ABCDABCDABCDABCD)
08:03:34.071 [main] INFO  c.c.app.process.impl.Refmod2Impl.mainlineSplit21 4136 - *593*   WS-2-20B-T-FLD2= (ABCDABCDABCDABCDABCDABCDABCDABCDABCDABCD)
08:03:34.071 [main] INFO  c.c.app.process.impl.Refmod2Impl.mainlineSplit21 4138 - *594*   WS-2-20B-T-FLD3= (ABCDABCDABCDAB               N)
08:03:34.072 [main] INFO  c.c.app.process.impl.Refmod2Impl.mainlineSplit21 4157 - *595* WSE-2-1A-S        = (ABCDABCDABCDABCDABCDABCDABCDABZYXWZYXWZYXWZYXWZYXWZYXWZYXWZY)
08:03:34.072 [main] INFO  c.c.app.process.impl.Refmod2Impl.mainlineSplit21 4159 - *596*   WSE-2-1A-S-FLD1 = (ABCDABCDABCDABCDABCDABCDABCDAB)
08:03:34.072 [main] INFO  c.c.app.process.impl.Refmod2Impl.mainlineSplit21 4161 - *597*   WSE-2-1A-S-FLD2 = (ZYXWZYXWZYXWZYXWZYXWZYXWZYXWZY)
08:03:34.072 [main] INFO  c.c.app.process.impl.Refmod2Impl.mainlineSplit21 4163 - *598* WSE-2-1A-T        = (ABCDABCDABCDABCDABCDABCDABCDABZYXWZYXWZYXWZYXWZYXWZYXWZYXWZY)
08:03:34.072 [main] INFO  c.c.app.process.impl.Refmod2Impl.mainlineSplit21 4165 - *599*   WSE-2-1A-T-FLD1 = (ABCDABCDABCDABCDABCD)
08:03:34.073 [main] INFO  c.c.app.process.impl.Refmod2Impl.mainlineSplit21 4167 - *600*   WSE-2-1A-T-FLD2 = (ABCDABCDABZYXWZYXWZYXWZYXWZYXWZYXWZYXWZY)
08:03:34.073 [main] INFO  c.c.app.process.impl.Refmod2Impl.mainlineSplit21 4186 - *601* WSE-2-1B-S        = (ABCDABCDABCDABCDABCDABCDABCDABZYXWZYXWZYXWZYXWZYXWZYXWZYXWZY)
08:03:34.073 [main] INFO  c.c.app.process.impl.Refmod2Impl.mainlineSplit21 4188 - *602*   WSE-2-1B-S-FLD1 = (ABCDABCDABCDABCDABCDABCDABCDAB)
08:03:34.073 [main] INFO  c.c.app.process.impl.Refmod2Impl.mainlineSplit21 4190 - *603*   WSE-2-1B-S-FLD2 = (ZYXWZYXWZYXWZYXWZYXWZYXWZYXWZY)
08:03:34.073 [main] INFO  c.c.app.process.impl.Refmod2Impl.mainlineSplit21 4192 - *604* WSE-2-1B-T        = (ABCDABCDABCDABCDABCDABCDABCDABZYXWZYXWZYXWZYXWZYXWZYXWZYXWZY)
08:03:34.074 [main] INFO  c.c.app.process.impl.Refmod2Impl.mainlineSplit21 4194 - *605*   WSE-2-1B-T-FLD1 = (ABCDABCDAB)
08:03:34.074 [main] INFO  c.c.app.process.impl.Refmod2Impl.mainlineSplit21 4196 - *606*   WSE-2-1B-T-FLD2 = (CDABCDABCDABCDABCDAB)
08:03:34.074 [main] INFO  c.c.app.process.impl.Refmod2Impl.mainlineSplit21 4198 - *607*   WSE-2-1B-T-FLD3 = (ZYXWZYXWZYXWZYXWZYXWZYXWZYXWZY)
08:03:34.074 [main] INFO  c.c.app.process.impl.Refmod2Impl.mainlineSplit21 4213 - *608* WSE-2-2A-S        = (ABCDABCDABCDABCDABCDABCDABCDABCDABCDABCDABCDABCDABCDABCDABCD)
08:03:34.074 [main] INFO  c.c.app.process.impl.Refmod2Impl.mainlineSplit21 4215 - *609* WSE-2-2A-T        = (ABCDABCDABCDABCDABCDABCDABCDABCDABCDABCDABCDABCDABCDABCDABCD)
08:03:34.074 [main] INFO  c.c.app.process.impl.Refmod2Impl.mainlineSplit21 4217 - *610*   WSE-2-2A-T-FLD1 = (ABCDABCDABCDABCDABCD)
08:03:34.075 [main] INFO  c.c.app.process.impl.Refmod2Impl.mainlineSplit21 4219 - *611*   WSE-2-2A-T-FLD2 = (ABCDABCDABCDABCDABCDABCDABCDABCDABCDABCD)
08:03:34.075 [main] INFO  c.c.app.process.impl.Refmod2Impl.mainlineSplit21 4236 - *612* WSE-2-2B-S        = (ABCDABCDABCDABCDABCDABCDABCDABCDABCDABCDABCDABCDABCDABCDABCD)
08:03:34.075 [main] INFO  c.c.app.process.impl.Refmod2Impl.mainlineSplit21 4238 - *613* WSE-2-2B-T        = (ABCDABCDABCDABCDABCDABCDABCDABCDABCDABCDABCDABCDABCDABCDABCD)
08:03:34.075 [main] INFO  c.c.app.process.impl.Refmod2Impl.mainlineSplit21 4240 - *614*   WSE-2-2B-T-FLD1 = (ABCDABCDAB)
08:03:34.078 [main] INFO  c.c.app.process.impl.Refmod2Impl.mainlineSplit22 4293 - *615*   WSE-2-2B-T-FLD2 = (CDABCDABCDABCDABCDAB)
08:03:34.079 [main] INFO  c.c.app.process.impl.Refmod2Impl.mainlineSplit22 4295 - *616*   WSE-2-2B-T-FLD3 = (CDABCDABCDABCDABCDABCDABCDABCD)
08:03:34.079 [main] INFO  c.c.app.process.impl.Refmod2Impl.mainlineSplit22 4312 - *617* WSE-2-3A-S        = (ABCDABCDABCDABCDABCDABCDABCDABZYXWZYXWZYXWZYXWZYXWZYXWZYXWZY)
08:03:34.079 [main] INFO  c.c.app.process.impl.Refmod2Impl.mainlineSplit22 4314 - *618*   WSE-2-3A-S-FLD1 = (ABCDABCDABCDABCDABCDABCDABCDAB)
08:03:34.079 [main] INFO  c.c.app.process.impl.Refmod2Impl.mainlineSplit22 4316 - *619*   WSE-2-3A-S-FLD2 = (ZYXWZYXWZYXWZYXWZYXWZYXWZYXWZY)
08:03:34.080 [main] INFO  c.c.app.process.impl.Refmod2Impl.mainlineSplit22 4318 - *620* WSE-2-3A-T        = (ABCDABCDABCDABCDABCDABCDABCDABZYXWZYXWZYXWZYXWZYXWZYXWZYXWZY)
08:03:34.080 [main] INFO  c.c.app.process.impl.Refmod2Impl.mainlineSplit22 4320 - *621*   WSE-2-3A-T-FLD1 = (ABCDABCDABCDABCDABCD)
08:03:34.080 [main] INFO  c.c.app.process.impl.Refmod2Impl.mainlineSplit22 4322 - *622*   WSE-2-3A-T-FLD2 = (ABCDABCDABZYXWZYXWZYXWZYXWZYXWZYXWZYXWZY)
08:03:34.080 [main] INFO  c.c.app.process.impl.Refmod2Impl.mainlineSplit22 4341 - *623* WSE-2-3B-S        = (ABCDABCDABCDABCDABCDABCDABCDABZYXWZYXWZYXWZYXWZYXWZYXWZYXWZY)
08:03:34.080 [main] INFO  c.c.app.process.impl.Refmod2Impl.mainlineSplit22 4343 - *624*   WSE-2-3B-S-FLD1 = (ABCDABCDABCDABCDABCDABCDABCDAB)
08:03:34.081 [main] INFO  c.c.app.process.impl.Refmod2Impl.mainlineSplit22 4345 - *625*   WSE-2-3B-S-FLD2 = (ZYXWZYXWZYXWZYXWZYXWZYXWZYXWZY)
08:03:34.081 [main] INFO  c.c.app.process.impl.Refmod2Impl.mainlineSplit22 4347 - *626* WSE-2-3B-T        = (ABCDABCDABCDABCDABCDABCDABCDABZYXWZYXWZYXWZYXWZYXWZYXWZYXWZY)
08:03:34.081 [main] INFO  c.c.app.process.impl.Refmod2Impl.mainlineSplit22 4349 - *627*   WSE-2-3B-T-FLD1 = (ABCDABCDAB)
08:03:34.081 [main] INFO  c.c.app.process.impl.Refmod2Impl.mainlineSplit22 4351 - *628*   WSE-2-3B-T-FLD2 = (CDABCDABCDABCDABCDAB)
08:03:34.081 [main] INFO  c.c.app.process.impl.Refmod2Impl.mainlineSplit22 4353 - *629*   WSE-2-3B-T-FLD3 = (ZYXWZYXWZYXWZYXWZYXWZYXWZYXWZY)
08:03:34.081 [main] INFO  c.c.app.process.impl.Refmod2Impl.mainlineSplit22 4368 - *630* WSE-2-4A-S        = (ABCDABCDABCDABCDABCDABCDABCDABCDABCDABCDABCDABCDABCDABCDABCD)
08:03:34.082 [main] INFO  c.c.app.process.impl.Refmod2Impl.mainlineSplit22 4370 - *631* WSE-2-4A-T        = (ABCDABCDABCDABCDABCDABCDABCDABCDABCDABCDABCDABCDABCDABCDABCD)
08:03:34.082 [main] INFO  c.c.app.process.impl.Refmod2Impl.mainlineSplit22 4372 - *632*   WSE-2-4A-T-FLD1 = (ABCDABCDABCDABCDABCD)
08:03:34.082 [main] INFO  c.c.app.process.impl.Refmod2Impl.mainlineSplit22 4374 - *633*   WSE-2-4A-T-FLD2 = (ABCDABCDABCDABCDABCDABCDABCDABCDABCDABCD)
08:03:34.082 [main] INFO  c.c.app.process.impl.Refmod2Impl.mainlineSplit22 4391 - *634* WSE-2-4B-S        = (ABCDABCDABCDABCDABCDABCDABCDABCDABCDABCDABCDABCDABCDABCDABCD)
08:03:34.082 [main] INFO  c.c.app.process.impl.Refmod2Impl.mainlineSplit22 4393 - *635* WSE-2-4B-T        = (ABCDABCDABCDABCDABCDABCDABCDABCDABCDABCDABCDABCDABCDABCDABCD)
08:03:34.082 [main] INFO  c.c.app.process.impl.Refmod2Impl.mainlineSplit22 4395 - *636*   WSE-2-4B-T-FLD1 = (ABCDABCDAB)
08:03:34.083 [main] INFO  c.c.app.process.impl.Refmod2Impl.mainlineSplit22 4397 - *637*   WSE-2-4B-T-FLD2 = (CDABCDABCDABCDABCDAB)
08:03:34.083 [main] INFO  c.c.app.process.impl.Refmod2Impl.mainlineSplit22 4399 - *638*   WSE-2-4B-T-FLD3 = (CDABCDABCDABCDABCDABCDABCDABCD)
08:03:34.083 [main] INFO  c.c.app.process.impl.Refmod2Impl.mainlineSplit22 4416 - *639* WSE-2-1A-S        = (ABCDABCDABCDABCDABCDABCDABCDABZYXWZYXWZYXWZYXWZYXWZYXWZYXWZY)
08:03:34.083 [main] INFO  c.c.app.process.impl.Refmod2Impl.mainlineSplit22 4418 - *640*   WSE-2-1A-S-FLD1 = (ABCDABCDABCDABCDABCDABCDABCDAB)
08:03:34.083 [main] INFO  c.c.app.process.impl.Refmod2Impl.mainlineSplit22 4420 - *641*   WSE-2-1A-S-FLD2 = (ZYXWZYXWZYXWZYXWZYXWZYXWZYXWZY)
08:03:34.083 [main] INFO  c.c.app.process.impl.Refmod2Impl.mainlineSplit22 4422 - *642* WSE-2-1A-T        = (    CDABCDABCDABCDABCDABCDABCDABZYXWZYXWZYXWZYXWZYXWZYXWZYX )
08:03:34.083 [main] INFO  c.c.app.process.impl.Refmod2Impl.mainlineSplit22 4424 - *643*   WSE-2-1A-T-FLD1 = (    CDABCDABCDABCDAB)
08:03:34.083 [main] INFO  c.c.app.process.impl.Refmod2Impl.mainlineSplit22 4426 - *644*   WSE-2-1A-T-FLD2 = (CDABCDABCDABZYXWZYXWZYXWZYXWZYXWZYXWZYX )
08:03:34.085 [main] INFO  c.c.app.process.impl.Refmod2Impl.mainlineSplit23 4501 - *645* WSE-2-1B-S        = (ABCDABCDABCDABCDABCDABCDABCDABZYXWZYXWZYXWZYXWZYXWZYXWZYXWZY)
08:03:34.085 [main] INFO  c.c.app.process.impl.Refmod2Impl.mainlineSplit23 4503 - *646*   WSE-2-1B-S-FLD1 = (ABCDABCDABCDABCDABCDABCDABCDAB)
08:03:34.085 [main] INFO  c.c.app.process.impl.Refmod2Impl.mainlineSplit23 4505 - *647*   WSE-2-1B-S-FLD2 = (ZYXWZYXWZYXWZYXWZYXWZYXWZYXWZY)
08:03:34.086 [main] INFO  c.c.app.process.impl.Refmod2Impl.mainlineSplit23 4507 - *648* WSE-2-1B-T        = (    CDABCDABCDABCDABCDABCDABCDABZYXWZYXWZYXWZYXWZYXWZYXWZYXN)
08:03:34.086 [main] INFO  c.c.app.process.impl.Refmod2Impl.mainlineSplit23 4509 - *649*   WSE-2-1B-T-FLD1 = (    CDABCD)
08:03:34.086 [main] INFO  c.c.app.process.impl.Refmod2Impl.mainlineSplit23 4511 - *650*   WSE-2-1B-T-FLD2 = (ABCDABCDABCDABCDABCD)
08:03:34.086 [main] INFO  c.c.app.process.impl.Refmod2Impl.mainlineSplit23 4513 - *651*   WSE-2-1B-T-FLD3 = (ABZYXWZYXWZYXWZYXWZYXWZYXWZYXN)
08:03:34.086 [main] INFO  c.c.app.process.impl.Refmod2Impl.mainlineSplit23 4528 - *652* WSE-2-2A-S        = (ABCDABCDABCDABCDABCDABCDABCDABCDABCDABCDABCDABCDABCDABCDABCD)
08:03:34.087 [main] INFO  c.c.app.process.impl.Refmod2Impl.mainlineSplit23 4530 - *653* WSE-2-2A-T        = (    CDABCDABCDABCDABCDABCDABCDABCDABCDABCDABCDABCDABCDABCDA )
08:03:34.087 [main] INFO  c.c.app.process.impl.Refmod2Impl.mainlineSplit23 4532 - *654*   WSE-2-2A-T-FLD1 = (    CDABCDABCDABCDAB)
08:03:34.087 [main] INFO  c.c.app.process.impl.Refmod2Impl.mainlineSplit23 4534 - *655*   WSE-2-2A-T-FLD2 = (CDABCDABCDABCDABCDABCDABCDABCDABCDABCDA )
08:03:34.087 [main] INFO  c.c.app.process.impl.Refmod2Impl.mainlineSplit23 4551 - *656* WSE-2-2B-S        = (ABCDABCDABCDABCDABCDABCDABCDABCDABCDABCDABCDABCDABCDABCDABCD)
08:03:34.087 [main] INFO  c.c.app.process.impl.Refmod2Impl.mainlineSplit23 4553 - *657* WSE-2-2B-T        = (    CDABCDABCDABCDABCDABCDABCDABCDABCDABCDABCDABCDABCDABCDAN)
08:03:34.087 [main] INFO  c.c.app.process.impl.Refmod2Impl.mainlineSplit23 4555 - *658*   WSE-2-2B-T-FLD1 = (    CDABCD)
08:03:34.088 [main] INFO  c.c.app.process.impl.Refmod2Impl.mainlineSplit23 4557 - *659*   WSE-2-2B-T-FLD2 = (ABCDABCDABCDABCDABCD)
08:03:34.088 [main] INFO  c.c.app.process.impl.Refmod2Impl.mainlineSplit23 4559 - *660*   WSE-2-2B-T-FLD3 = (ABCDABCDABCDABCDABCDABCDABCDAN)
08:03:34.090 [main] INFO  c.c.app.process.impl.Refmod2Impl.mainlineSplit23 4576 - *661* WSE-2-3A-S        = (ABCDABCDABCDABCDABCDABCDABCDABZYXWZYXWZYXWZYXWZYXWZYXWZYXWZY)
08:03:34.091 [main] INFO  c.c.app.process.impl.Refmod2Impl.mainlineSplit23 4578 - *662*   WSE-2-3A-S-FLD1 = (ABCDABCDABCDABCDABCDABCDABCDAB)
08:03:34.091 [main] INFO  c.c.app.process.impl.Refmod2Impl.mainlineSplit23 4580 - *663*   WSE-2-3A-S-FLD2 = (ZYXWZYXWZYXWZYXWZYXWZYXWZYXWZY)
08:03:34.091 [main] INFO  c.c.app.process.impl.Refmod2Impl.mainlineSplit23 4582 - *664* WSE-2-3A-T        = (    ABCDABCDABCDABCDABCDABCDABCDABZYXWZYXWZYXWZYXWZYXWZYXWZ )
08:03:34.091 [main] INFO  c.c.app.process.impl.Refmod2Impl.mainlineSplit23 4584 - *665*   WSE-2-3A-T-FLD1 = (    ABCDABCDABCDABCD)
08:03:34.091 [main] INFO  c.c.app.process.impl.Refmod2Impl.mainlineSplit23 4586 - *666*   WSE-2-3A-T-FLD2 = (ABCDABCDABCDABZYXWZYXWZYXWZYXWZYXWZYXWZ )
08:03:34.092 [main] INFO  c.c.app.process.impl.Refmod2Impl.mainlineSplit23 4605 - *667* WSE-2-3B-S        = (ABCDABCDABCDABCDABCDABCDABCDABZYXWZYXWZYXWZYXWZYXWZYXWZYXWZY)
08:03:34.092 [main] INFO  c.c.app.process.impl.Refmod2Impl.mainlineSplit23 4607 - *668*   WSE-2-3B-S-FLD1 = (ABCDABCDABCDABCDABCDABCDABCDAB)
08:03:34.092 [main] INFO  c.c.app.process.impl.Refmod2Impl.mainlineSplit23 4609 - *669*   WSE-2-3B-S-FLD2 = (ZYXWZYXWZYXWZYXWZYXWZYXWZYXWZY)
08:03:34.092 [main] INFO  c.c.app.process.impl.Refmod2Impl.mainlineSplit23 4611 - *670* WSE-2-3B-T        = (    ABCDABCDABCDABCDABCDABCDABCDABZYXWZYXWZYXWZYXWZYXWZYXWZN)
08:03:34.092 [main] INFO  c.c.app.process.impl.Refmod2Impl.mainlineSplit23 4613 - *671*   WSE-2-3B-T-FLD1 = (    ABCDAB)
08:03:34.093 [main] INFO  c.c.app.process.impl.Refmod2Impl.mainlineSplit23 4615 - *672*   WSE-2-3B-T-FLD2 = (CDABCDABCDABCDABCDAB)
08:03:34.093 [main] INFO  c.c.app.process.impl.Refmod2Impl.mainlineSplit23 4617 - *673*   WSE-2-3B-T-FLD3 = (CDABZYXWZYXWZYXWZYXWZYXWZYXWZN)
08:03:34.095 [main] INFO  c.c.app.process.impl.Refmod2Impl.mainlineSplit24 4690 - *674* WSE-2-4A-S        = (ABCDABCDABCDABCDABCDABCDABCDABCDABCDABCDABCDABCDABCDABCDABCD)
08:03:34.095 [main] INFO  c.c.app.process.impl.Refmod2Impl.mainlineSplit24 4692 - *675* WSE-2-4A-T        = (    ABCDABCDABCDABCDABCDABCDABCDABCDABCDABCDABCDABCDABCDABC )
08:03:34.096 [main] INFO  c.c.app.process.impl.Refmod2Impl.mainlineSplit24 4694 - *676*   WSE-2-4A-T-FLD1 = (    ABCDABCDABCDABCD)
08:03:34.096 [main] INFO  c.c.app.process.impl.Refmod2Impl.mainlineSplit24 4696 - *677*   WSE-2-4A-T-FLD2 = (ABCDABCDABCDABCDABCDABCDABCDABCDABCDABC )
08:03:34.096 [main] INFO  c.c.app.process.impl.Refmod2Impl.mainlineSplit24 4713 - *678* WSE-2-4B-S        = (ABCDABCDABCDABCDABCDABCDABCDABCDABCDABCDABCDABCDABCDABCDABCD)
08:03:34.096 [main] INFO  c.c.app.process.impl.Refmod2Impl.mainlineSplit24 4715 - *679* WSE-2-4B-T        = (    ABCDABCDABCDABCDABCDABCDABCDABCDABCDABCDABCDABCDABCDABCN)
08:03:34.096 [main] INFO  c.c.app.process.impl.Refmod2Impl.mainlineSplit24 4717 - *680*   WSE-2-4B-T-FLD1 = (    ABCDAB)
08:03:34.096 [main] INFO  c.c.app.process.impl.Refmod2Impl.mainlineSplit24 4719 - *681*   WSE-2-4B-T-FLD2 = (CDABCDABCDABCDABCDAB)
08:03:34.097 [main] INFO  c.c.app.process.impl.Refmod2Impl.mainlineSplit24 4721 - *682*   WSE-2-4B-T-FLD3 = (CDABCDABCDABCDABCDABCDABCDABCN)
08:03:34.097 [main] INFO  c.c.app.process.impl.Refmod2Impl.mainlineSplit24 4738 - *683* WSE-2-5A-S-GRP    = (***ABCDABCDABCDABCDABCDABCDABCDABZYXWZYXWZYXWZYXWZYXWZYXWZYXWZY)
08:03:34.097 [main] INFO  c.c.app.process.impl.Refmod2Impl.mainlineSplit24 4740 - *684* WSE-2-5A-S        = (ABCDABCDABCDABCDABCDABCDABCDABZYXWZYXWZYXWZYXWZYXWZYXWZYXWZY)
08:03:34.097 [main] INFO  c.c.app.process.impl.Refmod2Impl.mainlineSplit24 4742 - *685*   WSE-2-5A-S-FLD1 = (ABCDABCDABCDABCDABCDABCDABCDAB)
08:03:34.097 [main] INFO  c.c.app.process.impl.Refmod2Impl.mainlineSplit24 4744 - *686*   WSE-2-5A-S-FLD2 = (ZYXWZYXWZYXWZYXWZYXWZYXWZYXWZY)
08:03:34.098 [main] INFO  c.c.app.process.impl.Refmod2Impl.mainlineSplit24 4746 - *687* WSE-2-5A-T        = (ABCDABCDABCDABCDABCDABCDABCDABZYXWZYXWZYXWZYXWZYXWZYXWZYXWZY)
08:03:34.098 [main] INFO  c.c.app.process.impl.Refmod2Impl.mainlineSplit24 4748 - *688*   WSE-2-5A-T-FLD1 = (ABCDABCDABCDABCDABCD)
08:03:34.098 [main] INFO  c.c.app.process.impl.Refmod2Impl.mainlineSplit24 4750 - *689*   WSE-2-5A-T-FLD2 = (ABCDABCDABZYXWZYXWZYXWZYXWZYXWZYXWZYXWZY)
08:03:34.098 [main] INFO  c.c.app.process.impl.Refmod2Impl.mainlineSplit24 4769 - *690* WSE-2-5B-S-GRP    = (***ABCDABCDABCDABCDABCDABCDABCDABZYXWZYXWZYXWZYXWZYXWZYXWZYXWZY)
08:03:34.098 [main] INFO  c.c.app.process.impl.Refmod2Impl.mainlineSplit24 4771 - *691* WSE-2-5B-S        = (ABCDABCDABCDABCDABCDABCDABCDABZYXWZYXWZYXWZYXWZYXWZYXWZYXWZY)
08:03:34.099 [main] INFO  c.c.app.process.impl.Refmod2Impl.mainlineSplit24 4773 - *692*   WSE-2-5B-S-FLD1 = (ABCDABCDABCDABCDABCDABCDABCDAB)
08:03:34.099 [main] INFO  c.c.app.process.impl.Refmod2Impl.mainlineSplit24 4775 - *693*   WSE-2-5B-S-FLD2 = (ZYXWZYXWZYXWZYXWZYXWZYXWZYXWZY)
08:03:34.099 [main] INFO  c.c.app.process.impl.Refmod2Impl.mainlineSplit24 4777 - *694* WSE-2-5B-T        = (ABCDABCDABCDABCDABCDABCDABCDABZYXWZYXWZYXWZYXWZYXWZYXWZYXWZY                              )
08:03:34.099 [main] INFO  c.c.app.process.impl.Refmod2Impl.mainlineSplit24 4779 - *695*   WSE-2-5B-T-FLD1 = (ABCDABCDABCDABCDABCD)
08:03:34.099 [main] INFO  c.c.app.process.impl.Refmod2Impl.mainlineSplit24 4781 - *696*   WSE-2-5B-T-FLD2 = (ABCDABCDABZYXWZYXWZYXWZYXWZYXWZYXWZYXWZY)
08:03:34.099 [main] INFO  c.c.app.process.impl.Refmod2Impl.mainlineSplit24 4783 - *697*   WSE-2-5B-T-FLD3 = (                              )
08:03:34.100 [main] INFO  c.c.app.process.impl.Refmod2Impl.mainlineSplit24 4798 - *698* WSE-2-6A-S-GRP    = (***ABCDABCDABCDABCDABCDABCDABCDABCDABCDABCDABCDABCDABCDABCDABCD)
08:03:34.100 [main] INFO  c.c.app.process.impl.Refmod2Impl.mainlineSplit24 4800 - *699* WSE-2-6A-S        = (ABCDABCDABCDABCDABCDABCDABCDABCDABCDABCDABCDABCDABCDABCDABCD)
08:03:34.100 [main] INFO  c.c.app.process.impl.Refmod2Impl.mainlineSplit24 4802 - *700* WSE-2-6A-T        = (ABCDABCDABCDABCDABCDABCDABCDABCDABCDABCDABCDABCDABCDABCDABCD)
08:03:34.101 [main] INFO  c.c.app.process.impl.Refmod2Impl.mainlineSplit24 4804 - *701*   WSE-2-6A-T-FLD1 = (ABCDABCDABCDABCDABCD)
08:03:34.101 [main] INFO  c.c.app.process.impl.Refmod2Impl.mainlineSplit24 4806 - *702*   WSE-2-6A-T-FLD2 = (ABCDABCDABCDABCDABCDABCDABCDABCDABCDABCD)
08:03:34.101 [main] INFO  c.c.app.process.impl.Refmod2Impl.mainlineSplit24 4823 - *703* WSE-2-6B-S-GRP    = (***ABCDABCDABCDABCDABCDABCDABCDABCDABCDABCDABCDABCDABCDABCDABCD)
08:03:34.103 [main] INFO  c.c.app.process.impl.Refmod2Impl.mainlineSplit25 4884 - *704* WSE-2-6B-S        = (ABCDABCDABCDABCDABCDABCDABCDABCDABCDABCDABCDABCDABCDABCDABCD)
08:03:34.104 [main] INFO  c.c.app.process.impl.Refmod2Impl.mainlineSplit25 4886 - *705* WSE-2-6B-T        = (ABCDABCDABCDABCDABCDABCDABCDABCDABCDABCDABCDABCDABCDABCDABCD)
08:03:34.104 [main] INFO  c.c.app.process.impl.Refmod2Impl.mainlineSplit25 4888 - *706*   WSE-2-6B-T-FLD1 = (ABCDABCDAB)
08:03:34.104 [main] INFO  c.c.app.process.impl.Refmod2Impl.mainlineSplit25 4890 - *707*   WSE-2-6B-T-FLD2 = (CDABCDABCDABCDABCDAB)
08:03:34.104 [main] INFO  c.c.app.process.impl.Refmod2Impl.mainlineSplit25 4892 - *708*   WSE-2-6B-T-FLD3 = (CDABCDABCDABCDABCDABCDABCDABCD)
08:03:34.104 [main] INFO  c.c.app.process.impl.Refmod2Impl.mainlineSplit25 4909 - *709* WSE-2-7A-S        = (ABCDABCDABCDABCDABCDABCDABCDABZYXWZYXWZYXWZYXWZYXWZYXWZYXWZY)
08:03:34.105 [main] INFO  c.c.app.process.impl.Refmod2Impl.mainlineSplit25 4911 - *710*   WSE-2-7A-S-FLD1 = (ABCDABCDABCDABCDABCDABCDABCDAB)
08:03:34.105 [main] INFO  c.c.app.process.impl.Refmod2Impl.mainlineSplit25 4913 - *711*   WSE-2-7A-S-FLD2 = (ZYXWZYXWZYXWZYXWZYXWZYXWZYXWZY)
08:03:34.105 [main] INFO  c.c.app.process.impl.Refmod2Impl.mainlineSplit25 4915 - *712* WSE-2-7A-T-GRP    = (*****ABCDABCDABCDABCDABCDABCDABCDABZYXWZYXWZYXWZYXWZYXWZYXWZYXWZY)
08:03:34.105 [main] INFO  c.c.app.process.impl.Refmod2Impl.mainlineSplit25 4917 - *713* WSE-2-7A-T        = (ABCDABCDABCDABCDABCDABCDABCDABZYXWZYXWZYXWZYXWZYXWZYXWZYXWZY)
08:03:34.105 [main] INFO  c.c.app.process.impl.Refmod2Impl.mainlineSplit25 4919 - *714*   WSE-2-7A-T-FLD1 = (ABCDABCDABCDABCDABCDABCDABCDAB)
08:03:34.105 [main] INFO  c.c.app.process.impl.Refmod2Impl.mainlineSplit25 4921 - *715*   WSE-2-7A-T-FLD2 = (ZYXWZYXWZYXWZYXWZYXWZYXWZYXWZY)
08:03:34.106 [main] INFO  c.c.app.process.impl.Refmod2Impl.mainlineSplit25 4940 - *716* WSE-2-7B-S        = (ABCDABCDABCDABCDABCDABCDABCDABZYXWZYXWZYXWZYXWZYXWZYXWZYXWZY)
08:03:34.106 [main] INFO  c.c.app.process.impl.Refmod2Impl.mainlineSplit25 4942 - *717*   WSE-2-7B-S-FLD1 = (ABCDABCDABCDABCDABCDABCDABCDAB)
08:03:34.106 [main] INFO  c.c.app.process.impl.Refmod2Impl.mainlineSplit25 4944 - *718*   WSE-2-7B-S-FLD2 = (ZYXWZYXWZYXWZYXWZYXWZYXWZYXWZY)
08:03:34.106 [main] INFO  c.c.app.process.impl.Refmod2Impl.mainlineSplit25 4946 - *719* WSE-2-7B-T-GRP    = (*****ABCDABCDABCDABCDABCDABCDABCDABZYXWZYXWZYXWZYXWZYXWZYXWZYXWZY)
08:03:34.107 [main] INFO  c.c.app.process.impl.Refmod2Impl.mainlineSplit25 4948 - *720* WSE-2-7B-T        = (ABCDABCDABCDABCDABCDABCDABCDABZYXWZYXWZYXWZYXWZYXWZYXWZYXWZY)
08:03:34.107 [main] INFO  c.c.app.process.impl.Refmod2Impl.mainlineSplit25 4950 - *721*   WSE-2-7B-T-FLD1 = (ABCDABCDAB)
08:03:34.107 [main] INFO  c.c.app.process.impl.Refmod2Impl.mainlineSplit25 4952 - *722*   WSE-2-7B-T-FLD2 = (CDABCDABCDABCDABCDAB)
08:03:34.107 [main] INFO  c.c.app.process.impl.Refmod2Impl.mainlineSplit25 4954 - *723*   WSE-2-7B-T-FLD3 = (ZYXWZYXWZYXWZYXWZYXWZYXWZYXWZY)
08:03:34.107 [main] INFO  c.c.app.process.impl.Refmod2Impl.mainlineSplit25 4969 - *724* WSE-2-8A-S        = (ABCDABCDABCDABCDABCDABCDABCDABCDABCDABCDABCDABCDABCDABCDABCD)
08:03:34.107 [main] INFO  c.c.app.process.impl.Refmod2Impl.mainlineSplit25 4971 - *725* WSE-2-8A-T-GRP    = (*****ABCDABCDABCDABCDABCDABCDABCDABCDABCDABCDABCDABCDABCDABCDABCD)
08:03:34.108 [main] INFO  c.c.app.process.impl.Refmod2Impl.mainlineSplit25 4973 - *726* WSE-2-8A-T        = (ABCDABCDABCDABCDABCDABCDABCDABCDABCDABCDABCDABCDABCDABCDABCD)
08:03:34.108 [main] INFO  c.c.app.process.impl.Refmod2Impl.mainlineSplit25 4975 - *727*   WSE-2-8A-T-FLD1 = (ABCDABCDABCDABCDABCDABCDABCDAB)
08:03:34.108 [main] INFO  c.c.app.process.impl.Refmod2Impl.mainlineSplit25 4977 - *728*   WSE-2-8A-T-FLD2 = (CDABCDABCDABCDABCDABCDABCDABCD)
08:03:34.108 [main] INFO  c.c.app.process.impl.Refmod2Impl.mainlineSplit25 4994 - *729* WSE-2-8B-S        = (ABCDABCDABCDABCDABCDABCDABCDABCDABCDABCDABCDABCDABCDABCDABCD)
08:03:34.108 [main] INFO  c.c.app.process.impl.Refmod2Impl.mainlineSplit25 4996 - *730* WSE-2-8B-T-GRP    = (*****ABCDABCDABCDABCDABCDABCDABCDABCDABCDABCDABCDABCDABCDABCDABCD)
08:03:34.108 [main] INFO  c.c.app.process.impl.Refmod2Impl.mainlineSplit25 4998 - *731* WSE-2-8B-T        = (ABCDABCDABCDABCDABCDABCDABCDABCDABCDABCDABCDABCDABCDABCDABCD)
08:03:34.109 [main] INFO  c.c.app.process.impl.Refmod2Impl.mainlineSplit25 5000 - *732*   WSE-2-8B-T-FLD1 = (ABCDABCDAB)
08:03:34.109 [main] INFO  c.c.app.process.impl.Refmod2Impl.mainlineSplit25 5002 - *733*   WSE-2-8B-T-FLD2 = (CDABCDABCDABCDABCDAB)
08:03:34.109 [main] INFO  c.c.app.process.impl.Refmod2Impl.mainlineSplit25 5004 - *734*   WSE-2-8B-T-FLD3 = (CDABCDABCDABCDABCDABCDABCDABCD)
08:03:34.111 [main] INFO  c.c.app.process.impl.Refmod2Impl.mainlineSplit26 5081 - *735* WSE-2-9A-S-GRP    = (***ABCDABCDABCDABCDABCDABCDABCDABZYXWZYXWZYXWZYXWZYXWZYXWZYXWZY)
08:03:34.112 [main] INFO  c.c.app.process.impl.Refmod2Impl.mainlineSplit26 5083 - *736* WSE-2-9A-S        = (ABCDABCDABCDABCDABCDABCDABCDABZYXWZYXWZYXWZYXWZYXWZYXWZYXWZY)
08:03:34.112 [main] INFO  c.c.app.process.impl.Refmod2Impl.mainlineSplit26 5085 - *737*   WSE-2-9A-S-FLD1 = (ABCDABCDABCDABCDABCDABCDABCDAB)
08:03:34.112 [main] INFO  c.c.app.process.impl.Refmod2Impl.mainlineSplit26 5087 - *738*   WSE-2-9A-S-FLD2 = (ZYXWZYXWZYXWZYXWZYXWZYXWZYXWZY)
08:03:34.112 [main] INFO  c.c.app.process.impl.Refmod2Impl.mainlineSplit26 5089 - *739* WSE-2-9A-T-GRP    = (*****ABCDABCDABCDABCDABCDABCDABCDABZYXWZYXWZYXWZYXWZYXWZYXWZYXWZY)
08:03:34.112 [main] INFO  c.c.app.process.impl.Refmod2Impl.mainlineSplit26 5091 - *740* WSE-2-9A-T        = (ABCDABCDABCDABCDABCDABCDABCDABZYXWZYXWZYXWZYXWZYXWZYXWZYXWZY)
08:03:34.113 [main] INFO  c.c.app.process.impl.Refmod2Impl.mainlineSplit26 5093 - *741*   WSE-2-9A-T-FLD1 = (ABCDABCDABCDABCDABCDABCDABCDAB)
08:03:34.113 [main] INFO  c.c.app.process.impl.Refmod2Impl.mainlineSplit26 5095 - *742*   WSE-2-9A-T-FLD2 = (ZYXWZYXWZYXWZYXWZYXWZYXWZYXWZY)
08:03:34.113 [main] INFO  c.c.app.process.impl.Refmod2Impl.mainlineSplit26 5115 - *743* WSE-2-9B-S-GRP    = (***ABCDABCDABCDABCDABCDABCDABCDABZYXWZYXWZYXWZYXWZYXWZYXWZYXWZY)
08:03:34.113 [main] INFO  c.c.app.process.impl.Refmod2Impl.mainlineSplit26 5117 - *744* WSE-2-9B-S        = (ABCDABCDABCDABCDABCDABCDABCDABZYXWZYXWZYXWZYXWZYXWZYXWZYXWZY)
08:03:34.114 [main] INFO  c.c.app.process.impl.Refmod2Impl.mainlineSplit26 5119 - *745*   WSE-2-9B-S-FLD1 = (ABCDABCDABCDABCDABCDABCDABCDAB)
08:03:34.114 [main] INFO  c.c.app.process.impl.Refmod2Impl.mainlineSplit26 5121 - *746*   WSE-2-9B-S-FLD2 = (ZYXWZYXWZYXWZYXWZYXWZYXWZYXWZY)
08:03:34.114 [main] INFO  c.c.app.process.impl.Refmod2Impl.mainlineSplit26 5123 - *747* WSE-2-9B-T-GRP    = (*****ABCDABCDABCDABCDABCDABCDABCDABZYXWZYXWZYXWZYXWZYXWZYXWZYXWZY)
08:03:34.114 [main] INFO  c.c.app.process.impl.Refmod2Impl.mainlineSplit26 5125 - *748* WSE-2-9B-T        = (ABCDABCDABCDABCDABCDABCDABCDABZYXWZYXWZYXWZYXWZYXWZYXWZYXWZY)
08:03:34.114 [main] INFO  c.c.app.process.impl.Refmod2Impl.mainlineSplit26 5127 - *749*   WSE-2-9B-T-FLD1 = (ABCDABCDAB)
08:03:34.114 [main] INFO  c.c.app.process.impl.Refmod2Impl.mainlineSplit26 5129 - *750*   WSE-2-9B-T-FLD2 = (CDABCDABCDABCDABCDAB)
08:03:34.115 [main] INFO  c.c.app.process.impl.Refmod2Impl.mainlineSplit26 5131 - *751*   WSE-2-9B-T-FLD3 = (ZYXWZYXWZYXWZYXWZYXWZYXWZYXWZY)
08:03:34.115 [main] INFO  c.c.app.process.impl.Refmod2Impl.mainlineSplit26 5147 - *752* WSE-2-10A-S-GRP   = (***ABCDABCDABCDABCDABCDABCDABCDABCDABCDABCDABCDABCDABCDABCDABCD)
08:03:34.115 [main] INFO  c.c.app.process.impl.Refmod2Impl.mainlineSplit26 5149 - *753* WSE-2-10A-S       = (ABCDABCDABCDABCDABCDABCDABCDABCDABCDABCDABCDABCDABCDABCDABCD)
08:03:34.115 [main] INFO  c.c.app.process.impl.Refmod2Impl.mainlineSplit26 5151 - *754* WSE-2-10A-T-GRP   = (*****ABCDABCDABCDABCDABCDABCDABCDABCDABCDABCDABCDABCDABCDABCDABCD)
08:03:34.115 [main] INFO  c.c.app.process.impl.Refmod2Impl.mainlineSplit26 5153 - *755* WSE-2-10A-T       = (ABCDABCDABCDABCDABCDABCDABCDABCDABCDABCDABCDABCDABCDABCDABCD)
08:03:34.116 [main] INFO  c.c.app.process.impl.Refmod2Impl.mainlineSplit26 5155 - *756*   WSE-2-10A-T-FLD1= (ABCDABCDABCDABCDABCDABCDABCDAB)
08:03:34.116 [main] INFO  c.c.app.process.impl.Refmod2Impl.mainlineSplit26 5157 - *757*   WSE-2-10A-T-FLD2= (CDABCDABCDABCDABCDABCDABCDABCD)
08:03:34.116 [main] INFO  c.c.app.process.impl.Refmod2Impl.mainlineSplit26 5175 - *758* WSE-2-10B-S-GRP   = (***ABCDABCDABCDABCDABCDABCDABCDABCDABCDABCDABCDABCDABCDABCDABCD)
08:03:34.116 [main] INFO  c.c.app.process.impl.Refmod2Impl.mainlineSplit26 5177 - *759* WSE-2-10B-S       = (ABCDABCDABCDABCDABCDABCDABCDABCDABCDABCDABCDABCDABCDABCDABCD)
08:03:34.116 [main] INFO  c.c.app.process.impl.Refmod2Impl.mainlineSplit26 5179 - *760* WSE-2-10B-T-GRP   = (*****ABCDABCDABCDABCDABCDABCDABCDABCDABCDABCDABCDABCDABCDABCDABCD)
08:03:34.117 [main] INFO  c.c.app.process.impl.Refmod2Impl.mainlineSplit26 5181 - *761* WSE-2-10B-T       = (ABCDABCDABCDABCDABCDABCDABCDABCDABCDABCDABCDABCDABCDABCDABCD)
08:03:34.117 [main] INFO  c.c.app.process.impl.Refmod2Impl.mainlineSplit26 5183 - *762*   WSE-2-10B-T-FLD1= (ABCDABCDAB)
08:03:34.117 [main] INFO  c.c.app.process.impl.Refmod2Impl.mainlineSplit26 5185 - *763*   WSE-2-10B-T-FLD2= (CDABCDABCDABCDABCDAB)
08:03:34.117 [main] INFO  c.c.app.process.impl.Refmod2Impl.mainlineSplit26 5187 - *764*   WSE-2-10B-T-FLD3= (CDABCDABCDABCDABCDABCDABCDABCD)
08:03:34.118 [main] INFO  c.c.app.process.impl.Refmod2Impl.mainlineSplit26 5205 - *765* WSE-2-11A-S       = (ABCDABCDABCDABCDABCDABCDABCDABZYXWZYXWZYXWZYXWZYXWZYXWZYXWZY)
08:03:34.118 [main] INFO  c.c.app.process.impl.Refmod2Impl.mainlineSplit26 5207 - *766*   WSE-2-11A-S-FLD1= (ABCDABCDABCDABCDABCDABCDABCDAB)
08:03:34.118 [main] INFO  c.c.app.process.impl.Refmod2Impl.mainlineSplit26 5209 - *767*   WSE-2-11A-S-FLD2= (ZYXWZYXWZYXWZYXWZYXWZYXWZYXWZY)
08:03:34.118 [main] INFO  c.c.app.process.impl.Refmod2Impl.mainlineSplit26 5211 - *768* WSE-2-11A-T-GRP   = (*****ABCDABCDABCDABCDABCDABCDABCDABZYXWZYXWZYXWZYXWZYXWZYXWZYXWZY)
08:03:34.118 [main] INFO  c.c.app.process.impl.Refmod2Impl.mainlineSplit26 5213 - *769* WSE-2-11A-T       = (ABCDABCDABCDABCDABCDABCDABCDABZYXWZYXWZYXWZYXWZYXWZYXWZYXWZY)
08:03:34.120 [main] INFO  c.c.app.process.impl.Refmod2Impl.mainlineSplit27 5269 - *770*   WSE-2-11A-T-FLD1= (ABCDABCDABCDABCDABCDABCDABCDAB)
08:03:34.121 [main] INFO  c.c.app.process.impl.Refmod2Impl.mainlineSplit27 5271 - *771*   WSE-2-11A-T-FLD2= (ZYXWZYXWZYXWZYXWZYXWZYXWZYXWZY)
08:03:34.121 [main] INFO  c.c.app.process.impl.Refmod2Impl.mainlineSplit27 5291 - *772* WSE-2-11B-S       = (ABCDABCDABCDABCDABCDABCDABCDABZYXWZYXWZYXWZYXWZYXWZYXWZYXWZY)
08:03:34.121 [main] INFO  c.c.app.process.impl.Refmod2Impl.mainlineSplit27 5293 - *773*   WSE-2-11B-S-FLD1= (ABCDABCDABCDABCDABCDABCDABCDAB)
08:03:34.121 [main] INFO  c.c.app.process.impl.Refmod2Impl.mainlineSplit27 5295 - *774*   WSE-2-11B-S-FLD2= (ZYXWZYXWZYXWZYXWZYXWZYXWZYXWZY)
08:03:34.122 [main] INFO  c.c.app.process.impl.Refmod2Impl.mainlineSplit27 5297 - *775* WSE-2-11B-T-GRP   = (*****ABCDABCDABCDABCDABCDABCDABCDABZYXWZYXWZYXWZYXWZYXWZYXWZYXWZY)
08:03:34.122 [main] INFO  c.c.app.process.impl.Refmod2Impl.mainlineSplit27 5299 - *776* WSE-2-11B-T       = (ABCDABCDABCDABCDABCDABCDABCDABZYXWZYXWZYXWZYXWZYXWZYXWZYXWZY)
08:03:34.126 [main] INFO  c.c.app.process.impl.Refmod2Impl.mainlineSplit27 5301 - *777*   WSE-2-11B-T-FLD1= (ABCDABCDAB)
08:03:34.127 [main] INFO  c.c.app.process.impl.Refmod2Impl.mainlineSplit27 5303 - *778*   WSE-2-11B-T-FLD2= (CDABCDABCDABCDABCDAB)
08:03:34.130 [main] INFO  c.c.app.process.impl.Refmod2Impl.mainlineSplit27 5305 - *779*   WSE-2-11B-T-FLD3= (ZYXWZYXWZYXWZYXWZYXWZYXWZYXWZY)
08:03:34.131 [main] INFO  c.c.app.process.impl.Refmod2Impl.mainlineSplit27 5321 - *780* WSE-2-12A-S       = (ABCDABCDABCDABCDABCDABCDABCDABCDABCDABCDABCDABCDABCDABCDABCD)
08:03:34.132 [main] INFO  c.c.app.process.impl.Refmod2Impl.mainlineSplit27 5323 - *781* WSE-2-12A-T-GRP   = (*****ABCDABCDABCDABCDABCDABCDABCDABCDABCDABCDABCDABCDABCDABCDABCD)
08:03:34.132 [main] INFO  c.c.app.process.impl.Refmod2Impl.mainlineSplit27 5325 - *782* WSE-2-12A-T       = (ABCDABCDABCDABCDABCDABCDABCDABCDABCDABCDABCDABCDABCDABCDABCD)
08:03:34.132 [main] INFO  c.c.app.process.impl.Refmod2Impl.mainlineSplit27 5327 - *783*   WSE-2-12A-T-FLD1= (ABCDABCDABCDABCDABCDABCDABCDAB)
08:03:34.132 [main] INFO  c.c.app.process.impl.Refmod2Impl.mainlineSplit27 5329 - *784*   WSE-2-12A-T-FLD2= (CDABCDABCDABCDABCDABCDABCDABCD)
08:03:34.132 [main] INFO  c.c.app.process.impl.Refmod2Impl.mainlineSplit27 5347 - *785* WSE-2-12B-S       = (ABCDABCDABCDABCDABCDABCDABCDABCDABCDABCDABCDABCDABCDABCDABCD)
08:03:34.133 [main] INFO  c.c.app.process.impl.Refmod2Impl.mainlineSplit27 5349 - *786* WSE-2-12B-T-GRP   = (*****ABCDABCDABCDABCDABCDABCDABCDABCDABCDABCDABCDABCDABCDABCDABCD)
08:03:34.133 [main] INFO  c.c.app.process.impl.Refmod2Impl.mainlineSplit27 5351 - *787* WSE-2-12B-T       = (ABCDABCDABCDABCDABCDABCDABCDABCDABCDABCDABCDABCDABCDABCDABCD)
08:03:34.133 [main] INFO  c.c.app.process.impl.Refmod2Impl.mainlineSplit27 5353 - *788*   WSE-2-12B-T-FLD1= (ABCDABCDAB)
08:03:34.133 [main] INFO  c.c.app.process.impl.Refmod2Impl.mainlineSplit27 5355 - *789*   WSE-2-12B-T-FLD2= (CDABCDABCDABCDABCDAB)
08:03:34.133 [main] INFO  c.c.app.process.impl.Refmod2Impl.mainlineSplit27 5357 - *790*   WSE-2-12B-T-FLD3= (CDABCDABCDABCDABCDABCDABCDABCD)
08:03:34.133 [main] INFO  c.c.app.process.impl.Refmod2Impl.mainlineSplit27 5375 - *791* WSE-2-13A-S-GRP   = (***ABCDABCDABCDABCDABCDABCDABCDABZYXWZYXWZYXWZYXWZYXWZYXWZYXWZY)
08:03:34.134 [main] INFO  c.c.app.process.impl.Refmod2Impl.mainlineSplit27 5377 - *792* WSE-2-13A-S       = (ABCDABCDABCDABCDABCDABCDABCDABZYXWZYXWZYXWZYXWZYXWZYXWZYXWZY)
08:03:34.134 [main] INFO  c.c.app.process.impl.Refmod2Impl.mainlineSplit27 5379 - *793*   WSE-2-13A-S-FLD1= (ABCDABCDABCDABCDABCDABCDABCDAB)
08:03:34.134 [main] INFO  c.c.app.process.impl.Refmod2Impl.mainlineSplit27 5381 - *794*   WSE-2-13A-S-FLD2= (ZYXWZYXWZYXWZYXWZYXWZYXWZYXWZY)
08:03:34.134 [main] INFO  c.c.app.process.impl.Refmod2Impl.mainlineSplit27 5383 - *795* WSE-2-13A-T-GRP   = (*****    CDABCDABCDABCDABCDABCDABCDABZYXWZYXWZYXWZYXWZYXWZYXWZYX )
08:03:34.134 [main] INFO  c.c.app.process.impl.Refmod2Impl.mainlineSplit27 5385 - *796* WSE-2-13A-T       = (    CDABCDABCDABCDABCDABCDABCDABZYXWZYXWZYXWZYXWZYXWZYXWZYX )
08:03:34.134 [main] INFO  c.c.app.process.impl.Refmod2Impl.mainlineSplit27 5387 - *797*   WSE-2-13A-T-FLD1= (    CDABCDABCDABCDABCDABCDABCD)
08:03:34.135 [main] INFO  c.c.app.process.impl.Refmod2Impl.mainlineSplit27 5389 - *798*   WSE-2-13A-T-FLD2= (ABZYXWZYXWZYXWZYXWZYXWZYXWZYX )
08:03:34.135 [main] INFO  c.c.app.process.impl.Refmod2Impl.mainlineSplit27 5409 - *799* WSE-2-13B-S-GRP   = (***ABCDABCDABCDABCDABCDABCDABCDABZYXWZYXWZYXWZYXWZYXWZYXWZYXWZY)
08:03:34.137 [main] INFO  c.c.app.process.impl.Refmod2Impl.mainlineSplit28 5471 - *800* WSE-2-13B-S       = (ABCDABCDABCDABCDABCDABCDABCDABZYXWZYXWZYXWZYXWZYXWZYXWZYXWZY)
08:03:34.138 [main] INFO  c.c.app.process.impl.Refmod2Impl.mainlineSplit28 5473 - *801*   WSE-2-13B-S-FLD1= (ABCDABCDABCDABCDABCDABCDABCDAB)
08:03:34.138 [main] INFO  c.c.app.process.impl.Refmod2Impl.mainlineSplit28 5475 - *802*   WSE-2-13B-S-FLD2= (ZYXWZYXWZYXWZYXWZYXWZYXWZYXWZY)
08:03:34.138 [main] INFO  c.c.app.process.impl.Refmod2Impl.mainlineSplit28 5477 - *803* WSE-2-13B-T-GRP   = (*****    CDABCDABCDABCDABCDABCDABCDABZYXWZYXWZYXWZYXWZYXWZYXWZYXN)
08:03:34.138 [main] INFO  c.c.app.process.impl.Refmod2Impl.mainlineSplit28 5479 - *804* WSE-2-13B-T       = (    CDABCDABCDABCDABCDABCDABCDABZYXWZYXWZYXWZYXWZYXWZYXWZYXN)
08:03:34.138 [main] INFO  c.c.app.process.impl.Refmod2Impl.mainlineSplit28 5481 - *805*   WSE-2-13B-T-FLD1= (    CDABCD)
08:03:34.138 [main] INFO  c.c.app.process.impl.Refmod2Impl.mainlineSplit28 5483 - *806*   WSE-2-13B-T-FLD2= (ABCDABCDABCDABCDABCD)
08:03:34.139 [main] INFO  c.c.app.process.impl.Refmod2Impl.mainlineSplit28 5485 - *807*   WSE-2-13B-T-FLD3= (ABZYXWZYXWZYXWZYXWZYXWZYXWZYXN)
08:03:34.139 [main] INFO  c.c.app.process.impl.Refmod2Impl.mainlineSplit28 5501 - *808* WSE-2-14A-S-GRP   = (***ABCDABCDABCDABCDABCDABCDABCDABCDABCDABCDABCDABCDABCDABCDABCD)
08:03:34.139 [main] INFO  c.c.app.process.impl.Refmod2Impl.mainlineSplit28 5503 - *809* WSE-2-14A-S       = (ABCDABCDABCDABCDABCDABCDABCDABCDABCDABCDABCDABCDABCDABCDABCD)
08:03:34.139 [main] INFO  c.c.app.process.impl.Refmod2Impl.mainlineSplit28 5505 - *810* WSE-2-14A-T-GRP   = (*****    CDABCDABCDABCDABCDABCDABCDABCDABCDABCDABCDABCDABCDABCDA )
08:03:34.139 [main] INFO  c.c.app.process.impl.Refmod2Impl.mainlineSplit28 5507 - *811* WSE-2-14A-T       = (    CDABCDABCDABCDABCDABCDABCDABCDABCDABCDABCDABCDABCDABCDA )
08:03:34.140 [main] INFO  c.c.app.process.impl.Refmod2Impl.mainlineSplit28 5509 - *812*   WSE-2-14A-T-FLD1= (    CDABCDABCDABCDABCDABCDABCD)
08:03:34.140 [main] INFO  c.c.app.process.impl.Refmod2Impl.mainlineSplit28 5511 - *813*   WSE-2-14A-T-FLD2= (ABCDABCDABCDABCDABCDABCDABCDA )
08:03:34.140 [main] INFO  c.c.app.process.impl.Refmod2Impl.mainlineSplit28 5529 - *814* WSE-2-14B-S-GRP   = (***ABCDABCDABCDABCDABCDABCDABCDABCDABCDABCDABCDABCDABCDABCDABCD)
08:03:34.140 [main] INFO  c.c.app.process.impl.Refmod2Impl.mainlineSplit28 5531 - *815* WSE-2-14B-S       = (ABCDABCDABCDABCDABCDABCDABCDABCDABCDABCDABCDABCDABCDABCDABCD)
08:03:34.140 [main] INFO  c.c.app.process.impl.Refmod2Impl.mainlineSplit28 5533 - *816* WSE-2-14B-T-GRP   = (*****    CDABCDABCDABCDABCDABCDABCDABCDABCDABCDABCDABCDABCDABCDAN)
08:03:34.141 [main] INFO  c.c.app.process.impl.Refmod2Impl.mainlineSplit28 5535 - *817* WSE-2-14B-T       = (    CDABCDABCDABCDABCDABCDABCDABCDABCDABCDABCDABCDABCDABCDAN)
08:03:34.141 [main] INFO  c.c.app.process.impl.Refmod2Impl.mainlineSplit28 5537 - *818*   WSE-2-14B-T-FLD1= (    CDABCD)
08:03:34.141 [main] INFO  c.c.app.process.impl.Refmod2Impl.mainlineSplit28 5539 - *819*   WSE-2-14B-T-FLD2= (ABCDABCDABCDABCDABCD)
08:03:34.141 [main] INFO  c.c.app.process.impl.Refmod2Impl.mainlineSplit28 5541 - *820*   WSE-2-14B-T-FLD3= (ABCDABCDABCDABCDABCDABCDABCDAN)
08:03:34.141 [main] INFO  c.c.app.process.impl.Refmod2Impl.mainlineSplit28 5559 - *821* WSE-2-15A-S-GRP   = (***ABCDABCDABCDABCDABCDABCDABCDABZYXWZYXWZYXWZYXWZYXWZYXWZYXWZY)
08:03:34.142 [main] INFO  c.c.app.process.impl.Refmod2Impl.mainlineSplit28 5561 - *822* WSE-2-15A-S       = (ABCDABCDABCDABCDABCDABCDABCDABZYXWZYXWZYXWZYXWZYXWZYXWZYXWZY)
08:03:34.142 [main] INFO  c.c.app.process.impl.Refmod2Impl.mainlineSplit28 5563 - *823*   WSE-2-15A-S-FLD1= (ABCDABCDABCDABCDABCDABCDABCDAB)
08:03:34.142 [main] INFO  c.c.app.process.impl.Refmod2Impl.mainlineSplit28 5565 - *824*   WSE-2-15A-S-FLD2= (ZYXWZYXWZYXWZYXWZYXWZYXWZYXWZY)
08:03:34.142 [main] INFO  c.c.app.process.impl.Refmod2Impl.mainlineSplit28 5567 - *825* WSE-2-15A-T       = (    CDABCDABCDABCDABCDABCDABCDABZYXWZYXWZYXWZYXWZYXWZYXWZYX )
08:03:34.142 [main] INFO  c.c.app.process.impl.Refmod2Impl.mainlineSplit28 5569 - *826*   WSE-2-15A-T-FLD1= (    CDABCDABCDABCDABCDABCDABCD)
08:03:34.142 [main] INFO  c.c.app.process.impl.Refmod2Impl.mainlineSplit28 5571 - *827*   WSE-2-15A-T-FLD2= (ABZYXWZYXWZYXWZYXWZYXWZYXWZYX )
08:03:34.143 [main] INFO  c.c.app.process.impl.Refmod2Impl.mainlineSplit28 5591 - *828* WSE-2-15B-S-GRP   = (***ABCDABCDABCDABCDABCDABCDABCDABZYXWZYXWZYXWZYXWZYXWZYXWZYXWZY)
08:03:34.143 [main] INFO  c.c.app.process.impl.Refmod2Impl.mainlineSplit28 5593 - *829* WSE-2-15B-S       = (ABCDABCDABCDABCDABCDABCDABCDABZYXWZYXWZYXWZYXWZYXWZYXWZYXWZY)
08:03:34.143 [main] INFO  c.c.app.process.impl.Refmod2Impl.mainlineSplit28 5595 - *830*   WSE-2-15B-S-FLD1= (ABCDABCDABCDABCDABCDABCDABCDAB)
08:03:34.143 [main] INFO  c.c.app.process.impl.Refmod2Impl.mainlineSplit28 5597 - *831*   WSE-2-15B-S-FLD2= (ZYXWZYXWZYXWZYXWZYXWZYXWZYXWZY)
08:03:34.143 [main] INFO  c.c.app.process.impl.Refmod2Impl.mainlineSplit28 5599 - *832* WSE-2-15B-T       = (    CDABCDABCDABCDABCDABCDABCDABZYXWZYXWZYXWZYXWZYXWZYXWZYXN)
08:03:34.144 [main] INFO  c.c.app.process.impl.Refmod2Impl.mainlineSplit28 5601 - *833*   WSE-2-15B-T-FLD1= (    CDABCD)
08:03:34.144 [main] INFO  c.c.app.process.impl.Refmod2Impl.mainlineSplit28 5603 - *834*   WSE-2-15B-T-FLD2= (ABCDABCDABCDABCDABCD)
08:03:34.146 [main] INFO  c.c.app.process.impl.Refmod2Impl.mainlineSplit29 5662 - *835*   WSE-2-15B-T-FLD3= (ABZYXWZYXWZYXWZYXWZYXWZYXWZYXN)
08:03:34.146 [main] INFO  c.c.app.process.impl.Refmod2Impl.mainlineSplit29 5678 - *836* WSE-2-16A-S-GRP   = (***ABCDABCDABCDABCDABCDABCDABCDABCDABCDABCDABCDABCDABCDABCDABCD)
08:03:34.147 [main] INFO  c.c.app.process.impl.Refmod2Impl.mainlineSplit29 5680 - *837* WSE-2-16A-S       = (ABCDABCDABCDABCDABCDABCDABCDABCDABCDABCDABCDABCDABCDABCDABCD)
08:03:34.147 [main] INFO  c.c.app.process.impl.Refmod2Impl.mainlineSplit29 5682 - *838* WSE-2-16A-T       = (    CDABCDABCDABCDABCDABCDABCDABCDABCDABCDABCDABCDABCDABCDA )
08:03:34.147 [main] INFO  c.c.app.process.impl.Refmod2Impl.mainlineSplit29 5684 - *839*   WSE-2-16A-T-FLD1= (    CDABCDABCDABCDABCDABCDABCD)
08:03:34.147 [main] INFO  c.c.app.process.impl.Refmod2Impl.mainlineSplit29 5686 - *840*   WSE-2-16A-T-FLD2= (ABCDABCDABCDABCDABCDABCDABCDA )
08:03:34.147 [main] INFO  c.c.app.process.impl.Refmod2Impl.mainlineSplit29 5704 - *841* WSE-2-16B-S-GRP   = (***ABCDABCDABCDABCDABCDABCDABCDABCDABCDABCDABCDABCDABCDABCDABCD)
08:03:34.148 [main] INFO  c.c.app.process.impl.Refmod2Impl.mainlineSplit29 5706 - *842* WSE-2-16B-S       = (ABCDABCDABCDABCDABCDABCDABCDABCDABCDABCDABCDABCDABCDABCDABCD)
08:03:34.148 [main] INFO  c.c.app.process.impl.Refmod2Impl.mainlineSplit29 5708 - *843* WSE-2-16B-T       = (    CDABCDABCDABCDABCDABCDABCDABCDABCDABCDABCDABCDABCDABCDAN)
08:03:34.148 [main] INFO  c.c.app.process.impl.Refmod2Impl.mainlineSplit29 5710 - *844*   WSE-2-16B-T-FLD1= (    CDABCD)
08:03:34.148 [main] INFO  c.c.app.process.impl.Refmod2Impl.mainlineSplit29 5712 - *845*   WSE-2-16B-T-FLD2= (ABCDABCDABCDABCDABCD)
08:03:34.148 [main] INFO  c.c.app.process.impl.Refmod2Impl.mainlineSplit29 5714 - *846*   WSE-2-16B-T-FLD3= (ABCDABCDABCDABCDABCDABCDABCDAN)
08:03:34.149 [main] INFO  c.c.app.process.impl.Refmod2Impl.mainlineSplit29 5732 - *847* WSE-2-17A-S       = (ABCDABCDABCDABCDABCDABCDABCDABZYXWZYXWZYXWZYXWZYXWZYXWZYXWZY)
08:03:34.149 [main] INFO  c.c.app.process.impl.Refmod2Impl.mainlineSplit29 5734 - *848*   WSE-2-17A-S-FLD1= (ABCDABCDABCDABCDABCDABCDABCDAB)
08:03:34.149 [main] INFO  c.c.app.process.impl.Refmod2Impl.mainlineSplit29 5736 - *849*   WSE-2-17A-S-FLD2= (ZYXWZYXWZYXWZYXWZYXWZYXWZYXWZY)
08:03:34.149 [main] INFO  c.c.app.process.impl.Refmod2Impl.mainlineSplit29 5738 - *850* WSE-2-17A-T-GRP   = (*****    CDABCDABCDABCDABCDABCDABCDABZYXWZYXWZYXWZYXWZYXWZYXWZYX )
08:03:34.149 [main] INFO  c.c.app.process.impl.Refmod2Impl.mainlineSplit29 5740 - *851* WSE-2-17A-T       = (    CDABCDABCDABCDABCDABCDABCDABZYXWZYXWZYXWZYXWZYXWZYXWZYX )
08:03:34.149 [main] INFO  c.c.app.process.impl.Refmod2Impl.mainlineSplit29 5742 - *852*   WSE-2-17A-T-FLD1= (    CDABCDABCDABCDABCDABCDABCD)
08:03:34.150 [main] INFO  c.c.app.process.impl.Refmod2Impl.mainlineSplit29 5744 - *853*   WSE-2-17A-T-FLD2= (ABZYXWZYXWZYXWZYXWZYXWZYXWZYX )
08:03:34.150 [main] INFO  c.c.app.process.impl.Refmod2Impl.mainlineSplit29 5764 - *854* WSE-2-17B-S       = (ABCDABCDABCDABCDABCDABCDABCDABZYXWZYXWZYXWZYXWZYXWZYXWZYXWZY)
08:03:34.150 [main] INFO  c.c.app.process.impl.Refmod2Impl.mainlineSplit29 5766 - *855*   WSE-2-17B-S-FLD1= (ABCDABCDABCDABCDABCDABCDABCDAB)
08:03:34.150 [main] INFO  c.c.app.process.impl.Refmod2Impl.mainlineSplit29 5768 - *856*   WSE-2-17B-S-FLD2= (ZYXWZYXWZYXWZYXWZYXWZYXWZYXWZY)
08:03:34.150 [main] INFO  c.c.app.process.impl.Refmod2Impl.mainlineSplit29 5770 - *857* WSE-2-17B-T-GRP   = (*****    CDABCDABCDABCDABCDABCDABCDABZYXWZYXWZYXWZYXWZYXWZYXWZYXN)
08:03:34.151 [main] INFO  c.c.app.process.impl.Refmod2Impl.mainlineSplit29 5772 - *858* WSE-2-17B-T       = (    CDABCDABCDABCDABCDABCDABCDABZYXWZYXWZYXWZYXWZYXWZYXWZYXN)
08:03:34.151 [main] INFO  c.c.app.process.impl.Refmod2Impl.mainlineSplit29 5774 - *859*   WSE-2-17B-T-FLD1= (    CDABCD)
08:03:34.151 [main] INFO  c.c.app.process.impl.Refmod2Impl.mainlineSplit29 5776 - *860*   WSE-2-17B-T-FLD2= (ABCDABCDABCDABCDABCD)
08:03:34.151 [main] INFO  c.c.app.process.impl.Refmod2Impl.mainlineSplit29 5778 - *861*   WSE-2-17B-T-FLD3= (ABZYXWZYXWZYXWZYXWZYXWZYXWZYXN)
08:03:34.151 [main] INFO  c.c.app.process.impl.Refmod2Impl.mainlineSplit29 5794 - *862* WSE-2-18A-S       = (ABCDABCDABCDABCDABCDABCDABCDABCDABCDABCDABCDABCDABCDABCDABCD)
08:03:34.152 [main] INFO  c.c.app.process.impl.Refmod2Impl.mainlineSplit29 5796 - *863* WSE-2-18A-T-GRP   = (*****    CDABCDABCDABCDABCDABCDABCDABCDABCDABCDABCDABCDABCDABCDA )
08:03:34.152 [main] INFO  c.c.app.process.impl.Refmod2Impl.mainlineSplit29 5798 - *864* WSE-2-18A-T       = (    CDABCDABCDABCDABCDABCDABCDABCDABCDABCDABCDABCDABCDABCDA )
08:03:34.152 [main] INFO  c.c.app.process.impl.Refmod2Impl.mainlineSplit29 5800 - *865*   WSE-2-18A-T-FLD1= (    CDABCDABCDABCDABCDABCDABCD)
08:03:34.152 [main] INFO  c.c.app.process.impl.Refmod2Impl.mainlineSplit29 5802 - *866*   WSE-2-18A-T-FLD2= (ABCDABCDABCDABCDABCDABCDABCDA )
08:03:34.154 [main] INFO  c.c.app.process.impl.Refmod2Impl.mainlineSplit30 5875 - *867* WSE-2-18B-S       = (ABCDABCDABCDABCDABCDABCDABCDABCDABCDABCDABCDABCDABCDABCDABCD)
08:03:34.154 [main] INFO  c.c.app.process.impl.Refmod2Impl.mainlineSplit30 5877 - *868* WSE-2-18B-T-GRP   = (*****    CDABCDABCDABCDABCDABCDABCDABCDABCDABCDABCDABCDABCDABCDAN)
08:03:34.154 [main] INFO  c.c.app.process.impl.Refmod2Impl.mainlineSplit30 5879 - *869* WSE-2-18B-T       = (    CDABCDABCDABCDABCDABCDABCDABCDABCDABCDABCDABCDABCDABCDAN)
08:03:34.155 [main] INFO  c.c.app.process.impl.Refmod2Impl.mainlineSplit30 5881 - *870*   WSE-2-18B-T-FLD1= (    CDABCD)
08:03:34.155 [main] INFO  c.c.app.process.impl.Refmod2Impl.mainlineSplit30 5883 - *871*   WSE-2-18B-T-FLD2= (ABCDABCDABCDABCDABCD)
08:03:34.155 [main] INFO  c.c.app.process.impl.Refmod2Impl.mainlineSplit30 5885 - *872*   WSE-2-18B-T-FLD3= (ABCDABCDABCDABCDABCDABCDABCDAN)
08:03:34.155 [main] INFO  c.c.app.process.impl.Refmod2Impl.mainlineSplit30 5903 - *873* WSE-2-19A-S       = (ABCDABCDABCDABCDABCDABCDABCDABZYXWZYXWZYXWZYXWZYXWZYXWZYXWZY)
08:03:34.155 [main] INFO  c.c.app.process.impl.Refmod2Impl.mainlineSplit30 5905 - *874*   WSE-2-19A-S-FLD1= (ABCDABCDABCDABCDABCDABCDABCDAB)
08:03:34.155 [main] INFO  c.c.app.process.impl.Refmod2Impl.mainlineSplit30 5907 - *875*   WSE-2-19A-S-FLD2= (ZYXWZYXWZYXWZYXWZYXWZYXWZYXWZY)
08:03:34.156 [main] INFO  c.c.app.process.impl.Refmod2Impl.mainlineSplit30 5909 - *876* WSE-2-19A-T-GRP   = (*****    ABCDABCDABCDABCDABCDABCDABCDABZYXWZYXWZYXWZYXWZYXWZYXWZ )
08:03:34.156 [main] INFO  c.c.app.process.impl.Refmod2Impl.mainlineSplit30 5911 - *877* WSE-2-19A-T       = (    ABCDABCDABCDABCDABCDABCDABCDABZYXWZYXWZYXWZYXWZYXWZYXWZ )
08:03:34.156 [main] INFO  c.c.app.process.impl.Refmod2Impl.mainlineSplit30 5913 - *878*   WSE-2-19A-T-FLD1= (    ABCDABCDABCDABCDABCDABCDAB)
08:03:34.156 [main] INFO  c.c.app.process.impl.Refmod2Impl.mainlineSplit30 5915 - *879*   WSE-2-19A-T-FLD2= (CDABZYXWZYXWZYXWZYXWZYXWZYXWZ )
08:03:34.157 [main] INFO  c.c.app.process.impl.Refmod2Impl.mainlineSplit30 5935 - *880* WSE-2-19B-S       = (ABCDABCDABCDABCDABCDABCDABCDABZYXWZYXWZYXWZYXWZYXWZYXWZYXWZY)
08:03:34.157 [main] INFO  c.c.app.process.impl.Refmod2Impl.mainlineSplit30 5937 - *881*   WSE-2-19B-S-FLD1= (ABCDABCDABCDABCDABCDABCDABCDAB)
08:03:34.157 [main] INFO  c.c.app.process.impl.Refmod2Impl.mainlineSplit30 5939 - *882*   WSE-2-19B-S-FLD2= (ZYXWZYXWZYXWZYXWZYXWZYXWZYXWZY)
08:03:34.157 [main] INFO  c.c.app.process.impl.Refmod2Impl.mainlineSplit30 5941 - *883* WSE-2-19B-T-GRP   = (*****    ABCDABCDABCDABCDABCDABCDABCDABZYXWZYXWZYXWZYXWZYXWZYXWZN)
08:03:34.157 [main] INFO  c.c.app.process.impl.Refmod2Impl.mainlineSplit30 5943 - *884* WSE-2-19B-T       = (    ABCDABCDABCDABCDABCDABCDABCDABZYXWZYXWZYXWZYXWZYXWZYXWZN)
08:03:34.158 [main] INFO  c.c.app.process.impl.Refmod2Impl.mainlineSplit30 5945 - *885*   WSE-2-19B-T-FLD1= (    ABCDAB)
08:03:34.158 [main] INFO  c.c.app.process.impl.Refmod2Impl.mainlineSplit30 5947 - *886*   WSE-2-19B-T-FLD2= (CDABCDABCDABCDABCDAB)
08:03:34.158 [main] INFO  c.c.app.process.impl.Refmod2Impl.mainlineSplit30 5949 - *887*   WSE-2-19B-T-FLD3= (CDABZYXWZYXWZYXWZYXWZYXWZYXWZN)
08:03:34.158 [main] INFO  c.c.app.process.impl.Refmod2Impl.mainlineSplit30 5965 - *888* WSE-2-20A-S       = (ABCDABCDABCDABCDABCDABCDABCDABCDABCDABCDABCDABCDABCDABCDABCD)
08:03:34.158 [main] INFO  c.c.app.process.impl.Refmod2Impl.mainlineSplit30 5967 - *889* WSE-2-20A-T-GRP   = (*****    ABCDABCDABCDABCDABCDABCDABCDABCDABCDABCDABCDABCDABCDABC )
08:03:34.158 [main] INFO  c.c.app.process.impl.Refmod2Impl.mainlineSplit30 5969 - *890* WSE-2-20A-T       = (    ABCDABCDABCDABCDABCDABCDABCDABCDABCDABCDABCDABCDABCDABC )
08:03:34.159 [main] INFO  c.c.app.process.impl.Refmod2Impl.mainlineSplit30 5971 - *891*   WSE-2-20A-T-FLD1= (    ABCDABCDABCDABCDABCDABCDAB)
08:03:34.159 [main] INFO  c.c.app.process.impl.Refmod2Impl.mainlineSplit30 5973 - *892*   WSE-2-20A-T-FLD2= (CDABCDABCDABCDABCDABCDABCDABC )
08:03:34.159 [main] INFO  c.c.app.process.impl.Refmod2Impl.mainlineSplit30 5991 - *893* WSE-2-20B-S       = (ABCDABCDABCDABCDABCDABCDABCDABCDABCDABCDABCDABCDABCDABCDABCD)
08:03:34.160 [main] INFO  c.c.app.process.impl.Refmod2Impl.mainlineSplit30 5993 - *894* WSE-2-20B-T-GRP   = (*****    ABCDABCDABCDABCDABCDABCDABCDABCDABCDABCDABCDABCDABCDABCN)
08:03:34.160 [main] INFO  c.c.app.process.impl.Refmod2Impl.mainlineSplit30 5995 - *895* WSE-2-20B-T       = (    ABCDABCDABCDABCDABCDABCDABCDABCDABCDABCDABCDABCDABCDABCN)
08:03:34.160 [main] INFO  c.c.app.process.impl.Refmod2Impl.mainlineSplit30 5997 - *896*   WSE-2-20B-T-FLD1= (    ABCDAB)
08:03:34.160 [main] INFO  c.c.app.process.impl.Refmod2Impl.mainlineSplit30 5999 - *897*   WSE-2-20B-T-FLD2= (CDABCDABCDABCDABCDAB)
08:03:34.161 [main] INFO  c.c.app.process.impl.Refmod2Impl.mainlineSplit31 6027 - *898*   WSE-2-20B-T-FLD3= (CDABCDABCDABCDABCDABCDABCDABCN)
08:03:34.162 [main] INFO  c.c.app.process.impl.Refmod2Impl.mainlineSplit31 6047 - *899* WSE-2-20C-S-GRP   = (     ABCDABCDABMNOPMNOPMNOPMNOPMNOPVXYZVXYZVXYZVXYZVXYZVXYZVXYZVX)
08:03:34.162 [main] INFO  c.c.app.process.impl.Refmod2Impl.mainlineSplit31 6049 - *900* WSE-2-20C-S       = (ABCDABCDABMNOPMNOPMNOPMNOPMNOPVXYZVXYZVXYZVXYZVXYZVXYZVXYZVX)
08:03:34.162 [main] INFO  c.c.app.process.impl.Refmod2Impl.mainlineSplit31 6051 - *901*   WSE-2-20C-S-FLD1= (ABCDABCDAB)
08:03:34.162 [main] INFO  c.c.app.process.impl.Refmod2Impl.mainlineSplit31 6053 - *902*   WSE-2-20C-S-FLD2= (MNOPMNOPMNOPMNOPMNOP)
08:03:34.162 [main] INFO  c.c.app.process.impl.Refmod2Impl.mainlineSplit31 6055 - *903*   WSE-2-20C-S-FLD3= (VXYZVXYZVXYZVXYZVXYZVXYZVXYZVX)
08:03:34.162 [main] INFO  c.c.app.process.impl.Refmod2Impl.mainlineSplit31 6057 - *904* WSE-2-20C-T       = (ABCDABCDABMNOPMNOPMNOPMNOPMNOPVXYZVXYZVXYZVXYZVXYZVXYZVXYZVX)
