08:01:27.690 [main] INFO  o.s.boot.StartupInfoLogger.logStarting   50 - Starting CFApplication v0.0.1-SNAPSHOT using Java 17.0.14 with PID 3441035 (/home/jenkins/workspace/CFTestAutomation_Release/Testing/results/move/refmod3/REFMOD3/target/REFMOD3-0.0.1-SNAPSHOT.jar started by root in /home/jenkins/workspace/CFTestAutomation_Release/Testing/results/move/refmod3/REFMOD3)
08:01:27.709 [main] INFO  o.s.boot.SpringApplication.logStartupProfileInfo  654 - No active profile set, falling back to 1 default profile: "default"
08:01:31.331 [main] INFO  o.s.boot.StartupInfoLogger.logStarted   56 - Started CFApplication in 6.996 seconds (process running for 9.475)
08:01:31.364 [main] INFO  c.c.app.utility.CFConfiguration.cfDataConnectIOInfo  107 - CFDataConnectIO version : 5.0.0.21
08:01:32.587 [main] INFO  c.c.app.process.impl.Refmod3Impl.mainlineSplit0  535 - *  1* WS-2-1A-S        = (ABCDABCDABCDABCDABCDABCDABCDABZYXWZYXWZYXWZYXWZYXWZYXWZYXWZYXWZYXWZYXW)
08:01:32.588 [main] INFO  c.c.app.process.impl.Refmod3Impl.mainlineSplit0  537 - *  2*   WS-2-1A-S-FLD1 = (ABCDABCDABCDABCDABCDABCDABCDAB)
08:01:32.589 [main] INFO  c.c.app.process.impl.Refmod3Impl.mainlineSplit0  539 - *  3*   WS-2-1A-S-FLD2 = (ZYXWZYXWZYXWZYXWZYXWZYXWZYXWZYXWZYXWZYXW)
08:01:32.592 [main] INFO  c.c.app.process.impl.Refmod3Impl.mainlineSplit0  541 - *  4* WS-2-1A-T        = (ABCDABCDABCDABCDABCDABCDABCDABZYXWZYXWZYXWZYXWZYXWZYXWZYXWZY)
08:01:32.592 [main] INFO  c.c.app.process.impl.Refmod3Impl.mainlineSplit0  543 - *  5*   WS-2-1A-T-FLD1 = (ABCDABCDABCDABCDABCD)
08:01:32.593 [main] INFO  c.c.app.process.impl.Refmod3Impl.mainlineSplit0  545 - *  6*   WS-2-1A-T-FLD2 = (ABCDABCDABZYXWZYXWZYXWZYXWZYXWZYXWZYXWZY)
08:01:32.594 [main] INFO  c.c.app.process.impl.Refmod3Impl.mainlineSplit0  564 - *  7* WS-2-1A-S        = (ABCDABCDABCDABCDABCDABCDABCDABZYXWZYXWZYXWZYXWZYXWZYXWZYXWZYXWZYXWZYXW)
08:01:32.597 [main] INFO  c.c.app.process.impl.Refmod3Impl.mainlineSplit0  566 - *  8*   WS-2-1A-S-FLD1 = (ABCDABCDABCDABCDABCDABCDABCDAB)
08:01:32.597 [main] INFO  c.c.app.process.impl.Refmod3Impl.mainlineSplit0  568 - *  9*   WS-2-1A-S-FLD2 = (ZYXWZYXWZYXWZYXWZYXWZYXWZYXWZYXWZYXWZYXW)
08:01:32.597 [main] INFO  c.c.app.process.impl.Refmod3Impl.mainlineSplit0  570 - * 10* WS-2-1A-T        = (ABCDABCDABCDABCDABCDABCDABCDABZYXWZYXWZYXWZYXWZYXWZYXWZYXWZY)
08:01:32.598 [main] INFO  c.c.app.process.impl.Refmod3Impl.mainlineSplit0  572 - * 11*   WS-2-1A-T-FLD1 = (ABCDABCDABCDABCDABCD)
08:01:32.598 [main] INFO  c.c.app.process.impl.Refmod3Impl.mainlineSplit0  574 - * 12*   WS-2-1A-T-FLD2 = (ABCDABCDABZYXWZYXWZYXWZYXWZYXWZYXWZYXWZY)
08:01:32.599 [main] INFO  c.c.app.process.impl.Refmod3Impl.mainlineSplit0  593 - * 13* WS-2-1B-S        = (ABCDABCDABCDABCDABCDABCDABCDABZYXWZYXWZYXWZYXWZYXWZYXWZYXWZYXWZYXWZYXW)
08:01:32.599 [main] INFO  c.c.app.process.impl.Refmod3Impl.mainlineSplit0  595 - * 14*   WS-2-1B-S-FLD1 = (ABCDABCDABCDABCDABCDABCDABCDAB)
08:01:32.599 [main] INFO  c.c.app.process.impl.Refmod3Impl.mainlineSplit0  597 - * 15*   WS-2-1B-S-FLD2 = (ZYXWZYXWZYXWZYXWZYXWZYXWZYXWZYXWZYXWZYXW)
08:01:32.600 [main] INFO  c.c.app.process.impl.Refmod3Impl.mainlineSplit0  599 - * 16* WS-2-1B-T        = (ABCDABCDABCDABCDABCDABCDABCDABZYXWZYXWZYXWZYXWZYXWZYXWZYXWZYXWZYXWZYXW                    )
08:01:32.600 [main] INFO  c.c.app.process.impl.Refmod3Impl.mainlineSplit0  601 - * 17*   WS-2-1B-T-FLD1 = (ABCDABCDABCDABCDABCD)
08:01:32.600 [main] INFO  c.c.app.process.impl.Refmod3Impl.mainlineSplit0  603 - * 18*   WS-2-1B-T-FLD2 = (ABCDABCDABZYXWZYXWZYXWZYXWZYXWZYXWZYXWZY)
08:01:32.601 [main] INFO  c.c.app.process.impl.Refmod3Impl.mainlineSplit0  605 - * 19*   WS-2-1B-T-FLD3 = (XWZYXWZYXW                    )
08:01:32.602 [main] INFO  c.c.app.process.impl.Refmod3Impl.mainlineSplit0  626 - * 20* WS-2-1B-S        = (ABCDABCDABCDABCDABCDABCDABCDABZYXWZYXWZYXWZYXWZYXWZYXWZYXWZYXWZYXWZYXW)
08:01:32.602 [main] INFO  c.c.app.process.impl.Refmod3Impl.mainlineSplit0  628 - * 21*   WS-2-1B-S-FLD1 = (ABCDABCDABCDABCDABCDABCDABCDAB)
08:01:32.602 [main] INFO  c.c.app.process.impl.Refmod3Impl.mainlineSplit0  630 - * 22*   WS-2-1B-S-FLD2 = (ZYXWZYXWZYXWZYXWZYXWZYXWZYXWZYXWZYXWZYXW)
08:01:32.602 [main] INFO  c.c.app.process.impl.Refmod3Impl.mainlineSplit0  632 - * 23* WS-2-1B-T        = (ABCDABCDABCDABCDABCDABCDABCDABZYXWZYXWZYXWZYXWZYXWZYXWZYXWZYXWZYXWZYXW                    )
08:01:32.603 [main] INFO  c.c.app.process.impl.Refmod3Impl.mainlineSplit0  634 - * 24*   WS-2-1B-T-FLD1 = (ABCDABCDABCDABCDABCD)
08:01:32.607 [main] INFO  c.c.app.process.impl.Refmod3Impl.mainlineSplit1  679 - * 25*   WS-2-1B-T-FLD2 = (ABCDABCDABZYXWZYXWZYXWZYXWZYXWZYXWZYXWZY)
08:01:32.608 [main] INFO  c.c.app.process.impl.Refmod3Impl.mainlineSplit1  681 - * 26*   WS-2-1B-T-FLD3 = (XWZYXWZYXW                    )
08:01:32.609 [main] INFO  c.c.app.process.impl.Refmod3Impl.mainlineSplit1  696 - * 27* WS-2-2A-S        = (ABCDABCDABCDABCDABCDABCDABCDABCDABCDABCDABCDABCDABCDABCDABCDABCDABCDAB)
08:01:32.610 [main] INFO  c.c.app.process.impl.Refmod3Impl.mainlineSplit1  698 - * 28* WS-2-2A-T        = (ABCDABCDABCDABCDABCDABCDABCDABCDABCDABCDABCDABCDABCDABCDABCD)
08:01:32.610 [main] INFO  c.c.app.process.impl.Refmod3Impl.mainlineSplit1  700 - * 29*   WS-2-2A-T-FLD1 = (ABCDABCDABCDABCDABCD)
08:01:32.610 [main] INFO  c.c.app.process.impl.Refmod3Impl.mainlineSplit1  702 - * 30*   WS-2-2A-T-FLD2 = (ABCDABCDABCDABCDABCDABCDABCDABCDABCDABCD)
08:01:32.611 [main] INFO  c.c.app.process.impl.Refmod3Impl.mainlineSplit1  719 - * 31* WS-2-2A-S        = (ABCDABCDABCDABCDABCDABCDABCDABCDABCDABCDABCDABCDABCDABCDABCDABCDABCDAB)
08:01:32.611 [main] INFO  c.c.app.process.impl.Refmod3Impl.mainlineSplit1  721 - * 32* WS-2-2A-T        = (ABCDABCDABCDABCDABCDABCDABCDABCDABCDABCDABCDABCDABCDABCDABCD)
08:01:32.611 [main] INFO  c.c.app.process.impl.Refmod3Impl.mainlineSplit1  723 - * 33*   WS-2-2A-T-FLD1 = (ABCDABCDABCDABCDABCD)
08:01:32.612 [main] INFO  c.c.app.process.impl.Refmod3Impl.mainlineSplit1  725 - * 34*   WS-2-2A-T-FLD2 = (ABCDABCDABCDABCDABCDABCDABCDABCDABCDABCD)
08:01:32.612 [main] INFO  c.c.app.process.impl.Refmod3Impl.mainlineSplit1  742 - * 35* WS-2-2B-S        = (ABCDABCDABCDABCDABCDABCDABCDABCDABCDABCDABCDABCDABCDABCDABCDABCDABCDAB)
08:01:32.612 [main] INFO  c.c.app.process.impl.Refmod3Impl.mainlineSplit1  744 - * 36* WS-2-2B-T        = (ABCDABCDABCDABCDABCDABCDABCDABCDABCDABCDABCDABCDABCDABCDABCDABCDABCDAB                    )
08:01:32.613 [main] INFO  c.c.app.process.impl.Refmod3Impl.mainlineSplit1  746 - * 37*   WS-2-2B-T-FLD1 = (ABCDABCDABCDABCDABCD)
08:01:32.613 [main] INFO  c.c.app.process.impl.Refmod3Impl.mainlineSplit1  748 - * 38*   WS-2-2B-T-FLD2 = (ABCDABCDABCDABCDABCDABCDABCDABCDABCDABCD)
08:01:32.613 [main] INFO  c.c.app.process.impl.Refmod3Impl.mainlineSplit1  750 - * 39*   WS-2-2B-T-FLD3 = (ABCDABCDAB                    )
08:01:32.614 [main] INFO  c.c.app.process.impl.Refmod3Impl.mainlineSplit1  769 - * 40* WS-2-2B-S        = (ABCDABCDABCDABCDABCDABCDABCDABCDABCDABCDABCDABCDABCDABCDABCDABCDABCDAB)
08:01:32.615 [main] INFO  c.c.app.process.impl.Refmod3Impl.mainlineSplit1  771 - * 41* WS-2-2B-T        = (ABCDABCDABCDABCDABCDABCDABCDABCDABCDABCDABCDABCDABCDABCDABCDABCDABCDAB                    )
08:01:32.615 [main] INFO  c.c.app.process.impl.Refmod3Impl.mainlineSplit1  773 - * 42*   WS-2-2B-T-FLD1 = (ABCDABCDABCDABCDABCD)
08:01:32.615 [main] INFO  c.c.app.process.impl.Refmod3Impl.mainlineSplit1  775 - * 43*   WS-2-2B-T-FLD2 = (ABCDABCDABCDABCDABCDABCDABCDABCDABCDABCD)
08:01:32.616 [main] INFO  c.c.app.process.impl.Refmod3Impl.mainlineSplit1  777 - * 44*   WS-2-2B-T-FLD3 = (ABCDABCDAB                    )
08:01:32.616 [main] INFO  c.c.app.process.impl.Refmod3Impl.mainlineSplit1  794 - * 45* WS-2-3A-S        = (ABCDABCDABCDABCDABCDABCDABCDABZYXWZYXWZYXWZYXWZYXWZYXWZYXWZYXWZYXWZYXW)
08:01:32.617 [main] INFO  c.c.app.process.impl.Refmod3Impl.mainlineSplit1  796 - * 46*   WS-2-3A-S-FLD1 = (ABCDABCDABCDABCDABCDABCDABCDAB)
08:01:32.617 [main] INFO  c.c.app.process.impl.Refmod3Impl.mainlineSplit1  798 - * 47*   WS-2-3A-S-FLD2 = (ZYXWZYXWZYXWZYXWZYXWZYXWZYXWZYXWZYXWZYXW)
08:01:32.618 [main] INFO  c.c.app.process.impl.Refmod3Impl.mainlineSplit1  800 - * 48* WS-2-3A-T        = (ABCDABCDABCDABCDABCDABCDABCDABZYXWZYXWZYXWZYXWZYXWZYXWZYXWZY)
08:01:32.618 [main] INFO  c.c.app.process.impl.Refmod3Impl.mainlineSplit1  802 - * 49*   WS-2-3A-T-FLD1 = (ABCDABCDABCDABCDABCD)
08:01:32.618 [main] INFO  c.c.app.process.impl.Refmod3Impl.mainlineSplit1  804 - * 50*   WS-2-3A-T-FLD2 = (ABCDABCDABZYXWZYXWZYXWZYXWZYXWZYXWZYXWZY)
08:01:32.621 [main] INFO  c.c.app.process.impl.Refmod3Impl.mainlineSplit2  862 - * 51* WS-2-3A-S        = (ABCDABCDABCDABCDABCDABCDABCDABZYXWZYXWZYXWZYXWZYXWZYXWZYXWZYXWZYXWZYXW)
08:01:32.623 [main] INFO  c.c.app.process.impl.Refmod3Impl.mainlineSplit2  864 - * 52*   WS-2-3A-S-FLD1 = (ABCDABCDABCDABCDABCDABCDABCDAB)
08:01:32.624 [main] INFO  c.c.app.process.impl.Refmod3Impl.mainlineSplit2  866 - * 53*   WS-2-3A-S-FLD2 = (ZYXWZYXWZYXWZYXWZYXWZYXWZYXWZYXWZYXWZYXW)
08:01:32.625 [main] INFO  c.c.app.process.impl.Refmod3Impl.mainlineSplit2  868 - * 54* WS-2-3A-T        = (ABCDABCDABCDABCDABCDABCDABCDABZYXWZYXWZYXWZYXWZYXWZYXWZYXWZY)
08:01:32.625 [main] INFO  c.c.app.process.impl.Refmod3Impl.mainlineSplit2  870 - * 55*   WS-2-3A-T-FLD1 = (ABCDABCDABCDABCDABCD)
08:01:32.626 [main] INFO  c.c.app.process.impl.Refmod3Impl.mainlineSplit2  872 - * 56*   WS-2-3A-T-FLD2 = (ABCDABCDABZYXWZYXWZYXWZYXWZYXWZYXWZYXWZY)
08:01:32.626 [main] INFO  c.c.app.process.impl.Refmod3Impl.mainlineSplit2  891 - * 57* WS-2-3B-S        = (ABCDABCDABCDABCDABCDABCDABCDABZYXWZYXWZYXWZYXWZYXWZYXWZYXWZYXWZYXWZYXW)
08:01:32.626 [main] INFO  c.c.app.process.impl.Refmod3Impl.mainlineSplit2  893 - * 58*   WS-2-3B-S-FLD1 = (ABCDABCDABCDABCDABCDABCDABCDAB)
08:01:32.627 [main] INFO  c.c.app.process.impl.Refmod3Impl.mainlineSplit2  895 - * 59*   WS-2-3B-S-FLD2 = (ZYXWZYXWZYXWZYXWZYXWZYXWZYXWZYXWZYXWZYXW)
08:01:32.627 [main] INFO  c.c.app.process.impl.Refmod3Impl.mainlineSplit2  897 - * 60* WS-2-3B-T        = (ABCDABCDABCDABCDABCDABCDABCDABZYXWZYXWZYXWZYXWZYXWZYXWZYXWZYXWZYXWZYXW                    )
08:01:32.628 [main] INFO  c.c.app.process.impl.Refmod3Impl.mainlineSplit2  899 - * 61*   WS-2-3B-T-FLD1 = (ABCDABCDABCDABCDABCD)
08:01:32.629 [main] INFO  c.c.app.process.impl.Refmod3Impl.mainlineSplit2  901 - * 62*   WS-2-3B-T-FLD2 = (ABCDABCDABZYXWZYXWZYXWZYXWZYXWZYXWZYXWZY)
08:01:32.629 [main] INFO  c.c.app.process.impl.Refmod3Impl.mainlineSplit2  903 - * 63*   WS-2-3B-T-FLD3 = (XWZYXWZYXW                    )
08:01:32.629 [main] INFO  c.c.app.process.impl.Refmod3Impl.mainlineSplit2  922 - * 64* WS-2-3B-S        = (ABCDABCDABCDABCDABCDABCDABCDABZYXWZYXWZYXWZYXWZYXWZYXWZYXWZYXWZYXWZYXW)
08:01:32.630 [main] INFO  c.c.app.process.impl.Refmod3Impl.mainlineSplit2  924 - * 65*   WS-2-3B-S-FLD1 = (ABCDABCDABCDABCDABCDABCDABCDAB)
08:01:32.630 [main] INFO  c.c.app.process.impl.Refmod3Impl.mainlineSplit2  926 - * 66*   WS-2-3B-S-FLD2 = (ZYXWZYXWZYXWZYXWZYXWZYXWZYXWZYXWZYXWZYXW)
08:01:32.630 [main] INFO  c.c.app.process.impl.Refmod3Impl.mainlineSplit2  928 - * 67* WS-2-3B-T        = (ABCDABCDABCDABCDABCDABCDABCDABZYXWZYXWZYXWZYXWZYXWZYXWZYXWZYXWZYXWZYXW                    )
08:01:32.631 [main] INFO  c.c.app.process.impl.Refmod3Impl.mainlineSplit2  930 - * 68*   WS-2-3B-T-FLD1 = (ABCDABCDABCDABCDABCD)
08:01:32.631 [main] INFO  c.c.app.process.impl.Refmod3Impl.mainlineSplit2  932 - * 69*   WS-2-3B-T-FLD2 = (ABCDABCDABZYXWZYXWZYXWZYXWZYXWZYXWZYXWZY)
08:01:32.631 [main] INFO  c.c.app.process.impl.Refmod3Impl.mainlineSplit2  934 - * 70*   WS-2-3B-T-FLD3 = (XWZYXWZYXW                    )
08:01:32.632 [main] INFO  c.c.app.process.impl.Refmod3Impl.mainlineSplit2  949 - * 71* WS-2-4A-S        = (ABCDABCDABCDABCDABCDABCDABCDABCDABCDABCDABCDABCDABCDABCDABCDABCDABCDAB)
08:01:32.632 [main] INFO  c.c.app.process.impl.Refmod3Impl.mainlineSplit2  951 - * 72* WS-2-4A-T        = (ABCDABCDABCDABCDABCDABCDABCDABCDABCDABCDABCDABCDABCDABCDABCD)
08:01:32.632 [main] INFO  c.c.app.process.impl.Refmod3Impl.mainlineSplit2  953 - * 73*   WS-2-4A-T-FLD1 = (ABCDABCDABCDABCDABCD)
08:01:32.633 [main] INFO  c.c.app.process.impl.Refmod3Impl.mainlineSplit2  955 - * 74*   WS-2-4A-T-FLD2 = (ABCDABCDABCDABCDABCDABCDABCDABCDABCDABCD)
08:01:32.633 [main] INFO  c.c.app.process.impl.Refmod3Impl.mainlineSplit2  970 - * 75* WS-2-4A-S        = (ABCDABCDABCDABCDABCDABCDABCDABCDABCDABCDABCDABCDABCDABCDABCDABCDABCDAB)
08:01:32.633 [main] INFO  c.c.app.process.impl.Refmod3Impl.mainlineSplit2  972 - * 76* WS-2-4A-T        = (ABCDABCDABCDABCDABCDABCDABCDABCDABCDABCDABCDABCDABCDABCDABCD)
08:01:32.633 [main] INFO  c.c.app.process.impl.Refmod3Impl.mainlineSplit2  974 - * 77*   WS-2-4A-T-FLD1 = (ABCDABCDABCDABCDABCD)
08:01:32.633 [main] INFO  c.c.app.process.impl.Refmod3Impl.mainlineSplit2  976 - * 78*   WS-2-4A-T-FLD2 = (ABCDABCDABCDABCDABCDABCDABCDABCDABCDABCD)
08:01:32.634 [main] INFO  c.c.app.process.impl.Refmod3Impl.mainlineSplit3 1033 - * 79* WS-2-4B-S        = (ABCDABCDABCDABCDABCDABCDABCDABCDABCDABCDABCDABCDABCDABCDABCDABCDABCDAB)
08:01:32.635 [main] INFO  c.c.app.process.impl.Refmod3Impl.mainlineSplit3 1035 - * 80* WS-2-4B-T        = (ABCDABCDABCDABCDABCDABCDABCDABCDABCDABCDABCDABCDABCDABCDABCDABCDABCDAB                    )
08:01:32.637 [main] INFO  c.c.app.process.impl.Refmod3Impl.mainlineSplit3 1037 - * 81*   WS-2-4B-T-FLD1 = (ABCDABCDABCDABCDABCD)
08:01:32.638 [main] INFO  c.c.app.process.impl.Refmod3Impl.mainlineSplit3 1039 - * 82*   WS-2-4B-T-FLD2 = (ABCDABCDABCDABCDABCDABCDABCDABCDABCDABCD)
08:01:32.639 [main] INFO  c.c.app.process.impl.Refmod3Impl.mainlineSplit3 1041 - * 83*   WS-2-4B-T-FLD3 = (ABCDABCDAB                    )
08:01:32.640 [main] INFO  c.c.app.process.impl.Refmod3Impl.mainlineSplit3 1058 - * 84* WS-2-4B-S        = (ABCDABCDABCDABCDABCDABCDABCDABCDABCDABCDABCDABCDABCDABCDABCDABCDABCDAB)
08:01:32.640 [main] INFO  c.c.app.process.impl.Refmod3Impl.mainlineSplit3 1060 - * 85* WS-2-4B-T        = (ABCDABCDABCDABCDABCDABCDABCDABCDABCDABCDABCDABCDABCDABCDABCDABCDABCDAB                    )
08:01:32.641 [main] INFO  c.c.app.process.impl.Refmod3Impl.mainlineSplit3 1062 - * 86*   WS-2-4B-T-FLD1 = (ABCDABCDABCDABCDABCD)
08:01:32.641 [main] INFO  c.c.app.process.impl.Refmod3Impl.mainlineSplit3 1064 - * 87*   WS-2-4B-T-FLD2 = (ABCDABCDABCDABCDABCDABCDABCDABCDABCDABCD)
08:01:32.641 [main] INFO  c.c.app.process.impl.Refmod3Impl.mainlineSplit3 1066 - * 88*   WS-2-4B-T-FLD3 = (ABCDABCDAB                    )
08:01:32.642 [main] INFO  c.c.app.process.impl.Refmod3Impl.mainlineSplit3 1087 - * 89* WS-2-1A-S        = (ABCDABCDABCDABCDABCDABCDABCDABZYXWZYXWZYXWZYXWZYXWZYXWZYXWZYXWZYXWZYXW)
08:01:32.642 [main] INFO  c.c.app.process.impl.Refmod3Impl.mainlineSplit3 1089 - * 90*   WS-2-1A-S-FLD1 = (ABCDABCDABCDABCDABCDABCDABCDAB)
08:01:32.642 [main] INFO  c.c.app.process.impl.Refmod3Impl.mainlineSplit3 1091 - * 91*   WS-2-1A-S-FLD2 = (ZYXWZYXWZYXWZYXWZYXWZYXWZYXWZYXWZYXWZYXW)
08:01:32.642 [main] INFO  c.c.app.process.impl.Refmod3Impl.mainlineSplit3 1093 - * 92* WS-2-1A-T        = (    CDABCDABCDABCDABCDABCDABCDABZYXWZYXWZYXWZYXWZYXWZYXWZYX )
08:01:32.643 [main] INFO  c.c.app.process.impl.Refmod3Impl.mainlineSplit3 1095 - * 93*   WS-2-1A-T-FLD1 = (    CDABCDABCDABCDAB)
08:01:32.643 [main] INFO  c.c.app.process.impl.Refmod3Impl.mainlineSplit3 1097 - * 94*   WS-2-1A-T-FLD2 = (CDABCDABCDABZYXWZYXWZYXWZYXWZYXWZYXWZYX )
08:01:32.643 [main] INFO  c.c.app.process.impl.Refmod3Impl.mainlineSplit3 1116 - * 95* WS-2-1A-S        = (ABCDABCDABCDABCDABCDABCDABCDABZYXWZYXWZYXWZYXWZYXWZYXWZYXWZYXWZYXWZYXW)
08:01:32.646 [main] INFO  c.c.app.process.impl.Refmod3Impl.mainlineSplit3 1118 - * 96*   WS-2-1A-S-FLD1 = (ABCDABCDABCDABCDABCDABCDABCDAB)
08:01:32.647 [main] INFO  c.c.app.process.impl.Refmod3Impl.mainlineSplit3 1120 - * 97*   WS-2-1A-S-FLD2 = (ZYXWZYXWZYXWZYXWZYXWZYXWZYXWZYXWZYXWZYXW)
08:01:32.648 [main] INFO  c.c.app.process.impl.Refmod3Impl.mainlineSplit3 1122 - * 98* WS-2-1A-T        = (    CDABCDABCDABCDABCDABCDABCDABZYXWZYXWZYXWZYXWZYXWZYXWZYX )
08:01:32.648 [main] INFO  c.c.app.process.impl.Refmod3Impl.mainlineSplit3 1124 - * 99*   WS-2-1A-T-FLD1 = (    CDABCDABCDABCDAB)
08:01:32.648 [main] INFO  c.c.app.process.impl.Refmod3Impl.mainlineSplit3 1126 - *100*   WS-2-1A-T-FLD2 = (CDABCDABCDABZYXWZYXWZYXWZYXWZYXWZYXWZYX )
08:01:32.649 [main] INFO  c.c.app.process.impl.Refmod3Impl.mainlineSplit3 1145 - *101* WS-2-1B-S        = (ABCDABCDABCDABCDABCDABCDABCDABZYXWZYXWZYXWZYXWZYXWZYXWZYXWZYXWZYXWZYXW)
08:01:32.649 [main] INFO  c.c.app.process.impl.Refmod3Impl.mainlineSplit3 1147 - *102*   WS-2-1B-S-FLD1 = (ABCDABCDABCDABCDABCDABCDABCDAB)
08:01:32.650 [main] INFO  c.c.app.process.impl.Refmod3Impl.mainlineSplit3 1149 - *103*   WS-2-1B-S-FLD2 = (ZYXWZYXWZYXWZYXWZYXWZYXWZYXWZYXWZYXWZYXW)
08:01:32.650 [main] INFO  c.c.app.process.impl.Refmod3Impl.mainlineSplit3 1151 - *104* WS-2-1B-T        = (    CDABCDABCDABCDABCDABCDABCDABZYXWZYXWZYXWZYXWZYXWZYXWZYXWZYXWZYXWZYX                  N)
08:01:32.650 [main] INFO  c.c.app.process.impl.Refmod3Impl.mainlineSplit3 1153 - *105*   WS-2-1B-T-FLD1 = (    CDABCDABCDABCDAB)
08:01:32.650 [main] INFO  c.c.app.process.impl.Refmod3Impl.mainlineSplit3 1155 - *106*   WS-2-1B-T-FLD2 = (CDABCDABCDABZYXWZYXWZYXWZYXWZYXWZYXWZYXW)
08:01:32.652 [main] INFO  c.c.app.process.impl.Refmod3Impl.mainlineSplit4 1200 - *107*   WS-2-1B-T-FLD3 = (ZYXWZYXWZYX                  N)
08:01:32.652 [main] INFO  c.c.app.process.impl.Refmod3Impl.mainlineSplit4 1221 - *108* WS-2-1B-S        = (ABCDABCDABCDABCDABCDABCDABCDABZYXWZYXWZYXWZYXWZYXWZYXWZYXWZYXWZYXWZYXW)
08:01:32.652 [main] INFO  c.c.app.process.impl.Refmod3Impl.mainlineSplit4 1223 - *109*   WS-2-1B-S-FLD1 = (ABCDABCDABCDABCDABCDABCDABCDAB)
08:01:32.653 [main] INFO  c.c.app.process.impl.Refmod3Impl.mainlineSplit4 1225 - *110*   WS-2-1B-S-FLD2 = (ZYXWZYXWZYXWZYXWZYXWZYXWZYXWZYXWZYXWZYXW)
08:01:32.653 [main] INFO  c.c.app.process.impl.Refmod3Impl.mainlineSplit4 1227 - *111* WS-2-1B-T        = (    CDABCDABCDABCDABCDABCDABCDABZYXWZYXWZYXWZYXWZYXWZYXWZYXWZYXWZYXWZYX                  N)
08:01:32.654 [main] INFO  c.c.app.process.impl.Refmod3Impl.mainlineSplit4 1229 - *112*   WS-2-1B-T-FLD1 = (    CDABCDABCDABCDAB)
08:01:32.655 [main] INFO  c.c.app.process.impl.Refmod3Impl.mainlineSplit4 1231 - *113*   WS-2-1B-T-FLD2 = (CDABCDABCDABZYXWZYXWZYXWZYXWZYXWZYXWZYXW)
08:01:32.655 [main] INFO  c.c.app.process.impl.Refmod3Impl.mainlineSplit4 1233 - *114*   WS-2-1B-T-FLD3 = (ZYXWZYXWZYX                  N)
08:01:32.656 [main] INFO  c.c.app.process.impl.Refmod3Impl.mainlineSplit4 1248 - *115* WS-2-2A-S        = (ABCDABCDABCDABCDABCDABCDABCDABCDABCDABCDABCDABCDABCDABCDABCDABCDABCDAB)
08:01:32.656 [main] INFO  c.c.app.process.impl.Refmod3Impl.mainlineSplit4 1250 - *116* WS-2-2A-T        = (    CDABCDABCDABCDABCDABCDABCDABCDABCDABCDABCDABCDABCDABCDA )
08:01:32.658 [main] INFO  c.c.app.process.impl.Refmod3Impl.mainlineSplit4 1252 - *117*   WS-2-2A-T-FLD1 = (    CDABCDABCDABCDAB)
08:01:32.659 [main] INFO  c.c.app.process.impl.Refmod3Impl.mainlineSplit4 1254 - *118*   WS-2-2A-T-FLD2 = (CDABCDABCDABCDABCDABCDABCDABCDABCDABCDA )
08:01:32.659 [main] INFO  c.c.app.process.impl.Refmod3Impl.mainlineSplit4 1275 - *119* WS-2-2A-S        = (ABCDABCDABCDABCDABCDABCDABCDABCDABCDABCDABCDABCDABCDABCDABCDABCDABCDAB)
08:01:32.659 [main] INFO  c.c.app.process.impl.Refmod3Impl.mainlineSplit4 1277 - *120* WS-2-2A-T        = (    CDABCDABCDABCDABCDABCDABCDABCDABCDABCDABCDABCDABCDABCDA )
08:01:32.660 [main] INFO  c.c.app.process.impl.Refmod3Impl.mainlineSplit4 1279 - *121*   WS-2-2A-T-FLD1 = (    CDABCDABCDABCDAB)
08:01:32.660 [main] INFO  c.c.app.process.impl.Refmod3Impl.mainlineSplit4 1281 - *122*   WS-2-2A-T-FLD2 = (CDABCDABCDABCDABCDABCDABCDABCDABCDABCDA )
08:01:32.660 [main] INFO  c.c.app.process.impl.Refmod3Impl.mainlineSplit4 1298 - *123* WS-2-2B-S        = (ABCDABCDABCDABCDABCDABCDABCDABCDABCDABCDABCDABCDABCDABCDABCDABCDABCDAB)
08:01:32.661 [main] INFO  c.c.app.process.impl.Refmod3Impl.mainlineSplit4 1300 - *124* WS-2-2B-T        = (    CDABCDABCDABCDABCDABCDABCDABCDABCDABCDABCDABCDABCDABCDABCDABCDABCDA                  N)
08:01:32.665 [main] INFO  c.c.app.process.impl.Refmod3Impl.mainlineSplit4 1302 - *125*   WS-2-2B-T-FLD1 = (    CDABCDABCDABCDAB)
08:01:32.665 [main] INFO  c.c.app.process.impl.Refmod3Impl.mainlineSplit4 1304 - *126*   WS-2-2B-T-FLD2 = (CDABCDABCDABCDABCDABCDABCDABCDABCDABCDAB)
08:01:32.667 [main] INFO  c.c.app.process.impl.Refmod3Impl.mainlineSplit4 1306 - *127*   WS-2-2B-T-FLD3 = (CDABCDABCDA                  N)
08:01:32.667 [main] INFO  c.c.app.process.impl.Refmod3Impl.mainlineSplit4 1329 - *128* WS-2-2B-S        = (ABCDABCDABCDABCDABCDABCDABCDABCDABCDABCDABCDABCDABCDABCDABCDABCDABCDAB)
08:01:32.668 [main] INFO  c.c.app.process.impl.Refmod3Impl.mainlineSplit5 1368 - *129* WS-2-2B-T        = (    CDABCDABCDABCDABCDABCDABCDABCDABCDABCDABCDABCDABCDABCDABCDABCDABCDA                  N)
08:01:32.669 [main] INFO  c.c.app.process.impl.Refmod3Impl.mainlineSplit5 1370 - *130*   WS-2-2B-T-FLD1 = (    CDABCDABCDABCDAB)
08:01:32.669 [main] INFO  c.c.app.process.impl.Refmod3Impl.mainlineSplit5 1372 - *131*   WS-2-2B-T-FLD2 = (CDABCDABCDABCDABCDABCDABCDABCDABCDABCDAB)
08:01:32.669 [main] INFO  c.c.app.process.impl.Refmod3Impl.mainlineSplit5 1374 - *132*   WS-2-2B-T-FLD3 = (CDABCDABCDA                  N)
08:01:32.669 [main] INFO  c.c.app.process.impl.Refmod3Impl.mainlineSplit5 1391 - *133* WS-2-3A-S        = (ABCDABCDABCDABCDABCDABCDABCDABZYXWZYXWZYXWZYXWZYXWZYXWZYXWZYXWZYXWZYXW)
08:01:32.670 [main] INFO  c.c.app.process.impl.Refmod3Impl.mainlineSplit5 1393 - *134*   WS-2-3A-S-FLD1 = (ABCDABCDABCDABCDABCDABCDABCDAB)
08:01:32.670 [main] INFO  c.c.app.process.impl.Refmod3Impl.mainlineSplit5 1395 - *135*   WS-2-3A-S-FLD2 = (ZYXWZYXWZYXWZYXWZYXWZYXWZYXWZYXWZYXWZYXW)
08:01:32.670 [main] INFO  c.c.app.process.impl.Refmod3Impl.mainlineSplit5 1397 - *136* WS-2-3A-T        = (    ABCDABCDABCDABCDABCDABCDABCDABZYXWZYXWZYXWZYXWZYXWZYXWZ )
08:01:32.670 [main] INFO  c.c.app.process.impl.Refmod3Impl.mainlineSplit5 1399 - *137*   WS-2-3A-T-FLD1 = (    ABCDABCDABCDABCD)
08:01:32.672 [main] INFO  c.c.app.process.impl.Refmod3Impl.mainlineSplit5 1401 - *138*   WS-2-3A-T-FLD2 = (ABCDABCDABCDABZYXWZYXWZYXWZYXWZYXWZYXWZ )
08:01:32.672 [main] INFO  c.c.app.process.impl.Refmod3Impl.mainlineSplit5 1420 - *139* WS-2-3A-S        = (ABCDABCDABCDABCDABCDABCDABCDABZYXWZYXWZYXWZYXWZYXWZYXWZYXWZYXWZYXWZYXW)
08:01:32.673 [main] INFO  c.c.app.process.impl.Refmod3Impl.mainlineSplit5 1422 - *140*   WS-2-3A-S-FLD1 = (ABCDABCDABCDABCDABCDABCDABCDAB)
08:01:32.673 [main] INFO  c.c.app.process.impl.Refmod3Impl.mainlineSplit5 1424 - *141*   WS-2-3A-S-FLD2 = (ZYXWZYXWZYXWZYXWZYXWZYXWZYXWZYXWZYXWZYXW)
08:01:32.673 [main] INFO  c.c.app.process.impl.Refmod3Impl.mainlineSplit5 1426 - *142* WS-2-3A-T        = (    ABCDABCDABCDABCDABCDABCDABCDABZYXWZYXWZYXWZYXWZYXWZYXWZ )
08:01:32.673 [main] INFO  c.c.app.process.impl.Refmod3Impl.mainlineSplit5 1428 - *143*   WS-2-3A-T-FLD1 = (    ABCDABCDABCDABCD)
08:01:32.674 [main] INFO  c.c.app.process.impl.Refmod3Impl.mainlineSplit5 1430 - *144*   WS-2-3A-T-FLD2 = (ABCDABCDABCDABZYXWZYXWZYXWZYXWZYXWZYXWZ )
08:01:32.674 [main] INFO  c.c.app.process.impl.Refmod3Impl.mainlineSplit5 1449 - *145* WS-2-3B-S        = (ABCDABCDABCDABCDABCDABCDABCDABZYXWZYXWZYXWZYXWZYXWZYXWZYXWZYXWZYXWZYXW)
08:01:32.674 [main] INFO  c.c.app.process.impl.Refmod3Impl.mainlineSplit5 1451 - *146*   WS-2-3B-S-FLD1 = (ABCDABCDABCDABCDABCDABCDABCDAB)
08:01:32.675 [main] INFO  c.c.app.process.impl.Refmod3Impl.mainlineSplit5 1453 - *147*   WS-2-3B-S-FLD2 = (ZYXWZYXWZYXWZYXWZYXWZYXWZYXWZYXWZYXWZYXW)
08:01:32.675 [main] INFO  c.c.app.process.impl.Refmod3Impl.mainlineSplit5 1455 - *148* WS-2-3B-T        = (    ABCDABCDABCDABCDABCDABCDABCDABZYXWZYXWZYXWZYXWZYXWZYXWZYXWZYXWZYXWZYXW               N)
08:01:32.675 [main] INFO  c.c.app.process.impl.Refmod3Impl.mainlineSplit5 1457 - *149*   WS-2-3B-T-FLD1 = (    ABCDABCDABCDABCD)
08:01:32.676 [main] INFO  c.c.app.process.impl.Refmod3Impl.mainlineSplit5 1459 - *150*   WS-2-3B-T-FLD2 = (ABCDABCDABCDABZYXWZYXWZYXWZYXWZYXWZYXWZY)
08:01:32.676 [main] INFO  c.c.app.process.impl.Refmod3Impl.mainlineSplit5 1461 - *151*   WS-2-3B-T-FLD3 = (XWZYXWZYXWZYXW               N)
08:01:32.678 [main] INFO  c.c.app.process.impl.Refmod3Impl.mainlineSplit5 1482 - *152* WS-2-3B-S        = (ABCDABCDABCDABCDABCDABCDABCDABZYXWZYXWZYXWZYXWZYXWZYXWZYXWZYXWZYXWZYXW)
08:01:32.679 [main] INFO  c.c.app.process.impl.Refmod3Impl.mainlineSplit5 1484 - *153*   WS-2-3B-S-FLD1 = (ABCDABCDABCDABCDABCDABCDABCDAB)
08:01:32.679 [main] INFO  c.c.app.process.impl.Refmod3Impl.mainlineSplit5 1486 - *154*   WS-2-3B-S-FLD2 = (ZYXWZYXWZYXWZYXWZYXWZYXWZYXWZYXWZYXWZYXW)
08:01:32.679 [main] INFO  c.c.app.process.impl.Refmod3Impl.mainlineSplit5 1488 - *155* WS-2-3B-T        = (    ABCDABCDABCDABCDABCDABCDABCDABZYXWZYXWZYXWZYXWZYXWZYXWZYXWZYXWZYXWZYXW               N)
08:01:32.679 [main] INFO  c.c.app.process.impl.Refmod3Impl.mainlineSplit5 1490 - *156*   WS-2-3B-T-FLD1 = (    ABCDABCDABCDABCD)
08:01:32.679 [main] INFO  c.c.app.process.impl.Refmod3Impl.mainlineSplit5 1492 - *157*   WS-2-3B-T-FLD2 = (ABCDABCDABCDABZYXWZYXWZYXWZYXWZYXWZYXWZY)
08:01:32.681 [main] INFO  c.c.app.process.impl.Refmod3Impl.mainlineSplit6 1531 - *158*   WS-2-3B-T-FLD3 = (XWZYXWZYXWZYXW               N)
08:01:32.681 [main] INFO  c.c.app.process.impl.Refmod3Impl.mainlineSplit6 1546 - *159* WS-2-4A-S        = (ABCDABCDABCDABCDABCDABCDABCDABCDABCDABCDABCDABCDABCDABCDABCDABCDABCDAB)
08:01:32.681 [main] INFO  c.c.app.process.impl.Refmod3Impl.mainlineSplit6 1548 - *160* WS-2-4A-T        = (    ABCDABCDABCDABCDABCDABCDABCDABCDABCDABCDABCDABCDABCDABC )
08:01:32.682 [main] INFO  c.c.app.process.impl.Refmod3Impl.mainlineSplit6 1550 - *161*   WS-2-4A-T-FLD1 = (    ABCDABCDABCDABCD)
08:01:32.682 [main] INFO  c.c.app.process.impl.Refmod3Impl.mainlineSplit6 1552 - *162*   WS-2-4A-T-FLD2 = (ABCDABCDABCDABCDABCDABCDABCDABCDABCDABC )
08:01:32.682 [main] INFO  c.c.app.process.impl.Refmod3Impl.mainlineSplit6 1569 - *163* WS-2-4A-S        = (ABCDABCDABCDABCDABCDABCDABCDABCDABCDABCDABCDABCDABCDABCDABCDABCDABCDAB)
08:01:32.683 [main] INFO  c.c.app.process.impl.Refmod3Impl.mainlineSplit6 1571 - *164* WS-2-4A-T        = (    ABCDABCDABCDABCDABCDABCDABCDABCDABCDABCDABCDABCDABCDABC )
08:01:32.683 [main] INFO  c.c.app.process.impl.Refmod3Impl.mainlineSplit6 1573 - *165*   WS-2-4A-T-FLD1 = (    ABCDABCDABCDABCD)
08:01:32.683 [main] INFO  c.c.app.process.impl.Refmod3Impl.mainlineSplit6 1575 - *166*   WS-2-4A-T-FLD2 = (ABCDABCDABCDABCDABCDABCDABCDABCDABCDABC )
08:01:32.684 [main] INFO  c.c.app.process.impl.Refmod3Impl.mainlineSplit6 1592 - *167* WS-2-4B-S        = (ABCDABCDABCDABCDABCDABCDABCDABCDABCDABCDABCDABCDABCDABCDABCDABCDABCDAB)
08:01:32.684 [main] INFO  c.c.app.process.impl.Refmod3Impl.mainlineSplit6 1594 - *168* WS-2-4B-T        = (    ABCDABCDABCDABCDABCDABCDABCDABCDABCDABCDABCDABCDABCDABCDABCDABCDABCDAB               N)
08:01:32.684 [main] INFO  c.c.app.process.impl.Refmod3Impl.mainlineSplit6 1596 - *169*   WS-2-4B-T-FLD1 = (    ABCDABCDABCDABCD)
08:01:32.684 [main] INFO  c.c.app.process.impl.Refmod3Impl.mainlineSplit6 1598 - *170*   WS-2-4B-T-FLD2 = (ABCDABCDABCDABCDABCDABCDABCDABCDABCDABCD)
08:01:32.685 [main] INFO  c.c.app.process.impl.Refmod3Impl.mainlineSplit6 1600 - *171*   WS-2-4B-T-FLD3 = (ABCDABCDABCDAB               N)
08:01:32.685 [main] INFO  c.c.app.process.impl.Refmod3Impl.mainlineSplit6 1619 - *172* WS-2-4B-S        = (ABCDABCDABCDABCDABCDABCDABCDABCDABCDABCDABCDABCDABCDABCDABCDABCDABCDAB)
08:01:32.685 [main] INFO  c.c.app.process.impl.Refmod3Impl.mainlineSplit6 1621 - *173* WS-2-4B-T        = (    ABCDABCDABCDABCDABCDABCDABCDABCDABCDABCDABCDABCDABCDABCDABCDABCDABCDAB               N)
08:01:32.686 [main] INFO  c.c.app.process.impl.Refmod3Impl.mainlineSplit6 1623 - *174*   WS-2-4B-T-FLD1 = (    ABCDABCDABCDABCD)
08:01:32.686 [main] INFO  c.c.app.process.impl.Refmod3Impl.mainlineSplit6 1625 - *175*   WS-2-4B-T-FLD2 = (ABCDABCDABCDABCDABCDABCDABCDABCDABCDABCD)
08:01:32.686 [main] INFO  c.c.app.process.impl.Refmod3Impl.mainlineSplit6 1627 - *176*   WS-2-4B-T-FLD3 = (ABCDABCDABCDAB               N)
08:01:32.687 [main] INFO  c.c.app.process.impl.Refmod3Impl.mainlineSplit6 1644 - *177* WS-2-5A-S-GRP    = (***ABCDABCDABCDABCDABCDABCDABCDABZYXWZYXWZYXWZYXWZYXWZYXWZYXWZYXWZYXWZYXW)
08:01:32.687 [main] INFO  c.c.app.process.impl.Refmod3Impl.mainlineSplit6 1646 - *178* WS-2-5A-S        = (ABCDABCDABCDABCDABCDABCDABCDABZYXWZYXWZYXWZYXWZYXWZYXWZYXWZYXWZYXWZYXW)
08:01:32.687 [main] INFO  c.c.app.process.impl.Refmod3Impl.mainlineSplit6 1648 - *179*   WS-2-5A-S-FLD1 = (ABCDABCDABCDABCDABCDABCDABCDAB)
08:01:32.687 [main] INFO  c.c.app.process.impl.Refmod3Impl.mainlineSplit6 1650 - *180*   WS-2-5A-S-FLD2 = (ZYXWZYXWZYXWZYXWZYXWZYXWZYXWZYXWZYXWZYXW)
08:01:32.688 [main] INFO  c.c.app.process.impl.Refmod3Impl.mainlineSplit6 1652 - *181* WS-2-5A-T        = (ABCDABCDABCDABCDABCDABCDABCDABZYXWZYXWZYXWZYXWZYXWZYXWZYXWZY)
08:01:32.688 [main] INFO  c.c.app.process.impl.Refmod3Impl.mainlineSplit6 1654 - *182*   WS-2-5A-T-FLD1 = (ABCDABCDABCDABCDABCD)
08:01:32.688 [main] INFO  c.c.app.process.impl.Refmod3Impl.mainlineSplit6 1656 - *183*   WS-2-5A-T-FLD2 = (ABCDABCDABZYXWZYXWZYXWZYXWZYXWZYXWZYXWZY)
08:01:32.690 [main] INFO  c.c.app.process.impl.Refmod3Impl.mainlineSplit7 1721 - *184* WS-2-5A-S-GRP    = (***ABCDABCDABCDABCDABCDABCDABCDABZYXWZYXWZYXWZYXWZYXWZYXWZYXWZYXWZYXWZYXW)
08:01:32.691 [main] INFO  c.c.app.process.impl.Refmod3Impl.mainlineSplit7 1723 - *185* WS-2-5A-S        = (ABCDABCDABCDABCDABCDABCDABCDABZYXWZYXWZYXWZYXWZYXWZYXWZYXWZYXWZYXWZYXW)
08:01:32.691 [main] INFO  c.c.app.process.impl.Refmod3Impl.mainlineSplit7 1725 - *186*   WS-2-5A-S-FLD1 = (ABCDABCDABCDABCDABCDABCDABCDAB)
08:01:32.691 [main] INFO  c.c.app.process.impl.Refmod3Impl.mainlineSplit7 1727 - *187*   WS-2-5A-S-FLD2 = (ZYXWZYXWZYXWZYXWZYXWZYXWZYXWZYXWZYXWZYXW)
08:01:32.692 [main] INFO  c.c.app.process.impl.Refmod3Impl.mainlineSplit7 1729 - *188* WS-2-5A-T        = (ABCDABCDABCDABCDABCDABCDABCDABZYXWZYXWZYXWZYXWZYXWZYXWZYXWZY)
08:01:32.696 [main] INFO  c.c.app.process.impl.Refmod3Impl.mainlineSplit7 1731 - *189*   WS-2-5A-T-FLD1 = (ABCDABCDABCDABCDABCD)
08:01:32.696 [main] INFO  c.c.app.process.impl.Refmod3Impl.mainlineSplit7 1733 - *190*   WS-2-5A-T-FLD2 = (ABCDABCDABZYXWZYXWZYXWZYXWZYXWZYXWZYXWZY)
08:01:32.697 [main] INFO  c.c.app.process.impl.Refmod3Impl.mainlineSplit7 1752 - *191* WS-2-5B-S-GRP    = (***ABCDABCDABCDABCDABCDABCDABCDABZYXWZYXWZYXWZYXWZYXWZYXWZYXWZYXWZYXWZYXW)
08:01:32.698 [main] INFO  c.c.app.process.impl.Refmod3Impl.mainlineSplit7 1754 - *192* WS-2-5B-S        = (ABCDABCDABCDABCDABCDABCDABCDABZYXWZYXWZYXWZYXWZYXWZYXWZYXWZYXWZYXWZYXW)
08:01:32.699 [main] INFO  c.c.app.process.impl.Refmod3Impl.mainlineSplit7 1756 - *193*   WS-2-5B-S-FLD1 = (ABCDABCDABCDABCDABCDABCDABCDAB)
08:01:32.699 [main] INFO  c.c.app.process.impl.Refmod3Impl.mainlineSplit7 1758 - *194*   WS-2-5B-S-FLD2 = (ZYXWZYXWZYXWZYXWZYXWZYXWZYXWZYXWZYXWZYXW)
08:01:32.699 [main] INFO  c.c.app.process.impl.Refmod3Impl.mainlineSplit7 1760 - *195* WS-2-5B-T        = (ABCDABCDABCDABCDABCDABCDABCDABZYXWZYXWZYXWZYXWZYXWZYXWZYXWZYXWZYXWZYXW                    )
08:01:32.699 [main] INFO  c.c.app.process.impl.Refmod3Impl.mainlineSplit7 1762 - *196*   WS-2-5B-T-FLD1 = (ABCDABCDABCDABCDABCD)
08:01:32.700 [main] INFO  c.c.app.process.impl.Refmod3Impl.mainlineSplit7 1764 - *197*   WS-2-5B-T-FLD2 = (ABCDABCDABZYXWZYXWZYXWZYXWZYXWZYXWZYXWZY)
08:01:32.700 [main] INFO  c.c.app.process.impl.Refmod3Impl.mainlineSplit7 1766 - *198*   WS-2-5B-T-FLD3 = (XWZYXWZYXW                    )
08:01:32.700 [main] INFO  c.c.app.process.impl.Refmod3Impl.mainlineSplit7 1787 - *199* WS-2-5B-S-GRP    = (***ABCDABCDABCDABCDABCDABCDABCDABZYXWZYXWZYXWZYXWZYXWZYXWZYXWZYXWZYXWZYXW)
08:01:32.701 [main] INFO  c.c.app.process.impl.Refmod3Impl.mainlineSplit7 1789 - *200* WS-2-5B-S        = (ABCDABCDABCDABCDABCDABCDABCDABZYXWZYXWZYXWZYXWZYXWZYXWZYXWZYXWZYXWZYXW)
08:01:32.701 [main] INFO  c.c.app.process.impl.Refmod3Impl.mainlineSplit7 1791 - *201*   WS-2-5B-S-FLD1 = (ABCDABCDABCDABCDABCDABCDABCDAB)
08:01:32.701 [main] INFO  c.c.app.process.impl.Refmod3Impl.mainlineSplit7 1793 - *202*   WS-2-5B-S-FLD2 = (ZYXWZYXWZYXWZYXWZYXWZYXWZYXWZYXWZYXWZYXW)
08:01:32.701 [main] INFO  c.c.app.process.impl.Refmod3Impl.mainlineSplit7 1795 - *203* WS-2-5B-T        = (ABCDABCDABCDABCDABCDABCDABCDABZYXWZYXWZYXWZYXWZYXWZYXWZYXWZYXWZYXWZYXW                    )
08:01:32.702 [main] INFO  c.c.app.process.impl.Refmod3Impl.mainlineSplit7 1797 - *204*   WS-2-5B-T-FLD1 = (ABCDABCDABCDABCDABCD)
08:01:32.702 [main] INFO  c.c.app.process.impl.Refmod3Impl.mainlineSplit7 1799 - *205*   WS-2-5B-T-FLD2 = (ABCDABCDABZYXWZYXWZYXWZYXWZYXWZYXWZYXWZY)
08:01:32.702 [main] INFO  c.c.app.process.impl.Refmod3Impl.mainlineSplit7 1801 - *206*   WS-2-5B-T-FLD3 = (XWZYXWZYXW                    )
08:01:32.703 [main] INFO  c.c.app.process.impl.Refmod3Impl.mainlineSplit7 1816 - *207* WS-2-6A-S-GRP    = (***ABCDABCDABCDABCDABCDABCDABCDABCDABCDABCDABCDABCDABCDABCDABCDABCDABCDAB)
08:01:32.703 [main] INFO  c.c.app.process.impl.Refmod3Impl.mainlineSplit7 1818 - *208* WS-2-6A-S        = (ABCDABCDABCDABCDABCDABCDABCDABCDABCDABCDABCDABCDABCDABCDABCDABCDABCDAB)
08:01:32.703 [main] INFO  c.c.app.process.impl.Refmod3Impl.mainlineSplit7 1820 - *209* WS-2-6A-T        = (ABCDABCDABCDABCDABCDABCDABCDABCDABCDABCDABCDABCDABCDABCDABCD)
08:01:32.703 [main] INFO  c.c.app.process.impl.Refmod3Impl.mainlineSplit7 1822 - *210*   WS-2-6A-T-FLD1 = (ABCDABCDABCDABCDABCD)
08:01:32.703 [main] INFO  c.c.app.process.impl.Refmod3Impl.mainlineSplit7 1824 - *211*   WS-2-6A-T-FLD2 = (ABCDABCDABCDABCDABCDABCDABCDABCDABCDABCD)
08:01:32.705 [main] INFO  c.c.app.process.impl.Refmod3Impl.mainlineSplit8 1884 - *212* WS-2-6A-S-GRP    = (***ABCDABCDABCDABCDABCDABCDABCDABCDABCDABCDABCDABCDABCDABCDABCDABCDABCDAB)
08:01:32.705 [main] INFO  c.c.app.process.impl.Refmod3Impl.mainlineSplit8 1886 - *213* WS-2-6A-S        = (ABCDABCDABCDABCDABCDABCDABCDABCDABCDABCDABCDABCDABCDABCDABCDABCDABCDAB)
08:01:32.706 [main] INFO  c.c.app.process.impl.Refmod3Impl.mainlineSplit8 1888 - *214* WS-2-6A-T        = (ABCDABCDABCDABCDABCDABCDABCDABCDABCDABCDABCDABCDABCDABCDABCD)
08:01:32.706 [main] INFO  c.c.app.process.impl.Refmod3Impl.mainlineSplit8 1890 - *215*   WS-2-6A-T-FLD1 = (ABCDABCDABCDABCDABCD)
08:01:32.706 [main] INFO  c.c.app.process.impl.Refmod3Impl.mainlineSplit8 1892 - *216*   WS-2-6A-T-FLD2 = (ABCDABCDABCDABCDABCDABCDABCDABCDABCDABCD)
08:01:32.707 [main] INFO  c.c.app.process.impl.Refmod3Impl.mainlineSplit8 1909 - *217* WS-2-6B-S-GRP    = (***ABCDABCDABCDABCDABCDABCDABCDABCDABCDABCDABCDABCDABCDABCDABCDABCDABCDAB)
08:01:32.707 [main] INFO  c.c.app.process.impl.Refmod3Impl.mainlineSplit8 1911 - *218* WS-2-6B-S        = (ABCDABCDABCDABCDABCDABCDABCDABCDABCDABCDABCDABCDABCDABCDABCDABCDABCDAB)
08:01:32.707 [main] INFO  c.c.app.process.impl.Refmod3Impl.mainlineSplit8 1913 - *219* WS-2-6B-T        = (ABCDABCDABCDABCDABCDABCDABCDABCDABCDABCDABCDABCDABCDABCDABCDABCDABCDAB                    )
08:01:32.707 [main] INFO  c.c.app.process.impl.Refmod3Impl.mainlineSplit8 1915 - *220*   WS-2-6B-T-FLD1 = (ABCDABCDABCDABCDABCD)
08:01:32.708 [main] INFO  c.c.app.process.impl.Refmod3Impl.mainlineSplit8 1917 - *221*   WS-2-6B-T-FLD2 = (ABCDABCDABCDABCDABCDABCDABCDABCDABCDABCD)
08:01:32.708 [main] INFO  c.c.app.process.impl.Refmod3Impl.mainlineSplit8 1919 - *222*   WS-2-6B-T-FLD3 = (ABCDABCDAB                    )
08:01:32.708 [main] INFO  c.c.app.process.impl.Refmod3Impl.mainlineSplit8 1938 - *223* WS-2-6B-S-GRP    = (***ABCDABCDABCDABCDABCDABCDABCDABCDABCDABCDABCDABCDABCDABCDABCDABCDABCDAB)
08:01:32.708 [main] INFO  c.c.app.process.impl.Refmod3Impl.mainlineSplit8 1940 - *224* WS-2-6B-S        = (ABCDABCDABCDABCDABCDABCDABCDABCDABCDABCDABCDABCDABCDABCDABCDABCDABCDAB)
08:01:32.709 [main] INFO  c.c.app.process.impl.Refmod3Impl.mainlineSplit8 1942 - *225* WS-2-6B-T        = (ABCDABCDABCDABCDABCDABCDABCDABCDABCDABCDABCDABCDABCDABCDABCDABCDABCDAB                    )
08:01:32.709 [main] INFO  c.c.app.process.impl.Refmod3Impl.mainlineSplit8 1944 - *226*   WS-2-6B-T-FLD1 = (ABCDABCDABCDABCDABCD)
08:01:32.709 [main] INFO  c.c.app.process.impl.Refmod3Impl.mainlineSplit8 1946 - *227*   WS-2-6B-T-FLD2 = (ABCDABCDABCDABCDABCDABCDABCDABCDABCDABCD)
08:01:32.709 [main] INFO  c.c.app.process.impl.Refmod3Impl.mainlineSplit8 1948 - *228*   WS-2-6B-T-FLD3 = (ABCDABCDAB                    )
08:01:32.710 [main] INFO  c.c.app.process.impl.Refmod3Impl.mainlineSplit8 1965 - *229* WS-2-7A-S        = (ABCDABCDABCDABCDABCDABCDABCDABZYXWZYXWZYXWZYXWZYXWZYXWZYXWZYXWZYXWZYXW)
08:01:32.710 [main] INFO  c.c.app.process.impl.Refmod3Impl.mainlineSplit8 1967 - *230*   WS-2-7A-S-FLD1 = (ABCDABCDABCDABCDABCDABCDABCDAB)
08:01:32.710 [main] INFO  c.c.app.process.impl.Refmod3Impl.mainlineSplit8 1969 - *231*   WS-2-7A-S-FLD2 = (ZYXWZYXWZYXWZYXWZYXWZYXWZYXWZYXWZYXWZYXW)
08:01:32.711 [main] INFO  c.c.app.process.impl.Refmod3Impl.mainlineSplit8 1971 - *232* WS-2-7A-T-GRP    = (*****ABCDABCDABCDABCDABCDABCDABCDABZYXWZYXWZYXWZYXWZYXWZYXWZYXWZY)
08:01:32.711 [main] INFO  c.c.app.process.impl.Refmod3Impl.mainlineSplit8 1973 - *233* WS-2-7A-T        = (ABCDABCDABCDABCDABCDABCDABCDABZYXWZYXWZYXWZYXWZYXWZYXWZYXWZY)
08:01:32.711 [main] INFO  c.c.app.process.impl.Refmod3Impl.mainlineSplit8 1975 - *234*   WS-2-7A-T-FLD1 = (ABCDABCDABCDABCDABCD)
08:01:32.711 [main] INFO  c.c.app.process.impl.Refmod3Impl.mainlineSplit8 1977 - *235*   WS-2-7A-T-FLD2 = (ABCDABCDABZYXWZYXWZYXWZYXWZYXWZYXWZYXWZY)
08:01:32.712 [main] INFO  c.c.app.process.impl.Refmod3Impl.mainlineSplit8 1996 - *236* WS-2-7A-S        = (ABCDABCDABCDABCDABCDABCDABCDABZYXWZYXWZYXWZYXWZYXWZYXWZYXWZYXWZYXWZYXW)
08:01:32.712 [main] INFO  c.c.app.process.impl.Refmod3Impl.mainlineSplit8 1998 - *237*   WS-2-7A-S-FLD1 = (ABCDABCDABCDABCDABCDABCDABCDAB)
08:01:32.712 [main] INFO  c.c.app.process.impl.Refmod3Impl.mainlineSplit8 2000 - *238*   WS-2-7A-S-FLD2 = (ZYXWZYXWZYXWZYXWZYXWZYXWZYXWZYXWZYXWZYXW)
08:01:32.712 [main] INFO  c.c.app.process.impl.Refmod3Impl.mainlineSplit8 2002 - *239* WS-2-7A-T-GRP    = (*****ABCDABCDABCDABCDABCDABCDABCDABZYXWZYXWZYXWZYXWZYXWZYXWZYXWZY)
08:01:32.713 [main] INFO  c.c.app.process.impl.Refmod3Impl.mainlineSplit8 2004 - *240* WS-2-7A-T        = (ABCDABCDABCDABCDABCDABCDABCDABZYXWZYXWZYXWZYXWZYXWZYXWZYXWZY)
08:01:32.713 [main] INFO  c.c.app.process.impl.Refmod3Impl.mainlineSplit8 2006 - *241*   WS-2-7A-T-FLD1 = (ABCDABCDABCDABCDABCD)
08:01:32.713 [main] INFO  c.c.app.process.impl.Refmod3Impl.mainlineSplit8 2008 - *242*   WS-2-7A-T-FLD2 = (ABCDABCDABZYXWZYXWZYXWZYXWZYXWZYXWZYXWZY)
08:01:32.715 [main] INFO  c.c.app.process.impl.Refmod3Impl.mainlineSplit9 2072 - *243* WS-2-7B-S        = (ABCDABCDABCDABCDABCDABCDABCDABZYXWZYXWZYXWZYXWZYXWZYXWZYXWZYXWZYXWZYXW)
08:01:32.715 [main] INFO  c.c.app.process.impl.Refmod3Impl.mainlineSplit9 2074 - *244*   WS-2-7B-S-FLD1 = (ABCDABCDABCDABCDABCDABCDABCDAB)
08:01:32.716 [main] INFO  c.c.app.process.impl.Refmod3Impl.mainlineSplit9 2076 - *245*   WS-2-7B-S-FLD2 = (ZYXWZYXWZYXWZYXWZYXWZYXWZYXWZYXWZYXWZYXW)
08:01:32.716 [main] INFO  c.c.app.process.impl.Refmod3Impl.mainlineSplit9 2078 - *246* WS-2-7B-T-GRP    = (*****ABCDABCDABCDABCDABCDABCDABCDABZYXWZYXWZYXWZYXWZYXWZYXWZYXWZYXWZYXWZYXW                    )
08:01:32.716 [main] INFO  c.c.app.process.impl.Refmod3Impl.mainlineSplit9 2080 - *247* WS-2-7B-T        = (ABCDABCDABCDABCDABCDABCDABCDABZYXWZYXWZYXWZYXWZYXWZYXWZYXWZYXWZYXWZYXW                    )
08:01:32.716 [main] INFO  c.c.app.process.impl.Refmod3Impl.mainlineSplit9 2082 - *248*   WS-2-7B-T-FLD1 = (ABCDABCDABCDABCDABCD)
08:01:32.717 [main] INFO  c.c.app.process.impl.Refmod3Impl.mainlineSplit9 2084 - *249*   WS-2-7B-T-FLD2 = (ABCDABCDABZYXWZYXWZYXWZYXWZYXWZYXWZYXWZY)
08:01:32.717 [main] INFO  c.c.app.process.impl.Refmod3Impl.mainlineSplit9 2086 - *250*   WS-2-7B-T-FLD3 = (XWZYXWZYXW                    )
08:01:32.717 [main] INFO  c.c.app.process.impl.Refmod3Impl.mainlineSplit9 2101 - *251* WS-2-8A-S        = (ABCDABCDABCDABCDABCDABCDABCDABCDABCDABCDABCDABCDABCDABCDABCDABCDABCDAB)
08:01:32.722 [main] INFO  c.c.app.process.impl.Refmod3Impl.mainlineSplit9 2103 - *252* WS-2-8A-T-GRP    = (*****ABCDABCDABCDABCDABCDABCDABCDABCDABCDABCDABCDABCDABCDABCDABCD)
08:01:32.724 [main] INFO  c.c.app.process.impl.Refmod3Impl.mainlineSplit9 2105 - *253* WS-2-8A-T        = (ABCDABCDABCDABCDABCDABCDABCDABCDABCDABCDABCDABCDABCDABCDABCD)
08:01:32.725 [main] INFO  c.c.app.process.impl.Refmod3Impl.mainlineSplit9 2107 - *254*   WS-2-8A-T-FLD1 = (ABCDABCDABCDABCDABCD)
08:01:32.725 [main] INFO  c.c.app.process.impl.Refmod3Impl.mainlineSplit9 2109 - *255*   WS-2-8A-T-FLD2 = (ABCDABCDABCDABCDABCDABCDABCDABCDABCDABCD)
08:01:32.726 [main] INFO  c.c.app.process.impl.Refmod3Impl.mainlineSplit9 2126 - *256* WS-2-8A-S        = (ABCDABCDABCDABCDABCDABCDABCDABCDABCDABCDABCDABCDABCDABCDABCDABCDABCDAB)
08:01:32.726 [main] INFO  c.c.app.process.impl.Refmod3Impl.mainlineSplit9 2128 - *257* WS-2-8A-T-GRP    = (*****ABCDABCDABCDABCDABCDABCDABCDABCDABCDABCDABCDABCDABCDABCDABCD)
08:01:32.726 [main] INFO  c.c.app.process.impl.Refmod3Impl.mainlineSplit9 2130 - *258* WS-2-8A-T        = (ABCDABCDABCDABCDABCDABCDABCDABCDABCDABCDABCDABCDABCDABCDABCD)
08:01:32.726 [main] INFO  c.c.app.process.impl.Refmod3Impl.mainlineSplit9 2132 - *259*   WS-2-8A-T-FLD1 = (ABCDABCDABCDABCDABCD)
08:01:32.727 [main] INFO  c.c.app.process.impl.Refmod3Impl.mainlineSplit9 2134 - *260*   WS-2-8A-T-FLD2 = (ABCDABCDABCDABCDABCDABCDABCDABCDABCDABCD)
08:01:32.727 [main] INFO  c.c.app.process.impl.Refmod3Impl.mainlineSplit9 2151 - *261* WS-2-8B-S        = (ABCDABCDABCDABCDABCDABCDABCDABCDABCDABCDABCDABCDABCDABCDABCDABCDABCDAB)
08:01:32.727 [main] INFO  c.c.app.process.impl.Refmod3Impl.mainlineSplit9 2153 - *262* WS-2-8B-T-GRP    = (*****ABCDABCDABCDABCDABCDABCDABCDABCDABCDABCDABCDABCDABCDABCDABCDABCDABCDAB                    )
08:01:32.728 [main] INFO  c.c.app.process.impl.Refmod3Impl.mainlineSplit9 2155 - *263* WS-2-8B-T        = (ABCDABCDABCDABCDABCDABCDABCDABCDABCDABCDABCDABCDABCDABCDABCDABCDABCDAB                    )
08:01:32.728 [main] INFO  c.c.app.process.impl.Refmod3Impl.mainlineSplit9 2157 - *264*   WS-2-8B-T-FLD1 = (ABCDABCDABCDABCDABCD)
08:01:32.728 [main] INFO  c.c.app.process.impl.Refmod3Impl.mainlineSplit9 2159 - *265*   WS-2-8B-T-FLD2 = (ABCDABCDABCDABCDABCDABCDABCDABCDABCDABCD)
08:01:32.729 [main] INFO  c.c.app.process.impl.Refmod3Impl.mainlineSplit9 2161 - *266*   WS-2-8B-T-FLD3 = (ABCDABCDAB                    )
08:01:32.729 [main] INFO  c.c.app.process.impl.Refmod3Impl.mainlineSplit9 2180 - *267* WS-2-8B-S        = (ABCDABCDABCDABCDABCDABCDABCDABCDABCDABCDABCDABCDABCDABCDABCDABCDABCDAB)
08:01:32.729 [main] INFO  c.c.app.process.impl.Refmod3Impl.mainlineSplit9 2182 - *268* WS-2-8B-T-GRP    = (*****ABCDABCDABCDABCDABCDABCDABCDABCDABCDABCDABCDABCDABCDABCDABCDABCDABCDAB                    )
08:01:32.730 [main] INFO  c.c.app.process.impl.Refmod3Impl.mainlineSplit9 2184 - *269* WS-2-8B-T        = (ABCDABCDABCDABCDABCDABCDABCDABCDABCDABCDABCDABCDABCDABCDABCDABCDABCDAB                    )
08:01:32.730 [main] INFO  c.c.app.process.impl.Refmod3Impl.mainlineSplit9 2186 - *270*   WS-2-8B-T-FLD1 = (ABCDABCDABCDABCDABCD)
08:01:32.731 [main] INFO  c.c.app.process.impl.Refmod3Impl.mainlineSplit10 2228 - *271*   WS-2-8B-T-FLD2 = (ABCDABCDABCDABCDABCDABCDABCDABCDABCDABCD)
08:01:32.731 [main] INFO  c.c.app.process.impl.Refmod3Impl.mainlineSplit10 2230 - *272*   WS-2-8B-T-FLD3 = (ABCDABCDAB                    )
08:01:32.732 [main] INFO  c.c.app.process.impl.Refmod3Impl.mainlineSplit10 2248 - *273* WS-2-9A-S-GRP    = (***ABCDABCDABCDABCDABCDABCDABCDABZYXWZYXWZYXWZYXWZYXWZYXWZYXWZYXWZYXWZYXW)
08:01:32.732 [main] INFO  c.c.app.process.impl.Refmod3Impl.mainlineSplit10 2250 - *274* WS-2-9A-S        = (ABCDABCDABCDABCDABCDABCDABCDABZYXWZYXWZYXWZYXWZYXWZYXWZYXWZYXWZYXWZYXW)
08:01:32.733 [main] INFO  c.c.app.process.impl.Refmod3Impl.mainlineSplit10 2252 - *275*   WS-2-9A-S-FLD1 = (ABCDABCDABCDABCDABCDABCDABCDAB)
08:01:32.733 [main] INFO  c.c.app.process.impl.Refmod3Impl.mainlineSplit10 2254 - *276*   WS-2-9A-S-FLD2 = (ZYXWZYXWZYXWZYXWZYXWZYXWZYXWZYXWZYXWZYXW)
08:01:32.734 [main] INFO  c.c.app.process.impl.Refmod3Impl.mainlineSplit10 2256 - *277* WS-2-9A-T-GRP    = (*****ABCDABCDABCDABCDABCDABCDABCDABZYXWZYXWZYXWZYXWZYXWZYXWZYXWZY)
08:01:32.738 [main] INFO  c.c.app.process.impl.Refmod3Impl.mainlineSplit10 2258 - *278* WS-2-9A-T        = (ABCDABCDABCDABCDABCDABCDABCDABZYXWZYXWZYXWZYXWZYXWZYXWZYXWZY)
08:01:32.738 [main] INFO  c.c.app.process.impl.Refmod3Impl.mainlineSplit10 2260 - *279*   WS-2-9A-T-FLD1 = (ABCDABCDABCDABCDABCD)
08:01:32.738 [main] INFO  c.c.app.process.impl.Refmod3Impl.mainlineSplit10 2262 - *280*   WS-2-9A-T-FLD2 = (ABCDABCDABZYXWZYXWZYXWZYXWZYXWZYXWZYXWZY)
08:01:32.738 [main] INFO  c.c.app.process.impl.Refmod3Impl.mainlineSplit10 2281 - *281* WS-2-9A-S-GRP    = (***ABCDABCDABCDABCDABCDABCDABCDABZYXWZYXWZYXWZYXWZYXWZYXWZYXWZYXWZYXWZYXW)
08:01:32.739 [main] INFO  c.c.app.process.impl.Refmod3Impl.mainlineSplit10 2283 - *282* WS-2-9A-S        = (ABCDABCDABCDABCDABCDABCDABCDABZYXWZYXWZYXWZYXWZYXWZYXWZYXWZYXWZYXWZYXW)
08:01:32.739 [main] INFO  c.c.app.process.impl.Refmod3Impl.mainlineSplit10 2285 - *283*   WS-2-9A-S-FLD1 = (ABCDABCDABCDABCDABCDABCDABCDAB)
08:01:32.739 [main] INFO  c.c.app.process.impl.Refmod3Impl.mainlineSplit10 2287 - *284*   WS-2-9A-S-FLD2 = (ZYXWZYXWZYXWZYXWZYXWZYXWZYXWZYXWZYXWZYXW)
08:01:32.739 [main] INFO  c.c.app.process.impl.Refmod3Impl.mainlineSplit10 2289 - *285* WS-2-9A-T-GRP    = (*****ABCDABCDABCDABCDABCDABCDABCDABZYXWZYXWZYXWZYXWZYXWZYXWZYXWZY)
08:01:32.740 [main] INFO  c.c.app.process.impl.Refmod3Impl.mainlineSplit10 2291 - *286* WS-2-9A-T        = (ABCDABCDABCDABCDABCDABCDABCDABZYXWZYXWZYXWZYXWZYXWZYXWZYXWZY)
08:01:32.742 [main] INFO  c.c.app.process.impl.Refmod3Impl.mainlineSplit10 2293 - *287*   WS-2-9A-T-FLD1 = (ABCDABCDABCDABCDABCD)
08:01:32.742 [main] INFO  c.c.app.process.impl.Refmod3Impl.mainlineSplit10 2295 - *288*   WS-2-9A-T-FLD2 = (ABCDABCDABZYXWZYXWZYXWZYXWZYXWZYXWZYXWZY)
08:01:32.743 [main] INFO  c.c.app.process.impl.Refmod3Impl.mainlineSplit10 2315 - *289* WS-2-9B-S-GRP    = (***ABCDABCDABCDABCDABCDABCDABCDABZYXWZYXWZYXWZYXWZYXWZYXWZYXWZYXWZYXWZYXW)
08:01:32.743 [main] INFO  c.c.app.process.impl.Refmod3Impl.mainlineSplit10 2317 - *290* WS-2-9B-S        = (ABCDABCDABCDABCDABCDABCDABCDABZYXWZYXWZYXWZYXWZYXWZYXWZYXWZYXWZYXWZYXW)
08:01:32.743 [main] INFO  c.c.app.process.impl.Refmod3Impl.mainlineSplit10 2319 - *291*   WS-2-9B-S-FLD1 = (ABCDABCDABCDABCDABCDABCDABCDAB)
08:01:32.744 [main] INFO  c.c.app.process.impl.Refmod3Impl.mainlineSplit10 2321 - *292*   WS-2-9B-S-FLD2 = (ZYXWZYXWZYXWZYXWZYXWZYXWZYXWZYXWZYXWZYXW)
08:01:32.744 [main] INFO  c.c.app.process.impl.Refmod3Impl.mainlineSplit10 2323 - *293* WS-2-9B-T-GRP    = (*****ABCDABCDABCDABCDABCDABCDABCDABZYXWZYXWZYXWZYXWZYXWZYXWZYXWZYXWZYXWZYXW                    )
08:01:32.744 [main] INFO  c.c.app.process.impl.Refmod3Impl.mainlineSplit10 2325 - *294* WS-2-9B-T        = (ABCDABCDABCDABCDABCDABCDABCDABZYXWZYXWZYXWZYXWZYXWZYXWZYXWZYXWZYXWZYXW                    )
08:01:32.744 [main] INFO  c.c.app.process.impl.Refmod3Impl.mainlineSplit10 2327 - *295*   WS-2-9B-T-FLD1 = (ABCDABCDABCDABCDABCD)
08:01:32.744 [main] INFO  c.c.app.process.impl.Refmod3Impl.mainlineSplit10 2329 - *296*   WS-2-9B-T-FLD2 = (ABCDABCDABZYXWZYXWZYXWZYXWZYXWZYXWZYXWZY)
08:01:32.745 [main] INFO  c.c.app.process.impl.Refmod3Impl.mainlineSplit10 2331 - *297*   WS-2-9B-T-FLD3 = (XWZYXWZYXW                    )
08:01:32.745 [main] INFO  c.c.app.process.impl.Refmod3Impl.mainlineSplit10 2352 - *298* WS-2-9B-S-GRP    = (***ABCDABCDABCDABCDABCDABCDABCDABZYXWZYXWZYXWZYXWZYXWZYXWZYXWZYXWZYXWZYXW)
08:01:32.746 [main] INFO  c.c.app.process.impl.Refmod3Impl.mainlineSplit10 2354 - *299* WS-2-9B-S        = (ABCDABCDABCDABCDABCDABCDABCDABZYXWZYXWZYXWZYXWZYXWZYXWZYXWZYXWZYXWZYXW)
08:01:32.747 [main] INFO  c.c.app.process.impl.Refmod3Impl.mainlineSplit11 2402 - *300*   WS-2-9B-S-FLD1 = (ABCDABCDABCDABCDABCDABCDABCDAB)
08:01:32.748 [main] INFO  c.c.app.process.impl.Refmod3Impl.mainlineSplit11 2404 - *301*   WS-2-9B-S-FLD2 = (ZYXWZYXWZYXWZYXWZYXWZYXWZYXWZYXWZYXWZYXW)
08:01:32.749 [main] INFO  c.c.app.process.impl.Refmod3Impl.mainlineSplit11 2406 - *302* WS-2-9B-T-GRP    = (*****ABCDABCDABCDABCDABCDABCDABCDABZYXWZYXWZYXWZYXWZYXWZYXWZYXWZYXWZYXWZYXW                    )
08:01:32.749 [main] INFO  c.c.app.process.impl.Refmod3Impl.mainlineSplit11 2408 - *303* WS-2-9B-T        = (ABCDABCDABCDABCDABCDABCDABCDABZYXWZYXWZYXWZYXWZYXWZYXWZYXWZYXWZYXWZYXW                    )
08:01:32.749 [main] INFO  c.c.app.process.impl.Refmod3Impl.mainlineSplit11 2410 - *304*   WS-2-9B-T-FLD1 = (ABCDABCDABCDABCDABCD)
08:01:32.749 [main] INFO  c.c.app.process.impl.Refmod3Impl.mainlineSplit11 2412 - *305*   WS-2-9B-T-FLD2 = (ABCDABCDABZYXWZYXWZYXWZYXWZYXWZYXWZYXWZY)
08:01:32.749 [main] INFO  c.c.app.process.impl.Refmod3Impl.mainlineSplit11 2414 - *306*   WS-2-9B-T-FLD3 = (XWZYXWZYXW                    )
08:01:32.750 [main] INFO  c.c.app.process.impl.Refmod3Impl.mainlineSplit11 2430 - *307* WS-2-10A-S-GRP   = (***ABCDABCDABCDABCDABCDABCDABCDABCDABCDABCDABCDABCDABCDABCDABCDABCDABCDAB)
08:01:32.750 [main] INFO  c.c.app.process.impl.Refmod3Impl.mainlineSplit11 2432 - *308* WS-2-10A-S       = (ABCDABCDABCDABCDABCDABCDABCDABCDABCDABCDABCDABCDABCDABCDABCDABCDABCDAB)
08:01:32.750 [main] INFO  c.c.app.process.impl.Refmod3Impl.mainlineSplit11 2434 - *309* WS-2-10A-T-GRP   = (*****ABCDABCDABCDABCDABCDABCDABCDABCDABCDABCDABCDABCDABCDABCDABCD)
08:01:32.750 [main] INFO  c.c.app.process.impl.Refmod3Impl.mainlineSplit11 2436 - *310* WS-2-10A-T       = (ABCDABCDABCDABCDABCDABCDABCDABCDABCDABCDABCDABCDABCDABCDABCD)
08:01:32.751 [main] INFO  c.c.app.process.impl.Refmod3Impl.mainlineSplit11 2438 - *311*   WS-2-10A-T-FLD1= (ABCDABCDABCDABCDABCD)
08:01:32.751 [main] INFO  c.c.app.process.impl.Refmod3Impl.mainlineSplit11 2440 - *312*   WS-2-10A-T-FLD2= (ABCDABCDABCDABCDABCDABCDABCDABCDABCDABCD)
08:01:32.751 [main] INFO  c.c.app.process.impl.Refmod3Impl.mainlineSplit11 2457 - *313* WS-2-10A-S-GRP   = (***ABCDABCDABCDABCDABCDABCDABCDABCDABCDABCDABCDABCDABCDABCDABCDABCDABCDAB)
08:01:32.751 [main] INFO  c.c.app.process.impl.Refmod3Impl.mainlineSplit11 2459 - *314* WS-2-10A-S       = (ABCDABCDABCDABCDABCDABCDABCDABCDABCDABCDABCDABCDABCDABCDABCDABCDABCDAB)
08:01:32.751 [main] INFO  c.c.app.process.impl.Refmod3Impl.mainlineSplit11 2461 - *315* WS-2-10A-T-GRP   = (*****ABCDABCDABCDABCDABCDABCDABCDABCDABCDABCDABCDABCDABCDABCDABCD)
08:01:32.751 [main] INFO  c.c.app.process.impl.Refmod3Impl.mainlineSplit11 2463 - *316* WS-2-10A-T       = (ABCDABCDABCDABCDABCDABCDABCDABCDABCDABCDABCDABCDABCDABCDABCD)
08:01:32.752 [main] INFO  c.c.app.process.impl.Refmod3Impl.mainlineSplit11 2465 - *317*   WS-2-10A-T-FLD1= (ABCDABCDABCDABCDABCD)
08:01:32.752 [main] INFO  c.c.app.process.impl.Refmod3Impl.mainlineSplit11 2467 - *318*   WS-2-10A-T-FLD2= (ABCDABCDABCDABCDABCDABCDABCDABCDABCDABCD)
08:01:32.752 [main] INFO  c.c.app.process.impl.Refmod3Impl.mainlineSplit11 2485 - *319* WS-2-10B-S-GRP   = (***ABCDABCDABCDABCDABCDABCDABCDABCDABCDABCDABCDABCDABCDABCDABCDABCDABCDAB)
08:01:32.752 [main] INFO  c.c.app.process.impl.Refmod3Impl.mainlineSplit11 2487 - *320* WS-2-10B-S       = (ABCDABCDABCDABCDABCDABCDABCDABCDABCDABCDABCDABCDABCDABCDABCDABCDABCDAB)
08:01:32.753 [main] INFO  c.c.app.process.impl.Refmod3Impl.mainlineSplit11 2489 - *321* WS-2-10B-T-GRP   = (*****ABCDABCDABCDABCDABCDABCDABCDABCDABCDABCDABCDABCDABCDABCDABCDABCDABCDAB                    )
08:01:32.753 [main] INFO  c.c.app.process.impl.Refmod3Impl.mainlineSplit11 2491 - *322* WS-2-10B-T       = (ABCDABCDABCDABCDABCDABCDABCDABCDABCDABCDABCDABCDABCDABCDABCDABCDABCDAB                    )
08:01:32.753 [main] INFO  c.c.app.process.impl.Refmod3Impl.mainlineSplit11 2493 - *323*   WS-2-10B-T-FLD1= (ABCDABCDABCDABCDABCD)
08:01:32.753 [main] INFO  c.c.app.process.impl.Refmod3Impl.mainlineSplit11 2495 - *324*   WS-2-10B-T-FLD2= (ABCDABCDABCDABCDABCDABCDABCDABCDABCDABCD)
08:01:32.753 [main] INFO  c.c.app.process.impl.Refmod3Impl.mainlineSplit11 2497 - *325*   WS-2-10B-T-FLD3= (ABCDABCDAB                    )
08:01:32.753 [main] INFO  c.c.app.process.impl.Refmod3Impl.mainlineSplit11 2516 - *326* WS-2-10B-S-GRP   = (***ABCDABCDABCDABCDABCDABCDABCDABCDABCDABCDABCDABCDABCDABCDABCDABCDABCDAB)
08:01:32.754 [main] INFO  c.c.app.process.impl.Refmod3Impl.mainlineSplit11 2518 - *327* WS-2-10B-S       = (ABCDABCDABCDABCDABCDABCDABCDABCDABCDABCDABCDABCDABCDABCDABCDABCDABCDAB)
08:01:32.754 [main] INFO  c.c.app.process.impl.Refmod3Impl.mainlineSplit11 2520 - *328* WS-2-10B-T-GRP   = (*****ABCDABCDABCDABCDABCDABCDABCDABCDABCDABCDABCDABCDABCDABCDABCDABCDABCDAB                    )
08:01:32.754 [main] INFO  c.c.app.process.impl.Refmod3Impl.mainlineSplit11 2522 - *329* WS-2-10B-T       = (ABCDABCDABCDABCDABCDABCDABCDABCDABCDABCDABCDABCDABCDABCDABCDABCDABCDAB                    )
08:01:32.754 [main] INFO  c.c.app.process.impl.Refmod3Impl.mainlineSplit11 2524 - *330*   WS-2-10B-T-FLD1= (ABCDABCDABCDABCDABCD)
08:01:32.754 [main] INFO  c.c.app.process.impl.Refmod3Impl.mainlineSplit11 2526 - *331*   WS-2-10B-T-FLD2= (ABCDABCDABCDABCDABCDABCDABCDABCDABCDABCD)
08:01:32.755 [main] INFO  c.c.app.process.impl.Refmod3Impl.mainlineSplit11 2528 - *332*   WS-2-10B-T-FLD3= (ABCDABCDAB                    )
08:01:32.756 [main] INFO  c.c.app.process.impl.Refmod3Impl.mainlineSplit12 2582 - *333* WS-2-11A-S       = (ABCDABCDABCDABCDABCDABCDABCDABZYXWZYXWZYXWZYXWZYXWZYXWZYXWZYXWZYXWZYXW)
08:01:32.756 [main] INFO  c.c.app.process.impl.Refmod3Impl.mainlineSplit12 2584 - *334*   WS-2-11A-S-FLD1= (ABCDABCDABCDABCDABCDABCDABCDAB)
08:01:32.756 [main] INFO  c.c.app.process.impl.Refmod3Impl.mainlineSplit12 2586 - *335*   WS-2-11A-S-FLD2= (ZYXWZYXWZYXWZYXWZYXWZYXWZYXWZYXWZYXWZYXW)
08:01:32.757 [main] INFO  c.c.app.process.impl.Refmod3Impl.mainlineSplit12 2588 - *336* WS-2-11A-T-GRP   = (*****ABCDABCDABCDABCDABCDABCDABCDABZYXWZYXWZYXWZYXWZYXWZYXWZYXWZY)
08:01:32.757 [main] INFO  c.c.app.process.impl.Refmod3Impl.mainlineSplit12 2590 - *337* WS-2-11A-T       = (ABCDABCDABCDABCDABCDABCDABCDABZYXWZYXWZYXWZYXWZYXWZYXWZYXWZY)
08:01:32.757 [main] INFO  c.c.app.process.impl.Refmod3Impl.mainlineSplit12 2592 - *338*   WS-2-11A-T-FLD1= (ABCDABCDABCDABCDABCD)
08:01:32.757 [main] INFO  c.c.app.process.impl.Refmod3Impl.mainlineSplit12 2594 - *339*   WS-2-11A-T-FLD2= (ABCDABCDABZYXWZYXWZYXWZYXWZYXWZYXWZYXWZY)
08:01:32.757 [main] INFO  c.c.app.process.impl.Refmod3Impl.mainlineSplit12 2611 - *340* WS-2-11A-S       = (ABCDABCDABCDABCDABCDABCDABCDABZYXWZYXWZYXWZYXWZYXWZYXWZYXWZYXWZYXWZYXW)
08:01:32.757 [main] INFO  c.c.app.process.impl.Refmod3Impl.mainlineSplit12 2613 - *341*   WS-2-11A-S-FLD1= (ABCDABCDABCDABCDABCDABCDABCDAB)
08:01:32.757 [main] INFO  c.c.app.process.impl.Refmod3Impl.mainlineSplit12 2615 - *342*   WS-2-11A-S-FLD2= (ZYXWZYXWZYXWZYXWZYXWZYXWZYXWZYXWZYXWZYXW)
08:01:32.758 [main] INFO  c.c.app.process.impl.Refmod3Impl.mainlineSplit12 2617 - *343* WS-2-11A-T-GRP   = (*****ABCDABCDABCDABCDABCDABCDABCDABZYXWZYXWZYXWZYXWZYXWZYXWZYXWZY)
08:01:32.758 [main] INFO  c.c.app.process.impl.Refmod3Impl.mainlineSplit12 2619 - *344* WS-2-11A-T       = (ABCDABCDABCDABCDABCDABCDABCDABZYXWZYXWZYXWZYXWZYXWZYXWZYXWZY)
08:01:32.758 [main] INFO  c.c.app.process.impl.Refmod3Impl.mainlineSplit12 2621 - *345*   WS-2-11A-T-FLD1= (ABCDABCDABCDABCDABCD)
08:01:32.758 [main] INFO  c.c.app.process.impl.Refmod3Impl.mainlineSplit12 2623 - *346*   WS-2-11A-T-FLD2= (ABCDABCDABZYXWZYXWZYXWZYXWZYXWZYXWZYXWZY)
08:01:32.758 [main] INFO  c.c.app.process.impl.Refmod3Impl.mainlineSplit12 2643 - *347* WS-2-11B-S       = (ABCDABCDABCDABCDABCDABCDABCDABZYXWZYXWZYXWZYXWZYXWZYXWZYXWZYXWZYXWZYXW)
08:01:32.758 [main] INFO  c.c.app.process.impl.Refmod3Impl.mainlineSplit12 2645 - *348*   WS-2-11B-S-FLD1= (ABCDABCDABCDABCDABCDABCDABCDAB)
08:01:32.758 [main] INFO  c.c.app.process.impl.Refmod3Impl.mainlineSplit12 2647 - *349*   WS-2-11B-S-FLD2= (ZYXWZYXWZYXWZYXWZYXWZYXWZYXWZYXWZYXWZYXW)
08:01:32.759 [main] INFO  c.c.app.process.impl.Refmod3Impl.mainlineSplit12 2649 - *350* WS-2-11B-T-GRP   = (*****ABCDABCDABCDABCDABCDABCDABCDABZYXWZYXWZYXWZYXWZYXWZYXWZYXWZYXWZYXWZYXW                    )
08:01:32.759 [main] INFO  c.c.app.process.impl.Refmod3Impl.mainlineSplit12 2651 - *351* WS-2-11B-T       = (ABCDABCDABCDABCDABCDABCDABCDABZYXWZYXWZYXWZYXWZYXWZYXWZYXWZYXWZYXWZYXW                    )
08:01:32.759 [main] INFO  c.c.app.process.impl.Refmod3Impl.mainlineSplit12 2653 - *352*   WS-2-11B-T-FLD1= (ABCDABCDABCDABCDABCD)
08:01:32.759 [main] INFO  c.c.app.process.impl.Refmod3Impl.mainlineSplit12 2655 - *353*   WS-2-11B-T-FLD2= (ABCDABCDABZYXWZYXWZYXWZYXWZYXWZYXWZYXWZY)
08:01:32.759 [main] INFO  c.c.app.process.impl.Refmod3Impl.mainlineSplit12 2657 - *354*   WS-2-11B-T-FLD3= (XWZYXWZYXW                    )
08:01:32.760 [main] INFO  c.c.app.process.impl.Refmod3Impl.mainlineSplit12 2676 - *355* WS-2-11B-S       = (ABCDABCDABCDABCDABCDABCDABCDABZYXWZYXWZYXWZYXWZYXWZYXWZYXWZYXWZYXWZYXW)
08:01:32.760 [main] INFO  c.c.app.process.impl.Refmod3Impl.mainlineSplit12 2678 - *356*   WS-2-11B-S-FLD1= (ABCDABCDABCDABCDABCDABCDABCDAB)
08:01:32.760 [main] INFO  c.c.app.process.impl.Refmod3Impl.mainlineSplit12 2680 - *357*   WS-2-11B-S-FLD2= (ZYXWZYXWZYXWZYXWZYXWZYXWZYXWZYXWZYXWZYXW)
08:01:32.760 [main] INFO  c.c.app.process.impl.Refmod3Impl.mainlineSplit12 2682 - *358* WS-2-11B-T-GRP   = (*****ABCDABCDABCDABCDABCDABCDABCDABZYXWZYXWZYXWZYXWZYXWZYXWZYXWZYXWZYXWZYXW                    )
08:01:32.760 [main] INFO  c.c.app.process.impl.Refmod3Impl.mainlineSplit12 2684 - *359* WS-2-11B-T       = (ABCDABCDABCDABCDABCDABCDABCDABZYXWZYXWZYXWZYXWZYXWZYXWZYXWZYXWZYXWZYXW                    )
08:01:32.760 [main] INFO  c.c.app.process.impl.Refmod3Impl.mainlineSplit12 2686 - *360*   WS-2-11B-T-FLD1= (ABCDABCDABCDABCDABCD)
08:01:32.761 [main] INFO  c.c.app.process.impl.Refmod3Impl.mainlineSplit12 2688 - *361*   WS-2-11B-T-FLD2= (ABCDABCDABZYXWZYXWZYXWZYXWZYXWZYXWZYXWZY)
08:01:32.761 [main] INFO  c.c.app.process.impl.Refmod3Impl.mainlineSplit12 2690 - *362*   WS-2-11B-T-FLD3= (XWZYXWZYXW                    )
08:01:32.762 [main] INFO  c.c.app.process.impl.Refmod3Impl.mainlineSplit13 2746 - *363* WS-2-12A-S       = (ABCDABCDABCDABCDABCDABCDABCDABCDABCDABCDABCDABCDABCDABCDABCDABCDABCDAB)
08:01:32.762 [main] INFO  c.c.app.process.impl.Refmod3Impl.mainlineSplit13 2748 - *364* WS-2-12A-T-GRP   = (*****ABCDABCDABCDABCDABCDABCDABCDABCDABCDABCDABCDABCDABCDABCDABCD)
08:01:32.762 [main] INFO  c.c.app.process.impl.Refmod3Impl.mainlineSplit13 2750 - *365* WS-2-12A-T       = (ABCDABCDABCDABCDABCDABCDABCDABCDABCDABCDABCDABCDABCDABCDABCD)
08:01:32.763 [main] INFO  c.c.app.process.impl.Refmod3Impl.mainlineSplit13 2752 - *366*   WS-2-12A-T-FLD1= (ABCDABCDABCDABCDABCD)
08:01:32.763 [main] INFO  c.c.app.process.impl.Refmod3Impl.mainlineSplit13 2754 - *367*   WS-2-12A-T-FLD2= (ABCDABCDABCDABCDABCDABCDABCDABCDABCDABCD)
08:01:32.763 [main] INFO  c.c.app.process.impl.Refmod3Impl.mainlineSplit13 2770 - *368* WS-2-12A-S       = (ABCDABCDABCDABCDABCDABCDABCDABCDABCDABCDABCDABCDABCDABCDABCDABCDABCDAB)
08:01:32.763 [main] INFO  c.c.app.process.impl.Refmod3Impl.mainlineSplit13 2772 - *369* WS-2-12A-T-GRP   = (*****ABCDABCDABCDABCDABCDABCDABCDABCDABCDABCDABCDABCDABCDABCDABCD)
08:01:32.763 [main] INFO  c.c.app.process.impl.Refmod3Impl.mainlineSplit13 2774 - *370* WS-2-12A-T       = (ABCDABCDABCDABCDABCDABCDABCDABCDABCDABCDABCDABCDABCDABCDABCD)
08:01:32.764 [main] INFO  c.c.app.process.impl.Refmod3Impl.mainlineSplit13 2776 - *371*   WS-2-12A-T-FLD1= (ABCDABCDABCDABCDABCD)
08:01:32.764 [main] INFO  c.c.app.process.impl.Refmod3Impl.mainlineSplit13 2778 - *372*   WS-2-12A-T-FLD2= (ABCDABCDABCDABCDABCDABCDABCDABCDABCDABCD)
08:01:32.764 [main] INFO  c.c.app.process.impl.Refmod3Impl.mainlineSplit13 2796 - *373* WS-2-12B-S       = (ABCDABCDABCDABCDABCDABCDABCDABCDABCDABCDABCDABCDABCDABCDABCDABCDABCDAB)
08:01:32.764 [main] INFO  c.c.app.process.impl.Refmod3Impl.mainlineSplit13 2798 - *374* WS-2-12B-T-GRP   = (*****ABCDABCDABCDABCDABCDABCDABCDABCDABCDABCDABCDABCDABCDABCDABCDABCDABCDAB                    )
08:01:32.765 [main] INFO  c.c.app.process.impl.Refmod3Impl.mainlineSplit13 2800 - *375* WS-2-12B-T       = (ABCDABCDABCDABCDABCDABCDABCDABCDABCDABCDABCDABCDABCDABCDABCDABCDABCDAB                    )
08:01:32.765 [main] INFO  c.c.app.process.impl.Refmod3Impl.mainlineSplit13 2802 - *376*   WS-2-12B-T-FLD1= (ABCDABCDABCDABCDABCD)
08:01:32.765 [main] INFO  c.c.app.process.impl.Refmod3Impl.mainlineSplit13 2804 - *377*   WS-2-12B-T-FLD2= (ABCDABCDABCDABCDABCDABCDABCDABCDABCDABCD)
08:01:32.765 [main] INFO  c.c.app.process.impl.Refmod3Impl.mainlineSplit13 2806 - *378*   WS-2-12B-T-FLD3= (ABCDABCDAB                    )
08:01:32.766 [main] INFO  c.c.app.process.impl.Refmod3Impl.mainlineSplit13 2824 - *379* WS-2-13A-S-GRP   = (***ABCDABCDABCDABCDABCDABCDABCDABZYXWZYXWZYXWZYXWZYXWZYXWZYXWZYXWZYXWZYXW)
08:01:32.767 [main] INFO  c.c.app.process.impl.Refmod3Impl.mainlineSplit13 2826 - *380* WS-2-13A-S       = (ABCDABCDABCDABCDABCDABCDABCDABZYXWZYXWZYXWZYXWZYXWZYXWZYXWZYXWZYXWZYXW)
08:01:32.767 [main] INFO  c.c.app.process.impl.Refmod3Impl.mainlineSplit13 2828 - *381*   WS-2-13A-S-FLD1= (ABCDABCDABCDABCDABCDABCDABCDAB)
08:01:32.767 [main] INFO  c.c.app.process.impl.Refmod3Impl.mainlineSplit13 2830 - *382*   WS-2-13A-S-FLD2= (ZYXWZYXWZYXWZYXWZYXWZYXWZYXWZYXWZYXWZYXW)
08:01:32.768 [main] INFO  c.c.app.process.impl.Refmod3Impl.mainlineSplit13 2832 - *383* WS-2-13A-T-GRP   = (*****    CDABCDABCDABCDABCDABCDABCDABZYXWZYXWZYXWZYXWZYXWZYXWZYX )
08:01:32.768 [main] INFO  c.c.app.process.impl.Refmod3Impl.mainlineSplit13 2834 - *384* WS-2-13A-T       = (    CDABCDABCDABCDABCDABCDABCDABZYXWZYXWZYXWZYXWZYXWZYXWZYX )
08:01:32.768 [main] INFO  c.c.app.process.impl.Refmod3Impl.mainlineSplit13 2836 - *385*   WS-2-13A-T-FLD1= (    CDABCDABCDABCDAB)
08:01:32.768 [main] INFO  c.c.app.process.impl.Refmod3Impl.mainlineSplit13 2838 - *386*   WS-2-13A-T-FLD2= (CDABCDABCDABZYXWZYXWZYXWZYXWZYXWZYXWZYX )
08:01:32.770 [main] INFO  c.c.app.process.impl.Refmod3Impl.mainlineSplit13 2861 - *387* WS-2-13A-S-GRP   = (***ABCDABCDABCDABCDABCDABCDABCDABZYXWZYXWZYXWZYXWZYXWZYXWZYXWZYXWZYXWZYXW)
08:01:32.770 [main] INFO  c.c.app.process.impl.Refmod3Impl.mainlineSplit13 2863 - *388* WS-2-13A-S       = (ABCDABCDABCDABCDABCDABCDABCDABZYXWZYXWZYXWZYXWZYXWZYXWZYXWZYXWZYXWZYXW)
08:01:32.770 [main] INFO  c.c.app.process.impl.Refmod3Impl.mainlineSplit13 2865 - *389*   WS-2-13A-S-FLD1= (ABCDABCDABCDABCDABCDABCDABCDAB)
08:01:32.770 [main] INFO  c.c.app.process.impl.Refmod3Impl.mainlineSplit13 2867 - *390*   WS-2-13A-S-FLD2= (ZYXWZYXWZYXWZYXWZYXWZYXWZYXWZYXWZYXWZYXW)
08:01:32.771 [main] INFO  c.c.app.process.impl.Refmod3Impl.mainlineSplit13 2869 - *391* WS-2-13A-T-GRP   = (*****    CDABCDABCDABCDABCDABCDABCDABZYXWZYXWZYXWZYXWZYXWZYXWZYX )
08:01:32.772 [main] INFO  c.c.app.process.impl.Refmod3Impl.mainlineSplit14 2914 - *392* WS-2-13A-T       = (    CDABCDABCDABCDABCDABCDABCDABZYXWZYXWZYXWZYXWZYXWZYXWZYX )
08:01:32.772 [main] INFO  c.c.app.process.impl.Refmod3Impl.mainlineSplit14 2916 - *393*   WS-2-13A-T-FLD1= (    CDABCDABCDABCDAB)
08:01:32.773 [main] INFO  c.c.app.process.impl.Refmod3Impl.mainlineSplit14 2918 - *394*   WS-2-13A-T-FLD2= (CDABCDABCDABZYXWZYXWZYXWZYXWZYXWZYXWZYX )
08:01:32.773 [main] INFO  c.c.app.process.impl.Refmod3Impl.mainlineSplit14 2938 - *395* WS-2-13B-S-GRP   = (***ABCDABCDABCDABCDABCDABCDABCDABZYXWZYXWZYXWZYXWZYXWZYXWZYXWZYXWZYXWZYXW)
08:01:32.773 [main] INFO  c.c.app.process.impl.Refmod3Impl.mainlineSplit14 2940 - *396* WS-2-13B-S       = (ABCDABCDABCDABCDABCDABCDABCDABZYXWZYXWZYXWZYXWZYXWZYXWZYXWZYXWZYXWZYXW)
08:01:32.773 [main] INFO  c.c.app.process.impl.Refmod3Impl.mainlineSplit14 2942 - *397*   WS-2-13B-S-FLD1= (ABCDABCDABCDABCDABCDABCDABCDAB)
08:01:32.774 [main] INFO  c.c.app.process.impl.Refmod3Impl.mainlineSplit14 2944 - *398*   WS-2-13B-S-FLD2= (ZYXWZYXWZYXWZYXWZYXWZYXWZYXWZYXWZYXWZYXW)
08:01:32.774 [main] INFO  c.c.app.process.impl.Refmod3Impl.mainlineSplit14 2946 - *399* WS-2-13B-T-GRP   = (*****    CDABCDABCDABCDABCDABCDABCDABZYXWZYXWZYXWZYXWZYXWZYXWZYXWZYXWZYXWZYX                  N)
08:01:32.774 [main] INFO  c.c.app.process.impl.Refmod3Impl.mainlineSplit14 2948 - *400* WS-2-13B-T       = (    CDABCDABCDABCDABCDABCDABCDABZYXWZYXWZYXWZYXWZYXWZYXWZYXWZYXWZYXWZYX                  N)
08:01:32.774 [main] INFO  c.c.app.process.impl.Refmod3Impl.mainlineSplit14 2950 - *401*   WS-2-13B-T-FLD1= (    CDABCDABCDABCDAB)
08:01:32.774 [main] INFO  c.c.app.process.impl.Refmod3Impl.mainlineSplit14 2952 - *402*   WS-2-13B-T-FLD2= (CDABCDABCDABZYXWZYXWZYXWZYXWZYXWZYXWZYXW)
08:01:32.774 [main] INFO  c.c.app.process.impl.Refmod3Impl.mainlineSplit14 2954 - *403*   WS-2-13B-T-FLD3= (ZYXWZYXWZYX                  N)
08:01:32.775 [main] INFO  c.c.app.process.impl.Refmod3Impl.mainlineSplit14 2979 - *404* WS-2-13B-S-GRP   = (***ABCDABCDABCDABCDABCDABCDABCDABZYXWZYXWZYXWZYXWZYXWZYXWZYXWZYXWZYXWZYXW)
08:01:32.775 [main] INFO  c.c.app.process.impl.Refmod3Impl.mainlineSplit14 2981 - *405* WS-2-13B-S       = (ABCDABCDABCDABCDABCDABCDABCDABZYXWZYXWZYXWZYXWZYXWZYXWZYXWZYXWZYXWZYXW)
08:01:32.775 [main] INFO  c.c.app.process.impl.Refmod3Impl.mainlineSplit14 2983 - *406*   WS-2-13B-S-FLD1= (ABCDABCDABCDABCDABCDABCDABCDAB)
08:01:32.775 [main] INFO  c.c.app.process.impl.Refmod3Impl.mainlineSplit14 2985 - *407*   WS-2-13B-S-FLD2= (ZYXWZYXWZYXWZYXWZYXWZYXWZYXWZYXWZYXWZYXW)
08:01:32.775 [main] INFO  c.c.app.process.impl.Refmod3Impl.mainlineSplit14 2987 - *408* WS-2-13B-T-GRP   = (*****    CDABCDABCDABCDABCDABCDABCDABZYXWZYXWZYXWZYXWZYXWZYXWZYXWZYXWZYXWZYX                  N)
08:01:32.775 [main] INFO  c.c.app.process.impl.Refmod3Impl.mainlineSplit14 2989 - *409* WS-2-13B-T       = (    CDABCDABCDABCDABCDABCDABCDABZYXWZYXWZYXWZYXWZYXWZYXWZYXWZYXWZYXWZYX                  N)
08:01:32.775 [main] INFO  c.c.app.process.impl.Refmod3Impl.mainlineSplit14 2991 - *410*   WS-2-13B-T-FLD1= (    CDABCDABCDABCDAB)
08:01:32.776 [main] INFO  c.c.app.process.impl.Refmod3Impl.mainlineSplit14 2993 - *411*   WS-2-13B-T-FLD2= (CDABCDABCDABZYXWZYXWZYXWZYXWZYXWZYXWZYXW)
08:01:32.776 [main] INFO  c.c.app.process.impl.Refmod3Impl.mainlineSplit14 2995 - *412*   WS-2-13B-T-FLD3= (ZYXWZYXWZYX                  N)
08:01:32.776 [main] INFO  c.c.app.process.impl.Refmod3Impl.mainlineSplit14 3011 - *413* WS-2-14A-S-GRP   = (***ABCDABCDABCDABCDABCDABCDABCDABCDABCDABCDABCDABCDABCDABCDABCDABCDABCDAB)
08:01:32.776 [main] INFO  c.c.app.process.impl.Refmod3Impl.mainlineSplit14 3013 - *414* WS-2-14A-S       = (ABCDABCDABCDABCDABCDABCDABCDABCDABCDABCDABCDABCDABCDABCDABCDABCDABCDAB)
08:01:32.776 [main] INFO  c.c.app.process.impl.Refmod3Impl.mainlineSplit14 3015 - *415* WS-2-14A-T-GRP   = (*****    CDABCDABCDABCDABCDABCDABCDABCDABCDABCDABCDABCDABCDABCDA )
08:01:32.776 [main] INFO  c.c.app.process.impl.Refmod3Impl.mainlineSplit14 3017 - *416* WS-2-14A-T       = (    CDABCDABCDABCDABCDABCDABCDABCDABCDABCDABCDABCDABCDABCDA )
08:01:32.777 [main] INFO  c.c.app.process.impl.Refmod3Impl.mainlineSplit14 3019 - *417*   WS-2-14A-T-FLD1= (    CDABCDABCDABCDAB)
08:01:32.777 [main] INFO  c.c.app.process.impl.Refmod3Impl.mainlineSplit14 3021 - *418*   WS-2-14A-T-FLD2= (CDABCDABCDABCDABCDABCDABCDABCDABCDABCDA )
08:01:32.778 [main] INFO  c.c.app.process.impl.Refmod3Impl.mainlineSplit15 3087 - *419* WS-2-14A-S-GRP   = (***ABCDABCDABCDABCDABCDABCDABCDABCDABCDABCDABCDABCDABCDABCDABCDABCDABCDAB)
08:01:32.779 [main] INFO  c.c.app.process.impl.Refmod3Impl.mainlineSplit15 3089 - *420* WS-2-14A-S       = (ABCDABCDABCDABCDABCDABCDABCDABCDABCDABCDABCDABCDABCDABCDABCDABCDABCDAB)
08:01:32.779 [main] INFO  c.c.app.process.impl.Refmod3Impl.mainlineSplit15 3091 - *421* WS-2-14A-T-GRP   = (*****    CDABCDABCDABCDABCDABCDABCDABCDABCDABCDABCDABCDABCDABCDA )
08:01:32.779 [main] INFO  c.c.app.process.impl.Refmod3Impl.mainlineSplit15 3093 - *422* WS-2-14A-T       = (    CDABCDABCDABCDABCDABCDABCDABCDABCDABCDABCDABCDABCDABCDA )
08:01:32.779 [main] INFO  c.c.app.process.impl.Refmod3Impl.mainlineSplit15 3095 - *423*   WS-2-14A-T-FLD1= (    CDABCDABCDABCDAB)
08:01:32.779 [main] INFO  c.c.app.process.impl.Refmod3Impl.mainlineSplit15 3097 - *424*   WS-2-14A-T-FLD2= (CDABCDABCDABCDABCDABCDABCDABCDABCDABCDA )
08:01:32.780 [main] INFO  c.c.app.process.impl.Refmod3Impl.mainlineSplit15 3115 - *425* WS-2-14B-S-GRP   = (***ABCDABCDABCDABCDABCDABCDABCDABCDABCDABCDABCDABCDABCDABCDABCDABCDABCDAB)
08:01:32.781 [main] INFO  c.c.app.process.impl.Refmod3Impl.mainlineSplit15 3117 - *426* WS-2-14B-S       = (ABCDABCDABCDABCDABCDABCDABCDABCDABCDABCDABCDABCDABCDABCDABCDABCDABCDAB)
08:01:32.781 [main] INFO  c.c.app.process.impl.Refmod3Impl.mainlineSplit15 3119 - *427* WS-2-14B-T-GRP   = (*****    CDABCDABCDABCDABCDABCDABCDABCDABCDABCDABCDABCDABCDABCDABCDABCDABCDA                  N)
08:01:32.782 [main] INFO  c.c.app.process.impl.Refmod3Impl.mainlineSplit15 3121 - *428* WS-2-14B-T       = (    CDABCDABCDABCDABCDABCDABCDABCDABCDABCDABCDABCDABCDABCDABCDABCDABCDA                  N)
08:01:32.782 [main] INFO  c.c.app.process.impl.Refmod3Impl.mainlineSplit15 3123 - *429*   WS-2-14B-T-FLD1= (    CDABCDABCDABCDAB)
08:01:32.782 [main] INFO  c.c.app.process.impl.Refmod3Impl.mainlineSplit15 3125 - *430*   WS-2-14B-T-FLD2= (CDABCDABCDABCDABCDABCDABCDABCDABCDABCDAB)
08:01:32.782 [main] INFO  c.c.app.process.impl.Refmod3Impl.mainlineSplit15 3127 - *431*   WS-2-14B-T-FLD3= (CDABCDABCDA                  N)
08:01:32.782 [main] INFO  c.c.app.process.impl.Refmod3Impl.mainlineSplit15 3150 - *432* WS-2-14B-S-GRP   = (***ABCDABCDABCDABCDABCDABCDABCDABCDABCDABCDABCDABCDABCDABCDABCDABCDABCDAB)
08:01:32.783 [main] INFO  c.c.app.process.impl.Refmod3Impl.mainlineSplit15 3152 - *433* WS-2-14B-S       = (ABCDABCDABCDABCDABCDABCDABCDABCDABCDABCDABCDABCDABCDABCDABCDABCDABCDAB)
08:01:32.783 [main] INFO  c.c.app.process.impl.Refmod3Impl.mainlineSplit15 3154 - *434* WS-2-14B-T-GRP   = (*****    CDABCDABCDABCDABCDABCDABCDABCDABCDABCDABCDABCDABCDABCDABCDABCDABCDA                  N)
08:01:32.783 [main] INFO  c.c.app.process.impl.Refmod3Impl.mainlineSplit15 3156 - *435* WS-2-14B-T       = (    CDABCDABCDABCDABCDABCDABCDABCDABCDABCDABCDABCDABCDABCDABCDABCDABCDA                  N)
08:01:32.783 [main] INFO  c.c.app.process.impl.Refmod3Impl.mainlineSplit15 3158 - *436*   WS-2-14B-T-FLD1= (    CDABCDABCDABCDAB)
08:01:32.783 [main] INFO  c.c.app.process.impl.Refmod3Impl.mainlineSplit15 3160 - *437*   WS-2-14B-T-FLD2= (CDABCDABCDABCDABCDABCDABCDABCDABCDABCDAB)
08:01:32.783 [main] INFO  c.c.app.process.impl.Refmod3Impl.mainlineSplit15 3162 - *438*   WS-2-14B-T-FLD3= (CDABCDABCDA                  N)
08:01:32.784 [main] INFO  c.c.app.process.impl.Refmod3Impl.mainlineSplit15 3180 - *439* WS-2-15A-S-GRP   = (***ABCDABCDABCDABCDABCDABCDABCDABZYXWZYXWZYXWZYXWZYXWZYXWZYXWZYXWZYXWZYXW)
08:01:32.784 [main] INFO  c.c.app.process.impl.Refmod3Impl.mainlineSplit15 3182 - *440* WS-2-15A-S       = (ABCDABCDABCDABCDABCDABCDABCDABZYXWZYXWZYXWZYXWZYXWZYXWZYXWZYXWZYXWZYXW)
08:01:32.784 [main] INFO  c.c.app.process.impl.Refmod3Impl.mainlineSplit15 3184 - *441*   WS-2-15A-S-FLD1= (ABCDABCDABCDABCDABCDABCDABCDAB)
08:01:32.784 [main] INFO  c.c.app.process.impl.Refmod3Impl.mainlineSplit15 3186 - *442*   WS-2-15A-S-FLD2= (ZYXWZYXWZYXWZYXWZYXWZYXWZYXWZYXWZYXWZYXW)
08:01:32.784 [main] INFO  c.c.app.process.impl.Refmod3Impl.mainlineSplit15 3188 - *443* WS-2-15A-T       = (    CDABCDABCDABCDABCDABCDABCDABZYXWZYXWZYXWZYXWZYXWZYXWZYX )
08:01:32.784 [main] INFO  c.c.app.process.impl.Refmod3Impl.mainlineSplit15 3190 - *444*   WS-2-15A-T-FLD1= (    CDABCDABCDABCDAB)
08:01:32.785 [main] INFO  c.c.app.process.impl.Refmod3Impl.mainlineSplit15 3192 - *445*   WS-2-15A-T-FLD2= (CDABCDABCDABZYXWZYXWZYXWZYXWZYXWZYXWZYX )
08:01:32.786 [main] INFO  c.c.app.process.impl.Refmod3Impl.mainlineSplit16 3260 - *446* WS-2-15A-S-GRP   = (***ABCDABCDABCDABCDABCDABCDABCDABZYXWZYXWZYXWZYXWZYXWZYXWZYXWZYXWZYXWZYXW)
08:01:32.787 [main] INFO  c.c.app.process.impl.Refmod3Impl.mainlineSplit16 3262 - *447* WS-2-15A-S       = (ABCDABCDABCDABCDABCDABCDABCDABZYXWZYXWZYXWZYXWZYXWZYXWZYXWZYXWZYXWZYXW)
08:01:32.788 [main] INFO  c.c.app.process.impl.Refmod3Impl.mainlineSplit16 3264 - *448*   WS-2-15A-S-FLD1= (ABCDABCDABCDABCDABCDABCDABCDAB)
08:01:32.788 [main] INFO  c.c.app.process.impl.Refmod3Impl.mainlineSplit16 3266 - *449*   WS-2-15A-S-FLD2= (ZYXWZYXWZYXWZYXWZYXWZYXWZYXWZYXWZYXWZYXW)
08:01:32.788 [main] INFO  c.c.app.process.impl.Refmod3Impl.mainlineSplit16 3268 - *450* WS-2-15A-T       = (    CDABCDABCDABCDABCDABCDABCDABZYXWZYXWZYXWZYXWZYXWZYXWZYX )
08:01:32.788 [main] INFO  c.c.app.process.impl.Refmod3Impl.mainlineSplit16 3270 - *451*   WS-2-15A-T-FLD1= (    CDABCDABCDABCDAB)
08:01:32.788 [main] INFO  c.c.app.process.impl.Refmod3Impl.mainlineSplit16 3272 - *452*   WS-2-15A-T-FLD2= (CDABCDABCDABZYXWZYXWZYXWZYXWZYXWZYXWZYX )
08:01:32.789 [main] INFO  c.c.app.process.impl.Refmod3Impl.mainlineSplit16 3292 - *453* WS-2-15B-S-GRP   = (***ABCDABCDABCDABCDABCDABCDABCDABZYXWZYXWZYXWZYXWZYXWZYXWZYXWZYXWZYXWZYXW)
08:01:32.790 [main] INFO  c.c.app.process.impl.Refmod3Impl.mainlineSplit16 3294 - *454* WS-2-15B-S       = (ABCDABCDABCDABCDABCDABCDABCDABZYXWZYXWZYXWZYXWZYXWZYXWZYXWZYXWZYXWZYXW)
08:01:32.791 [main] INFO  c.c.app.process.impl.Refmod3Impl.mainlineSplit16 3296 - *455*   WS-2-15B-S-FLD1= (ABCDABCDABCDABCDABCDABCDABCDAB)
08:01:32.791 [main] INFO  c.c.app.process.impl.Refmod3Impl.mainlineSplit16 3298 - *456*   WS-2-15B-S-FLD2= (ZYXWZYXWZYXWZYXWZYXWZYXWZYXWZYXWZYXWZYXW)
08:01:32.791 [main] INFO  c.c.app.process.impl.Refmod3Impl.mainlineSplit16 3300 - *457* WS-2-15B-T       = (    CDABCDABCDABCDABCDABCDABCDABZYXWZYXWZYXWZYXWZYXWZYXWZYXWZYXWZYXWZYX                  N)
08:01:32.791 [main] INFO  c.c.app.process.impl.Refmod3Impl.mainlineSplit16 3302 - *458*   WS-2-15B-T-FLD1= (    CDABCDABCDABCDAB)
08:01:32.791 [main] INFO  c.c.app.process.impl.Refmod3Impl.mainlineSplit16 3304 - *459*   WS-2-15B-T-FLD2= (CDABCDABCDABZYXWZYXWZYXWZYXWZYXWZYXWZYXW)
08:01:32.792 [main] INFO  c.c.app.process.impl.Refmod3Impl.mainlineSplit16 3306 - *460*   WS-2-15B-T-FLD3= (ZYXWZYXWZYX                  N)
08:01:32.793 [main] INFO  c.c.app.process.impl.Refmod3Impl.mainlineSplit16 3331 - *461* WS-2-15B-S-GRP   = (***ABCDABCDABCDABCDABCDABCDABCDABZYXWZYXWZYXWZYXWZYXWZYXWZYXWZYXWZYXWZYXW)
08:01:32.793 [main] INFO  c.c.app.process.impl.Refmod3Impl.mainlineSplit16 3333 - *462* WS-2-15B-S       = (ABCDABCDABCDABCDABCDABCDABCDABZYXWZYXWZYXWZYXWZYXWZYXWZYXWZYXWZYXWZYXW)
08:01:32.793 [main] INFO  c.c.app.process.impl.Refmod3Impl.mainlineSplit16 3335 - *463*   WS-2-15B-S-FLD1= (ABCDABCDABCDABCDABCDABCDABCDAB)
08:01:32.794 [main] INFO  c.c.app.process.impl.Refmod3Impl.mainlineSplit16 3337 - *464*   WS-2-15B-S-FLD2= (ZYXWZYXWZYXWZYXWZYXWZYXWZYXWZYXWZYXWZYXW)
08:01:32.794 [main] INFO  c.c.app.process.impl.Refmod3Impl.mainlineSplit16 3339 - *465* WS-2-15B-T       = (    CDABCDABCDABCDABCDABCDABCDABZYXWZYXWZYXWZYXWZYXWZYXWZYXWZYXWZYXWZYX                  N)
08:01:32.794 [main] INFO  c.c.app.process.impl.Refmod3Impl.mainlineSplit16 3341 - *466*   WS-2-15B-T-FLD1= (    CDABCDABCDABCDAB)
08:01:32.795 [main] INFO  c.c.app.process.impl.Refmod3Impl.mainlineSplit16 3343 - *467*   WS-2-15B-T-FLD2= (CDABCDABCDABZYXWZYXWZYXWZYXWZYXWZYXWZYXW)
08:01:32.795 [main] INFO  c.c.app.process.impl.Refmod3Impl.mainlineSplit16 3345 - *468*   WS-2-15B-T-FLD3= (ZYXWZYXWZYX                  N)
08:01:32.795 [main] INFO  c.c.app.process.impl.Refmod3Impl.mainlineSplit16 3361 - *469* WS-2-16A-S-GRP   = (***ABCDABCDABCDABCDABCDABCDABCDABCDABCDABCDABCDABCDABCDABCDABCDABCDABCDAB)
08:01:32.795 [main] INFO  c.c.app.process.impl.Refmod3Impl.mainlineSplit16 3363 - *470* WS-2-16A-S       = (ABCDABCDABCDABCDABCDABCDABCDABCDABCDABCDABCDABCDABCDABCDABCDABCDABCDAB)
08:01:32.795 [main] INFO  c.c.app.process.impl.Refmod3Impl.mainlineSplit16 3365 - *471* WS-2-16A-T       = (    CDABCDABCDABCDABCDABCDABCDABCDABCDABCDABCDABCDABCDABCDA )
08:01:32.796 [main] INFO  c.c.app.process.impl.Refmod3Impl.mainlineSplit16 3367 - *472*   WS-2-16A-T-FLD1= (    CDABCDABCDABCDAB)
08:01:32.796 [main] INFO  c.c.app.process.impl.Refmod3Impl.mainlineSplit16 3369 - *473*   WS-2-16A-T-FLD2= (CDABCDABCDABCDABCDABCDABCDABCDABCDABCDA )
08:01:32.797 [main] INFO  c.c.app.process.impl.Refmod3Impl.mainlineSplit17 3434 - *474* WS-2-16A-S-GRP   = (***ABCDABCDABCDABCDABCDABCDABCDABCDABCDABCDABCDABCDABCDABCDABCDABCDABCDAB)
08:01:32.798 [main] INFO  c.c.app.process.impl.Refmod3Impl.mainlineSplit17 3436 - *475* WS-2-16A-S       = (ABCDABCDABCDABCDABCDABCDABCDABCDABCDABCDABCDABCDABCDABCDABCDABCDABCDAB)
08:01:32.798 [main] INFO  c.c.app.process.impl.Refmod3Impl.mainlineSplit17 3438 - *476* WS-2-16A-T       = (    CDABCDABCDABCDABCDABCDABCDABCDABCDABCDABCDABCDABCDABCDA )
08:01:32.798 [main] INFO  c.c.app.process.impl.Refmod3Impl.mainlineSplit17 3440 - *477*   WS-2-16A-T-FLD1= (    CDABCDABCDABCDAB)
08:01:32.798 [main] INFO  c.c.app.process.impl.Refmod3Impl.mainlineSplit17 3442 - *478*   WS-2-16A-T-FLD2= (CDABCDABCDABCDABCDABCDABCDABCDABCDABCDA )
08:01:32.799 [main] INFO  c.c.app.process.impl.Refmod3Impl.mainlineSplit17 3460 - *479* WS-2-16B-S-GRP   = (***ABCDABCDABCDABCDABCDABCDABCDABCDABCDABCDABCDABCDABCDABCDABCDABCDABCDAB)
08:01:32.799 [main] INFO  c.c.app.process.impl.Refmod3Impl.mainlineSplit17 3462 - *480* WS-2-16B-S       = (ABCDABCDABCDABCDABCDABCDABCDABCDABCDABCDABCDABCDABCDABCDABCDABCDABCDAB)
08:01:32.799 [main] INFO  c.c.app.process.impl.Refmod3Impl.mainlineSplit17 3464 - *481* WS-2-16B-T       = (    CDABCDABCDABCDABCDABCDABCDABCDABCDABCDABCDABCDABCDABCDABCDABCDABCDA                  N)
08:01:32.799 [main] INFO  c.c.app.process.impl.Refmod3Impl.mainlineSplit17 3466 - *482*   WS-2-16B-T-FLD1= (    CDABCDABCDABCDAB)
08:01:32.799 [main] INFO  c.c.app.process.impl.Refmod3Impl.mainlineSplit17 3468 - *483*   WS-2-16B-T-FLD2= (CDABCDABCDABCDABCDABCDABCDABCDABCDABCDAB)
08:01:32.799 [main] INFO  c.c.app.process.impl.Refmod3Impl.mainlineSplit17 3470 - *484*   WS-2-16B-T-FLD3= (CDABCDABCDA                  N)
08:01:32.799 [main] INFO  c.c.app.process.impl.Refmod3Impl.mainlineSplit17 3493 - *485* WS-2-16B-S-GRP   = (***ABCDABCDABCDABCDABCDABCDABCDABCDABCDABCDABCDABCDABCDABCDABCDABCDABCDAB)
08:01:32.800 [main] INFO  c.c.app.process.impl.Refmod3Impl.mainlineSplit17 3495 - *486* WS-2-16B-S       = (ABCDABCDABCDABCDABCDABCDABCDABCDABCDABCDABCDABCDABCDABCDABCDABCDABCDAB)
08:01:32.800 [main] INFO  c.c.app.process.impl.Refmod3Impl.mainlineSplit17 3497 - *487* WS-2-16B-T       = (    CDABCDABCDABCDABCDABCDABCDABCDABCDABCDABCDABCDABCDABCDABCDABCDABCDA                  N)
08:01:32.800 [main] INFO  c.c.app.process.impl.Refmod3Impl.mainlineSplit17 3499 - *488*   WS-2-16B-T-FLD1= (    CDABCDABCDABCDAB)
08:01:32.800 [main] INFO  c.c.app.process.impl.Refmod3Impl.mainlineSplit17 3501 - *489*   WS-2-16B-T-FLD2= (CDABCDABCDABCDABCDABCDABCDABCDABCDABCDAB)
08:01:32.800 [main] INFO  c.c.app.process.impl.Refmod3Impl.mainlineSplit17 3503 - *490*   WS-2-16B-T-FLD3= (CDABCDABCDA                  N)
08:01:32.800 [main] INFO  c.c.app.process.impl.Refmod3Impl.mainlineSplit17 3521 - *491* WS-2-17A-S       = (ABCDABCDABCDABCDABCDABCDABCDABZYXWZYXWZYXWZYXWZYXWZYXWZYXWZYXWZYXWZYXW)
08:01:32.800 [main] INFO  c.c.app.process.impl.Refmod3Impl.mainlineSplit17 3523 - *492*   WS-2-17A-S-FLD1= (ABCDABCDABCDABCDABCDABCDABCDAB)
08:01:32.801 [main] INFO  c.c.app.process.impl.Refmod3Impl.mainlineSplit17 3525 - *493*   WS-2-17A-S-FLD2= (ZYXWZYXWZYXWZYXWZYXWZYXWZYXWZYXWZYXWZYXW)
08:01:32.801 [main] INFO  c.c.app.process.impl.Refmod3Impl.mainlineSplit17 3527 - *494* WS-2-17A-T-GRP   = (*****    CDABCDABCDABCDABCDABCDABCDABZYXWZYXWZYXWZYXWZYXWZYXWZYX )
08:01:32.801 [main] INFO  c.c.app.process.impl.Refmod3Impl.mainlineSplit17 3529 - *495* WS-2-17A-T       = (    CDABCDABCDABCDABCDABCDABCDABZYXWZYXWZYXWZYXWZYXWZYXWZYX )
08:01:32.801 [main] INFO  c.c.app.process.impl.Refmod3Impl.mainlineSplit17 3531 - *496*   WS-2-17A-T-FLD1= (    CDABCDABCDABCDAB)
08:01:32.801 [main] INFO  c.c.app.process.impl.Refmod3Impl.mainlineSplit17 3533 - *497*   WS-2-17A-T-FLD2= (CDABCDABCDABZYXWZYXWZYXWZYXWZYXWZYXWZYX )
08:01:32.801 [main] INFO  c.c.app.process.impl.Refmod3Impl.mainlineSplit17 3556 - *498* WS-2-17A-S       = (ABCDABCDABCDABCDABCDABCDABCDABZYXWZYXWZYXWZYXWZYXWZYXWZYXWZYXWZYXWZYXW)
08:01:32.801 [main] INFO  c.c.app.process.impl.Refmod3Impl.mainlineSplit17 3558 - *499*   WS-2-17A-S-FLD1= (ABCDABCDABCDABCDABCDABCDABCDAB)
08:01:32.803 [main] INFO  c.c.app.process.impl.Refmod3Impl.mainlineSplit18 3603 - *500*   WS-2-17A-S-FLD2= (ZYXWZYXWZYXWZYXWZYXWZYXWZYXWZYXWZYXWZYXW)
08:01:32.803 [main] INFO  c.c.app.process.impl.Refmod3Impl.mainlineSplit18 3605 - *501* WS-2-17A-T-GRP   = (*****    CDABCDABCDABCDABCDABCDABCDABZYXWZYXWZYXWZYXWZYXWZYXWZYX )
08:01:32.803 [main] INFO  c.c.app.process.impl.Refmod3Impl.mainlineSplit18 3607 - *502* WS-2-17A-T       = (    CDABCDABCDABCDABCDABCDABCDABZYXWZYXWZYXWZYXWZYXWZYXWZYX )
08:01:32.803 [main] INFO  c.c.app.process.impl.Refmod3Impl.mainlineSplit18 3609 - *503*   WS-2-17A-T-FLD1= (    CDABCDABCDABCDAB)
08:01:32.803 [main] INFO  c.c.app.process.impl.Refmod3Impl.mainlineSplit18 3611 - *504*   WS-2-17A-T-FLD2= (CDABCDABCDABZYXWZYXWZYXWZYXWZYXWZYXWZYX )
08:01:32.804 [main] INFO  c.c.app.process.impl.Refmod3Impl.mainlineSplit18 3631 - *505* WS-2-17B-S       = (ABCDABCDABCDABCDABCDABCDABCDABZYXWZYXWZYXWZYXWZYXWZYXWZYXWZYXWZYXWZYXW)
08:01:32.804 [main] INFO  c.c.app.process.impl.Refmod3Impl.mainlineSplit18 3633 - *506*   WS-2-17B-S-FLD1= (ABCDABCDABCDABCDABCDABCDABCDAB)
08:01:32.804 [main] INFO  c.c.app.process.impl.Refmod3Impl.mainlineSplit18 3635 - *507*   WS-2-17B-S-FLD2= (ZYXWZYXWZYXWZYXWZYXWZYXWZYXWZYXWZYXWZYXW)
08:01:32.804 [main] INFO  c.c.app.process.impl.Refmod3Impl.mainlineSplit18 3637 - *508* WS-2-17B-T-GRP   = (*****    CDABCDABCDABCDABCDABCDABCDABZYXWZYXWZYXWZYXWZYXWZYXWZYXWZYXWZYXWZYX                  N)
08:01:32.804 [main] INFO  c.c.app.process.impl.Refmod3Impl.mainlineSplit18 3639 - *509* WS-2-17B-T       = (    CDABCDABCDABCDABCDABCDABCDABZYXWZYXWZYXWZYXWZYXWZYXWZYXWZYXWZYXWZYX                  N)
08:01:32.804 [main] INFO  c.c.app.process.impl.Refmod3Impl.mainlineSplit18 3641 - *510*   WS-2-17B-T-FLD1= (    CDABCDABCDABCDAB)
08:01:32.804 [main] INFO  c.c.app.process.impl.Refmod3Impl.mainlineSplit18 3643 - *511*   WS-2-17B-T-FLD2= (CDABCDABCDABZYXWZYXWZYXWZYXWZYXWZYXWZYXW)
08:01:32.805 [main] INFO  c.c.app.process.impl.Refmod3Impl.mainlineSplit18 3645 - *512*   WS-2-17B-T-FLD3= (ZYXWZYXWZYX                  N)
08:01:32.805 [main] INFO  c.c.app.process.impl.Refmod3Impl.mainlineSplit18 3670 - *513* WS-2-17B-S       = (ABCDABCDABCDABCDABCDABCDABCDABZYXWZYXWZYXWZYXWZYXWZYXWZYXWZYXWZYXWZYXW)
08:01:32.805 [main] INFO  c.c.app.process.impl.Refmod3Impl.mainlineSplit18 3672 - *514*   WS-2-17B-S-FLD1= (ABCDABCDABCDABCDABCDABCDABCDAB)
08:01:32.805 [main] INFO  c.c.app.process.impl.Refmod3Impl.mainlineSplit18 3674 - *515*   WS-2-17B-S-FLD2= (ZYXWZYXWZYXWZYXWZYXWZYXWZYXWZYXWZYXWZYXW)
08:01:32.805 [main] INFO  c.c.app.process.impl.Refmod3Impl.mainlineSplit18 3676 - *516* WS-2-17B-T-GRP   = (*****    CDABCDABCDABCDABCDABCDABCDABZYXWZYXWZYXWZYXWZYXWZYXWZYXWZYXWZYXWZYX                  N)
08:01:32.805 [main] INFO  c.c.app.process.impl.Refmod3Impl.mainlineSplit18 3678 - *517* WS-2-17B-T       = (    CDABCDABCDABCDABCDABCDABCDABZYXWZYXWZYXWZYXWZYXWZYXWZYXWZYXWZYXWZYX                  N)
08:01:32.805 [main] INFO  c.c.app.process.impl.Refmod3Impl.mainlineSplit18 3680 - *518*   WS-2-17B-T-FLD1= (    CDABCDABCDABCDAB)
08:01:32.806 [main] INFO  c.c.app.process.impl.Refmod3Impl.mainlineSplit18 3682 - *519*   WS-2-17B-T-FLD2= (CDABCDABCDABZYXWZYXWZYXWZYXWZYXWZYXWZYXW)
08:01:32.806 [main] INFO  c.c.app.process.impl.Refmod3Impl.mainlineSplit18 3684 - *520*   WS-2-17B-T-FLD3= (ZYXWZYXWZYX                  N)
08:01:32.806 [main] INFO  c.c.app.process.impl.Refmod3Impl.mainlineSplit18 3700 - *521* WS-2-18A-S       = (ABCDABCDABCDABCDABCDABCDABCDABCDABCDABCDABCDABCDABCDABCDABCDABCDABCDAB)
08:01:32.806 [main] INFO  c.c.app.process.impl.Refmod3Impl.mainlineSplit18 3702 - *522* WS-2-18A-T-GRP   = (*****    CDABCDABCDABCDABCDABCDABCDABCDABCDABCDABCDABCDABCDABCDA )
08:01:32.806 [main] INFO  c.c.app.process.impl.Refmod3Impl.mainlineSplit18 3704 - *523* WS-2-18A-T       = (    CDABCDABCDABCDABCDABCDABCDABCDABCDABCDABCDABCDABCDABCDA )
08:01:32.806 [main] INFO  c.c.app.process.impl.Refmod3Impl.mainlineSplit18 3706 - *524*   WS-2-18A-T-FLD1= (    CDABCDABCDABCDAB)
08:01:32.807 [main] INFO  c.c.app.process.impl.Refmod3Impl.mainlineSplit18 3708 - *525*   WS-2-18A-T-FLD2= (CDABCDABCDABCDABCDABCDABCDABCDABCDABCDA )
08:01:32.811 [main] INFO  c.c.app.process.impl.Refmod3Impl.mainlineSplit18 3729 - *526* WS-2-18A-S       = (ABCDABCDABCDABCDABCDABCDABCDABCDABCDABCDABCDABCDABCDABCDABCDABCDABCDAB)
08:01:32.813 [main] INFO  c.c.app.process.impl.Refmod3Impl.mainlineSplit19 3773 - *527* WS-2-18A-T-GRP   = (*****    CDABCDABCDABCDABCDABCDABCDABCDABCDABCDABCDABCDABCDABCDA )
08:01:32.815 [main] INFO  c.c.app.process.impl.Refmod3Impl.mainlineSplit19 3775 - *528* WS-2-18A-T       = (    CDABCDABCDABCDABCDABCDABCDABCDABCDABCDABCDABCDABCDABCDA )
08:01:32.815 [main] INFO  c.c.app.process.impl.Refmod3Impl.mainlineSplit19 3777 - *529*   WS-2-18A-T-FLD1= (    CDABCDABCDABCDAB)
08:01:32.815 [main] INFO  c.c.app.process.impl.Refmod3Impl.mainlineSplit19 3779 - *530*   WS-2-18A-T-FLD2= (CDABCDABCDABCDABCDABCDABCDABCDABCDABCDA )
08:01:32.815 [main] INFO  c.c.app.process.impl.Refmod3Impl.mainlineSplit19 3797 - *531* WS-2-18B-S       = (ABCDABCDABCDABCDABCDABCDABCDABCDABCDABCDABCDABCDABCDABCDABCDABCDABCDAB)
08:01:32.816 [main] INFO  c.c.app.process.impl.Refmod3Impl.mainlineSplit19 3799 - *532* WS-2-18B-T-GRP   = (*****    CDABCDABCDABCDABCDABCDABCDABCDABCDABCDABCDABCDABCDABCDABCDABCDABCDA                  N)
08:01:32.816 [main] INFO  c.c.app.process.impl.Refmod3Impl.mainlineSplit19 3801 - *533* WS-2-18B-T       = (    CDABCDABCDABCDABCDABCDABCDABCDABCDABCDABCDABCDABCDABCDABCDABCDABCDA                  N)
08:01:32.816 [main] INFO  c.c.app.process.impl.Refmod3Impl.mainlineSplit19 3803 - *534*   WS-2-18B-T-FLD1= (    CDABCDABCDABCDAB)
08:01:32.816 [main] INFO  c.c.app.process.impl.Refmod3Impl.mainlineSplit19 3805 - *535*   WS-2-18B-T-FLD2= (CDABCDABCDABCDABCDABCDABCDABCDABCDABCDAB)
08:01:32.816 [main] INFO  c.c.app.process.impl.Refmod3Impl.mainlineSplit19 3807 - *536*   WS-2-18B-T-FLD3= (CDABCDABCDA                  N)
08:01:32.816 [main] INFO  c.c.app.process.impl.Refmod3Impl.mainlineSplit19 3830 - *537* WS-2-18B-S       = (ABCDABCDABCDABCDABCDABCDABCDABCDABCDABCDABCDABCDABCDABCDABCDABCDABCDAB)
08:01:32.817 [main] INFO  c.c.app.process.impl.Refmod3Impl.mainlineSplit19 3832 - *538* WS-2-18B-T-GRP   = (*****    CDABCDABCDABCDABCDABCDABCDABCDABCDABCDABCDABCDABCDABCDABCDABCDABCDA                  N)
08:01:32.817 [main] INFO  c.c.app.process.impl.Refmod3Impl.mainlineSplit19 3834 - *539* WS-2-18B-T       = (    CDABCDABCDABCDABCDABCDABCDABCDABCDABCDABCDABCDABCDABCDABCDABCDABCDA                  N)
08:01:32.817 [main] INFO  c.c.app.process.impl.Refmod3Impl.mainlineSplit19 3836 - *540*   WS-2-18B-T-FLD1= (    CDABCDABCDABCDAB)
08:01:32.817 [main] INFO  c.c.app.process.impl.Refmod3Impl.mainlineSplit19 3838 - *541*   WS-2-18B-T-FLD2= (CDABCDABCDABCDABCDABCDABCDABCDABCDABCDAB)
08:01:32.817 [main] INFO  c.c.app.process.impl.Refmod3Impl.mainlineSplit19 3840 - *542*   WS-2-18B-T-FLD3= (CDABCDABCDA                  N)
08:01:32.817 [main] INFO  c.c.app.process.impl.Refmod3Impl.mainlineSplit19 3858 - *543* WS-2-19A-S       = (ABCDABCDABCDABCDABCDABCDABCDABZYXWZYXWZYXWZYXWZYXWZYXWZYXWZYXWZYXWZYXW)
08:01:32.818 [main] INFO  c.c.app.process.impl.Refmod3Impl.mainlineSplit19 3860 - *544*   WS-2-19A-S-FLD1= (ABCDABCDABCDABCDABCDABCDABCDAB)
08:01:32.820 [main] INFO  c.c.app.process.impl.Refmod3Impl.mainlineSplit19 3862 - *545*   WS-2-19A-S-FLD2= (ZYXWZYXWZYXWZYXWZYXWZYXWZYXWZYXWZYXWZYXW)
08:01:32.821 [main] INFO  c.c.app.process.impl.Refmod3Impl.mainlineSplit19 3864 - *546* WS-2-19A-T-GRP   = (*****    ABCDABCDABCDABCDABCDABCDABCDABZYXWZYXWZYXWZYXWZYXWZYXWZ )
08:01:32.821 [main] INFO  c.c.app.process.impl.Refmod3Impl.mainlineSplit19 3866 - *547* WS-2-19A-T       = (    ABCDABCDABCDABCDABCDABCDABCDABZYXWZYXWZYXWZYXWZYXWZYXWZ )
08:01:32.821 [main] INFO  c.c.app.process.impl.Refmod3Impl.mainlineSplit19 3868 - *548*   WS-2-19A-T-FLD1= (    ABCDABCDABCDABCD)
08:01:32.821 [main] INFO  c.c.app.process.impl.Refmod3Impl.mainlineSplit19 3870 - *549*   WS-2-19A-T-FLD2= (ABCDABCDABCDABZYXWZYXWZYXWZYXWZYXWZYXWZ )
08:01:32.821 [main] INFO  c.c.app.process.impl.Refmod3Impl.mainlineSplit19 3889 - *550* WS-2-19A-S       = (ABCDABCDABCDABCDABCDABCDABCDABZYXWZYXWZYXWZYXWZYXWZYXWZYXWZYXWZYXWZYXW)
08:01:32.822 [main] INFO  c.c.app.process.impl.Refmod3Impl.mainlineSplit19 3891 - *551*   WS-2-19A-S-FLD1= (ABCDABCDABCDABCDABCDABCDABCDAB)
08:01:32.822 [main] INFO  c.c.app.process.impl.Refmod3Impl.mainlineSplit19 3893 - *552*   WS-2-19A-S-FLD2= (ZYXWZYXWZYXWZYXWZYXWZYXWZYXWZYXWZYXWZYXW)
08:01:32.822 [main] INFO  c.c.app.process.impl.Refmod3Impl.mainlineSplit19 3895 - *553* WS-2-19A-T-GRP   = (*****    ABCDABCDABCDABCDABCDABCDABCDABZYXWZYXWZYXWZYXWZYXWZYXWZ )
08:01:32.822 [main] INFO  c.c.app.process.impl.Refmod3Impl.mainlineSplit19 3897 - *554* WS-2-19A-T       = (    ABCDABCDABCDABCDABCDABCDABCDABZYXWZYXWZYXWZYXWZYXWZYXWZ )
08:01:32.822 [main] INFO  c.c.app.process.impl.Refmod3Impl.mainlineSplit19 3899 - *555*   WS-2-19A-T-FLD1= (    ABCDABCDABCDABCD)
08:01:32.823 [main] INFO  c.c.app.process.impl.Refmod3Impl.mainlineSplit20 3938 - *556*   WS-2-19A-T-FLD2= (ABCDABCDABCDABZYXWZYXWZYXWZYXWZYXWZYXWZ )
08:01:32.824 [main] INFO  c.c.app.process.impl.Refmod3Impl.mainlineSplit20 3958 - *557* WS-2-19B-S       = (ABCDABCDABCDABCDABCDABCDABCDABZYXWZYXWZYXWZYXWZYXWZYXWZYXWZYXWZYXWZYXW)
08:01:32.824 [main] INFO  c.c.app.process.impl.Refmod3Impl.mainlineSplit20 3960 - *558*   WS-2-19B-S-FLD1= (ABCDABCDABCDABCDABCDABCDABCDAB)
08:01:32.824 [main] INFO  c.c.app.process.impl.Refmod3Impl.mainlineSplit20 3962 - *559*   WS-2-19B-S-FLD2= (ZYXWZYXWZYXWZYXWZYXWZYXWZYXWZYXWZYXWZYXW)
08:01:32.824 [main] INFO  c.c.app.process.impl.Refmod3Impl.mainlineSplit20 3964 - *560* WS-2-19B-T-GRP   = (*****    ABCDABCDABCDABCDABCDABCDABCDABZYXWZYXWZYXWZYXWZYXWZYXWZYXWZYXWZYXWZYXW               N)
08:01:32.825 [main] INFO  c.c.app.process.impl.Refmod3Impl.mainlineSplit20 3966 - *561* WS-2-19B-T       = (    ABCDABCDABCDABCDABCDABCDABCDABZYXWZYXWZYXWZYXWZYXWZYXWZYXWZYXWZYXWZYXW               N)
08:01:32.825 [main] INFO  c.c.app.process.impl.Refmod3Impl.mainlineSplit20 3968 - *562*   WS-2-19B-T-FLD1= (    ABCDABCDABCDABCD)
08:01:32.825 [main] INFO  c.c.app.process.impl.Refmod3Impl.mainlineSplit20 3970 - *563*   WS-2-19B-T-FLD2= (ABCDABCDABCDABZYXWZYXWZYXWZYXWZYXWZYXWZY)
08:01:32.825 [main] INFO  c.c.app.process.impl.Refmod3Impl.mainlineSplit20 3972 - *564*   WS-2-19B-T-FLD3= (XWZYXWZYXWZYXW               N)
08:01:32.825 [main] INFO  c.c.app.process.impl.Refmod3Impl.mainlineSplit20 3993 - *565* WS-2-19B-S       = (ABCDABCDABCDABCDABCDABCDABCDABZYXWZYXWZYXWZYXWZYXWZYXWZYXWZYXWZYXWZYXW)
08:01:32.825 [main] INFO  c.c.app.process.impl.Refmod3Impl.mainlineSplit20 3995 - *566*   WS-2-19B-S-FLD1= (ABCDABCDABCDABCDABCDABCDABCDAB)
08:01:32.826 [main] INFO  c.c.app.process.impl.Refmod3Impl.mainlineSplit20 3997 - *567*   WS-2-19B-S-FLD2= (ZYXWZYXWZYXWZYXWZYXWZYXWZYXWZYXWZYXWZYXW)
08:01:32.826 [main] INFO  c.c.app.process.impl.Refmod3Impl.mainlineSplit20 3999 - *568* WS-2-19B-T-GRP   = (*****    ABCDABCDABCDABCDABCDABCDABCDABZYXWZYXWZYXWZYXWZYXWZYXWZYXWZYXWZYXWZYXW               N)
08:01:32.826 [main] INFO  c.c.app.process.impl.Refmod3Impl.mainlineSplit20 4001 - *569* WS-2-19B-T       = (    ABCDABCDABCDABCDABCDABCDABCDABZYXWZYXWZYXWZYXWZYXWZYXWZYXWZYXWZYXWZYXW               N)
08:01:32.826 [main] INFO  c.c.app.process.impl.Refmod3Impl.mainlineSplit20 4003 - *570*   WS-2-19B-T-FLD1= (    ABCDABCDABCDABCD)
08:01:32.826 [main] INFO  c.c.app.process.impl.Refmod3Impl.mainlineSplit20 4005 - *571*   WS-2-19B-T-FLD2= (ABCDABCDABCDABZYXWZYXWZYXWZYXWZYXWZYXWZY)
08:01:32.826 [main] INFO  c.c.app.process.impl.Refmod3Impl.mainlineSplit20 4007 - *572*   WS-2-19B-T-FLD3= (XWZYXWZYXWZYXW               N)
08:01:32.827 [main] INFO  c.c.app.process.impl.Refmod3Impl.mainlineSplit20 4023 - *573* WS-2-20A-S       = (ABCDABCDABCDABCDABCDABCDABCDABCDABCDABCDABCDABCDABCDABCDABCDABCDABCDAB)
08:01:32.827 [main] INFO  c.c.app.process.impl.Refmod3Impl.mainlineSplit20 4025 - *574* WS-2-20A-T-GRP   = (*****    ABCDABCDABCDABCDABCDABCDABCDABCDABCDABCDABCDABCDABCDABC )
08:01:32.827 [main] INFO  c.c.app.process.impl.Refmod3Impl.mainlineSplit20 4027 - *575* WS-2-20A-T       = (    ABCDABCDABCDABCDABCDABCDABCDABCDABCDABCDABCDABCDABCDABC )
08:01:32.827 [main] INFO  c.c.app.process.impl.Refmod3Impl.mainlineSplit20 4029 - *576*   WS-2-20A-T-FLD1= (    ABCDABCDABCDABCD)
08:01:32.827 [main] INFO  c.c.app.process.impl.Refmod3Impl.mainlineSplit20 4031 - *577*   WS-2-20A-T-FLD2= (ABCDABCDABCDABCDABCDABCDABCDABCDABCDABC )
08:01:32.828 [main] INFO  c.c.app.process.impl.Refmod3Impl.mainlineSplit20 4048 - *578* WS-2-20A-S       = (ABCDABCDABCDABCDABCDABCDABCDABCDABCDABCDABCDABCDABCDABCDABCDABCDABCDAB)
08:01:32.828 [main] INFO  c.c.app.process.impl.Refmod3Impl.mainlineSplit20 4050 - *579* WS-2-20A-T-GRP   = (*****    ABCDABCDABCDABCDABCDABCDABCDABCDABCDABCDABCDABCDABCDABC )
08:01:32.828 [main] INFO  c.c.app.process.impl.Refmod3Impl.mainlineSplit20 4052 - *580* WS-2-20A-T       = (    ABCDABCDABCDABCDABCDABCDABCDABCDABCDABCDABCDABCDABCDABC )
08:01:32.828 [main] INFO  c.c.app.process.impl.Refmod3Impl.mainlineSplit20 4054 - *581*   WS-2-20A-T-FLD1= (    ABCDABCDABCDABCD)
08:01:32.828 [main] INFO  c.c.app.process.impl.Refmod3Impl.mainlineSplit20 4056 - *582*   WS-2-20A-T-FLD2= (ABCDABCDABCDABCDABCDABCDABCDABCDABCDABC )
08:01:32.831 [main] INFO  c.c.app.process.impl.Refmod3Impl.mainlineSplit21 4128 - *583* WS-2-20B-S       = (ABCDABCDABCDABCDABCDABCDABCDABCDABCDABCDABCDABCDABCDABCDABCDABCDABCDAB)
08:01:32.831 [main] INFO  c.c.app.process.impl.Refmod3Impl.mainlineSplit21 4130 - *584* WS-2-20B-T-GRP   = (*****    ABCDABCDABCDABCDABCDABCDABCDABCDABCDABCDABCDABCDABCDABCDABCDABCDABCDAB               N)
08:01:32.831 [main] INFO  c.c.app.process.impl.Refmod3Impl.mainlineSplit21 4132 - *585* WS-2-20B-T       = (    ABCDABCDABCDABCDABCDABCDABCDABCDABCDABCDABCDABCDABCDABCDABCDABCDABCDAB               N)
08:01:32.832 [main] INFO  c.c.app.process.impl.Refmod3Impl.mainlineSplit21 4134 - *586*   WS-2-20B-T-FLD1= (    ABCDABCDABCDABCD)
08:01:32.832 [main] INFO  c.c.app.process.impl.Refmod3Impl.mainlineSplit21 4136 - *587*   WS-2-20B-T-FLD2= (ABCDABCDABCDABCDABCDABCDABCDABCDABCDABCD)
08:01:32.832 [main] INFO  c.c.app.process.impl.Refmod3Impl.mainlineSplit21 4138 - *588*   WS-2-20B-T-FLD3= (ABCDABCDABCDAB               N)
08:01:32.832 [main] INFO  c.c.app.process.impl.Refmod3Impl.mainlineSplit21 4157 - *589* WS-2-20B-S       = (ABCDABCDABCDABCDABCDABCDABCDABCDABCDABCDABCDABCDABCDABCDABCDABCDABCDAB)
08:01:32.832 [main] INFO  c.c.app.process.impl.Refmod3Impl.mainlineSplit21 4159 - *590* WS-2-20B-T-GRP   = (*****    ABCDABCDABCDABCDABCDABCDABCDABCDABCDABCDABCDABCDABCDABCDABCDABCDABCDAB               N)
08:01:32.832 [main] INFO  c.c.app.process.impl.Refmod3Impl.mainlineSplit21 4161 - *591* WS-2-20B-T       = (    ABCDABCDABCDABCDABCDABCDABCDABCDABCDABCDABCDABCDABCDABCDABCDABCDABCDAB               N)
08:01:32.833 [main] INFO  c.c.app.process.impl.Refmod3Impl.mainlineSplit21 4163 - *592*   WS-2-20B-T-FLD1= (    ABCDABCDABCDABCD)
08:01:32.833 [main] INFO  c.c.app.process.impl.Refmod3Impl.mainlineSplit21 4165 - *593*   WS-2-20B-T-FLD2= (ABCDABCDABCDABCDABCDABCDABCDABCDABCDABCD)
08:01:32.833 [main] INFO  c.c.app.process.impl.Refmod3Impl.mainlineSplit21 4167 - *594*   WS-2-20B-T-FLD3= (ABCDABCDABCDAB               N)
08:01:32.833 [main] INFO  c.c.app.process.impl.Refmod3Impl.mainlineSplit21 4186 - *595* WSE-2-1A-S        = (ABCDABCDABCDABCDABCDABCDABCDABZYXWZYXWZYXWZYXWZYXWZYXWZYXWZY)
08:01:32.833 [main] INFO  c.c.app.process.impl.Refmod3Impl.mainlineSplit21 4188 - *596*   WSE-2-1A-S-FLD1 = (ABCDABCDABCDABCDABCDABCDABCDAB)
08:01:32.833 [main] INFO  c.c.app.process.impl.Refmod3Impl.mainlineSplit21 4190 - *597*   WSE-2-1A-S-FLD2 = (ZYXWZYXWZYXWZYXWZYXWZYXWZYXWZY)
08:01:32.834 [main] INFO  c.c.app.process.impl.Refmod3Impl.mainlineSplit21 4192 - *598* WSE-2-1A-T        = (ABCDABCDABCDABCDABCDABCDABCDABZYXWZYXWZYXWZYXWZYXWZYXWZYXWZY)
08:01:32.834 [main] INFO  c.c.app.process.impl.Refmod3Impl.mainlineSplit21 4194 - *599*   WSE-2-1A-T-FLD1 = (ABCDABCDABCDABCDABCD)
08:01:32.834 [main] INFO  c.c.app.process.impl.Refmod3Impl.mainlineSplit21 4196 - *600*   WSE-2-1A-T-FLD2 = (ABCDABCDABZYXWZYXWZYXWZYXWZYXWZYXWZYXWZY)
08:01:32.834 [main] INFO  c.c.app.process.impl.Refmod3Impl.mainlineSplit21 4215 - *601* WSE-2-1B-S        = (ABCDABCDABCDABCDABCDABCDABCDABZYXWZYXWZYXWZYXWZYXWZYXWZYXWZY)
08:01:32.834 [main] INFO  c.c.app.process.impl.Refmod3Impl.mainlineSplit21 4217 - *602*   WSE-2-1B-S-FLD1 = (ABCDABCDABCDABCDABCDABCDABCDAB)
08:01:32.834 [main] INFO  c.c.app.process.impl.Refmod3Impl.mainlineSplit21 4219 - *603*   WSE-2-1B-S-FLD2 = (ZYXWZYXWZYXWZYXWZYXWZYXWZYXWZY)
08:01:32.834 [main] INFO  c.c.app.process.impl.Refmod3Impl.mainlineSplit21 4221 - *604* WSE-2-1B-T        = (ABCDABCDABCDABCDABCDABCDABCDABZYXWZYXWZYXWZYXWZYXWZYXWZYXWZY)
08:01:32.835 [main] INFO  c.c.app.process.impl.Refmod3Impl.mainlineSplit21 4223 - *605*   WSE-2-1B-T-FLD1 = (ABCDABCDAB)
08:01:32.835 [main] INFO  c.c.app.process.impl.Refmod3Impl.mainlineSplit21 4225 - *606*   WSE-2-1B-T-FLD2 = (CDABCDABCDABCDABCDAB)
08:01:32.835 [main] INFO  c.c.app.process.impl.Refmod3Impl.mainlineSplit21 4227 - *607*   WSE-2-1B-T-FLD3 = (ZYXWZYXWZYXWZYXWZYXWZYXWZYXWZY)
08:01:32.835 [main] INFO  c.c.app.process.impl.Refmod3Impl.mainlineSplit21 4242 - *608* WSE-2-2A-S        = (ABCDABCDABCDABCDABCDABCDABCDABCDABCDABCDABCDABCDABCDABCDABCD)
08:01:32.835 [main] INFO  c.c.app.process.impl.Refmod3Impl.mainlineSplit21 4244 - *609* WSE-2-2A-T        = (ABCDABCDABCDABCDABCDABCDABCDABCDABCDABCDABCDABCDABCDABCDABCD)
08:01:32.835 [main] INFO  c.c.app.process.impl.Refmod3Impl.mainlineSplit21 4246 - *610*   WSE-2-2A-T-FLD1 = (ABCDABCDABCDABCDABCD)
08:01:32.836 [main] INFO  c.c.app.process.impl.Refmod3Impl.mainlineSplit21 4248 - *611*   WSE-2-2A-T-FLD2 = (ABCDABCDABCDABCDABCDABCDABCDABCDABCDABCD)
08:01:32.838 [main] INFO  c.c.app.process.impl.Refmod3Impl.mainlineSplit22 4315 - *612* WSE-2-2B-S        = (ABCDABCDABCDABCDABCDABCDABCDABCDABCDABCDABCDABCDABCDABCDABCD)
08:01:32.839 [main] INFO  c.c.app.process.impl.Refmod3Impl.mainlineSplit22 4317 - *613* WSE-2-2B-T        = (ABCDABCDABCDABCDABCDABCDABCDABCDABCDABCDABCDABCDABCDABCDABCD)
08:01:32.839 [main] INFO  c.c.app.process.impl.Refmod3Impl.mainlineSplit22 4319 - *614*   WSE-2-2B-T-FLD1 = (ABCDABCDAB)
08:01:32.839 [main] INFO  c.c.app.process.impl.Refmod3Impl.mainlineSplit22 4321 - *615*   WSE-2-2B-T-FLD2 = (CDABCDABCDABCDABCDAB)
08:01:32.840 [main] INFO  c.c.app.process.impl.Refmod3Impl.mainlineSplit22 4323 - *616*   WSE-2-2B-T-FLD3 = (CDABCDABCDABCDABCDABCDABCDABCD)
08:01:32.840 [main] INFO  c.c.app.process.impl.Refmod3Impl.mainlineSplit22 4340 - *617* WSE-2-3A-S        = (ABCDABCDABCDABCDABCDABCDABCDABZYXWZYXWZYXWZYXWZYXWZYXWZYXWZY)
08:01:32.840 [main] INFO  c.c.app.process.impl.Refmod3Impl.mainlineSplit22 4342 - *618*   WSE-2-3A-S-FLD1 = (ABCDABCDABCDABCDABCDABCDABCDAB)
08:01:32.840 [main] INFO  c.c.app.process.impl.Refmod3Impl.mainlineSplit22 4344 - *619*   WSE-2-3A-S-FLD2 = (ZYXWZYXWZYXWZYXWZYXWZYXWZYXWZY)
08:01:32.840 [main] INFO  c.c.app.process.impl.Refmod3Impl.mainlineSplit22 4346 - *620* WSE-2-3A-T        = (ABCDABCDABCDABCDABCDABCDABCDABZYXWZYXWZYXWZYXWZYXWZYXWZYXWZY)
08:01:32.841 [main] INFO  c.c.app.process.impl.Refmod3Impl.mainlineSplit22 4348 - *621*   WSE-2-3A-T-FLD1 = (ABCDABCDABCDABCDABCD)
08:01:32.841 [main] INFO  c.c.app.process.impl.Refmod3Impl.mainlineSplit22 4350 - *622*   WSE-2-3A-T-FLD2 = (ABCDABCDABZYXWZYXWZYXWZYXWZYXWZYXWZYXWZY)
08:01:32.841 [main] INFO  c.c.app.process.impl.Refmod3Impl.mainlineSplit22 4369 - *623* WSE-2-3B-S        = (ABCDABCDABCDABCDABCDABCDABCDABZYXWZYXWZYXWZYXWZYXWZYXWZYXWZY)
08:01:32.841 [main] INFO  c.c.app.process.impl.Refmod3Impl.mainlineSplit22 4371 - *624*   WSE-2-3B-S-FLD1 = (ABCDABCDABCDABCDABCDABCDABCDAB)
08:01:32.841 [main] INFO  c.c.app.process.impl.Refmod3Impl.mainlineSplit22 4373 - *625*   WSE-2-3B-S-FLD2 = (ZYXWZYXWZYXWZYXWZYXWZYXWZYXWZY)
08:01:32.841 [main] INFO  c.c.app.process.impl.Refmod3Impl.mainlineSplit22 4375 - *626* WSE-2-3B-T        = (ABCDABCDABCDABCDABCDABCDABCDABZYXWZYXWZYXWZYXWZYXWZYXWZYXWZY)
08:01:32.842 [main] INFO  c.c.app.process.impl.Refmod3Impl.mainlineSplit22 4377 - *627*   WSE-2-3B-T-FLD1 = (ABCDABCDAB)
08:01:32.842 [main] INFO  c.c.app.process.impl.Refmod3Impl.mainlineSplit22 4379 - *628*   WSE-2-3B-T-FLD2 = (CDABCDABCDABCDABCDAB)
08:01:32.842 [main] INFO  c.c.app.process.impl.Refmod3Impl.mainlineSplit22 4381 - *629*   WSE-2-3B-T-FLD3 = (ZYXWZYXWZYXWZYXWZYXWZYXWZYXWZY)
08:01:32.842 [main] INFO  c.c.app.process.impl.Refmod3Impl.mainlineSplit22 4396 - *630* WSE-2-4A-S        = (ABCDABCDABCDABCDABCDABCDABCDABCDABCDABCDABCDABCDABCDABCDABCD)
08:01:32.842 [main] INFO  c.c.app.process.impl.Refmod3Impl.mainlineSplit22 4398 - *631* WSE-2-4A-T        = (ABCDABCDABCDABCDABCDABCDABCDABCDABCDABCDABCDABCDABCDABCDABCD)
08:01:32.843 [main] INFO  c.c.app.process.impl.Refmod3Impl.mainlineSplit22 4400 - *632*   WSE-2-4A-T-FLD1 = (ABCDABCDABCDABCDABCD)
08:01:32.843 [main] INFO  c.c.app.process.impl.Refmod3Impl.mainlineSplit22 4402 - *633*   WSE-2-4A-T-FLD2 = (ABCDABCDABCDABCDABCDABCDABCDABCDABCDABCD)
08:01:32.843 [main] INFO  c.c.app.process.impl.Refmod3Impl.mainlineSplit22 4419 - *634* WSE-2-4B-S        = (ABCDABCDABCDABCDABCDABCDABCDABCDABCDABCDABCDABCDABCDABCDABCD)
08:01:32.843 [main] INFO  c.c.app.process.impl.Refmod3Impl.mainlineSplit22 4421 - *635* WSE-2-4B-T        = (ABCDABCDABCDABCDABCDABCDABCDABCDABCDABCDABCDABCDABCDABCDABCD)
08:01:32.843 [main] INFO  c.c.app.process.impl.Refmod3Impl.mainlineSplit22 4423 - *636*   WSE-2-4B-T-FLD1 = (ABCDABCDAB)
08:01:32.843 [main] INFO  c.c.app.process.impl.Refmod3Impl.mainlineSplit22 4425 - *637*   WSE-2-4B-T-FLD2 = (CDABCDABCDABCDABCDAB)
08:01:32.844 [main] INFO  c.c.app.process.impl.Refmod3Impl.mainlineSplit22 4427 - *638*   WSE-2-4B-T-FLD3 = (CDABCDABCDABCDABCDABCDABCDABCD)
08:01:32.844 [main] INFO  c.c.app.process.impl.Refmod3Impl.mainlineSplit22 4444 - *639* WSE-2-1A-S        = (ABCDABCDABCDABCDABCDABCDABCDABZYXWZYXWZYXWZYXWZYXWZYXWZYXWZY)
08:01:32.844 [main] INFO  c.c.app.process.impl.Refmod3Impl.mainlineSplit22 4446 - *640*   WSE-2-1A-S-FLD1 = (ABCDABCDABCDABCDABCDABCDABCDAB)
08:01:32.844 [main] INFO  c.c.app.process.impl.Refmod3Impl.mainlineSplit22 4448 - *641*   WSE-2-1A-S-FLD2 = (ZYXWZYXWZYXWZYXWZYXWZYXWZYXWZY)
08:01:32.844 [main] INFO  c.c.app.process.impl.Refmod3Impl.mainlineSplit22 4450 - *642* WSE-2-1A-T        = (    CDABCDABCDABCDABCDABCDABCDABZYXWZYXWZYXWZYXWZYXWZYXWZYX )
08:01:32.845 [main] INFO  c.c.app.process.impl.Refmod3Impl.mainlineSplit23 4507 - *643*   WSE-2-1A-T-FLD1 = (    CDABCDABCDABCDAB)
08:01:32.846 [main] INFO  c.c.app.process.impl.Refmod3Impl.mainlineSplit23 4509 - *644*   WSE-2-1A-T-FLD2 = (CDABCDABCDABZYXWZYXWZYXWZYXWZYXWZYXWZYX )
08:01:32.846 [main] INFO  c.c.app.process.impl.Refmod3Impl.mainlineSplit23 4528 - *645* WSE-2-1B-S        = (ABCDABCDABCDABCDABCDABCDABCDABZYXWZYXWZYXWZYXWZYXWZYXWZYXWZY)
08:01:32.846 [main] INFO  c.c.app.process.impl.Refmod3Impl.mainlineSplit23 4530 - *646*   WSE-2-1B-S-FLD1 = (ABCDABCDABCDABCDABCDABCDABCDAB)
08:01:32.847 [main] INFO  c.c.app.process.impl.Refmod3Impl.mainlineSplit23 4532 - *647*   WSE-2-1B-S-FLD2 = (ZYXWZYXWZYXWZYXWZYXWZYXWZYXWZY)
08:01:32.847 [main] INFO  c.c.app.process.impl.Refmod3Impl.mainlineSplit23 4534 - *648* WSE-2-1B-T        = (    CDABCDABCDABCDABCDABCDABCDABZYXWZYXWZYXWZYXWZYXWZYXWZYXN)
08:01:32.847 [main] INFO  c.c.app.process.impl.Refmod3Impl.mainlineSplit23 4536 - *649*   WSE-2-1B-T-FLD1 = (    CDABCD)
08:01:32.847 [main] INFO  c.c.app.process.impl.Refmod3Impl.mainlineSplit23 4538 - *650*   WSE-2-1B-T-FLD2 = (ABCDABCDABCDABCDABCD)
08:01:32.847 [main] INFO  c.c.app.process.impl.Refmod3Impl.mainlineSplit23 4540 - *651*   WSE-2-1B-T-FLD3 = (ABZYXWZYXWZYXWZYXWZYXWZYXWZYXN)
08:01:32.847 [main] INFO  c.c.app.process.impl.Refmod3Impl.mainlineSplit23 4555 - *652* WSE-2-2A-S        = (ABCDABCDABCDABCDABCDABCDABCDABCDABCDABCDABCDABCDABCDABCDABCD)
08:01:32.847 [main] INFO  c.c.app.process.impl.Refmod3Impl.mainlineSplit23 4557 - *653* WSE-2-2A-T        = (    CDABCDABCDABCDABCDABCDABCDABCDABCDABCDABCDABCDABCDABCDA )
08:01:32.848 [main] INFO  c.c.app.process.impl.Refmod3Impl.mainlineSplit23 4559 - *654*   WSE-2-2A-T-FLD1 = (    CDABCDABCDABCDAB)
08:01:32.848 [main] INFO  c.c.app.process.impl.Refmod3Impl.mainlineSplit23 4561 - *655*   WSE-2-2A-T-FLD2 = (CDABCDABCDABCDABCDABCDABCDABCDABCDABCDA )
08:01:32.848 [main] INFO  c.c.app.process.impl.Refmod3Impl.mainlineSplit23 4578 - *656* WSE-2-2B-S        = (ABCDABCDABCDABCDABCDABCDABCDABCDABCDABCDABCDABCDABCDABCDABCD)
08:01:32.848 [main] INFO  c.c.app.process.impl.Refmod3Impl.mainlineSplit23 4580 - *657* WSE-2-2B-T        = (    CDABCDABCDABCDABCDABCDABCDABCDABCDABCDABCDABCDABCDABCDAN)
08:01:32.848 [main] INFO  c.c.app.process.impl.Refmod3Impl.mainlineSplit23 4582 - *658*   WSE-2-2B-T-FLD1 = (    CDABCD)
08:01:32.848 [main] INFO  c.c.app.process.impl.Refmod3Impl.mainlineSplit23 4584 - *659*   WSE-2-2B-T-FLD2 = (ABCDABCDABCDABCDABCD)
08:01:32.849 [main] INFO  c.c.app.process.impl.Refmod3Impl.mainlineSplit23 4586 - *660*   WSE-2-2B-T-FLD3 = (ABCDABCDABCDABCDABCDABCDABCDAN)
08:01:32.849 [main] INFO  c.c.app.process.impl.Refmod3Impl.mainlineSplit23 4603 - *661* WSE-2-3A-S        = (ABCDABCDABCDABCDABCDABCDABCDABZYXWZYXWZYXWZYXWZYXWZYXWZYXWZY)
08:01:32.849 [main] INFO  c.c.app.process.impl.Refmod3Impl.mainlineSplit23 4605 - *662*   WSE-2-3A-S-FLD1 = (ABCDABCDABCDABCDABCDABCDABCDAB)
08:01:32.849 [main] INFO  c.c.app.process.impl.Refmod3Impl.mainlineSplit23 4607 - *663*   WSE-2-3A-S-FLD2 = (ZYXWZYXWZYXWZYXWZYXWZYXWZYXWZY)
08:01:32.849 [main] INFO  c.c.app.process.impl.Refmod3Impl.mainlineSplit23 4609 - *664* WSE-2-3A-T        = (    ABCDABCDABCDABCDABCDABCDABCDABZYXWZYXWZYXWZYXWZYXWZYXWZ )
08:01:32.849 [main] INFO  c.c.app.process.impl.Refmod3Impl.mainlineSplit23 4611 - *665*   WSE-2-3A-T-FLD1 = (    ABCDABCDABCDABCD)
08:01:32.850 [main] INFO  c.c.app.process.impl.Refmod3Impl.mainlineSplit23 4613 - *666*   WSE-2-3A-T-FLD2 = (ABCDABCDABCDABZYXWZYXWZYXWZYXWZYXWZYXWZ )
08:01:32.850 [main] INFO  c.c.app.process.impl.Refmod3Impl.mainlineSplit23 4632 - *667* WSE-2-3B-S        = (ABCDABCDABCDABCDABCDABCDABCDABZYXWZYXWZYXWZYXWZYXWZYXWZYXWZY)
08:01:32.850 [main] INFO  c.c.app.process.impl.Refmod3Impl.mainlineSplit23 4634 - *668*   WSE-2-3B-S-FLD1 = (ABCDABCDABCDABCDABCDABCDABCDAB)
08:01:32.850 [main] INFO  c.c.app.process.impl.Refmod3Impl.mainlineSplit23 4636 - *669*   WSE-2-3B-S-FLD2 = (ZYXWZYXWZYXWZYXWZYXWZYXWZYXWZY)
08:01:32.850 [main] INFO  c.c.app.process.impl.Refmod3Impl.mainlineSplit23 4638 - *670* WSE-2-3B-T        = (    ABCDABCDABCDABCDABCDABCDABCDABZYXWZYXWZYXWZYXWZYXWZYXWZN)
08:01:32.851 [main] INFO  c.c.app.process.impl.Refmod3Impl.mainlineSplit23 4640 - *671*   WSE-2-3B-T-FLD1 = (    ABCDAB)
08:01:32.851 [main] INFO  c.c.app.process.impl.Refmod3Impl.mainlineSplit23 4642 - *672*   WSE-2-3B-T-FLD2 = (CDABCDABCDABCDABCDAB)
08:01:32.853 [main] INFO  c.c.app.process.impl.Refmod3Impl.mainlineSplit24 4699 - *673*   WSE-2-3B-T-FLD3 = (CDABZYXWZYXWZYXWZYXWZYXWZYXWZN)
08:01:32.853 [main] INFO  c.c.app.process.impl.Refmod3Impl.mainlineSplit24 4714 - *674* WSE-2-4A-S        = (ABCDABCDABCDABCDABCDABCDABCDABCDABCDABCDABCDABCDABCDABCDABCD)
08:01:32.853 [main] INFO  c.c.app.process.impl.Refmod3Impl.mainlineSplit24 4716 - *675* WSE-2-4A-T        = (    ABCDABCDABCDABCDABCDABCDABCDABCDABCDABCDABCDABCDABCDABC )
08:01:32.854 [main] INFO  c.c.app.process.impl.Refmod3Impl.mainlineSplit24 4718 - *676*   WSE-2-4A-T-FLD1 = (    ABCDABCDABCDABCD)
08:01:32.854 [main] INFO  c.c.app.process.impl.Refmod3Impl.mainlineSplit24 4720 - *677*   WSE-2-4A-T-FLD2 = (ABCDABCDABCDABCDABCDABCDABCDABCDABCDABC )
08:01:32.854 [main] INFO  c.c.app.process.impl.Refmod3Impl.mainlineSplit24 4737 - *678* WSE-2-4B-S        = (ABCDABCDABCDABCDABCDABCDABCDABCDABCDABCDABCDABCDABCDABCDABCD)
08:01:32.854 [main] INFO  c.c.app.process.impl.Refmod3Impl.mainlineSplit24 4739 - *679* WSE-2-4B-T        = (    ABCDABCDABCDABCDABCDABCDABCDABCDABCDABCDABCDABCDABCDABCN)
08:01:32.854 [main] INFO  c.c.app.process.impl.Refmod3Impl.mainlineSplit24 4741 - *680*   WSE-2-4B-T-FLD1 = (    ABCDAB)
08:01:32.854 [main] INFO  c.c.app.process.impl.Refmod3Impl.mainlineSplit24 4743 - *681*   WSE-2-4B-T-FLD2 = (CDABCDABCDABCDABCDAB)
08:01:32.855 [main] INFO  c.c.app.process.impl.Refmod3Impl.mainlineSplit24 4745 - *682*   WSE-2-4B-T-FLD3 = (CDABCDABCDABCDABCDABCDABCDABCN)
08:01:32.855 [main] INFO  c.c.app.process.impl.Refmod3Impl.mainlineSplit24 4762 - *683* WSE-2-5A-S-GRP    = (***ABCDABCDABCDABCDABCDABCDABCDABZYXWZYXWZYXWZYXWZYXWZYXWZYXWZY)
08:01:32.855 [main] INFO  c.c.app.process.impl.Refmod3Impl.mainlineSplit24 4764 - *684* WSE-2-5A-S        = (ABCDABCDABCDABCDABCDABCDABCDABZYXWZYXWZYXWZYXWZYXWZYXWZYXWZY)
08:01:32.855 [main] INFO  c.c.app.process.impl.Refmod3Impl.mainlineSplit24 4766 - *685*   WSE-2-5A-S-FLD1 = (ABCDABCDABCDABCDABCDABCDABCDAB)
08:01:32.855 [main] INFO  c.c.app.process.impl.Refmod3Impl.mainlineSplit24 4768 - *686*   WSE-2-5A-S-FLD2 = (ZYXWZYXWZYXWZYXWZYXWZYXWZYXWZY)
08:01:32.855 [main] INFO  c.c.app.process.impl.Refmod3Impl.mainlineSplit24 4770 - *687* WSE-2-5A-T        = (ABCDABCDABCDABCDABCDABCDABCDABZYXWZYXWZYXWZYXWZYXWZYXWZYXWZY)
08:01:32.856 [main] INFO  c.c.app.process.impl.Refmod3Impl.mainlineSplit24 4772 - *688*   WSE-2-5A-T-FLD1 = (ABCDABCDABCDABCDABCD)
08:01:32.856 [main] INFO  c.c.app.process.impl.Refmod3Impl.mainlineSplit24 4774 - *689*   WSE-2-5A-T-FLD2 = (ABCDABCDABZYXWZYXWZYXWZYXWZYXWZYXWZYXWZY)
08:01:32.856 [main] INFO  c.c.app.process.impl.Refmod3Impl.mainlineSplit24 4793 - *690* WSE-2-5B-S-GRP    = (***ABCDABCDABCDABCDABCDABCDABCDABZYXWZYXWZYXWZYXWZYXWZYXWZYXWZY)
08:01:32.856 [main] INFO  c.c.app.process.impl.Refmod3Impl.mainlineSplit24 4795 - *691* WSE-2-5B-S        = (ABCDABCDABCDABCDABCDABCDABCDABZYXWZYXWZYXWZYXWZYXWZYXWZYXWZY)
08:01:32.856 [main] INFO  c.c.app.process.impl.Refmod3Impl.mainlineSplit24 4797 - *692*   WSE-2-5B-S-FLD1 = (ABCDABCDABCDABCDABCDABCDABCDAB)
08:01:32.856 [main] INFO  c.c.app.process.impl.Refmod3Impl.mainlineSplit24 4799 - *693*   WSE-2-5B-S-FLD2 = (ZYXWZYXWZYXWZYXWZYXWZYXWZYXWZY)
08:01:32.857 [main] INFO  c.c.app.process.impl.Refmod3Impl.mainlineSplit24 4801 - *694* WSE-2-5B-T        = (ABCDABCDABCDABCDABCDABCDABCDABZYXWZYXWZYXWZYXWZYXWZYXWZYXWZY                              )
08:01:32.857 [main] INFO  c.c.app.process.impl.Refmod3Impl.mainlineSplit24 4803 - *695*   WSE-2-5B-T-FLD1 = (ABCDABCDABCDABCDABCD)
08:01:32.857 [main] INFO  c.c.app.process.impl.Refmod3Impl.mainlineSplit24 4805 - *696*   WSE-2-5B-T-FLD2 = (ABCDABCDABZYXWZYXWZYXWZYXWZYXWZYXWZYXWZY)
08:01:32.857 [main] INFO  c.c.app.process.impl.Refmod3Impl.mainlineSplit24 4807 - *697*   WSE-2-5B-T-FLD3 = (                              )
08:01:32.857 [main] INFO  c.c.app.process.impl.Refmod3Impl.mainlineSplit24 4822 - *698* WSE-2-6A-S-GRP    = (***ABCDABCDABCDABCDABCDABCDABCDABCDABCDABCDABCDABCDABCDABCDABCD)
08:01:32.857 [main] INFO  c.c.app.process.impl.Refmod3Impl.mainlineSplit24 4824 - *699* WSE-2-6A-S        = (ABCDABCDABCDABCDABCDABCDABCDABCDABCDABCDABCDABCDABCDABCDABCD)
08:01:32.857 [main] INFO  c.c.app.process.impl.Refmod3Impl.mainlineSplit24 4826 - *700* WSE-2-6A-T        = (ABCDABCDABCDABCDABCDABCDABCDABCDABCDABCDABCDABCDABCDABCDABCD)
08:01:32.858 [main] INFO  c.c.app.process.impl.Refmod3Impl.mainlineSplit24 4828 - *701*   WSE-2-6A-T-FLD1 = (ABCDABCDABCDABCDABCD)
08:01:32.858 [main] INFO  c.c.app.process.impl.Refmod3Impl.mainlineSplit24 4830 - *702*   WSE-2-6A-T-FLD2 = (ABCDABCDABCDABCDABCDABCDABCDABCDABCDABCD)
08:01:32.860 [main] INFO  c.c.app.process.impl.Refmod3Impl.mainlineSplit25 4907 - *703* WSE-2-6B-S-GRP    = (***ABCDABCDABCDABCDABCDABCDABCDABCDABCDABCDABCDABCDABCDABCDABCD)
08:01:32.860 [main] INFO  c.c.app.process.impl.Refmod3Impl.mainlineSplit25 4909 - *704* WSE-2-6B-S        = (ABCDABCDABCDABCDABCDABCDABCDABCDABCDABCDABCDABCDABCDABCDABCD)
08:01:32.860 [main] INFO  c.c.app.process.impl.Refmod3Impl.mainlineSplit25 4911 - *705* WSE-2-6B-T        = (ABCDABCDABCDABCDABCDABCDABCDABCDABCDABCDABCDABCDABCDABCDABCD)
08:01:32.860 [main] INFO  c.c.app.process.impl.Refmod3Impl.mainlineSplit25 4913 - *706*   WSE-2-6B-T-FLD1 = (ABCDABCDAB)
08:01:32.861 [main] INFO  c.c.app.process.impl.Refmod3Impl.mainlineSplit25 4915 - *707*   WSE-2-6B-T-FLD2 = (CDABCDABCDABCDABCDAB)
08:01:32.861 [main] INFO  c.c.app.process.impl.Refmod3Impl.mainlineSplit25 4917 - *708*   WSE-2-6B-T-FLD3 = (CDABCDABCDABCDABCDABCDABCDABCD)
08:01:32.861 [main] INFO  c.c.app.process.impl.Refmod3Impl.mainlineSplit25 4934 - *709* WSE-2-7A-S        = (ABCDABCDABCDABCDABCDABCDABCDABZYXWZYXWZYXWZYXWZYXWZYXWZYXWZY)
08:01:32.861 [main] INFO  c.c.app.process.impl.Refmod3Impl.mainlineSplit25 4936 - *710*   WSE-2-7A-S-FLD1 = (ABCDABCDABCDABCDABCDABCDABCDAB)
08:01:32.861 [main] INFO  c.c.app.process.impl.Refmod3Impl.mainlineSplit25 4938 - *711*   WSE-2-7A-S-FLD2 = (ZYXWZYXWZYXWZYXWZYXWZYXWZYXWZY)
08:01:32.862 [main] INFO  c.c.app.process.impl.Refmod3Impl.mainlineSplit25 4940 - *712* WSE-2-7A-T-GRP    = (*****ABCDABCDABCDABCDABCDABCDABCDABZYXWZYXWZYXWZYXWZYXWZYXWZYXWZY)
08:01:32.864 [main] INFO  c.c.app.process.impl.Refmod3Impl.mainlineSplit25 4942 - *713* WSE-2-7A-T        = (ABCDABCDABCDABCDABCDABCDABCDABZYXWZYXWZYXWZYXWZYXWZYXWZYXWZY)
08:01:32.864 [main] INFO  c.c.app.process.impl.Refmod3Impl.mainlineSplit25 4944 - *714*   WSE-2-7A-T-FLD1 = (ABCDABCDABCDABCDABCDABCDABCDAB)
08:01:32.865 [main] INFO  c.c.app.process.impl.Refmod3Impl.mainlineSplit25 4946 - *715*   WSE-2-7A-T-FLD2 = (ZYXWZYXWZYXWZYXWZYXWZYXWZYXWZY)
08:01:32.865 [main] INFO  c.c.app.process.impl.Refmod3Impl.mainlineSplit25 4965 - *716* WSE-2-7B-S        = (ABCDABCDABCDABCDABCDABCDABCDABZYXWZYXWZYXWZYXWZYXWZYXWZYXWZY)
08:01:32.865 [main] INFO  c.c.app.process.impl.Refmod3Impl.mainlineSplit25 4967 - *717*   WSE-2-7B-S-FLD1 = (ABCDABCDABCDABCDABCDABCDABCDAB)
08:01:32.865 [main] INFO  c.c.app.process.impl.Refmod3Impl.mainlineSplit25 4969 - *718*   WSE-2-7B-S-FLD2 = (ZYXWZYXWZYXWZYXWZYXWZYXWZYXWZY)
08:01:32.865 [main] INFO  c.c.app.process.impl.Refmod3Impl.mainlineSplit25 4971 - *719* WSE-2-7B-T-GRP    = (*****ABCDABCDABCDABCDABCDABCDABCDABZYXWZYXWZYXWZYXWZYXWZYXWZYXWZY)
08:01:32.867 [main] INFO  c.c.app.process.impl.Refmod3Impl.mainlineSplit25 4973 - *720* WSE-2-7B-T        = (ABCDABCDABCDABCDABCDABCDABCDABZYXWZYXWZYXWZYXWZYXWZYXWZYXWZY)
08:01:32.867 [main] INFO  c.c.app.process.impl.Refmod3Impl.mainlineSplit25 4975 - *721*   WSE-2-7B-T-FLD1 = (ABCDABCDAB)
08:01:32.868 [main] INFO  c.c.app.process.impl.Refmod3Impl.mainlineSplit25 4977 - *722*   WSE-2-7B-T-FLD2 = (CDABCDABCDABCDABCDAB)
08:01:32.868 [main] INFO  c.c.app.process.impl.Refmod3Impl.mainlineSplit25 4979 - *723*   WSE-2-7B-T-FLD3 = (ZYXWZYXWZYXWZYXWZYXWZYXWZYXWZY)
08:01:32.868 [main] INFO  c.c.app.process.impl.Refmod3Impl.mainlineSplit25 4994 - *724* WSE-2-8A-S        = (ABCDABCDABCDABCDABCDABCDABCDABCDABCDABCDABCDABCDABCDABCDABCD)
08:01:32.868 [main] INFO  c.c.app.process.impl.Refmod3Impl.mainlineSplit25 4996 - *725* WSE-2-8A-T-GRP    = (*****ABCDABCDABCDABCDABCDABCDABCDABCDABCDABCDABCDABCDABCDABCDABCD)
08:01:32.868 [main] INFO  c.c.app.process.impl.Refmod3Impl.mainlineSplit25 4998 - *726* WSE-2-8A-T        = (ABCDABCDABCDABCDABCDABCDABCDABCDABCDABCDABCDABCDABCDABCDABCD)
08:01:32.868 [main] INFO  c.c.app.process.impl.Refmod3Impl.mainlineSplit25 5000 - *727*   WSE-2-8A-T-FLD1 = (ABCDABCDABCDABCDABCDABCDABCDAB)
08:01:32.869 [main] INFO  c.c.app.process.impl.Refmod3Impl.mainlineSplit25 5002 - *728*   WSE-2-8A-T-FLD2 = (CDABCDABCDABCDABCDABCDABCDABCD)
08:01:32.869 [main] INFO  c.c.app.process.impl.Refmod3Impl.mainlineSplit25 5019 - *729* WSE-2-8B-S        = (ABCDABCDABCDABCDABCDABCDABCDABCDABCDABCDABCDABCDABCDABCDABCD)
08:01:32.869 [main] INFO  c.c.app.process.impl.Refmod3Impl.mainlineSplit25 5021 - *730* WSE-2-8B-T-GRP    = (*****ABCDABCDABCDABCDABCDABCDABCDABCDABCDABCDABCDABCDABCDABCDABCD)
08:01:32.869 [main] INFO  c.c.app.process.impl.Refmod3Impl.mainlineSplit25 5023 - *731* WSE-2-8B-T        = (ABCDABCDABCDABCDABCDABCDABCDABCDABCDABCDABCDABCDABCDABCDABCD)
08:01:32.869 [main] INFO  c.c.app.process.impl.Refmod3Impl.mainlineSplit25 5025 - *732*   WSE-2-8B-T-FLD1 = (ABCDABCDAB)
08:01:32.870 [main] INFO  c.c.app.process.impl.Refmod3Impl.mainlineSplit25 5027 - *733*   WSE-2-8B-T-FLD2 = (CDABCDABCDABCDABCDAB)
08:01:32.870 [main] INFO  c.c.app.process.impl.Refmod3Impl.mainlineSplit25 5029 - *734*   WSE-2-8B-T-FLD3 = (CDABCDABCDABCDABCDABCDABCDABCD)
08:01:32.872 [main] INFO  c.c.app.process.impl.Refmod3Impl.mainlineSplit26 5106 - *735* WSE-2-9A-S-GRP    = (***ABCDABCDABCDABCDABCDABCDABCDABZYXWZYXWZYXWZYXWZYXWZYXWZYXWZY)
08:01:32.872 [main] INFO  c.c.app.process.impl.Refmod3Impl.mainlineSplit26 5108 - *736* WSE-2-9A-S        = (ABCDABCDABCDABCDABCDABCDABCDABZYXWZYXWZYXWZYXWZYXWZYXWZYXWZY)
08:01:32.873 [main] INFO  c.c.app.process.impl.Refmod3Impl.mainlineSplit26 5110 - *737*   WSE-2-9A-S-FLD1 = (ABCDABCDABCDABCDABCDABCDABCDAB)
08:01:32.873 [main] INFO  c.c.app.process.impl.Refmod3Impl.mainlineSplit26 5112 - *738*   WSE-2-9A-S-FLD2 = (ZYXWZYXWZYXWZYXWZYXWZYXWZYXWZY)
08:01:32.873 [main] INFO  c.c.app.process.impl.Refmod3Impl.mainlineSplit26 5114 - *739* WSE-2-9A-T-GRP    = (*****ABCDABCDABCDABCDABCDABCDABCDABZYXWZYXWZYXWZYXWZYXWZYXWZYXWZY)
08:01:32.873 [main] INFO  c.c.app.process.impl.Refmod3Impl.mainlineSplit26 5116 - *740* WSE-2-9A-T        = (ABCDABCDABCDABCDABCDABCDABCDABZYXWZYXWZYXWZYXWZYXWZYXWZYXWZY)
08:01:32.873 [main] INFO  c.c.app.process.impl.Refmod3Impl.mainlineSplit26 5118 - *741*   WSE-2-9A-T-FLD1 = (ABCDABCDABCDABCDABCDABCDABCDAB)
08:01:32.873 [main] INFO  c.c.app.process.impl.Refmod3Impl.mainlineSplit26 5120 - *742*   WSE-2-9A-T-FLD2 = (ZYXWZYXWZYXWZYXWZYXWZYXWZYXWZY)
08:01:32.874 [main] INFO  c.c.app.process.impl.Refmod3Impl.mainlineSplit26 5140 - *743* WSE-2-9B-S-GRP    = (***ABCDABCDABCDABCDABCDABCDABCDABZYXWZYXWZYXWZYXWZYXWZYXWZYXWZY)
08:01:32.874 [main] INFO  c.c.app.process.impl.Refmod3Impl.mainlineSplit26 5142 - *744* WSE-2-9B-S        = (ABCDABCDABCDABCDABCDABCDABCDABZYXWZYXWZYXWZYXWZYXWZYXWZYXWZY)
08:01:32.874 [main] INFO  c.c.app.process.impl.Refmod3Impl.mainlineSplit26 5144 - *745*   WSE-2-9B-S-FLD1 = (ABCDABCDABCDABCDABCDABCDABCDAB)
08:01:32.874 [main] INFO  c.c.app.process.impl.Refmod3Impl.mainlineSplit26 5146 - *746*   WSE-2-9B-S-FLD2 = (ZYXWZYXWZYXWZYXWZYXWZYXWZYXWZY)
08:01:32.875 [main] INFO  c.c.app.process.impl.Refmod3Impl.mainlineSplit26 5148 - *747* WSE-2-9B-T-GRP    = (*****ABCDABCDABCDABCDABCDABCDABCDABZYXWZYXWZYXWZYXWZYXWZYXWZYXWZY)
08:01:32.875 [main] INFO  c.c.app.process.impl.Refmod3Impl.mainlineSplit26 5150 - *748* WSE-2-9B-T        = (ABCDABCDABCDABCDABCDABCDABCDABZYXWZYXWZYXWZYXWZYXWZYXWZYXWZY)
08:01:32.875 [main] INFO  c.c.app.process.impl.Refmod3Impl.mainlineSplit26 5152 - *749*   WSE-2-9B-T-FLD1 = (ABCDABCDAB)
08:01:32.875 [main] INFO  c.c.app.process.impl.Refmod3Impl.mainlineSplit26 5154 - *750*   WSE-2-9B-T-FLD2 = (CDABCDABCDABCDABCDAB)
08:01:32.875 [main] INFO  c.c.app.process.impl.Refmod3Impl.mainlineSplit26 5156 - *751*   WSE-2-9B-T-FLD3 = (ZYXWZYXWZYXWZYXWZYXWZYXWZYXWZY)
08:01:32.876 [main] INFO  c.c.app.process.impl.Refmod3Impl.mainlineSplit26 5172 - *752* WSE-2-10A-S-GRP   = (***ABCDABCDABCDABCDABCDABCDABCDABCDABCDABCDABCDABCDABCDABCDABCD)
08:01:32.876 [main] INFO  c.c.app.process.impl.Refmod3Impl.mainlineSplit26 5174 - *753* WSE-2-10A-S       = (ABCDABCDABCDABCDABCDABCDABCDABCDABCDABCDABCDABCDABCDABCDABCD)
08:01:32.876 [main] INFO  c.c.app.process.impl.Refmod3Impl.mainlineSplit26 5176 - *754* WSE-2-10A-T-GRP   = (*****ABCDABCDABCDABCDABCDABCDABCDABCDABCDABCDABCDABCDABCDABCDABCD)
08:01:32.876 [main] INFO  c.c.app.process.impl.Refmod3Impl.mainlineSplit26 5178 - *755* WSE-2-10A-T       = (ABCDABCDABCDABCDABCDABCDABCDABCDABCDABCDABCDABCDABCDABCDABCD)
08:01:32.876 [main] INFO  c.c.app.process.impl.Refmod3Impl.mainlineSplit26 5180 - *756*   WSE-2-10A-T-FLD1= (ABCDABCDABCDABCDABCDABCDABCDAB)
08:01:32.876 [main] INFO  c.c.app.process.impl.Refmod3Impl.mainlineSplit26 5182 - *757*   WSE-2-10A-T-FLD2= (CDABCDABCDABCDABCDABCDABCDABCD)
08:01:32.877 [main] INFO  c.c.app.process.impl.Refmod3Impl.mainlineSplit26 5200 - *758* WSE-2-10B-S-GRP   = (***ABCDABCDABCDABCDABCDABCDABCDABCDABCDABCDABCDABCDABCDABCDABCD)
08:01:32.877 [main] INFO  c.c.app.process.impl.Refmod3Impl.mainlineSplit26 5202 - *759* WSE-2-10B-S       = (ABCDABCDABCDABCDABCDABCDABCDABCDABCDABCDABCDABCDABCDABCDABCD)
08:01:32.877 [main] INFO  c.c.app.process.impl.Refmod3Impl.mainlineSplit26 5204 - *760* WSE-2-10B-T-GRP   = (*****ABCDABCDABCDABCDABCDABCDABCDABCDABCDABCDABCDABCDABCDABCDABCD)
08:01:32.877 [main] INFO  c.c.app.process.impl.Refmod3Impl.mainlineSplit26 5206 - *761* WSE-2-10B-T       = (ABCDABCDABCDABCDABCDABCDABCDABCDABCDABCDABCDABCDABCDABCDABCD)
08:01:32.877 [main] INFO  c.c.app.process.impl.Refmod3Impl.mainlineSplit26 5208 - *762*   WSE-2-10B-T-FLD1= (ABCDABCDAB)
08:01:32.878 [main] INFO  c.c.app.process.impl.Refmod3Impl.mainlineSplit26 5210 - *763*   WSE-2-10B-T-FLD2= (CDABCDABCDABCDABCDAB)
08:01:32.878 [main] INFO  c.c.app.process.impl.Refmod3Impl.mainlineSplit26 5212 - *764*   WSE-2-10B-T-FLD3= (CDABCDABCDABCDABCDABCDABCDABCD)
08:01:32.878 [main] INFO  c.c.app.process.impl.Refmod3Impl.mainlineSplit26 5229 - *765* WSE-2-11A-S       = (ABCDABCDABCDABCDABCDABCDABCDABZYXWZYXWZYXWZYXWZYXWZYXWZYXWZY)
08:01:32.878 [main] INFO  c.c.app.process.impl.Refmod3Impl.mainlineSplit26 5231 - *766*   WSE-2-11A-S-FLD1= (ABCDABCDABCDABCDABCDABCDABCDAB)
08:01:32.880 [main] INFO  c.c.app.process.impl.Refmod3Impl.mainlineSplit27 5288 - *767*   WSE-2-11A-S-FLD2= (ZYXWZYXWZYXWZYXWZYXWZYXWZYXWZY)
08:01:32.880 [main] INFO  c.c.app.process.impl.Refmod3Impl.mainlineSplit27 5290 - *768* WSE-2-11A-T-GRP   = (*****ABCDABCDABCDABCDABCDABCDABCDABZYXWZYXWZYXWZYXWZYXWZYXWZYXWZY)
08:01:32.881 [main] INFO  c.c.app.process.impl.Refmod3Impl.mainlineSplit27 5292 - *769* WSE-2-11A-T       = (ABCDABCDABCDABCDABCDABCDABCDABZYXWZYXWZYXWZYXWZYXWZYXWZYXWZY)
08:01:32.881 [main] INFO  c.c.app.process.impl.Refmod3Impl.mainlineSplit27 5294 - *770*   WSE-2-11A-T-FLD1= (ABCDABCDABCDABCDABCDABCDABCDAB)
08:01:32.881 [main] INFO  c.c.app.process.impl.Refmod3Impl.mainlineSplit27 5296 - *771*   WSE-2-11A-T-FLD2= (ZYXWZYXWZYXWZYXWZYXWZYXWZYXWZY)
08:01:32.881 [main] INFO  c.c.app.process.impl.Refmod3Impl.mainlineSplit27 5316 - *772* WSE-2-11B-S       = (ABCDABCDABCDABCDABCDABCDABCDABZYXWZYXWZYXWZYXWZYXWZYXWZYXWZY)
08:01:32.881 [main] INFO  c.c.app.process.impl.Refmod3Impl.mainlineSplit27 5318 - *773*   WSE-2-11B-S-FLD1= (ABCDABCDABCDABCDABCDABCDABCDAB)
08:01:32.881 [main] INFO  c.c.app.process.impl.Refmod3Impl.mainlineSplit27 5320 - *774*   WSE-2-11B-S-FLD2= (ZYXWZYXWZYXWZYXWZYXWZYXWZYXWZY)
08:01:32.882 [main] INFO  c.c.app.process.impl.Refmod3Impl.mainlineSplit27 5322 - *775* WSE-2-11B-T-GRP   = (*****ABCDABCDABCDABCDABCDABCDABCDABZYXWZYXWZYXWZYXWZYXWZYXWZYXWZY)
08:01:32.882 [main] INFO  c.c.app.process.impl.Refmod3Impl.mainlineSplit27 5324 - *776* WSE-2-11B-T       = (ABCDABCDABCDABCDABCDABCDABCDABZYXWZYXWZYXWZYXWZYXWZYXWZYXWZY)
08:01:32.882 [main] INFO  c.c.app.process.impl.Refmod3Impl.mainlineSplit27 5326 - *777*   WSE-2-11B-T-FLD1= (ABCDABCDAB)
08:01:32.882 [main] INFO  c.c.app.process.impl.Refmod3Impl.mainlineSplit27 5328 - *778*   WSE-2-11B-T-FLD2= (CDABCDABCDABCDABCDAB)
08:01:32.882 [main] INFO  c.c.app.process.impl.Refmod3Impl.mainlineSplit27 5330 - *779*   WSE-2-11B-T-FLD3= (ZYXWZYXWZYXWZYXWZYXWZYXWZYXWZY)
08:01:32.883 [main] INFO  c.c.app.process.impl.Refmod3Impl.mainlineSplit27 5346 - *780* WSE-2-12A-S       = (ABCDABCDABCDABCDABCDABCDABCDABCDABCDABCDABCDABCDABCDABCDABCD)
08:01:32.884 [main] INFO  c.c.app.process.impl.Refmod3Impl.mainlineSplit27 5348 - *781* WSE-2-12A-T-GRP   = (*****ABCDABCDABCDABCDABCDABCDABCDABCDABCDABCDABCDABCDABCDABCDABCD)
08:01:32.884 [main] INFO  c.c.app.process.impl.Refmod3Impl.mainlineSplit27 5350 - *782* WSE-2-12A-T       = (ABCDABCDABCDABCDABCDABCDABCDABCDABCDABCDABCDABCDABCDABCDABCD)
08:01:32.884 [main] INFO  c.c.app.process.impl.Refmod3Impl.mainlineSplit27 5352 - *783*   WSE-2-12A-T-FLD1= (ABCDABCDABCDABCDABCDABCDABCDAB)
08:01:32.884 [main] INFO  c.c.app.process.impl.Refmod3Impl.mainlineSplit27 5354 - *784*   WSE-2-12A-T-FLD2= (CDABCDABCDABCDABCDABCDABCDABCD)
08:01:32.884 [main] INFO  c.c.app.process.impl.Refmod3Impl.mainlineSplit27 5372 - *785* WSE-2-12B-S       = (ABCDABCDABCDABCDABCDABCDABCDABCDABCDABCDABCDABCDABCDABCDABCD)
08:01:32.885 [main] INFO  c.c.app.process.impl.Refmod3Impl.mainlineSplit27 5374 - *786* WSE-2-12B-T-GRP   = (*****ABCDABCDABCDABCDABCDABCDABCDABCDABCDABCDABCDABCDABCDABCDABCD)
08:01:32.885 [main] INFO  c.c.app.process.impl.Refmod3Impl.mainlineSplit27 5376 - *787* WSE-2-12B-T       = (ABCDABCDABCDABCDABCDABCDABCDABCDABCDABCDABCDABCDABCDABCDABCD)
08:01:32.885 [main] INFO  c.c.app.process.impl.Refmod3Impl.mainlineSplit27 5378 - *788*   WSE-2-12B-T-FLD1= (ABCDABCDAB)
08:01:32.885 [main] INFO  c.c.app.process.impl.Refmod3Impl.mainlineSplit27 5380 - *789*   WSE-2-12B-T-FLD2= (CDABCDABCDABCDABCDAB)
08:01:32.888 [main] INFO  c.c.app.process.impl.Refmod3Impl.mainlineSplit27 5382 - *790*   WSE-2-12B-T-FLD3= (CDABCDABCDABCDABCDABCDABCDABCD)
08:01:32.888 [main] INFO  c.c.app.process.impl.Refmod3Impl.mainlineSplit27 5400 - *791* WSE-2-13A-S-GRP   = (***ABCDABCDABCDABCDABCDABCDABCDABZYXWZYXWZYXWZYXWZYXWZYXWZYXWZY)
08:01:32.888 [main] INFO  c.c.app.process.impl.Refmod3Impl.mainlineSplit27 5402 - *792* WSE-2-13A-S       = (ABCDABCDABCDABCDABCDABCDABCDABZYXWZYXWZYXWZYXWZYXWZYXWZYXWZY)
08:01:32.888 [main] INFO  c.c.app.process.impl.Refmod3Impl.mainlineSplit27 5404 - *793*   WSE-2-13A-S-FLD1= (ABCDABCDABCDABCDABCDABCDABCDAB)
08:01:32.889 [main] INFO  c.c.app.process.impl.Refmod3Impl.mainlineSplit27 5406 - *794*   WSE-2-13A-S-FLD2= (ZYXWZYXWZYXWZYXWZYXWZYXWZYXWZY)
08:01:32.889 [main] INFO  c.c.app.process.impl.Refmod3Impl.mainlineSplit27 5408 - *795* WSE-2-13A-T-GRP   = (*****    CDABCDABCDABCDABCDABCDABCDABZYXWZYXWZYXWZYXWZYXWZYXWZYX )
08:01:32.889 [main] INFO  c.c.app.process.impl.Refmod3Impl.mainlineSplit27 5410 - *796* WSE-2-13A-T       = (    CDABCDABCDABCDABCDABCDABCDABZYXWZYXWZYXWZYXWZYXWZYXWZYX )
08:01:32.889 [main] INFO  c.c.app.process.impl.Refmod3Impl.mainlineSplit27 5412 - *797*   WSE-2-13A-T-FLD1= (    CDABCDABCDABCDABCDABCDABCD)
08:01:32.890 [main] INFO  c.c.app.process.impl.Refmod3Impl.mainlineSplit27 5414 - *798*   WSE-2-13A-T-FLD2= (ABZYXWZYXWZYXWZYXWZYXWZYXWZYX )
08:01:32.893 [main] INFO  c.c.app.process.impl.Refmod3Impl.mainlineSplit28 5494 - *799* WSE-2-13B-S-GRP   = (***ABCDABCDABCDABCDABCDABCDABCDABZYXWZYXWZYXWZYXWZYXWZYXWZYXWZY)
08:01:32.894 [main] INFO  c.c.app.process.impl.Refmod3Impl.mainlineSplit28 5496 - *800* WSE-2-13B-S       = (ABCDABCDABCDABCDABCDABCDABCDABZYXWZYXWZYXWZYXWZYXWZYXWZYXWZY)
08:01:32.894 [main] INFO  c.c.app.process.impl.Refmod3Impl.mainlineSplit28 5498 - *801*   WSE-2-13B-S-FLD1= (ABCDABCDABCDABCDABCDABCDABCDAB)
08:01:32.894 [main] INFO  c.c.app.process.impl.Refmod3Impl.mainlineSplit28 5500 - *802*   WSE-2-13B-S-FLD2= (ZYXWZYXWZYXWZYXWZYXWZYXWZYXWZY)
08:01:32.894 [main] INFO  c.c.app.process.impl.Refmod3Impl.mainlineSplit28 5502 - *803* WSE-2-13B-T-GRP   = (*****    CDABCDABCDABCDABCDABCDABCDABZYXWZYXWZYXWZYXWZYXWZYXWZYXN)
08:01:32.894 [main] INFO  c.c.app.process.impl.Refmod3Impl.mainlineSplit28 5504 - *804* WSE-2-13B-T       = (    CDABCDABCDABCDABCDABCDABCDABZYXWZYXWZYXWZYXWZYXWZYXWZYXN)
08:01:32.894 [main] INFO  c.c.app.process.impl.Refmod3Impl.mainlineSplit28 5506 - *805*   WSE-2-13B-T-FLD1= (    CDABCD)
08:01:32.895 [main] INFO  c.c.app.process.impl.Refmod3Impl.mainlineSplit28 5508 - *806*   WSE-2-13B-T-FLD2= (ABCDABCDABCDABCDABCD)
08:01:32.895 [main] INFO  c.c.app.process.impl.Refmod3Impl.mainlineSplit28 5510 - *807*   WSE-2-13B-T-FLD3= (ABZYXWZYXWZYXWZYXWZYXWZYXWZYXN)
08:01:32.895 [main] INFO  c.c.app.process.impl.Refmod3Impl.mainlineSplit28 5526 - *808* WSE-2-14A-S-GRP   = (***ABCDABCDABCDABCDABCDABCDABCDABCDABCDABCDABCDABCDABCDABCDABCD)
08:01:32.895 [main] INFO  c.c.app.process.impl.Refmod3Impl.mainlineSplit28 5528 - *809* WSE-2-14A-S       = (ABCDABCDABCDABCDABCDABCDABCDABCDABCDABCDABCDABCDABCDABCDABCD)
08:01:32.895 [main] INFO  c.c.app.process.impl.Refmod3Impl.mainlineSplit28 5530 - *810* WSE-2-14A-T-GRP   = (*****    CDABCDABCDABCDABCDABCDABCDABCDABCDABCDABCDABCDABCDABCDA )
08:01:32.896 [main] INFO  c.c.app.process.impl.Refmod3Impl.mainlineSplit28 5532 - *811* WSE-2-14A-T       = (    CDABCDABCDABCDABCDABCDABCDABCDABCDABCDABCDABCDABCDABCDA )
08:01:32.898 [main] INFO  c.c.app.process.impl.Refmod3Impl.mainlineSplit28 5534 - *812*   WSE-2-14A-T-FLD1= (    CDABCDABCDABCDABCDABCDABCD)
08:01:32.898 [main] INFO  c.c.app.process.impl.Refmod3Impl.mainlineSplit28 5536 - *813*   WSE-2-14A-T-FLD2= (ABCDABCDABCDABCDABCDABCDABCDA )
08:01:32.898 [main] INFO  c.c.app.process.impl.Refmod3Impl.mainlineSplit28 5554 - *814* WSE-2-14B-S-GRP   = (***ABCDABCDABCDABCDABCDABCDABCDABCDABCDABCDABCDABCDABCDABCDABCD)
08:01:32.899 [main] INFO  c.c.app.process.impl.Refmod3Impl.mainlineSplit28 5556 - *815* WSE-2-14B-S       = (ABCDABCDABCDABCDABCDABCDABCDABCDABCDABCDABCDABCDABCDABCDABCD)
08:01:32.899 [main] INFO  c.c.app.process.impl.Refmod3Impl.mainlineSplit28 5558 - *816* WSE-2-14B-T-GRP   = (*****    CDABCDABCDABCDABCDABCDABCDABCDABCDABCDABCDABCDABCDABCDAN)
08:01:32.899 [main] INFO  c.c.app.process.impl.Refmod3Impl.mainlineSplit28 5560 - *817* WSE-2-14B-T       = (    CDABCDABCDABCDABCDABCDABCDABCDABCDABCDABCDABCDABCDABCDAN)
08:01:32.899 [main] INFO  c.c.app.process.impl.Refmod3Impl.mainlineSplit28 5562 - *818*   WSE-2-14B-T-FLD1= (    CDABCD)
08:01:32.899 [main] INFO  c.c.app.process.impl.Refmod3Impl.mainlineSplit28 5564 - *819*   WSE-2-14B-T-FLD2= (ABCDABCDABCDABCDABCD)
08:01:32.900 [main] INFO  c.c.app.process.impl.Refmod3Impl.mainlineSplit28 5566 - *820*   WSE-2-14B-T-FLD3= (ABCDABCDABCDABCDABCDABCDABCDAN)
08:01:32.900 [main] INFO  c.c.app.process.impl.Refmod3Impl.mainlineSplit28 5584 - *821* WSE-2-15A-S-GRP   = (***ABCDABCDABCDABCDABCDABCDABCDABZYXWZYXWZYXWZYXWZYXWZYXWZYXWZY)
08:01:32.900 [main] INFO  c.c.app.process.impl.Refmod3Impl.mainlineSplit28 5586 - *822* WSE-2-15A-S       = (ABCDABCDABCDABCDABCDABCDABCDABZYXWZYXWZYXWZYXWZYXWZYXWZYXWZY)
08:01:32.900 [main] INFO  c.c.app.process.impl.Refmod3Impl.mainlineSplit28 5588 - *823*   WSE-2-15A-S-FLD1= (ABCDABCDABCDABCDABCDABCDABCDAB)
08:01:32.900 [main] INFO  c.c.app.process.impl.Refmod3Impl.mainlineSplit28 5590 - *824*   WSE-2-15A-S-FLD2= (ZYXWZYXWZYXWZYXWZYXWZYXWZYXWZY)
08:01:32.900 [main] INFO  c.c.app.process.impl.Refmod3Impl.mainlineSplit28 5592 - *825* WSE-2-15A-T       = (    CDABCDABCDABCDABCDABCDABCDABZYXWZYXWZYXWZYXWZYXWZYXWZYX )
08:01:32.901 [main] INFO  c.c.app.process.impl.Refmod3Impl.mainlineSplit28 5594 - *826*   WSE-2-15A-T-FLD1= (    CDABCDABCDABCDABCDABCDABCD)
08:01:32.901 [main] INFO  c.c.app.process.impl.Refmod3Impl.mainlineSplit28 5596 - *827*   WSE-2-15A-T-FLD2= (ABZYXWZYXWZYXWZYXWZYXWZYXWZYX )
08:01:32.901 [main] INFO  c.c.app.process.impl.Refmod3Impl.mainlineSplit28 5616 - *828* WSE-2-15B-S-GRP   = (***ABCDABCDABCDABCDABCDABCDABCDABZYXWZYXWZYXWZYXWZYXWZYXWZYXWZY)
08:01:32.901 [main] INFO  c.c.app.process.impl.Refmod3Impl.mainlineSplit28 5618 - *829* WSE-2-15B-S       = (ABCDABCDABCDABCDABCDABCDABCDABZYXWZYXWZYXWZYXWZYXWZYXWZYXWZY)
08:01:32.902 [main] INFO  c.c.app.process.impl.Refmod3Impl.mainlineSplit28 5620 - *830*   WSE-2-15B-S-FLD1= (ABCDABCDABCDABCDABCDABCDABCDAB)
08:01:32.902 [main] INFO  c.c.app.process.impl.Refmod3Impl.mainlineSplit28 5622 - *831*   WSE-2-15B-S-FLD2= (ZYXWZYXWZYXWZYXWZYXWZYXWZYXWZY)
08:01:32.904 [main] INFO  c.c.app.process.impl.Refmod3Impl.mainlineSplit29 5682 - *832* WSE-2-15B-T       = (    CDABCDABCDABCDABCDABCDABCDABZYXWZYXWZYXWZYXWZYXWZYXWZYXN)
08:01:32.905 [main] INFO  c.c.app.process.impl.Refmod3Impl.mainlineSplit29 5684 - *833*   WSE-2-15B-T-FLD1= (    CDABCD)
08:01:32.905 [main] INFO  c.c.app.process.impl.Refmod3Impl.mainlineSplit29 5686 - *834*   WSE-2-15B-T-FLD2= (ABCDABCDABCDABCDABCD)
08:01:32.906 [main] INFO  c.c.app.process.impl.Refmod3Impl.mainlineSplit29 5688 - *835*   WSE-2-15B-T-FLD3= (ABZYXWZYXWZYXWZYXWZYXWZYXWZYXN)
08:01:32.906 [main] INFO  c.c.app.process.impl.Refmod3Impl.mainlineSplit29 5704 - *836* WSE-2-16A-S-GRP   = (***ABCDABCDABCDABCDABCDABCDABCDABCDABCDABCDABCDABCDABCDABCDABCD)
08:01:32.906 [main] INFO  c.c.app.process.impl.Refmod3Impl.mainlineSplit29 5706 - *837* WSE-2-16A-S       = (ABCDABCDABCDABCDABCDABCDABCDABCDABCDABCDABCDABCDABCDABCDABCD)
08:01:32.906 [main] INFO  c.c.app.process.impl.Refmod3Impl.mainlineSplit29 5708 - *838* WSE-2-16A-T       = (    CDABCDABCDABCDABCDABCDABCDABCDABCDABCDABCDABCDABCDABCDA )
08:01:32.907 [main] INFO  c.c.app.process.impl.Refmod3Impl.mainlineSplit29 5710 - *839*   WSE-2-16A-T-FLD1= (    CDABCDABCDABCDABCDABCDABCD)
08:01:32.907 [main] INFO  c.c.app.process.impl.Refmod3Impl.mainlineSplit29 5712 - *840*   WSE-2-16A-T-FLD2= (ABCDABCDABCDABCDABCDABCDABCDA )
08:01:32.907 [main] INFO  c.c.app.process.impl.Refmod3Impl.mainlineSplit29 5730 - *841* WSE-2-16B-S-GRP   = (***ABCDABCDABCDABCDABCDABCDABCDABCDABCDABCDABCDABCDABCDABCDABCD)
08:01:32.907 [main] INFO  c.c.app.process.impl.Refmod3Impl.mainlineSplit29 5732 - *842* WSE-2-16B-S       = (ABCDABCDABCDABCDABCDABCDABCDABCDABCDABCDABCDABCDABCDABCDABCD)
08:01:32.907 [main] INFO  c.c.app.process.impl.Refmod3Impl.mainlineSplit29 5734 - *843* WSE-2-16B-T       = (    CDABCDABCDABCDABCDABCDABCDABCDABCDABCDABCDABCDABCDABCDAN)
08:01:32.908 [main] INFO  c.c.app.process.impl.Refmod3Impl.mainlineSplit29 5736 - *844*   WSE-2-16B-T-FLD1= (    CDABCD)
08:01:32.908 [main] INFO  c.c.app.process.impl.Refmod3Impl.mainlineSplit29 5738 - *845*   WSE-2-16B-T-FLD2= (ABCDABCDABCDABCDABCD)
08:01:32.908 [main] INFO  c.c.app.process.impl.Refmod3Impl.mainlineSplit29 5740 - *846*   WSE-2-16B-T-FLD3= (ABCDABCDABCDABCDABCDABCDABCDAN)
08:01:32.908 [main] INFO  c.c.app.process.impl.Refmod3Impl.mainlineSplit29 5758 - *847* WSE-2-17A-S       = (ABCDABCDABCDABCDABCDABCDABCDABZYXWZYXWZYXWZYXWZYXWZYXWZYXWZY)
08:01:32.908 [main] INFO  c.c.app.process.impl.Refmod3Impl.mainlineSplit29 5760 - *848*   WSE-2-17A-S-FLD1= (ABCDABCDABCDABCDABCDABCDABCDAB)
08:01:32.908 [main] INFO  c.c.app.process.impl.Refmod3Impl.mainlineSplit29 5762 - *849*   WSE-2-17A-S-FLD2= (ZYXWZYXWZYXWZYXWZYXWZYXWZYXWZY)
08:01:32.909 [main] INFO  c.c.app.process.impl.Refmod3Impl.mainlineSplit29 5764 - *850* WSE-2-17A-T-GRP   = (*****    CDABCDABCDABCDABCDABCDABCDABZYXWZYXWZYXWZYXWZYXWZYXWZYX )
08:01:32.909 [main] INFO  c.c.app.process.impl.Refmod3Impl.mainlineSplit29 5766 - *851* WSE-2-17A-T       = (    CDABCDABCDABCDABCDABCDABCDABZYXWZYXWZYXWZYXWZYXWZYXWZYX )
08:01:32.909 [main] INFO  c.c.app.process.impl.Refmod3Impl.mainlineSplit29 5768 - *852*   WSE-2-17A-T-FLD1= (    CDABCDABCDABCDABCDABCDABCD)
08:01:32.909 [main] INFO  c.c.app.process.impl.Refmod3Impl.mainlineSplit29 5770 - *853*   WSE-2-17A-T-FLD2= (ABZYXWZYXWZYXWZYXWZYXWZYXWZYX )
08:01:32.910 [main] INFO  c.c.app.process.impl.Refmod3Impl.mainlineSplit29 5790 - *854* WSE-2-17B-S       = (ABCDABCDABCDABCDABCDABCDABCDABZYXWZYXWZYXWZYXWZYXWZYXWZYXWZY)
08:01:32.910 [main] INFO  c.c.app.process.impl.Refmod3Impl.mainlineSplit29 5792 - *855*   WSE-2-17B-S-FLD1= (ABCDABCDABCDABCDABCDABCDABCDAB)
08:01:32.910 [main] INFO  c.c.app.process.impl.Refmod3Impl.mainlineSplit29 5794 - *856*   WSE-2-17B-S-FLD2= (ZYXWZYXWZYXWZYXWZYXWZYXWZYXWZY)
08:01:32.910 [main] INFO  c.c.app.process.impl.Refmod3Impl.mainlineSplit29 5796 - *857* WSE-2-17B-T-GRP   = (*****    CDABCDABCDABCDABCDABCDABCDABZYXWZYXWZYXWZYXWZYXWZYXWZYXN)
08:01:32.910 [main] INFO  c.c.app.process.impl.Refmod3Impl.mainlineSplit29 5798 - *858* WSE-2-17B-T       = (    CDABCDABCDABCDABCDABCDABCDABZYXWZYXWZYXWZYXWZYXWZYXWZYXN)
08:01:32.910 [main] INFO  c.c.app.process.impl.Refmod3Impl.mainlineSplit29 5800 - *859*   WSE-2-17B-T-FLD1= (    CDABCD)
08:01:32.911 [main] INFO  c.c.app.process.impl.Refmod3Impl.mainlineSplit29 5802 - *860*   WSE-2-17B-T-FLD2= (ABCDABCDABCDABCDABCD)
08:01:32.911 [main] INFO  c.c.app.process.impl.Refmod3Impl.mainlineSplit29 5804 - *861*   WSE-2-17B-T-FLD3= (ABZYXWZYXWZYXWZYXWZYXWZYXWZYXN)
08:01:32.911 [main] INFO  c.c.app.process.impl.Refmod3Impl.mainlineSplit29 5820 - *862* WSE-2-18A-S       = (ABCDABCDABCDABCDABCDABCDABCDABCDABCDABCDABCDABCDABCDABCDABCD)
08:01:32.911 [main] INFO  c.c.app.process.impl.Refmod3Impl.mainlineSplit29 5822 - *863* WSE-2-18A-T-GRP   = (*****    CDABCDABCDABCDABCDABCDABCDABCDABCDABCDABCDABCDABCDABCDA )
08:01:32.913 [main] INFO  c.c.app.process.impl.Refmod3Impl.mainlineSplit30 5880 - *864* WSE-2-18A-T       = (    CDABCDABCDABCDABCDABCDABCDABCDABCDABCDABCDABCDABCDABCDA )
08:01:32.913 [main] INFO  c.c.app.process.impl.Refmod3Impl.mainlineSplit30 5882 - *865*   WSE-2-18A-T-FLD1= (    CDABCDABCDABCDABCDABCDABCD)
08:01:32.914 [main] INFO  c.c.app.process.impl.Refmod3Impl.mainlineSplit30 5884 - *866*   WSE-2-18A-T-FLD2= (ABCDABCDABCDABCDABCDABCDABCDA )
08:01:32.914 [main] INFO  c.c.app.process.impl.Refmod3Impl.mainlineSplit30 5902 - *867* WSE-2-18B-S       = (ABCDABCDABCDABCDABCDABCDABCDABCDABCDABCDABCDABCDABCDABCDABCD)
08:01:32.914 [main] INFO  c.c.app.process.impl.Refmod3Impl.mainlineSplit30 5904 - *868* WSE-2-18B-T-GRP   = (*****    CDABCDABCDABCDABCDABCDABCDABCDABCDABCDABCDABCDABCDABCDAN)
08:01:32.914 [main] INFO  c.c.app.process.impl.Refmod3Impl.mainlineSplit30 5906 - *869* WSE-2-18B-T       = (    CDABCDABCDABCDABCDABCDABCDABCDABCDABCDABCDABCDABCDABCDAN)
08:01:32.915 [main] INFO  c.c.app.process.impl.Refmod3Impl.mainlineSplit30 5908 - *870*   WSE-2-18B-T-FLD1= (    CDABCD)
08:01:32.915 [main] INFO  c.c.app.process.impl.Refmod3Impl.mainlineSplit30 5910 - *871*   WSE-2-18B-T-FLD2= (ABCDABCDABCDABCDABCD)
08:01:32.915 [main] INFO  c.c.app.process.impl.Refmod3Impl.mainlineSplit30 5912 - *872*   WSE-2-18B-T-FLD3= (ABCDABCDABCDABCDABCDABCDABCDAN)
08:01:32.915 [main] INFO  c.c.app.process.impl.Refmod3Impl.mainlineSplit30 5930 - *873* WSE-2-19A-S       = (ABCDABCDABCDABCDABCDABCDABCDABZYXWZYXWZYXWZYXWZYXWZYXWZYXWZY)
08:01:32.915 [main] INFO  c.c.app.process.impl.Refmod3Impl.mainlineSplit30 5932 - *874*   WSE-2-19A-S-FLD1= (ABCDABCDABCDABCDABCDABCDABCDAB)
08:01:32.916 [main] INFO  c.c.app.process.impl.Refmod3Impl.mainlineSplit30 5934 - *875*   WSE-2-19A-S-FLD2= (ZYXWZYXWZYXWZYXWZYXWZYXWZYXWZY)
08:01:32.916 [main] INFO  c.c.app.process.impl.Refmod3Impl.mainlineSplit30 5936 - *876* WSE-2-19A-T-GRP   = (*****    ABCDABCDABCDABCDABCDABCDABCDABZYXWZYXWZYXWZYXWZYXWZYXWZ )
08:01:32.916 [main] INFO  c.c.app.process.impl.Refmod3Impl.mainlineSplit30 5938 - *877* WSE-2-19A-T       = (    ABCDABCDABCDABCDABCDABCDABCDABZYXWZYXWZYXWZYXWZYXWZYXWZ )
08:01:32.916 [main] INFO  c.c.app.process.impl.Refmod3Impl.mainlineSplit30 5940 - *878*   WSE-2-19A-T-FLD1= (    ABCDABCDABCDABCDABCDABCDAB)
08:01:32.916 [main] INFO  c.c.app.process.impl.Refmod3Impl.mainlineSplit30 5942 - *879*   WSE-2-19A-T-FLD2= (CDABZYXWZYXWZYXWZYXWZYXWZYXWZ )
08:01:32.917 [main] INFO  c.c.app.process.impl.Refmod3Impl.mainlineSplit30 5961 - *880* WSE-2-19B-S       = (ABCDABCDABCDABCDABCDABCDABCDABZYXWZYXWZYXWZYXWZYXWZYXWZYXWZY)
08:01:32.917 [main] INFO  c.c.app.process.impl.Refmod3Impl.mainlineSplit30 5963 - *881*   WSE-2-19B-S-FLD1= (ABCDABCDABCDABCDABCDABCDABCDAB)
08:01:32.917 [main] INFO  c.c.app.process.impl.Refmod3Impl.mainlineSplit30 5965 - *882*   WSE-2-19B-S-FLD2= (ZYXWZYXWZYXWZYXWZYXWZYXWZYXWZY)
08:01:32.917 [main] INFO  c.c.app.process.impl.Refmod3Impl.mainlineSplit30 5967 - *883* WSE-2-19B-T-GRP   = (*****    ABCDABCDABCDABCDABCDABCDABCDABZYXWZYXWZYXWZYXWZYXWZYXWZN)
08:01:32.917 [main] INFO  c.c.app.process.impl.Refmod3Impl.mainlineSplit30 5969 - *884* WSE-2-19B-T       = (    ABCDABCDABCDABCDABCDABCDABCDABZYXWZYXWZYXWZYXWZYXWZYXWZN)
08:01:32.918 [main] INFO  c.c.app.process.impl.Refmod3Impl.mainlineSplit30 5971 - *885*   WSE-2-19B-T-FLD1= (    ABCDAB)
08:01:32.918 [main] INFO  c.c.app.process.impl.Refmod3Impl.mainlineSplit30 5973 - *886*   WSE-2-19B-T-FLD2= (CDABCDABCDABCDABCDAB)
08:01:32.918 [main] INFO  c.c.app.process.impl.Refmod3Impl.mainlineSplit30 5975 - *887*   WSE-2-19B-T-FLD3= (CDABZYXWZYXWZYXWZYXWZYXWZYXWZN)
08:01:32.918 [main] INFO  c.c.app.process.impl.Refmod3Impl.mainlineSplit30 5991 - *888* WSE-2-20A-S       = (ABCDABCDABCDABCDABCDABCDABCDABCDABCDABCDABCDABCDABCDABCDABCD)
08:01:32.919 [main] INFO  c.c.app.process.impl.Refmod3Impl.mainlineSplit30 5993 - *889* WSE-2-20A-T-GRP   = (*****    ABCDABCDABCDABCDABCDABCDABCDABCDABCDABCDABCDABCDABCDABC )
08:01:32.919 [main] INFO  c.c.app.process.impl.Refmod3Impl.mainlineSplit30 5995 - *890* WSE-2-20A-T       = (    ABCDABCDABCDABCDABCDABCDABCDABCDABCDABCDABCDABCDABCDABC )
08:01:32.919 [main] INFO  c.c.app.process.impl.Refmod3Impl.mainlineSplit30 5997 - *891*   WSE-2-20A-T-FLD1= (    ABCDABCDABCDABCDABCDABCDAB)
08:01:32.919 [main] INFO  c.c.app.process.impl.Refmod3Impl.mainlineSplit30 5999 - *892*   WSE-2-20A-T-FLD2= (CDABCDABCDABCDABCDABCDABCDABC )
08:01:32.920 [main] INFO  c.c.app.process.impl.Refmod3Impl.mainlineSplit30 6017 - *893* WSE-2-20B-S       = (ABCDABCDABCDABCDABCDABCDABCDABCDABCDABCDABCDABCDABCDABCDABCD)
08:01:32.920 [main] INFO  c.c.app.process.impl.Refmod3Impl.mainlineSplit30 6019 - *894* WSE-2-20B-T-GRP   = (*****    ABCDABCDABCDABCDABCDABCDABCDABCDABCDABCDABCDABCDABCDABCN)
08:01:32.922 [main] INFO  c.c.app.process.impl.Refmod3Impl.mainlineSplit31 6054 - *895* WSE-2-20B-T       = (    ABCDABCDABCDABCDABCDABCDABCDABCDABCDABCDABCDABCDABCDABCN)
08:01:32.922 [main] INFO  c.c.app.process.impl.Refmod3Impl.mainlineSplit31 6056 - *896*   WSE-2-20B-T-FLD1= (    ABCDAB)
08:01:32.922 [main] INFO  c.c.app.process.impl.Refmod3Impl.mainlineSplit31 6058 - *897*   WSE-2-20B-T-FLD2= (CDABCDABCDABCDABCDAB)
08:01:32.922 [main] INFO  c.c.app.process.impl.Refmod3Impl.mainlineSplit31 6060 - *898*   WSE-2-20B-T-FLD3= (CDABCDABCDABCDABCDABCDABCDABCN)
08:01:32.923 [main] INFO  c.c.app.process.impl.Refmod3Impl.mainlineSplit31 6080 - *899* WSE-2-20C-S-GRP   = (     ABCDABCDABMNOPMNOPMNOPMNOPMNOPVXYZVXYZVXYZVXYZVXYZVXYZVXYZVX)
08:01:32.923 [main] INFO  c.c.app.process.impl.Refmod3Impl.mainlineSplit31 6082 - *900* WSE-2-20C-S       = (ABCDABCDABMNOPMNOPMNOPMNOPMNOPVXYZVXYZVXYZVXYZVXYZVXYZVXYZVX)
08:01:32.923 [main] INFO  c.c.app.process.impl.Refmod3Impl.mainlineSplit31 6084 - *901*   WSE-2-20C-S-FLD1= (ABCDABCDAB)
08:01:32.923 [main] INFO  c.c.app.process.impl.Refmod3Impl.mainlineSplit31 6086 - *902*   WSE-2-20C-S-FLD2= (MNOPMNOPMNOPMNOPMNOP)
08:01:32.923 [main] INFO  c.c.app.process.impl.Refmod3Impl.mainlineSplit31 6088 - *903*   WSE-2-20C-S-FLD3= (VXYZVXYZVXYZVXYZVXYZVXYZVXYZVX)
08:01:32.923 [main] INFO  c.c.app.process.impl.Refmod3Impl.mainlineSplit31 6090 - *904* WSE-2-20C-T       = (ABCDABCDABMNOPMNOPMNOPMNOPMNOPVXYZVXYZVXYZVXYZVXYZVXYZVXYZVX)
08:01:32.924 [main] INFO  c.c.app.process.impl.Refmod3Impl.mainlineSplit31 6096 - *905* AD-RPT-DATE7-JULN = (2022152)
08:01:32.924 [main] INFO  c.c.app.process.impl.Refmod3Impl.mainlineSplit31 6109 - *907* WS-VAR1 IS  SPACE  :                                                   
