11:01:10.167 [main] INFO  o.s.boot.StartupInfoLogger.logStarting   50 - Starting CFApplication v0.0.1-SNAPSHOT using Java 17.0.14 with PID 1181277 (/home/jenkins/workspace/CFTestAutomation_Release/Testing/results/sort/cfsort14_198/SORTTBL/target/SORTTBL-0.0.1-SNAPSHOT.jar started by root in /home/jenkins/workspace/CFTestAutomation_Release/Testing/results/sort/cfsort14_198/SORTTBL)
11:01:10.172 [main] INFO  o.s.boot.SpringApplication.logStartupProfileInfo  654 - No active profile set, falling back to 1 default profile: "default"
11:01:11.936 [main] INFO  o.s.boot.StartupInfoLogger.logStarted   56 - Started CFApplication in 3.817 seconds (process running for 5.014)
11:01:11.965 [main] INFO  c.c.app.utility.CFConfiguration.cfDataConnectIOInfo  107 - CFDataConnectIO version : 5.0.0.21
11:01:12.205 [main] INFO  com.cloudframe.app.process.Sorttbl.mainlineSplit0  186 - >>>>>>>
11:01:12.207 [main] INFO  com.cloudframe.app.process.Sorttbl.mainlineSplit0  188 -  
11:01:12.208 [main] INFO  com.cloudframe.app.process.Sorttbl.mainlineSplit0  190 - SORTED TABLE (NO DUPLICATES)
11:01:12.209 [main] INFO  com.cloudframe.app.process.Sorttbl.mainlineSplit0  192 -  
11:01:12.210 [main] INFO  com.cloudframe.app.process.Sorttbl.mainlineSplit0  196 - 0025672015092053I
11:01:12.211 [main] INFO  com.cloudframe.app.process.Sorttbl.mainlineSplit0  196 - 0027632020101177I
11:01:12.212 [main] INFO  com.cloudframe.app.process.Sorttbl.mainlineSplit0  196 - 0030622020042387I
11:01:12.212 [main] INFO  com.cloudframe.app.process.Sorttbl.mainlineSplit0  196 - 0054972019030592A
11:01:12.213 [main] INFO  com.cloudframe.app.process.Sorttbl.mainlineSplit0  196 - 0065022020051793I
11:01:12.214 [main] INFO  com.cloudframe.app.process.Sorttbl.mainlineSplit0  196 - 0075242016121666A
11:01:12.214 [main] INFO  com.cloudframe.app.process.Sorttbl.mainlineSplit0  196 - 0094172016021993I
11:01:12.215 [main] INFO  com.cloudframe.app.process.Sorttbl.mainlineSplit0  196 - 0097912015121213I
11:01:12.216 [main] INFO  com.cloudframe.app.process.Sorttbl.mainlineSplit0  196 - 0119502019122544I
11:01:12.217 [main] INFO  com.cloudframe.app.process.Sorttbl.mainlineSplit0  196 - 0127822015100277I
11:01:12.217 [main] INFO  com.cloudframe.app.process.Sorttbl.mainlineSplit0  196 - 0140422019061648I
11:01:12.218 [main] INFO  com.cloudframe.app.process.Sorttbl.mainlineSplit0  196 - 0157502017091963A
11:01:12.219 [main] INFO  com.cloudframe.app.process.Sorttbl.mainlineSplit0  196 - 0159012015042744A
11:01:12.220 [main] INFO  com.cloudframe.app.process.Sorttbl.mainlineSplit0  196 - 0162612017040986I
11:01:12.221 [main] INFO  com.cloudframe.app.process.Sorttbl.mainlineSplit0  196 - 0203212017101284I
11:01:12.222 [main] INFO  com.cloudframe.app.process.Sorttbl.mainlineSplit0  196 - 0217792020042227A
11:01:12.223 [main] INFO  com.cloudframe.app.process.Sorttbl.mainlineSplit0  196 - 0287692016071723A
11:01:12.223 [main] INFO  com.cloudframe.app.process.Sorttbl.mainlineSplit0  196 - 0308292020110580A
11:01:12.224 [main] INFO  com.cloudframe.app.process.Sorttbl.mainlineSplit0  196 - 0332942019120943I
11:01:12.225 [main] INFO  com.cloudframe.app.process.Sorttbl.mainlineSplit0  196 - 0342182018022713I
11:01:12.225 [main] INFO  com.cloudframe.app.process.Sorttbl.mainlineSplit0  196 - 0374302019081522A
11:01:12.226 [main] INFO  com.cloudframe.app.process.Sorttbl.mainlineSplit0  196 - 0410592018051978I
11:01:12.227 [main] INFO  com.cloudframe.app.process.Sorttbl.mainlineSplit0  196 - 0426552020091115A
11:01:12.227 [main] INFO  com.cloudframe.app.process.Sorttbl.mainlineSplit0  196 - 0444562015062283A
11:01:12.228 [main] INFO  com.cloudframe.app.process.Sorttbl.mainlineSplit0  196 - 0486692020081532I
11:01:12.229 [main] INFO  com.cloudframe.app.process.Sorttbl.mainlineSplit0  196 - 0510892015121316A
11:01:12.230 [main] INFO  com.cloudframe.app.process.Sorttbl.mainlineSplit0  196 - 0599682020091242A
11:01:12.231 [main] INFO  com.cloudframe.app.process.Sorttbl.mainlineSplit0  196 - 0608882017121390A
11:01:12.232 [main] INFO  com.cloudframe.app.process.Sorttbl.mainlineSplit0  196 - 0689132019110613I
11:01:12.232 [main] INFO  com.cloudframe.app.process.Sorttbl.mainlineSplit0  196 - 0751782016072749A
11:01:12.233 [main] INFO  com.cloudframe.app.process.Sorttbl.mainlineSplit0  196 - 0785262017021196I
11:01:12.235 [main] INFO  com.cloudframe.app.process.Sorttbl.mainlineSplit0  196 - 0818932019072457I
11:01:12.236 [main] INFO  com.cloudframe.app.process.Sorttbl.mainlineSplit0  196 - 0832132016042096A
11:01:12.237 [main] INFO  com.cloudframe.app.process.Sorttbl.mainlineSplit0  196 - 0835862016061425A
11:01:12.237 [main] INFO  com.cloudframe.app.process.Sorttbl.mainlineSplit0  196 - 0841602019082789A
11:01:12.238 [main] INFO  com.cloudframe.app.process.Sorttbl.mainlineSplit0  196 - 0890552020021948I
11:01:12.239 [main] INFO  com.cloudframe.app.process.Sorttbl.mainlineSplit0  196 - 0906912019061475I
11:01:12.240 [main] INFO  com.cloudframe.app.process.Sorttbl.mainlineSplit0  196 - 0911262019011098A
11:01:12.240 [main] INFO  com.cloudframe.app.process.Sorttbl.mainlineSplit0  196 - 0920552019081445I
11:01:12.241 [main] INFO  com.cloudframe.app.process.Sorttbl.mainlineSplit0  196 - 0921072016122082I
11:01:12.241 [main] INFO  com.cloudframe.app.process.Sorttbl.mainlineSplit0  196 - 0921632016041915I
11:01:12.242 [main] INFO  com.cloudframe.app.process.Sorttbl.mainlineSplit0  196 - 0954862017041668I
11:01:12.243 [main] INFO  com.cloudframe.app.process.Sorttbl.mainlineSplit0  196 - 0986752016030432I
11:01:12.243 [main] INFO  com.cloudframe.app.process.Sorttbl.mainlineSplit0  196 - 0990292020020585A
11:01:12.244 [main] INFO  com.cloudframe.app.process.Sorttbl.mainlineSplit0  196 - 1014712016081492I
11:01:12.244 [main] INFO  com.cloudframe.app.process.Sorttbl.mainlineSplit0  196 - 1048072019102171A
11:01:12.245 [main] INFO  com.cloudframe.app.process.Sorttbl.mainlineSplit0  196 - 1081912015042752A
11:01:12.249 [main] INFO  com.cloudframe.app.process.Sorttbl.mainlineSplit0  196 - 1094532017111398I
11:01:12.250 [main] INFO  com.cloudframe.app.process.Sorttbl.mainlineSplit0  196 - 1135402019102856A
11:01:12.251 [main] INFO  com.cloudframe.app.process.Sorttbl.mainlineSplit0  196 - 1154352017030253A
11:01:12.251 [main] INFO  com.cloudframe.app.process.Sorttbl.mainlineSplit0  196 - 1156272020061519I
11:01:12.252 [main] INFO  com.cloudframe.app.process.Sorttbl.mainlineSplit0  196 - 1179982020112085I
11:01:12.252 [main] INFO  com.cloudframe.app.process.Sorttbl.mainlineSplit0  196 - 1187682015041399A
11:01:12.253 [main] INFO  com.cloudframe.app.process.Sorttbl.mainlineSplit0  196 - 1268012019101031A
11:01:12.253 [main] INFO  com.cloudframe.app.process.Sorttbl.mainlineSplit0  196 - 1318892018042449I
11:01:12.254 [main] INFO  com.cloudframe.app.process.Sorttbl.mainlineSplit0  196 - 1328902017042896I
11:01:12.255 [main] INFO  com.cloudframe.app.process.Sorttbl.mainlineSplit0  196 - 1344862016042179A
11:01:12.256 [main] INFO  com.cloudframe.app.process.Sorttbl.mainlineSplit0  196 - 1421072020010112A
11:01:12.257 [main] INFO  com.cloudframe.app.process.Sorttbl.mainlineSplit0  196 - 1435522015021076I
11:01:12.257 [main] INFO  com.cloudframe.app.process.Sorttbl.mainlineSplit0  196 - 1556032020121830A
11:01:12.257 [main] INFO  com.cloudframe.app.process.Sorttbl.mainlineSplit0  196 - 1556962018042599A
11:01:12.258 [main] INFO  com.cloudframe.app.process.Sorttbl.mainlineSplit0  196 - 1576102018041587I
11:01:12.259 [main] INFO  com.cloudframe.app.process.Sorttbl.mainlineSplit0  196 - 1576812020042320I
11:01:12.260 [main] INFO  com.cloudframe.app.process.Sorttbl.mainlineSplit0  196 - 1583742019020996A
11:01:12.261 [main] INFO  com.cloudframe.app.process.Sorttbl.mainlineSplit0  196 - 1591422017120114I
11:01:12.261 [main] INFO  com.cloudframe.app.process.Sorttbl.mainlineSplit0  196 - 1631962018081594I
11:01:12.261 [main] INFO  com.cloudframe.app.process.Sorttbl.mainlineSplit0  196 - 1651802015011885A
11:01:12.262 [main] INFO  com.cloudframe.app.process.Sorttbl.mainlineSplit0  196 - 1712082018011188A
11:01:12.263 [main] INFO  com.cloudframe.app.process.Sorttbl.mainlineSplit0  196 - 1729482017110182A
11:01:12.268 [main] INFO  com.cloudframe.app.process.Sorttbl.mainlineSplit0  196 - 1730962020062086A
11:01:12.269 [main] INFO  com.cloudframe.app.process.Sorttbl.mainlineSplit0  196 - 1758052016110121A
11:01:12.270 [main] INFO  com.cloudframe.app.process.Sorttbl.mainlineSplit0  196 - 1764152017060135A
11:01:12.270 [main] INFO  com.cloudframe.app.process.Sorttbl.mainlineSplit0  196 - 1793042015022726I
11:01:12.271 [main] INFO  com.cloudframe.app.process.Sorttbl.mainlineSplit0  196 - 1853612015111391I
11:01:12.271 [main] INFO  com.cloudframe.app.process.Sorttbl.mainlineSplit0  196 - 1918492016072462I
11:01:12.272 [main] INFO  com.cloudframe.app.process.Sorttbl.mainlineSplit0  196 - 1926692017021236A
11:01:12.272 [main] INFO  com.cloudframe.app.process.Sorttbl.mainlineSplit0  196 - 1938432020021954A
11:01:12.273 [main] INFO  com.cloudframe.app.process.Sorttbl.mainlineSplit0  196 - 1999622018121390A
11:01:12.275 [main] INFO  com.cloudframe.app.process.Sorttbl.mainlineSplit0  196 - 2041182017101652I
11:01:12.276 [main] INFO  com.cloudframe.app.process.Sorttbl.mainlineSplit0  196 - 2075292019071669I
11:01:12.277 [main] INFO  com.cloudframe.app.process.Sorttbl.mainlineSplit0  196 - 2122062015040330I
11:01:12.277 [main] INFO  com.cloudframe.app.process.Sorttbl.mainlineSplit0  196 - 2135032015091673I
11:01:12.278 [main] INFO  com.cloudframe.app.process.Sorttbl.mainlineSplit0  196 - 2154412016040597I
11:01:12.278 [main] INFO  com.cloudframe.app.process.Sorttbl.mainlineSplit0  196 - 2190982019030585A
11:01:12.279 [main] INFO  com.cloudframe.app.process.Sorttbl.mainlineSplit0  196 - 2222082018080542A
11:01:12.279 [main] INFO  com.cloudframe.app.process.Sorttbl.mainlineSplit0  196 - 2223382020051813I
11:01:12.280 [main] INFO  com.cloudframe.app.process.Sorttbl.mainlineSplit0  196 - 2231792015042371A
11:01:12.280 [main] INFO  com.cloudframe.app.process.Sorttbl.mainlineSplit0  196 - 2242062017010513I
11:01:12.281 [main] INFO  com.cloudframe.app.process.Sorttbl.mainlineSplit0  196 - 2244002018072790A
11:01:12.281 [main] INFO  com.cloudframe.app.process.Sorttbl.mainlineSplit0  196 - 2267632019050874A
11:01:12.281 [main] INFO  com.cloudframe.app.process.Sorttbl.mainlineSplit0  196 - 2268112016032247I
11:01:12.282 [main] INFO  com.cloudframe.app.process.Sorttbl.mainlineSplit0  196 - 2278132016010974A
11:01:12.282 [main] INFO  com.cloudframe.app.process.Sorttbl.mainlineSplit0  196 - 2312852019121595A
11:01:12.283 [main] INFO  com.cloudframe.app.process.Sorttbl.mainlineSplit0  196 - 2337192018072517A
11:01:12.283 [main] INFO  com.cloudframe.app.process.Sorttbl.mainlineSplit0  196 - 2351452019062722I
11:01:12.284 [main] INFO  com.cloudframe.app.process.Sorttbl.mainlineSplit0  196 - 2352732016042863I
11:01:12.284 [main] INFO  com.cloudframe.app.process.Sorttbl.mainlineSplit0  196 - 2390722019051758A
11:01:12.285 [main] INFO  com.cloudframe.app.process.Sorttbl.mainlineSplit0  196 - 2394382019031544I
11:01:12.285 [main] INFO  com.cloudframe.app.process.Sorttbl.mainlineSplit0  196 - 2411052016020171A
11:01:12.286 [main] INFO  com.cloudframe.app.process.Sorttbl.mainlineSplit0  196 - 2415852020070137A
11:01:12.287 [main] INFO  com.cloudframe.app.process.Sorttbl.mainlineSplit0  196 - 2434172017100536A
11:01:12.287 [main] INFO  com.cloudframe.app.process.Sorttbl.mainlineSplit0  196 - 2438442019121149A
11:01:12.287 [main] INFO  com.cloudframe.app.process.Sorttbl.mainlineSplit0  196 - 2459832016101019A
11:01:12.288 [main] INFO  com.cloudframe.app.process.Sorttbl.mainlineSplit0  196 - 2532382019020361I
11:01:12.288 [main] INFO  com.cloudframe.app.process.Sorttbl.mainlineSplit0  196 - 2536502020041526A
11:01:12.289 [main] INFO  com.cloudframe.app.process.Sorttbl.mainlineSplit0  196 - 2567012015092028A
11:01:12.289 [main] INFO  com.cloudframe.app.process.Sorttbl.mainlineSplit0  196 - 2567922017102699A
11:01:12.290 [main] INFO  com.cloudframe.app.process.Sorttbl.mainlineSplit0  196 - 2579082015120680A
11:01:12.290 [main] INFO  com.cloudframe.app.process.Sorttbl.mainlineSplit0  196 - 2579932015061273I
11:01:12.291 [main] INFO  com.cloudframe.app.process.Sorttbl.mainlineSplit0  196 - 2584372020061190A
11:01:12.291 [main] INFO  com.cloudframe.app.process.Sorttbl.mainlineSplit0  196 - 2646942018120828A
11:01:12.292 [main] INFO  com.cloudframe.app.process.Sorttbl.mainlineSplit0  196 - 2649252017080863I
11:01:12.293 [main] INFO  com.cloudframe.app.process.Sorttbl.mainlineSplit0  196 - 2666762016041517I
11:01:12.293 [main] INFO  com.cloudframe.app.process.Sorttbl.mainlineSplit0  196 - 2678932019052299I
11:01:12.293 [main] INFO  com.cloudframe.app.process.Sorttbl.mainlineSplit0  196 - 2711712016081515A
11:01:12.294 [main] INFO  com.cloudframe.app.process.Sorttbl.mainlineSplit0  196 - 2722842020030486A
11:01:12.295 [main] INFO  com.cloudframe.app.process.Sorttbl.mainlineSplit0  196 - 2739492018092589A
11:01:12.295 [main] INFO  com.cloudframe.app.process.Sorttbl.mainlineSplit0  196 - 2794692020122022A
11:01:12.296 [main] INFO  com.cloudframe.app.process.Sorttbl.mainlineSplit0  196 - 2823212018070542I
11:01:12.297 [main] INFO  com.cloudframe.app.process.Sorttbl.mainlineSplit0  196 - 2851252015051235A
11:01:12.299 [main] INFO  com.cloudframe.app.process.Sorttbl.mainlineSplit0  196 - 2866072017120744I
11:01:12.299 [main] INFO  com.cloudframe.app.process.Sorttbl.mainlineSplit0  196 - 2886222015071928A
11:01:12.300 [main] INFO  com.cloudframe.app.process.Sorttbl.mainlineSplit0  196 - 2912142017040896A
11:01:12.300 [main] INFO  com.cloudframe.app.process.Sorttbl.mainlineSplit0  196 - 2918142017041137I
11:01:12.301 [main] INFO  com.cloudframe.app.process.Sorttbl.mainlineSplit0  196 - 2925482019120888I
11:01:12.301 [main] INFO  com.cloudframe.app.process.Sorttbl.mainlineSplit0  196 - 2927272016072210A
11:01:12.302 [main] INFO  com.cloudframe.app.process.Sorttbl.mainlineSplit0  196 - 2969162017100495A
11:01:12.303 [main] INFO  com.cloudframe.app.process.Sorttbl.mainlineSplit0  196 - 2980262017070648A
11:01:12.303 [main] INFO  com.cloudframe.app.process.Sorttbl.mainlineSplit0  196 - 2982772015091542I
11:01:12.303 [main] INFO  com.cloudframe.app.process.Sorttbl.mainlineSplit0  196 - 3011892019100798A
11:01:12.304 [main] INFO  com.cloudframe.app.process.Sorttbl.mainlineSplit0  196 - 3021052020041817A
11:01:12.304 [main] INFO  com.cloudframe.app.process.Sorttbl.mainlineSplit0  196 - 3021372020080284I
11:01:12.305 [main] INFO  com.cloudframe.app.process.Sorttbl.mainlineSplit0  196 - 3039342018051386A
11:01:12.305 [main] INFO  com.cloudframe.app.process.Sorttbl.mainlineSplit0  196 - 3050292016021717A
11:01:12.306 [main] INFO  com.cloudframe.app.process.Sorttbl.mainlineSplit0  196 - 3061522019060392I
11:01:12.306 [main] INFO  com.cloudframe.app.process.Sorttbl.mainlineSplit0  196 - 3075152020012390I
11:01:12.306 [main] INFO  com.cloudframe.app.process.Sorttbl.mainlineSplit0  196 - 3107042017012486A
11:01:12.307 [main] INFO  com.cloudframe.app.process.Sorttbl.mainlineSplit0  196 - 3159582018022225A
11:01:12.307 [main] INFO  com.cloudframe.app.process.Sorttbl.mainlineSplit0  196 - 3170362020090435A
11:01:12.307 [main] INFO  com.cloudframe.app.process.Sorttbl.mainlineSplit0  196 - 3182332017091716I
11:01:12.308 [main] INFO  com.cloudframe.app.process.Sorttbl.mainlineSplit0  196 - 3184322018092119A
11:01:12.308 [main] INFO  com.cloudframe.app.process.Sorttbl.mainlineSplit0  196 - 3203012017092146I
11:01:12.309 [main] INFO  com.cloudframe.app.process.Sorttbl.mainlineSplit0  196 - 3203722016110480I
11:01:12.309 [main] INFO  com.cloudframe.app.process.Sorttbl.mainlineSplit0  196 - 3229692017112384I
11:01:12.309 [main] INFO  com.cloudframe.app.process.Sorttbl.mainlineSplit0  196 - 3232872017110634I
11:01:12.310 [main] INFO  com.cloudframe.app.process.Sorttbl.mainlineSplit0  196 - 3281762018022021I
11:01:12.310 [main] INFO  com.cloudframe.app.process.Sorttbl.mainlineSplit0  196 - 3295822018092271A
11:01:12.310 [main] INFO  com.cloudframe.app.process.Sorttbl.mainlineSplit0  196 - 3310702016070912A
11:01:12.311 [main] INFO  com.cloudframe.app.process.Sorttbl.mainlineSplit0  196 - 3327352020022491I
11:01:12.311 [main] INFO  com.cloudframe.app.process.Sorttbl.mainlineSplit0  196 - 3340142015100953A
11:01:12.312 [main] INFO  com.cloudframe.app.process.Sorttbl.mainlineSplit0  196 - 3348022016071497A
11:01:12.312 [main] INFO  com.cloudframe.app.process.Sorttbl.mainlineSplit0  196 - 3361442018022476I
11:01:12.312 [main] INFO  com.cloudframe.app.process.Sorttbl.mainlineSplit0  196 - 3376632020110298A
11:01:12.313 [main] INFO  com.cloudframe.app.process.Sorttbl.mainlineSplit0  196 - 3404602020052270A
11:01:12.313 [main] INFO  com.cloudframe.app.process.Sorttbl.mainlineSplit0  196 - 3423852016062414I
11:01:12.314 [main] INFO  com.cloudframe.app.process.Sorttbl.mainlineSplit0  196 - 3464332018070353A
11:01:12.314 [main] INFO  com.cloudframe.app.process.Sorttbl.mainlineSplit0  196 - 3468352015021314A
11:01:12.314 [main] INFO  com.cloudframe.app.process.Sorttbl.mainlineSplit0  196 - 3471362020012799I
11:01:12.315 [main] INFO  com.cloudframe.app.process.Sorttbl.mainlineSplit0  196 - 3474002017032370A
11:01:12.315 [main] INFO  com.cloudframe.app.process.Sorttbl.mainlineSplit0  196 - 3482132016092550I
11:01:12.316 [main] INFO  com.cloudframe.app.process.Sorttbl.mainlineSplit0  196 - 3487122015051797I
11:01:12.316 [main] INFO  com.cloudframe.app.process.Sorttbl.mainlineSplit0  196 - 3489232020071284A
11:01:12.316 [main] INFO  com.cloudframe.app.process.Sorttbl.mainlineSplit0  196 - 3506712016070764A
11:01:12.317 [main] INFO  com.cloudframe.app.process.Sorttbl.mainlineSplit0  196 - 3523022019101621A
11:01:12.317 [main] INFO  com.cloudframe.app.process.Sorttbl.mainlineSplit0  196 - 3530652016032697I
11:01:12.318 [main] INFO  com.cloudframe.app.process.Sorttbl.mainlineSplit0  196 - 3537112020111561I
11:01:12.318 [main] INFO  com.cloudframe.app.process.Sorttbl.mainlineSplit0  196 - 3564892020030126I
11:01:12.318 [main] INFO  com.cloudframe.app.process.Sorttbl.mainlineSplit0  196 - 3574612017102342A
11:01:12.319 [main] INFO  com.cloudframe.app.process.Sorttbl.mainlineSplit0  196 - 3608802016012147A
11:01:12.319 [main] INFO  com.cloudframe.app.process.Sorttbl.mainlineSplit0  196 - 3623012018040291I
11:01:12.320 [main] INFO  com.cloudframe.app.process.Sorttbl.mainlineSplit0  196 - 3625362018060954I
11:01:12.320 [main] INFO  com.cloudframe.app.process.Sorttbl.mainlineSplit0  196 - 3627592017092246A
11:01:12.320 [main] INFO  com.cloudframe.app.process.Sorttbl.mainlineSplit0  196 - 3649412017030578A
11:01:12.321 [main] INFO  com.cloudframe.app.process.Sorttbl.mainlineSplit0  196 - 3662352016020553A
11:01:12.321 [main] INFO  com.cloudframe.app.process.Sorttbl.mainlineSplit0  196 - 3687832020062551I
11:01:12.321 [main] INFO  com.cloudframe.app.process.Sorttbl.mainlineSplit0  196 - 3697082019082673A
11:01:12.322 [main] INFO  com.cloudframe.app.process.Sorttbl.mainlineSplit0  196 - 3719222020121198A
11:01:12.322 [main] INFO  com.cloudframe.app.process.Sorttbl.mainlineSplit0  196 - 3732482015032456I
11:01:12.323 [main] INFO  com.cloudframe.app.process.Sorttbl.mainlineSplit0  196 - 3736812016011451A
11:01:12.323 [main] INFO  com.cloudframe.app.process.Sorttbl.mainlineSplit0  196 - 3745432019012391I
11:01:12.323 [main] INFO  com.cloudframe.app.process.Sorttbl.mainlineSplit0  196 - 3752902015021875I
11:01:12.324 [main] INFO  com.cloudframe.app.process.Sorttbl.mainlineSplit0  196 - 3787222015012190A
11:01:12.324 [main] INFO  com.cloudframe.app.process.Sorttbl.mainlineSplit0  196 - 3813052016052664A
11:01:12.325 [main] INFO  com.cloudframe.app.process.Sorttbl.mainlineSplit0  196 - 3814852018011675A
11:01:12.328 [main] INFO  com.cloudframe.app.process.Sorttbl.mainlineSplit0  196 - 3915862018022362I
11:01:12.329 [main] INFO  com.cloudframe.app.process.Sorttbl.mainlineSplit0  196 - 3916372020071132A
11:01:12.329 [main] INFO  com.cloudframe.app.process.Sorttbl.mainlineSplit0  196 - 3944562015070935A
11:01:12.329 [main] INFO  com.cloudframe.app.process.Sorttbl.mainlineSplit0  196 - 3949702016042847I
11:01:12.330 [main] INFO  com.cloudframe.app.process.Sorttbl.mainlineSplit0  196 - 3956982016051668A
11:01:12.330 [main] INFO  com.cloudframe.app.process.Sorttbl.mainlineSplit0  196 - 3982142015050882I
11:01:12.330 [main] INFO  com.cloudframe.app.process.Sorttbl.mainlineSplit0  196 - 3997042016050543A
11:01:12.331 [main] INFO  com.cloudframe.app.process.Sorttbl.mainlineSplit0  196 - 4016322015080669A
11:01:12.331 [main] INFO  com.cloudframe.app.process.Sorttbl.mainlineSplit0  196 - 4019932018031944I
11:01:12.331 [main] INFO  com.cloudframe.app.process.Sorttbl.mainlineSplit0  196 - 4055422019021844A
11:01:12.332 [main] INFO  com.cloudframe.app.process.Sorttbl.mainlineSplit0  196 - 4135682019030388I
11:01:12.332 [main] INFO  com.cloudframe.app.process.Sorttbl.mainlineSplit0  196 - 4142532017032391A
11:01:12.332 [main] INFO  com.cloudframe.app.process.Sorttbl.mainlineSplit0  196 - 4146542015080975I
11:01:12.333 [main] INFO  com.cloudframe.app.process.Sorttbl.mainlineSplit0  196 - 4153992016040938I
11:01:12.333 [main] INFO  com.cloudframe.app.process.Sorttbl.mainlineSplit0  196 - 4175882016122297A
11:01:12.333 [main] INFO  com.cloudframe.app.process.Sorttbl.mainlineSplit0  196 - 4190592015022023A
11:01:12.334 [main] INFO  com.cloudframe.app.process.Sorttbl.mainlineSplit0  196 - 4221432020072385I
11:01:12.334 [main] INFO  com.cloudframe.app.process.Sorttbl.mainlineSplit0  196 - 4230522017040843A
11:01:12.335 [main] INFO  com.cloudframe.app.process.Sorttbl.mainlineSplit0  196 - 4313582017072347I
11:01:12.336 [main] INFO  com.cloudframe.app.process.Sorttbl.mainlineSplit0  196 - 4333602017120860I
11:01:12.336 [main] INFO  com.cloudframe.app.process.Sorttbl.mainlineSplit0  196 - 4349302017061264I
11:01:12.336 [main] INFO  com.cloudframe.app.process.Sorttbl.mainlineSplit0  196 - 4359062019041367I
11:01:12.337 [main] INFO  com.cloudframe.app.process.Sorttbl.mainlineSplit0  196 - 4379962020092798A
11:01:12.337 [main] INFO  com.cloudframe.app.process.Sorttbl.mainlineSplit0  196 - 4393602018081212I
11:01:12.338 [main] INFO  com.cloudframe.app.process.Sorttbl.mainlineSplit0  196 - 4472862017102210I
11:01:12.338 [main] INFO  com.cloudframe.app.process.Sorttbl.mainlineSplit0  196 - 4483292016041434A
11:01:12.338 [main] INFO  com.cloudframe.app.process.Sorttbl.mainlineSplit0  196 - 4483342018042593A
11:01:12.339 [main] INFO  com.cloudframe.app.process.Sorttbl.mainlineSplit0  196 - 4496202018072662I
11:01:12.339 [main] INFO  com.cloudframe.app.process.Sorttbl.mainlineSplit0  196 - 4535982018021462A
11:01:12.339 [main] INFO  com.cloudframe.app.process.Sorttbl.mainlineSplit0  196 - 4540972018032881I
11:01:12.340 [main] INFO  com.cloudframe.app.process.Sorttbl.mainlineSplit0  196 - 4555952016120690A
11:01:12.340 [main] INFO  com.cloudframe.app.process.Sorttbl.mainlineSplit0  196 - 4562132020071576I
11:01:12.341 [main] INFO  com.cloudframe.app.process.Sorttbl.mainlineSplit0  196 - 4586802019020684I
11:01:12.344 [main] INFO  com.cloudframe.app.process.Sorttbl.mainlineSplit0  196 - 4590502018041450A
11:01:12.345 [main] INFO  com.cloudframe.app.process.Sorttbl.mainlineSplit0  196 - 4616872018051952A
11:01:12.345 [main] INFO  com.cloudframe.app.process.Sorttbl.mainlineSplit0  196 - 4621182019061258A
11:01:12.345 [main] INFO  com.cloudframe.app.process.Sorttbl.mainlineSplit0  196 - 4624712016120672A
11:01:12.345 [main] INFO  com.cloudframe.app.process.Sorttbl.mainlineSplit0  196 - 4630552017110163I
11:01:12.346 [main] INFO  com.cloudframe.app.process.Sorttbl.mainlineSplit0  196 - 4639202019011021I
11:01:12.346 [main] INFO  com.cloudframe.app.process.Sorttbl.mainlineSplit0  196 - 4644692017051019I
11:01:12.346 [main] INFO  com.cloudframe.app.process.Sorttbl.mainlineSplit0  196 - 4653122017040664A
11:01:12.346 [main] INFO  com.cloudframe.app.process.Sorttbl.mainlineSplit0  196 - 4670302016121761I
11:01:12.347 [main] INFO  com.cloudframe.app.process.Sorttbl.mainlineSplit0  196 - 4702932015011553A
11:01:12.347 [main] INFO  com.cloudframe.app.process.Sorttbl.mainlineSplit0  196 - 4706492017041149A
11:01:12.347 [main] INFO  com.cloudframe.app.process.Sorttbl.mainlineSplit0  196 - 4712012016101672I
11:01:12.347 [main] INFO  com.cloudframe.app.process.Sorttbl.mainlineSplit0  196 - 4712342017060197A
11:01:12.347 [main] INFO  com.cloudframe.app.process.Sorttbl.mainlineSplit0  196 - 4748042016062488A
11:01:12.348 [main] INFO  com.cloudframe.app.process.Sorttbl.mainlineSplit0  196 - 4762162015050215I
11:01:12.348 [main] INFO  com.cloudframe.app.process.Sorttbl.mainlineSplit0  196 - 4804032020011943A
11:01:12.348 [main] INFO  com.cloudframe.app.process.Sorttbl.mainlineSplit0  196 - 4857902018110642I
11:01:12.348 [main] INFO  com.cloudframe.app.process.Sorttbl.mainlineSplit0  196 - 4860912020121558A
11:01:12.349 [main] INFO  com.cloudframe.app.process.Sorttbl.mainlineSplit0  196 - 4876942020062279A
11:01:12.349 [main] INFO  com.cloudframe.app.process.Sorttbl.mainlineSplit0  196 - 4900142018101144A
11:01:12.349 [main] INFO  com.cloudframe.app.process.Sorttbl.mainlineSplit0  196 - 4918392018110557A
11:01:12.349 [main] INFO  com.cloudframe.app.process.Sorttbl.mainlineSplit0  196 - 5003922019011823A
11:01:12.350 [main] INFO  com.cloudframe.app.process.Sorttbl.mainlineSplit0  196 - 5003972015092083I
11:01:12.350 [main] INFO  com.cloudframe.app.process.Sorttbl.mainlineSplit0  196 - 5025582019101068I
11:01:12.350 [main] INFO  com.cloudframe.app.process.Sorttbl.mainlineSplit0  196 - 5075732020052493A
11:01:12.350 [main] INFO  com.cloudframe.app.process.Sorttbl.mainlineSplit0  196 - 5089032019121813I
11:01:12.350 [main] INFO  com.cloudframe.app.process.Sorttbl.mainlineSplit0  196 - 5113812020022310I
11:01:12.350 [main] INFO  com.cloudframe.app.process.Sorttbl.mainlineSplit0  196 - 5220302015042481I
11:01:12.351 [main] INFO  com.cloudframe.app.process.Sorttbl.mainlineSplit0  196 - 5227912016121783A
11:01:12.351 [main] INFO  com.cloudframe.app.process.Sorttbl.mainlineSplit0  196 - 5249622015010893I
11:01:12.351 [main] INFO  com.cloudframe.app.process.Sorttbl.mainlineSplit0  196 - 5256522020122559A
11:01:12.352 [main] INFO  com.cloudframe.app.process.Sorttbl.mainlineSplit0  196 - 5261962019090742I
11:01:12.352 [main] INFO  com.cloudframe.app.process.Sorttbl.mainlineSplit0  196 - 5292962019122087I
11:01:12.352 [main] INFO  com.cloudframe.app.process.Sorttbl.mainlineSplit0  196 - 5297952015112317I
11:01:12.352 [main] INFO  com.cloudframe.app.process.Sorttbl.mainlineSplit0  196 - 5305842018092723I
11:01:12.353 [main] INFO  com.cloudframe.app.process.Sorttbl.mainlineSplit0  196 - 5307422018051659I
11:01:12.353 [main] INFO  com.cloudframe.app.process.Sorttbl.mainlineSplit0  196 - 5318232018051818A
11:01:12.353 [main] INFO  com.cloudframe.app.process.Sorttbl.mainlineSplit0  196 - 5334862020031212A
11:01:12.353 [main] INFO  com.cloudframe.app.process.Sorttbl.mainlineSplit0  196 - 5368892018090383A
11:01:12.353 [main] INFO  com.cloudframe.app.process.Sorttbl.mainlineSplit0  196 - 5416062018041415I
11:01:12.354 [main] INFO  com.cloudframe.app.process.Sorttbl.mainlineSplit0  196 - 5469932017060655A
11:01:12.354 [main] INFO  com.cloudframe.app.process.Sorttbl.mainlineSplit0  196 - 5493392015081394I
11:01:12.354 [main] INFO  com.cloudframe.app.process.Sorttbl.mainlineSplit0  196 - 5514972015082758I
11:01:12.354 [main] INFO  com.cloudframe.app.process.Sorttbl.mainlineSplit0  196 - 5541162018110370A
11:01:12.355 [main] INFO  com.cloudframe.app.process.Sorttbl.mainlineSplit0  196 - 5587662015111947A
11:01:12.355 [main] INFO  com.cloudframe.app.process.Sorttbl.mainlineSplit0  196 - 5601202017010566A
11:01:12.355 [main] INFO  com.cloudframe.app.process.Sorttbl.mainlineSplit0  196 - 5602862017101744A
11:01:12.355 [main] INFO  com.cloudframe.app.process.Sorttbl.mainlineSplit0  196 - 5604982015021511I
11:01:12.355 [main] INFO  com.cloudframe.app.process.Sorttbl.mainlineSplit0  196 - 5634962017010194I
11:01:12.356 [main] INFO  com.cloudframe.app.process.Sorttbl.mainlineSplit0  196 - 5648772018020170I
11:01:12.356 [main] INFO  com.cloudframe.app.process.Sorttbl.mainlineSplit0  196 - 5658382016081988A
11:01:12.356 [main] INFO  com.cloudframe.app.process.Sorttbl.mainlineSplit0  196 - 5693742015071470A
11:01:12.356 [main] INFO  com.cloudframe.app.process.Sorttbl.mainlineSplit0  196 - 5698772015091880I
11:01:12.356 [main] INFO  com.cloudframe.app.process.Sorttbl.mainlineSplit0  196 - 5724302019070381I
11:01:12.356 [main] INFO  com.cloudframe.app.process.Sorttbl.mainlineSplit0  196 - 5775892017021641A
11:01:12.357 [main] INFO  com.cloudframe.app.process.Sorttbl.mainlineSplit0  196 - 5874532016050685A
11:01:12.357 [main] INFO  com.cloudframe.app.process.Sorttbl.mainlineSplit0  196 - 5984782019011968I
11:01:12.357 [main] INFO  com.cloudframe.app.process.Sorttbl.mainlineSplit0  196 - 6030262017030884A
11:01:12.357 [main] INFO  com.cloudframe.app.process.Sorttbl.mainlineSplit0  196 - 6033092017100140A
11:01:12.357 [main] INFO  com.cloudframe.app.process.Sorttbl.mainlineSplit0  196 - 6048402020112750A
11:01:12.358 [main] INFO  com.cloudframe.app.process.Sorttbl.mainlineSplit0  196 - 6056052019081179I
11:01:12.358 [main] INFO  com.cloudframe.app.process.Sorttbl.mainlineSplit0  196 - 6086802020022548I
11:01:12.358 [main] INFO  com.cloudframe.app.process.Sorttbl.mainlineSplit0  196 - 6101902016090397A
11:01:12.358 [main] INFO  com.cloudframe.app.process.Sorttbl.mainlineSplit0  196 - 6127962020060532I
11:01:12.358 [main] INFO  com.cloudframe.app.process.Sorttbl.mainlineSplit0  196 - 6141262016060570A
11:01:12.359 [main] INFO  com.cloudframe.app.process.Sorttbl.mainlineSplit0  196 - 6157802016110643I
11:01:12.359 [main] INFO  com.cloudframe.app.process.Sorttbl.mainlineSplit0  196 - 6166912016020528A
11:01:12.359 [main] INFO  com.cloudframe.app.process.Sorttbl.mainlineSplit0  196 - 6175972015012318A
11:01:12.359 [main] INFO  com.cloudframe.app.process.Sorttbl.mainlineSplit0  196 - 6179722019052772I
11:01:12.360 [main] INFO  com.cloudframe.app.process.Sorttbl.mainlineSplit0  196 - 6190282019030257A
11:01:12.360 [main] INFO  com.cloudframe.app.process.Sorttbl.mainlineSplit0  196 - 6200642019021718A
11:01:12.360 [main] INFO  com.cloudframe.app.process.Sorttbl.mainlineSplit0  196 - 6212502015111457I
11:01:12.360 [main] INFO  com.cloudframe.app.process.Sorttbl.mainlineSplit0  196 - 6216572015082211A
11:01:12.360 [main] INFO  com.cloudframe.app.process.Sorttbl.mainlineSplit0  196 - 6241452019021262A
11:01:12.361 [main] INFO  com.cloudframe.app.process.Sorttbl.mainlineSplit0  196 - 6269392020120365A
11:01:12.361 [main] INFO  com.cloudframe.app.process.Sorttbl.mainlineSplit0  196 - 6299842016111292I
11:01:12.361 [main] INFO  com.cloudframe.app.process.Sorttbl.mainlineSplit0  196 - 6321532017042880A
11:01:12.361 [main] INFO  com.cloudframe.app.process.Sorttbl.mainlineSplit0  196 - 6323312019050576A
11:01:12.362 [main] INFO  com.cloudframe.app.process.Sorttbl.mainlineSplit0  196 - 6336142016040751A
11:01:12.362 [main] INFO  com.cloudframe.app.process.Sorttbl.mainlineSplit0  196 - 6345372019092261I
11:01:12.362 [main] INFO  com.cloudframe.app.process.Sorttbl.mainlineSplit0  196 - 6376732017112345A
11:01:12.362 [main] INFO  com.cloudframe.app.process.Sorttbl.mainlineSplit0  196 - 6396372020092364I
11:01:12.362 [main] INFO  com.cloudframe.app.process.Sorttbl.mainlineSplit0  196 - 6399342020101782A
11:01:12.363 [main] INFO  com.cloudframe.app.process.Sorttbl.mainlineSplit0  196 - 6419292018120295I
11:01:12.363 [main] INFO  com.cloudframe.app.process.Sorttbl.mainlineSplit0  196 - 6437242018040720I
11:01:12.363 [main] INFO  com.cloudframe.app.process.Sorttbl.mainlineSplit0  196 - 6475632019021783I
11:01:12.363 [main] INFO  com.cloudframe.app.process.Sorttbl.mainlineSplit0  196 - 6485622015011969A
11:01:12.363 [main] INFO  com.cloudframe.app.process.Sorttbl.mainlineSplit0  196 - 6509012020010276A
11:01:12.364 [main] INFO  com.cloudframe.app.process.Sorttbl.mainlineSplit0  196 - 6518412020121418I
11:01:12.364 [main] INFO  com.cloudframe.app.process.Sorttbl.mainlineSplit0  196 - 6523612018060763I
11:01:12.364 [main] INFO  com.cloudframe.app.process.Sorttbl.mainlineSplit0  196 - 6537142019021012A
11:01:12.364 [main] INFO  com.cloudframe.app.process.Sorttbl.mainlineSplit0  196 - 6549382015060618A
11:01:12.364 [main] INFO  com.cloudframe.app.process.Sorttbl.mainlineSplit0  196 - 6567092015060993A
11:01:12.364 [main] INFO  com.cloudframe.app.process.Sorttbl.mainlineSplit0  196 - 6584972020061889A
11:01:12.365 [main] INFO  com.cloudframe.app.process.Sorttbl.mainlineSplit0  196 - 6690602015062614I
11:01:12.365 [main] INFO  com.cloudframe.app.process.Sorttbl.mainlineSplit0  196 - 6737182019042227A
11:01:12.365 [main] INFO  com.cloudframe.app.process.Sorttbl.mainlineSplit0  196 - 6737662019030185I
11:01:12.366 [main] INFO  com.cloudframe.app.process.Sorttbl.mainlineSplit0  196 - 6743562016050926I
11:01:12.366 [main] INFO  com.cloudframe.app.process.Sorttbl.mainlineSplit0  196 - 6761722017100991A
11:01:12.366 [main] INFO  com.cloudframe.app.process.Sorttbl.mainlineSplit0  196 - 6809102019120342I
11:01:12.366 [main] INFO  com.cloudframe.app.process.Sorttbl.mainlineSplit0  196 - 6812382017040560I
11:01:12.367 [main] INFO  com.cloudframe.app.process.Sorttbl.mainlineSplit0  196 - 6856432018061676A
11:01:12.367 [main] INFO  com.cloudframe.app.process.Sorttbl.mainlineSplit0  196 - 6872702018011622I
11:01:12.367 [main] INFO  com.cloudframe.app.process.Sorttbl.mainlineSplit0  196 - 6878422016101349A
11:01:12.367 [main] INFO  com.cloudframe.app.process.Sorttbl.mainlineSplit0  196 - 6878502018010451A
11:01:12.368 [main] INFO  com.cloudframe.app.process.Sorttbl.mainlineSplit0  196 - 6931022018122890I
11:01:12.368 [main] INFO  com.cloudframe.app.process.Sorttbl.mainlineSplit0  196 - 6937332018050849A
11:01:12.368 [main] INFO  com.cloudframe.app.process.Sorttbl.mainlineSplit0  196 - 6961762018030724A
11:01:12.368 [main] INFO  com.cloudframe.app.process.Sorttbl.mainlineSplit0  196 - 7002502015010122I
11:01:12.369 [main] INFO  com.cloudframe.app.process.Sorttbl.mainlineSplit0  196 - 7095022020031399A
11:01:12.369 [main] INFO  com.cloudframe.app.process.Sorttbl.mainlineSplit0  196 - 7113792015111841I
11:01:12.369 [main] INFO  com.cloudframe.app.process.Sorttbl.mainlineSplit0  196 - 7132972016112271I
11:01:12.369 [main] INFO  com.cloudframe.app.process.Sorttbl.mainlineSplit0  196 - 7151052019060867A
11:01:12.369 [main] INFO  com.cloudframe.app.process.Sorttbl.mainlineSplit0  196 - 7162382020111696A
11:01:12.370 [main] INFO  com.cloudframe.app.process.Sorttbl.mainlineSplit0  196 - 7185412017021666I
11:01:12.370 [main] INFO  com.cloudframe.app.process.Sorttbl.mainlineSplit0  196 - 7212772020082759A
11:01:12.370 [main] INFO  com.cloudframe.app.process.Sorttbl.mainlineSplit0  196 - 7218032015021825I
11:01:12.370 [main] INFO  com.cloudframe.app.process.Sorttbl.mainlineSplit0  196 - 7264892020110922A
11:01:12.371 [main] INFO  com.cloudframe.app.process.Sorttbl.mainlineSplit0  196 - 7268682015011556A
11:01:12.371 [main] INFO  com.cloudframe.app.process.Sorttbl.mainlineSplit0  196 - 7289702019060681I
11:01:12.371 [main] INFO  com.cloudframe.app.process.Sorttbl.mainlineSplit0  196 - 7290742019022284I
11:01:12.371 [main] INFO  com.cloudframe.app.process.Sorttbl.mainlineSplit0  196 - 7319692015062189I
11:01:12.372 [main] INFO  com.cloudframe.app.process.Sorttbl.mainlineSplit0  196 - 7322052016070149A
11:01:12.372 [main] INFO  com.cloudframe.app.process.Sorttbl.mainlineSplit0  196 - 7325902016011854I
11:01:12.372 [main] INFO  com.cloudframe.app.process.Sorttbl.mainlineSplit0  196 - 7364572019030162I
11:01:12.372 [main] INFO  com.cloudframe.app.process.Sorttbl.mainlineSplit0  196 - 7367472020101324I
11:01:12.372 [main] INFO  com.cloudframe.app.process.Sorttbl.mainlineSplit0  196 - 7379962019101936A
11:01:12.373 [main] INFO  com.cloudframe.app.process.Sorttbl.mainlineSplit0  196 - 7391502020011069I
11:01:12.373 [main] INFO  com.cloudframe.app.process.Sorttbl.mainlineSplit0  196 - 7407892020040495I
11:01:12.373 [main] INFO  com.cloudframe.app.process.Sorttbl.mainlineSplit0  196 - 7458242018100922A
11:01:12.373 [main] INFO  com.cloudframe.app.process.Sorttbl.mainlineSplit0  196 - 7459652019062583A
11:01:12.374 [main] INFO  com.cloudframe.app.process.Sorttbl.mainlineSplit0  196 - 7464392015072415I
11:01:12.374 [main] INFO  com.cloudframe.app.process.Sorttbl.mainlineSplit0  196 - 7489962017010134I
11:01:12.374 [main] INFO  com.cloudframe.app.process.Sorttbl.mainlineSplit0  196 - 7530892016022631I
11:01:12.374 [main] INFO  com.cloudframe.app.process.Sorttbl.mainlineSplit0  196 - 7535222018081821A
11:01:12.374 [main] INFO  com.cloudframe.app.process.Sorttbl.mainlineSplit0  196 - 7541622017081954I
11:01:12.375 [main] INFO  com.cloudframe.app.process.Sorttbl.mainlineSplit0  196 - 7547702017081754I
11:01:12.375 [main] INFO  com.cloudframe.app.process.Sorttbl.mainlineSplit0  196 - 7579822018062632I
11:01:12.375 [main] INFO  com.cloudframe.app.process.Sorttbl.mainlineSplit0  196 - 7587682015112411A
11:01:12.375 [main] INFO  com.cloudframe.app.process.Sorttbl.mainlineSplit0  196 - 7595982018071068A
11:01:12.376 [main] INFO  com.cloudframe.app.process.Sorttbl.mainlineSplit0  196 - 7599892015071112I
11:01:12.376 [main] INFO  com.cloudframe.app.process.Sorttbl.mainlineSplit0  196 - 7601392015032774A
11:01:12.376 [main] INFO  com.cloudframe.app.process.Sorttbl.mainlineSplit0  196 - 7628622016062845A
11:01:12.376 [main] INFO  com.cloudframe.app.process.Sorttbl.mainlineSplit0  196 - 7661782020090328I
11:01:12.376 [main] INFO  com.cloudframe.app.process.Sorttbl.mainlineSplit0  196 - 7679432020062252I
11:01:12.377 [main] INFO  com.cloudframe.app.process.Sorttbl.mainlineSplit0  196 - 7689722019081833I
11:01:12.377 [main] INFO  com.cloudframe.app.process.Sorttbl.mainlineSplit0  196 - 7767222015092530I
11:01:12.377 [main] INFO  com.cloudframe.app.process.Sorttbl.mainlineSplit0  196 - 7794512017011058A
11:01:12.377 [main] INFO  com.cloudframe.app.process.Sorttbl.mainlineSplit0  196 - 7795782020091925I
11:01:12.378 [main] INFO  com.cloudframe.app.process.Sorttbl.mainlineSplit0  196 - 7860112016020313I
11:01:12.378 [main] INFO  com.cloudframe.app.process.Sorttbl.mainlineSplit0  196 - 7863242020052289A
11:01:12.378 [main] INFO  com.cloudframe.app.process.Sorttbl.mainlineSplit0  196 - 7878102017030192A
11:01:12.378 [main] INFO  com.cloudframe.app.process.Sorttbl.mainlineSplit0  196 - 7905062019122452I
11:01:12.378 [main] INFO  com.cloudframe.app.process.Sorttbl.mainlineSplit0  196 - 7907962017122871I
11:01:12.379 [main] INFO  com.cloudframe.app.process.Sorttbl.mainlineSplit0  196 - 7967962016012241I
11:01:12.379 [main] INFO  com.cloudframe.app.process.Sorttbl.mainlineSplit0  196 - 7998502015020425A
11:01:12.379 [main] INFO  com.cloudframe.app.process.Sorttbl.mainlineSplit0  196 - 8017422015092688A
11:01:12.379 [main] INFO  com.cloudframe.app.process.Sorttbl.mainlineSplit0  196 - 8039172017071243I
11:01:12.379 [main] INFO  com.cloudframe.app.process.Sorttbl.mainlineSplit0  196 - 8058412020110429I
11:01:12.381 [main] INFO  com.cloudframe.app.process.Sorttbl.mainlineSplit0  196 - 8082202015112177A
11:01:12.381 [main] INFO  com.cloudframe.app.process.Sorttbl.mainlineSplit0  196 - 8114202017062292I
11:01:12.381 [main] INFO  com.cloudframe.app.process.Sorttbl.mainlineSplit0  196 - 8162752020120880I
11:01:12.381 [main] INFO  com.cloudframe.app.process.Sorttbl.mainlineSplit0  196 - 8172442019012193A
11:01:12.382 [main] INFO  com.cloudframe.app.process.Sorttbl.mainlineSplit0  196 - 8186402017041681A
11:01:12.382 [main] INFO  com.cloudframe.app.process.Sorttbl.mainlineSplit0  196 - 8189622018070681I
11:01:12.383 [main] INFO  com.cloudframe.app.process.Sorttbl.mainlineSplit0  196 - 8212982020021579I
11:01:12.383 [main] INFO  com.cloudframe.app.process.Sorttbl.mainlineSplit0  196 - 8281542019062366I
11:01:12.383 [main] INFO  com.cloudframe.app.process.Sorttbl.mainlineSplit0  196 - 8298042018032084I
11:01:12.384 [main] INFO  com.cloudframe.app.process.Sorttbl.mainlineSplit0  196 - 8328042018021762A
11:01:12.384 [main] INFO  com.cloudframe.app.process.Sorttbl.mainlineSplit0  196 - 8370702019022789I
11:01:12.384 [main] INFO  com.cloudframe.app.process.Sorttbl.mainlineSplit0  196 - 8377292016052864I
11:01:12.384 [main] INFO  com.cloudframe.app.process.Sorttbl.mainlineSplit0  196 - 8381912015082830A
11:01:12.385 [main] INFO  com.cloudframe.app.process.Sorttbl.mainlineSplit0  196 - 8401852015110410I
11:01:12.385 [main] INFO  com.cloudframe.app.process.Sorttbl.mainlineSplit0  196 - 8436172018121247I
11:01:12.385 [main] INFO  com.cloudframe.app.process.Sorttbl.mainlineSplit0  196 - 8444082017010946I
11:01:12.385 [main] INFO  com.cloudframe.app.process.Sorttbl.mainlineSplit0  196 - 8492722018042670A
11:01:12.385 [main] INFO  com.cloudframe.app.process.Sorttbl.mainlineSplit0  196 - 8494192020121351I
11:01:12.386 [main] INFO  com.cloudframe.app.process.Sorttbl.mainlineSplit0  196 - 8583572015072365I
11:01:12.386 [main] INFO  com.cloudframe.app.process.Sorttbl.mainlineSplit0  196 - 8591562019102496I
11:01:12.386 [main] INFO  com.cloudframe.app.process.Sorttbl.mainlineSplit0  196 - 8593532018100362I
11:01:12.386 [main] INFO  com.cloudframe.app.process.Sorttbl.mainlineSplit0  196 - 8621782019061157I
11:01:12.387 [main] INFO  com.cloudframe.app.process.Sorttbl.mainlineSplit0  196 - 8659102019011499A
11:01:12.387 [main] INFO  com.cloudframe.app.process.Sorttbl.mainlineSplit0  196 - 8676432015042151I
11:01:12.387 [main] INFO  com.cloudframe.app.process.Sorttbl.mainlineSplit0  196 - 8678782015020874I
11:01:12.387 [main] INFO  com.cloudframe.app.process.Sorttbl.mainlineSplit0  196 - 8691302017011626I
11:01:12.387 [main] INFO  com.cloudframe.app.process.Sorttbl.mainlineSplit0  196 - 8697442015120938A
11:01:12.387 [main] INFO  com.cloudframe.app.process.Sorttbl.mainlineSplit0  196 - 8704932018060440A
11:01:12.388 [main] INFO  com.cloudframe.app.process.Sorttbl.mainlineSplit0  196 - 8706522017062319I
11:01:12.388 [main] INFO  com.cloudframe.app.process.Sorttbl.mainlineSplit0  196 - 8723842020080621I
11:01:12.388 [main] INFO  com.cloudframe.app.process.Sorttbl.mainlineSplit0  196 - 8756502018090786A
11:01:12.388 [main] INFO  com.cloudframe.app.process.Sorttbl.mainlineSplit0  196 - 8822752017020618I
11:01:12.388 [main] INFO  com.cloudframe.app.process.Sorttbl.mainlineSplit0  196 - 8824242018122229I
11:01:12.389 [main] INFO  com.cloudframe.app.process.Sorttbl.mainlineSplit0  196 - 8825592018082364A
11:01:12.389 [main] INFO  com.cloudframe.app.process.Sorttbl.mainlineSplit0  196 - 8828342015051863I
11:01:12.389 [main] INFO  com.cloudframe.app.process.Sorttbl.mainlineSplit0  196 - 8839702018092349I
11:01:12.389 [main] INFO  com.cloudframe.app.process.Sorttbl.mainlineSplit0  196 - 8852202018051397I
11:01:12.389 [main] INFO  com.cloudframe.app.process.Sorttbl.mainlineSplit0  196 - 8875572015062028A
11:01:12.389 [main] INFO  com.cloudframe.app.process.Sorttbl.mainlineSplit0  196 - 8877932015080641I
11:01:12.390 [main] INFO  com.cloudframe.app.process.Sorttbl.mainlineSplit0  196 - 8881832016070162I
11:01:12.390 [main] INFO  com.cloudframe.app.process.Sorttbl.mainlineSplit0  196 - 8903662016022276I
11:01:12.390 [main] INFO  com.cloudframe.app.process.Sorttbl.mainlineSplit0  196 - 8923822016100946I
11:01:12.390 [main] INFO  com.cloudframe.app.process.Sorttbl.mainlineSplit0  196 - 8962432018012443I
11:01:12.390 [main] INFO  com.cloudframe.app.process.Sorttbl.mainlineSplit0  196 - 8965252020101028I
11:01:12.391 [main] INFO  com.cloudframe.app.process.Sorttbl.mainlineSplit0  196 - 9040832017082745I
11:01:12.391 [main] INFO  com.cloudframe.app.process.Sorttbl.mainlineSplit0  196 - 9054192015022775I
11:01:12.391 [main] INFO  com.cloudframe.app.process.Sorttbl.mainlineSplit0  196 - 9055972019050182A
11:01:12.391 [main] INFO  com.cloudframe.app.process.Sorttbl.mainlineSplit0  196 - 9064752016082153A
11:01:12.391 [main] INFO  com.cloudframe.app.process.Sorttbl.mainlineSplit0  196 - 9085582019032474A
11:01:12.391 [main] INFO  com.cloudframe.app.process.Sorttbl.mainlineSplit0  196 - 9092592016020749I
11:01:12.392 [main] INFO  com.cloudframe.app.process.Sorttbl.mainlineSplit0  196 - 9126212015021679A
11:01:12.392 [main] INFO  com.cloudframe.app.process.Sorttbl.mainlineSplit0  196 - 9127732018080951I
11:01:12.392 [main] INFO  com.cloudframe.app.process.Sorttbl.mainlineSplit0  196 - 9155252017071026A
11:01:12.392 [main] INFO  com.cloudframe.app.process.Sorttbl.mainlineSplit0  196 - 9156992018111935I
11:01:12.392 [main] INFO  com.cloudframe.app.process.Sorttbl.mainlineSplit0  196 - 9177802019041569A
11:01:12.393 [main] INFO  com.cloudframe.app.process.Sorttbl.mainlineSplit0  196 - 9189292015041849I
11:01:12.393 [main] INFO  com.cloudframe.app.process.Sorttbl.mainlineSplit0  196 - 9195952016011292I
11:01:12.393 [main] INFO  com.cloudframe.app.process.Sorttbl.mainlineSplit0  196 - 9196852017122848I
11:01:12.393 [main] INFO  com.cloudframe.app.process.Sorttbl.mainlineSplit0  196 - 9203132019010461A
11:01:12.393 [main] INFO  com.cloudframe.app.process.Sorttbl.mainlineSplit0  196 - 9277562020102396A
11:01:12.393 [main] INFO  com.cloudframe.app.process.Sorttbl.mainlineSplit0  196 - 9327112015012897I
11:01:12.394 [main] INFO  com.cloudframe.app.process.Sorttbl.mainlineSplit0  196 - 9361112016020238A
11:01:12.394 [main] INFO  com.cloudframe.app.process.Sorttbl.mainlineSplit0  196 - 9362032020120844I
11:01:12.394 [main] INFO  com.cloudframe.app.process.Sorttbl.mainlineSplit0  196 - 9383402019072021A
11:01:12.394 [main] INFO  com.cloudframe.app.process.Sorttbl.mainlineSplit0  196 - 9399542019101824I
11:01:12.394 [main] INFO  com.cloudframe.app.process.Sorttbl.mainlineSplit0  196 - 9423752017060886I
11:01:12.395 [main] INFO  com.cloudframe.app.process.Sorttbl.mainlineSplit0  196 - 9430832017021988I
11:01:12.395 [main] INFO  com.cloudframe.app.process.Sorttbl.mainlineSplit0  196 - 9436972018111057A
11:01:12.395 [main] INFO  com.cloudframe.app.process.Sorttbl.mainlineSplit0  196 - 9475052015052016I
11:01:12.395 [main] INFO  com.cloudframe.app.process.Sorttbl.mainlineSplit0  196 - 9488472016021549I
11:01:12.395 [main] INFO  com.cloudframe.app.process.Sorttbl.mainlineSplit0  196 - 9530012019042112I
11:01:12.396 [main] INFO  com.cloudframe.app.process.Sorttbl.mainlineSplit0  196 - 9532592018090120I
11:01:12.396 [main] INFO  com.cloudframe.app.process.Sorttbl.mainlineSplit0  196 - 9556982015020327I
11:01:12.396 [main] INFO  com.cloudframe.app.process.Sorttbl.mainlineSplit0  196 - 9583372015042366A
11:01:12.396 [main] INFO  com.cloudframe.app.process.Sorttbl.mainlineSplit0  196 - 9611462016011224I
11:01:12.396 [main] INFO  com.cloudframe.app.process.Sorttbl.mainlineSplit0  196 - 9632442018122515A
11:01:12.397 [main] INFO  com.cloudframe.app.process.Sorttbl.mainlineSplit0  196 - 9658212020012034I
11:01:12.397 [main] INFO  com.cloudframe.app.process.Sorttbl.mainlineSplit0  196 - 9658542018052556I
11:01:12.397 [main] INFO  com.cloudframe.app.process.Sorttbl.mainlineSplit0  196 - 9664872017122094I
11:01:12.397 [main] INFO  com.cloudframe.app.process.Sorttbl.mainlineSplit0  196 - 9682062018071051I
11:01:12.397 [main] INFO  com.cloudframe.app.process.Sorttbl.mainlineSplit0  196 - 9691602020031416I
11:01:12.397 [main] INFO  com.cloudframe.app.process.Sorttbl.mainlineSplit0  196 - 9710342020062092I
11:01:12.398 [main] INFO  com.cloudframe.app.process.Sorttbl.mainlineSplit0  196 - 9723752020070844I
11:01:12.398 [main] INFO  com.cloudframe.app.process.Sorttbl.mainlineSplit0  196 - 9737702019092294A
11:01:12.398 [main] INFO  com.cloudframe.app.process.Sorttbl.mainlineSplit0  196 - 9768202018080820A
11:01:12.398 [main] INFO  com.cloudframe.app.process.Sorttbl.mainlineSplit0  196 - 9797082015050888A
11:01:12.398 [main] INFO  com.cloudframe.app.process.Sorttbl.mainlineSplit0  196 - 9934262018030249A
11:01:12.399 [main] INFO  com.cloudframe.app.process.Sorttbl.mainlineSplit0  196 - 9948692016092214A
11:01:12.399 [main] INFO  com.cloudframe.app.process.Sorttbl.mainlineSplit0  196 - 9953652015080343I
11:01:12.399 [main] INFO  com.cloudframe.app.process.Sorttbl.mainlineSplit0  196 - 9984122020072078A
11:01:12.399 [main] INFO  com.cloudframe.app.process.Sorttbl.mainlineSplit0  196 - 9988352016032891A
11:01:12.399 [main] INFO  com.cloudframe.app.process.Sorttbl.mainlineSplit0  199 -  
11:01:12.399 [main] INFO  com.cloudframe.app.process.Sorttbl.mainlineSplit0  201 - <<<<<<<
11:01:12.400 [main] INFO  com.cloudframe.app.process.Sorttbl.mainlineSplit0  203 -  
11:01:12.421 [main] INFO  com.cloudframe.app.process.Sorttbl.mainlineSplit0  241 - >>>>>>>
11:01:12.422 [main] INFO  com.cloudframe.app.process.Sorttbl.mainlineSplit0  243 -  
11:01:12.422 [main] INFO  com.cloudframe.app.process.Sorttbl.mainlineSplit0  245 - SORTED TABLE (DUPLICATES)
11:01:12.422 [main] INFO  com.cloudframe.app.process.Sorttbl.mainlineSplit0  247 -  
11:01:12.423 [main] INFO  com.cloudframe.app.process.Sorttbl.mainlineSplit0  251 - 0089452018040522A
11:01:12.423 [main] INFO  com.cloudframe.app.process.Sorttbl.mainlineSplit0  251 - 0128012018032487I
11:01:12.423 [main] INFO  com.cloudframe.app.process.Sorttbl.mainlineSplit0  251 - 0147342015032332I
11:01:12.424 [main] INFO  com.cloudframe.app.process.Sorttbl.mainlineSplit0  251 - 0350792016090811I
11:01:12.424 [main] INFO  com.cloudframe.app.process.Sorttbl.mainlineSplit0  251 - 0456872019120796I
11:01:12.424 [main] INFO  com.cloudframe.app.process.Sorttbl.mainlineSplit0  251 - 0456872019120762I
11:01:12.424 [main] INFO  com.cloudframe.app.process.Sorttbl.mainlineSplit0  251 - 0456872019120792A
11:01:12.424 [main] INFO  com.cloudframe.app.process.Sorttbl.mainlineSplit0  251 - 0484452016081546A
11:01:12.425 [main] INFO  com.cloudframe.app.process.Sorttbl.mainlineSplit0  251 - 0484452016081593A
11:01:12.425 [main] INFO  com.cloudframe.app.process.Sorttbl.mainlineSplit0  251 - 0485892017012885I
11:01:12.425 [main] INFO  com.cloudframe.app.process.Sorttbl.mainlineSplit0  251 - 0527892020010118A
11:01:12.425 [main] INFO  com.cloudframe.app.process.Sorttbl.mainlineSplit0  251 - 0527892020010158I
11:01:12.425 [main] INFO  com.cloudframe.app.process.Sorttbl.mainlineSplit0  251 - 0567462015051524I
11:01:12.426 [main] INFO  com.cloudframe.app.process.Sorttbl.mainlineSplit0  251 - 0575502016081580I
11:01:12.426 [main] INFO  com.cloudframe.app.process.Sorttbl.mainlineSplit0  251 - 0670522016101157A
11:01:12.426 [main] INFO  com.cloudframe.app.process.Sorttbl.mainlineSplit0  251 - 0670522016101123I
11:01:12.426 [main] INFO  com.cloudframe.app.process.Sorttbl.mainlineSplit0  251 - 0685402018030125A
11:01:12.426 [main] INFO  com.cloudframe.app.process.Sorttbl.mainlineSplit0  251 - 0711672016101691A
11:01:12.427 [main] INFO  com.cloudframe.app.process.Sorttbl.mainlineSplit0  251 - 0711672016101683A
11:01:12.427 [main] INFO  com.cloudframe.app.process.Sorttbl.mainlineSplit0  251 - 0725612019110211A
11:01:12.427 [main] INFO  com.cloudframe.app.process.Sorttbl.mainlineSplit0  251 - 0767102018082029I
11:01:12.427 [main] INFO  com.cloudframe.app.process.Sorttbl.mainlineSplit0  251 - 0794102017042081I
11:01:12.427 [main] INFO  com.cloudframe.app.process.Sorttbl.mainlineSplit0  251 - 0818392015081659A
11:01:12.428 [main] INFO  com.cloudframe.app.process.Sorttbl.mainlineSplit0  251 - 0839012019011063I
11:01:12.428 [main] INFO  com.cloudframe.app.process.Sorttbl.mainlineSplit0  251 - 0962962020011278A
11:01:12.428 [main] INFO  com.cloudframe.app.process.Sorttbl.mainlineSplit0  251 - 0962962020011254A
11:01:12.428 [main] INFO  com.cloudframe.app.process.Sorttbl.mainlineSplit0  251 - 0962962020011231A
11:01:12.429 [main] INFO  com.cloudframe.app.process.Sorttbl.mainlineSplit0  251 - 0985042015081822I
11:01:12.429 [main] INFO  com.cloudframe.app.process.Sorttbl.mainlineSplit0  251 - 0985042015081836I
11:01:12.429 [main] INFO  com.cloudframe.app.process.Sorttbl.mainlineSplit0  251 - 0986152015061047I
11:01:12.429 [main] INFO  com.cloudframe.app.process.Sorttbl.mainlineSplit0  251 - 0986152015061021A
11:01:12.429 [main] INFO  com.cloudframe.app.process.Sorttbl.mainlineSplit0  251 - 0999032020052855I
11:01:12.430 [main] INFO  com.cloudframe.app.process.Sorttbl.mainlineSplit0  251 - 0999032020052846I
11:01:12.430 [main] INFO  com.cloudframe.app.process.Sorttbl.mainlineSplit0  251 - 1159672015012777I
11:01:12.431 [main] INFO  com.cloudframe.app.process.Sorttbl.mainlineSplit0  251 - 1232782020110972A
11:01:12.431 [main] INFO  com.cloudframe.app.process.Sorttbl.mainlineSplit0  251 - 1324612018012444I
11:01:12.432 [main] INFO  com.cloudframe.app.process.Sorttbl.mainlineSplit0  251 - 1326802016012249I
11:01:12.432 [main] INFO  com.cloudframe.app.process.Sorttbl.mainlineSplit0  251 - 1326802016012233A
11:01:12.432 [main] INFO  com.cloudframe.app.process.Sorttbl.mainlineSplit0  251 - 1326802016012226A
11:01:12.432 [main] INFO  com.cloudframe.app.process.Sorttbl.mainlineSplit0  251 - 1326802016012288I
11:01:12.433 [main] INFO  com.cloudframe.app.process.Sorttbl.mainlineSplit0  251 - 1326802016012232A
11:01:12.433 [main] INFO  com.cloudframe.app.process.Sorttbl.mainlineSplit0  251 - 1471392019041917I
11:01:12.433 [main] INFO  com.cloudframe.app.process.Sorttbl.mainlineSplit0  251 - 1484162016120370A
11:01:12.433 [main] INFO  com.cloudframe.app.process.Sorttbl.mainlineSplit0  251 - 1484162016120369A
11:01:12.434 [main] INFO  com.cloudframe.app.process.Sorttbl.mainlineSplit0  251 - 1484162016120336I
11:01:12.434 [main] INFO  com.cloudframe.app.process.Sorttbl.mainlineSplit0  251 - 1544172015071176A
11:01:12.434 [main] INFO  com.cloudframe.app.process.Sorttbl.mainlineSplit0  251 - 1614282018011317I
11:01:12.434 [main] INFO  com.cloudframe.app.process.Sorttbl.mainlineSplit0  251 - 1614282018011396A
11:01:12.434 [main] INFO  com.cloudframe.app.process.Sorttbl.mainlineSplit0  251 - 1663892020012367I
11:01:12.434 [main] INFO  com.cloudframe.app.process.Sorttbl.mainlineSplit0  251 - 1663892020012313A
11:01:12.435 [main] INFO  com.cloudframe.app.process.Sorttbl.mainlineSplit0  251 - 1663892020012387A
11:01:12.435 [main] INFO  com.cloudframe.app.process.Sorttbl.mainlineSplit0  251 - 1715022020010957A
11:01:12.435 [main] INFO  com.cloudframe.app.process.Sorttbl.mainlineSplit0  251 - 1721002019112852I
11:01:12.435 [main] INFO  com.cloudframe.app.process.Sorttbl.mainlineSplit0  251 - 1777832020110826I
11:01:12.436 [main] INFO  com.cloudframe.app.process.Sorttbl.mainlineSplit0  251 - 1893732017091950A
11:01:12.436 [main] INFO  com.cloudframe.app.process.Sorttbl.mainlineSplit0  251 - 1906282015081328A
11:01:12.436 [main] INFO  com.cloudframe.app.process.Sorttbl.mainlineSplit0  251 - 1986042015111062I
11:01:12.436 [main] INFO  com.cloudframe.app.process.Sorttbl.mainlineSplit0  251 - 2014562018022766A
11:01:12.436 [main] INFO  com.cloudframe.app.process.Sorttbl.mainlineSplit0  251 - 2014562018022775A
11:01:12.437 [main] INFO  com.cloudframe.app.process.Sorttbl.mainlineSplit0  251 - 2014562018022766I
11:01:12.437 [main] INFO  com.cloudframe.app.process.Sorttbl.mainlineSplit0  251 - 2014562018022763A
11:01:12.437 [main] INFO  com.cloudframe.app.process.Sorttbl.mainlineSplit0  251 - 2014562018022715I
11:01:12.437 [main] INFO  com.cloudframe.app.process.Sorttbl.mainlineSplit0  251 - 2014562018022739I
11:01:12.438 [main] INFO  com.cloudframe.app.process.Sorttbl.mainlineSplit0  251 - 2014562018022742A
11:01:12.438 [main] INFO  com.cloudframe.app.process.Sorttbl.mainlineSplit0  251 - 2014562018022795I
11:01:12.438 [main] INFO  com.cloudframe.app.process.Sorttbl.mainlineSplit0  251 - 2014562018022734A
11:01:12.438 [main] INFO  com.cloudframe.app.process.Sorttbl.mainlineSplit0  251 - 2014562018022781A
11:01:12.439 [main] INFO  com.cloudframe.app.process.Sorttbl.mainlineSplit0  251 - 2014562018022722I
11:01:12.439 [main] INFO  com.cloudframe.app.process.Sorttbl.mainlineSplit0  251 - 2032082020102038A
11:01:12.439 [main] INFO  com.cloudframe.app.process.Sorttbl.mainlineSplit0  251 - 2032082020102079I
11:01:12.439 [main] INFO  com.cloudframe.app.process.Sorttbl.mainlineSplit0  251 - 2032082020102077I
11:01:12.439 [main] INFO  com.cloudframe.app.process.Sorttbl.mainlineSplit0  251 - 2050252018021262A
11:01:12.440 [main] INFO  com.cloudframe.app.process.Sorttbl.mainlineSplit0  251 - 2060022018030890A
11:01:12.440 [main] INFO  com.cloudframe.app.process.Sorttbl.mainlineSplit0  251 - 2060022018030858I
11:01:12.440 [main] INFO  com.cloudframe.app.process.Sorttbl.mainlineSplit0  251 - 2081752016021862I
11:01:12.440 [main] INFO  com.cloudframe.app.process.Sorttbl.mainlineSplit0  251 - 2081752016021899A
11:01:12.441 [main] INFO  com.cloudframe.app.process.Sorttbl.mainlineSplit0  251 - 2109022019021482I
11:01:12.441 [main] INFO  com.cloudframe.app.process.Sorttbl.mainlineSplit0  251 - 2114142015122283I
11:01:12.441 [main] INFO  com.cloudframe.app.process.Sorttbl.mainlineSplit0  251 - 2114142015122266A
11:01:12.441 [main] INFO  com.cloudframe.app.process.Sorttbl.mainlineSplit0  251 - 2114142015122252A
11:01:12.441 [main] INFO  com.cloudframe.app.process.Sorttbl.mainlineSplit0  251 - 2114142015122236I
11:01:12.442 [main] INFO  com.cloudframe.app.process.Sorttbl.mainlineSplit0  251 - 2216192020110188I
11:01:12.442 [main] INFO  com.cloudframe.app.process.Sorttbl.mainlineSplit0  251 - 2234232016100341I
11:01:12.442 [main] INFO  com.cloudframe.app.process.Sorttbl.mainlineSplit0  251 - 2234232016100360I
11:01:12.442 [main] INFO  com.cloudframe.app.process.Sorttbl.mainlineSplit0  251 - 2244842017051632A
11:01:12.443 [main] INFO  com.cloudframe.app.process.Sorttbl.mainlineSplit0  251 - 2286892019050612A
11:01:12.443 [main] INFO  com.cloudframe.app.process.Sorttbl.mainlineSplit0  251 - 2286892019050664A
11:01:12.443 [main] INFO  com.cloudframe.app.process.Sorttbl.mainlineSplit0  251 - 2288072020061152I
11:01:12.443 [main] INFO  com.cloudframe.app.process.Sorttbl.mainlineSplit0  251 - 2298022015091927A
11:01:12.444 [main] INFO  com.cloudframe.app.process.Sorttbl.mainlineSplit0  251 - 2298022015091972A
11:01:12.444 [main] INFO  com.cloudframe.app.process.Sorttbl.mainlineSplit0  251 - 2300432018090546I
11:01:12.444 [main] INFO  com.cloudframe.app.process.Sorttbl.mainlineSplit0  251 - 2300432018090595I
11:01:12.444 [main] INFO  com.cloudframe.app.process.Sorttbl.mainlineSplit0  251 - 2300432018090551A
11:01:12.445 [main] INFO  com.cloudframe.app.process.Sorttbl.mainlineSplit0  251 - 2300432018090564A
11:01:12.445 [main] INFO  com.cloudframe.app.process.Sorttbl.mainlineSplit0  251 - 2348722018081874I
11:01:12.445 [main] INFO  com.cloudframe.app.process.Sorttbl.mainlineSplit0  251 - 2348722018081812A
11:01:12.445 [main] INFO  com.cloudframe.app.process.Sorttbl.mainlineSplit0  251 - 2391302018111547I
11:01:12.445 [main] INFO  com.cloudframe.app.process.Sorttbl.mainlineSplit0  251 - 2391302018111598A
11:01:12.446 [main] INFO  com.cloudframe.app.process.Sorttbl.mainlineSplit0  251 - 2391302018111520I
11:01:12.446 [main] INFO  com.cloudframe.app.process.Sorttbl.mainlineSplit0  251 - 2391302018111558I
11:01:12.446 [main] INFO  com.cloudframe.app.process.Sorttbl.mainlineSplit0  251 - 2391302018111595A
11:01:12.446 [main] INFO  com.cloudframe.app.process.Sorttbl.mainlineSplit0  251 - 2450102016030257A
11:01:12.447 [main] INFO  com.cloudframe.app.process.Sorttbl.mainlineSplit0  251 - 2454652018112733A
11:01:12.447 [main] INFO  com.cloudframe.app.process.Sorttbl.mainlineSplit0  251 - 2523022015040491A
11:01:12.447 [main] INFO  com.cloudframe.app.process.Sorttbl.mainlineSplit0  251 - 2523022015040483A
11:01:12.447 [main] INFO  com.cloudframe.app.process.Sorttbl.mainlineSplit0  251 - 2603862018040813I
11:01:12.448 [main] INFO  com.cloudframe.app.process.Sorttbl.mainlineSplit0  251 - 2631852017081411A
11:01:12.448 [main] INFO  com.cloudframe.app.process.Sorttbl.mainlineSplit0  251 - 2637062017080472A
11:01:12.448 [main] INFO  com.cloudframe.app.process.Sorttbl.mainlineSplit0  251 - 2673582018031619A
11:01:12.448 [main] INFO  com.cloudframe.app.process.Sorttbl.mainlineSplit0  251 - 2769812016102754I
11:01:12.449 [main] INFO  com.cloudframe.app.process.Sorttbl.mainlineSplit0  251 - 2781232020110916A
11:01:12.449 [main] INFO  com.cloudframe.app.process.Sorttbl.mainlineSplit0  251 - 2787692020110984A
11:01:12.449 [main] INFO  com.cloudframe.app.process.Sorttbl.mainlineSplit0  251 - 2787692017110949I
11:01:12.449 [main] INFO  com.cloudframe.app.process.Sorttbl.mainlineSplit0  251 - 2787692017110974A
11:01:12.449 [main] INFO  com.cloudframe.app.process.Sorttbl.mainlineSplit0  251 - 2787692017110914A
11:01:12.450 [main] INFO  com.cloudframe.app.process.Sorttbl.mainlineSplit0  251 - 2787692017110939A
11:01:12.450 [main] INFO  com.cloudframe.app.process.Sorttbl.mainlineSplit0  251 - 2901912020061178A
11:01:12.450 [main] INFO  com.cloudframe.app.process.Sorttbl.mainlineSplit0  251 - 2901912020061187A
11:01:12.450 [main] INFO  com.cloudframe.app.process.Sorttbl.mainlineSplit0  251 - 2901912020061161I
11:01:12.451 [main] INFO  com.cloudframe.app.process.Sorttbl.mainlineSplit0  251 - 2901912020061131I
11:01:12.451 [main] INFO  com.cloudframe.app.process.Sorttbl.mainlineSplit0  251 - 2954472018052868A
11:01:12.451 [main] INFO  com.cloudframe.app.process.Sorttbl.mainlineSplit0  251 - 2954472018052837I
11:01:12.451 [main] INFO  com.cloudframe.app.process.Sorttbl.mainlineSplit0  251 - 2993712015020940I
11:01:12.451 [main] INFO  com.cloudframe.app.process.Sorttbl.mainlineSplit0  251 - 3016192016062434A
11:01:12.452 [main] INFO  com.cloudframe.app.process.Sorttbl.mainlineSplit0  251 - 3029362015052889A
11:01:12.452 [main] INFO  com.cloudframe.app.process.Sorttbl.mainlineSplit0  251 - 3145472019081049I
11:01:12.452 [main] INFO  com.cloudframe.app.process.Sorttbl.mainlineSplit0  251 - 3161722019112279A
11:01:12.452 [main] INFO  com.cloudframe.app.process.Sorttbl.mainlineSplit0  251 - 3171922018091076I
11:01:12.452 [main] INFO  com.cloudframe.app.process.Sorttbl.mainlineSplit0  251 - 3171922018091050A
11:01:12.453 [main] INFO  com.cloudframe.app.process.Sorttbl.mainlineSplit0  251 - 3179922018040978A
11:01:12.453 [main] INFO  com.cloudframe.app.process.Sorttbl.mainlineSplit0  251 - 3179922018040947I
11:01:12.453 [main] INFO  com.cloudframe.app.process.Sorttbl.mainlineSplit0  251 - 3251382015011791I
11:01:12.453 [main] INFO  com.cloudframe.app.process.Sorttbl.mainlineSplit0  251 - 3368562016101289A
11:01:12.454 [main] INFO  com.cloudframe.app.process.Sorttbl.mainlineSplit0  251 - 3372142019072315I
11:01:12.454 [main] INFO  com.cloudframe.app.process.Sorttbl.mainlineSplit0  251 - 3372142019072346I
11:01:12.454 [main] INFO  com.cloudframe.app.process.Sorttbl.mainlineSplit0  251 - 3459182016022042A
11:01:12.454 [main] INFO  com.cloudframe.app.process.Sorttbl.mainlineSplit0  251 - 3460132019111692I
11:01:12.454 [main] INFO  com.cloudframe.app.process.Sorttbl.mainlineSplit0  251 - 3460132019111667I
11:01:12.455 [main] INFO  com.cloudframe.app.process.Sorttbl.mainlineSplit0  251 - 3460132019111664A
11:01:12.455 [main] INFO  com.cloudframe.app.process.Sorttbl.mainlineSplit0  251 - 3570562019101325A
11:01:12.455 [main] INFO  com.cloudframe.app.process.Sorttbl.mainlineSplit0  251 - 3571272018040794A
11:01:12.455 [main] INFO  com.cloudframe.app.process.Sorttbl.mainlineSplit0  251 - 3580302019122366I
11:01:12.455 [main] INFO  com.cloudframe.app.process.Sorttbl.mainlineSplit0  251 - 3580302019122383A
11:01:12.456 [main] INFO  com.cloudframe.app.process.Sorttbl.mainlineSplit0  251 - 3580302019122372I
11:01:12.456 [main] INFO  com.cloudframe.app.process.Sorttbl.mainlineSplit0  251 - 3580302019122394I
11:01:12.456 [main] INFO  com.cloudframe.app.process.Sorttbl.mainlineSplit0  251 - 3580302019122376I
11:01:12.456 [main] INFO  com.cloudframe.app.process.Sorttbl.mainlineSplit0  251 - 3599802019082151I
11:01:12.457 [main] INFO  com.cloudframe.app.process.Sorttbl.mainlineSplit0  251 - 3599802019082145A
11:01:12.457 [main] INFO  com.cloudframe.app.process.Sorttbl.mainlineSplit0  251 - 3599802019082196A
11:01:12.457 [main] INFO  com.cloudframe.app.process.Sorttbl.mainlineSplit0  251 - 3599802019082164I
11:01:12.457 [main] INFO  com.cloudframe.app.process.Sorttbl.mainlineSplit0  251 - 3599802019082175A
11:01:12.458 [main] INFO  com.cloudframe.app.process.Sorttbl.mainlineSplit0  251 - 3639232018031446I
11:01:12.458 [main] INFO  com.cloudframe.app.process.Sorttbl.mainlineSplit0  251 - 3639232018031483I
11:01:12.458 [main] INFO  com.cloudframe.app.process.Sorttbl.mainlineSplit0  251 - 3645222020042321I
11:01:12.458 [main] INFO  com.cloudframe.app.process.Sorttbl.mainlineSplit0  251 - 3754472019082078I
11:01:12.458 [main] INFO  com.cloudframe.app.process.Sorttbl.mainlineSplit0  251 - 3784732018110741I
11:01:12.459 [main] INFO  com.cloudframe.app.process.Sorttbl.mainlineSplit0  251 - 3784732018110764A
11:01:12.459 [main] INFO  com.cloudframe.app.process.Sorttbl.mainlineSplit0  251 - 3866302018050272A
11:01:12.459 [main] INFO  com.cloudframe.app.process.Sorttbl.mainlineSplit0  251 - 4023772017082099A
11:01:12.459 [main] INFO  com.cloudframe.app.process.Sorttbl.mainlineSplit0  251 - 4040152016050757A
11:01:12.459 [main] INFO  com.cloudframe.app.process.Sorttbl.mainlineSplit0  251 - 4100322020071625A
11:01:12.460 [main] INFO  com.cloudframe.app.process.Sorttbl.mainlineSplit0  251 - 4126572020060583A
11:01:12.460 [main] INFO  com.cloudframe.app.process.Sorttbl.mainlineSplit0  251 - 4126572020060554A
11:01:12.460 [main] INFO  com.cloudframe.app.process.Sorttbl.mainlineSplit0  251 - 4150552018121635A
11:01:12.460 [main] INFO  com.cloudframe.app.process.Sorttbl.mainlineSplit0  251 - 4150552018121684A
11:01:12.461 [main] INFO  com.cloudframe.app.process.Sorttbl.mainlineSplit0  251 - 4150952016042684I
11:01:12.461 [main] INFO  com.cloudframe.app.process.Sorttbl.mainlineSplit0  251 - 4216252019020792A
11:01:12.461 [main] INFO  com.cloudframe.app.process.Sorttbl.mainlineSplit0  251 - 4216252019020749A
11:01:12.461 [main] INFO  com.cloudframe.app.process.Sorttbl.mainlineSplit0  251 - 4218892019111531A
11:01:12.462 [main] INFO  com.cloudframe.app.process.Sorttbl.mainlineSplit0  251 - 4305872018030849A
11:01:12.462 [main] INFO  com.cloudframe.app.process.Sorttbl.mainlineSplit0  251 - 4305872018030879A
11:01:12.462 [main] INFO  com.cloudframe.app.process.Sorttbl.mainlineSplit0  251 - 4335422019090362A
11:01:12.462 [main] INFO  com.cloudframe.app.process.Sorttbl.mainlineSplit0  251 - 4362882018061337I
11:01:12.463 [main] INFO  com.cloudframe.app.process.Sorttbl.mainlineSplit0  251 - 4362882018061393I
11:01:12.463 [main] INFO  com.cloudframe.app.process.Sorttbl.mainlineSplit0  251 - 4376022016020281A
11:01:12.463 [main] INFO  com.cloudframe.app.process.Sorttbl.mainlineSplit0  251 - 4407802015041273I
11:01:12.463 [main] INFO  com.cloudframe.app.process.Sorttbl.mainlineSplit0  251 - 4407802015041260A
11:01:12.463 [main] INFO  com.cloudframe.app.process.Sorttbl.mainlineSplit0  251 - 4480622016062297I
11:01:12.464 [main] INFO  com.cloudframe.app.process.Sorttbl.mainlineSplit0  251 - 4504022015101625I
11:01:12.464 [main] INFO  com.cloudframe.app.process.Sorttbl.mainlineSplit0  251 - 4504022015101632I
11:01:12.464 [main] INFO  com.cloudframe.app.process.Sorttbl.mainlineSplit0  251 - 4504022015101638A
11:01:12.464 [main] INFO  com.cloudframe.app.process.Sorttbl.mainlineSplit0  251 - 4539072020042180I
11:01:12.464 [main] INFO  com.cloudframe.app.process.Sorttbl.mainlineSplit0  251 - 4539072020042174I
11:01:12.465 [main] INFO  com.cloudframe.app.process.Sorttbl.mainlineSplit0  251 - 4550972019081673A
11:01:12.465 [main] INFO  com.cloudframe.app.process.Sorttbl.mainlineSplit0  251 - 4566602019021615A
11:01:12.465 [main] INFO  com.cloudframe.app.process.Sorttbl.mainlineSplit0  251 - 4566602019021615I
11:01:12.465 [main] INFO  com.cloudframe.app.process.Sorttbl.mainlineSplit0  251 - 4566602019021640A
11:01:12.466 [main] INFO  com.cloudframe.app.process.Sorttbl.mainlineSplit0  251 - 4566602019021676A
11:01:12.466 [main] INFO  com.cloudframe.app.process.Sorttbl.mainlineSplit0  251 - 4618482019050692A
11:01:12.466 [main] INFO  com.cloudframe.app.process.Sorttbl.mainlineSplit0  251 - 4618482019050651I
11:01:12.466 [main] INFO  com.cloudframe.app.process.Sorttbl.mainlineSplit0  251 - 4618482019050653A
11:01:12.467 [main] INFO  com.cloudframe.app.process.Sorttbl.mainlineSplit0  251 - 4618482019050642A
11:01:12.467 [main] INFO  com.cloudframe.app.process.Sorttbl.mainlineSplit0  251 - 4618482019050656I
11:01:12.467 [main] INFO  com.cloudframe.app.process.Sorttbl.mainlineSplit0  251 - 4618482019050657I
11:01:12.467 [main] INFO  com.cloudframe.app.process.Sorttbl.mainlineSplit0  251 - 4618482019050653I
11:01:12.467 [main] INFO  com.cloudframe.app.process.Sorttbl.mainlineSplit0  251 - 4618482019050673A
11:01:12.468 [main] INFO  com.cloudframe.app.process.Sorttbl.mainlineSplit0  251 - 4618482019050698A
11:01:12.468 [main] INFO  com.cloudframe.app.process.Sorttbl.mainlineSplit0  251 - 4618482019050696A
11:01:12.468 [main] INFO  com.cloudframe.app.process.Sorttbl.mainlineSplit0  251 - 4626592018121556A
11:01:12.468 [main] INFO  com.cloudframe.app.process.Sorttbl.mainlineSplit0  251 - 4626592018121588I
11:01:12.468 [main] INFO  com.cloudframe.app.process.Sorttbl.mainlineSplit0  251 - 4626592018121563I
11:01:12.469 [main] INFO  com.cloudframe.app.process.Sorttbl.mainlineSplit0  251 - 4650392018081172A
11:01:12.469 [main] INFO  com.cloudframe.app.process.Sorttbl.mainlineSplit0  251 - 4650392018081166I
11:01:12.469 [main] INFO  com.cloudframe.app.process.Sorttbl.mainlineSplit0  251 - 4650392018081147A
11:01:12.469 [main] INFO  com.cloudframe.app.process.Sorttbl.mainlineSplit0  251 - 4650392018081110A
11:01:12.470 [main] INFO  com.cloudframe.app.process.Sorttbl.mainlineSplit0  251 - 4788722020122192A
11:01:12.470 [main] INFO  com.cloudframe.app.process.Sorttbl.mainlineSplit0  251 - 4809642015070860A
11:01:12.470 [main] INFO  com.cloudframe.app.process.Sorttbl.mainlineSplit0  251 - 4809642015070886I
11:01:12.470 [main] INFO  com.cloudframe.app.process.Sorttbl.mainlineSplit0  251 - 4809642015070885A
11:01:12.470 [main] INFO  com.cloudframe.app.process.Sorttbl.mainlineSplit0  251 - 4819682017062379I
11:01:12.471 [main] INFO  com.cloudframe.app.process.Sorttbl.mainlineSplit0  251 - 4819682017062360I
11:01:12.471 [main] INFO  com.cloudframe.app.process.Sorttbl.mainlineSplit0  251 - 4863222020121811I
11:01:12.471 [main] INFO  com.cloudframe.app.process.Sorttbl.mainlineSplit0  251 - 4881662016041636I
11:01:12.471 [main] INFO  com.cloudframe.app.process.Sorttbl.mainlineSplit0  251 - 4923762016012874A
11:01:12.471 [main] INFO  com.cloudframe.app.process.Sorttbl.mainlineSplit0  251 - 4923762016012880I
11:01:12.472 [main] INFO  com.cloudframe.app.process.Sorttbl.mainlineSplit0  251 - 4932722016111192I
11:01:12.472 [main] INFO  com.cloudframe.app.process.Sorttbl.mainlineSplit0  251 - 5008812015051171I
11:01:12.472 [main] INFO  com.cloudframe.app.process.Sorttbl.mainlineSplit0  251 - 5040182019101028A
11:01:12.472 [main] INFO  com.cloudframe.app.process.Sorttbl.mainlineSplit0  251 - 5040182019101040I
11:01:12.473 [main] INFO  com.cloudframe.app.process.Sorttbl.mainlineSplit0  251 - 5050612018072455A
11:01:12.473 [main] INFO  com.cloudframe.app.process.Sorttbl.mainlineSplit0  251 - 5070452019110773I
11:01:12.473 [main] INFO  com.cloudframe.app.process.Sorttbl.mainlineSplit0  251 - 5123772018061980A
11:01:12.473 [main] INFO  com.cloudframe.app.process.Sorttbl.mainlineSplit0  251 - 5151742019022123A
11:01:12.473 [main] INFO  com.cloudframe.app.process.Sorttbl.mainlineSplit0  251 - 5294432017061139A
11:01:12.474 [main] INFO  com.cloudframe.app.process.Sorttbl.mainlineSplit0  251 - 5308362018022745A
11:01:12.474 [main] INFO  com.cloudframe.app.process.Sorttbl.mainlineSplit0  251 - 5406832015052737I
11:01:12.474 [main] INFO  com.cloudframe.app.process.Sorttbl.mainlineSplit0  251 - 5406832015052771A
11:01:12.474 [main] INFO  com.cloudframe.app.process.Sorttbl.mainlineSplit0  251 - 5406832015052762A
11:01:12.475 [main] INFO  com.cloudframe.app.process.Sorttbl.mainlineSplit0  251 - 5406832015052785A
11:01:12.475 [main] INFO  com.cloudframe.app.process.Sorttbl.mainlineSplit0  251 - 5406832015052751I
11:01:12.475 [main] INFO  com.cloudframe.app.process.Sorttbl.mainlineSplit0  251 - 5417942017022827A
11:01:12.475 [main] INFO  com.cloudframe.app.process.Sorttbl.mainlineSplit0  251 - 5417942017022824I
11:01:12.475 [main] INFO  com.cloudframe.app.process.Sorttbl.mainlineSplit0  251 - 5462392017020223I
11:01:12.476 [main] INFO  com.cloudframe.app.process.Sorttbl.mainlineSplit0  251 - 5471852018022529A
11:01:12.476 [main] INFO  com.cloudframe.app.process.Sorttbl.mainlineSplit0  251 - 5471852018022543I
11:01:12.476 [main] INFO  com.cloudframe.app.process.Sorttbl.mainlineSplit0  251 - 5471852018022539A
11:01:12.476 [main] INFO  com.cloudframe.app.process.Sorttbl.mainlineSplit0  251 - 5471852018022542I
11:01:12.477 [main] INFO  com.cloudframe.app.process.Sorttbl.mainlineSplit0  251 - 5496842017031862I
11:01:12.477 [main] INFO  com.cloudframe.app.process.Sorttbl.mainlineSplit0  251 - 5496842017031856I
11:01:12.477 [main] INFO  com.cloudframe.app.process.Sorttbl.mainlineSplit0  251 - 5496842017031851I
11:01:12.477 [main] INFO  com.cloudframe.app.process.Sorttbl.mainlineSplit0  251 - 5562082017090216I
11:01:12.477 [main] INFO  com.cloudframe.app.process.Sorttbl.mainlineSplit0  251 - 5562082017090229A
11:01:12.478 [main] INFO  com.cloudframe.app.process.Sorttbl.mainlineSplit0  251 - 5562082017090223A
11:01:12.478 [main] INFO  com.cloudframe.app.process.Sorttbl.mainlineSplit0  251 - 5562082017090296A
11:01:12.478 [main] INFO  com.cloudframe.app.process.Sorttbl.mainlineSplit0  251 - 5562082017090279I
11:01:12.478 [main] INFO  com.cloudframe.app.process.Sorttbl.mainlineSplit0  251 - 5562082017090291I
11:01:12.479 [main] INFO  com.cloudframe.app.process.Sorttbl.mainlineSplit0  251 - 5562082017090276I
11:01:12.479 [main] INFO  com.cloudframe.app.process.Sorttbl.mainlineSplit0  251 - 5562082017090272A
11:01:12.479 [main] INFO  com.cloudframe.app.process.Sorttbl.mainlineSplit0  251 - 5562082017090215I
11:01:12.479 [main] INFO  com.cloudframe.app.process.Sorttbl.mainlineSplit0  251 - 5562082017090254A
11:01:12.480 [main] INFO  com.cloudframe.app.process.Sorttbl.mainlineSplit0  251 - 5562082017090222A
11:01:12.480 [main] INFO  com.cloudframe.app.process.Sorttbl.mainlineSplit0  251 - 5562082017090228I
11:01:12.480 [main] INFO  com.cloudframe.app.process.Sorttbl.mainlineSplit0  251 - 5616782019092830A
11:01:12.481 [main] INFO  com.cloudframe.app.process.Sorttbl.mainlineSplit0  251 - 5625232020051398I
11:01:12.481 [main] INFO  com.cloudframe.app.process.Sorttbl.mainlineSplit0  251 - 5625232020051335I
11:01:12.481 [main] INFO  com.cloudframe.app.process.Sorttbl.mainlineSplit0  251 - 5625232020051396A
11:01:12.481 [main] INFO  com.cloudframe.app.process.Sorttbl.mainlineSplit0  251 - 5625232020051310I
11:01:12.481 [main] INFO  com.cloudframe.app.process.Sorttbl.mainlineSplit0  251 - 5668962018031810I
11:01:12.482 [main] INFO  com.cloudframe.app.process.Sorttbl.mainlineSplit0  251 - 5715942020060258I
11:01:12.482 [main] INFO  com.cloudframe.app.process.Sorttbl.mainlineSplit0  251 - 5771302018080940A
11:01:12.482 [main] INFO  com.cloudframe.app.process.Sorttbl.mainlineSplit0  251 - 5771302018080963I
11:01:12.482 [main] INFO  com.cloudframe.app.process.Sorttbl.mainlineSplit0  251 - 5771302018080940A
11:01:12.483 [main] INFO  com.cloudframe.app.process.Sorttbl.mainlineSplit0  251 - 5882972018081446I
11:01:12.483 [main] INFO  com.cloudframe.app.process.Sorttbl.mainlineSplit0  251 - 5916272015122832I
11:01:12.483 [main] INFO  com.cloudframe.app.process.Sorttbl.mainlineSplit0  251 - 5934742015102868I
11:01:12.483 [main] INFO  com.cloudframe.app.process.Sorttbl.mainlineSplit0  251 - 5944522019102290I
11:01:12.483 [main] INFO  com.cloudframe.app.process.Sorttbl.mainlineSplit0  251 - 5944522019102296A
11:01:12.484 [main] INFO  com.cloudframe.app.process.Sorttbl.mainlineSplit0  251 - 5955862019100557I
11:01:12.484 [main] INFO  com.cloudframe.app.process.Sorttbl.mainlineSplit0  251 - 5961612016030776A
11:01:12.484 [main] INFO  com.cloudframe.app.process.Sorttbl.mainlineSplit0  251 - 6000952016031754A
11:01:12.484 [main] INFO  com.cloudframe.app.process.Sorttbl.mainlineSplit0  251 - 6051192019090313I
11:01:12.485 [main] INFO  com.cloudframe.app.process.Sorttbl.mainlineSplit0  251 - 6051192019090349I
11:01:12.485 [main] INFO  com.cloudframe.app.process.Sorttbl.mainlineSplit0  251 - 6051192019090313A
11:01:12.485 [main] INFO  com.cloudframe.app.process.Sorttbl.mainlineSplit0  251 - 6051192019090316A
11:01:12.485 [main] INFO  com.cloudframe.app.process.Sorttbl.mainlineSplit0  251 - 6051192019090351I
11:01:12.486 [main] INFO  com.cloudframe.app.process.Sorttbl.mainlineSplit0  251 - 6051192019090316I
11:01:12.486 [main] INFO  com.cloudframe.app.process.Sorttbl.mainlineSplit0  251 - 6051192019090314A
11:01:12.486 [main] INFO  com.cloudframe.app.process.Sorttbl.mainlineSplit0  251 - 6051192019090396I
11:01:12.486 [main] INFO  com.cloudframe.app.process.Sorttbl.mainlineSplit0  251 - 6051192019090368A
11:01:12.486 [main] INFO  com.cloudframe.app.process.Sorttbl.mainlineSplit0  251 - 6051192019090394I
11:01:12.487 [main] INFO  com.cloudframe.app.process.Sorttbl.mainlineSplit0  251 - 6051192019090315I
11:01:12.487 [main] INFO  com.cloudframe.app.process.Sorttbl.mainlineSplit0  251 - 6051192019090380I
11:01:12.487 [main] INFO  com.cloudframe.app.process.Sorttbl.mainlineSplit0  251 - 6052232018092232A
11:01:12.487 [main] INFO  com.cloudframe.app.process.Sorttbl.mainlineSplit0  251 - 6077702018072460A
11:01:12.487 [main] INFO  com.cloudframe.app.process.Sorttbl.mainlineSplit0  251 - 6159832020050832A
11:01:12.488 [main] INFO  com.cloudframe.app.process.Sorttbl.mainlineSplit0  251 - 6219872016010978I
11:01:12.488 [main] INFO  com.cloudframe.app.process.Sorttbl.mainlineSplit0  251 - 6226572019100223A
11:01:12.488 [main] INFO  com.cloudframe.app.process.Sorttbl.mainlineSplit0  251 - 6358002016112660A
11:01:12.488 [main] INFO  com.cloudframe.app.process.Sorttbl.mainlineSplit0  251 - 6358002016112631A
11:01:12.488 [main] INFO  com.cloudframe.app.process.Sorttbl.mainlineSplit0  251 - 6358002016112678I
11:01:12.489 [main] INFO  com.cloudframe.app.process.Sorttbl.mainlineSplit0  251 - 6374262018020942I
11:01:12.489 [main] INFO  com.cloudframe.app.process.Sorttbl.mainlineSplit0  251 - 6441902016110459I
11:01:12.489 [main] INFO  com.cloudframe.app.process.Sorttbl.mainlineSplit0  251 - 6466172019092111A
11:01:12.489 [main] INFO  com.cloudframe.app.process.Sorttbl.mainlineSplit0  251 - 6467222015051887I
11:01:12.489 [main] INFO  com.cloudframe.app.process.Sorttbl.mainlineSplit0  251 - 6467222015051855A
11:01:12.490 [main] INFO  com.cloudframe.app.process.Sorttbl.mainlineSplit0  251 - 6467222015051848I
11:01:12.490 [main] INFO  com.cloudframe.app.process.Sorttbl.mainlineSplit0  251 - 6467222015051899I
11:01:12.490 [main] INFO  com.cloudframe.app.process.Sorttbl.mainlineSplit0  251 - 6469922019051056I
11:01:12.490 [main] INFO  com.cloudframe.app.process.Sorttbl.mainlineSplit0  251 - 6633682017020765A
11:01:12.490 [main] INFO  com.cloudframe.app.process.Sorttbl.mainlineSplit0  251 - 6633682017020747I
11:01:12.491 [main] INFO  com.cloudframe.app.process.Sorttbl.mainlineSplit0  251 - 6633682017020718A
11:01:12.491 [main] INFO  com.cloudframe.app.process.Sorttbl.mainlineSplit0  251 - 6633682017020728A
11:01:12.491 [main] INFO  com.cloudframe.app.process.Sorttbl.mainlineSplit0  251 - 6633682017020736A
11:01:12.491 [main] INFO  com.cloudframe.app.process.Sorttbl.mainlineSplit0  251 - 6633682017020711I
11:01:12.491 [main] INFO  com.cloudframe.app.process.Sorttbl.mainlineSplit0  251 - 6633682017020786A
11:01:12.492 [main] INFO  com.cloudframe.app.process.Sorttbl.mainlineSplit0  251 - 6633682017020731I
11:01:12.492 [main] INFO  com.cloudframe.app.process.Sorttbl.mainlineSplit0  251 - 6714362020121291I
11:01:12.492 [main] INFO  com.cloudframe.app.process.Sorttbl.mainlineSplit0  251 - 6714362020121224A
11:01:12.492 [main] INFO  com.cloudframe.app.process.Sorttbl.mainlineSplit0  251 - 6754732017060963I
11:01:12.492 [main] INFO  com.cloudframe.app.process.Sorttbl.mainlineSplit0  251 - 6777792020120598A
11:01:12.493 [main] INFO  com.cloudframe.app.process.Sorttbl.mainlineSplit0  251 - 6820112016010523A
11:01:12.493 [main] INFO  com.cloudframe.app.process.Sorttbl.mainlineSplit0  251 - 6820112016010594A
11:01:12.493 [main] INFO  com.cloudframe.app.process.Sorttbl.mainlineSplit0  251 - 6820112016010575I
11:01:12.493 [main] INFO  com.cloudframe.app.process.Sorttbl.mainlineSplit0  251 - 6879372019011241A
11:01:12.493 [main] INFO  com.cloudframe.app.process.Sorttbl.mainlineSplit0  251 - 6900622017121014I
11:01:12.494 [main] INFO  com.cloudframe.app.process.Sorttbl.mainlineSplit0  251 - 6900622017121095I
11:01:12.494 [main] INFO  com.cloudframe.app.process.Sorttbl.mainlineSplit0  251 - 6951122015061056A
11:01:12.494 [main] INFO  com.cloudframe.app.process.Sorttbl.mainlineSplit0  251 - 6958562018011944A
11:01:12.494 [main] INFO  com.cloudframe.app.process.Sorttbl.mainlineSplit0  251 - 6959522017020430I
11:01:12.494 [main] INFO  com.cloudframe.app.process.Sorttbl.mainlineSplit0  251 - 6987292018022028A
11:01:12.495 [main] INFO  com.cloudframe.app.process.Sorttbl.mainlineSplit0  251 - 7002522018080342I
11:01:12.495 [main] INFO  com.cloudframe.app.process.Sorttbl.mainlineSplit0  251 - 7072902019090568I
11:01:12.495 [main] INFO  com.cloudframe.app.process.Sorttbl.mainlineSplit0  251 - 7119572015062733A
11:01:12.495 [main] INFO  com.cloudframe.app.process.Sorttbl.mainlineSplit0  251 - 7119572015062795A
11:01:12.496 [main] INFO  com.cloudframe.app.process.Sorttbl.mainlineSplit0  251 - 7119572015062785I
11:01:12.496 [main] INFO  com.cloudframe.app.process.Sorttbl.mainlineSplit0  251 - 7129462017122220A
11:01:12.496 [main] INFO  com.cloudframe.app.process.Sorttbl.mainlineSplit0  251 - 7129462017122212I
11:01:12.496 [main] INFO  com.cloudframe.app.process.Sorttbl.mainlineSplit0  251 - 7267582017120933A
11:01:12.497 [main] INFO  com.cloudframe.app.process.Sorttbl.mainlineSplit0  251 - 7269352016092886A
11:01:12.497 [main] INFO  com.cloudframe.app.process.Sorttbl.mainlineSplit0  251 - 7297702018081211A
11:01:12.497 [main] INFO  com.cloudframe.app.process.Sorttbl.mainlineSplit0  251 - 7305662018092892I
11:01:12.497 [main] INFO  com.cloudframe.app.process.Sorttbl.mainlineSplit0  251 - 7308432020042076I
11:01:12.497 [main] INFO  com.cloudframe.app.process.Sorttbl.mainlineSplit0  251 - 7308432020042091I
11:01:12.497 [main] INFO  com.cloudframe.app.process.Sorttbl.mainlineSplit0  251 - 7314272020122869I
11:01:12.498 [main] INFO  com.cloudframe.app.process.Sorttbl.mainlineSplit0  251 - 7318042015070561A
11:01:12.498 [main] INFO  com.cloudframe.app.process.Sorttbl.mainlineSplit0  251 - 7318042015070517I
11:01:12.498 [main] INFO  com.cloudframe.app.process.Sorttbl.mainlineSplit0  251 - 7388292015102837A
11:01:12.498 [main] INFO  com.cloudframe.app.process.Sorttbl.mainlineSplit0  251 - 7500542019021055I
11:01:12.498 [main] INFO  com.cloudframe.app.process.Sorttbl.mainlineSplit0  251 - 7500542019021032A
11:01:12.498 [main] INFO  com.cloudframe.app.process.Sorttbl.mainlineSplit0  251 - 7500542019021088A
11:01:12.498 [main] INFO  com.cloudframe.app.process.Sorttbl.mainlineSplit0  251 - 7500542019021017A
11:01:12.499 [main] INFO  com.cloudframe.app.process.Sorttbl.mainlineSplit0  251 - 7500542019021015A
11:01:12.499 [main] INFO  com.cloudframe.app.process.Sorttbl.mainlineSplit0  251 - 7500542019021016A
11:01:12.499 [main] INFO  com.cloudframe.app.process.Sorttbl.mainlineSplit0  251 - 7500542019021034I
11:01:12.499 [main] INFO  com.cloudframe.app.process.Sorttbl.mainlineSplit0  251 - 7519932018092781I
11:01:12.499 [main] INFO  com.cloudframe.app.process.Sorttbl.mainlineSplit0  251 - 7561002016060479A
11:01:12.500 [main] INFO  com.cloudframe.app.process.Sorttbl.mainlineSplit0  251 - 7561002016060465I
11:01:12.500 [main] INFO  com.cloudframe.app.process.Sorttbl.mainlineSplit0  251 - 7561002016060435A
11:01:12.500 [main] INFO  com.cloudframe.app.process.Sorttbl.mainlineSplit0  251 - 7561002016060457I
11:01:12.500 [main] INFO  com.cloudframe.app.process.Sorttbl.mainlineSplit0  251 - 7561002016060493I
11:01:12.500 [main] INFO  com.cloudframe.app.process.Sorttbl.mainlineSplit0  251 - 7561002016060498A
11:01:12.501 [main] INFO  com.cloudframe.app.process.Sorttbl.mainlineSplit0  251 - 7561002016060491A
11:01:12.501 [main] INFO  com.cloudframe.app.process.Sorttbl.mainlineSplit0  251 - 7561002016060447A
11:01:12.501 [main] INFO  com.cloudframe.app.process.Sorttbl.mainlineSplit0  251 - 7561002016060432A
11:01:12.501 [main] INFO  com.cloudframe.app.process.Sorttbl.mainlineSplit0  251 - 7561002016060449A
11:01:12.501 [main] INFO  com.cloudframe.app.process.Sorttbl.mainlineSplit0  251 - 7561002016060452A
11:01:12.501 [main] INFO  com.cloudframe.app.process.Sorttbl.mainlineSplit0  251 - 7569712015122545A
11:01:12.502 [main] INFO  com.cloudframe.app.process.Sorttbl.mainlineSplit0  251 - 7596942020111026A
11:01:12.502 [main] INFO  com.cloudframe.app.process.Sorttbl.mainlineSplit0  251 - 7655622016082386A
11:01:12.502 [main] INFO  com.cloudframe.app.process.Sorttbl.mainlineSplit0  251 - 7655622016082390A
11:01:12.502 [main] INFO  com.cloudframe.app.process.Sorttbl.mainlineSplit0  251 - 7701342019100468I
11:01:12.502 [main] INFO  com.cloudframe.app.process.Sorttbl.mainlineSplit0  251 - 7701342019100491A
11:01:12.502 [main] INFO  com.cloudframe.app.process.Sorttbl.mainlineSplit0  251 - 7736912016082428A
11:01:12.502 [main] INFO  com.cloudframe.app.process.Sorttbl.mainlineSplit0  251 - 7736912016082452I
11:01:12.502 [main] INFO  com.cloudframe.app.process.Sorttbl.mainlineSplit0  251 - 7739952019050296I
11:01:12.503 [main] INFO  com.cloudframe.app.process.Sorttbl.mainlineSplit0  251 - 7739952019050229A
11:01:12.503 [main] INFO  com.cloudframe.app.process.Sorttbl.mainlineSplit0  251 - 7740542019071258A
11:01:12.503 [main] INFO  com.cloudframe.app.process.Sorttbl.mainlineSplit0  251 - 7836432017072768I
11:01:12.503 [main] INFO  com.cloudframe.app.process.Sorttbl.mainlineSplit0  251 - 7836432017072716A
11:01:12.504 [main] INFO  com.cloudframe.app.process.Sorttbl.mainlineSplit0  251 - 7836432017072736A
11:01:12.504 [main] INFO  com.cloudframe.app.process.Sorttbl.mainlineSplit0  251 - 7836432017072767A
11:01:12.504 [main] INFO  com.cloudframe.app.process.Sorttbl.mainlineSplit0  251 - 7836432017072782A
11:01:12.504 [main] INFO  com.cloudframe.app.process.Sorttbl.mainlineSplit0  251 - 7873612018041539I
11:01:12.504 [main] INFO  com.cloudframe.app.process.Sorttbl.mainlineSplit0  251 - 7951752017110874A
11:01:12.504 [main] INFO  com.cloudframe.app.process.Sorttbl.mainlineSplit0  251 - 7976262020101150A
11:01:12.504 [main] INFO  com.cloudframe.app.process.Sorttbl.mainlineSplit0  251 - 7976262020101134I
11:01:12.505 [main] INFO  com.cloudframe.app.process.Sorttbl.mainlineSplit0  251 - 7976262020101154I
11:01:12.505 [main] INFO  com.cloudframe.app.process.Sorttbl.mainlineSplit0  251 - 7985902019080370I
11:01:12.505 [main] INFO  com.cloudframe.app.process.Sorttbl.mainlineSplit0  251 - 8003302015062156I
11:01:12.505 [main] INFO  com.cloudframe.app.process.Sorttbl.mainlineSplit0  251 - 8232222015122025A
11:01:12.505 [main] INFO  com.cloudframe.app.process.Sorttbl.mainlineSplit0  251 - 8232222015122087I
11:01:12.505 [main] INFO  com.cloudframe.app.process.Sorttbl.mainlineSplit0  251 - 8253002015071444A
11:01:12.505 [main] INFO  com.cloudframe.app.process.Sorttbl.mainlineSplit0  251 - 8268822020081663I
11:01:12.505 [main] INFO  com.cloudframe.app.process.Sorttbl.mainlineSplit0  251 - 8268822020081625A
11:01:12.506 [main] INFO  com.cloudframe.app.process.Sorttbl.mainlineSplit0  251 - 8268822020081677I
11:01:12.506 [main] INFO  com.cloudframe.app.process.Sorttbl.mainlineSplit0  251 - 8268822020081696A
11:01:12.506 [main] INFO  com.cloudframe.app.process.Sorttbl.mainlineSplit0  251 - 8334912016112491A
11:01:12.506 [main] INFO  com.cloudframe.app.process.Sorttbl.mainlineSplit0  251 - 8388522017122615A
11:01:12.506 [main] INFO  com.cloudframe.app.process.Sorttbl.mainlineSplit0  251 - 8388522017122611I
11:01:12.506 [main] INFO  com.cloudframe.app.process.Sorttbl.mainlineSplit0  251 - 8388522017122644A
11:01:12.506 [main] INFO  com.cloudframe.app.process.Sorttbl.mainlineSplit0  251 - 8388522017122686I
11:01:12.506 [main] INFO  com.cloudframe.app.process.Sorttbl.mainlineSplit0  251 - 8388522017122620A
11:01:12.507 [main] INFO  com.cloudframe.app.process.Sorttbl.mainlineSplit0  251 - 8419082019062749I
11:01:12.507 [main] INFO  com.cloudframe.app.process.Sorttbl.mainlineSplit0  251 - 8454312015112497I
11:01:12.507 [main] INFO  com.cloudframe.app.process.Sorttbl.mainlineSplit0  251 - 8454312015112451I
11:01:12.507 [main] INFO  com.cloudframe.app.process.Sorttbl.mainlineSplit0  251 - 8454312015112459I
11:01:12.507 [main] INFO  com.cloudframe.app.process.Sorttbl.mainlineSplit0  251 - 8483542018061990A
11:01:12.507 [main] INFO  com.cloudframe.app.process.Sorttbl.mainlineSplit0  251 - 8483542018061997I
11:01:12.507 [main] INFO  com.cloudframe.app.process.Sorttbl.mainlineSplit0  251 - 8604592018100171I
11:01:12.508 [main] INFO  com.cloudframe.app.process.Sorttbl.mainlineSplit0  251 - 8656502018091660I
11:01:12.508 [main] INFO  com.cloudframe.app.process.Sorttbl.mainlineSplit0  251 - 8740922020020956I
11:01:12.508 [main] INFO  com.cloudframe.app.process.Sorttbl.mainlineSplit0  251 - 8781122017112847A
11:01:12.508 [main] INFO  com.cloudframe.app.process.Sorttbl.mainlineSplit0  251 - 8781122017112896A
11:01:12.508 [main] INFO  com.cloudframe.app.process.Sorttbl.mainlineSplit0  251 - 8786332015080329A
11:01:12.508 [main] INFO  com.cloudframe.app.process.Sorttbl.mainlineSplit0  251 - 8805982019042778A
11:01:12.508 [main] INFO  com.cloudframe.app.process.Sorttbl.mainlineSplit0  251 - 8843992015110939I
11:01:12.509 [main] INFO  com.cloudframe.app.process.Sorttbl.mainlineSplit0  251 - 8869712020061921A
11:01:12.509 [main] INFO  com.cloudframe.app.process.Sorttbl.mainlineSplit0  251 - 8917442016090586I
11:01:12.509 [main] INFO  com.cloudframe.app.process.Sorttbl.mainlineSplit0  251 - 8925742017112264I
11:01:12.509 [main] INFO  com.cloudframe.app.process.Sorttbl.mainlineSplit0  251 - 8928742020111360I
11:01:12.509 [main] INFO  com.cloudframe.app.process.Sorttbl.mainlineSplit0  251 - 8928742020111335I
11:01:12.510 [main] INFO  com.cloudframe.app.process.Sorttbl.mainlineSplit0  251 - 9204392016020410I
11:01:12.510 [main] INFO  com.cloudframe.app.process.Sorttbl.mainlineSplit0  251 - 9204392016020486A
11:01:12.510 [main] INFO  com.cloudframe.app.process.Sorttbl.mainlineSplit0  251 - 9225912016102820I
11:01:12.510 [main] INFO  com.cloudframe.app.process.Sorttbl.mainlineSplit0  251 - 9225912016102838I
11:01:12.511 [main] INFO  com.cloudframe.app.process.Sorttbl.mainlineSplit0  251 - 9225912016102879I
11:01:12.511 [main] INFO  com.cloudframe.app.process.Sorttbl.mainlineSplit0  251 - 9225912016102819A
11:01:12.511 [main] INFO  com.cloudframe.app.process.Sorttbl.mainlineSplit0  251 - 9304602015031437A
11:01:12.511 [main] INFO  com.cloudframe.app.process.Sorttbl.mainlineSplit0  251 - 9317452020041153I
11:01:12.512 [main] INFO  com.cloudframe.app.process.Sorttbl.mainlineSplit0  251 - 9355122016101831I
11:01:12.512 [main] INFO  com.cloudframe.app.process.Sorttbl.mainlineSplit0  251 - 9362082015090211I
11:01:12.512 [main] INFO  com.cloudframe.app.process.Sorttbl.mainlineSplit0  251 - 9417572015062343A
11:01:12.512 [main] INFO  com.cloudframe.app.process.Sorttbl.mainlineSplit0  251 - 9417572015062375I
11:01:12.512 [main] INFO  com.cloudframe.app.process.Sorttbl.mainlineSplit0  251 - 9482842017042065A
11:01:12.513 [main] INFO  com.cloudframe.app.process.Sorttbl.mainlineSplit0  251 - 9482842017042086I
11:01:12.513 [main] INFO  com.cloudframe.app.process.Sorttbl.mainlineSplit0  251 - 9482842017042034A
11:01:12.513 [main] INFO  com.cloudframe.app.process.Sorttbl.mainlineSplit0  251 - 9482842017042022A
11:01:12.513 [main] INFO  com.cloudframe.app.process.Sorttbl.mainlineSplit0  251 - 9482842017042044A
11:01:12.513 [main] INFO  com.cloudframe.app.process.Sorttbl.mainlineSplit0  251 - 9482842017042057I
11:01:12.513 [main] INFO  com.cloudframe.app.process.Sorttbl.mainlineSplit0  251 - 9482842017042053A
11:01:12.513 [main] INFO  com.cloudframe.app.process.Sorttbl.mainlineSplit0  251 - 9482842017042086A
11:01:12.514 [main] INFO  com.cloudframe.app.process.Sorttbl.mainlineSplit0  251 - 9482842017042098I
11:01:12.514 [main] INFO  com.cloudframe.app.process.Sorttbl.mainlineSplit0  251 - 9482842017042094A
11:01:12.514 [main] INFO  com.cloudframe.app.process.Sorttbl.mainlineSplit0  251 - 9482842017042042A
11:01:12.514 [main] INFO  com.cloudframe.app.process.Sorttbl.mainlineSplit0  251 - 9482842017042022I
11:01:12.514 [main] INFO  com.cloudframe.app.process.Sorttbl.mainlineSplit0  251 - 9482842017042052A
11:01:12.514 [main] INFO  com.cloudframe.app.process.Sorttbl.mainlineSplit0  251 - 9482842017042020I
11:01:12.514 [main] INFO  com.cloudframe.app.process.Sorttbl.mainlineSplit0  251 - 9482842017042013I
11:01:12.515 [main] INFO  com.cloudframe.app.process.Sorttbl.mainlineSplit0  251 - 9482842017042011A
11:01:12.515 [main] INFO  com.cloudframe.app.process.Sorttbl.mainlineSplit0  251 - 9482842017042078I
11:01:12.515 [main] INFO  com.cloudframe.app.process.Sorttbl.mainlineSplit0  251 - 9482842017042013A
11:01:12.515 [main] INFO  com.cloudframe.app.process.Sorttbl.mainlineSplit0  251 - 9482842017042060I
11:01:12.515 [main] INFO  com.cloudframe.app.process.Sorttbl.mainlineSplit0  251 - 9482842017042071I
11:01:12.515 [main] INFO  com.cloudframe.app.process.Sorttbl.mainlineSplit0  251 - 9482842017042063I
11:01:12.515 [main] INFO  com.cloudframe.app.process.Sorttbl.mainlineSplit0  251 - 9482842017042034I
11:01:12.516 [main] INFO  com.cloudframe.app.process.Sorttbl.mainlineSplit0  251 - 9482842017042052A
11:01:12.516 [main] INFO  com.cloudframe.app.process.Sorttbl.mainlineSplit0  251 - 9482842017042099A
11:01:12.516 [main] INFO  com.cloudframe.app.process.Sorttbl.mainlineSplit0  251 - 9482842017042030A
11:01:12.516 [main] INFO  com.cloudframe.app.process.Sorttbl.mainlineSplit0  251 - 9482842017042035I
11:01:12.516 [main] INFO  com.cloudframe.app.process.Sorttbl.mainlineSplit0  251 - 9482842017042066I
11:01:12.516 [main] INFO  com.cloudframe.app.process.Sorttbl.mainlineSplit0  251 - 9482842017042099A
11:01:12.516 [main] INFO  com.cloudframe.app.process.Sorttbl.mainlineSplit0  251 - 9482842017042090A
11:01:12.517 [main] INFO  com.cloudframe.app.process.Sorttbl.mainlineSplit0  251 - 9482842017042049I
11:01:12.517 [main] INFO  com.cloudframe.app.process.Sorttbl.mainlineSplit0  251 - 9482842017042034A
11:01:12.517 [main] INFO  com.cloudframe.app.process.Sorttbl.mainlineSplit0  251 - 9482842017042015I
11:01:12.517 [main] INFO  com.cloudframe.app.process.Sorttbl.mainlineSplit0  251 - 9482842017042059A
11:01:12.517 [main] INFO  com.cloudframe.app.process.Sorttbl.mainlineSplit0  251 - 9482842017042090I
11:01:12.518 [main] INFO  com.cloudframe.app.process.Sorttbl.mainlineSplit0  251 - 9482842017042041A
11:01:12.518 [main] INFO  com.cloudframe.app.process.Sorttbl.mainlineSplit0  251 - 9482842017042071I
11:01:12.518 [main] INFO  com.cloudframe.app.process.Sorttbl.mainlineSplit0  251 - 9482842017042019I
11:01:12.518 [main] INFO  com.cloudframe.app.process.Sorttbl.mainlineSplit0  251 - 9482842017042021I
11:01:12.518 [main] INFO  com.cloudframe.app.process.Sorttbl.mainlineSplit0  251 - 9482842017042017I
11:01:12.518 [main] INFO  com.cloudframe.app.process.Sorttbl.mainlineSplit0  251 - 9482842017042039I
11:01:12.518 [main] INFO  com.cloudframe.app.process.Sorttbl.mainlineSplit0  251 - 9482842017042031A
11:01:12.519 [main] INFO  com.cloudframe.app.process.Sorttbl.mainlineSplit0  251 - 9482842017042039I
11:01:12.519 [main] INFO  com.cloudframe.app.process.Sorttbl.mainlineSplit0  251 - 9482842017042088A
11:01:12.519 [main] INFO  com.cloudframe.app.process.Sorttbl.mainlineSplit0  251 - 9482842017042060I
11:01:12.519 [main] INFO  com.cloudframe.app.process.Sorttbl.mainlineSplit0  251 - 9482842017042067A
11:01:12.519 [main] INFO  com.cloudframe.app.process.Sorttbl.mainlineSplit0  251 - 9482842017042075A
11:01:12.519 [main] INFO  com.cloudframe.app.process.Sorttbl.mainlineSplit0  251 - 9646352019030314I
11:01:12.520 [main] INFO  com.cloudframe.app.process.Sorttbl.mainlineSplit0  251 - 9747152020012511I
11:01:12.520 [main] INFO  com.cloudframe.app.process.Sorttbl.mainlineSplit0  251 - 9799792018102240I
11:01:12.520 [main] INFO  com.cloudframe.app.process.Sorttbl.mainlineSplit0  251 - 9805182020121391A
11:01:12.520 [main] INFO  com.cloudframe.app.process.Sorttbl.mainlineSplit0  251 - 9805182020121368A
11:01:12.520 [main] INFO  com.cloudframe.app.process.Sorttbl.mainlineSplit0  251 - 9865212020081284A
11:01:12.520 [main] INFO  com.cloudframe.app.process.Sorttbl.mainlineSplit0  251 - 9865212020081264I
11:01:12.520 [main] INFO  com.cloudframe.app.process.Sorttbl.mainlineSplit0  251 - 9865212020081216I
11:01:12.521 [main] INFO  com.cloudframe.app.process.Sorttbl.mainlineSplit0  254 -  
11:01:12.521 [main] INFO  com.cloudframe.app.process.Sorttbl.mainlineSplit0  256 - <<<<<<<
11:01:12.521 [main] INFO  com.cloudframe.app.process.Sorttbl.mainlineSplit0  258 -  
11:01:12.531 [main] INFO  com.cloudframe.app.process.Sorttbl.mainlineSplit2  560 -  
11:01:12.532 [main] INFO  com.cloudframe.app.process.Sorttbl.mainlineSplit2  562 - IP66601 TABLE ** INITIAL DISPLAY ** 
11:01:12.532 [main] INFO  com.cloudframe.app.process.Sorttbl.mainlineSplit2  564 -  
11:01:12.532 [main] INFO  com.cloudframe.app.process.Sorttbl.mainlineSplit2  568 - _____________
11:01:12.532 [main] INFO  com.cloudframe.app.process.Sorttbl.mainlineSplit2  570 - 1
11:01:12.533 [main] INFO  com.cloudframe.app.process.Sorttbl.mainlineSplit2  572 - 0
11:01:12.533 [main] INFO  com.cloudframe.app.process.Sorttbl.mainlineSplit2  574 - 0
11:01:12.533 [main] INFO  com.cloudframe.app.process.Sorttbl.mainlineSplit2  576 - 0
11:01:12.533 [main] INFO  com.cloudframe.app.process.Sorttbl.mainlineSplit2  578 - 1
11:01:12.533 [main] INFO  com.cloudframe.app.process.Sorttbl.mainlineSplit2  580 - 4
11:01:12.533 [main] INFO  com.cloudframe.app.process.Sorttbl.mainlineSplit2  582 -  
11:01:12.534 [main] INFO  com.cloudframe.app.process.Sorttbl.mainlineSplit2  568 - _____________
11:01:12.534 [main] INFO  com.cloudframe.app.process.Sorttbl.mainlineSplit2  570 - 2
11:01:12.534 [main] INFO  com.cloudframe.app.process.Sorttbl.mainlineSplit2  572 - 24
11:01:12.534 [main] INFO  com.cloudframe.app.process.Sorttbl.mainlineSplit2  574 - 0
11:01:12.534 [main] INFO  com.cloudframe.app.process.Sorttbl.mainlineSplit2  576 - 0
11:01:12.534 [main] INFO  com.cloudframe.app.process.Sorttbl.mainlineSplit2  578 - 21
11:01:12.534 [main] INFO  com.cloudframe.app.process.Sorttbl.mainlineSplit2  580 - 3
11:01:12.535 [main] INFO  com.cloudframe.app.process.Sorttbl.mainlineSplit2  582 -  
11:01:12.535 [main] INFO  com.cloudframe.app.process.Sorttbl.mainlineSplit2  568 - _____________
11:01:12.535 [main] INFO  com.cloudframe.app.process.Sorttbl.mainlineSplit2  570 - 3
11:01:12.535 [main] INFO  com.cloudframe.app.process.Sorttbl.mainlineSplit2  572 - 105
11:01:12.535 [main] INFO  com.cloudframe.app.process.Sorttbl.mainlineSplit2  574 - 0
11:01:12.535 [main] INFO  com.cloudframe.app.process.Sorttbl.mainlineSplit2  576 - 1
11:01:12.535 [main] INFO  com.cloudframe.app.process.Sorttbl.mainlineSplit2  578 - 34
11:01:12.536 [main] INFO  com.cloudframe.app.process.Sorttbl.mainlineSplit2  580 - 3
11:01:12.536 [main] INFO  com.cloudframe.app.process.Sorttbl.mainlineSplit2  582 -  
11:01:12.536 [main] INFO  com.cloudframe.app.process.Sorttbl.mainlineSplit2  568 - _____________
11:01:12.536 [main] INFO  com.cloudframe.app.process.Sorttbl.mainlineSplit2  570 - 3
11:01:12.536 [main] INFO  com.cloudframe.app.process.Sorttbl.mainlineSplit2  572 - 105
11:01:12.536 [main] INFO  com.cloudframe.app.process.Sorttbl.mainlineSplit2  574 - 0
11:01:12.536 [main] INFO  com.cloudframe.app.process.Sorttbl.mainlineSplit2  576 - 2
11:01:12.537 [main] INFO  com.cloudframe.app.process.Sorttbl.mainlineSplit2  578 - 37
11:01:12.537 [main] INFO  com.cloudframe.app.process.Sorttbl.mainlineSplit2  580 - 6
11:01:12.537 [main] INFO  com.cloudframe.app.process.Sorttbl.mainlineSplit2  582 -  
11:01:12.537 [main] INFO  com.cloudframe.app.process.Sorttbl.mainlineSplit2  568 - _____________
11:01:12.537 [main] INFO  com.cloudframe.app.process.Sorttbl.mainlineSplit2  570 - 3
11:01:12.537 [main] INFO  com.cloudframe.app.process.Sorttbl.mainlineSplit2  572 - 105
11:01:12.537 [main] INFO  com.cloudframe.app.process.Sorttbl.mainlineSplit2  574 - 0
11:01:12.537 [main] INFO  com.cloudframe.app.process.Sorttbl.mainlineSplit2  576 - 3
11:01:12.538 [main] INFO  com.cloudframe.app.process.Sorttbl.mainlineSplit2  578 - 43
11:01:12.538 [main] INFO  com.cloudframe.app.process.Sorttbl.mainlineSplit2  580 - 11
11:01:12.538 [main] INFO  com.cloudframe.app.process.Sorttbl.mainlineSplit2  582 -  
11:01:12.538 [main] INFO  com.cloudframe.app.process.Sorttbl.mainlineSplit2  568 - _____________
11:01:12.538 [main] INFO  com.cloudframe.app.process.Sorttbl.mainlineSplit2  570 - 3
11:01:12.538 [main] INFO  com.cloudframe.app.process.Sorttbl.mainlineSplit2  572 - 105
11:01:12.538 [main] INFO  com.cloudframe.app.process.Sorttbl.mainlineSplit2  574 - 0
11:01:12.539 [main] INFO  com.cloudframe.app.process.Sorttbl.mainlineSplit2  576 - 4
11:01:12.539 [main] INFO  com.cloudframe.app.process.Sorttbl.mainlineSplit2  578 - 54
11:01:12.539 [main] INFO  com.cloudframe.app.process.Sorttbl.mainlineSplit2  580 - 5
11:01:12.539 [main] INFO  com.cloudframe.app.process.Sorttbl.mainlineSplit2  582 -  
11:01:12.539 [main] INFO  com.cloudframe.app.process.Sorttbl.mainlineSplit2  568 - _____________
11:01:12.539 [main] INFO  com.cloudframe.app.process.Sorttbl.mainlineSplit2  570 - 3
11:01:12.540 [main] INFO  com.cloudframe.app.process.Sorttbl.mainlineSplit2  572 - 122
11:01:12.540 [main] INFO  com.cloudframe.app.process.Sorttbl.mainlineSplit2  574 - 0
11:01:12.540 [main] INFO  com.cloudframe.app.process.Sorttbl.mainlineSplit2  576 - 0
11:01:12.540 [main] INFO  com.cloudframe.app.process.Sorttbl.mainlineSplit2  578 - 66
11:01:12.540 [main] INFO  com.cloudframe.app.process.Sorttbl.mainlineSplit2  580 - 1
11:01:12.540 [main] INFO  com.cloudframe.app.process.Sorttbl.mainlineSplit2  582 -  
11:01:12.540 [main] INFO  com.cloudframe.app.process.Sorttbl.mainlineSplit2  568 - _____________
11:01:12.540 [main] INFO  com.cloudframe.app.process.Sorttbl.mainlineSplit2  570 - 2
11:01:12.541 [main] INFO  com.cloudframe.app.process.Sorttbl.mainlineSplit2  572 - 71
11:01:12.541 [main] INFO  com.cloudframe.app.process.Sorttbl.mainlineSplit2  574 - 0
11:01:12.541 [main] INFO  com.cloudframe.app.process.Sorttbl.mainlineSplit2  576 - 0
11:01:12.541 [main] INFO  com.cloudframe.app.process.Sorttbl.mainlineSplit2  578 - 67
11:01:12.541 [main] INFO  com.cloudframe.app.process.Sorttbl.mainlineSplit2  580 - 8
11:01:12.541 [main] INFO  com.cloudframe.app.process.Sorttbl.mainlineSplit2  582 -  
11:01:12.542 [main] INFO  com.cloudframe.app.process.Sorttbl.mainlineSplit2  568 - _____________
11:01:12.542 [main] INFO  com.cloudframe.app.process.Sorttbl.mainlineSplit2  570 - 3
11:01:12.542 [main] INFO  com.cloudframe.app.process.Sorttbl.mainlineSplit2  572 - 26
11:01:12.542 [main] INFO  com.cloudframe.app.process.Sorttbl.mainlineSplit2  574 - 0
11:01:12.542 [main] INFO  com.cloudframe.app.process.Sorttbl.mainlineSplit2  576 - 1
11:01:12.543 [main] INFO  com.cloudframe.app.process.Sorttbl.mainlineSplit2  578 - 75
11:01:12.543 [main] INFO  com.cloudframe.app.process.Sorttbl.mainlineSplit2  580 - 1
11:01:12.543 [main] INFO  com.cloudframe.app.process.Sorttbl.mainlineSplit2  582 -  
11:01:12.543 [main] INFO  com.cloudframe.app.process.Sorttbl.mainlineSplit2  568 - _____________
11:01:12.543 [main] INFO  com.cloudframe.app.process.Sorttbl.mainlineSplit2  570 - 3
11:01:12.544 [main] INFO  com.cloudframe.app.process.Sorttbl.mainlineSplit2  572 - 26
11:01:12.544 [main] INFO  com.cloudframe.app.process.Sorttbl.mainlineSplit2  574 - 0
11:01:12.544 [main] INFO  com.cloudframe.app.process.Sorttbl.mainlineSplit2  576 - 2
11:01:12.544 [main] INFO  com.cloudframe.app.process.Sorttbl.mainlineSplit2  578 - 76
11:01:12.544 [main] INFO  com.cloudframe.app.process.Sorttbl.mainlineSplit2  580 - 6
11:01:12.544 [main] INFO  com.cloudframe.app.process.Sorttbl.mainlineSplit2  582 -  
11:01:12.544 [main] INFO  com.cloudframe.app.process.Sorttbl.mainlineSplit2  596 - ** CALLING IP666040 **
11:01:12.545 [main] INFO  com.cloudframe.app.process.Ip666040.process   18 - Class Ip666040 not converted to Java, using default
