12:10:44.598 [main] INFO  o.s.boot.StartupInfoLogger.logStarting   50 - Starting CFApplication v0.0.1-SNAPSHOT using Java 17.0.14 with PID 1279599 (/home/jenkins/workspace/CFTestAutomation_Release/Testing/results/sgr/CODEMOVE/CODEMOVE/target/CODEMOVE-0.0.1-SNAPSHOT.jar started by root in /home/jenkins/workspace/CFTestAutomation_Release/Testing/results/sgr/CODEMOVE/CODEMOVE)
12:10:44.604 [main] INFO  o.s.boot.SpringApplication.logStartupProfileInfo  654 - No active profile set, falling back to 1 default profile: "default"
12:10:45.965 [main] INFO  o.s.boot.StartupInfoLogger.logStarted   56 - Started CFApplication in 2.808 seconds (process running for 4.062)
12:10:45.982 [main] INFO  c.c.app.utility.CFConfiguration.cfDataConnectIOInfo  107 - CFDataConnectIO version : 5.0.0.21
12:10:46.079 [main] INFO  com.cloudframe.app.process.Codemove.process  105 - INITIALISING ALL VARIABLES      
12:10:46.080 [main] INFO  com.cloudframe.app.process.Codemove.dispAllVars  284 - AA-W1-COMP-9-4 1
12:10:46.080 [main] INFO  com.cloudframe.app.process.Codemove.dispAllVars  286 - AA-W1-COMP-S9-4 1
12:10:46.081 [main] INFO  com.cloudframe.app.process.Codemove.dispAllVars  288 - AA-W1-COMP-9-8 1
12:10:46.081 [main] INFO  com.cloudframe.app.process.Codemove.dispAllVars  290 - AA-W1-COMP-S9-8 1
12:10:46.081 [main] INFO  com.cloudframe.app.process.Codemove.dispAllVars  292 - AA-W1-COMP-9-12 1
12:10:46.082 [main] INFO  com.cloudframe.app.process.Codemove.dispAllVars  294 - AA-W1-COMP-S9-12 1
12:10:46.082 [main] INFO  com.cloudframe.app.process.Codemove.dispAllVars  296 - AA-W1-BIN-9-4 1
12:10:46.082 [main] INFO  com.cloudframe.app.process.Codemove.dispAllVars  298 - AA-W1-BIN-S9-4 1
12:10:46.082 [main] INFO  com.cloudframe.app.process.Codemove.dispAllVars  300 - AA-W1-BIN-9-8 1
12:10:46.083 [main] INFO  com.cloudframe.app.process.Codemove.dispAllVars  302 - AA-W1-BIN-S9-8 1
12:10:46.083 [main] INFO  com.cloudframe.app.process.Codemove.dispAllVars  304 - AA-W1-BIN-9-12 1
12:10:46.083 [main] INFO  com.cloudframe.app.process.Codemove.dispAllVars  306 - AA-W1-BIN-S9-12 1
12:10:46.083 [main] INFO  com.cloudframe.app.process.Codemove.dispAllVars  308 - AA-W1-EDIT-9-4     
12:10:46.084 [main] INFO  com.cloudframe.app.process.Codemove.dispAllVars  310 - AA-W1-EDIT-9-4-NB     
12:10:46.084 [main] INFO  com.cloudframe.app.process.Codemove.dispAllVars  312 - AA-W1-DISP-9-4 1
12:10:46.084 [main] INFO  com.cloudframe.app.process.Codemove.dispAllVars  314 - AA-W1-DISP-S9-4 1
12:10:46.085 [main] INFO  com.cloudframe.app.process.Codemove.dispAllVars  316 - AA-W1-DISP-9-8 1
12:10:46.085 [main] INFO  com.cloudframe.app.process.Codemove.dispAllVars  318 - AA-W1-DISP-S9-8 1
12:10:46.085 [main] INFO  com.cloudframe.app.process.Codemove.dispAllVars  320 - AA-W1-DISP-9-12 1
12:10:46.085 [main] INFO  com.cloudframe.app.process.Codemove.dispAllVars  322 - AA-W1-DISP-S9-12 1
12:10:46.086 [main] INFO  com.cloudframe.app.process.Codemove.dispAllVars  324 - AA-W1-COMP-3-9-4 1
12:10:46.086 [main] INFO  com.cloudframe.app.process.Codemove.dispAllVars  326 - AA-W1-COMP-3-S9-4 1
12:10:46.087 [main] INFO  com.cloudframe.app.process.Codemove.dispAllVars  328 - AA-W1-COMP-3-9-8 1
12:10:46.087 [main] INFO  com.cloudframe.app.process.Codemove.dispAllVars  330 - AA-W1-COMP-3-S9-8 1
12:10:46.087 [main] INFO  com.cloudframe.app.process.Codemove.dispAllVars  332 - AA-W1-COMP-3-9-12 1
12:10:46.087 [main] INFO  com.cloudframe.app.process.Codemove.dispAllVars  334 - AA-W1-COMP-3-S9-12 1
12:10:46.088 [main] INFO  com.cloudframe.app.process.Codemove.dispAllVars  336 - AA-W1-COMP-3-9-44 100
12:10:46.088 [main] INFO  com.cloudframe.app.process.Codemove.dispAllVars  338 - AA-W1-COMP-3-S9-44 100
12:10:46.088 [main] INFO  com.cloudframe.app.process.Codemove.dispAllVars  340 - AA-W1-COMP-3-9-84 100
12:10:46.088 [main] INFO  com.cloudframe.app.process.Codemove.dispAllVars  342 - AA-W1-COMP-3-S9-84 100
12:10:46.089 [main] INFO  com.cloudframe.app.process.Codemove.dispAllVars  344 - AA-W1-COMP-3-9-124 100
12:10:46.089 [main] INFO  com.cloudframe.app.process.Codemove.dispAllVars  346 - AA-W1-COMP-3-S9-124 100
12:10:46.089 [main] INFO  com.cloudframe.app.process.Codemove.dispAllVars  348 - AA-W1-COMP-9-44 100
12:10:46.090 [main] INFO  com.cloudframe.app.process.Codemove.dispAllVars  350 - AA-W1-COMP-S9-44 100
12:10:46.090 [main] INFO  com.cloudframe.app.process.Codemove.dispAllVars  352 - AA-W1-COMP-9-84 100
12:10:46.090 [main] INFO  com.cloudframe.app.process.Codemove.dispAllVars  354 - AA-W1-COMP-S9-84 100
12:10:46.090 [main] INFO  com.cloudframe.app.process.Codemove.dispAllVars  356 - AA-W1-COMP-9-124 100
12:10:46.091 [main] INFO  com.cloudframe.app.process.Codemove.dispAllVars  358 - AA-W1-COMP-S9-124 100
12:10:46.091 [main] INFO  com.cloudframe.app.process.Codemove.dispAllVars  360 - AA-W1-DISP-9-44 100
12:10:46.091 [main] INFO  com.cloudframe.app.process.Codemove.dispAllVars  362 - AA-W1-DISP-S9-44 100
12:10:46.091 [main] INFO  com.cloudframe.app.process.Codemove.dispAllVars  364 - AA-W1-DISP-9-84 100
12:10:46.092 [main] INFO  com.cloudframe.app.process.Codemove.dispAllVars  366 - AA-W1-DISP-S9-84 100
12:10:46.092 [main] INFO  com.cloudframe.app.process.Codemove.dispAllVars  368 - AA-W1-DISP-9-124 100
12:10:46.092 [main] INFO  com.cloudframe.app.process.Codemove.dispAllVars  370 - AA-W1-DISP-S9-124 100
12:10:46.092 [main] INFO  com.cloudframe.app.process.Codemove.dispAllVars  372 - AA-W1-BIN-9-44 100
12:10:46.093 [main] INFO  com.cloudframe.app.process.Codemove.dispAllVars  374 - AA-W1-BIN-S9-44 100
12:10:46.093 [main] INFO  com.cloudframe.app.process.Codemove.dispAllVars  376 - AA-W1-BIN-9-84 100
12:10:46.093 [main] INFO  com.cloudframe.app.process.Codemove.dispAllVars  378 - AA-W1-BIN-S9-84 100
12:10:46.093 [main] INFO  com.cloudframe.app.process.Codemove.dispAllVars  380 - AA-W1-BIN-9-124 100
12:10:46.094 [main] INFO  com.cloudframe.app.process.Codemove.dispAllVars  382 - AA-W1-BIN-S9-124 100
12:10:46.094 [main] INFO  com.cloudframe.app.process.Codemove.process  112 - ********************************
12:10:46.094 [main] INFO  com.cloudframe.app.process.Codemove.process  114 - ****** AA-W1-COMP-9-4 **********
12:10:46.096 [main] INFO  com.cloudframe.app.process.Codemove.dispAllVars  284 - AA-W1-COMP-9-4 1
12:10:46.097 [main] INFO  com.cloudframe.app.process.Codemove.dispAllVars  286 - AA-W1-COMP-S9-4 1
12:10:46.097 [main] INFO  com.cloudframe.app.process.Codemove.dispAllVars  288 - AA-W1-COMP-9-8 1
12:10:46.097 [main] INFO  com.cloudframe.app.process.Codemove.dispAllVars  290 - AA-W1-COMP-S9-8 1
12:10:46.098 [main] INFO  com.cloudframe.app.process.Codemove.dispAllVars  292 - AA-W1-COMP-9-12 1
12:10:46.098 [main] INFO  com.cloudframe.app.process.Codemove.dispAllVars  294 - AA-W1-COMP-S9-12 1
12:10:46.098 [main] INFO  com.cloudframe.app.process.Codemove.dispAllVars  296 - AA-W1-BIN-9-4 1
12:10:46.098 [main] INFO  com.cloudframe.app.process.Codemove.dispAllVars  298 - AA-W1-BIN-S9-4 1
12:10:46.099 [main] INFO  com.cloudframe.app.process.Codemove.dispAllVars  300 - AA-W1-BIN-9-8 1
12:10:46.099 [main] INFO  com.cloudframe.app.process.Codemove.dispAllVars  302 - AA-W1-BIN-S9-8 1
12:10:46.099 [main] INFO  com.cloudframe.app.process.Codemove.dispAllVars  304 - AA-W1-BIN-9-12 1
12:10:46.099 [main] INFO  com.cloudframe.app.process.Codemove.dispAllVars  306 - AA-W1-BIN-S9-12 1
12:10:46.100 [main] INFO  com.cloudframe.app.process.Codemove.dispAllVars  308 - AA-W1-EDIT-9-4    1
12:10:46.100 [main] INFO  com.cloudframe.app.process.Codemove.dispAllVars  310 - AA-W1-EDIT-9-4-NB    1
12:10:46.100 [main] INFO  com.cloudframe.app.process.Codemove.dispAllVars  312 - AA-W1-DISP-9-4 1
12:10:46.100 [main] INFO  com.cloudframe.app.process.Codemove.dispAllVars  314 - AA-W1-DISP-S9-4 1
12:10:46.101 [main] INFO  com.cloudframe.app.process.Codemove.dispAllVars  316 - AA-W1-DISP-9-8 1
12:10:46.101 [main] INFO  com.cloudframe.app.process.Codemove.dispAllVars  318 - AA-W1-DISP-S9-8 1
12:10:46.101 [main] INFO  com.cloudframe.app.process.Codemove.dispAllVars  320 - AA-W1-DISP-9-12 1
12:10:46.101 [main] INFO  com.cloudframe.app.process.Codemove.dispAllVars  322 - AA-W1-DISP-S9-12 1
12:10:46.102 [main] INFO  com.cloudframe.app.process.Codemove.dispAllVars  324 - AA-W1-COMP-3-9-4 1
12:10:46.102 [main] INFO  com.cloudframe.app.process.Codemove.dispAllVars  326 - AA-W1-COMP-3-S9-4 1
12:10:46.102 [main] INFO  com.cloudframe.app.process.Codemove.dispAllVars  328 - AA-W1-COMP-3-9-8 1
12:10:46.102 [main] INFO  com.cloudframe.app.process.Codemove.dispAllVars  330 - AA-W1-COMP-3-S9-8 1
12:10:46.103 [main] INFO  com.cloudframe.app.process.Codemove.dispAllVars  332 - AA-W1-COMP-3-9-12 1
12:10:46.103 [main] INFO  com.cloudframe.app.process.Codemove.dispAllVars  334 - AA-W1-COMP-3-S9-12 1
12:10:46.103 [main] INFO  com.cloudframe.app.process.Codemove.dispAllVars  336 - AA-W1-COMP-3-9-44 100
12:10:46.104 [main] INFO  com.cloudframe.app.process.Codemove.dispAllVars  338 - AA-W1-COMP-3-S9-44 100
12:10:46.104 [main] INFO  com.cloudframe.app.process.Codemove.dispAllVars  340 - AA-W1-COMP-3-9-84 100
12:10:46.104 [main] INFO  com.cloudframe.app.process.Codemove.dispAllVars  342 - AA-W1-COMP-3-S9-84 100
12:10:46.105 [main] INFO  com.cloudframe.app.process.Codemove.dispAllVars  344 - AA-W1-COMP-3-9-124 100
12:10:46.105 [main] INFO  com.cloudframe.app.process.Codemove.dispAllVars  346 - AA-W1-COMP-3-S9-124 100
12:10:46.105 [main] INFO  com.cloudframe.app.process.Codemove.dispAllVars  348 - AA-W1-COMP-9-44 100
12:10:46.105 [main] INFO  com.cloudframe.app.process.Codemove.dispAllVars  350 - AA-W1-COMP-S9-44 100
12:10:46.105 [main] INFO  com.cloudframe.app.process.Codemove.dispAllVars  352 - AA-W1-COMP-9-84 100
12:10:46.106 [main] INFO  com.cloudframe.app.process.Codemove.dispAllVars  354 - AA-W1-COMP-S9-84 100
12:10:46.106 [main] INFO  com.cloudframe.app.process.Codemove.dispAllVars  356 - AA-W1-COMP-9-124 100
12:10:46.106 [main] INFO  com.cloudframe.app.process.Codemove.dispAllVars  358 - AA-W1-COMP-S9-124 100
12:10:46.106 [main] INFO  com.cloudframe.app.process.Codemove.dispAllVars  360 - AA-W1-DISP-9-44 100
12:10:46.107 [main] INFO  com.cloudframe.app.process.Codemove.dispAllVars  362 - AA-W1-DISP-S9-44 100
12:10:46.107 [main] INFO  com.cloudframe.app.process.Codemove.dispAllVars  364 - AA-W1-DISP-9-84 100
12:10:46.107 [main] INFO  com.cloudframe.app.process.Codemove.dispAllVars  366 - AA-W1-DISP-S9-84 100
12:10:46.107 [main] INFO  com.cloudframe.app.process.Codemove.dispAllVars  368 - AA-W1-DISP-9-124 100
12:10:46.108 [main] INFO  com.cloudframe.app.process.Codemove.dispAllVars  370 - AA-W1-DISP-S9-124 100
12:10:46.108 [main] INFO  com.cloudframe.app.process.Codemove.dispAllVars  372 - AA-W1-BIN-9-44 100
12:10:46.108 [main] INFO  com.cloudframe.app.process.Codemove.dispAllVars  374 - AA-W1-BIN-S9-44 100
12:10:46.108 [main] INFO  com.cloudframe.app.process.Codemove.dispAllVars  376 - AA-W1-BIN-9-84 100
12:10:46.109 [main] INFO  com.cloudframe.app.process.Codemove.dispAllVars  378 - AA-W1-BIN-S9-84 100
12:10:46.109 [main] INFO  com.cloudframe.app.process.Codemove.dispAllVars  380 - AA-W1-BIN-9-124 100
12:10:46.109 [main] INFO  com.cloudframe.app.process.Codemove.dispAllVars  382 - AA-W1-BIN-S9-124 100
12:10:46.109 [main] INFO  com.cloudframe.app.process.Codemove.process1Split52  685 - ****** AA-W1-COMP-S9-4 *********
12:10:46.111 [main] INFO  com.cloudframe.app.process.Codemove.dispAllVars  284 - AA-W1-COMP-9-4 1
12:10:46.112 [main] INFO  com.cloudframe.app.process.Codemove.dispAllVars  286 - AA-W1-COMP-S9-4 1
12:10:46.112 [main] INFO  com.cloudframe.app.process.Codemove.dispAllVars  288 - AA-W1-COMP-9-8 1
12:10:46.112 [main] INFO  com.cloudframe.app.process.Codemove.dispAllVars  290 - AA-W1-COMP-S9-8 1
12:10:46.112 [main] INFO  com.cloudframe.app.process.Codemove.dispAllVars  292 - AA-W1-COMP-9-12 1
12:10:46.112 [main] INFO  com.cloudframe.app.process.Codemove.dispAllVars  294 - AA-W1-COMP-S9-12 1
12:10:46.113 [main] INFO  com.cloudframe.app.process.Codemove.dispAllVars  296 - AA-W1-BIN-9-4 1
12:10:46.113 [main] INFO  com.cloudframe.app.process.Codemove.dispAllVars  298 - AA-W1-BIN-S9-4 1
12:10:46.113 [main] INFO  com.cloudframe.app.process.Codemove.dispAllVars  300 - AA-W1-BIN-9-8 1
12:10:46.113 [main] INFO  com.cloudframe.app.process.Codemove.dispAllVars  302 - AA-W1-BIN-S9-8 1
12:10:46.113 [main] INFO  com.cloudframe.app.process.Codemove.dispAllVars  304 - AA-W1-BIN-9-12 1
12:10:46.114 [main] INFO  com.cloudframe.app.process.Codemove.dispAllVars  306 - AA-W1-BIN-S9-12 1
12:10:46.114 [main] INFO  com.cloudframe.app.process.Codemove.dispAllVars  308 - AA-W1-EDIT-9-4    1
12:10:46.114 [main] INFO  com.cloudframe.app.process.Codemove.dispAllVars  310 - AA-W1-EDIT-9-4-NB    1
12:10:46.114 [main] INFO  com.cloudframe.app.process.Codemove.dispAllVars  312 - AA-W1-DISP-9-4 1
12:10:46.114 [main] INFO  com.cloudframe.app.process.Codemove.dispAllVars  314 - AA-W1-DISP-S9-4 1
12:10:46.115 [main] INFO  com.cloudframe.app.process.Codemove.dispAllVars  316 - AA-W1-DISP-9-8 1
12:10:46.115 [main] INFO  com.cloudframe.app.process.Codemove.dispAllVars  318 - AA-W1-DISP-S9-8 1
12:10:46.115 [main] INFO  com.cloudframe.app.process.Codemove.dispAllVars  320 - AA-W1-DISP-9-12 1
12:10:46.116 [main] INFO  com.cloudframe.app.process.Codemove.dispAllVars  322 - AA-W1-DISP-S9-12 1
12:10:46.116 [main] INFO  com.cloudframe.app.process.Codemove.dispAllVars  324 - AA-W1-COMP-3-9-4 1
12:10:46.117 [main] INFO  com.cloudframe.app.process.Codemove.dispAllVars  326 - AA-W1-COMP-3-S9-4 1
12:10:46.117 [main] INFO  com.cloudframe.app.process.Codemove.dispAllVars  328 - AA-W1-COMP-3-9-8 1
12:10:46.117 [main] INFO  com.cloudframe.app.process.Codemove.dispAllVars  330 - AA-W1-COMP-3-S9-8 1
12:10:46.117 [main] INFO  com.cloudframe.app.process.Codemove.dispAllVars  332 - AA-W1-COMP-3-9-12 1
12:10:46.118 [main] INFO  com.cloudframe.app.process.Codemove.dispAllVars  334 - AA-W1-COMP-3-S9-12 1
12:10:46.118 [main] INFO  com.cloudframe.app.process.Codemove.dispAllVars  336 - AA-W1-COMP-3-9-44 100
12:10:46.118 [main] INFO  com.cloudframe.app.process.Codemove.dispAllVars  338 - AA-W1-COMP-3-S9-44 100
12:10:46.118 [main] INFO  com.cloudframe.app.process.Codemove.dispAllVars  340 - AA-W1-COMP-3-9-84 100
12:10:46.119 [main] INFO  com.cloudframe.app.process.Codemove.dispAllVars  342 - AA-W1-COMP-3-S9-84 100
12:10:46.119 [main] INFO  com.cloudframe.app.process.Codemove.dispAllVars  344 - AA-W1-COMP-3-9-124 100
12:10:46.119 [main] INFO  com.cloudframe.app.process.Codemove.dispAllVars  346 - AA-W1-COMP-3-S9-124 100
12:10:46.119 [main] INFO  com.cloudframe.app.process.Codemove.dispAllVars  348 - AA-W1-COMP-9-44 100
12:10:46.120 [main] INFO  com.cloudframe.app.process.Codemove.dispAllVars  350 - AA-W1-COMP-S9-44 100
12:10:46.120 [main] INFO  com.cloudframe.app.process.Codemove.dispAllVars  352 - AA-W1-COMP-9-84 100
12:10:46.120 [main] INFO  com.cloudframe.app.process.Codemove.dispAllVars  354 - AA-W1-COMP-S9-84 100
12:10:46.120 [main] INFO  com.cloudframe.app.process.Codemove.dispAllVars  356 - AA-W1-COMP-9-124 100
12:10:46.120 [main] INFO  com.cloudframe.app.process.Codemove.dispAllVars  358 - AA-W1-COMP-S9-124 100
12:10:46.121 [main] INFO  com.cloudframe.app.process.Codemove.dispAllVars  360 - AA-W1-DISP-9-44 100
12:10:46.121 [main] INFO  com.cloudframe.app.process.Codemove.dispAllVars  362 - AA-W1-DISP-S9-44 100
12:10:46.121 [main] INFO  com.cloudframe.app.process.Codemove.dispAllVars  364 - AA-W1-DISP-9-84 100
12:10:46.121 [main] INFO  com.cloudframe.app.process.Codemove.dispAllVars  366 - AA-W1-DISP-S9-84 100
12:10:46.122 [main] INFO  com.cloudframe.app.process.Codemove.dispAllVars  368 - AA-W1-DISP-9-124 100
12:10:46.122 [main] INFO  com.cloudframe.app.process.Codemove.dispAllVars  370 - AA-W1-DISP-S9-124 100
12:10:46.122 [main] INFO  com.cloudframe.app.process.Codemove.dispAllVars  372 - AA-W1-BIN-9-44 100
12:10:46.122 [main] INFO  com.cloudframe.app.process.Codemove.dispAllVars  374 - AA-W1-BIN-S9-44 100
12:10:46.122 [main] INFO  com.cloudframe.app.process.Codemove.dispAllVars  376 - AA-W1-BIN-9-84 100
12:10:46.122 [main] INFO  com.cloudframe.app.process.Codemove.dispAllVars  378 - AA-W1-BIN-S9-84 100
12:10:46.123 [main] INFO  com.cloudframe.app.process.Codemove.dispAllVars  380 - AA-W1-BIN-9-124 100
12:10:46.123 [main] INFO  com.cloudframe.app.process.Codemove.dispAllVars  382 - AA-W1-BIN-S9-124 100
12:10:46.123 [main] INFO  com.cloudframe.app.process.Codemove.process2Split54  896 - ****** AA-W1-COMP-9-8 **********
12:10:46.125 [main] INFO  com.cloudframe.app.process.Codemove.dispAllVars  284 - AA-W1-COMP-9-4 1
12:10:46.126 [main] INFO  com.cloudframe.app.process.Codemove.dispAllVars  286 - AA-W1-COMP-S9-4 1
12:10:46.126 [main] INFO  com.cloudframe.app.process.Codemove.dispAllVars  288 - AA-W1-COMP-9-8 1
12:10:46.127 [main] INFO  com.cloudframe.app.process.Codemove.dispAllVars  290 - AA-W1-COMP-S9-8 1
12:10:46.127 [main] INFO  com.cloudframe.app.process.Codemove.dispAllVars  292 - AA-W1-COMP-9-12 1
12:10:46.127 [main] INFO  com.cloudframe.app.process.Codemove.dispAllVars  294 - AA-W1-COMP-S9-12 1
12:10:46.127 [main] INFO  com.cloudframe.app.process.Codemove.dispAllVars  296 - AA-W1-BIN-9-4 1
12:10:46.128 [main] INFO  com.cloudframe.app.process.Codemove.dispAllVars  298 - AA-W1-BIN-S9-4 1
12:10:46.128 [main] INFO  com.cloudframe.app.process.Codemove.dispAllVars  300 - AA-W1-BIN-9-8 1
12:10:46.128 [main] INFO  com.cloudframe.app.process.Codemove.dispAllVars  302 - AA-W1-BIN-S9-8 1
12:10:46.129 [main] INFO  com.cloudframe.app.process.Codemove.dispAllVars  304 - AA-W1-BIN-9-12 1
12:10:46.129 [main] INFO  com.cloudframe.app.process.Codemove.dispAllVars  306 - AA-W1-BIN-S9-12 1
12:10:46.129 [main] INFO  com.cloudframe.app.process.Codemove.dispAllVars  308 - AA-W1-EDIT-9-4    1
12:10:46.130 [main] INFO  com.cloudframe.app.process.Codemove.dispAllVars  310 - AA-W1-EDIT-9-4-NB    1
12:10:46.130 [main] INFO  com.cloudframe.app.process.Codemove.dispAllVars  312 - AA-W1-DISP-9-4 1
12:10:46.130 [main] INFO  com.cloudframe.app.process.Codemove.dispAllVars  314 - AA-W1-DISP-S9-4 1
12:10:46.131 [main] INFO  com.cloudframe.app.process.Codemove.dispAllVars  316 - AA-W1-DISP-9-8 1
12:10:46.131 [main] INFO  com.cloudframe.app.process.Codemove.dispAllVars  318 - AA-W1-DISP-S9-8 1
12:10:46.131 [main] INFO  com.cloudframe.app.process.Codemove.dispAllVars  320 - AA-W1-DISP-9-12 1
12:10:46.131 [main] INFO  com.cloudframe.app.process.Codemove.dispAllVars  322 - AA-W1-DISP-S9-12 1
12:10:46.132 [main] INFO  com.cloudframe.app.process.Codemove.dispAllVars  324 - AA-W1-COMP-3-9-4 1
12:10:46.132 [main] INFO  com.cloudframe.app.process.Codemove.dispAllVars  326 - AA-W1-COMP-3-S9-4 1
12:10:46.132 [main] INFO  com.cloudframe.app.process.Codemove.dispAllVars  328 - AA-W1-COMP-3-9-8 1
12:10:46.133 [main] INFO  com.cloudframe.app.process.Codemove.dispAllVars  330 - AA-W1-COMP-3-S9-8 1
12:10:46.133 [main] INFO  com.cloudframe.app.process.Codemove.dispAllVars  332 - AA-W1-COMP-3-9-12 1
12:10:46.133 [main] INFO  com.cloudframe.app.process.Codemove.dispAllVars  334 - AA-W1-COMP-3-S9-12 1
12:10:46.134 [main] INFO  com.cloudframe.app.process.Codemove.dispAllVars  336 - AA-W1-COMP-3-9-44 100
12:10:46.134 [main] INFO  com.cloudframe.app.process.Codemove.dispAllVars  338 - AA-W1-COMP-3-S9-44 100
12:10:46.134 [main] INFO  com.cloudframe.app.process.Codemove.dispAllVars  340 - AA-W1-COMP-3-9-84 100
12:10:46.135 [main] INFO  com.cloudframe.app.process.Codemove.dispAllVars  342 - AA-W1-COMP-3-S9-84 100
12:10:46.135 [main] INFO  com.cloudframe.app.process.Codemove.dispAllVars  344 - AA-W1-COMP-3-9-124 100
12:10:46.136 [main] INFO  com.cloudframe.app.process.Codemove.dispAllVars  346 - AA-W1-COMP-3-S9-124 100
12:10:46.136 [main] INFO  com.cloudframe.app.process.Codemove.dispAllVars  348 - AA-W1-COMP-9-44 100
12:10:46.137 [main] INFO  com.cloudframe.app.process.Codemove.dispAllVars  350 - AA-W1-COMP-S9-44 100
12:10:46.137 [main] INFO  com.cloudframe.app.process.Codemove.dispAllVars  352 - AA-W1-COMP-9-84 100
12:10:46.137 [main] INFO  com.cloudframe.app.process.Codemove.dispAllVars  354 - AA-W1-COMP-S9-84 100
12:10:46.138 [main] INFO  com.cloudframe.app.process.Codemove.dispAllVars  356 - AA-W1-COMP-9-124 100
12:10:46.138 [main] INFO  com.cloudframe.app.process.Codemove.dispAllVars  358 - AA-W1-COMP-S9-124 100
12:10:46.138 [main] INFO  com.cloudframe.app.process.Codemove.dispAllVars  360 - AA-W1-DISP-9-44 100
12:10:46.139 [main] INFO  com.cloudframe.app.process.Codemove.dispAllVars  362 - AA-W1-DISP-S9-44 100
12:10:46.139 [main] INFO  com.cloudframe.app.process.Codemove.dispAllVars  364 - AA-W1-DISP-9-84 100
12:10:46.139 [main] INFO  com.cloudframe.app.process.Codemove.dispAllVars  366 - AA-W1-DISP-S9-84 100
12:10:46.140 [main] INFO  com.cloudframe.app.process.Codemove.dispAllVars  368 - AA-W1-DISP-9-124 100
12:10:46.140 [main] INFO  com.cloudframe.app.process.Codemove.dispAllVars  370 - AA-W1-DISP-S9-124 100
12:10:46.140 [main] INFO  com.cloudframe.app.process.Codemove.dispAllVars  372 - AA-W1-BIN-9-44 100
12:10:46.141 [main] INFO  com.cloudframe.app.process.Codemove.dispAllVars  374 - AA-W1-BIN-S9-44 100
12:10:46.141 [main] INFO  com.cloudframe.app.process.Codemove.dispAllVars  376 - AA-W1-BIN-9-84 100
12:10:46.141 [main] INFO  com.cloudframe.app.process.Codemove.dispAllVars  378 - AA-W1-BIN-S9-84 100
12:10:46.141 [main] INFO  com.cloudframe.app.process.Codemove.dispAllVars  380 - AA-W1-BIN-9-124 100
12:10:46.142 [main] INFO  com.cloudframe.app.process.Codemove.dispAllVars  382 - AA-W1-BIN-S9-124 100
12:10:46.142 [main] INFO  com.cloudframe.app.process.Codemove.process3Split56 1107 - ******* AA-W1-COMP-S9-8 ********
12:10:46.144 [main] INFO  com.cloudframe.app.process.Codemove.dispAllVars  284 - AA-W1-COMP-9-4 1
12:10:46.145 [main] INFO  com.cloudframe.app.process.Codemove.dispAllVars  286 - AA-W1-COMP-S9-4 1
12:10:46.145 [main] INFO  com.cloudframe.app.process.Codemove.dispAllVars  288 - AA-W1-COMP-9-8 1
12:10:46.145 [main] INFO  com.cloudframe.app.process.Codemove.dispAllVars  290 - AA-W1-COMP-S9-8 1
12:10:46.146 [main] INFO  com.cloudframe.app.process.Codemove.dispAllVars  292 - AA-W1-COMP-9-12 1
12:10:46.146 [main] INFO  com.cloudframe.app.process.Codemove.dispAllVars  294 - AA-W1-COMP-S9-12 1
12:10:46.146 [main] INFO  com.cloudframe.app.process.Codemove.dispAllVars  296 - AA-W1-BIN-9-4 1
12:10:46.147 [main] INFO  com.cloudframe.app.process.Codemove.dispAllVars  298 - AA-W1-BIN-S9-4 1
12:10:46.147 [main] INFO  com.cloudframe.app.process.Codemove.dispAllVars  300 - AA-W1-BIN-9-8 1
12:10:46.147 [main] INFO  com.cloudframe.app.process.Codemove.dispAllVars  302 - AA-W1-BIN-S9-8 1
12:10:46.147 [main] INFO  com.cloudframe.app.process.Codemove.dispAllVars  304 - AA-W1-BIN-9-12 1
12:10:46.148 [main] INFO  com.cloudframe.app.process.Codemove.dispAllVars  306 - AA-W1-BIN-S9-12 1
12:10:46.148 [main] INFO  com.cloudframe.app.process.Codemove.dispAllVars  308 - AA-W1-EDIT-9-4    1
12:10:46.148 [main] INFO  com.cloudframe.app.process.Codemove.dispAllVars  310 - AA-W1-EDIT-9-4-NB    1
12:10:46.148 [main] INFO  com.cloudframe.app.process.Codemove.dispAllVars  312 - AA-W1-DISP-9-4 1
12:10:46.149 [main] INFO  com.cloudframe.app.process.Codemove.dispAllVars  314 - AA-W1-DISP-S9-4 1
12:10:46.149 [main] INFO  com.cloudframe.app.process.Codemove.dispAllVars  316 - AA-W1-DISP-9-8 1
12:10:46.149 [main] INFO  com.cloudframe.app.process.Codemove.dispAllVars  318 - AA-W1-DISP-S9-8 1
12:10:46.150 [main] INFO  com.cloudframe.app.process.Codemove.dispAllVars  320 - AA-W1-DISP-9-12 1
12:10:46.150 [main] INFO  com.cloudframe.app.process.Codemove.dispAllVars  322 - AA-W1-DISP-S9-12 1
12:10:46.150 [main] INFO  com.cloudframe.app.process.Codemove.dispAllVars  324 - AA-W1-COMP-3-9-4 1
12:10:46.150 [main] INFO  com.cloudframe.app.process.Codemove.dispAllVars  326 - AA-W1-COMP-3-S9-4 1
12:10:46.151 [main] INFO  com.cloudframe.app.process.Codemove.dispAllVars  328 - AA-W1-COMP-3-9-8 1
12:10:46.151 [main] INFO  com.cloudframe.app.process.Codemove.dispAllVars  330 - AA-W1-COMP-3-S9-8 1
12:10:46.151 [main] INFO  com.cloudframe.app.process.Codemove.dispAllVars  332 - AA-W1-COMP-3-9-12 1
12:10:46.152 [main] INFO  com.cloudframe.app.process.Codemove.dispAllVars  334 - AA-W1-COMP-3-S9-12 1
12:10:46.152 [main] INFO  com.cloudframe.app.process.Codemove.dispAllVars  336 - AA-W1-COMP-3-9-44 100
12:10:46.152 [main] INFO  com.cloudframe.app.process.Codemove.dispAllVars  338 - AA-W1-COMP-3-S9-44 100
12:10:46.153 [main] INFO  com.cloudframe.app.process.Codemove.dispAllVars  340 - AA-W1-COMP-3-9-84 100
12:10:46.153 [main] INFO  com.cloudframe.app.process.Codemove.dispAllVars  342 - AA-W1-COMP-3-S9-84 100
12:10:46.153 [main] INFO  com.cloudframe.app.process.Codemove.dispAllVars  344 - AA-W1-COMP-3-9-124 100
12:10:46.153 [main] INFO  com.cloudframe.app.process.Codemove.dispAllVars  346 - AA-W1-COMP-3-S9-124 100
12:10:46.154 [main] INFO  com.cloudframe.app.process.Codemove.dispAllVars  348 - AA-W1-COMP-9-44 100
12:10:46.154 [main] INFO  com.cloudframe.app.process.Codemove.dispAllVars  350 - AA-W1-COMP-S9-44 100
12:10:46.154 [main] INFO  com.cloudframe.app.process.Codemove.dispAllVars  352 - AA-W1-COMP-9-84 100
12:10:46.155 [main] INFO  com.cloudframe.app.process.Codemove.dispAllVars  354 - AA-W1-COMP-S9-84 100
12:10:46.155 [main] INFO  com.cloudframe.app.process.Codemove.dispAllVars  356 - AA-W1-COMP-9-124 100
12:10:46.155 [main] INFO  com.cloudframe.app.process.Codemove.dispAllVars  358 - AA-W1-COMP-S9-124 100
12:10:46.155 [main] INFO  com.cloudframe.app.process.Codemove.dispAllVars  360 - AA-W1-DISP-9-44 100
12:10:46.156 [main] INFO  com.cloudframe.app.process.Codemove.dispAllVars  362 - AA-W1-DISP-S9-44 100
12:10:46.156 [main] INFO  com.cloudframe.app.process.Codemove.dispAllVars  364 - AA-W1-DISP-9-84 100
12:10:46.156 [main] INFO  com.cloudframe.app.process.Codemove.dispAllVars  366 - AA-W1-DISP-S9-84 100
12:10:46.156 [main] INFO  com.cloudframe.app.process.Codemove.dispAllVars  368 - AA-W1-DISP-9-124 100
12:10:46.157 [main] INFO  com.cloudframe.app.process.Codemove.dispAllVars  370 - AA-W1-DISP-S9-124 100
12:10:46.157 [main] INFO  com.cloudframe.app.process.Codemove.dispAllVars  372 - AA-W1-BIN-9-44 100
12:10:46.157 [main] INFO  com.cloudframe.app.process.Codemove.dispAllVars  374 - AA-W1-BIN-S9-44 100
12:10:46.158 [main] INFO  com.cloudframe.app.process.Codemove.dispAllVars  376 - AA-W1-BIN-9-84 100
12:10:46.158 [main] INFO  com.cloudframe.app.process.Codemove.dispAllVars  378 - AA-W1-BIN-S9-84 100
12:10:46.159 [main] INFO  com.cloudframe.app.process.Codemove.dispAllVars  380 - AA-W1-BIN-9-124 100
12:10:46.159 [main] INFO  com.cloudframe.app.process.Codemove.dispAllVars  382 - AA-W1-BIN-S9-124 100
12:10:46.159 [main] INFO  com.cloudframe.app.process.Codemove.process4Split58 1318 - ****** AA-W1-COMP-9-12 *********
12:10:46.162 [main] INFO  com.cloudframe.app.process.Codemove.dispAllVars  284 - AA-W1-COMP-9-4 1
12:10:46.162 [main] INFO  com.cloudframe.app.process.Codemove.dispAllVars  286 - AA-W1-COMP-S9-4 1
12:10:46.162 [main] INFO  com.cloudframe.app.process.Codemove.dispAllVars  288 - AA-W1-COMP-9-8 1
12:10:46.162 [main] INFO  com.cloudframe.app.process.Codemove.dispAllVars  290 - AA-W1-COMP-S9-8 1
12:10:46.163 [main] INFO  com.cloudframe.app.process.Codemove.dispAllVars  292 - AA-W1-COMP-9-12 1
12:10:46.163 [main] INFO  com.cloudframe.app.process.Codemove.dispAllVars  294 - AA-W1-COMP-S9-12 1
12:10:46.163 [main] INFO  com.cloudframe.app.process.Codemove.dispAllVars  296 - AA-W1-BIN-9-4 1
12:10:46.164 [main] INFO  com.cloudframe.app.process.Codemove.dispAllVars  298 - AA-W1-BIN-S9-4 1
12:10:46.164 [main] INFO  com.cloudframe.app.process.Codemove.dispAllVars  300 - AA-W1-BIN-9-8 1
12:10:46.164 [main] INFO  com.cloudframe.app.process.Codemove.dispAllVars  302 - AA-W1-BIN-S9-8 1
12:10:46.164 [main] INFO  com.cloudframe.app.process.Codemove.dispAllVars  304 - AA-W1-BIN-9-12 1
12:10:46.165 [main] INFO  com.cloudframe.app.process.Codemove.dispAllVars  306 - AA-W1-BIN-S9-12 1
12:10:46.165 [main] INFO  com.cloudframe.app.process.Codemove.dispAllVars  308 - AA-W1-EDIT-9-4    1
12:10:46.165 [main] INFO  com.cloudframe.app.process.Codemove.dispAllVars  310 - AA-W1-EDIT-9-4-NB    1
12:10:46.165 [main] INFO  com.cloudframe.app.process.Codemove.dispAllVars  312 - AA-W1-DISP-9-4 1
12:10:46.166 [main] INFO  com.cloudframe.app.process.Codemove.dispAllVars  314 - AA-W1-DISP-S9-4 1
12:10:46.166 [main] INFO  com.cloudframe.app.process.Codemove.dispAllVars  316 - AA-W1-DISP-9-8 1
12:10:46.166 [main] INFO  com.cloudframe.app.process.Codemove.dispAllVars  318 - AA-W1-DISP-S9-8 1
12:10:46.167 [main] INFO  com.cloudframe.app.process.Codemove.dispAllVars  320 - AA-W1-DISP-9-12 1
12:10:46.167 [main] INFO  com.cloudframe.app.process.Codemove.dispAllVars  322 - AA-W1-DISP-S9-12 1
12:10:46.167 [main] INFO  com.cloudframe.app.process.Codemove.dispAllVars  324 - AA-W1-COMP-3-9-4 1
12:10:46.167 [main] INFO  com.cloudframe.app.process.Codemove.dispAllVars  326 - AA-W1-COMP-3-S9-4 1
12:10:46.168 [main] INFO  com.cloudframe.app.process.Codemove.dispAllVars  328 - AA-W1-COMP-3-9-8 1
12:10:46.168 [main] INFO  com.cloudframe.app.process.Codemove.dispAllVars  330 - AA-W1-COMP-3-S9-8 1
12:10:46.168 [main] INFO  com.cloudframe.app.process.Codemove.dispAllVars  332 - AA-W1-COMP-3-9-12 1
12:10:46.168 [main] INFO  com.cloudframe.app.process.Codemove.dispAllVars  334 - AA-W1-COMP-3-S9-12 1
12:10:46.169 [main] INFO  com.cloudframe.app.process.Codemove.dispAllVars  336 - AA-W1-COMP-3-9-44 100
12:10:46.169 [main] INFO  com.cloudframe.app.process.Codemove.dispAllVars  338 - AA-W1-COMP-3-S9-44 100
12:10:46.169 [main] INFO  com.cloudframe.app.process.Codemove.dispAllVars  340 - AA-W1-COMP-3-9-84 100
12:10:46.169 [main] INFO  com.cloudframe.app.process.Codemove.dispAllVars  342 - AA-W1-COMP-3-S9-84 100
12:10:46.170 [main] INFO  com.cloudframe.app.process.Codemove.dispAllVars  344 - AA-W1-COMP-3-9-124 100
12:10:46.170 [main] INFO  com.cloudframe.app.process.Codemove.dispAllVars  346 - AA-W1-COMP-3-S9-124 100
12:10:46.170 [main] INFO  com.cloudframe.app.process.Codemove.dispAllVars  348 - AA-W1-COMP-9-44 100
12:10:46.171 [main] INFO  com.cloudframe.app.process.Codemove.dispAllVars  350 - AA-W1-COMP-S9-44 100
12:10:46.171 [main] INFO  com.cloudframe.app.process.Codemove.dispAllVars  352 - AA-W1-COMP-9-84 100
12:10:46.171 [main] INFO  com.cloudframe.app.process.Codemove.dispAllVars  354 - AA-W1-COMP-S9-84 100
12:10:46.171 [main] INFO  com.cloudframe.app.process.Codemove.dispAllVars  356 - AA-W1-COMP-9-124 100
12:10:46.171 [main] INFO  com.cloudframe.app.process.Codemove.dispAllVars  358 - AA-W1-COMP-S9-124 100
12:10:46.172 [main] INFO  com.cloudframe.app.process.Codemove.dispAllVars  360 - AA-W1-DISP-9-44 100
12:10:46.172 [main] INFO  com.cloudframe.app.process.Codemove.dispAllVars  362 - AA-W1-DISP-S9-44 100
12:10:46.172 [main] INFO  com.cloudframe.app.process.Codemove.dispAllVars  364 - AA-W1-DISP-9-84 100
12:10:46.173 [main] INFO  com.cloudframe.app.process.Codemove.dispAllVars  366 - AA-W1-DISP-S9-84 100
12:10:46.173 [main] INFO  com.cloudframe.app.process.Codemove.dispAllVars  368 - AA-W1-DISP-9-124 100
12:10:46.173 [main] INFO  com.cloudframe.app.process.Codemove.dispAllVars  370 - AA-W1-DISP-S9-124 100
12:10:46.173 [main] INFO  com.cloudframe.app.process.Codemove.dispAllVars  372 - AA-W1-BIN-9-44 100
12:10:46.174 [main] INFO  com.cloudframe.app.process.Codemove.dispAllVars  374 - AA-W1-BIN-S9-44 100
12:10:46.174 [main] INFO  com.cloudframe.app.process.Codemove.dispAllVars  376 - AA-W1-BIN-9-84 100
12:10:46.174 [main] INFO  com.cloudframe.app.process.Codemove.dispAllVars  378 - AA-W1-BIN-S9-84 100
12:10:46.174 [main] INFO  com.cloudframe.app.process.Codemove.dispAllVars  380 - AA-W1-BIN-9-124 100
12:10:46.175 [main] INFO  com.cloudframe.app.process.Codemove.dispAllVars  382 - AA-W1-BIN-S9-124 100
12:10:46.175 [main] INFO  com.cloudframe.app.process.Codemove.process5Split60 1529 - ******* AA-W1-COMP-S9-12 *******
12:10:46.177 [main] INFO  com.cloudframe.app.process.Codemove.dispAllVars  284 - AA-W1-COMP-9-4 1
12:10:46.177 [main] INFO  com.cloudframe.app.process.Codemove.dispAllVars  286 - AA-W1-COMP-S9-4 1
12:10:46.178 [main] INFO  com.cloudframe.app.process.Codemove.dispAllVars  288 - AA-W1-COMP-9-8 1
12:10:46.178 [main] INFO  com.cloudframe.app.process.Codemove.dispAllVars  290 - AA-W1-COMP-S9-8 1
12:10:46.178 [main] INFO  com.cloudframe.app.process.Codemove.dispAllVars  292 - AA-W1-COMP-9-12 1
12:10:46.178 [main] INFO  com.cloudframe.app.process.Codemove.dispAllVars  294 - AA-W1-COMP-S9-12 1
12:10:46.178 [main] INFO  com.cloudframe.app.process.Codemove.dispAllVars  296 - AA-W1-BIN-9-4 1
12:10:46.179 [main] INFO  com.cloudframe.app.process.Codemove.dispAllVars  298 - AA-W1-BIN-S9-4 1
12:10:46.179 [main] INFO  com.cloudframe.app.process.Codemove.dispAllVars  300 - AA-W1-BIN-9-8 1
12:10:46.179 [main] INFO  com.cloudframe.app.process.Codemove.dispAllVars  302 - AA-W1-BIN-S9-8 1
12:10:46.179 [main] INFO  com.cloudframe.app.process.Codemove.dispAllVars  304 - AA-W1-BIN-9-12 1
12:10:46.180 [main] INFO  com.cloudframe.app.process.Codemove.dispAllVars  306 - AA-W1-BIN-S9-12 1
12:10:46.180 [main] INFO  com.cloudframe.app.process.Codemove.dispAllVars  308 - AA-W1-EDIT-9-4    1
12:10:46.180 [main] INFO  com.cloudframe.app.process.Codemove.dispAllVars  310 - AA-W1-EDIT-9-4-NB    1
12:10:46.180 [main] INFO  com.cloudframe.app.process.Codemove.dispAllVars  312 - AA-W1-DISP-9-4 1
12:10:46.181 [main] INFO  com.cloudframe.app.process.Codemove.dispAllVars  314 - AA-W1-DISP-S9-4 1
12:10:46.181 [main] INFO  com.cloudframe.app.process.Codemove.dispAllVars  316 - AA-W1-DISP-9-8 1
12:10:46.181 [main] INFO  com.cloudframe.app.process.Codemove.dispAllVars  318 - AA-W1-DISP-S9-8 1
12:10:46.181 [main] INFO  com.cloudframe.app.process.Codemove.dispAllVars  320 - AA-W1-DISP-9-12 1
12:10:46.182 [main] INFO  com.cloudframe.app.process.Codemove.dispAllVars  322 - AA-W1-DISP-S9-12 1
12:10:46.182 [main] INFO  com.cloudframe.app.process.Codemove.dispAllVars  324 - AA-W1-COMP-3-9-4 1
12:10:46.182 [main] INFO  com.cloudframe.app.process.Codemove.dispAllVars  326 - AA-W1-COMP-3-S9-4 1
12:10:46.183 [main] INFO  com.cloudframe.app.process.Codemove.dispAllVars  328 - AA-W1-COMP-3-9-8 1
12:10:46.183 [main] INFO  com.cloudframe.app.process.Codemove.dispAllVars  330 - AA-W1-COMP-3-S9-8 1
12:10:46.183 [main] INFO  com.cloudframe.app.process.Codemove.dispAllVars  332 - AA-W1-COMP-3-9-12 1
12:10:46.183 [main] INFO  com.cloudframe.app.process.Codemove.dispAllVars  334 - AA-W1-COMP-3-S9-12 1
12:10:46.184 [main] INFO  com.cloudframe.app.process.Codemove.dispAllVars  336 - AA-W1-COMP-3-9-44 100
12:10:46.184 [main] INFO  com.cloudframe.app.process.Codemove.dispAllVars  338 - AA-W1-COMP-3-S9-44 100
12:10:46.184 [main] INFO  com.cloudframe.app.process.Codemove.dispAllVars  340 - AA-W1-COMP-3-9-84 100
12:10:46.184 [main] INFO  com.cloudframe.app.process.Codemove.dispAllVars  342 - AA-W1-COMP-3-S9-84 100
12:10:46.185 [main] INFO  com.cloudframe.app.process.Codemove.dispAllVars  344 - AA-W1-COMP-3-9-124 100
12:10:46.185 [main] INFO  com.cloudframe.app.process.Codemove.dispAllVars  346 - AA-W1-COMP-3-S9-124 100
12:10:46.185 [main] INFO  com.cloudframe.app.process.Codemove.dispAllVars  348 - AA-W1-COMP-9-44 100
12:10:46.185 [main] INFO  com.cloudframe.app.process.Codemove.dispAllVars  350 - AA-W1-COMP-S9-44 100
12:10:46.186 [main] INFO  com.cloudframe.app.process.Codemove.dispAllVars  352 - AA-W1-COMP-9-84 100
12:10:46.186 [main] INFO  com.cloudframe.app.process.Codemove.dispAllVars  354 - AA-W1-COMP-S9-84 100
12:10:46.186 [main] INFO  com.cloudframe.app.process.Codemove.dispAllVars  356 - AA-W1-COMP-9-124 100
12:10:46.187 [main] INFO  com.cloudframe.app.process.Codemove.dispAllVars  358 - AA-W1-COMP-S9-124 100
12:10:46.187 [main] INFO  com.cloudframe.app.process.Codemove.dispAllVars  360 - AA-W1-DISP-9-44 100
12:10:46.187 [main] INFO  com.cloudframe.app.process.Codemove.dispAllVars  362 - AA-W1-DISP-S9-44 100
12:10:46.187 [main] INFO  com.cloudframe.app.process.Codemove.dispAllVars  364 - AA-W1-DISP-9-84 100
12:10:46.188 [main] INFO  com.cloudframe.app.process.Codemove.dispAllVars  366 - AA-W1-DISP-S9-84 100
12:10:46.188 [main] INFO  com.cloudframe.app.process.Codemove.dispAllVars  368 - AA-W1-DISP-9-124 100
12:10:46.188 [main] INFO  com.cloudframe.app.process.Codemove.dispAllVars  370 - AA-W1-DISP-S9-124 100
12:10:46.188 [main] INFO  com.cloudframe.app.process.Codemove.dispAllVars  372 - AA-W1-BIN-9-44 100
12:10:46.188 [main] INFO  com.cloudframe.app.process.Codemove.dispAllVars  374 - AA-W1-BIN-S9-44 100
12:10:46.189 [main] INFO  com.cloudframe.app.process.Codemove.dispAllVars  376 - AA-W1-BIN-9-84 100
12:10:46.189 [main] INFO  com.cloudframe.app.process.Codemove.dispAllVars  378 - AA-W1-BIN-S9-84 100
12:10:46.189 [main] INFO  com.cloudframe.app.process.Codemove.dispAllVars  380 - AA-W1-BIN-9-124 100
12:10:46.189 [main] INFO  com.cloudframe.app.process.Codemove.dispAllVars  382 - AA-W1-BIN-S9-124 100
12:10:46.190 [main] INFO  com.cloudframe.app.process.Codemove.process6Split62 1740 - ****** AA-W1-BIN-9-4 ***********
12:10:46.192 [main] INFO  com.cloudframe.app.process.Codemove.dispAllVars  284 - AA-W1-COMP-9-4 1
12:10:46.192 [main] INFO  com.cloudframe.app.process.Codemove.dispAllVars  286 - AA-W1-COMP-S9-4 1
12:10:46.192 [main] INFO  com.cloudframe.app.process.Codemove.dispAllVars  288 - AA-W1-COMP-9-8 1
12:10:46.193 [main] INFO  com.cloudframe.app.process.Codemove.dispAllVars  290 - AA-W1-COMP-S9-8 1
12:10:46.193 [main] INFO  com.cloudframe.app.process.Codemove.dispAllVars  292 - AA-W1-COMP-9-12 1
12:10:46.193 [main] INFO  com.cloudframe.app.process.Codemove.dispAllVars  294 - AA-W1-COMP-S9-12 1
12:10:46.193 [main] INFO  com.cloudframe.app.process.Codemove.dispAllVars  296 - AA-W1-BIN-9-4 1
12:10:46.193 [main] INFO  com.cloudframe.app.process.Codemove.dispAllVars  298 - AA-W1-BIN-S9-4 1
12:10:46.194 [main] INFO  com.cloudframe.app.process.Codemove.dispAllVars  300 - AA-W1-BIN-9-8 1
12:10:46.194 [main] INFO  com.cloudframe.app.process.Codemove.dispAllVars  302 - AA-W1-BIN-S9-8 1
12:10:46.194 [main] INFO  com.cloudframe.app.process.Codemove.dispAllVars  304 - AA-W1-BIN-9-12 1
12:10:46.194 [main] INFO  com.cloudframe.app.process.Codemove.dispAllVars  306 - AA-W1-BIN-S9-12 1
12:10:46.195 [main] INFO  com.cloudframe.app.process.Codemove.dispAllVars  308 - AA-W1-EDIT-9-4    1
12:10:46.195 [main] INFO  com.cloudframe.app.process.Codemove.dispAllVars  310 - AA-W1-EDIT-9-4-NB    1
12:10:46.195 [main] INFO  com.cloudframe.app.process.Codemove.dispAllVars  312 - AA-W1-DISP-9-4 1
12:10:46.195 [main] INFO  com.cloudframe.app.process.Codemove.dispAllVars  314 - AA-W1-DISP-S9-4 1
12:10:46.196 [main] INFO  com.cloudframe.app.process.Codemove.dispAllVars  316 - AA-W1-DISP-9-8 1
12:10:46.196 [main] INFO  com.cloudframe.app.process.Codemove.dispAllVars  318 - AA-W1-DISP-S9-8 1
12:10:46.196 [main] INFO  com.cloudframe.app.process.Codemove.dispAllVars  320 - AA-W1-DISP-9-12 1
12:10:46.196 [main] INFO  com.cloudframe.app.process.Codemove.dispAllVars  322 - AA-W1-DISP-S9-12 1
12:10:46.197 [main] INFO  com.cloudframe.app.process.Codemove.dispAllVars  324 - AA-W1-COMP-3-9-4 1
12:10:46.198 [main] INFO  com.cloudframe.app.process.Codemove.dispAllVars  326 - AA-W1-COMP-3-S9-4 1
12:10:46.198 [main] INFO  com.cloudframe.app.process.Codemove.dispAllVars  328 - AA-W1-COMP-3-9-8 1
12:10:46.198 [main] INFO  com.cloudframe.app.process.Codemove.dispAllVars  330 - AA-W1-COMP-3-S9-8 1
12:10:46.199 [main] INFO  com.cloudframe.app.process.Codemove.dispAllVars  332 - AA-W1-COMP-3-9-12 1
12:10:46.199 [main] INFO  com.cloudframe.app.process.Codemove.dispAllVars  334 - AA-W1-COMP-3-S9-12 1
12:10:46.199 [main] INFO  com.cloudframe.app.process.Codemove.dispAllVars  336 - AA-W1-COMP-3-9-44 100
12:10:46.200 [main] INFO  com.cloudframe.app.process.Codemove.dispAllVars  338 - AA-W1-COMP-3-S9-44 100
12:10:46.200 [main] INFO  com.cloudframe.app.process.Codemove.dispAllVars  340 - AA-W1-COMP-3-9-84 100
12:10:46.200 [main] INFO  com.cloudframe.app.process.Codemove.dispAllVars  342 - AA-W1-COMP-3-S9-84 100
12:10:46.201 [main] INFO  com.cloudframe.app.process.Codemove.dispAllVars  344 - AA-W1-COMP-3-9-124 100
12:10:46.201 [main] INFO  com.cloudframe.app.process.Codemove.dispAllVars  346 - AA-W1-COMP-3-S9-124 100
12:10:46.201 [main] INFO  com.cloudframe.app.process.Codemove.dispAllVars  348 - AA-W1-COMP-9-44 100
12:10:46.202 [main] INFO  com.cloudframe.app.process.Codemove.dispAllVars  350 - AA-W1-COMP-S9-44 100
12:10:46.202 [main] INFO  com.cloudframe.app.process.Codemove.dispAllVars  352 - AA-W1-COMP-9-84 100
12:10:46.202 [main] INFO  com.cloudframe.app.process.Codemove.dispAllVars  354 - AA-W1-COMP-S9-84 100
12:10:46.202 [main] INFO  com.cloudframe.app.process.Codemove.dispAllVars  356 - AA-W1-COMP-9-124 100
12:10:46.202 [main] INFO  com.cloudframe.app.process.Codemove.dispAllVars  358 - AA-W1-COMP-S9-124 100
12:10:46.203 [main] INFO  com.cloudframe.app.process.Codemove.dispAllVars  360 - AA-W1-DISP-9-44 100
12:10:46.203 [main] INFO  com.cloudframe.app.process.Codemove.dispAllVars  362 - AA-W1-DISP-S9-44 100
12:10:46.203 [main] INFO  com.cloudframe.app.process.Codemove.dispAllVars  364 - AA-W1-DISP-9-84 100
12:10:46.203 [main] INFO  com.cloudframe.app.process.Codemove.dispAllVars  366 - AA-W1-DISP-S9-84 100
12:10:46.204 [main] INFO  com.cloudframe.app.process.Codemove.dispAllVars  368 - AA-W1-DISP-9-124 100
12:10:46.204 [main] INFO  com.cloudframe.app.process.Codemove.dispAllVars  370 - AA-W1-DISP-S9-124 100
12:10:46.204 [main] INFO  com.cloudframe.app.process.Codemove.dispAllVars  372 - AA-W1-BIN-9-44 100
12:10:46.205 [main] INFO  com.cloudframe.app.process.Codemove.dispAllVars  374 - AA-W1-BIN-S9-44 100
12:10:46.205 [main] INFO  com.cloudframe.app.process.Codemove.dispAllVars  376 - AA-W1-BIN-9-84 100
12:10:46.205 [main] INFO  com.cloudframe.app.process.Codemove.dispAllVars  378 - AA-W1-BIN-S9-84 100
12:10:46.205 [main] INFO  com.cloudframe.app.process.Codemove.dispAllVars  380 - AA-W1-BIN-9-124 100
12:10:46.205 [main] INFO  com.cloudframe.app.process.Codemove.dispAllVars  382 - AA-W1-BIN-S9-124 100
12:10:46.206 [main] INFO  com.cloudframe.app.process.Codemove.process7Split64 1951 - ******* AA-W1-BIN-S9-4 *********
12:10:46.208 [main] INFO  com.cloudframe.app.process.Codemove.dispAllVars  284 - AA-W1-COMP-9-4 1
12:10:46.208 [main] INFO  com.cloudframe.app.process.Codemove.dispAllVars  286 - AA-W1-COMP-S9-4 1
12:10:46.208 [main] INFO  com.cloudframe.app.process.Codemove.dispAllVars  288 - AA-W1-COMP-9-8 1
12:10:46.209 [main] INFO  com.cloudframe.app.process.Codemove.dispAllVars  290 - AA-W1-COMP-S9-8 1
12:10:46.209 [main] INFO  com.cloudframe.app.process.Codemove.dispAllVars  292 - AA-W1-COMP-9-12 1
12:10:46.209 [main] INFO  com.cloudframe.app.process.Codemove.dispAllVars  294 - AA-W1-COMP-S9-12 1
12:10:46.209 [main] INFO  com.cloudframe.app.process.Codemove.dispAllVars  296 - AA-W1-BIN-9-4 1
12:10:46.209 [main] INFO  com.cloudframe.app.process.Codemove.dispAllVars  298 - AA-W1-BIN-S9-4 1
12:10:46.210 [main] INFO  com.cloudframe.app.process.Codemove.dispAllVars  300 - AA-W1-BIN-9-8 1
12:10:46.210 [main] INFO  com.cloudframe.app.process.Codemove.dispAllVars  302 - AA-W1-BIN-S9-8 1
12:10:46.210 [main] INFO  com.cloudframe.app.process.Codemove.dispAllVars  304 - AA-W1-BIN-9-12 1
12:10:46.210 [main] INFO  com.cloudframe.app.process.Codemove.dispAllVars  306 - AA-W1-BIN-S9-12 1
12:10:46.210 [main] INFO  com.cloudframe.app.process.Codemove.dispAllVars  308 - AA-W1-EDIT-9-4    1
12:10:46.211 [main] INFO  com.cloudframe.app.process.Codemove.dispAllVars  310 - AA-W1-EDIT-9-4-NB    1
12:10:46.211 [main] INFO  com.cloudframe.app.process.Codemove.dispAllVars  312 - AA-W1-DISP-9-4 1
12:10:46.211 [main] INFO  com.cloudframe.app.process.Codemove.dispAllVars  314 - AA-W1-DISP-S9-4 1
12:10:46.212 [main] INFO  com.cloudframe.app.process.Codemove.dispAllVars  316 - AA-W1-DISP-9-8 1
12:10:46.212 [main] INFO  com.cloudframe.app.process.Codemove.dispAllVars  318 - AA-W1-DISP-S9-8 1
12:10:46.212 [main] INFO  com.cloudframe.app.process.Codemove.dispAllVars  320 - AA-W1-DISP-9-12 1
12:10:46.212 [main] INFO  com.cloudframe.app.process.Codemove.dispAllVars  322 - AA-W1-DISP-S9-12 1
12:10:46.213 [main] INFO  com.cloudframe.app.process.Codemove.dispAllVars  324 - AA-W1-COMP-3-9-4 1
12:10:46.213 [main] INFO  com.cloudframe.app.process.Codemove.dispAllVars  326 - AA-W1-COMP-3-S9-4 1
12:10:46.213 [main] INFO  com.cloudframe.app.process.Codemove.dispAllVars  328 - AA-W1-COMP-3-9-8 1
12:10:46.213 [main] INFO  com.cloudframe.app.process.Codemove.dispAllVars  330 - AA-W1-COMP-3-S9-8 1
12:10:46.214 [main] INFO  com.cloudframe.app.process.Codemove.dispAllVars  332 - AA-W1-COMP-3-9-12 1
12:10:46.214 [main] INFO  com.cloudframe.app.process.Codemove.dispAllVars  334 - AA-W1-COMP-3-S9-12 1
12:10:46.214 [main] INFO  com.cloudframe.app.process.Codemove.dispAllVars  336 - AA-W1-COMP-3-9-44 100
12:10:46.214 [main] INFO  com.cloudframe.app.process.Codemove.dispAllVars  338 - AA-W1-COMP-3-S9-44 100
12:10:46.215 [main] INFO  com.cloudframe.app.process.Codemove.dispAllVars  340 - AA-W1-COMP-3-9-84 100
12:10:46.215 [main] INFO  com.cloudframe.app.process.Codemove.dispAllVars  342 - AA-W1-COMP-3-S9-84 100
12:10:46.215 [main] INFO  com.cloudframe.app.process.Codemove.dispAllVars  344 - AA-W1-COMP-3-9-124 100
12:10:46.215 [main] INFO  com.cloudframe.app.process.Codemove.dispAllVars  346 - AA-W1-COMP-3-S9-124 100
12:10:46.215 [main] INFO  com.cloudframe.app.process.Codemove.dispAllVars  348 - AA-W1-COMP-9-44 100
12:10:46.216 [main] INFO  com.cloudframe.app.process.Codemove.dispAllVars  350 - AA-W1-COMP-S9-44 100
12:10:46.216 [main] INFO  com.cloudframe.app.process.Codemove.dispAllVars  352 - AA-W1-COMP-9-84 100
12:10:46.216 [main] INFO  com.cloudframe.app.process.Codemove.dispAllVars  354 - AA-W1-COMP-S9-84 100
12:10:46.216 [main] INFO  com.cloudframe.app.process.Codemove.dispAllVars  356 - AA-W1-COMP-9-124 100
12:10:46.216 [main] INFO  com.cloudframe.app.process.Codemove.dispAllVars  358 - AA-W1-COMP-S9-124 100
12:10:46.217 [main] INFO  com.cloudframe.app.process.Codemove.dispAllVars  360 - AA-W1-DISP-9-44 100
12:10:46.217 [main] INFO  com.cloudframe.app.process.Codemove.dispAllVars  362 - AA-W1-DISP-S9-44 100
12:10:46.217 [main] INFO  com.cloudframe.app.process.Codemove.dispAllVars  364 - AA-W1-DISP-9-84 100
12:10:46.217 [main] INFO  com.cloudframe.app.process.Codemove.dispAllVars  366 - AA-W1-DISP-S9-84 100
12:10:46.218 [main] INFO  com.cloudframe.app.process.Codemove.dispAllVars  368 - AA-W1-DISP-9-124 100
12:10:46.218 [main] INFO  com.cloudframe.app.process.Codemove.dispAllVars  370 - AA-W1-DISP-S9-124 100
12:10:46.218 [main] INFO  com.cloudframe.app.process.Codemove.dispAllVars  372 - AA-W1-BIN-9-44 100
12:10:46.218 [main] INFO  com.cloudframe.app.process.Codemove.dispAllVars  374 - AA-W1-BIN-S9-44 100
12:10:46.218 [main] INFO  com.cloudframe.app.process.Codemove.dispAllVars  376 - AA-W1-BIN-9-84 100
12:10:46.219 [main] INFO  com.cloudframe.app.process.Codemove.dispAllVars  378 - AA-W1-BIN-S9-84 100
12:10:46.219 [main] INFO  com.cloudframe.app.process.Codemove.dispAllVars  380 - AA-W1-BIN-9-124 100
12:10:46.219 [main] INFO  com.cloudframe.app.process.Codemove.dispAllVars  382 - AA-W1-BIN-S9-124 100
12:10:46.219 [main] INFO  com.cloudframe.app.process.Codemove.process8Split66 2162 - ******* AA-W1-BIN-9-8 **********
12:10:46.221 [main] INFO  com.cloudframe.app.process.Codemove.dispAllVars  284 - AA-W1-COMP-9-4 1
12:10:46.221 [main] INFO  com.cloudframe.app.process.Codemove.dispAllVars  286 - AA-W1-COMP-S9-4 1
12:10:46.222 [main] INFO  com.cloudframe.app.process.Codemove.dispAllVars  288 - AA-W1-COMP-9-8 1
12:10:46.222 [main] INFO  com.cloudframe.app.process.Codemove.dispAllVars  290 - AA-W1-COMP-S9-8 1
12:10:46.222 [main] INFO  com.cloudframe.app.process.Codemove.dispAllVars  292 - AA-W1-COMP-9-12 1
12:10:46.222 [main] INFO  com.cloudframe.app.process.Codemove.dispAllVars  294 - AA-W1-COMP-S9-12 1
12:10:46.222 [main] INFO  com.cloudframe.app.process.Codemove.dispAllVars  296 - AA-W1-BIN-9-4 1
12:10:46.223 [main] INFO  com.cloudframe.app.process.Codemove.dispAllVars  298 - AA-W1-BIN-S9-4 1
12:10:46.223 [main] INFO  com.cloudframe.app.process.Codemove.dispAllVars  300 - AA-W1-BIN-9-8 1
12:10:46.223 [main] INFO  com.cloudframe.app.process.Codemove.dispAllVars  302 - AA-W1-BIN-S9-8 1
12:10:46.223 [main] INFO  com.cloudframe.app.process.Codemove.dispAllVars  304 - AA-W1-BIN-9-12 1
12:10:46.223 [main] INFO  com.cloudframe.app.process.Codemove.dispAllVars  306 - AA-W1-BIN-S9-12 1
12:10:46.224 [main] INFO  com.cloudframe.app.process.Codemove.dispAllVars  308 - AA-W1-EDIT-9-4    1
12:10:46.224 [main] INFO  com.cloudframe.app.process.Codemove.dispAllVars  310 - AA-W1-EDIT-9-4-NB    1
12:10:46.224 [main] INFO  com.cloudframe.app.process.Codemove.dispAllVars  312 - AA-W1-DISP-9-4 1
12:10:46.224 [main] INFO  com.cloudframe.app.process.Codemove.dispAllVars  314 - AA-W1-DISP-S9-4 1
12:10:46.224 [main] INFO  com.cloudframe.app.process.Codemove.dispAllVars  316 - AA-W1-DISP-9-8 1
12:10:46.225 [main] INFO  com.cloudframe.app.process.Codemove.dispAllVars  318 - AA-W1-DISP-S9-8 1
12:10:46.225 [main] INFO  com.cloudframe.app.process.Codemove.dispAllVars  320 - AA-W1-DISP-9-12 1
12:10:46.225 [main] INFO  com.cloudframe.app.process.Codemove.dispAllVars  322 - AA-W1-DISP-S9-12 1
12:10:46.225 [main] INFO  com.cloudframe.app.process.Codemove.dispAllVars  324 - AA-W1-COMP-3-9-4 1
12:10:46.226 [main] INFO  com.cloudframe.app.process.Codemove.dispAllVars  326 - AA-W1-COMP-3-S9-4 1
12:10:46.226 [main] INFO  com.cloudframe.app.process.Codemove.dispAllVars  328 - AA-W1-COMP-3-9-8 1
12:10:46.226 [main] INFO  com.cloudframe.app.process.Codemove.dispAllVars  330 - AA-W1-COMP-3-S9-8 1
12:10:46.226 [main] INFO  com.cloudframe.app.process.Codemove.dispAllVars  332 - AA-W1-COMP-3-9-12 1
12:10:46.226 [main] INFO  com.cloudframe.app.process.Codemove.dispAllVars  334 - AA-W1-COMP-3-S9-12 1
12:10:46.227 [main] INFO  com.cloudframe.app.process.Codemove.dispAllVars  336 - AA-W1-COMP-3-9-44 100
12:10:46.227 [main] INFO  com.cloudframe.app.process.Codemove.dispAllVars  338 - AA-W1-COMP-3-S9-44 100
12:10:46.227 [main] INFO  com.cloudframe.app.process.Codemove.dispAllVars  340 - AA-W1-COMP-3-9-84 100
12:10:46.227 [main] INFO  com.cloudframe.app.process.Codemove.dispAllVars  342 - AA-W1-COMP-3-S9-84 100
12:10:46.228 [main] INFO  com.cloudframe.app.process.Codemove.dispAllVars  344 - AA-W1-COMP-3-9-124 100
12:10:46.228 [main] INFO  com.cloudframe.app.process.Codemove.dispAllVars  346 - AA-W1-COMP-3-S9-124 100
12:10:46.228 [main] INFO  com.cloudframe.app.process.Codemove.dispAllVars  348 - AA-W1-COMP-9-44 100
12:10:46.228 [main] INFO  com.cloudframe.app.process.Codemove.dispAllVars  350 - AA-W1-COMP-S9-44 100
12:10:46.228 [main] INFO  com.cloudframe.app.process.Codemove.dispAllVars  352 - AA-W1-COMP-9-84 100
12:10:46.229 [main] INFO  com.cloudframe.app.process.Codemove.dispAllVars  354 - AA-W1-COMP-S9-84 100
12:10:46.229 [main] INFO  com.cloudframe.app.process.Codemove.dispAllVars  356 - AA-W1-COMP-9-124 100
12:10:46.229 [main] INFO  com.cloudframe.app.process.Codemove.dispAllVars  358 - AA-W1-COMP-S9-124 100
12:10:46.229 [main] INFO  com.cloudframe.app.process.Codemove.dispAllVars  360 - AA-W1-DISP-9-44 100
12:10:46.229 [main] INFO  com.cloudframe.app.process.Codemove.dispAllVars  362 - AA-W1-DISP-S9-44 100
12:10:46.230 [main] INFO  com.cloudframe.app.process.Codemove.dispAllVars  364 - AA-W1-DISP-9-84 100
12:10:46.230 [main] INFO  com.cloudframe.app.process.Codemove.dispAllVars  366 - AA-W1-DISP-S9-84 100
12:10:46.230 [main] INFO  com.cloudframe.app.process.Codemove.dispAllVars  368 - AA-W1-DISP-9-124 100
12:10:46.230 [main] INFO  com.cloudframe.app.process.Codemove.dispAllVars  370 - AA-W1-DISP-S9-124 100
12:10:46.231 [main] INFO  com.cloudframe.app.process.Codemove.dispAllVars  372 - AA-W1-BIN-9-44 100
12:10:46.231 [main] INFO  com.cloudframe.app.process.Codemove.dispAllVars  374 - AA-W1-BIN-S9-44 100
12:10:46.231 [main] INFO  com.cloudframe.app.process.Codemove.dispAllVars  376 - AA-W1-BIN-9-84 100
12:10:46.231 [main] INFO  com.cloudframe.app.process.Codemove.dispAllVars  378 - AA-W1-BIN-S9-84 100
12:10:46.231 [main] INFO  com.cloudframe.app.process.Codemove.dispAllVars  380 - AA-W1-BIN-9-124 100
12:10:46.231 [main] INFO  com.cloudframe.app.process.Codemove.dispAllVars  382 - AA-W1-BIN-S9-124 100
12:10:46.232 [main] INFO  com.cloudframe.app.process.Codemove.process9Split68 2373 - ********** AA-W1-BIN-S9-8 ******
12:10:46.234 [main] INFO  com.cloudframe.app.process.Codemove.dispAllVars  284 - AA-W1-COMP-9-4 1
12:10:46.234 [main] INFO  com.cloudframe.app.process.Codemove.dispAllVars  286 - AA-W1-COMP-S9-4 1
12:10:46.234 [main] INFO  com.cloudframe.app.process.Codemove.dispAllVars  288 - AA-W1-COMP-9-8 1
12:10:46.234 [main] INFO  com.cloudframe.app.process.Codemove.dispAllVars  290 - AA-W1-COMP-S9-8 1
12:10:46.235 [main] INFO  com.cloudframe.app.process.Codemove.dispAllVars  292 - AA-W1-COMP-9-12 1
12:10:46.235 [main] INFO  com.cloudframe.app.process.Codemove.dispAllVars  294 - AA-W1-COMP-S9-12 1
12:10:46.235 [main] INFO  com.cloudframe.app.process.Codemove.dispAllVars  296 - AA-W1-BIN-9-4 1
12:10:46.235 [main] INFO  com.cloudframe.app.process.Codemove.dispAllVars  298 - AA-W1-BIN-S9-4 1
12:10:46.236 [main] INFO  com.cloudframe.app.process.Codemove.dispAllVars  300 - AA-W1-BIN-9-8 1
12:10:46.236 [main] INFO  com.cloudframe.app.process.Codemove.dispAllVars  302 - AA-W1-BIN-S9-8 1
12:10:46.236 [main] INFO  com.cloudframe.app.process.Codemove.dispAllVars  304 - AA-W1-BIN-9-12 1
12:10:46.237 [main] INFO  com.cloudframe.app.process.Codemove.dispAllVars  306 - AA-W1-BIN-S9-12 1
12:10:46.237 [main] INFO  com.cloudframe.app.process.Codemove.dispAllVars  308 - AA-W1-EDIT-9-4    1
12:10:46.237 [main] INFO  com.cloudframe.app.process.Codemove.dispAllVars  310 - AA-W1-EDIT-9-4-NB    1
12:10:46.237 [main] INFO  com.cloudframe.app.process.Codemove.dispAllVars  312 - AA-W1-DISP-9-4 1
12:10:46.237 [main] INFO  com.cloudframe.app.process.Codemove.dispAllVars  314 - AA-W1-DISP-S9-4 1
12:10:46.238 [main] INFO  com.cloudframe.app.process.Codemove.dispAllVars  316 - AA-W1-DISP-9-8 1
12:10:46.238 [main] INFO  com.cloudframe.app.process.Codemove.dispAllVars  318 - AA-W1-DISP-S9-8 1
12:10:46.238 [main] INFO  com.cloudframe.app.process.Codemove.dispAllVars  320 - AA-W1-DISP-9-12 1
12:10:46.238 [main] INFO  com.cloudframe.app.process.Codemove.dispAllVars  322 - AA-W1-DISP-S9-12 1
12:10:46.238 [main] INFO  com.cloudframe.app.process.Codemove.dispAllVars  324 - AA-W1-COMP-3-9-4 1
12:10:46.239 [main] INFO  com.cloudframe.app.process.Codemove.dispAllVars  326 - AA-W1-COMP-3-S9-4 1
12:10:46.239 [main] INFO  com.cloudframe.app.process.Codemove.dispAllVars  328 - AA-W1-COMP-3-9-8 1
12:10:46.239 [main] INFO  com.cloudframe.app.process.Codemove.dispAllVars  330 - AA-W1-COMP-3-S9-8 1
12:10:46.239 [main] INFO  com.cloudframe.app.process.Codemove.dispAllVars  332 - AA-W1-COMP-3-9-12 1
12:10:46.240 [main] INFO  com.cloudframe.app.process.Codemove.dispAllVars  334 - AA-W1-COMP-3-S9-12 1
12:10:46.240 [main] INFO  com.cloudframe.app.process.Codemove.dispAllVars  336 - AA-W1-COMP-3-9-44 100
12:10:46.240 [main] INFO  com.cloudframe.app.process.Codemove.dispAllVars  338 - AA-W1-COMP-3-S9-44 100
12:10:46.240 [main] INFO  com.cloudframe.app.process.Codemove.dispAllVars  340 - AA-W1-COMP-3-9-84 100
12:10:46.241 [main] INFO  com.cloudframe.app.process.Codemove.dispAllVars  342 - AA-W1-COMP-3-S9-84 100
12:10:46.241 [main] INFO  com.cloudframe.app.process.Codemove.dispAllVars  344 - AA-W1-COMP-3-9-124 100
12:10:46.241 [main] INFO  com.cloudframe.app.process.Codemove.dispAllVars  346 - AA-W1-COMP-3-S9-124 100
12:10:46.241 [main] INFO  com.cloudframe.app.process.Codemove.dispAllVars  348 - AA-W1-COMP-9-44 100
12:10:46.241 [main] INFO  com.cloudframe.app.process.Codemove.dispAllVars  350 - AA-W1-COMP-S9-44 100
12:10:46.242 [main] INFO  com.cloudframe.app.process.Codemove.dispAllVars  352 - AA-W1-COMP-9-84 100
12:10:46.242 [main] INFO  com.cloudframe.app.process.Codemove.dispAllVars  354 - AA-W1-COMP-S9-84 100
12:10:46.242 [main] INFO  com.cloudframe.app.process.Codemove.dispAllVars  356 - AA-W1-COMP-9-124 100
12:10:46.242 [main] INFO  com.cloudframe.app.process.Codemove.dispAllVars  358 - AA-W1-COMP-S9-124 100
12:10:46.242 [main] INFO  com.cloudframe.app.process.Codemove.dispAllVars  360 - AA-W1-DISP-9-44 100
12:10:46.243 [main] INFO  com.cloudframe.app.process.Codemove.dispAllVars  362 - AA-W1-DISP-S9-44 100
12:10:46.243 [main] INFO  com.cloudframe.app.process.Codemove.dispAllVars  364 - AA-W1-DISP-9-84 100
12:10:46.243 [main] INFO  com.cloudframe.app.process.Codemove.dispAllVars  366 - AA-W1-DISP-S9-84 100
12:10:46.243 [main] INFO  com.cloudframe.app.process.Codemove.dispAllVars  368 - AA-W1-DISP-9-124 100
12:10:46.244 [main] INFO  com.cloudframe.app.process.Codemove.dispAllVars  370 - AA-W1-DISP-S9-124 100
12:10:46.244 [main] INFO  com.cloudframe.app.process.Codemove.dispAllVars  372 - AA-W1-BIN-9-44 100
12:10:46.244 [main] INFO  com.cloudframe.app.process.Codemove.dispAllVars  374 - AA-W1-BIN-S9-44 100
12:10:46.244 [main] INFO  com.cloudframe.app.process.Codemove.dispAllVars  376 - AA-W1-BIN-9-84 100
12:10:46.244 [main] INFO  com.cloudframe.app.process.Codemove.dispAllVars  378 - AA-W1-BIN-S9-84 100
12:10:46.245 [main] INFO  com.cloudframe.app.process.Codemove.dispAllVars  380 - AA-W1-BIN-9-124 100
12:10:46.245 [main] INFO  com.cloudframe.app.process.Codemove.dispAllVars  382 - AA-W1-BIN-S9-124 100
12:10:46.245 [main] INFO  com.cloudframe.app.process.Codemove.process10Split70 2584 - ******** AA-W1-BIN-9-12 ********
12:10:46.247 [main] INFO  com.cloudframe.app.process.Codemove.dispAllVars  284 - AA-W1-COMP-9-4 1
12:10:46.247 [main] INFO  com.cloudframe.app.process.Codemove.dispAllVars  286 - AA-W1-COMP-S9-4 1
12:10:46.248 [main] INFO  com.cloudframe.app.process.Codemove.dispAllVars  288 - AA-W1-COMP-9-8 1
12:10:46.248 [main] INFO  com.cloudframe.app.process.Codemove.dispAllVars  290 - AA-W1-COMP-S9-8 1
12:10:46.248 [main] INFO  com.cloudframe.app.process.Codemove.dispAllVars  292 - AA-W1-COMP-9-12 1
12:10:46.248 [main] INFO  com.cloudframe.app.process.Codemove.dispAllVars  294 - AA-W1-COMP-S9-12 1
12:10:46.248 [main] INFO  com.cloudframe.app.process.Codemove.dispAllVars  296 - AA-W1-BIN-9-4 1
12:10:46.248 [main] INFO  com.cloudframe.app.process.Codemove.dispAllVars  298 - AA-W1-BIN-S9-4 1
12:10:46.248 [main] INFO  com.cloudframe.app.process.Codemove.dispAllVars  300 - AA-W1-BIN-9-8 1
12:10:46.248 [main] INFO  com.cloudframe.app.process.Codemove.dispAllVars  302 - AA-W1-BIN-S9-8 1
12:10:46.249 [main] INFO  com.cloudframe.app.process.Codemove.dispAllVars  304 - AA-W1-BIN-9-12 1
12:10:46.249 [main] INFO  com.cloudframe.app.process.Codemove.dispAllVars  306 - AA-W1-BIN-S9-12 1
12:10:46.249 [main] INFO  com.cloudframe.app.process.Codemove.dispAllVars  308 - AA-W1-EDIT-9-4    1
12:10:46.249 [main] INFO  com.cloudframe.app.process.Codemove.dispAllVars  310 - AA-W1-EDIT-9-4-NB    1
12:10:46.249 [main] INFO  com.cloudframe.app.process.Codemove.dispAllVars  312 - AA-W1-DISP-9-4 1
12:10:46.249 [main] INFO  com.cloudframe.app.process.Codemove.dispAllVars  314 - AA-W1-DISP-S9-4 1
12:10:46.249 [main] INFO  com.cloudframe.app.process.Codemove.dispAllVars  316 - AA-W1-DISP-9-8 1
12:10:46.250 [main] INFO  com.cloudframe.app.process.Codemove.dispAllVars  318 - AA-W1-DISP-S9-8 1
12:10:46.250 [main] INFO  com.cloudframe.app.process.Codemove.dispAllVars  320 - AA-W1-DISP-9-12 1
12:10:46.250 [main] INFO  com.cloudframe.app.process.Codemove.dispAllVars  322 - AA-W1-DISP-S9-12 1
12:10:46.250 [main] INFO  com.cloudframe.app.process.Codemove.dispAllVars  324 - AA-W1-COMP-3-9-4 1
12:10:46.250 [main] INFO  com.cloudframe.app.process.Codemove.dispAllVars  326 - AA-W1-COMP-3-S9-4 1
12:10:46.250 [main] INFO  com.cloudframe.app.process.Codemove.dispAllVars  328 - AA-W1-COMP-3-9-8 1
12:10:46.250 [main] INFO  com.cloudframe.app.process.Codemove.dispAllVars  330 - AA-W1-COMP-3-S9-8 1
12:10:46.251 [main] INFO  com.cloudframe.app.process.Codemove.dispAllVars  332 - AA-W1-COMP-3-9-12 1
12:10:46.251 [main] INFO  com.cloudframe.app.process.Codemove.dispAllVars  334 - AA-W1-COMP-3-S9-12 1
12:10:46.251 [main] INFO  com.cloudframe.app.process.Codemove.dispAllVars  336 - AA-W1-COMP-3-9-44 100
12:10:46.251 [main] INFO  com.cloudframe.app.process.Codemove.dispAllVars  338 - AA-W1-COMP-3-S9-44 100
12:10:46.251 [main] INFO  com.cloudframe.app.process.Codemove.dispAllVars  340 - AA-W1-COMP-3-9-84 100
12:10:46.251 [main] INFO  com.cloudframe.app.process.Codemove.dispAllVars  342 - AA-W1-COMP-3-S9-84 100
12:10:46.252 [main] INFO  com.cloudframe.app.process.Codemove.dispAllVars  344 - AA-W1-COMP-3-9-124 100
12:10:46.252 [main] INFO  com.cloudframe.app.process.Codemove.dispAllVars  346 - AA-W1-COMP-3-S9-124 100
12:10:46.252 [main] INFO  com.cloudframe.app.process.Codemove.dispAllVars  348 - AA-W1-COMP-9-44 100
12:10:46.252 [main] INFO  com.cloudframe.app.process.Codemove.dispAllVars  350 - AA-W1-COMP-S9-44 100
12:10:46.252 [main] INFO  com.cloudframe.app.process.Codemove.dispAllVars  352 - AA-W1-COMP-9-84 100
12:10:46.252 [main] INFO  com.cloudframe.app.process.Codemove.dispAllVars  354 - AA-W1-COMP-S9-84 100
12:10:46.252 [main] INFO  com.cloudframe.app.process.Codemove.dispAllVars  356 - AA-W1-COMP-9-124 100
12:10:46.252 [main] INFO  com.cloudframe.app.process.Codemove.dispAllVars  358 - AA-W1-COMP-S9-124 100
12:10:46.253 [main] INFO  com.cloudframe.app.process.Codemove.dispAllVars  360 - AA-W1-DISP-9-44 100
12:10:46.253 [main] INFO  com.cloudframe.app.process.Codemove.dispAllVars  362 - AA-W1-DISP-S9-44 100
12:10:46.253 [main] INFO  com.cloudframe.app.process.Codemove.dispAllVars  364 - AA-W1-DISP-9-84 100
12:10:46.253 [main] INFO  com.cloudframe.app.process.Codemove.dispAllVars  366 - AA-W1-DISP-S9-84 100
12:10:46.253 [main] INFO  com.cloudframe.app.process.Codemove.dispAllVars  368 - AA-W1-DISP-9-124 100
12:10:46.253 [main] INFO  com.cloudframe.app.process.Codemove.dispAllVars  370 - AA-W1-DISP-S9-124 100
12:10:46.254 [main] INFO  com.cloudframe.app.process.Codemove.dispAllVars  372 - AA-W1-BIN-9-44 100
12:10:46.254 [main] INFO  com.cloudframe.app.process.Codemove.dispAllVars  374 - AA-W1-BIN-S9-44 100
12:10:46.254 [main] INFO  com.cloudframe.app.process.Codemove.dispAllVars  376 - AA-W1-BIN-9-84 100
12:10:46.254 [main] INFO  com.cloudframe.app.process.Codemove.dispAllVars  378 - AA-W1-BIN-S9-84 100
12:10:46.254 [main] INFO  com.cloudframe.app.process.Codemove.dispAllVars  380 - AA-W1-BIN-9-124 100
12:10:46.255 [main] INFO  com.cloudframe.app.process.Codemove.dispAllVars  382 - AA-W1-BIN-S9-124 100
12:10:46.255 [main] INFO  com.cloudframe.app.process.Codemove.process11Split72 2795 - ******** AA-W1-BIN-S9-12 *******
12:10:46.257 [main] INFO  com.cloudframe.app.process.Codemove.dispAllVars  284 - AA-W1-COMP-9-4 1
12:10:46.257 [main] INFO  com.cloudframe.app.process.Codemove.dispAllVars  286 - AA-W1-COMP-S9-4 1
12:10:46.257 [main] INFO  com.cloudframe.app.process.Codemove.dispAllVars  288 - AA-W1-COMP-9-8 1
12:10:46.257 [main] INFO  com.cloudframe.app.process.Codemove.dispAllVars  290 - AA-W1-COMP-S9-8 1
12:10:46.257 [main] INFO  com.cloudframe.app.process.Codemove.dispAllVars  292 - AA-W1-COMP-9-12 1
12:10:46.258 [main] INFO  com.cloudframe.app.process.Codemove.dispAllVars  294 - AA-W1-COMP-S9-12 1
12:10:46.258 [main] INFO  com.cloudframe.app.process.Codemove.dispAllVars  296 - AA-W1-BIN-9-4 1
12:10:46.258 [main] INFO  com.cloudframe.app.process.Codemove.dispAllVars  298 - AA-W1-BIN-S9-4 1
12:10:46.258 [main] INFO  com.cloudframe.app.process.Codemove.dispAllVars  300 - AA-W1-BIN-9-8 1
12:10:46.258 [main] INFO  com.cloudframe.app.process.Codemove.dispAllVars  302 - AA-W1-BIN-S9-8 1
12:10:46.258 [main] INFO  com.cloudframe.app.process.Codemove.dispAllVars  304 - AA-W1-BIN-9-12 1
12:10:46.258 [main] INFO  com.cloudframe.app.process.Codemove.dispAllVars  306 - AA-W1-BIN-S9-12 1
12:10:46.258 [main] INFO  com.cloudframe.app.process.Codemove.dispAllVars  308 - AA-W1-EDIT-9-4    1
12:10:46.259 [main] INFO  com.cloudframe.app.process.Codemove.dispAllVars  310 - AA-W1-EDIT-9-4-NB    1
12:10:46.259 [main] INFO  com.cloudframe.app.process.Codemove.dispAllVars  312 - AA-W1-DISP-9-4 1
12:10:46.259 [main] INFO  com.cloudframe.app.process.Codemove.dispAllVars  314 - AA-W1-DISP-S9-4 1
12:10:46.259 [main] INFO  com.cloudframe.app.process.Codemove.dispAllVars  316 - AA-W1-DISP-9-8 1
12:10:46.259 [main] INFO  com.cloudframe.app.process.Codemove.dispAllVars  318 - AA-W1-DISP-S9-8 1
12:10:46.259 [main] INFO  com.cloudframe.app.process.Codemove.dispAllVars  320 - AA-W1-DISP-9-12 1
12:10:46.259 [main] INFO  com.cloudframe.app.process.Codemove.dispAllVars  322 - AA-W1-DISP-S9-12 1
12:10:46.260 [main] INFO  com.cloudframe.app.process.Codemove.dispAllVars  324 - AA-W1-COMP-3-9-4 1
12:10:46.260 [main] INFO  com.cloudframe.app.process.Codemove.dispAllVars  326 - AA-W1-COMP-3-S9-4 1
12:10:46.260 [main] INFO  com.cloudframe.app.process.Codemove.dispAllVars  328 - AA-W1-COMP-3-9-8 1
12:10:46.260 [main] INFO  com.cloudframe.app.process.Codemove.dispAllVars  330 - AA-W1-COMP-3-S9-8 1
12:10:46.260 [main] INFO  com.cloudframe.app.process.Codemove.dispAllVars  332 - AA-W1-COMP-3-9-12 1
12:10:46.260 [main] INFO  com.cloudframe.app.process.Codemove.dispAllVars  334 - AA-W1-COMP-3-S9-12 1
12:10:46.261 [main] INFO  com.cloudframe.app.process.Codemove.dispAllVars  336 - AA-W1-COMP-3-9-44 100
12:10:46.261 [main] INFO  com.cloudframe.app.process.Codemove.dispAllVars  338 - AA-W1-COMP-3-S9-44 100
12:10:46.261 [main] INFO  com.cloudframe.app.process.Codemove.dispAllVars  340 - AA-W1-COMP-3-9-84 100
12:10:46.261 [main] INFO  com.cloudframe.app.process.Codemove.dispAllVars  342 - AA-W1-COMP-3-S9-84 100
12:10:46.261 [main] INFO  com.cloudframe.app.process.Codemove.dispAllVars  344 - AA-W1-COMP-3-9-124 100
12:10:46.261 [main] INFO  com.cloudframe.app.process.Codemove.dispAllVars  346 - AA-W1-COMP-3-S9-124 100
12:10:46.262 [main] INFO  com.cloudframe.app.process.Codemove.dispAllVars  348 - AA-W1-COMP-9-44 100
12:10:46.262 [main] INFO  com.cloudframe.app.process.Codemove.dispAllVars  350 - AA-W1-COMP-S9-44 100
12:10:46.262 [main] INFO  com.cloudframe.app.process.Codemove.dispAllVars  352 - AA-W1-COMP-9-84 100
12:10:46.262 [main] INFO  com.cloudframe.app.process.Codemove.dispAllVars  354 - AA-W1-COMP-S9-84 100
12:10:46.262 [main] INFO  com.cloudframe.app.process.Codemove.dispAllVars  356 - AA-W1-COMP-9-124 100
12:10:46.262 [main] INFO  com.cloudframe.app.process.Codemove.dispAllVars  358 - AA-W1-COMP-S9-124 100
12:10:46.262 [main] INFO  com.cloudframe.app.process.Codemove.dispAllVars  360 - AA-W1-DISP-9-44 100
12:10:46.263 [main] INFO  com.cloudframe.app.process.Codemove.dispAllVars  362 - AA-W1-DISP-S9-44 100
12:10:46.263 [main] INFO  com.cloudframe.app.process.Codemove.dispAllVars  364 - AA-W1-DISP-9-84 100
12:10:46.263 [main] INFO  com.cloudframe.app.process.Codemove.dispAllVars  366 - AA-W1-DISP-S9-84 100
12:10:46.263 [main] INFO  com.cloudframe.app.process.Codemove.dispAllVars  368 - AA-W1-DISP-9-124 100
12:10:46.263 [main] INFO  com.cloudframe.app.process.Codemove.dispAllVars  370 - AA-W1-DISP-S9-124 100
12:10:46.263 [main] INFO  com.cloudframe.app.process.Codemove.dispAllVars  372 - AA-W1-BIN-9-44 100
12:10:46.264 [main] INFO  com.cloudframe.app.process.Codemove.dispAllVars  374 - AA-W1-BIN-S9-44 100
12:10:46.264 [main] INFO  com.cloudframe.app.process.Codemove.dispAllVars  376 - AA-W1-BIN-9-84 100
12:10:46.264 [main] INFO  com.cloudframe.app.process.Codemove.dispAllVars  378 - AA-W1-BIN-S9-84 100
12:10:46.264 [main] INFO  com.cloudframe.app.process.Codemove.dispAllVars  380 - AA-W1-BIN-9-124 100
12:10:46.264 [main] INFO  com.cloudframe.app.process.Codemove.dispAllVars  382 - AA-W1-BIN-S9-124 100
12:10:46.265 [main] INFO  com.cloudframe.app.process.Codemove.process12Split74 3006 - ********* AA-W1-EDIT-9-4 *******
12:10:46.268 [main] INFO  com.cloudframe.app.process.Codemove.dispAllVars  284 - AA-W1-COMP-9-4 1
12:10:46.268 [main] INFO  com.cloudframe.app.process.Codemove.dispAllVars  286 - AA-W1-COMP-S9-4 1
12:10:46.268 [main] INFO  com.cloudframe.app.process.Codemove.dispAllVars  288 - AA-W1-COMP-9-8 1
12:10:46.269 [main] INFO  com.cloudframe.app.process.Codemove.dispAllVars  290 - AA-W1-COMP-S9-8 1
12:10:46.269 [main] INFO  com.cloudframe.app.process.Codemove.dispAllVars  292 - AA-W1-COMP-9-12 1
12:10:46.269 [main] INFO  com.cloudframe.app.process.Codemove.dispAllVars  294 - AA-W1-COMP-S9-12 1
12:10:46.269 [main] INFO  com.cloudframe.app.process.Codemove.dispAllVars  296 - AA-W1-BIN-9-4 1
12:10:46.269 [main] INFO  com.cloudframe.app.process.Codemove.dispAllVars  298 - AA-W1-BIN-S9-4 1
12:10:46.269 [main] INFO  com.cloudframe.app.process.Codemove.dispAllVars  300 - AA-W1-BIN-9-8 1
12:10:46.269 [main] INFO  com.cloudframe.app.process.Codemove.dispAllVars  302 - AA-W1-BIN-S9-8 1
12:10:46.270 [main] INFO  com.cloudframe.app.process.Codemove.dispAllVars  304 - AA-W1-BIN-9-12 1
12:10:46.270 [main] INFO  com.cloudframe.app.process.Codemove.dispAllVars  306 - AA-W1-BIN-S9-12 1
12:10:46.270 [main] INFO  com.cloudframe.app.process.Codemove.dispAllVars  308 - AA-W1-EDIT-9-4    1
12:10:46.270 [main] INFO  com.cloudframe.app.process.Codemove.dispAllVars  310 - AA-W1-EDIT-9-4-NB    1
12:10:46.270 [main] INFO  com.cloudframe.app.process.Codemove.dispAllVars  312 - AA-W1-DISP-9-4 1
12:10:46.271 [main] INFO  com.cloudframe.app.process.Codemove.dispAllVars  314 - AA-W1-DISP-S9-4 1
12:10:46.271 [main] INFO  com.cloudframe.app.process.Codemove.dispAllVars  316 - AA-W1-DISP-9-8 1
12:10:46.271 [main] INFO  com.cloudframe.app.process.Codemove.dispAllVars  318 - AA-W1-DISP-S9-8 1
12:10:46.271 [main] INFO  com.cloudframe.app.process.Codemove.dispAllVars  320 - AA-W1-DISP-9-12 1
12:10:46.271 [main] INFO  com.cloudframe.app.process.Codemove.dispAllVars  322 - AA-W1-DISP-S9-12 1
12:10:46.272 [main] INFO  com.cloudframe.app.process.Codemove.dispAllVars  324 - AA-W1-COMP-3-9-4 1
12:10:46.272 [main] INFO  com.cloudframe.app.process.Codemove.dispAllVars  326 - AA-W1-COMP-3-S9-4 1
12:10:46.272 [main] INFO  com.cloudframe.app.process.Codemove.dispAllVars  328 - AA-W1-COMP-3-9-8 1
12:10:46.272 [main] INFO  com.cloudframe.app.process.Codemove.dispAllVars  330 - AA-W1-COMP-3-S9-8 1
12:10:46.273 [main] INFO  com.cloudframe.app.process.Codemove.dispAllVars  332 - AA-W1-COMP-3-9-12 1
12:10:46.274 [main] INFO  com.cloudframe.app.process.Codemove.dispAllVars  334 - AA-W1-COMP-3-S9-12 1
12:10:46.274 [main] INFO  com.cloudframe.app.process.Codemove.dispAllVars  336 - AA-W1-COMP-3-9-44 100
12:10:46.274 [main] INFO  com.cloudframe.app.process.Codemove.dispAllVars  338 - AA-W1-COMP-3-S9-44 100
12:10:46.274 [main] INFO  com.cloudframe.app.process.Codemove.dispAllVars  340 - AA-W1-COMP-3-9-84 100
12:10:46.274 [main] INFO  com.cloudframe.app.process.Codemove.dispAllVars  342 - AA-W1-COMP-3-S9-84 100
12:10:46.275 [main] INFO  com.cloudframe.app.process.Codemove.dispAllVars  344 - AA-W1-COMP-3-9-124 100
12:10:46.275 [main] INFO  com.cloudframe.app.process.Codemove.dispAllVars  346 - AA-W1-COMP-3-S9-124 100
12:10:46.275 [main] INFO  com.cloudframe.app.process.Codemove.dispAllVars  348 - AA-W1-COMP-9-44 100
12:10:46.275 [main] INFO  com.cloudframe.app.process.Codemove.dispAllVars  350 - AA-W1-COMP-S9-44 100
12:10:46.275 [main] INFO  com.cloudframe.app.process.Codemove.dispAllVars  352 - AA-W1-COMP-9-84 100
12:10:46.275 [main] INFO  com.cloudframe.app.process.Codemove.dispAllVars  354 - AA-W1-COMP-S9-84 100
12:10:46.275 [main] INFO  com.cloudframe.app.process.Codemove.dispAllVars  356 - AA-W1-COMP-9-124 100
12:10:46.276 [main] INFO  com.cloudframe.app.process.Codemove.dispAllVars  358 - AA-W1-COMP-S9-124 100
12:10:46.276 [main] INFO  com.cloudframe.app.process.Codemove.dispAllVars  360 - AA-W1-DISP-9-44 100
12:10:46.276 [main] INFO  com.cloudframe.app.process.Codemove.dispAllVars  362 - AA-W1-DISP-S9-44 100
12:10:46.276 [main] INFO  com.cloudframe.app.process.Codemove.dispAllVars  364 - AA-W1-DISP-9-84 100
12:10:46.276 [main] INFO  com.cloudframe.app.process.Codemove.dispAllVars  366 - AA-W1-DISP-S9-84 100
12:10:46.276 [main] INFO  com.cloudframe.app.process.Codemove.dispAllVars  368 - AA-W1-DISP-9-124 100
12:10:46.276 [main] INFO  com.cloudframe.app.process.Codemove.dispAllVars  370 - AA-W1-DISP-S9-124 100
12:10:46.277 [main] INFO  com.cloudframe.app.process.Codemove.dispAllVars  372 - AA-W1-BIN-9-44 100
12:10:46.277 [main] INFO  com.cloudframe.app.process.Codemove.dispAllVars  374 - AA-W1-BIN-S9-44 100
12:10:46.277 [main] INFO  com.cloudframe.app.process.Codemove.dispAllVars  376 - AA-W1-BIN-9-84 100
12:10:46.277 [main] INFO  com.cloudframe.app.process.Codemove.dispAllVars  378 - AA-W1-BIN-S9-84 100
12:10:46.277 [main] INFO  com.cloudframe.app.process.Codemove.dispAllVars  380 - AA-W1-BIN-9-124 100
12:10:46.277 [main] INFO  com.cloudframe.app.process.Codemove.dispAllVars  382 - AA-W1-BIN-S9-124 100
12:10:46.277 [main] INFO  com.cloudframe.app.process.Codemove.process13Split76 3215 - ******* AA-W1-EDIT-9-4-NB ******
12:10:46.280 [main] INFO  com.cloudframe.app.process.Codemove.dispAllVars  284 - AA-W1-COMP-9-4 1
12:10:46.280 [main] INFO  com.cloudframe.app.process.Codemove.dispAllVars  286 - AA-W1-COMP-S9-4 1
12:10:46.280 [main] INFO  com.cloudframe.app.process.Codemove.dispAllVars  288 - AA-W1-COMP-9-8 1
12:10:46.280 [main] INFO  com.cloudframe.app.process.Codemove.dispAllVars  290 - AA-W1-COMP-S9-8 1
12:10:46.280 [main] INFO  com.cloudframe.app.process.Codemove.dispAllVars  292 - AA-W1-COMP-9-12 1
12:10:46.280 [main] INFO  com.cloudframe.app.process.Codemove.dispAllVars  294 - AA-W1-COMP-S9-12 1
12:10:46.281 [main] INFO  com.cloudframe.app.process.Codemove.dispAllVars  296 - AA-W1-BIN-9-4 1
12:10:46.281 [main] INFO  com.cloudframe.app.process.Codemove.dispAllVars  298 - AA-W1-BIN-S9-4 1
12:10:46.281 [main] INFO  com.cloudframe.app.process.Codemove.dispAllVars  300 - AA-W1-BIN-9-8 1
12:10:46.281 [main] INFO  com.cloudframe.app.process.Codemove.dispAllVars  302 - AA-W1-BIN-S9-8 1
12:10:46.281 [main] INFO  com.cloudframe.app.process.Codemove.dispAllVars  304 - AA-W1-BIN-9-12 1
12:10:46.281 [main] INFO  com.cloudframe.app.process.Codemove.dispAllVars  306 - AA-W1-BIN-S9-12 1
12:10:46.281 [main] INFO  com.cloudframe.app.process.Codemove.dispAllVars  308 - AA-W1-EDIT-9-4    1
12:10:46.281 [main] INFO  com.cloudframe.app.process.Codemove.dispAllVars  310 - AA-W1-EDIT-9-4-NB    1
12:10:46.282 [main] INFO  com.cloudframe.app.process.Codemove.dispAllVars  312 - AA-W1-DISP-9-4 1
12:10:46.282 [main] INFO  com.cloudframe.app.process.Codemove.dispAllVars  314 - AA-W1-DISP-S9-4 1
12:10:46.282 [main] INFO  com.cloudframe.app.process.Codemove.dispAllVars  316 - AA-W1-DISP-9-8 1
12:10:46.282 [main] INFO  com.cloudframe.app.process.Codemove.dispAllVars  318 - AA-W1-DISP-S9-8 1
12:10:46.282 [main] INFO  com.cloudframe.app.process.Codemove.dispAllVars  320 - AA-W1-DISP-9-12 1
12:10:46.282 [main] INFO  com.cloudframe.app.process.Codemove.dispAllVars  322 - AA-W1-DISP-S9-12 1
12:10:46.282 [main] INFO  com.cloudframe.app.process.Codemove.dispAllVars  324 - AA-W1-COMP-3-9-4 1
12:10:46.283 [main] INFO  com.cloudframe.app.process.Codemove.dispAllVars  326 - AA-W1-COMP-3-S9-4 1
12:10:46.283 [main] INFO  com.cloudframe.app.process.Codemove.dispAllVars  328 - AA-W1-COMP-3-9-8 1
12:10:46.283 [main] INFO  com.cloudframe.app.process.Codemove.dispAllVars  330 - AA-W1-COMP-3-S9-8 1
12:10:46.283 [main] INFO  com.cloudframe.app.process.Codemove.dispAllVars  332 - AA-W1-COMP-3-9-12 1
12:10:46.283 [main] INFO  com.cloudframe.app.process.Codemove.dispAllVars  334 - AA-W1-COMP-3-S9-12 1
12:10:46.283 [main] INFO  com.cloudframe.app.process.Codemove.dispAllVars  336 - AA-W1-COMP-3-9-44 100
12:10:46.283 [main] INFO  com.cloudframe.app.process.Codemove.dispAllVars  338 - AA-W1-COMP-3-S9-44 100
12:10:46.284 [main] INFO  com.cloudframe.app.process.Codemove.dispAllVars  340 - AA-W1-COMP-3-9-84 100
12:10:46.284 [main] INFO  com.cloudframe.app.process.Codemove.dispAllVars  342 - AA-W1-COMP-3-S9-84 100
12:10:46.284 [main] INFO  com.cloudframe.app.process.Codemove.dispAllVars  344 - AA-W1-COMP-3-9-124 100
12:10:46.284 [main] INFO  com.cloudframe.app.process.Codemove.dispAllVars  346 - AA-W1-COMP-3-S9-124 100
12:10:46.284 [main] INFO  com.cloudframe.app.process.Codemove.dispAllVars  348 - AA-W1-COMP-9-44 100
12:10:46.285 [main] INFO  com.cloudframe.app.process.Codemove.dispAllVars  350 - AA-W1-COMP-S9-44 100
12:10:46.285 [main] INFO  com.cloudframe.app.process.Codemove.dispAllVars  352 - AA-W1-COMP-9-84 100
12:10:46.285 [main] INFO  com.cloudframe.app.process.Codemove.dispAllVars  354 - AA-W1-COMP-S9-84 100
12:10:46.285 [main] INFO  com.cloudframe.app.process.Codemove.dispAllVars  356 - AA-W1-COMP-9-124 100
12:10:46.285 [main] INFO  com.cloudframe.app.process.Codemove.dispAllVars  358 - AA-W1-COMP-S9-124 100
12:10:46.285 [main] INFO  com.cloudframe.app.process.Codemove.dispAllVars  360 - AA-W1-DISP-9-44 100
12:10:46.285 [main] INFO  com.cloudframe.app.process.Codemove.dispAllVars  362 - AA-W1-DISP-S9-44 100
12:10:46.285 [main] INFO  com.cloudframe.app.process.Codemove.dispAllVars  364 - AA-W1-DISP-9-84 100
12:10:46.286 [main] INFO  com.cloudframe.app.process.Codemove.dispAllVars  366 - AA-W1-DISP-S9-84 100
12:10:46.286 [main] INFO  com.cloudframe.app.process.Codemove.dispAllVars  368 - AA-W1-DISP-9-124 100
12:10:46.286 [main] INFO  com.cloudframe.app.process.Codemove.dispAllVars  370 - AA-W1-DISP-S9-124 100
12:10:46.286 [main] INFO  com.cloudframe.app.process.Codemove.dispAllVars  372 - AA-W1-BIN-9-44 100
12:10:46.286 [main] INFO  com.cloudframe.app.process.Codemove.dispAllVars  374 - AA-W1-BIN-S9-44 100
12:10:46.286 [main] INFO  com.cloudframe.app.process.Codemove.dispAllVars  376 - AA-W1-BIN-9-84 100
12:10:46.286 [main] INFO  com.cloudframe.app.process.Codemove.dispAllVars  378 - AA-W1-BIN-S9-84 100
12:10:46.286 [main] INFO  com.cloudframe.app.process.Codemove.dispAllVars  380 - AA-W1-BIN-9-124 100
12:10:46.287 [main] INFO  com.cloudframe.app.process.Codemove.dispAllVars  382 - AA-W1-BIN-S9-124 100
12:10:46.287 [main] INFO  com.cloudframe.app.process.Codemove.process14Split78 3424 - ******** AA-W1-DISP-9-4 ********
12:10:46.288 [main] INFO  com.cloudframe.app.process.Codemove.dispAllVars  284 - AA-W1-COMP-9-4 1
12:10:46.288 [main] INFO  com.cloudframe.app.process.Codemove.dispAllVars  286 - AA-W1-COMP-S9-4 1
12:10:46.288 [main] INFO  com.cloudframe.app.process.Codemove.dispAllVars  288 - AA-W1-COMP-9-8 1
12:10:46.288 [main] INFO  com.cloudframe.app.process.Codemove.dispAllVars  290 - AA-W1-COMP-S9-8 1
12:10:46.289 [main] INFO  com.cloudframe.app.process.Codemove.dispAllVars  292 - AA-W1-COMP-9-12 1
12:10:46.289 [main] INFO  com.cloudframe.app.process.Codemove.dispAllVars  294 - AA-W1-COMP-S9-12 1
12:10:46.289 [main] INFO  com.cloudframe.app.process.Codemove.dispAllVars  296 - AA-W1-BIN-9-4 1
12:10:46.289 [main] INFO  com.cloudframe.app.process.Codemove.dispAllVars  298 - AA-W1-BIN-S9-4 1
12:10:46.289 [main] INFO  com.cloudframe.app.process.Codemove.dispAllVars  300 - AA-W1-BIN-9-8 1
12:10:46.289 [main] INFO  com.cloudframe.app.process.Codemove.dispAllVars  302 - AA-W1-BIN-S9-8 1
12:10:46.289 [main] INFO  com.cloudframe.app.process.Codemove.dispAllVars  304 - AA-W1-BIN-9-12 1
12:10:46.289 [main] INFO  com.cloudframe.app.process.Codemove.dispAllVars  306 - AA-W1-BIN-S9-12 1
12:10:46.290 [main] INFO  com.cloudframe.app.process.Codemove.dispAllVars  308 - AA-W1-EDIT-9-4    1
12:10:46.290 [main] INFO  com.cloudframe.app.process.Codemove.dispAllVars  310 - AA-W1-EDIT-9-4-NB    1
12:10:46.290 [main] INFO  com.cloudframe.app.process.Codemove.dispAllVars  312 - AA-W1-DISP-9-4 1
12:10:46.290 [main] INFO  com.cloudframe.app.process.Codemove.dispAllVars  314 - AA-W1-DISP-S9-4 1
12:10:46.290 [main] INFO  com.cloudframe.app.process.Codemove.dispAllVars  316 - AA-W1-DISP-9-8 1
12:10:46.290 [main] INFO  com.cloudframe.app.process.Codemove.dispAllVars  318 - AA-W1-DISP-S9-8 1
12:10:46.290 [main] INFO  com.cloudframe.app.process.Codemove.dispAllVars  320 - AA-W1-DISP-9-12 1
12:10:46.291 [main] INFO  com.cloudframe.app.process.Codemove.dispAllVars  322 - AA-W1-DISP-S9-12 1
12:10:46.291 [main] INFO  com.cloudframe.app.process.Codemove.dispAllVars  324 - AA-W1-COMP-3-9-4 1
12:10:46.291 [main] INFO  com.cloudframe.app.process.Codemove.dispAllVars  326 - AA-W1-COMP-3-S9-4 1
12:10:46.291 [main] INFO  com.cloudframe.app.process.Codemove.dispAllVars  328 - AA-W1-COMP-3-9-8 1
12:10:46.291 [main] INFO  com.cloudframe.app.process.Codemove.dispAllVars  330 - AA-W1-COMP-3-S9-8 1
12:10:46.291 [main] INFO  com.cloudframe.app.process.Codemove.dispAllVars  332 - AA-W1-COMP-3-9-12 1
12:10:46.291 [main] INFO  com.cloudframe.app.process.Codemove.dispAllVars  334 - AA-W1-COMP-3-S9-12 1
12:10:46.292 [main] INFO  com.cloudframe.app.process.Codemove.dispAllVars  336 - AA-W1-COMP-3-9-44 100
12:10:46.292 [main] INFO  com.cloudframe.app.process.Codemove.dispAllVars  338 - AA-W1-COMP-3-S9-44 100
12:10:46.292 [main] INFO  com.cloudframe.app.process.Codemove.dispAllVars  340 - AA-W1-COMP-3-9-84 100
12:10:46.292 [main] INFO  com.cloudframe.app.process.Codemove.dispAllVars  342 - AA-W1-COMP-3-S9-84 100
12:10:46.292 [main] INFO  com.cloudframe.app.process.Codemove.dispAllVars  344 - AA-W1-COMP-3-9-124 100
12:10:46.292 [main] INFO  com.cloudframe.app.process.Codemove.dispAllVars  346 - AA-W1-COMP-3-S9-124 100
12:10:46.292 [main] INFO  com.cloudframe.app.process.Codemove.dispAllVars  348 - AA-W1-COMP-9-44 100
12:10:46.293 [main] INFO  com.cloudframe.app.process.Codemove.dispAllVars  350 - AA-W1-COMP-S9-44 100
12:10:46.293 [main] INFO  com.cloudframe.app.process.Codemove.dispAllVars  352 - AA-W1-COMP-9-84 100
12:10:46.293 [main] INFO  com.cloudframe.app.process.Codemove.dispAllVars  354 - AA-W1-COMP-S9-84 100
12:10:46.293 [main] INFO  com.cloudframe.app.process.Codemove.dispAllVars  356 - AA-W1-COMP-9-124 100
12:10:46.293 [main] INFO  com.cloudframe.app.process.Codemove.dispAllVars  358 - AA-W1-COMP-S9-124 100
12:10:46.293 [main] INFO  com.cloudframe.app.process.Codemove.dispAllVars  360 - AA-W1-DISP-9-44 100
12:10:46.293 [main] INFO  com.cloudframe.app.process.Codemove.dispAllVars  362 - AA-W1-DISP-S9-44 100
12:10:46.293 [main] INFO  com.cloudframe.app.process.Codemove.dispAllVars  364 - AA-W1-DISP-9-84 100
12:10:46.294 [main] INFO  com.cloudframe.app.process.Codemove.dispAllVars  366 - AA-W1-DISP-S9-84 100
12:10:46.294 [main] INFO  com.cloudframe.app.process.Codemove.dispAllVars  368 - AA-W1-DISP-9-124 100
12:10:46.294 [main] INFO  com.cloudframe.app.process.Codemove.dispAllVars  370 - AA-W1-DISP-S9-124 100
12:10:46.294 [main] INFO  com.cloudframe.app.process.Codemove.dispAllVars  372 - AA-W1-BIN-9-44 100
12:10:46.294 [main] INFO  com.cloudframe.app.process.Codemove.dispAllVars  374 - AA-W1-BIN-S9-44 100
12:10:46.294 [main] INFO  com.cloudframe.app.process.Codemove.dispAllVars  376 - AA-W1-BIN-9-84 100
12:10:46.294 [main] INFO  com.cloudframe.app.process.Codemove.dispAllVars  378 - AA-W1-BIN-S9-84 100
12:10:46.294 [main] INFO  com.cloudframe.app.process.Codemove.dispAllVars  380 - AA-W1-BIN-9-124 100
12:10:46.295 [main] INFO  com.cloudframe.app.process.Codemove.dispAllVars  382 - AA-W1-BIN-S9-124 100
12:10:46.295 [main] INFO  com.cloudframe.app.process.Codemove.process15Split80 3635 - ******* AA-W1-DISP-S9-4 ********
12:10:46.296 [main] INFO  com.cloudframe.app.process.Codemove.dispAllVars  284 - AA-W1-COMP-9-4 1
12:10:46.296 [main] INFO  com.cloudframe.app.process.Codemove.dispAllVars  286 - AA-W1-COMP-S9-4 1
12:10:46.296 [main] INFO  com.cloudframe.app.process.Codemove.dispAllVars  288 - AA-W1-COMP-9-8 1
12:10:46.296 [main] INFO  com.cloudframe.app.process.Codemove.dispAllVars  290 - AA-W1-COMP-S9-8 1
12:10:46.297 [main] INFO  com.cloudframe.app.process.Codemove.dispAllVars  292 - AA-W1-COMP-9-12 1
12:10:46.297 [main] INFO  com.cloudframe.app.process.Codemove.dispAllVars  294 - AA-W1-COMP-S9-12 1
12:10:46.297 [main] INFO  com.cloudframe.app.process.Codemove.dispAllVars  296 - AA-W1-BIN-9-4 1
12:10:46.297 [main] INFO  com.cloudframe.app.process.Codemove.dispAllVars  298 - AA-W1-BIN-S9-4 1
12:10:46.297 [main] INFO  com.cloudframe.app.process.Codemove.dispAllVars  300 - AA-W1-BIN-9-8 1
12:10:46.297 [main] INFO  com.cloudframe.app.process.Codemove.dispAllVars  302 - AA-W1-BIN-S9-8 1
12:10:46.297 [main] INFO  com.cloudframe.app.process.Codemove.dispAllVars  304 - AA-W1-BIN-9-12 1
12:10:46.297 [main] INFO  com.cloudframe.app.process.Codemove.dispAllVars  306 - AA-W1-BIN-S9-12 1
12:10:46.297 [main] INFO  com.cloudframe.app.process.Codemove.dispAllVars  308 - AA-W1-EDIT-9-4    1
12:10:46.298 [main] INFO  com.cloudframe.app.process.Codemove.dispAllVars  310 - AA-W1-EDIT-9-4-NB    1
12:10:46.298 [main] INFO  com.cloudframe.app.process.Codemove.dispAllVars  312 - AA-W1-DISP-9-4 1
12:10:46.298 [main] INFO  com.cloudframe.app.process.Codemove.dispAllVars  314 - AA-W1-DISP-S9-4 1
12:10:46.298 [main] INFO  com.cloudframe.app.process.Codemove.dispAllVars  316 - AA-W1-DISP-9-8 1
12:10:46.298 [main] INFO  com.cloudframe.app.process.Codemove.dispAllVars  318 - AA-W1-DISP-S9-8 1
12:10:46.298 [main] INFO  com.cloudframe.app.process.Codemove.dispAllVars  320 - AA-W1-DISP-9-12 1
12:10:46.298 [main] INFO  com.cloudframe.app.process.Codemove.dispAllVars  322 - AA-W1-DISP-S9-12 1
12:10:46.298 [main] INFO  com.cloudframe.app.process.Codemove.dispAllVars  324 - AA-W1-COMP-3-9-4 1
12:10:46.299 [main] INFO  com.cloudframe.app.process.Codemove.dispAllVars  326 - AA-W1-COMP-3-S9-4 1
12:10:46.299 [main] INFO  com.cloudframe.app.process.Codemove.dispAllVars  328 - AA-W1-COMP-3-9-8 1
12:10:46.299 [main] INFO  com.cloudframe.app.process.Codemove.dispAllVars  330 - AA-W1-COMP-3-S9-8 1
12:10:46.299 [main] INFO  com.cloudframe.app.process.Codemove.dispAllVars  332 - AA-W1-COMP-3-9-12 1
12:10:46.299 [main] INFO  com.cloudframe.app.process.Codemove.dispAllVars  334 - AA-W1-COMP-3-S9-12 1
12:10:46.299 [main] INFO  com.cloudframe.app.process.Codemove.dispAllVars  336 - AA-W1-COMP-3-9-44 100
12:10:46.300 [main] INFO  com.cloudframe.app.process.Codemove.dispAllVars  338 - AA-W1-COMP-3-S9-44 100
12:10:46.300 [main] INFO  com.cloudframe.app.process.Codemove.dispAllVars  340 - AA-W1-COMP-3-9-84 100
12:10:46.300 [main] INFO  com.cloudframe.app.process.Codemove.dispAllVars  342 - AA-W1-COMP-3-S9-84 100
12:10:46.300 [main] INFO  com.cloudframe.app.process.Codemove.dispAllVars  344 - AA-W1-COMP-3-9-124 100
12:10:46.300 [main] INFO  com.cloudframe.app.process.Codemove.dispAllVars  346 - AA-W1-COMP-3-S9-124 100
12:10:46.300 [main] INFO  com.cloudframe.app.process.Codemove.dispAllVars  348 - AA-W1-COMP-9-44 100
12:10:46.300 [main] INFO  com.cloudframe.app.process.Codemove.dispAllVars  350 - AA-W1-COMP-S9-44 100
12:10:46.300 [main] INFO  com.cloudframe.app.process.Codemove.dispAllVars  352 - AA-W1-COMP-9-84 100
12:10:46.301 [main] INFO  com.cloudframe.app.process.Codemove.dispAllVars  354 - AA-W1-COMP-S9-84 100
12:10:46.301 [main] INFO  com.cloudframe.app.process.Codemove.dispAllVars  356 - AA-W1-COMP-9-124 100
12:10:46.301 [main] INFO  com.cloudframe.app.process.Codemove.dispAllVars  358 - AA-W1-COMP-S9-124 100
12:10:46.301 [main] INFO  com.cloudframe.app.process.Codemove.dispAllVars  360 - AA-W1-DISP-9-44 100
12:10:46.301 [main] INFO  com.cloudframe.app.process.Codemove.dispAllVars  362 - AA-W1-DISP-S9-44 100
12:10:46.301 [main] INFO  com.cloudframe.app.process.Codemove.dispAllVars  364 - AA-W1-DISP-9-84 100
12:10:46.301 [main] INFO  com.cloudframe.app.process.Codemove.dispAllVars  366 - AA-W1-DISP-S9-84 100
12:10:46.301 [main] INFO  com.cloudframe.app.process.Codemove.dispAllVars  368 - AA-W1-DISP-9-124 100
12:10:46.302 [main] INFO  com.cloudframe.app.process.Codemove.dispAllVars  370 - AA-W1-DISP-S9-124 100
12:10:46.302 [main] INFO  com.cloudframe.app.process.Codemove.dispAllVars  372 - AA-W1-BIN-9-44 100
12:10:46.302 [main] INFO  com.cloudframe.app.process.Codemove.dispAllVars  374 - AA-W1-BIN-S9-44 100
12:10:46.302 [main] INFO  com.cloudframe.app.process.Codemove.dispAllVars  376 - AA-W1-BIN-9-84 100
12:10:46.302 [main] INFO  com.cloudframe.app.process.Codemove.dispAllVars  378 - AA-W1-BIN-S9-84 100
12:10:46.302 [main] INFO  com.cloudframe.app.process.Codemove.dispAllVars  380 - AA-W1-BIN-9-124 100
12:10:46.302 [main] INFO  com.cloudframe.app.process.Codemove.dispAllVars  382 - AA-W1-BIN-S9-124 100
12:10:46.302 [main] INFO  com.cloudframe.app.process.Codemove.process16Split82 3848 - ******* AA-W1-DISP-9-8 *********
12:10:46.304 [main] INFO  com.cloudframe.app.process.Codemove.dispAllVars  284 - AA-W1-COMP-9-4 1
12:10:46.304 [main] INFO  com.cloudframe.app.process.Codemove.dispAllVars  286 - AA-W1-COMP-S9-4 1
12:10:46.304 [main] INFO  com.cloudframe.app.process.Codemove.dispAllVars  288 - AA-W1-COMP-9-8 1
12:10:46.304 [main] INFO  com.cloudframe.app.process.Codemove.dispAllVars  290 - AA-W1-COMP-S9-8 1
12:10:46.305 [main] INFO  com.cloudframe.app.process.Codemove.dispAllVars  292 - AA-W1-COMP-9-12 1
12:10:46.305 [main] INFO  com.cloudframe.app.process.Codemove.dispAllVars  294 - AA-W1-COMP-S9-12 1
12:10:46.305 [main] INFO  com.cloudframe.app.process.Codemove.dispAllVars  296 - AA-W1-BIN-9-4 1
12:10:46.305 [main] INFO  com.cloudframe.app.process.Codemove.dispAllVars  298 - AA-W1-BIN-S9-4 1
12:10:46.305 [main] INFO  com.cloudframe.app.process.Codemove.dispAllVars  300 - AA-W1-BIN-9-8 1
12:10:46.305 [main] INFO  com.cloudframe.app.process.Codemove.dispAllVars  302 - AA-W1-BIN-S9-8 1
12:10:46.305 [main] INFO  com.cloudframe.app.process.Codemove.dispAllVars  304 - AA-W1-BIN-9-12 1
12:10:46.305 [main] INFO  com.cloudframe.app.process.Codemove.dispAllVars  306 - AA-W1-BIN-S9-12 1
12:10:46.306 [main] INFO  com.cloudframe.app.process.Codemove.dispAllVars  308 - AA-W1-EDIT-9-4    1
12:10:46.306 [main] INFO  com.cloudframe.app.process.Codemove.dispAllVars  310 - AA-W1-EDIT-9-4-NB    1
12:10:46.306 [main] INFO  com.cloudframe.app.process.Codemove.dispAllVars  312 - AA-W1-DISP-9-4 1
12:10:46.306 [main] INFO  com.cloudframe.app.process.Codemove.dispAllVars  314 - AA-W1-DISP-S9-4 1
12:10:46.306 [main] INFO  com.cloudframe.app.process.Codemove.dispAllVars  316 - AA-W1-DISP-9-8 1
12:10:46.306 [main] INFO  com.cloudframe.app.process.Codemove.dispAllVars  318 - AA-W1-DISP-S9-8 1
12:10:46.306 [main] INFO  com.cloudframe.app.process.Codemove.dispAllVars  320 - AA-W1-DISP-9-12 1
12:10:46.307 [main] INFO  com.cloudframe.app.process.Codemove.dispAllVars  322 - AA-W1-DISP-S9-12 1
12:10:46.307 [main] INFO  com.cloudframe.app.process.Codemove.dispAllVars  324 - AA-W1-COMP-3-9-4 1
12:10:46.307 [main] INFO  com.cloudframe.app.process.Codemove.dispAllVars  326 - AA-W1-COMP-3-S9-4 1
12:10:46.307 [main] INFO  com.cloudframe.app.process.Codemove.dispAllVars  328 - AA-W1-COMP-3-9-8 1
12:10:46.307 [main] INFO  com.cloudframe.app.process.Codemove.dispAllVars  330 - AA-W1-COMP-3-S9-8 1
12:10:46.307 [main] INFO  com.cloudframe.app.process.Codemove.dispAllVars  332 - AA-W1-COMP-3-9-12 1
12:10:46.308 [main] INFO  com.cloudframe.app.process.Codemove.dispAllVars  334 - AA-W1-COMP-3-S9-12 1
12:10:46.308 [main] INFO  com.cloudframe.app.process.Codemove.dispAllVars  336 - AA-W1-COMP-3-9-44 100
12:10:46.308 [main] INFO  com.cloudframe.app.process.Codemove.dispAllVars  338 - AA-W1-COMP-3-S9-44 100
12:10:46.308 [main] INFO  com.cloudframe.app.process.Codemove.dispAllVars  340 - AA-W1-COMP-3-9-84 100
12:10:46.308 [main] INFO  com.cloudframe.app.process.Codemove.dispAllVars  342 - AA-W1-COMP-3-S9-84 100
12:10:46.308 [main] INFO  com.cloudframe.app.process.Codemove.dispAllVars  344 - AA-W1-COMP-3-9-124 100
12:10:46.309 [main] INFO  com.cloudframe.app.process.Codemove.dispAllVars  346 - AA-W1-COMP-3-S9-124 100
12:10:46.309 [main] INFO  com.cloudframe.app.process.Codemove.dispAllVars  348 - AA-W1-COMP-9-44 100
12:10:46.309 [main] INFO  com.cloudframe.app.process.Codemove.dispAllVars  350 - AA-W1-COMP-S9-44 100
12:10:46.309 [main] INFO  com.cloudframe.app.process.Codemove.dispAllVars  352 - AA-W1-COMP-9-84 100
12:10:46.309 [main] INFO  com.cloudframe.app.process.Codemove.dispAllVars  354 - AA-W1-COMP-S9-84 100
12:10:46.309 [main] INFO  com.cloudframe.app.process.Codemove.dispAllVars  356 - AA-W1-COMP-9-124 100
12:10:46.309 [main] INFO  com.cloudframe.app.process.Codemove.dispAllVars  358 - AA-W1-COMP-S9-124 100
12:10:46.309 [main] INFO  com.cloudframe.app.process.Codemove.dispAllVars  360 - AA-W1-DISP-9-44 100
12:10:46.309 [main] INFO  com.cloudframe.app.process.Codemove.dispAllVars  362 - AA-W1-DISP-S9-44 100
12:10:46.310 [main] INFO  com.cloudframe.app.process.Codemove.dispAllVars  364 - AA-W1-DISP-9-84 100
12:10:46.310 [main] INFO  com.cloudframe.app.process.Codemove.dispAllVars  366 - AA-W1-DISP-S9-84 100
12:10:46.310 [main] INFO  com.cloudframe.app.process.Codemove.dispAllVars  368 - AA-W1-DISP-9-124 100
12:10:46.310 [main] INFO  com.cloudframe.app.process.Codemove.dispAllVars  370 - AA-W1-DISP-S9-124 100
12:10:46.310 [main] INFO  com.cloudframe.app.process.Codemove.dispAllVars  372 - AA-W1-BIN-9-44 100
12:10:46.310 [main] INFO  com.cloudframe.app.process.Codemove.dispAllVars  374 - AA-W1-BIN-S9-44 100
12:10:46.310 [main] INFO  com.cloudframe.app.process.Codemove.dispAllVars  376 - AA-W1-BIN-9-84 100
12:10:46.311 [main] INFO  com.cloudframe.app.process.Codemove.dispAllVars  378 - AA-W1-BIN-S9-84 100
12:10:46.311 [main] INFO  com.cloudframe.app.process.Codemove.dispAllVars  380 - AA-W1-BIN-9-124 100
12:10:46.312 [main] INFO  com.cloudframe.app.process.Codemove.dispAllVars  382 - AA-W1-BIN-S9-124 100
12:10:46.312 [main] INFO  com.cloudframe.app.process.Codemove.process17Split84 4058 - ******* AA-W1-DISP-S9-8 ********
12:10:46.313 [main] INFO  com.cloudframe.app.process.Codemove.dispAllVars  284 - AA-W1-COMP-9-4 1
12:10:46.313 [main] INFO  com.cloudframe.app.process.Codemove.dispAllVars  286 - AA-W1-COMP-S9-4 1
12:10:46.313 [main] INFO  com.cloudframe.app.process.Codemove.dispAllVars  288 - AA-W1-COMP-9-8 1
12:10:46.313 [main] INFO  com.cloudframe.app.process.Codemove.dispAllVars  290 - AA-W1-COMP-S9-8 1
12:10:46.313 [main] INFO  com.cloudframe.app.process.Codemove.dispAllVars  292 - AA-W1-COMP-9-12 1
12:10:46.313 [main] INFO  com.cloudframe.app.process.Codemove.dispAllVars  294 - AA-W1-COMP-S9-12 1
12:10:46.314 [main] INFO  com.cloudframe.app.process.Codemove.dispAllVars  296 - AA-W1-BIN-9-4 1
12:10:46.314 [main] INFO  com.cloudframe.app.process.Codemove.dispAllVars  298 - AA-W1-BIN-S9-4 1
12:10:46.314 [main] INFO  com.cloudframe.app.process.Codemove.dispAllVars  300 - AA-W1-BIN-9-8 1
12:10:46.314 [main] INFO  com.cloudframe.app.process.Codemove.dispAllVars  302 - AA-W1-BIN-S9-8 1
12:10:46.314 [main] INFO  com.cloudframe.app.process.Codemove.dispAllVars  304 - AA-W1-BIN-9-12 1
12:10:46.314 [main] INFO  com.cloudframe.app.process.Codemove.dispAllVars  306 - AA-W1-BIN-S9-12 1
12:10:46.314 [main] INFO  com.cloudframe.app.process.Codemove.dispAllVars  308 - AA-W1-EDIT-9-4    1
12:10:46.314 [main] INFO  com.cloudframe.app.process.Codemove.dispAllVars  310 - AA-W1-EDIT-9-4-NB    1
12:10:46.314 [main] INFO  com.cloudframe.app.process.Codemove.dispAllVars  312 - AA-W1-DISP-9-4 1
12:10:46.315 [main] INFO  com.cloudframe.app.process.Codemove.dispAllVars  314 - AA-W1-DISP-S9-4 1
12:10:46.315 [main] INFO  com.cloudframe.app.process.Codemove.dispAllVars  316 - AA-W1-DISP-9-8 1
12:10:46.315 [main] INFO  com.cloudframe.app.process.Codemove.dispAllVars  318 - AA-W1-DISP-S9-8 1
12:10:46.315 [main] INFO  com.cloudframe.app.process.Codemove.dispAllVars  320 - AA-W1-DISP-9-12 1
12:10:46.315 [main] INFO  com.cloudframe.app.process.Codemove.dispAllVars  322 - AA-W1-DISP-S9-12 1
12:10:46.315 [main] INFO  com.cloudframe.app.process.Codemove.dispAllVars  324 - AA-W1-COMP-3-9-4 1
12:10:46.316 [main] INFO  com.cloudframe.app.process.Codemove.dispAllVars  326 - AA-W1-COMP-3-S9-4 1
12:10:46.316 [main] INFO  com.cloudframe.app.process.Codemove.dispAllVars  328 - AA-W1-COMP-3-9-8 1
12:10:46.316 [main] INFO  com.cloudframe.app.process.Codemove.dispAllVars  330 - AA-W1-COMP-3-S9-8 1
12:10:46.316 [main] INFO  com.cloudframe.app.process.Codemove.dispAllVars  332 - AA-W1-COMP-3-9-12 1
12:10:46.316 [main] INFO  com.cloudframe.app.process.Codemove.dispAllVars  334 - AA-W1-COMP-3-S9-12 1
12:10:46.316 [main] INFO  com.cloudframe.app.process.Codemove.dispAllVars  336 - AA-W1-COMP-3-9-44 100
12:10:46.317 [main] INFO  com.cloudframe.app.process.Codemove.dispAllVars  338 - AA-W1-COMP-3-S9-44 100
12:10:46.317 [main] INFO  com.cloudframe.app.process.Codemove.dispAllVars  340 - AA-W1-COMP-3-9-84 100
12:10:46.317 [main] INFO  com.cloudframe.app.process.Codemove.dispAllVars  342 - AA-W1-COMP-3-S9-84 100
12:10:46.317 [main] INFO  com.cloudframe.app.process.Codemove.dispAllVars  344 - AA-W1-COMP-3-9-124 100
12:10:46.317 [main] INFO  com.cloudframe.app.process.Codemove.dispAllVars  346 - AA-W1-COMP-3-S9-124 100
12:10:46.317 [main] INFO  com.cloudframe.app.process.Codemove.dispAllVars  348 - AA-W1-COMP-9-44 100
12:10:46.317 [main] INFO  com.cloudframe.app.process.Codemove.dispAllVars  350 - AA-W1-COMP-S9-44 100
12:10:46.317 [main] INFO  com.cloudframe.app.process.Codemove.dispAllVars  352 - AA-W1-COMP-9-84 100
12:10:46.318 [main] INFO  com.cloudframe.app.process.Codemove.dispAllVars  354 - AA-W1-COMP-S9-84 100
12:10:46.318 [main] INFO  com.cloudframe.app.process.Codemove.dispAllVars  356 - AA-W1-COMP-9-124 100
12:10:46.318 [main] INFO  com.cloudframe.app.process.Codemove.dispAllVars  358 - AA-W1-COMP-S9-124 100
12:10:46.318 [main] INFO  com.cloudframe.app.process.Codemove.dispAllVars  360 - AA-W1-DISP-9-44 100
12:10:46.318 [main] INFO  com.cloudframe.app.process.Codemove.dispAllVars  362 - AA-W1-DISP-S9-44 100
12:10:46.318 [main] INFO  com.cloudframe.app.process.Codemove.dispAllVars  364 - AA-W1-DISP-9-84 100
12:10:46.318 [main] INFO  com.cloudframe.app.process.Codemove.dispAllVars  366 - AA-W1-DISP-S9-84 100
12:10:46.318 [main] INFO  com.cloudframe.app.process.Codemove.dispAllVars  368 - AA-W1-DISP-9-124 100
12:10:46.319 [main] INFO  com.cloudframe.app.process.Codemove.dispAllVars  370 - AA-W1-DISP-S9-124 100
12:10:46.319 [main] INFO  com.cloudframe.app.process.Codemove.dispAllVars  372 - AA-W1-BIN-9-44 100
12:10:46.319 [main] INFO  com.cloudframe.app.process.Codemove.dispAllVars  374 - AA-W1-BIN-S9-44 100
12:10:46.319 [main] INFO  com.cloudframe.app.process.Codemove.dispAllVars  376 - AA-W1-BIN-9-84 100
12:10:46.319 [main] INFO  com.cloudframe.app.process.Codemove.dispAllVars  378 - AA-W1-BIN-S9-84 100
12:10:46.319 [main] INFO  com.cloudframe.app.process.Codemove.dispAllVars  380 - AA-W1-BIN-9-124 100
12:10:46.319 [main] INFO  com.cloudframe.app.process.Codemove.dispAllVars  382 - AA-W1-BIN-S9-124 100
12:10:46.319 [main] INFO  com.cloudframe.app.process.Codemove.process18Split86 4268 - ****** AA-W1-DISP-9-12 *********
12:10:46.320 [main] INFO  com.cloudframe.app.process.Codemove.dispAllVars  284 - AA-W1-COMP-9-4 1
12:10:46.321 [main] INFO  com.cloudframe.app.process.Codemove.dispAllVars  286 - AA-W1-COMP-S9-4 1
12:10:46.321 [main] INFO  com.cloudframe.app.process.Codemove.dispAllVars  288 - AA-W1-COMP-9-8 1
12:10:46.321 [main] INFO  com.cloudframe.app.process.Codemove.dispAllVars  290 - AA-W1-COMP-S9-8 1
12:10:46.321 [main] INFO  com.cloudframe.app.process.Codemove.dispAllVars  292 - AA-W1-COMP-9-12 1
12:10:46.321 [main] INFO  com.cloudframe.app.process.Codemove.dispAllVars  294 - AA-W1-COMP-S9-12 1
12:10:46.321 [main] INFO  com.cloudframe.app.process.Codemove.dispAllVars  296 - AA-W1-BIN-9-4 1
12:10:46.321 [main] INFO  com.cloudframe.app.process.Codemove.dispAllVars  298 - AA-W1-BIN-S9-4 1
12:10:46.322 [main] INFO  com.cloudframe.app.process.Codemove.dispAllVars  300 - AA-W1-BIN-9-8 1
12:10:46.322 [main] INFO  com.cloudframe.app.process.Codemove.dispAllVars  302 - AA-W1-BIN-S9-8 1
12:10:46.322 [main] INFO  com.cloudframe.app.process.Codemove.dispAllVars  304 - AA-W1-BIN-9-12 1
12:10:46.322 [main] INFO  com.cloudframe.app.process.Codemove.dispAllVars  306 - AA-W1-BIN-S9-12 1
12:10:46.322 [main] INFO  com.cloudframe.app.process.Codemove.dispAllVars  308 - AA-W1-EDIT-9-4    1
12:10:46.322 [main] INFO  com.cloudframe.app.process.Codemove.dispAllVars  310 - AA-W1-EDIT-9-4-NB    1
12:10:46.322 [main] INFO  com.cloudframe.app.process.Codemove.dispAllVars  312 - AA-W1-DISP-9-4 1
12:10:46.322 [main] INFO  com.cloudframe.app.process.Codemove.dispAllVars  314 - AA-W1-DISP-S9-4 1
12:10:46.323 [main] INFO  com.cloudframe.app.process.Codemove.dispAllVars  316 - AA-W1-DISP-9-8 1
12:10:46.323 [main] INFO  com.cloudframe.app.process.Codemove.dispAllVars  318 - AA-W1-DISP-S9-8 1
12:10:46.323 [main] INFO  com.cloudframe.app.process.Codemove.dispAllVars  320 - AA-W1-DISP-9-12 1
12:10:46.323 [main] INFO  com.cloudframe.app.process.Codemove.dispAllVars  322 - AA-W1-DISP-S9-12 1
12:10:46.323 [main] INFO  com.cloudframe.app.process.Codemove.dispAllVars  324 - AA-W1-COMP-3-9-4 1
12:10:46.323 [main] INFO  com.cloudframe.app.process.Codemove.dispAllVars  326 - AA-W1-COMP-3-S9-4 1
12:10:46.323 [main] INFO  com.cloudframe.app.process.Codemove.dispAllVars  328 - AA-W1-COMP-3-9-8 1
12:10:46.323 [main] INFO  com.cloudframe.app.process.Codemove.dispAllVars  330 - AA-W1-COMP-3-S9-8 1
12:10:46.324 [main] INFO  com.cloudframe.app.process.Codemove.dispAllVars  332 - AA-W1-COMP-3-9-12 1
12:10:46.324 [main] INFO  com.cloudframe.app.process.Codemove.dispAllVars  334 - AA-W1-COMP-3-S9-12 1
12:10:46.324 [main] INFO  com.cloudframe.app.process.Codemove.dispAllVars  336 - AA-W1-COMP-3-9-44 100
12:10:46.324 [main] INFO  com.cloudframe.app.process.Codemove.dispAllVars  338 - AA-W1-COMP-3-S9-44 100
12:10:46.324 [main] INFO  com.cloudframe.app.process.Codemove.dispAllVars  340 - AA-W1-COMP-3-9-84 100
12:10:46.325 [main] INFO  com.cloudframe.app.process.Codemove.dispAllVars  342 - AA-W1-COMP-3-S9-84 100
12:10:46.325 [main] INFO  com.cloudframe.app.process.Codemove.dispAllVars  344 - AA-W1-COMP-3-9-124 100
12:10:46.325 [main] INFO  com.cloudframe.app.process.Codemove.dispAllVars  346 - AA-W1-COMP-3-S9-124 100
12:10:46.325 [main] INFO  com.cloudframe.app.process.Codemove.dispAllVars  348 - AA-W1-COMP-9-44 100
12:10:46.325 [main] INFO  com.cloudframe.app.process.Codemove.dispAllVars  350 - AA-W1-COMP-S9-44 100
12:10:46.325 [main] INFO  com.cloudframe.app.process.Codemove.dispAllVars  352 - AA-W1-COMP-9-84 100
12:10:46.325 [main] INFO  com.cloudframe.app.process.Codemove.dispAllVars  354 - AA-W1-COMP-S9-84 100
12:10:46.326 [main] INFO  com.cloudframe.app.process.Codemove.dispAllVars  356 - AA-W1-COMP-9-124 100
12:10:46.326 [main] INFO  com.cloudframe.app.process.Codemove.dispAllVars  358 - AA-W1-COMP-S9-124 100
12:10:46.326 [main] INFO  com.cloudframe.app.process.Codemove.dispAllVars  360 - AA-W1-DISP-9-44 100
12:10:46.326 [main] INFO  com.cloudframe.app.process.Codemove.dispAllVars  362 - AA-W1-DISP-S9-44 100
12:10:46.326 [main] INFO  com.cloudframe.app.process.Codemove.dispAllVars  364 - AA-W1-DISP-9-84 100
12:10:46.326 [main] INFO  com.cloudframe.app.process.Codemove.dispAllVars  366 - AA-W1-DISP-S9-84 100
12:10:46.326 [main] INFO  com.cloudframe.app.process.Codemove.dispAllVars  368 - AA-W1-DISP-9-124 100
12:10:46.327 [main] INFO  com.cloudframe.app.process.Codemove.dispAllVars  370 - AA-W1-DISP-S9-124 100
12:10:46.327 [main] INFO  com.cloudframe.app.process.Codemove.dispAllVars  372 - AA-W1-BIN-9-44 100
12:10:46.327 [main] INFO  com.cloudframe.app.process.Codemove.dispAllVars  374 - AA-W1-BIN-S9-44 100
12:10:46.327 [main] INFO  com.cloudframe.app.process.Codemove.dispAllVars  376 - AA-W1-BIN-9-84 100
12:10:46.327 [main] INFO  com.cloudframe.app.process.Codemove.dispAllVars  378 - AA-W1-BIN-S9-84 100
12:10:46.327 [main] INFO  com.cloudframe.app.process.Codemove.dispAllVars  380 - AA-W1-BIN-9-124 100
12:10:46.327 [main] INFO  com.cloudframe.app.process.Codemove.dispAllVars  382 - AA-W1-BIN-S9-124 100
12:10:46.327 [main] INFO  com.cloudframe.app.process.Codemove.process19Split88 4478 - ******** AA-W1-DISP-S9-12 ******
12:10:46.329 [main] INFO  com.cloudframe.app.process.Codemove.dispAllVars  284 - AA-W1-COMP-9-4 1
12:10:46.329 [main] INFO  com.cloudframe.app.process.Codemove.dispAllVars  286 - AA-W1-COMP-S9-4 1
12:10:46.329 [main] INFO  com.cloudframe.app.process.Codemove.dispAllVars  288 - AA-W1-COMP-9-8 1
12:10:46.329 [main] INFO  com.cloudframe.app.process.Codemove.dispAllVars  290 - AA-W1-COMP-S9-8 1
12:10:46.329 [main] INFO  com.cloudframe.app.process.Codemove.dispAllVars  292 - AA-W1-COMP-9-12 1
12:10:46.329 [main] INFO  com.cloudframe.app.process.Codemove.dispAllVars  294 - AA-W1-COMP-S9-12 1
12:10:46.330 [main] INFO  com.cloudframe.app.process.Codemove.dispAllVars  296 - AA-W1-BIN-9-4 1
12:10:46.330 [main] INFO  com.cloudframe.app.process.Codemove.dispAllVars  298 - AA-W1-BIN-S9-4 1
12:10:46.330 [main] INFO  com.cloudframe.app.process.Codemove.dispAllVars  300 - AA-W1-BIN-9-8 1
12:10:46.330 [main] INFO  com.cloudframe.app.process.Codemove.dispAllVars  302 - AA-W1-BIN-S9-8 1
12:10:46.330 [main] INFO  com.cloudframe.app.process.Codemove.dispAllVars  304 - AA-W1-BIN-9-12 1
12:10:46.330 [main] INFO  com.cloudframe.app.process.Codemove.dispAllVars  306 - AA-W1-BIN-S9-12 1
12:10:46.330 [main] INFO  com.cloudframe.app.process.Codemove.dispAllVars  308 - AA-W1-EDIT-9-4    1
12:10:46.330 [main] INFO  com.cloudframe.app.process.Codemove.dispAllVars  310 - AA-W1-EDIT-9-4-NB    1
12:10:46.331 [main] INFO  com.cloudframe.app.process.Codemove.dispAllVars  312 - AA-W1-DISP-9-4 1
12:10:46.331 [main] INFO  com.cloudframe.app.process.Codemove.dispAllVars  314 - AA-W1-DISP-S9-4 1
12:10:46.331 [main] INFO  com.cloudframe.app.process.Codemove.dispAllVars  316 - AA-W1-DISP-9-8 1
12:10:46.331 [main] INFO  com.cloudframe.app.process.Codemove.dispAllVars  318 - AA-W1-DISP-S9-8 1
12:10:46.331 [main] INFO  com.cloudframe.app.process.Codemove.dispAllVars  320 - AA-W1-DISP-9-12 1
12:10:46.331 [main] INFO  com.cloudframe.app.process.Codemove.dispAllVars  322 - AA-W1-DISP-S9-12 1
12:10:46.331 [main] INFO  com.cloudframe.app.process.Codemove.dispAllVars  324 - AA-W1-COMP-3-9-4 1
12:10:46.331 [main] INFO  com.cloudframe.app.process.Codemove.dispAllVars  326 - AA-W1-COMP-3-S9-4 1
12:10:46.332 [main] INFO  com.cloudframe.app.process.Codemove.dispAllVars  328 - AA-W1-COMP-3-9-8 1
12:10:46.332 [main] INFO  com.cloudframe.app.process.Codemove.dispAllVars  330 - AA-W1-COMP-3-S9-8 1
12:10:46.332 [main] INFO  com.cloudframe.app.process.Codemove.dispAllVars  332 - AA-W1-COMP-3-9-12 1
12:10:46.332 [main] INFO  com.cloudframe.app.process.Codemove.dispAllVars  334 - AA-W1-COMP-3-S9-12 1
12:10:46.332 [main] INFO  com.cloudframe.app.process.Codemove.dispAllVars  336 - AA-W1-COMP-3-9-44 100
12:10:46.333 [main] INFO  com.cloudframe.app.process.Codemove.dispAllVars  338 - AA-W1-COMP-3-S9-44 100
12:10:46.333 [main] INFO  com.cloudframe.app.process.Codemove.dispAllVars  340 - AA-W1-COMP-3-9-84 100
12:10:46.333 [main] INFO  com.cloudframe.app.process.Codemove.dispAllVars  342 - AA-W1-COMP-3-S9-84 100
12:10:46.333 [main] INFO  com.cloudframe.app.process.Codemove.dispAllVars  344 - AA-W1-COMP-3-9-124 100
12:10:46.333 [main] INFO  com.cloudframe.app.process.Codemove.dispAllVars  346 - AA-W1-COMP-3-S9-124 100
12:10:46.333 [main] INFO  com.cloudframe.app.process.Codemove.dispAllVars  348 - AA-W1-COMP-9-44 100
12:10:46.333 [main] INFO  com.cloudframe.app.process.Codemove.dispAllVars  350 - AA-W1-COMP-S9-44 100
12:10:46.334 [main] INFO  com.cloudframe.app.process.Codemove.dispAllVars  352 - AA-W1-COMP-9-84 100
12:10:46.334 [main] INFO  com.cloudframe.app.process.Codemove.dispAllVars  354 - AA-W1-COMP-S9-84 100
12:10:46.334 [main] INFO  com.cloudframe.app.process.Codemove.dispAllVars  356 - AA-W1-COMP-9-124 100
12:10:46.334 [main] INFO  com.cloudframe.app.process.Codemove.dispAllVars  358 - AA-W1-COMP-S9-124 100
12:10:46.334 [main] INFO  com.cloudframe.app.process.Codemove.dispAllVars  360 - AA-W1-DISP-9-44 100
12:10:46.334 [main] INFO  com.cloudframe.app.process.Codemove.dispAllVars  362 - AA-W1-DISP-S9-44 100
12:10:46.334 [main] INFO  com.cloudframe.app.process.Codemove.dispAllVars  364 - AA-W1-DISP-9-84 100
12:10:46.335 [main] INFO  com.cloudframe.app.process.Codemove.dispAllVars  366 - AA-W1-DISP-S9-84 100
12:10:46.335 [main] INFO  com.cloudframe.app.process.Codemove.dispAllVars  368 - AA-W1-DISP-9-124 100
12:10:46.335 [main] INFO  com.cloudframe.app.process.Codemove.dispAllVars  370 - AA-W1-DISP-S9-124 100
12:10:46.335 [main] INFO  com.cloudframe.app.process.Codemove.dispAllVars  372 - AA-W1-BIN-9-44 100
12:10:46.335 [main] INFO  com.cloudframe.app.process.Codemove.dispAllVars  374 - AA-W1-BIN-S9-44 100
12:10:46.335 [main] INFO  com.cloudframe.app.process.Codemove.dispAllVars  376 - AA-W1-BIN-9-84 100
12:10:46.335 [main] INFO  com.cloudframe.app.process.Codemove.dispAllVars  378 - AA-W1-BIN-S9-84 100
12:10:46.335 [main] INFO  com.cloudframe.app.process.Codemove.dispAllVars  380 - AA-W1-BIN-9-124 100
12:10:46.336 [main] INFO  com.cloudframe.app.process.Codemove.dispAllVars  382 - AA-W1-BIN-S9-124 100
12:10:46.336 [main] INFO  com.cloudframe.app.process.Codemove.process20Split90 4688 - ******* AA-W1-COMP-3-9-4 *******
12:10:46.337 [main] INFO  com.cloudframe.app.process.Codemove.dispAllVars  284 - AA-W1-COMP-9-4 1
12:10:46.337 [main] INFO  com.cloudframe.app.process.Codemove.dispAllVars  286 - AA-W1-COMP-S9-4 1
12:10:46.337 [main] INFO  com.cloudframe.app.process.Codemove.dispAllVars  288 - AA-W1-COMP-9-8 1
12:10:46.337 [main] INFO  com.cloudframe.app.process.Codemove.dispAllVars  290 - AA-W1-COMP-S9-8 1
12:10:46.337 [main] INFO  com.cloudframe.app.process.Codemove.dispAllVars  292 - AA-W1-COMP-9-12 1
12:10:46.337 [main] INFO  com.cloudframe.app.process.Codemove.dispAllVars  294 - AA-W1-COMP-S9-12 1
12:10:46.338 [main] INFO  com.cloudframe.app.process.Codemove.dispAllVars  296 - AA-W1-BIN-9-4 1
12:10:46.338 [main] INFO  com.cloudframe.app.process.Codemove.dispAllVars  298 - AA-W1-BIN-S9-4 1
12:10:46.338 [main] INFO  com.cloudframe.app.process.Codemove.dispAllVars  300 - AA-W1-BIN-9-8 1
12:10:46.338 [main] INFO  com.cloudframe.app.process.Codemove.dispAllVars  302 - AA-W1-BIN-S9-8 1
12:10:46.338 [main] INFO  com.cloudframe.app.process.Codemove.dispAllVars  304 - AA-W1-BIN-9-12 1
12:10:46.338 [main] INFO  com.cloudframe.app.process.Codemove.dispAllVars  306 - AA-W1-BIN-S9-12 1
12:10:46.338 [main] INFO  com.cloudframe.app.process.Codemove.dispAllVars  308 - AA-W1-EDIT-9-4    1
12:10:46.338 [main] INFO  com.cloudframe.app.process.Codemove.dispAllVars  310 - AA-W1-EDIT-9-4-NB    1
12:10:46.339 [main] INFO  com.cloudframe.app.process.Codemove.dispAllVars  312 - AA-W1-DISP-9-4 1
12:10:46.339 [main] INFO  com.cloudframe.app.process.Codemove.dispAllVars  314 - AA-W1-DISP-S9-4 1
12:10:46.339 [main] INFO  com.cloudframe.app.process.Codemove.dispAllVars  316 - AA-W1-DISP-9-8 1
12:10:46.339 [main] INFO  com.cloudframe.app.process.Codemove.dispAllVars  318 - AA-W1-DISP-S9-8 1
12:10:46.339 [main] INFO  com.cloudframe.app.process.Codemove.dispAllVars  320 - AA-W1-DISP-9-12 1
12:10:46.339 [main] INFO  com.cloudframe.app.process.Codemove.dispAllVars  322 - AA-W1-DISP-S9-12 1
12:10:46.339 [main] INFO  com.cloudframe.app.process.Codemove.dispAllVars  324 - AA-W1-COMP-3-9-4 1
12:10:46.339 [main] INFO  com.cloudframe.app.process.Codemove.dispAllVars  326 - AA-W1-COMP-3-S9-4 1
12:10:46.340 [main] INFO  com.cloudframe.app.process.Codemove.dispAllVars  328 - AA-W1-COMP-3-9-8 1
12:10:46.340 [main] INFO  com.cloudframe.app.process.Codemove.dispAllVars  330 - AA-W1-COMP-3-S9-8 1
12:10:46.340 [main] INFO  com.cloudframe.app.process.Codemove.dispAllVars  332 - AA-W1-COMP-3-9-12 1
12:10:46.340 [main] INFO  com.cloudframe.app.process.Codemove.dispAllVars  334 - AA-W1-COMP-3-S9-12 1
12:10:46.341 [main] INFO  com.cloudframe.app.process.Codemove.dispAllVars  336 - AA-W1-COMP-3-9-44 100
12:10:46.341 [main] INFO  com.cloudframe.app.process.Codemove.dispAllVars  338 - AA-W1-COMP-3-S9-44 100
12:10:46.341 [main] INFO  com.cloudframe.app.process.Codemove.dispAllVars  340 - AA-W1-COMP-3-9-84 100
12:10:46.341 [main] INFO  com.cloudframe.app.process.Codemove.dispAllVars  342 - AA-W1-COMP-3-S9-84 100
12:10:46.341 [main] INFO  com.cloudframe.app.process.Codemove.dispAllVars  344 - AA-W1-COMP-3-9-124 100
12:10:46.341 [main] INFO  com.cloudframe.app.process.Codemove.dispAllVars  346 - AA-W1-COMP-3-S9-124 100
12:10:46.341 [main] INFO  com.cloudframe.app.process.Codemove.dispAllVars  348 - AA-W1-COMP-9-44 100
12:10:46.342 [main] INFO  com.cloudframe.app.process.Codemove.dispAllVars  350 - AA-W1-COMP-S9-44 100
12:10:46.342 [main] INFO  com.cloudframe.app.process.Codemove.dispAllVars  352 - AA-W1-COMP-9-84 100
12:10:46.342 [main] INFO  com.cloudframe.app.process.Codemove.dispAllVars  354 - AA-W1-COMP-S9-84 100
12:10:46.342 [main] INFO  com.cloudframe.app.process.Codemove.dispAllVars  356 - AA-W1-COMP-9-124 100
12:10:46.342 [main] INFO  com.cloudframe.app.process.Codemove.dispAllVars  358 - AA-W1-COMP-S9-124 100
12:10:46.343 [main] INFO  com.cloudframe.app.process.Codemove.dispAllVars  360 - AA-W1-DISP-9-44 100
12:10:46.343 [main] INFO  com.cloudframe.app.process.Codemove.dispAllVars  362 - AA-W1-DISP-S9-44 100
12:10:46.343 [main] INFO  com.cloudframe.app.process.Codemove.dispAllVars  364 - AA-W1-DISP-9-84 100
12:10:46.343 [main] INFO  com.cloudframe.app.process.Codemove.dispAllVars  366 - AA-W1-DISP-S9-84 100
12:10:46.343 [main] INFO  com.cloudframe.app.process.Codemove.dispAllVars  368 - AA-W1-DISP-9-124 100
12:10:46.344 [main] INFO  com.cloudframe.app.process.Codemove.dispAllVars  370 - AA-W1-DISP-S9-124 100
12:10:46.344 [main] INFO  com.cloudframe.app.process.Codemove.dispAllVars  372 - AA-W1-BIN-9-44 100
12:10:46.344 [main] INFO  com.cloudframe.app.process.Codemove.dispAllVars  374 - AA-W1-BIN-S9-44 100
12:10:46.344 [main] INFO  com.cloudframe.app.process.Codemove.dispAllVars  376 - AA-W1-BIN-9-84 100
12:10:46.344 [main] INFO  com.cloudframe.app.process.Codemove.dispAllVars  378 - AA-W1-BIN-S9-84 100
12:10:46.344 [main] INFO  com.cloudframe.app.process.Codemove.dispAllVars  380 - AA-W1-BIN-9-124 100
12:10:46.344 [main] INFO  com.cloudframe.app.process.Codemove.dispAllVars  382 - AA-W1-BIN-S9-124 100
12:10:46.344 [main] INFO  com.cloudframe.app.process.Codemove.process21Split92 4898 - ******* AA-W1-COMP-3-S9-4 ******
12:10:46.346 [main] INFO  com.cloudframe.app.process.Codemove.dispAllVars  284 - AA-W1-COMP-9-4 1
12:10:46.346 [main] INFO  com.cloudframe.app.process.Codemove.dispAllVars  286 - AA-W1-COMP-S9-4 1
12:10:46.346 [main] INFO  com.cloudframe.app.process.Codemove.dispAllVars  288 - AA-W1-COMP-9-8 1
12:10:46.347 [main] INFO  com.cloudframe.app.process.Codemove.dispAllVars  290 - AA-W1-COMP-S9-8 1
12:10:46.347 [main] INFO  com.cloudframe.app.process.Codemove.dispAllVars  292 - AA-W1-COMP-9-12 1
12:10:46.347 [main] INFO  com.cloudframe.app.process.Codemove.dispAllVars  294 - AA-W1-COMP-S9-12 1
12:10:46.347 [main] INFO  com.cloudframe.app.process.Codemove.dispAllVars  296 - AA-W1-BIN-9-4 1
12:10:46.347 [main] INFO  com.cloudframe.app.process.Codemove.dispAllVars  298 - AA-W1-BIN-S9-4 1
12:10:46.347 [main] INFO  com.cloudframe.app.process.Codemove.dispAllVars  300 - AA-W1-BIN-9-8 1
12:10:46.348 [main] INFO  com.cloudframe.app.process.Codemove.dispAllVars  302 - AA-W1-BIN-S9-8 1
12:10:46.348 [main] INFO  com.cloudframe.app.process.Codemove.dispAllVars  304 - AA-W1-BIN-9-12 1
12:10:46.348 [main] INFO  com.cloudframe.app.process.Codemove.dispAllVars  306 - AA-W1-BIN-S9-12 1
12:10:46.348 [main] INFO  com.cloudframe.app.process.Codemove.dispAllVars  308 - AA-W1-EDIT-9-4    1
12:10:46.348 [main] INFO  com.cloudframe.app.process.Codemove.dispAllVars  310 - AA-W1-EDIT-9-4-NB    1
12:10:46.348 [main] INFO  com.cloudframe.app.process.Codemove.dispAllVars  312 - AA-W1-DISP-9-4 1
12:10:46.348 [main] INFO  com.cloudframe.app.process.Codemove.dispAllVars  314 - AA-W1-DISP-S9-4 1
12:10:46.348 [main] INFO  com.cloudframe.app.process.Codemove.dispAllVars  316 - AA-W1-DISP-9-8 1
12:10:46.349 [main] INFO  com.cloudframe.app.process.Codemove.dispAllVars  318 - AA-W1-DISP-S9-8 1
12:10:46.349 [main] INFO  com.cloudframe.app.process.Codemove.dispAllVars  320 - AA-W1-DISP-9-12 1
12:10:46.349 [main] INFO  com.cloudframe.app.process.Codemove.dispAllVars  322 - AA-W1-DISP-S9-12 1
12:10:46.349 [main] INFO  com.cloudframe.app.process.Codemove.dispAllVars  324 - AA-W1-COMP-3-9-4 1
12:10:46.349 [main] INFO  com.cloudframe.app.process.Codemove.dispAllVars  326 - AA-W1-COMP-3-S9-4 1
12:10:46.350 [main] INFO  com.cloudframe.app.process.Codemove.dispAllVars  328 - AA-W1-COMP-3-9-8 1
12:10:46.350 [main] INFO  com.cloudframe.app.process.Codemove.dispAllVars  330 - AA-W1-COMP-3-S9-8 1
12:10:46.350 [main] INFO  com.cloudframe.app.process.Codemove.dispAllVars  332 - AA-W1-COMP-3-9-12 1
12:10:46.350 [main] INFO  com.cloudframe.app.process.Codemove.dispAllVars  334 - AA-W1-COMP-3-S9-12 1
12:10:46.350 [main] INFO  com.cloudframe.app.process.Codemove.dispAllVars  336 - AA-W1-COMP-3-9-44 100
12:10:46.350 [main] INFO  com.cloudframe.app.process.Codemove.dispAllVars  338 - AA-W1-COMP-3-S9-44 100
12:10:46.350 [main] INFO  com.cloudframe.app.process.Codemove.dispAllVars  340 - AA-W1-COMP-3-9-84 100
12:10:46.351 [main] INFO  com.cloudframe.app.process.Codemove.dispAllVars  342 - AA-W1-COMP-3-S9-84 100
12:10:46.351 [main] INFO  com.cloudframe.app.process.Codemove.dispAllVars  344 - AA-W1-COMP-3-9-124 100
12:10:46.351 [main] INFO  com.cloudframe.app.process.Codemove.dispAllVars  346 - AA-W1-COMP-3-S9-124 100
12:10:46.351 [main] INFO  com.cloudframe.app.process.Codemove.dispAllVars  348 - AA-W1-COMP-9-44 100
12:10:46.351 [main] INFO  com.cloudframe.app.process.Codemove.dispAllVars  350 - AA-W1-COMP-S9-44 100
12:10:46.351 [main] INFO  com.cloudframe.app.process.Codemove.dispAllVars  352 - AA-W1-COMP-9-84 100
12:10:46.351 [main] INFO  com.cloudframe.app.process.Codemove.dispAllVars  354 - AA-W1-COMP-S9-84 100
12:10:46.351 [main] INFO  com.cloudframe.app.process.Codemove.dispAllVars  356 - AA-W1-COMP-9-124 100
12:10:46.352 [main] INFO  com.cloudframe.app.process.Codemove.dispAllVars  358 - AA-W1-COMP-S9-124 100
12:10:46.352 [main] INFO  com.cloudframe.app.process.Codemove.dispAllVars  360 - AA-W1-DISP-9-44 100
12:10:46.352 [main] INFO  com.cloudframe.app.process.Codemove.dispAllVars  362 - AA-W1-DISP-S9-44 100
12:10:46.352 [main] INFO  com.cloudframe.app.process.Codemove.dispAllVars  364 - AA-W1-DISP-9-84 100
12:10:46.352 [main] INFO  com.cloudframe.app.process.Codemove.dispAllVars  366 - AA-W1-DISP-S9-84 100
12:10:46.352 [main] INFO  com.cloudframe.app.process.Codemove.dispAllVars  368 - AA-W1-DISP-9-124 100
12:10:46.352 [main] INFO  com.cloudframe.app.process.Codemove.dispAllVars  370 - AA-W1-DISP-S9-124 100
12:10:46.353 [main] INFO  com.cloudframe.app.process.Codemove.dispAllVars  372 - AA-W1-BIN-9-44 100
12:10:46.353 [main] INFO  com.cloudframe.app.process.Codemove.dispAllVars  374 - AA-W1-BIN-S9-44 100
12:10:46.353 [main] INFO  com.cloudframe.app.process.Codemove.dispAllVars  376 - AA-W1-BIN-9-84 100
12:10:46.353 [main] INFO  com.cloudframe.app.process.Codemove.dispAllVars  378 - AA-W1-BIN-S9-84 100
12:10:46.353 [main] INFO  com.cloudframe.app.process.Codemove.dispAllVars  380 - AA-W1-BIN-9-124 100
12:10:46.353 [main] INFO  com.cloudframe.app.process.Codemove.dispAllVars  382 - AA-W1-BIN-S9-124 100
12:10:46.353 [main] INFO  com.cloudframe.app.process.Codemove.process22Split94 5108 - ******* AA-W1-COMP-3-9-8 *******
12:10:46.354 [main] INFO  com.cloudframe.app.process.Codemove.dispAllVars  284 - AA-W1-COMP-9-4 1
12:10:46.355 [main] INFO  com.cloudframe.app.process.Codemove.dispAllVars  286 - AA-W1-COMP-S9-4 1
12:10:46.355 [main] INFO  com.cloudframe.app.process.Codemove.dispAllVars  288 - AA-W1-COMP-9-8 1
12:10:46.355 [main] INFO  com.cloudframe.app.process.Codemove.dispAllVars  290 - AA-W1-COMP-S9-8 1
12:10:46.355 [main] INFO  com.cloudframe.app.process.Codemove.dispAllVars  292 - AA-W1-COMP-9-12 1
12:10:46.355 [main] INFO  com.cloudframe.app.process.Codemove.dispAllVars  294 - AA-W1-COMP-S9-12 1
12:10:46.355 [main] INFO  com.cloudframe.app.process.Codemove.dispAllVars  296 - AA-W1-BIN-9-4 1
12:10:46.355 [main] INFO  com.cloudframe.app.process.Codemove.dispAllVars  298 - AA-W1-BIN-S9-4 1
12:10:46.355 [main] INFO  com.cloudframe.app.process.Codemove.dispAllVars  300 - AA-W1-BIN-9-8 1
12:10:46.356 [main] INFO  com.cloudframe.app.process.Codemove.dispAllVars  302 - AA-W1-BIN-S9-8 1
12:10:46.356 [main] INFO  com.cloudframe.app.process.Codemove.dispAllVars  304 - AA-W1-BIN-9-12 1
12:10:46.356 [main] INFO  com.cloudframe.app.process.Codemove.dispAllVars  306 - AA-W1-BIN-S9-12 1
12:10:46.356 [main] INFO  com.cloudframe.app.process.Codemove.dispAllVars  308 - AA-W1-EDIT-9-4    1
12:10:46.356 [main] INFO  com.cloudframe.app.process.Codemove.dispAllVars  310 - AA-W1-EDIT-9-4-NB    1
12:10:46.356 [main] INFO  com.cloudframe.app.process.Codemove.dispAllVars  312 - AA-W1-DISP-9-4 1
12:10:46.356 [main] INFO  com.cloudframe.app.process.Codemove.dispAllVars  314 - AA-W1-DISP-S9-4 1
12:10:46.356 [main] INFO  com.cloudframe.app.process.Codemove.dispAllVars  316 - AA-W1-DISP-9-8 1
12:10:46.357 [main] INFO  com.cloudframe.app.process.Codemove.dispAllVars  318 - AA-W1-DISP-S9-8 1
12:10:46.357 [main] INFO  com.cloudframe.app.process.Codemove.dispAllVars  320 - AA-W1-DISP-9-12 1
12:10:46.357 [main] INFO  com.cloudframe.app.process.Codemove.dispAllVars  322 - AA-W1-DISP-S9-12 1
12:10:46.357 [main] INFO  com.cloudframe.app.process.Codemove.dispAllVars  324 - AA-W1-COMP-3-9-4 1
12:10:46.357 [main] INFO  com.cloudframe.app.process.Codemove.dispAllVars  326 - AA-W1-COMP-3-S9-4 1
12:10:46.357 [main] INFO  com.cloudframe.app.process.Codemove.dispAllVars  328 - AA-W1-COMP-3-9-8 1
12:10:46.357 [main] INFO  com.cloudframe.app.process.Codemove.dispAllVars  330 - AA-W1-COMP-3-S9-8 1
12:10:46.358 [main] INFO  com.cloudframe.app.process.Codemove.dispAllVars  332 - AA-W1-COMP-3-9-12 1
12:10:46.358 [main] INFO  com.cloudframe.app.process.Codemove.dispAllVars  334 - AA-W1-COMP-3-S9-12 1
12:10:46.358 [main] INFO  com.cloudframe.app.process.Codemove.dispAllVars  336 - AA-W1-COMP-3-9-44 100
12:10:46.358 [main] INFO  com.cloudframe.app.process.Codemove.dispAllVars  338 - AA-W1-COMP-3-S9-44 100
12:10:46.358 [main] INFO  com.cloudframe.app.process.Codemove.dispAllVars  340 - AA-W1-COMP-3-9-84 100
12:10:46.358 [main] INFO  com.cloudframe.app.process.Codemove.dispAllVars  342 - AA-W1-COMP-3-S9-84 100
12:10:46.358 [main] INFO  com.cloudframe.app.process.Codemove.dispAllVars  344 - AA-W1-COMP-3-9-124 100
12:10:46.359 [main] INFO  com.cloudframe.app.process.Codemove.dispAllVars  346 - AA-W1-COMP-3-S9-124 100
12:10:46.359 [main] INFO  com.cloudframe.app.process.Codemove.dispAllVars  348 - AA-W1-COMP-9-44 100
12:10:46.359 [main] INFO  com.cloudframe.app.process.Codemove.dispAllVars  350 - AA-W1-COMP-S9-44 100
12:10:46.359 [main] INFO  com.cloudframe.app.process.Codemove.dispAllVars  352 - AA-W1-COMP-9-84 100
12:10:46.359 [main] INFO  com.cloudframe.app.process.Codemove.dispAllVars  354 - AA-W1-COMP-S9-84 100
12:10:46.359 [main] INFO  com.cloudframe.app.process.Codemove.dispAllVars  356 - AA-W1-COMP-9-124 100
12:10:46.359 [main] INFO  com.cloudframe.app.process.Codemove.dispAllVars  358 - AA-W1-COMP-S9-124 100
12:10:46.359 [main] INFO  com.cloudframe.app.process.Codemove.dispAllVars  360 - AA-W1-DISP-9-44 100
12:10:46.360 [main] INFO  com.cloudframe.app.process.Codemove.dispAllVars  362 - AA-W1-DISP-S9-44 100
12:10:46.360 [main] INFO  com.cloudframe.app.process.Codemove.dispAllVars  364 - AA-W1-DISP-9-84 100
12:10:46.360 [main] INFO  com.cloudframe.app.process.Codemove.dispAllVars  366 - AA-W1-DISP-S9-84 100
12:10:46.360 [main] INFO  com.cloudframe.app.process.Codemove.dispAllVars  368 - AA-W1-DISP-9-124 100
12:10:46.360 [main] INFO  com.cloudframe.app.process.Codemove.dispAllVars  370 - AA-W1-DISP-S9-124 100
12:10:46.360 [main] INFO  com.cloudframe.app.process.Codemove.dispAllVars  372 - AA-W1-BIN-9-44 100
12:10:46.360 [main] INFO  com.cloudframe.app.process.Codemove.dispAllVars  374 - AA-W1-BIN-S9-44 100
12:10:46.361 [main] INFO  com.cloudframe.app.process.Codemove.dispAllVars  376 - AA-W1-BIN-9-84 100
12:10:46.361 [main] INFO  com.cloudframe.app.process.Codemove.dispAllVars  378 - AA-W1-BIN-S9-84 100
12:10:46.361 [main] INFO  com.cloudframe.app.process.Codemove.dispAllVars  380 - AA-W1-BIN-9-124 100
12:10:46.361 [main] INFO  com.cloudframe.app.process.Codemove.dispAllVars  382 - AA-W1-BIN-S9-124 100
12:10:46.361 [main] INFO  com.cloudframe.app.process.Codemove.process23Split96 5318 - ****** AA-W1-COMP-3-S9-8 *******
12:10:46.362 [main] INFO  com.cloudframe.app.process.Codemove.dispAllVars  284 - AA-W1-COMP-9-4 1
12:10:46.362 [main] INFO  com.cloudframe.app.process.Codemove.dispAllVars  286 - AA-W1-COMP-S9-4 1
12:10:46.362 [main] INFO  com.cloudframe.app.process.Codemove.dispAllVars  288 - AA-W1-COMP-9-8 1
12:10:46.362 [main] INFO  com.cloudframe.app.process.Codemove.dispAllVars  290 - AA-W1-COMP-S9-8 1
12:10:46.362 [main] INFO  com.cloudframe.app.process.Codemove.dispAllVars  292 - AA-W1-COMP-9-12 1
12:10:46.363 [main] INFO  com.cloudframe.app.process.Codemove.dispAllVars  294 - AA-W1-COMP-S9-12 1
12:10:46.363 [main] INFO  com.cloudframe.app.process.Codemove.dispAllVars  296 - AA-W1-BIN-9-4 1
12:10:46.363 [main] INFO  com.cloudframe.app.process.Codemove.dispAllVars  298 - AA-W1-BIN-S9-4 1
12:10:46.363 [main] INFO  com.cloudframe.app.process.Codemove.dispAllVars  300 - AA-W1-BIN-9-8 1
12:10:46.363 [main] INFO  com.cloudframe.app.process.Codemove.dispAllVars  302 - AA-W1-BIN-S9-8 1
12:10:46.363 [main] INFO  com.cloudframe.app.process.Codemove.dispAllVars  304 - AA-W1-BIN-9-12 1
12:10:46.363 [main] INFO  com.cloudframe.app.process.Codemove.dispAllVars  306 - AA-W1-BIN-S9-12 1
12:10:46.363 [main] INFO  com.cloudframe.app.process.Codemove.dispAllVars  308 - AA-W1-EDIT-9-4    1
12:10:46.364 [main] INFO  com.cloudframe.app.process.Codemove.dispAllVars  310 - AA-W1-EDIT-9-4-NB    1
12:10:46.364 [main] INFO  com.cloudframe.app.process.Codemove.dispAllVars  312 - AA-W1-DISP-9-4 1
12:10:46.364 [main] INFO  com.cloudframe.app.process.Codemove.dispAllVars  314 - AA-W1-DISP-S9-4 1
12:10:46.364 [main] INFO  com.cloudframe.app.process.Codemove.dispAllVars  316 - AA-W1-DISP-9-8 1
12:10:46.364 [main] INFO  com.cloudframe.app.process.Codemove.dispAllVars  318 - AA-W1-DISP-S9-8 1
12:10:46.364 [main] INFO  com.cloudframe.app.process.Codemove.dispAllVars  320 - AA-W1-DISP-9-12 1
12:10:46.364 [main] INFO  com.cloudframe.app.process.Codemove.dispAllVars  322 - AA-W1-DISP-S9-12 1
12:10:46.364 [main] INFO  com.cloudframe.app.process.Codemove.dispAllVars  324 - AA-W1-COMP-3-9-4 1
12:10:46.365 [main] INFO  com.cloudframe.app.process.Codemove.dispAllVars  326 - AA-W1-COMP-3-S9-4 1
12:10:46.365 [main] INFO  com.cloudframe.app.process.Codemove.dispAllVars  328 - AA-W1-COMP-3-9-8 1
12:10:46.365 [main] INFO  com.cloudframe.app.process.Codemove.dispAllVars  330 - AA-W1-COMP-3-S9-8 1
12:10:46.365 [main] INFO  com.cloudframe.app.process.Codemove.dispAllVars  332 - AA-W1-COMP-3-9-12 1
12:10:46.365 [main] INFO  com.cloudframe.app.process.Codemove.dispAllVars  334 - AA-W1-COMP-3-S9-12 1
12:10:46.365 [main] INFO  com.cloudframe.app.process.Codemove.dispAllVars  336 - AA-W1-COMP-3-9-44 100
12:10:46.365 [main] INFO  com.cloudframe.app.process.Codemove.dispAllVars  338 - AA-W1-COMP-3-S9-44 100
12:10:46.366 [main] INFO  com.cloudframe.app.process.Codemove.dispAllVars  340 - AA-W1-COMP-3-9-84 100
12:10:46.366 [main] INFO  com.cloudframe.app.process.Codemove.dispAllVars  342 - AA-W1-COMP-3-S9-84 100
12:10:46.366 [main] INFO  com.cloudframe.app.process.Codemove.dispAllVars  344 - AA-W1-COMP-3-9-124 100
12:10:46.366 [main] INFO  com.cloudframe.app.process.Codemove.dispAllVars  346 - AA-W1-COMP-3-S9-124 100
12:10:46.366 [main] INFO  com.cloudframe.app.process.Codemove.dispAllVars  348 - AA-W1-COMP-9-44 100
12:10:46.366 [main] INFO  com.cloudframe.app.process.Codemove.dispAllVars  350 - AA-W1-COMP-S9-44 100
12:10:46.366 [main] INFO  com.cloudframe.app.process.Codemove.dispAllVars  352 - AA-W1-COMP-9-84 100
12:10:46.366 [main] INFO  com.cloudframe.app.process.Codemove.dispAllVars  354 - AA-W1-COMP-S9-84 100
12:10:46.367 [main] INFO  com.cloudframe.app.process.Codemove.dispAllVars  356 - AA-W1-COMP-9-124 100
12:10:46.367 [main] INFO  com.cloudframe.app.process.Codemove.dispAllVars  358 - AA-W1-COMP-S9-124 100
12:10:46.367 [main] INFO  com.cloudframe.app.process.Codemove.dispAllVars  360 - AA-W1-DISP-9-44 100
12:10:46.367 [main] INFO  com.cloudframe.app.process.Codemove.dispAllVars  362 - AA-W1-DISP-S9-44 100
12:10:46.367 [main] INFO  com.cloudframe.app.process.Codemove.dispAllVars  364 - AA-W1-DISP-9-84 100
12:10:46.367 [main] INFO  com.cloudframe.app.process.Codemove.dispAllVars  366 - AA-W1-DISP-S9-84 100
12:10:46.367 [main] INFO  com.cloudframe.app.process.Codemove.dispAllVars  368 - AA-W1-DISP-9-124 100
12:10:46.368 [main] INFO  com.cloudframe.app.process.Codemove.dispAllVars  370 - AA-W1-DISP-S9-124 100
12:10:46.368 [main] INFO  com.cloudframe.app.process.Codemove.dispAllVars  372 - AA-W1-BIN-9-44 100
12:10:46.369 [main] INFO  com.cloudframe.app.process.Codemove.dispAllVars  374 - AA-W1-BIN-S9-44 100
12:10:46.369 [main] INFO  com.cloudframe.app.process.Codemove.dispAllVars  376 - AA-W1-BIN-9-84 100
12:10:46.369 [main] INFO  com.cloudframe.app.process.Codemove.dispAllVars  378 - AA-W1-BIN-S9-84 100
12:10:46.369 [main] INFO  com.cloudframe.app.process.Codemove.dispAllVars  380 - AA-W1-BIN-9-124 100
12:10:46.369 [main] INFO  com.cloudframe.app.process.Codemove.dispAllVars  382 - AA-W1-BIN-S9-124 100
12:10:46.369 [main] INFO  com.cloudframe.app.process.Codemove.process24Split98 5529 - ***** AA-W1-COMP-3-9-12 ********
12:10:46.370 [main] INFO  com.cloudframe.app.process.Codemove.dispAllVars  284 - AA-W1-COMP-9-4 1
12:10:46.371 [main] INFO  com.cloudframe.app.process.Codemove.dispAllVars  286 - AA-W1-COMP-S9-4 1
12:10:46.371 [main] INFO  com.cloudframe.app.process.Codemove.dispAllVars  288 - AA-W1-COMP-9-8 1
12:10:46.371 [main] INFO  com.cloudframe.app.process.Codemove.dispAllVars  290 - AA-W1-COMP-S9-8 1
12:10:46.371 [main] INFO  com.cloudframe.app.process.Codemove.dispAllVars  292 - AA-W1-COMP-9-12 1
12:10:46.371 [main] INFO  com.cloudframe.app.process.Codemove.dispAllVars  294 - AA-W1-COMP-S9-12 1
12:10:46.371 [main] INFO  com.cloudframe.app.process.Codemove.dispAllVars  296 - AA-W1-BIN-9-4 1
12:10:46.371 [main] INFO  com.cloudframe.app.process.Codemove.dispAllVars  298 - AA-W1-BIN-S9-4 1
12:10:46.371 [main] INFO  com.cloudframe.app.process.Codemove.dispAllVars  300 - AA-W1-BIN-9-8 1
12:10:46.372 [main] INFO  com.cloudframe.app.process.Codemove.dispAllVars  302 - AA-W1-BIN-S9-8 1
12:10:46.372 [main] INFO  com.cloudframe.app.process.Codemove.dispAllVars  304 - AA-W1-BIN-9-12 1
12:10:46.372 [main] INFO  com.cloudframe.app.process.Codemove.dispAllVars  306 - AA-W1-BIN-S9-12 1
12:10:46.372 [main] INFO  com.cloudframe.app.process.Codemove.dispAllVars  308 - AA-W1-EDIT-9-4    1
12:10:46.372 [main] INFO  com.cloudframe.app.process.Codemove.dispAllVars  310 - AA-W1-EDIT-9-4-NB    1
12:10:46.372 [main] INFO  com.cloudframe.app.process.Codemove.dispAllVars  312 - AA-W1-DISP-9-4 1
12:10:46.372 [main] INFO  com.cloudframe.app.process.Codemove.dispAllVars  314 - AA-W1-DISP-S9-4 1
12:10:46.372 [main] INFO  com.cloudframe.app.process.Codemove.dispAllVars  316 - AA-W1-DISP-9-8 1
12:10:46.373 [main] INFO  com.cloudframe.app.process.Codemove.dispAllVars  318 - AA-W1-DISP-S9-8 1
12:10:46.373 [main] INFO  com.cloudframe.app.process.Codemove.dispAllVars  320 - AA-W1-DISP-9-12 1
12:10:46.373 [main] INFO  com.cloudframe.app.process.Codemove.dispAllVars  322 - AA-W1-DISP-S9-12 1
12:10:46.373 [main] INFO  com.cloudframe.app.process.Codemove.dispAllVars  324 - AA-W1-COMP-3-9-4 1
12:10:46.373 [main] INFO  com.cloudframe.app.process.Codemove.dispAllVars  326 - AA-W1-COMP-3-S9-4 1
12:10:46.373 [main] INFO  com.cloudframe.app.process.Codemove.dispAllVars  328 - AA-W1-COMP-3-9-8 1
12:10:46.373 [main] INFO  com.cloudframe.app.process.Codemove.dispAllVars  330 - AA-W1-COMP-3-S9-8 1
12:10:46.374 [main] INFO  com.cloudframe.app.process.Codemove.dispAllVars  332 - AA-W1-COMP-3-9-12 1
12:10:46.374 [main] INFO  com.cloudframe.app.process.Codemove.dispAllVars  334 - AA-W1-COMP-3-S9-12 1
12:10:46.374 [main] INFO  com.cloudframe.app.process.Codemove.dispAllVars  336 - AA-W1-COMP-3-9-44 100
12:10:46.374 [main] INFO  com.cloudframe.app.process.Codemove.dispAllVars  338 - AA-W1-COMP-3-S9-44 100
12:10:46.374 [main] INFO  com.cloudframe.app.process.Codemove.dispAllVars  340 - AA-W1-COMP-3-9-84 100
12:10:46.375 [main] INFO  com.cloudframe.app.process.Codemove.dispAllVars  342 - AA-W1-COMP-3-S9-84 100
12:10:46.375 [main] INFO  com.cloudframe.app.process.Codemove.dispAllVars  344 - AA-W1-COMP-3-9-124 100
12:10:46.375 [main] INFO  com.cloudframe.app.process.Codemove.dispAllVars  346 - AA-W1-COMP-3-S9-124 100
12:10:46.375 [main] INFO  com.cloudframe.app.process.Codemove.dispAllVars  348 - AA-W1-COMP-9-44 100
12:10:46.375 [main] INFO  com.cloudframe.app.process.Codemove.dispAllVars  350 - AA-W1-COMP-S9-44 100
12:10:46.375 [main] INFO  com.cloudframe.app.process.Codemove.dispAllVars  352 - AA-W1-COMP-9-84 100
12:10:46.375 [main] INFO  com.cloudframe.app.process.Codemove.dispAllVars  354 - AA-W1-COMP-S9-84 100
12:10:46.376 [main] INFO  com.cloudframe.app.process.Codemove.dispAllVars  356 - AA-W1-COMP-9-124 100
12:10:46.376 [main] INFO  com.cloudframe.app.process.Codemove.dispAllVars  358 - AA-W1-COMP-S9-124 100
12:10:46.376 [main] INFO  com.cloudframe.app.process.Codemove.dispAllVars  360 - AA-W1-DISP-9-44 100
12:10:46.376 [main] INFO  com.cloudframe.app.process.Codemove.dispAllVars  362 - AA-W1-DISP-S9-44 100
12:10:46.376 [main] INFO  com.cloudframe.app.process.Codemove.dispAllVars  364 - AA-W1-DISP-9-84 100
12:10:46.376 [main] INFO  com.cloudframe.app.process.Codemove.dispAllVars  366 - AA-W1-DISP-S9-84 100
12:10:46.377 [main] INFO  com.cloudframe.app.process.Codemove.dispAllVars  368 - AA-W1-DISP-9-124 100
12:10:46.377 [main] INFO  com.cloudframe.app.process.Codemove.dispAllVars  370 - AA-W1-DISP-S9-124 100
12:10:46.377 [main] INFO  com.cloudframe.app.process.Codemove.dispAllVars  372 - AA-W1-BIN-9-44 100
12:10:46.377 [main] INFO  com.cloudframe.app.process.Codemove.dispAllVars  374 - AA-W1-BIN-S9-44 100
12:10:46.378 [main] INFO  com.cloudframe.app.process.Codemove.dispAllVars  376 - AA-W1-BIN-9-84 100
12:10:46.378 [main] INFO  com.cloudframe.app.process.Codemove.dispAllVars  378 - AA-W1-BIN-S9-84 100
12:10:46.378 [main] INFO  com.cloudframe.app.process.Codemove.dispAllVars  380 - AA-W1-BIN-9-124 100
12:10:46.378 [main] INFO  com.cloudframe.app.process.Codemove.dispAllVars  382 - AA-W1-BIN-S9-124 100
12:10:46.379 [main] INFO  com.cloudframe.app.process.Codemove.process26Split102 5837 - ****** AA-W1-COMP-3-S9-12 ******
12:10:46.380 [main] INFO  com.cloudframe.app.process.Codemove.dispAllVars  284 - AA-W1-COMP-9-4 1
12:10:46.380 [main] INFO  com.cloudframe.app.process.Codemove.dispAllVars  286 - AA-W1-COMP-S9-4 1
12:10:46.380 [main] INFO  com.cloudframe.app.process.Codemove.dispAllVars  288 - AA-W1-COMP-9-8 1
12:10:46.380 [main] INFO  com.cloudframe.app.process.Codemove.dispAllVars  290 - AA-W1-COMP-S9-8 1
12:10:46.380 [main] INFO  com.cloudframe.app.process.Codemove.dispAllVars  292 - AA-W1-COMP-9-12 1
12:10:46.380 [main] INFO  com.cloudframe.app.process.Codemove.dispAllVars  294 - AA-W1-COMP-S9-12 1
12:10:46.380 [main] INFO  com.cloudframe.app.process.Codemove.dispAllVars  296 - AA-W1-BIN-9-4 1
12:10:46.381 [main] INFO  com.cloudframe.app.process.Codemove.dispAllVars  298 - AA-W1-BIN-S9-4 1
12:10:46.381 [main] INFO  com.cloudframe.app.process.Codemove.dispAllVars  300 - AA-W1-BIN-9-8 1
12:10:46.381 [main] INFO  com.cloudframe.app.process.Codemove.dispAllVars  302 - AA-W1-BIN-S9-8 1
12:10:46.381 [main] INFO  com.cloudframe.app.process.Codemove.dispAllVars  304 - AA-W1-BIN-9-12 1
12:10:46.381 [main] INFO  com.cloudframe.app.process.Codemove.dispAllVars  306 - AA-W1-BIN-S9-12 1
12:10:46.381 [main] INFO  com.cloudframe.app.process.Codemove.dispAllVars  308 - AA-W1-EDIT-9-4    1
12:10:46.381 [main] INFO  com.cloudframe.app.process.Codemove.dispAllVars  310 - AA-W1-EDIT-9-4-NB    1
12:10:46.382 [main] INFO  com.cloudframe.app.process.Codemove.dispAllVars  312 - AA-W1-DISP-9-4 1
12:10:46.382 [main] INFO  com.cloudframe.app.process.Codemove.dispAllVars  314 - AA-W1-DISP-S9-4 1
12:10:46.382 [main] INFO  com.cloudframe.app.process.Codemove.dispAllVars  316 - AA-W1-DISP-9-8 1
12:10:46.382 [main] INFO  com.cloudframe.app.process.Codemove.dispAllVars  318 - AA-W1-DISP-S9-8 1
12:10:46.382 [main] INFO  com.cloudframe.app.process.Codemove.dispAllVars  320 - AA-W1-DISP-9-12 1
12:10:46.382 [main] INFO  com.cloudframe.app.process.Codemove.dispAllVars  322 - AA-W1-DISP-S9-12 1
12:10:46.382 [main] INFO  com.cloudframe.app.process.Codemove.dispAllVars  324 - AA-W1-COMP-3-9-4 1
12:10:46.383 [main] INFO  com.cloudframe.app.process.Codemove.dispAllVars  326 - AA-W1-COMP-3-S9-4 1
12:10:46.383 [main] INFO  com.cloudframe.app.process.Codemove.dispAllVars  328 - AA-W1-COMP-3-9-8 1
12:10:46.383 [main] INFO  com.cloudframe.app.process.Codemove.dispAllVars  330 - AA-W1-COMP-3-S9-8 1
12:10:46.383 [main] INFO  com.cloudframe.app.process.Codemove.dispAllVars  332 - AA-W1-COMP-3-9-12 1
12:10:46.383 [main] INFO  com.cloudframe.app.process.Codemove.dispAllVars  334 - AA-W1-COMP-3-S9-12 1
12:10:46.383 [main] INFO  com.cloudframe.app.process.Codemove.dispAllVars  336 - AA-W1-COMP-3-9-44 100
12:10:46.383 [main] INFO  com.cloudframe.app.process.Codemove.dispAllVars  338 - AA-W1-COMP-3-S9-44 100
12:10:46.384 [main] INFO  com.cloudframe.app.process.Codemove.dispAllVars  340 - AA-W1-COMP-3-9-84 100
12:10:46.384 [main] INFO  com.cloudframe.app.process.Codemove.dispAllVars  342 - AA-W1-COMP-3-S9-84 100
12:10:46.384 [main] INFO  com.cloudframe.app.process.Codemove.dispAllVars  344 - AA-W1-COMP-3-9-124 100
12:10:46.384 [main] INFO  com.cloudframe.app.process.Codemove.dispAllVars  346 - AA-W1-COMP-3-S9-124 100
12:10:46.384 [main] INFO  com.cloudframe.app.process.Codemove.dispAllVars  348 - AA-W1-COMP-9-44 100
12:10:46.384 [main] INFO  com.cloudframe.app.process.Codemove.dispAllVars  350 - AA-W1-COMP-S9-44 100
12:10:46.384 [main] INFO  com.cloudframe.app.process.Codemove.dispAllVars  352 - AA-W1-COMP-9-84 100
12:10:46.385 [main] INFO  com.cloudframe.app.process.Codemove.dispAllVars  354 - AA-W1-COMP-S9-84 100
12:10:46.385 [main] INFO  com.cloudframe.app.process.Codemove.dispAllVars  356 - AA-W1-COMP-9-124 100
12:10:46.385 [main] INFO  com.cloudframe.app.process.Codemove.dispAllVars  358 - AA-W1-COMP-S9-124 100
12:10:46.385 [main] INFO  com.cloudframe.app.process.Codemove.dispAllVars  360 - AA-W1-DISP-9-44 100
12:10:46.385 [main] INFO  com.cloudframe.app.process.Codemove.dispAllVars  362 - AA-W1-DISP-S9-44 100
12:10:46.385 [main] INFO  com.cloudframe.app.process.Codemove.dispAllVars  364 - AA-W1-DISP-9-84 100
12:10:46.385 [main] INFO  com.cloudframe.app.process.Codemove.dispAllVars  366 - AA-W1-DISP-S9-84 100
12:10:46.386 [main] INFO  com.cloudframe.app.process.Codemove.dispAllVars  368 - AA-W1-DISP-9-124 100
12:10:46.386 [main] INFO  com.cloudframe.app.process.Codemove.dispAllVars  370 - AA-W1-DISP-S9-124 100
12:10:46.386 [main] INFO  com.cloudframe.app.process.Codemove.dispAllVars  372 - AA-W1-BIN-9-44 100
12:10:46.386 [main] INFO  com.cloudframe.app.process.Codemove.dispAllVars  374 - AA-W1-BIN-S9-44 100
12:10:46.386 [main] INFO  com.cloudframe.app.process.Codemove.dispAllVars  376 - AA-W1-BIN-9-84 100
12:10:46.386 [main] INFO  com.cloudframe.app.process.Codemove.dispAllVars  378 - AA-W1-BIN-S9-84 100
12:10:46.386 [main] INFO  com.cloudframe.app.process.Codemove.dispAllVars  380 - AA-W1-BIN-9-124 100
12:10:46.386 [main] INFO  com.cloudframe.app.process.Codemove.dispAllVars  382 - AA-W1-BIN-S9-124 100
12:10:46.387 [main] INFO  com.cloudframe.app.process.Codemove.process27Split104 6048 - ****** AA-W1-COMP-3-9-44 *******
12:10:46.388 [main] INFO  com.cloudframe.app.process.Codemove.dispAllVars  284 - AA-W1-COMP-9-4 1
12:10:46.388 [main] INFO  com.cloudframe.app.process.Codemove.dispAllVars  286 - AA-W1-COMP-S9-4 1
12:10:46.388 [main] INFO  com.cloudframe.app.process.Codemove.dispAllVars  288 - AA-W1-COMP-9-8 1
12:10:46.388 [main] INFO  com.cloudframe.app.process.Codemove.dispAllVars  290 - AA-W1-COMP-S9-8 1
12:10:46.388 [main] INFO  com.cloudframe.app.process.Codemove.dispAllVars  292 - AA-W1-COMP-9-12 1
12:10:46.388 [main] INFO  com.cloudframe.app.process.Codemove.dispAllVars  294 - AA-W1-COMP-S9-12 1
12:10:46.388 [main] INFO  com.cloudframe.app.process.Codemove.dispAllVars  296 - AA-W1-BIN-9-4 1
12:10:46.389 [main] INFO  com.cloudframe.app.process.Codemove.dispAllVars  298 - AA-W1-BIN-S9-4 1
12:10:46.389 [main] INFO  com.cloudframe.app.process.Codemove.dispAllVars  300 - AA-W1-BIN-9-8 1
12:10:46.389 [main] INFO  com.cloudframe.app.process.Codemove.dispAllVars  302 - AA-W1-BIN-S9-8 1
12:10:46.389 [main] INFO  com.cloudframe.app.process.Codemove.dispAllVars  304 - AA-W1-BIN-9-12 1
12:10:46.389 [main] INFO  com.cloudframe.app.process.Codemove.dispAllVars  306 - AA-W1-BIN-S9-12 1
12:10:46.389 [main] INFO  com.cloudframe.app.process.Codemove.dispAllVars  308 - AA-W1-EDIT-9-4    1
12:10:46.389 [main] INFO  com.cloudframe.app.process.Codemove.dispAllVars  310 - AA-W1-EDIT-9-4-NB    1
12:10:46.389 [main] INFO  com.cloudframe.app.process.Codemove.dispAllVars  312 - AA-W1-DISP-9-4 1
12:10:46.390 [main] INFO  com.cloudframe.app.process.Codemove.dispAllVars  314 - AA-W1-DISP-S9-4 1
12:10:46.390 [main] INFO  com.cloudframe.app.process.Codemove.dispAllVars  316 - AA-W1-DISP-9-8 1
12:10:46.390 [main] INFO  com.cloudframe.app.process.Codemove.dispAllVars  318 - AA-W1-DISP-S9-8 1
12:10:46.390 [main] INFO  com.cloudframe.app.process.Codemove.dispAllVars  320 - AA-W1-DISP-9-12 1
12:10:46.390 [main] INFO  com.cloudframe.app.process.Codemove.dispAllVars  322 - AA-W1-DISP-S9-12 1
12:10:46.391 [main] INFO  com.cloudframe.app.process.Codemove.dispAllVars  324 - AA-W1-COMP-3-9-4 1
12:10:46.391 [main] INFO  com.cloudframe.app.process.Codemove.dispAllVars  326 - AA-W1-COMP-3-S9-4 1
12:10:46.391 [main] INFO  com.cloudframe.app.process.Codemove.dispAllVars  328 - AA-W1-COMP-3-9-8 1
12:10:46.391 [main] INFO  com.cloudframe.app.process.Codemove.dispAllVars  330 - AA-W1-COMP-3-S9-8 1
12:10:46.392 [main] INFO  com.cloudframe.app.process.Codemove.dispAllVars  332 - AA-W1-COMP-3-9-12 1
12:10:46.392 [main] INFO  com.cloudframe.app.process.Codemove.dispAllVars  334 - AA-W1-COMP-3-S9-12 1
12:10:46.392 [main] INFO  com.cloudframe.app.process.Codemove.dispAllVars  336 - AA-W1-COMP-3-9-44 100
12:10:46.393 [main] INFO  com.cloudframe.app.process.Codemove.dispAllVars  338 - AA-W1-COMP-3-S9-44 100
12:10:46.393 [main] INFO  com.cloudframe.app.process.Codemove.dispAllVars  340 - AA-W1-COMP-3-9-84 100
12:10:46.393 [main] INFO  com.cloudframe.app.process.Codemove.dispAllVars  342 - AA-W1-COMP-3-S9-84 100
12:10:46.393 [main] INFO  com.cloudframe.app.process.Codemove.dispAllVars  344 - AA-W1-COMP-3-9-124 100
12:10:46.394 [main] INFO  com.cloudframe.app.process.Codemove.dispAllVars  346 - AA-W1-COMP-3-S9-124 100
12:10:46.394 [main] INFO  com.cloudframe.app.process.Codemove.dispAllVars  348 - AA-W1-COMP-9-44 100
12:10:46.394 [main] INFO  com.cloudframe.app.process.Codemove.dispAllVars  350 - AA-W1-COMP-S9-44 100
12:10:46.394 [main] INFO  com.cloudframe.app.process.Codemove.dispAllVars  352 - AA-W1-COMP-9-84 100
12:10:46.395 [main] INFO  com.cloudframe.app.process.Codemove.dispAllVars  354 - AA-W1-COMP-S9-84 100
12:10:46.395 [main] INFO  com.cloudframe.app.process.Codemove.dispAllVars  356 - AA-W1-COMP-9-124 100
12:10:46.395 [main] INFO  com.cloudframe.app.process.Codemove.dispAllVars  358 - AA-W1-COMP-S9-124 100
12:10:46.395 [main] INFO  com.cloudframe.app.process.Codemove.dispAllVars  360 - AA-W1-DISP-9-44 100
12:10:46.396 [main] INFO  com.cloudframe.app.process.Codemove.dispAllVars  362 - AA-W1-DISP-S9-44 100
12:10:46.396 [main] INFO  com.cloudframe.app.process.Codemove.dispAllVars  364 - AA-W1-DISP-9-84 100
12:10:46.396 [main] INFO  com.cloudframe.app.process.Codemove.dispAllVars  366 - AA-W1-DISP-S9-84 100
12:10:46.396 [main] INFO  com.cloudframe.app.process.Codemove.dispAllVars  368 - AA-W1-DISP-9-124 100
12:10:46.397 [main] INFO  com.cloudframe.app.process.Codemove.dispAllVars  370 - AA-W1-DISP-S9-124 100
12:10:46.397 [main] INFO  com.cloudframe.app.process.Codemove.dispAllVars  372 - AA-W1-BIN-9-44 100
12:10:46.397 [main] INFO  com.cloudframe.app.process.Codemove.dispAllVars  374 - AA-W1-BIN-S9-44 100
12:10:46.397 [main] INFO  com.cloudframe.app.process.Codemove.dispAllVars  376 - AA-W1-BIN-9-84 100
12:10:46.398 [main] INFO  com.cloudframe.app.process.Codemove.dispAllVars  378 - AA-W1-BIN-S9-84 100
12:10:46.398 [main] INFO  com.cloudframe.app.process.Codemove.dispAllVars  380 - AA-W1-BIN-9-124 100
12:10:46.398 [main] INFO  com.cloudframe.app.process.Codemove.dispAllVars  382 - AA-W1-BIN-S9-124 100
12:10:46.398 [main] INFO  com.cloudframe.app.process.Codemove.process28Split106 6259 - ****** AA-W1-COMP-3-S9-44 ******
12:10:46.399 [main] INFO  com.cloudframe.app.process.Codemove.dispAllVars  284 - AA-W1-COMP-9-4 1
12:10:46.399 [main] INFO  com.cloudframe.app.process.Codemove.dispAllVars  286 - AA-W1-COMP-S9-4 1
12:10:46.399 [main] INFO  com.cloudframe.app.process.Codemove.dispAllVars  288 - AA-W1-COMP-9-8 1
12:10:46.400 [main] INFO  com.cloudframe.app.process.Codemove.dispAllVars  290 - AA-W1-COMP-S9-8 1
12:10:46.400 [main] INFO  com.cloudframe.app.process.Codemove.dispAllVars  292 - AA-W1-COMP-9-12 1
12:10:46.400 [main] INFO  com.cloudframe.app.process.Codemove.dispAllVars  294 - AA-W1-COMP-S9-12 1
12:10:46.400 [main] INFO  com.cloudframe.app.process.Codemove.dispAllVars  296 - AA-W1-BIN-9-4 1
12:10:46.400 [main] INFO  com.cloudframe.app.process.Codemove.dispAllVars  298 - AA-W1-BIN-S9-4 1
12:10:46.401 [main] INFO  com.cloudframe.app.process.Codemove.dispAllVars  300 - AA-W1-BIN-9-8 1
12:10:46.401 [main] INFO  com.cloudframe.app.process.Codemove.dispAllVars  302 - AA-W1-BIN-S9-8 1
12:10:46.401 [main] INFO  com.cloudframe.app.process.Codemove.dispAllVars  304 - AA-W1-BIN-9-12 1
12:10:46.401 [main] INFO  com.cloudframe.app.process.Codemove.dispAllVars  306 - AA-W1-BIN-S9-12 1
12:10:46.401 [main] INFO  com.cloudframe.app.process.Codemove.dispAllVars  308 - AA-W1-EDIT-9-4    1
12:10:46.401 [main] INFO  com.cloudframe.app.process.Codemove.dispAllVars  310 - AA-W1-EDIT-9-4-NB    1
12:10:46.402 [main] INFO  com.cloudframe.app.process.Codemove.dispAllVars  312 - AA-W1-DISP-9-4 1
12:10:46.402 [main] INFO  com.cloudframe.app.process.Codemove.dispAllVars  314 - AA-W1-DISP-S9-4 1
12:10:46.402 [main] INFO  com.cloudframe.app.process.Codemove.dispAllVars  316 - AA-W1-DISP-9-8 1
12:10:46.402 [main] INFO  com.cloudframe.app.process.Codemove.dispAllVars  318 - AA-W1-DISP-S9-8 1
12:10:46.402 [main] INFO  com.cloudframe.app.process.Codemove.dispAllVars  320 - AA-W1-DISP-9-12 1
12:10:46.402 [main] INFO  com.cloudframe.app.process.Codemove.dispAllVars  322 - AA-W1-DISP-S9-12 1
12:10:46.403 [main] INFO  com.cloudframe.app.process.Codemove.dispAllVars  324 - AA-W1-COMP-3-9-4 1
12:10:46.403 [main] INFO  com.cloudframe.app.process.Codemove.dispAllVars  326 - AA-W1-COMP-3-S9-4 1
12:10:46.403 [main] INFO  com.cloudframe.app.process.Codemove.dispAllVars  328 - AA-W1-COMP-3-9-8 1
12:10:46.403 [main] INFO  com.cloudframe.app.process.Codemove.dispAllVars  330 - AA-W1-COMP-3-S9-8 1
12:10:46.403 [main] INFO  com.cloudframe.app.process.Codemove.dispAllVars  332 - AA-W1-COMP-3-9-12 1
12:10:46.403 [main] INFO  com.cloudframe.app.process.Codemove.dispAllVars  334 - AA-W1-COMP-3-S9-12 1
12:10:46.403 [main] INFO  com.cloudframe.app.process.Codemove.dispAllVars  336 - AA-W1-COMP-3-9-44 100
12:10:46.404 [main] INFO  com.cloudframe.app.process.Codemove.dispAllVars  338 - AA-W1-COMP-3-S9-44 100
12:10:46.404 [main] INFO  com.cloudframe.app.process.Codemove.dispAllVars  340 - AA-W1-COMP-3-9-84 100
12:10:46.404 [main] INFO  com.cloudframe.app.process.Codemove.dispAllVars  342 - AA-W1-COMP-3-S9-84 100
12:10:46.404 [main] INFO  com.cloudframe.app.process.Codemove.dispAllVars  344 - AA-W1-COMP-3-9-124 100
12:10:46.404 [main] INFO  com.cloudframe.app.process.Codemove.dispAllVars  346 - AA-W1-COMP-3-S9-124 100
12:10:46.404 [main] INFO  com.cloudframe.app.process.Codemove.dispAllVars  348 - AA-W1-COMP-9-44 100
12:10:46.405 [main] INFO  com.cloudframe.app.process.Codemove.dispAllVars  350 - AA-W1-COMP-S9-44 100
12:10:46.405 [main] INFO  com.cloudframe.app.process.Codemove.dispAllVars  352 - AA-W1-COMP-9-84 100
12:10:46.405 [main] INFO  com.cloudframe.app.process.Codemove.dispAllVars  354 - AA-W1-COMP-S9-84 100
12:10:46.405 [main] INFO  com.cloudframe.app.process.Codemove.dispAllVars  356 - AA-W1-COMP-9-124 100
12:10:46.405 [main] INFO  com.cloudframe.app.process.Codemove.dispAllVars  358 - AA-W1-COMP-S9-124 100
12:10:46.405 [main] INFO  com.cloudframe.app.process.Codemove.dispAllVars  360 - AA-W1-DISP-9-44 100
12:10:46.406 [main] INFO  com.cloudframe.app.process.Codemove.dispAllVars  362 - AA-W1-DISP-S9-44 100
12:10:46.406 [main] INFO  com.cloudframe.app.process.Codemove.dispAllVars  364 - AA-W1-DISP-9-84 100
12:10:46.406 [main] INFO  com.cloudframe.app.process.Codemove.dispAllVars  366 - AA-W1-DISP-S9-84 100
12:10:46.406 [main] INFO  com.cloudframe.app.process.Codemove.dispAllVars  368 - AA-W1-DISP-9-124 100
12:10:46.407 [main] INFO  com.cloudframe.app.process.Codemove.dispAllVars  370 - AA-W1-DISP-S9-124 100
12:10:46.407 [main] INFO  com.cloudframe.app.process.Codemove.dispAllVars  372 - AA-W1-BIN-9-44 100
12:10:46.407 [main] INFO  com.cloudframe.app.process.Codemove.dispAllVars  374 - AA-W1-BIN-S9-44 100
12:10:46.407 [main] INFO  com.cloudframe.app.process.Codemove.dispAllVars  376 - AA-W1-BIN-9-84 100
12:10:46.407 [main] INFO  com.cloudframe.app.process.Codemove.dispAllVars  378 - AA-W1-BIN-S9-84 100
12:10:46.408 [main] INFO  com.cloudframe.app.process.Codemove.dispAllVars  380 - AA-W1-BIN-9-124 100
12:10:46.408 [main] INFO  com.cloudframe.app.process.Codemove.dispAllVars  382 - AA-W1-BIN-S9-124 100
12:10:46.408 [main] INFO  com.cloudframe.app.process.Codemove.process29Split108 6470 - ****** AA-W1-COMP-3-9-84 *******
12:10:46.409 [main] INFO  com.cloudframe.app.process.Codemove.dispAllVars  284 - AA-W1-COMP-9-4 1
12:10:46.410 [main] INFO  com.cloudframe.app.process.Codemove.dispAllVars  286 - AA-W1-COMP-S9-4 1
12:10:46.410 [main] INFO  com.cloudframe.app.process.Codemove.dispAllVars  288 - AA-W1-COMP-9-8 1
12:10:46.410 [main] INFO  com.cloudframe.app.process.Codemove.dispAllVars  290 - AA-W1-COMP-S9-8 1
12:10:46.410 [main] INFO  com.cloudframe.app.process.Codemove.dispAllVars  292 - AA-W1-COMP-9-12 1
12:10:46.410 [main] INFO  com.cloudframe.app.process.Codemove.dispAllVars  294 - AA-W1-COMP-S9-12 1
12:10:46.410 [main] INFO  com.cloudframe.app.process.Codemove.dispAllVars  296 - AA-W1-BIN-9-4 1
12:10:46.411 [main] INFO  com.cloudframe.app.process.Codemove.dispAllVars  298 - AA-W1-BIN-S9-4 1
12:10:46.411 [main] INFO  com.cloudframe.app.process.Codemove.dispAllVars  300 - AA-W1-BIN-9-8 1
12:10:46.411 [main] INFO  com.cloudframe.app.process.Codemove.dispAllVars  302 - AA-W1-BIN-S9-8 1
12:10:46.411 [main] INFO  com.cloudframe.app.process.Codemove.dispAllVars  304 - AA-W1-BIN-9-12 1
12:10:46.411 [main] INFO  com.cloudframe.app.process.Codemove.dispAllVars  306 - AA-W1-BIN-S9-12 1
12:10:46.411 [main] INFO  com.cloudframe.app.process.Codemove.dispAllVars  308 - AA-W1-EDIT-9-4    1
12:10:46.411 [main] INFO  com.cloudframe.app.process.Codemove.dispAllVars  310 - AA-W1-EDIT-9-4-NB    1
12:10:46.412 [main] INFO  com.cloudframe.app.process.Codemove.dispAllVars  312 - AA-W1-DISP-9-4 1
12:10:46.412 [main] INFO  com.cloudframe.app.process.Codemove.dispAllVars  314 - AA-W1-DISP-S9-4 1
12:10:46.412 [main] INFO  com.cloudframe.app.process.Codemove.dispAllVars  316 - AA-W1-DISP-9-8 1
12:10:46.412 [main] INFO  com.cloudframe.app.process.Codemove.dispAllVars  318 - AA-W1-DISP-S9-8 1
12:10:46.412 [main] INFO  com.cloudframe.app.process.Codemove.dispAllVars  320 - AA-W1-DISP-9-12 1
12:10:46.412 [main] INFO  com.cloudframe.app.process.Codemove.dispAllVars  322 - AA-W1-DISP-S9-12 1
12:10:46.412 [main] INFO  com.cloudframe.app.process.Codemove.dispAllVars  324 - AA-W1-COMP-3-9-4 1
12:10:46.413 [main] INFO  com.cloudframe.app.process.Codemove.dispAllVars  326 - AA-W1-COMP-3-S9-4 1
12:10:46.413 [main] INFO  com.cloudframe.app.process.Codemove.dispAllVars  328 - AA-W1-COMP-3-9-8 1
12:10:46.413 [main] INFO  com.cloudframe.app.process.Codemove.dispAllVars  330 - AA-W1-COMP-3-S9-8 1
12:10:46.413 [main] INFO  com.cloudframe.app.process.Codemove.dispAllVars  332 - AA-W1-COMP-3-9-12 1
12:10:46.413 [main] INFO  com.cloudframe.app.process.Codemove.dispAllVars  334 - AA-W1-COMP-3-S9-12 1
12:10:46.413 [main] INFO  com.cloudframe.app.process.Codemove.dispAllVars  336 - AA-W1-COMP-3-9-44 100
12:10:46.413 [main] INFO  com.cloudframe.app.process.Codemove.dispAllVars  338 - AA-W1-COMP-3-S9-44 100
12:10:46.414 [main] INFO  com.cloudframe.app.process.Codemove.dispAllVars  340 - AA-W1-COMP-3-9-84 100
12:10:46.414 [main] INFO  com.cloudframe.app.process.Codemove.dispAllVars  342 - AA-W1-COMP-3-S9-84 100
12:10:46.414 [main] INFO  com.cloudframe.app.process.Codemove.dispAllVars  344 - AA-W1-COMP-3-9-124 100
12:10:46.414 [main] INFO  com.cloudframe.app.process.Codemove.dispAllVars  346 - AA-W1-COMP-3-S9-124 100
12:10:46.414 [main] INFO  com.cloudframe.app.process.Codemove.dispAllVars  348 - AA-W1-COMP-9-44 100
12:10:46.414 [main] INFO  com.cloudframe.app.process.Codemove.dispAllVars  350 - AA-W1-COMP-S9-44 100
12:10:46.414 [main] INFO  com.cloudframe.app.process.Codemove.dispAllVars  352 - AA-W1-COMP-9-84 100
12:10:46.415 [main] INFO  com.cloudframe.app.process.Codemove.dispAllVars  354 - AA-W1-COMP-S9-84 100
12:10:46.415 [main] INFO  com.cloudframe.app.process.Codemove.dispAllVars  356 - AA-W1-COMP-9-124 100
12:10:46.415 [main] INFO  com.cloudframe.app.process.Codemove.dispAllVars  358 - AA-W1-COMP-S9-124 100
12:10:46.415 [main] INFO  com.cloudframe.app.process.Codemove.dispAllVars  360 - AA-W1-DISP-9-44 100
12:10:46.415 [main] INFO  com.cloudframe.app.process.Codemove.dispAllVars  362 - AA-W1-DISP-S9-44 100
12:10:46.415 [main] INFO  com.cloudframe.app.process.Codemove.dispAllVars  364 - AA-W1-DISP-9-84 100
12:10:46.415 [main] INFO  com.cloudframe.app.process.Codemove.dispAllVars  366 - AA-W1-DISP-S9-84 100
12:10:46.416 [main] INFO  com.cloudframe.app.process.Codemove.dispAllVars  368 - AA-W1-DISP-9-124 100
12:10:46.416 [main] INFO  com.cloudframe.app.process.Codemove.dispAllVars  370 - AA-W1-DISP-S9-124 100
12:10:46.416 [main] INFO  com.cloudframe.app.process.Codemove.dispAllVars  372 - AA-W1-BIN-9-44 100
12:10:46.416 [main] INFO  com.cloudframe.app.process.Codemove.dispAllVars  374 - AA-W1-BIN-S9-44 100
12:10:46.416 [main] INFO  com.cloudframe.app.process.Codemove.dispAllVars  376 - AA-W1-BIN-9-84 100
12:10:46.417 [main] INFO  com.cloudframe.app.process.Codemove.dispAllVars  378 - AA-W1-BIN-S9-84 100
12:10:46.417 [main] INFO  com.cloudframe.app.process.Codemove.dispAllVars  380 - AA-W1-BIN-9-124 100
12:10:46.417 [main] INFO  com.cloudframe.app.process.Codemove.dispAllVars  382 - AA-W1-BIN-S9-124 100
12:10:46.417 [main] INFO  com.cloudframe.app.process.Codemove.process30Split110 6681 - ******* AA-W1-COMP-3-S9-84 *****
12:10:46.418 [main] INFO  com.cloudframe.app.process.Codemove.dispAllVars  284 - AA-W1-COMP-9-4 1
12:10:46.418 [main] INFO  com.cloudframe.app.process.Codemove.dispAllVars  286 - AA-W1-COMP-S9-4 1
12:10:46.419 [main] INFO  com.cloudframe.app.process.Codemove.dispAllVars  288 - AA-W1-COMP-9-8 1
12:10:46.419 [main] INFO  com.cloudframe.app.process.Codemove.dispAllVars  290 - AA-W1-COMP-S9-8 1
12:10:46.419 [main] INFO  com.cloudframe.app.process.Codemove.dispAllVars  292 - AA-W1-COMP-9-12 1
12:10:46.419 [main] INFO  com.cloudframe.app.process.Codemove.dispAllVars  294 - AA-W1-COMP-S9-12 1
12:10:46.419 [main] INFO  com.cloudframe.app.process.Codemove.dispAllVars  296 - AA-W1-BIN-9-4 1
12:10:46.419 [main] INFO  com.cloudframe.app.process.Codemove.dispAllVars  298 - AA-W1-BIN-S9-4 1
12:10:46.419 [main] INFO  com.cloudframe.app.process.Codemove.dispAllVars  300 - AA-W1-BIN-9-8 1
12:10:46.420 [main] INFO  com.cloudframe.app.process.Codemove.dispAllVars  302 - AA-W1-BIN-S9-8 1
12:10:46.420 [main] INFO  com.cloudframe.app.process.Codemove.dispAllVars  304 - AA-W1-BIN-9-12 1
12:10:46.420 [main] INFO  com.cloudframe.app.process.Codemove.dispAllVars  306 - AA-W1-BIN-S9-12 1
12:10:46.420 [main] INFO  com.cloudframe.app.process.Codemove.dispAllVars  308 - AA-W1-EDIT-9-4    1
12:10:46.420 [main] INFO  com.cloudframe.app.process.Codemove.dispAllVars  310 - AA-W1-EDIT-9-4-NB    1
12:10:46.421 [main] INFO  com.cloudframe.app.process.Codemove.dispAllVars  312 - AA-W1-DISP-9-4 1
12:10:46.421 [main] INFO  com.cloudframe.app.process.Codemove.dispAllVars  314 - AA-W1-DISP-S9-4 1
12:10:46.421 [main] INFO  com.cloudframe.app.process.Codemove.dispAllVars  316 - AA-W1-DISP-9-8 1
12:10:46.421 [main] INFO  com.cloudframe.app.process.Codemove.dispAllVars  318 - AA-W1-DISP-S9-8 1
12:10:46.421 [main] INFO  com.cloudframe.app.process.Codemove.dispAllVars  320 - AA-W1-DISP-9-12 1
12:10:46.421 [main] INFO  com.cloudframe.app.process.Codemove.dispAllVars  322 - AA-W1-DISP-S9-12 1
12:10:46.422 [main] INFO  com.cloudframe.app.process.Codemove.dispAllVars  324 - AA-W1-COMP-3-9-4 1
12:10:46.422 [main] INFO  com.cloudframe.app.process.Codemove.dispAllVars  326 - AA-W1-COMP-3-S9-4 1
12:10:46.422 [main] INFO  com.cloudframe.app.process.Codemove.dispAllVars  328 - AA-W1-COMP-3-9-8 1
12:10:46.422 [main] INFO  com.cloudframe.app.process.Codemove.dispAllVars  330 - AA-W1-COMP-3-S9-8 1
12:10:46.422 [main] INFO  com.cloudframe.app.process.Codemove.dispAllVars  332 - AA-W1-COMP-3-9-12 1
12:10:46.422 [main] INFO  com.cloudframe.app.process.Codemove.dispAllVars  334 - AA-W1-COMP-3-S9-12 1
12:10:46.423 [main] INFO  com.cloudframe.app.process.Codemove.dispAllVars  336 - AA-W1-COMP-3-9-44 100
12:10:46.423 [main] INFO  com.cloudframe.app.process.Codemove.dispAllVars  338 - AA-W1-COMP-3-S9-44 100
12:10:46.423 [main] INFO  com.cloudframe.app.process.Codemove.dispAllVars  340 - AA-W1-COMP-3-9-84 100
12:10:46.423 [main] INFO  com.cloudframe.app.process.Codemove.dispAllVars  342 - AA-W1-COMP-3-S9-84 100
12:10:46.423 [main] INFO  com.cloudframe.app.process.Codemove.dispAllVars  344 - AA-W1-COMP-3-9-124 100
12:10:46.423 [main] INFO  com.cloudframe.app.process.Codemove.dispAllVars  346 - AA-W1-COMP-3-S9-124 100
12:10:46.424 [main] INFO  com.cloudframe.app.process.Codemove.dispAllVars  348 - AA-W1-COMP-9-44 100
12:10:46.424 [main] INFO  com.cloudframe.app.process.Codemove.dispAllVars  350 - AA-W1-COMP-S9-44 100
12:10:46.424 [main] INFO  com.cloudframe.app.process.Codemove.dispAllVars  352 - AA-W1-COMP-9-84 100
12:10:46.424 [main] INFO  com.cloudframe.app.process.Codemove.dispAllVars  354 - AA-W1-COMP-S9-84 100
12:10:46.424 [main] INFO  com.cloudframe.app.process.Codemove.dispAllVars  356 - AA-W1-COMP-9-124 100
12:10:46.424 [main] INFO  com.cloudframe.app.process.Codemove.dispAllVars  358 - AA-W1-COMP-S9-124 100
12:10:46.424 [main] INFO  com.cloudframe.app.process.Codemove.dispAllVars  360 - AA-W1-DISP-9-44 100
12:10:46.425 [main] INFO  com.cloudframe.app.process.Codemove.dispAllVars  362 - AA-W1-DISP-S9-44 100
12:10:46.425 [main] INFO  com.cloudframe.app.process.Codemove.dispAllVars  364 - AA-W1-DISP-9-84 100
12:10:46.425 [main] INFO  com.cloudframe.app.process.Codemove.dispAllVars  366 - AA-W1-DISP-S9-84 100
12:10:46.425 [main] INFO  com.cloudframe.app.process.Codemove.dispAllVars  368 - AA-W1-DISP-9-124 100
12:10:46.425 [main] INFO  com.cloudframe.app.process.Codemove.dispAllVars  370 - AA-W1-DISP-S9-124 100
12:10:46.425 [main] INFO  com.cloudframe.app.process.Codemove.dispAllVars  372 - AA-W1-BIN-9-44 100
12:10:46.426 [main] INFO  com.cloudframe.app.process.Codemove.dispAllVars  374 - AA-W1-BIN-S9-44 100
12:10:46.426 [main] INFO  com.cloudframe.app.process.Codemove.dispAllVars  376 - AA-W1-BIN-9-84 100
12:10:46.426 [main] INFO  com.cloudframe.app.process.Codemove.dispAllVars  378 - AA-W1-BIN-S9-84 100
12:10:46.426 [main] INFO  com.cloudframe.app.process.Codemove.dispAllVars  380 - AA-W1-BIN-9-124 100
12:10:46.426 [main] INFO  com.cloudframe.app.process.Codemove.dispAllVars  382 - AA-W1-BIN-S9-124 100
12:10:46.426 [main] INFO  com.cloudframe.app.process.Codemove.process31Split112 6892 - ******* AA-W1-COMP-3-9-124 *****
12:10:46.428 [main] INFO  com.cloudframe.app.process.Codemove.dispAllVars  284 - AA-W1-COMP-9-4 1
12:10:46.428 [main] INFO  com.cloudframe.app.process.Codemove.dispAllVars  286 - AA-W1-COMP-S9-4 1
12:10:46.428 [main] INFO  com.cloudframe.app.process.Codemove.dispAllVars  288 - AA-W1-COMP-9-8 1
12:10:46.428 [main] INFO  com.cloudframe.app.process.Codemove.dispAllVars  290 - AA-W1-COMP-S9-8 1
12:10:46.428 [main] INFO  com.cloudframe.app.process.Codemove.dispAllVars  292 - AA-W1-COMP-9-12 1
12:10:46.428 [main] INFO  com.cloudframe.app.process.Codemove.dispAllVars  294 - AA-W1-COMP-S9-12 1
12:10:46.429 [main] INFO  com.cloudframe.app.process.Codemove.dispAllVars  296 - AA-W1-BIN-9-4 1
12:10:46.429 [main] INFO  com.cloudframe.app.process.Codemove.dispAllVars  298 - AA-W1-BIN-S9-4 1
12:10:46.429 [main] INFO  com.cloudframe.app.process.Codemove.dispAllVars  300 - AA-W1-BIN-9-8 1
12:10:46.429 [main] INFO  com.cloudframe.app.process.Codemove.dispAllVars  302 - AA-W1-BIN-S9-8 1
12:10:46.429 [main] INFO  com.cloudframe.app.process.Codemove.dispAllVars  304 - AA-W1-BIN-9-12 1
12:10:46.429 [main] INFO  com.cloudframe.app.process.Codemove.dispAllVars  306 - AA-W1-BIN-S9-12 1
12:10:46.430 [main] INFO  com.cloudframe.app.process.Codemove.dispAllVars  308 - AA-W1-EDIT-9-4    1
12:10:46.430 [main] INFO  com.cloudframe.app.process.Codemove.dispAllVars  310 - AA-W1-EDIT-9-4-NB    1
12:10:46.430 [main] INFO  com.cloudframe.app.process.Codemove.dispAllVars  312 - AA-W1-DISP-9-4 1
12:10:46.430 [main] INFO  com.cloudframe.app.process.Codemove.dispAllVars  314 - AA-W1-DISP-S9-4 1
12:10:46.430 [main] INFO  com.cloudframe.app.process.Codemove.dispAllVars  316 - AA-W1-DISP-9-8 1
12:10:46.430 [main] INFO  com.cloudframe.app.process.Codemove.dispAllVars  318 - AA-W1-DISP-S9-8 1
12:10:46.431 [main] INFO  com.cloudframe.app.process.Codemove.dispAllVars  320 - AA-W1-DISP-9-12 1
12:10:46.431 [main] INFO  com.cloudframe.app.process.Codemove.dispAllVars  322 - AA-W1-DISP-S9-12 1
12:10:46.431 [main] INFO  com.cloudframe.app.process.Codemove.dispAllVars  324 - AA-W1-COMP-3-9-4 1
12:10:46.431 [main] INFO  com.cloudframe.app.process.Codemove.dispAllVars  326 - AA-W1-COMP-3-S9-4 1
12:10:46.431 [main] INFO  com.cloudframe.app.process.Codemove.dispAllVars  328 - AA-W1-COMP-3-9-8 1
12:10:46.431 [main] INFO  com.cloudframe.app.process.Codemove.dispAllVars  330 - AA-W1-COMP-3-S9-8 1
12:10:46.432 [main] INFO  com.cloudframe.app.process.Codemove.dispAllVars  332 - AA-W1-COMP-3-9-12 1
12:10:46.432 [main] INFO  com.cloudframe.app.process.Codemove.dispAllVars  334 - AA-W1-COMP-3-S9-12 1
12:10:46.432 [main] INFO  com.cloudframe.app.process.Codemove.dispAllVars  336 - AA-W1-COMP-3-9-44 100
12:10:46.432 [main] INFO  com.cloudframe.app.process.Codemove.dispAllVars  338 - AA-W1-COMP-3-S9-44 100
12:10:46.432 [main] INFO  com.cloudframe.app.process.Codemove.dispAllVars  340 - AA-W1-COMP-3-9-84 100
12:10:46.432 [main] INFO  com.cloudframe.app.process.Codemove.dispAllVars  342 - AA-W1-COMP-3-S9-84 100
12:10:46.433 [main] INFO  com.cloudframe.app.process.Codemove.dispAllVars  344 - AA-W1-COMP-3-9-124 100
12:10:46.433 [main] INFO  com.cloudframe.app.process.Codemove.dispAllVars  346 - AA-W1-COMP-3-S9-124 100
12:10:46.433 [main] INFO  com.cloudframe.app.process.Codemove.dispAllVars  348 - AA-W1-COMP-9-44 100
12:10:46.433 [main] INFO  com.cloudframe.app.process.Codemove.dispAllVars  350 - AA-W1-COMP-S9-44 100
12:10:46.433 [main] INFO  com.cloudframe.app.process.Codemove.dispAllVars  352 - AA-W1-COMP-9-84 100
12:10:46.433 [main] INFO  com.cloudframe.app.process.Codemove.dispAllVars  354 - AA-W1-COMP-S9-84 100
12:10:46.433 [main] INFO  com.cloudframe.app.process.Codemove.dispAllVars  356 - AA-W1-COMP-9-124 100
12:10:46.434 [main] INFO  com.cloudframe.app.process.Codemove.dispAllVars  358 - AA-W1-COMP-S9-124 100
12:10:46.434 [main] INFO  com.cloudframe.app.process.Codemove.dispAllVars  360 - AA-W1-DISP-9-44 100
12:10:46.434 [main] INFO  com.cloudframe.app.process.Codemove.dispAllVars  362 - AA-W1-DISP-S9-44 100
12:10:46.434 [main] INFO  com.cloudframe.app.process.Codemove.dispAllVars  364 - AA-W1-DISP-9-84 100
12:10:46.434 [main] INFO  com.cloudframe.app.process.Codemove.dispAllVars  366 - AA-W1-DISP-S9-84 100
12:10:46.434 [main] INFO  com.cloudframe.app.process.Codemove.dispAllVars  368 - AA-W1-DISP-9-124 100
12:10:46.435 [main] INFO  com.cloudframe.app.process.Codemove.dispAllVars  370 - AA-W1-DISP-S9-124 100
12:10:46.435 [main] INFO  com.cloudframe.app.process.Codemove.dispAllVars  372 - AA-W1-BIN-9-44 100
12:10:46.435 [main] INFO  com.cloudframe.app.process.Codemove.dispAllVars  374 - AA-W1-BIN-S9-44 100
12:10:46.435 [main] INFO  com.cloudframe.app.process.Codemove.dispAllVars  376 - AA-W1-BIN-9-84 100
12:10:46.435 [main] INFO  com.cloudframe.app.process.Codemove.dispAllVars  378 - AA-W1-BIN-S9-84 100
12:10:46.435 [main] INFO  com.cloudframe.app.process.Codemove.dispAllVars  380 - AA-W1-BIN-9-124 100
12:10:46.436 [main] INFO  com.cloudframe.app.process.Codemove.dispAllVars  382 - AA-W1-BIN-S9-124 100
12:10:46.436 [main] INFO  com.cloudframe.app.process.Codemove.process32Split114 7103 - ******* AA-W1-COMP-3-S9-124 ****
12:10:46.437 [main] INFO  com.cloudframe.app.process.Codemove.dispAllVars  284 - AA-W1-COMP-9-4 1
12:10:46.437 [main] INFO  com.cloudframe.app.process.Codemove.dispAllVars  286 - AA-W1-COMP-S9-4 1
12:10:46.438 [main] INFO  com.cloudframe.app.process.Codemove.dispAllVars  288 - AA-W1-COMP-9-8 1
12:10:46.438 [main] INFO  com.cloudframe.app.process.Codemove.dispAllVars  290 - AA-W1-COMP-S9-8 1
12:10:46.438 [main] INFO  com.cloudframe.app.process.Codemove.dispAllVars  292 - AA-W1-COMP-9-12 1
12:10:46.438 [main] INFO  com.cloudframe.app.process.Codemove.dispAllVars  294 - AA-W1-COMP-S9-12 1
12:10:46.439 [main] INFO  com.cloudframe.app.process.Codemove.dispAllVars  296 - AA-W1-BIN-9-4 1
12:10:46.439 [main] INFO  com.cloudframe.app.process.Codemove.dispAllVars  298 - AA-W1-BIN-S9-4 1
12:10:46.439 [main] INFO  com.cloudframe.app.process.Codemove.dispAllVars  300 - AA-W1-BIN-9-8 1
12:10:46.439 [main] INFO  com.cloudframe.app.process.Codemove.dispAllVars  302 - AA-W1-BIN-S9-8 1
12:10:46.440 [main] INFO  com.cloudframe.app.process.Codemove.dispAllVars  304 - AA-W1-BIN-9-12 1
12:10:46.440 [main] INFO  com.cloudframe.app.process.Codemove.dispAllVars  306 - AA-W1-BIN-S9-12 1
12:10:46.440 [main] INFO  com.cloudframe.app.process.Codemove.dispAllVars  308 - AA-W1-EDIT-9-4    1
12:10:46.440 [main] INFO  com.cloudframe.app.process.Codemove.dispAllVars  310 - AA-W1-EDIT-9-4-NB    1
12:10:46.441 [main] INFO  com.cloudframe.app.process.Codemove.dispAllVars  312 - AA-W1-DISP-9-4 1
12:10:46.441 [main] INFO  com.cloudframe.app.process.Codemove.dispAllVars  314 - AA-W1-DISP-S9-4 1
12:10:46.441 [main] INFO  com.cloudframe.app.process.Codemove.dispAllVars  316 - AA-W1-DISP-9-8 1
12:10:46.441 [main] INFO  com.cloudframe.app.process.Codemove.dispAllVars  318 - AA-W1-DISP-S9-8 1
12:10:46.442 [main] INFO  com.cloudframe.app.process.Codemove.dispAllVars  320 - AA-W1-DISP-9-12 1
12:10:46.442 [main] INFO  com.cloudframe.app.process.Codemove.dispAllVars  322 - AA-W1-DISP-S9-12 1
12:10:46.442 [main] INFO  com.cloudframe.app.process.Codemove.dispAllVars  324 - AA-W1-COMP-3-9-4 1
12:10:46.442 [main] INFO  com.cloudframe.app.process.Codemove.dispAllVars  326 - AA-W1-COMP-3-S9-4 1
12:10:46.443 [main] INFO  com.cloudframe.app.process.Codemove.dispAllVars  328 - AA-W1-COMP-3-9-8 1
12:10:46.443 [main] INFO  com.cloudframe.app.process.Codemove.dispAllVars  330 - AA-W1-COMP-3-S9-8 1
12:10:46.443 [main] INFO  com.cloudframe.app.process.Codemove.dispAllVars  332 - AA-W1-COMP-3-9-12 1
12:10:46.443 [main] INFO  com.cloudframe.app.process.Codemove.dispAllVars  334 - AA-W1-COMP-3-S9-12 1
12:10:46.444 [main] INFO  com.cloudframe.app.process.Codemove.dispAllVars  336 - AA-W1-COMP-3-9-44 100
12:10:46.444 [main] INFO  com.cloudframe.app.process.Codemove.dispAllVars  338 - AA-W1-COMP-3-S9-44 100
12:10:46.444 [main] INFO  com.cloudframe.app.process.Codemove.dispAllVars  340 - AA-W1-COMP-3-9-84 100
12:10:46.444 [main] INFO  com.cloudframe.app.process.Codemove.dispAllVars  342 - AA-W1-COMP-3-S9-84 100
12:10:46.444 [main] INFO  com.cloudframe.app.process.Codemove.dispAllVars  344 - AA-W1-COMP-3-9-124 100
12:10:46.444 [main] INFO  com.cloudframe.app.process.Codemove.dispAllVars  346 - AA-W1-COMP-3-S9-124 100
12:10:46.445 [main] INFO  com.cloudframe.app.process.Codemove.dispAllVars  348 - AA-W1-COMP-9-44 100
12:10:46.445 [main] INFO  com.cloudframe.app.process.Codemove.dispAllVars  350 - AA-W1-COMP-S9-44 100
12:10:46.445 [main] INFO  com.cloudframe.app.process.Codemove.dispAllVars  352 - AA-W1-COMP-9-84 100
12:10:46.445 [main] INFO  com.cloudframe.app.process.Codemove.dispAllVars  354 - AA-W1-COMP-S9-84 100
12:10:46.445 [main] INFO  com.cloudframe.app.process.Codemove.dispAllVars  356 - AA-W1-COMP-9-124 100
12:10:46.445 [main] INFO  com.cloudframe.app.process.Codemove.dispAllVars  358 - AA-W1-COMP-S9-124 100
12:10:46.445 [main] INFO  com.cloudframe.app.process.Codemove.dispAllVars  360 - AA-W1-DISP-9-44 100
12:10:46.446 [main] INFO  com.cloudframe.app.process.Codemove.dispAllVars  362 - AA-W1-DISP-S9-44 100
12:10:46.446 [main] INFO  com.cloudframe.app.process.Codemove.dispAllVars  364 - AA-W1-DISP-9-84 100
12:10:46.446 [main] INFO  com.cloudframe.app.process.Codemove.dispAllVars  366 - AA-W1-DISP-S9-84 100
12:10:46.446 [main] INFO  com.cloudframe.app.process.Codemove.dispAllVars  368 - AA-W1-DISP-9-124 100
12:10:46.446 [main] INFO  com.cloudframe.app.process.Codemove.dispAllVars  370 - AA-W1-DISP-S9-124 100
12:10:46.446 [main] INFO  com.cloudframe.app.process.Codemove.dispAllVars  372 - AA-W1-BIN-9-44 100
12:10:46.446 [main] INFO  com.cloudframe.app.process.Codemove.dispAllVars  374 - AA-W1-BIN-S9-44 100
12:10:46.447 [main] INFO  com.cloudframe.app.process.Codemove.dispAllVars  376 - AA-W1-BIN-9-84 100
12:10:46.447 [main] INFO  com.cloudframe.app.process.Codemove.dispAllVars  378 - AA-W1-BIN-S9-84 100
12:10:46.447 [main] INFO  com.cloudframe.app.process.Codemove.dispAllVars  380 - AA-W1-BIN-9-124 100
12:10:46.447 [main] INFO  com.cloudframe.app.process.Codemove.dispAllVars  382 - AA-W1-BIN-S9-124 100
12:10:46.447 [main] INFO  com.cloudframe.app.process.Codemove.process33Split116 7314 - ****** AA-W1-COMP-9-44 *********
12:10:46.448 [main] INFO  com.cloudframe.app.process.Codemove.dispAllVars  284 - AA-W1-COMP-9-4 1
12:10:46.448 [main] INFO  com.cloudframe.app.process.Codemove.dispAllVars  286 - AA-W1-COMP-S9-4 1
12:10:46.448 [main] INFO  com.cloudframe.app.process.Codemove.dispAllVars  288 - AA-W1-COMP-9-8 1
12:10:46.448 [main] INFO  com.cloudframe.app.process.Codemove.dispAllVars  290 - AA-W1-COMP-S9-8 1
12:10:46.449 [main] INFO  com.cloudframe.app.process.Codemove.dispAllVars  292 - AA-W1-COMP-9-12 1
12:10:46.449 [main] INFO  com.cloudframe.app.process.Codemove.dispAllVars  294 - AA-W1-COMP-S9-12 1
12:10:46.449 [main] INFO  com.cloudframe.app.process.Codemove.dispAllVars  296 - AA-W1-BIN-9-4 1
12:10:46.449 [main] INFO  com.cloudframe.app.process.Codemove.dispAllVars  298 - AA-W1-BIN-S9-4 1
12:10:46.449 [main] INFO  com.cloudframe.app.process.Codemove.dispAllVars  300 - AA-W1-BIN-9-8 1
12:10:46.449 [main] INFO  com.cloudframe.app.process.Codemove.dispAllVars  302 - AA-W1-BIN-S9-8 1
12:10:46.449 [main] INFO  com.cloudframe.app.process.Codemove.dispAllVars  304 - AA-W1-BIN-9-12 1
12:10:46.450 [main] INFO  com.cloudframe.app.process.Codemove.dispAllVars  306 - AA-W1-BIN-S9-12 1
12:10:46.450 [main] INFO  com.cloudframe.app.process.Codemove.dispAllVars  308 - AA-W1-EDIT-9-4    1
12:10:46.450 [main] INFO  com.cloudframe.app.process.Codemove.dispAllVars  310 - AA-W1-EDIT-9-4-NB    1
12:10:46.450 [main] INFO  com.cloudframe.app.process.Codemove.dispAllVars  312 - AA-W1-DISP-9-4 1
12:10:46.450 [main] INFO  com.cloudframe.app.process.Codemove.dispAllVars  314 - AA-W1-DISP-S9-4 1
12:10:46.450 [main] INFO  com.cloudframe.app.process.Codemove.dispAllVars  316 - AA-W1-DISP-9-8 1
12:10:46.451 [main] INFO  com.cloudframe.app.process.Codemove.dispAllVars  318 - AA-W1-DISP-S9-8 1
12:10:46.451 [main] INFO  com.cloudframe.app.process.Codemove.dispAllVars  320 - AA-W1-DISP-9-12 1
12:10:46.451 [main] INFO  com.cloudframe.app.process.Codemove.dispAllVars  322 - AA-W1-DISP-S9-12 1
12:10:46.451 [main] INFO  com.cloudframe.app.process.Codemove.dispAllVars  324 - AA-W1-COMP-3-9-4 1
12:10:46.451 [main] INFO  com.cloudframe.app.process.Codemove.dispAllVars  326 - AA-W1-COMP-3-S9-4 1
12:10:46.451 [main] INFO  com.cloudframe.app.process.Codemove.dispAllVars  328 - AA-W1-COMP-3-9-8 1
12:10:46.451 [main] INFO  com.cloudframe.app.process.Codemove.dispAllVars  330 - AA-W1-COMP-3-S9-8 1
12:10:46.452 [main] INFO  com.cloudframe.app.process.Codemove.dispAllVars  332 - AA-W1-COMP-3-9-12 1
12:10:46.452 [main] INFO  com.cloudframe.app.process.Codemove.dispAllVars  334 - AA-W1-COMP-3-S9-12 1
12:10:46.452 [main] INFO  com.cloudframe.app.process.Codemove.dispAllVars  336 - AA-W1-COMP-3-9-44 100
12:10:46.452 [main] INFO  com.cloudframe.app.process.Codemove.dispAllVars  338 - AA-W1-COMP-3-S9-44 100
12:10:46.452 [main] INFO  com.cloudframe.app.process.Codemove.dispAllVars  340 - AA-W1-COMP-3-9-84 100
12:10:46.452 [main] INFO  com.cloudframe.app.process.Codemove.dispAllVars  342 - AA-W1-COMP-3-S9-84 100
12:10:46.453 [main] INFO  com.cloudframe.app.process.Codemove.dispAllVars  344 - AA-W1-COMP-3-9-124 100
12:10:46.453 [main] INFO  com.cloudframe.app.process.Codemove.dispAllVars  346 - AA-W1-COMP-3-S9-124 100
12:10:46.453 [main] INFO  com.cloudframe.app.process.Codemove.dispAllVars  348 - AA-W1-COMP-9-44 100
12:10:46.453 [main] INFO  com.cloudframe.app.process.Codemove.dispAllVars  350 - AA-W1-COMP-S9-44 100
12:10:46.453 [main] INFO  com.cloudframe.app.process.Codemove.dispAllVars  352 - AA-W1-COMP-9-84 100
12:10:46.453 [main] INFO  com.cloudframe.app.process.Codemove.dispAllVars  354 - AA-W1-COMP-S9-84 100
12:10:46.454 [main] INFO  com.cloudframe.app.process.Codemove.dispAllVars  356 - AA-W1-COMP-9-124 100
12:10:46.454 [main] INFO  com.cloudframe.app.process.Codemove.dispAllVars  358 - AA-W1-COMP-S9-124 100
12:10:46.454 [main] INFO  com.cloudframe.app.process.Codemove.dispAllVars  360 - AA-W1-DISP-9-44 100
12:10:46.454 [main] INFO  com.cloudframe.app.process.Codemove.dispAllVars  362 - AA-W1-DISP-S9-44 100
12:10:46.454 [main] INFO  com.cloudframe.app.process.Codemove.dispAllVars  364 - AA-W1-DISP-9-84 100
12:10:46.454 [main] INFO  com.cloudframe.app.process.Codemove.dispAllVars  366 - AA-W1-DISP-S9-84 100
12:10:46.455 [main] INFO  com.cloudframe.app.process.Codemove.dispAllVars  368 - AA-W1-DISP-9-124 100
12:10:46.455 [main] INFO  com.cloudframe.app.process.Codemove.dispAllVars  370 - AA-W1-DISP-S9-124 100
12:10:46.455 [main] INFO  com.cloudframe.app.process.Codemove.dispAllVars  372 - AA-W1-BIN-9-44 100
12:10:46.455 [main] INFO  com.cloudframe.app.process.Codemove.dispAllVars  374 - AA-W1-BIN-S9-44 100
12:10:46.455 [main] INFO  com.cloudframe.app.process.Codemove.dispAllVars  376 - AA-W1-BIN-9-84 100
12:10:46.455 [main] INFO  com.cloudframe.app.process.Codemove.dispAllVars  378 - AA-W1-BIN-S9-84 100
12:10:46.455 [main] INFO  com.cloudframe.app.process.Codemove.dispAllVars  380 - AA-W1-BIN-9-124 100
12:10:46.456 [main] INFO  com.cloudframe.app.process.Codemove.dispAllVars  382 - AA-W1-BIN-S9-124 100
12:10:46.456 [main] INFO  com.cloudframe.app.process.Codemove.process34Split118 7527 - **** AA-W1-COMP-S9-44 **********
12:10:46.457 [main] INFO  com.cloudframe.app.process.Codemove.dispAllVars  284 - AA-W1-COMP-9-4 1
12:10:46.457 [main] INFO  com.cloudframe.app.process.Codemove.dispAllVars  286 - AA-W1-COMP-S9-4 1
12:10:46.457 [main] INFO  com.cloudframe.app.process.Codemove.dispAllVars  288 - AA-W1-COMP-9-8 1
12:10:46.457 [main] INFO  com.cloudframe.app.process.Codemove.dispAllVars  290 - AA-W1-COMP-S9-8 1
12:10:46.457 [main] INFO  com.cloudframe.app.process.Codemove.dispAllVars  292 - AA-W1-COMP-9-12 1
12:10:46.457 [main] INFO  com.cloudframe.app.process.Codemove.dispAllVars  294 - AA-W1-COMP-S9-12 1
12:10:46.458 [main] INFO  com.cloudframe.app.process.Codemove.dispAllVars  296 - AA-W1-BIN-9-4 1
12:10:46.458 [main] INFO  com.cloudframe.app.process.Codemove.dispAllVars  298 - AA-W1-BIN-S9-4 1
12:10:46.458 [main] INFO  com.cloudframe.app.process.Codemove.dispAllVars  300 - AA-W1-BIN-9-8 1
12:10:46.458 [main] INFO  com.cloudframe.app.process.Codemove.dispAllVars  302 - AA-W1-BIN-S9-8 1
12:10:46.458 [main] INFO  com.cloudframe.app.process.Codemove.dispAllVars  304 - AA-W1-BIN-9-12 1
12:10:46.458 [main] INFO  com.cloudframe.app.process.Codemove.dispAllVars  306 - AA-W1-BIN-S9-12 1
12:10:46.458 [main] INFO  com.cloudframe.app.process.Codemove.dispAllVars  308 - AA-W1-EDIT-9-4    1
12:10:46.459 [main] INFO  com.cloudframe.app.process.Codemove.dispAllVars  310 - AA-W1-EDIT-9-4-NB    1
12:10:46.459 [main] INFO  com.cloudframe.app.process.Codemove.dispAllVars  312 - AA-W1-DISP-9-4 1
12:10:46.459 [main] INFO  com.cloudframe.app.process.Codemove.dispAllVars  314 - AA-W1-DISP-S9-4 1
12:10:46.459 [main] INFO  com.cloudframe.app.process.Codemove.dispAllVars  316 - AA-W1-DISP-9-8 1
12:10:46.459 [main] INFO  com.cloudframe.app.process.Codemove.dispAllVars  318 - AA-W1-DISP-S9-8 1
12:10:46.459 [main] INFO  com.cloudframe.app.process.Codemove.dispAllVars  320 - AA-W1-DISP-9-12 1
12:10:46.460 [main] INFO  com.cloudframe.app.process.Codemove.dispAllVars  322 - AA-W1-DISP-S9-12 1
12:10:46.460 [main] INFO  com.cloudframe.app.process.Codemove.dispAllVars  324 - AA-W1-COMP-3-9-4 1
12:10:46.460 [main] INFO  com.cloudframe.app.process.Codemove.dispAllVars  326 - AA-W1-COMP-3-S9-4 1
12:10:46.460 [main] INFO  com.cloudframe.app.process.Codemove.dispAllVars  328 - AA-W1-COMP-3-9-8 1
12:10:46.460 [main] INFO  com.cloudframe.app.process.Codemove.dispAllVars  330 - AA-W1-COMP-3-S9-8 1
12:10:46.460 [main] INFO  com.cloudframe.app.process.Codemove.dispAllVars  332 - AA-W1-COMP-3-9-12 1
12:10:46.461 [main] INFO  com.cloudframe.app.process.Codemove.dispAllVars  334 - AA-W1-COMP-3-S9-12 1
12:10:46.461 [main] INFO  com.cloudframe.app.process.Codemove.dispAllVars  336 - AA-W1-COMP-3-9-44 100
12:10:46.461 [main] INFO  com.cloudframe.app.process.Codemove.dispAllVars  338 - AA-W1-COMP-3-S9-44 100
12:10:46.461 [main] INFO  com.cloudframe.app.process.Codemove.dispAllVars  340 - AA-W1-COMP-3-9-84 100
12:10:46.461 [main] INFO  com.cloudframe.app.process.Codemove.dispAllVars  342 - AA-W1-COMP-3-S9-84 100
12:10:46.461 [main] INFO  com.cloudframe.app.process.Codemove.dispAllVars  344 - AA-W1-COMP-3-9-124 100
12:10:46.462 [main] INFO  com.cloudframe.app.process.Codemove.dispAllVars  346 - AA-W1-COMP-3-S9-124 100
12:10:46.462 [main] INFO  com.cloudframe.app.process.Codemove.dispAllVars  348 - AA-W1-COMP-9-44 100
12:10:46.462 [main] INFO  com.cloudframe.app.process.Codemove.dispAllVars  350 - AA-W1-COMP-S9-44 100
12:10:46.462 [main] INFO  com.cloudframe.app.process.Codemove.dispAllVars  352 - AA-W1-COMP-9-84 100
12:10:46.462 [main] INFO  com.cloudframe.app.process.Codemove.dispAllVars  354 - AA-W1-COMP-S9-84 100
12:10:46.462 [main] INFO  com.cloudframe.app.process.Codemove.dispAllVars  356 - AA-W1-COMP-9-124 100
12:10:46.462 [main] INFO  com.cloudframe.app.process.Codemove.dispAllVars  358 - AA-W1-COMP-S9-124 100
12:10:46.463 [main] INFO  com.cloudframe.app.process.Codemove.dispAllVars  360 - AA-W1-DISP-9-44 100
12:10:46.463 [main] INFO  com.cloudframe.app.process.Codemove.dispAllVars  362 - AA-W1-DISP-S9-44 100
12:10:46.463 [main] INFO  com.cloudframe.app.process.Codemove.dispAllVars  364 - AA-W1-DISP-9-84 100
12:10:46.463 [main] INFO  com.cloudframe.app.process.Codemove.dispAllVars  366 - AA-W1-DISP-S9-84 100
12:10:46.463 [main] INFO  com.cloudframe.app.process.Codemove.dispAllVars  368 - AA-W1-DISP-9-124 100
12:10:46.463 [main] INFO  com.cloudframe.app.process.Codemove.dispAllVars  370 - AA-W1-DISP-S9-124 100
12:10:46.464 [main] INFO  com.cloudframe.app.process.Codemove.dispAllVars  372 - AA-W1-BIN-9-44 100
12:10:46.464 [main] INFO  com.cloudframe.app.process.Codemove.dispAllVars  374 - AA-W1-BIN-S9-44 100
12:10:46.464 [main] INFO  com.cloudframe.app.process.Codemove.dispAllVars  376 - AA-W1-BIN-9-84 100
12:10:46.464 [main] INFO  com.cloudframe.app.process.Codemove.dispAllVars  378 - AA-W1-BIN-S9-84 100
12:10:46.464 [main] INFO  com.cloudframe.app.process.Codemove.dispAllVars  380 - AA-W1-BIN-9-124 100
12:10:46.464 [main] INFO  com.cloudframe.app.process.Codemove.dispAllVars  382 - AA-W1-BIN-S9-124 100
12:10:46.464 [main] INFO  com.cloudframe.app.process.Codemove.process35Split120 7737 - ***** AA-W1-COMP-9-84 **********
12:10:46.465 [main] INFO  com.cloudframe.app.process.Codemove.dispAllVars  284 - AA-W1-COMP-9-4 1
12:10:46.466 [main] INFO  com.cloudframe.app.process.Codemove.dispAllVars  286 - AA-W1-COMP-S9-4 1
12:10:46.466 [main] INFO  com.cloudframe.app.process.Codemove.dispAllVars  288 - AA-W1-COMP-9-8 1
12:10:46.466 [main] INFO  com.cloudframe.app.process.Codemove.dispAllVars  290 - AA-W1-COMP-S9-8 1
12:10:46.466 [main] INFO  com.cloudframe.app.process.Codemove.dispAllVars  292 - AA-W1-COMP-9-12 1
12:10:46.466 [main] INFO  com.cloudframe.app.process.Codemove.dispAllVars  294 - AA-W1-COMP-S9-12 1
12:10:46.466 [main] INFO  com.cloudframe.app.process.Codemove.dispAllVars  296 - AA-W1-BIN-9-4 1
12:10:46.466 [main] INFO  com.cloudframe.app.process.Codemove.dispAllVars  298 - AA-W1-BIN-S9-4 1
12:10:46.467 [main] INFO  com.cloudframe.app.process.Codemove.dispAllVars  300 - AA-W1-BIN-9-8 1
12:10:46.467 [main] INFO  com.cloudframe.app.process.Codemove.dispAllVars  302 - AA-W1-BIN-S9-8 1
12:10:46.467 [main] INFO  com.cloudframe.app.process.Codemove.dispAllVars  304 - AA-W1-BIN-9-12 1
12:10:46.467 [main] INFO  com.cloudframe.app.process.Codemove.dispAllVars  306 - AA-W1-BIN-S9-12 1
12:10:46.467 [main] INFO  com.cloudframe.app.process.Codemove.dispAllVars  308 - AA-W1-EDIT-9-4    1
12:10:46.467 [main] INFO  com.cloudframe.app.process.Codemove.dispAllVars  310 - AA-W1-EDIT-9-4-NB    1
12:10:46.467 [main] INFO  com.cloudframe.app.process.Codemove.dispAllVars  312 - AA-W1-DISP-9-4 1
12:10:46.468 [main] INFO  com.cloudframe.app.process.Codemove.dispAllVars  314 - AA-W1-DISP-S9-4 1
12:10:46.468 [main] INFO  com.cloudframe.app.process.Codemove.dispAllVars  316 - AA-W1-DISP-9-8 1
12:10:46.468 [main] INFO  com.cloudframe.app.process.Codemove.dispAllVars  318 - AA-W1-DISP-S9-8 1
12:10:46.468 [main] INFO  com.cloudframe.app.process.Codemove.dispAllVars  320 - AA-W1-DISP-9-12 1
12:10:46.468 [main] INFO  com.cloudframe.app.process.Codemove.dispAllVars  322 - AA-W1-DISP-S9-12 1
12:10:46.468 [main] INFO  com.cloudframe.app.process.Codemove.dispAllVars  324 - AA-W1-COMP-3-9-4 1
12:10:46.469 [main] INFO  com.cloudframe.app.process.Codemove.dispAllVars  326 - AA-W1-COMP-3-S9-4 1
12:10:46.469 [main] INFO  com.cloudframe.app.process.Codemove.dispAllVars  328 - AA-W1-COMP-3-9-8 1
12:10:46.469 [main] INFO  com.cloudframe.app.process.Codemove.dispAllVars  330 - AA-W1-COMP-3-S9-8 1
12:10:46.469 [main] INFO  com.cloudframe.app.process.Codemove.dispAllVars  332 - AA-W1-COMP-3-9-12 1
12:10:46.469 [main] INFO  com.cloudframe.app.process.Codemove.dispAllVars  334 - AA-W1-COMP-3-S9-12 1
12:10:46.469 [main] INFO  com.cloudframe.app.process.Codemove.dispAllVars  336 - AA-W1-COMP-3-9-44 100
12:10:46.470 [main] INFO  com.cloudframe.app.process.Codemove.dispAllVars  338 - AA-W1-COMP-3-S9-44 100
12:10:46.470 [main] INFO  com.cloudframe.app.process.Codemove.dispAllVars  340 - AA-W1-COMP-3-9-84 100
12:10:46.470 [main] INFO  com.cloudframe.app.process.Codemove.dispAllVars  342 - AA-W1-COMP-3-S9-84 100
12:10:46.470 [main] INFO  com.cloudframe.app.process.Codemove.dispAllVars  344 - AA-W1-COMP-3-9-124 100
12:10:46.470 [main] INFO  com.cloudframe.app.process.Codemove.dispAllVars  346 - AA-W1-COMP-3-S9-124 100
12:10:46.470 [main] INFO  com.cloudframe.app.process.Codemove.dispAllVars  348 - AA-W1-COMP-9-44 100
12:10:46.471 [main] INFO  com.cloudframe.app.process.Codemove.dispAllVars  350 - AA-W1-COMP-S9-44 100
12:10:46.471 [main] INFO  com.cloudframe.app.process.Codemove.dispAllVars  352 - AA-W1-COMP-9-84 100
12:10:46.471 [main] INFO  com.cloudframe.app.process.Codemove.dispAllVars  354 - AA-W1-COMP-S9-84 100
12:10:46.471 [main] INFO  com.cloudframe.app.process.Codemove.dispAllVars  356 - AA-W1-COMP-9-124 100
12:10:46.471 [main] INFO  com.cloudframe.app.process.Codemove.dispAllVars  358 - AA-W1-COMP-S9-124 100
12:10:46.471 [main] INFO  com.cloudframe.app.process.Codemove.dispAllVars  360 - AA-W1-DISP-9-44 100
12:10:46.471 [main] INFO  com.cloudframe.app.process.Codemove.dispAllVars  362 - AA-W1-DISP-S9-44 100
12:10:46.472 [main] INFO  com.cloudframe.app.process.Codemove.dispAllVars  364 - AA-W1-DISP-9-84 100
12:10:46.472 [main] INFO  com.cloudframe.app.process.Codemove.dispAllVars  366 - AA-W1-DISP-S9-84 100
12:10:46.472 [main] INFO  com.cloudframe.app.process.Codemove.dispAllVars  368 - AA-W1-DISP-9-124 100
12:10:46.472 [main] INFO  com.cloudframe.app.process.Codemove.dispAllVars  370 - AA-W1-DISP-S9-124 100
12:10:46.472 [main] INFO  com.cloudframe.app.process.Codemove.dispAllVars  372 - AA-W1-BIN-9-44 100
12:10:46.472 [main] INFO  com.cloudframe.app.process.Codemove.dispAllVars  374 - AA-W1-BIN-S9-44 100
12:10:46.473 [main] INFO  com.cloudframe.app.process.Codemove.dispAllVars  376 - AA-W1-BIN-9-84 100
12:10:46.473 [main] INFO  com.cloudframe.app.process.Codemove.dispAllVars  378 - AA-W1-BIN-S9-84 100
12:10:46.473 [main] INFO  com.cloudframe.app.process.Codemove.dispAllVars  380 - AA-W1-BIN-9-124 100
12:10:46.473 [main] INFO  com.cloudframe.app.process.Codemove.dispAllVars  382 - AA-W1-BIN-S9-124 100
12:10:46.473 [main] INFO  com.cloudframe.app.process.Codemove.process36Split122 7947 - ****** AA-W1-COMP-S9-84 ********
12:10:46.474 [main] INFO  com.cloudframe.app.process.Codemove.dispAllVars  284 - AA-W1-COMP-9-4 1
12:10:46.474 [main] INFO  com.cloudframe.app.process.Codemove.dispAllVars  286 - AA-W1-COMP-S9-4 1
12:10:46.475 [main] INFO  com.cloudframe.app.process.Codemove.dispAllVars  288 - AA-W1-COMP-9-8 1
12:10:46.475 [main] INFO  com.cloudframe.app.process.Codemove.dispAllVars  290 - AA-W1-COMP-S9-8 1
12:10:46.475 [main] INFO  com.cloudframe.app.process.Codemove.dispAllVars  292 - AA-W1-COMP-9-12 1
12:10:46.475 [main] INFO  com.cloudframe.app.process.Codemove.dispAllVars  294 - AA-W1-COMP-S9-12 1
12:10:46.475 [main] INFO  com.cloudframe.app.process.Codemove.dispAllVars  296 - AA-W1-BIN-9-4 1
12:10:46.475 [main] INFO  com.cloudframe.app.process.Codemove.dispAllVars  298 - AA-W1-BIN-S9-4 1
12:10:46.475 [main] INFO  com.cloudframe.app.process.Codemove.dispAllVars  300 - AA-W1-BIN-9-8 1
12:10:46.476 [main] INFO  com.cloudframe.app.process.Codemove.dispAllVars  302 - AA-W1-BIN-S9-8 1
12:10:46.476 [main] INFO  com.cloudframe.app.process.Codemove.dispAllVars  304 - AA-W1-BIN-9-12 1
12:10:46.476 [main] INFO  com.cloudframe.app.process.Codemove.dispAllVars  306 - AA-W1-BIN-S9-12 1
12:10:46.476 [main] INFO  com.cloudframe.app.process.Codemove.dispAllVars  308 - AA-W1-EDIT-9-4    1
12:10:46.476 [main] INFO  com.cloudframe.app.process.Codemove.dispAllVars  310 - AA-W1-EDIT-9-4-NB    1
12:10:46.476 [main] INFO  com.cloudframe.app.process.Codemove.dispAllVars  312 - AA-W1-DISP-9-4 1
12:10:46.477 [main] INFO  com.cloudframe.app.process.Codemove.dispAllVars  314 - AA-W1-DISP-S9-4 1
12:10:46.477 [main] INFO  com.cloudframe.app.process.Codemove.dispAllVars  316 - AA-W1-DISP-9-8 1
12:10:46.477 [main] INFO  com.cloudframe.app.process.Codemove.dispAllVars  318 - AA-W1-DISP-S9-8 1
12:10:46.477 [main] INFO  com.cloudframe.app.process.Codemove.dispAllVars  320 - AA-W1-DISP-9-12 1
12:10:46.477 [main] INFO  com.cloudframe.app.process.Codemove.dispAllVars  322 - AA-W1-DISP-S9-12 1
12:10:46.477 [main] INFO  com.cloudframe.app.process.Codemove.dispAllVars  324 - AA-W1-COMP-3-9-4 1
12:10:46.477 [main] INFO  com.cloudframe.app.process.Codemove.dispAllVars  326 - AA-W1-COMP-3-S9-4 1
12:10:46.478 [main] INFO  com.cloudframe.app.process.Codemove.dispAllVars  328 - AA-W1-COMP-3-9-8 1
12:10:46.478 [main] INFO  com.cloudframe.app.process.Codemove.dispAllVars  330 - AA-W1-COMP-3-S9-8 1
12:10:46.478 [main] INFO  com.cloudframe.app.process.Codemove.dispAllVars  332 - AA-W1-COMP-3-9-12 1
12:10:46.478 [main] INFO  com.cloudframe.app.process.Codemove.dispAllVars  334 - AA-W1-COMP-3-S9-12 1
12:10:46.478 [main] INFO  com.cloudframe.app.process.Codemove.dispAllVars  336 - AA-W1-COMP-3-9-44 100
12:10:46.478 [main] INFO  com.cloudframe.app.process.Codemove.dispAllVars  338 - AA-W1-COMP-3-S9-44 100
12:10:46.479 [main] INFO  com.cloudframe.app.process.Codemove.dispAllVars  340 - AA-W1-COMP-3-9-84 100
12:10:46.479 [main] INFO  com.cloudframe.app.process.Codemove.dispAllVars  342 - AA-W1-COMP-3-S9-84 100
12:10:46.479 [main] INFO  com.cloudframe.app.process.Codemove.dispAllVars  344 - AA-W1-COMP-3-9-124 100
12:10:46.479 [main] INFO  com.cloudframe.app.process.Codemove.dispAllVars  346 - AA-W1-COMP-3-S9-124 100
12:10:46.479 [main] INFO  com.cloudframe.app.process.Codemove.dispAllVars  348 - AA-W1-COMP-9-44 100
12:10:46.479 [main] INFO  com.cloudframe.app.process.Codemove.dispAllVars  350 - AA-W1-COMP-S9-44 100
12:10:46.479 [main] INFO  com.cloudframe.app.process.Codemove.dispAllVars  352 - AA-W1-COMP-9-84 100
12:10:46.480 [main] INFO  com.cloudframe.app.process.Codemove.dispAllVars  354 - AA-W1-COMP-S9-84 100
12:10:46.480 [main] INFO  com.cloudframe.app.process.Codemove.dispAllVars  356 - AA-W1-COMP-9-124 100
12:10:46.480 [main] INFO  com.cloudframe.app.process.Codemove.dispAllVars  358 - AA-W1-COMP-S9-124 100
12:10:46.480 [main] INFO  com.cloudframe.app.process.Codemove.dispAllVars  360 - AA-W1-DISP-9-44 100
12:10:46.480 [main] INFO  com.cloudframe.app.process.Codemove.dispAllVars  362 - AA-W1-DISP-S9-44 100
12:10:46.480 [main] INFO  com.cloudframe.app.process.Codemove.dispAllVars  364 - AA-W1-DISP-9-84 100
12:10:46.481 [main] INFO  com.cloudframe.app.process.Codemove.dispAllVars  366 - AA-W1-DISP-S9-84 100
12:10:46.481 [main] INFO  com.cloudframe.app.process.Codemove.dispAllVars  368 - AA-W1-DISP-9-124 100
12:10:46.481 [main] INFO  com.cloudframe.app.process.Codemove.dispAllVars  370 - AA-W1-DISP-S9-124 100
12:10:46.481 [main] INFO  com.cloudframe.app.process.Codemove.dispAllVars  372 - AA-W1-BIN-9-44 100
12:10:46.481 [main] INFO  com.cloudframe.app.process.Codemove.dispAllVars  374 - AA-W1-BIN-S9-44 100
12:10:46.481 [main] INFO  com.cloudframe.app.process.Codemove.dispAllVars  376 - AA-W1-BIN-9-84 100
12:10:46.481 [main] INFO  com.cloudframe.app.process.Codemove.dispAllVars  378 - AA-W1-BIN-S9-84 100
12:10:46.482 [main] INFO  com.cloudframe.app.process.Codemove.dispAllVars  380 - AA-W1-BIN-9-124 100
12:10:46.482 [main] INFO  com.cloudframe.app.process.Codemove.dispAllVars  382 - AA-W1-BIN-S9-124 100
12:10:46.482 [main] INFO  com.cloudframe.app.process.Codemove.process37Split124 8157 - ***** AA-W1-COMP-9-124 *********
12:10:46.483 [main] INFO  com.cloudframe.app.process.Codemove.dispAllVars  284 - AA-W1-COMP-9-4 1
12:10:46.483 [main] INFO  com.cloudframe.app.process.Codemove.dispAllVars  286 - AA-W1-COMP-S9-4 1
12:10:46.483 [main] INFO  com.cloudframe.app.process.Codemove.dispAllVars  288 - AA-W1-COMP-9-8 1
12:10:46.483 [main] INFO  com.cloudframe.app.process.Codemove.dispAllVars  290 - AA-W1-COMP-S9-8 1
12:10:46.483 [main] INFO  com.cloudframe.app.process.Codemove.dispAllVars  292 - AA-W1-COMP-9-12 1
12:10:46.483 [main] INFO  com.cloudframe.app.process.Codemove.dispAllVars  294 - AA-W1-COMP-S9-12 1
12:10:46.483 [main] INFO  com.cloudframe.app.process.Codemove.dispAllVars  296 - AA-W1-BIN-9-4 1
12:10:46.484 [main] INFO  com.cloudframe.app.process.Codemove.dispAllVars  298 - AA-W1-BIN-S9-4 1
12:10:46.484 [main] INFO  com.cloudframe.app.process.Codemove.dispAllVars  300 - AA-W1-BIN-9-8 1
12:10:46.484 [main] INFO  com.cloudframe.app.process.Codemove.dispAllVars  302 - AA-W1-BIN-S9-8 1
12:10:46.484 [main] INFO  com.cloudframe.app.process.Codemove.dispAllVars  304 - AA-W1-BIN-9-12 1
12:10:46.484 [main] INFO  com.cloudframe.app.process.Codemove.dispAllVars  306 - AA-W1-BIN-S9-12 1
12:10:46.484 [main] INFO  com.cloudframe.app.process.Codemove.dispAllVars  308 - AA-W1-EDIT-9-4    1
12:10:46.485 [main] INFO  com.cloudframe.app.process.Codemove.dispAllVars  310 - AA-W1-EDIT-9-4-NB    1
12:10:46.485 [main] INFO  com.cloudframe.app.process.Codemove.dispAllVars  312 - AA-W1-DISP-9-4 1
12:10:46.485 [main] INFO  com.cloudframe.app.process.Codemove.dispAllVars  314 - AA-W1-DISP-S9-4 1
12:10:46.485 [main] INFO  com.cloudframe.app.process.Codemove.dispAllVars  316 - AA-W1-DISP-9-8 1
12:10:46.485 [main] INFO  com.cloudframe.app.process.Codemove.dispAllVars  318 - AA-W1-DISP-S9-8 1
12:10:46.485 [main] INFO  com.cloudframe.app.process.Codemove.dispAllVars  320 - AA-W1-DISP-9-12 1
12:10:46.485 [main] INFO  com.cloudframe.app.process.Codemove.dispAllVars  322 - AA-W1-DISP-S9-12 1
12:10:46.486 [main] INFO  com.cloudframe.app.process.Codemove.dispAllVars  324 - AA-W1-COMP-3-9-4 1
12:10:46.486 [main] INFO  com.cloudframe.app.process.Codemove.dispAllVars  326 - AA-W1-COMP-3-S9-4 1
12:10:46.486 [main] INFO  com.cloudframe.app.process.Codemove.dispAllVars  328 - AA-W1-COMP-3-9-8 1
12:10:46.486 [main] INFO  com.cloudframe.app.process.Codemove.dispAllVars  330 - AA-W1-COMP-3-S9-8 1
12:10:46.486 [main] INFO  com.cloudframe.app.process.Codemove.dispAllVars  332 - AA-W1-COMP-3-9-12 1
12:10:46.486 [main] INFO  com.cloudframe.app.process.Codemove.dispAllVars  334 - AA-W1-COMP-3-S9-12 1
12:10:46.487 [main] INFO  com.cloudframe.app.process.Codemove.dispAllVars  336 - AA-W1-COMP-3-9-44 100
12:10:46.487 [main] INFO  com.cloudframe.app.process.Codemove.dispAllVars  338 - AA-W1-COMP-3-S9-44 100
12:10:46.487 [main] INFO  com.cloudframe.app.process.Codemove.dispAllVars  340 - AA-W1-COMP-3-9-84 100
12:10:46.487 [main] INFO  com.cloudframe.app.process.Codemove.dispAllVars  342 - AA-W1-COMP-3-S9-84 100
12:10:46.487 [main] INFO  com.cloudframe.app.process.Codemove.dispAllVars  344 - AA-W1-COMP-3-9-124 100
12:10:46.487 [main] INFO  com.cloudframe.app.process.Codemove.dispAllVars  346 - AA-W1-COMP-3-S9-124 100
12:10:46.488 [main] INFO  com.cloudframe.app.process.Codemove.dispAllVars  348 - AA-W1-COMP-9-44 100
12:10:46.488 [main] INFO  com.cloudframe.app.process.Codemove.dispAllVars  350 - AA-W1-COMP-S9-44 100
12:10:46.488 [main] INFO  com.cloudframe.app.process.Codemove.dispAllVars  352 - AA-W1-COMP-9-84 100
12:10:46.488 [main] INFO  com.cloudframe.app.process.Codemove.dispAllVars  354 - AA-W1-COMP-S9-84 100
12:10:46.488 [main] INFO  com.cloudframe.app.process.Codemove.dispAllVars  356 - AA-W1-COMP-9-124 100
12:10:46.488 [main] INFO  com.cloudframe.app.process.Codemove.dispAllVars  358 - AA-W1-COMP-S9-124 100
12:10:46.489 [main] INFO  com.cloudframe.app.process.Codemove.dispAllVars  360 - AA-W1-DISP-9-44 100
12:10:46.489 [main] INFO  com.cloudframe.app.process.Codemove.dispAllVars  362 - AA-W1-DISP-S9-44 100
12:10:46.489 [main] INFO  com.cloudframe.app.process.Codemove.dispAllVars  364 - AA-W1-DISP-9-84 100
12:10:46.489 [main] INFO  com.cloudframe.app.process.Codemove.dispAllVars  366 - AA-W1-DISP-S9-84 100
12:10:46.490 [main] INFO  com.cloudframe.app.process.Codemove.dispAllVars  368 - AA-W1-DISP-9-124 100
12:10:46.490 [main] INFO  com.cloudframe.app.process.Codemove.dispAllVars  370 - AA-W1-DISP-S9-124 100
12:10:46.490 [main] INFO  com.cloudframe.app.process.Codemove.dispAllVars  372 - AA-W1-BIN-9-44 100
12:10:46.490 [main] INFO  com.cloudframe.app.process.Codemove.dispAllVars  374 - AA-W1-BIN-S9-44 100
12:10:46.490 [main] INFO  com.cloudframe.app.process.Codemove.dispAllVars  376 - AA-W1-BIN-9-84 100
12:10:46.490 [main] INFO  com.cloudframe.app.process.Codemove.dispAllVars  378 - AA-W1-BIN-S9-84 100
12:10:46.491 [main] INFO  com.cloudframe.app.process.Codemove.dispAllVars  380 - AA-W1-BIN-9-124 100
12:10:46.491 [main] INFO  com.cloudframe.app.process.Codemove.dispAllVars  382 - AA-W1-BIN-S9-124 100
12:10:46.491 [main] INFO  com.cloudframe.app.process.Codemove.process38Split126 8367 - ****** AA-W1-COMP-S9-124 *******
12:10:46.492 [main] INFO  com.cloudframe.app.process.Codemove.dispAllVars  284 - AA-W1-COMP-9-4 1
12:10:46.492 [main] INFO  com.cloudframe.app.process.Codemove.dispAllVars  286 - AA-W1-COMP-S9-4 1
12:10:46.492 [main] INFO  com.cloudframe.app.process.Codemove.dispAllVars  288 - AA-W1-COMP-9-8 1
12:10:46.492 [main] INFO  com.cloudframe.app.process.Codemove.dispAllVars  290 - AA-W1-COMP-S9-8 1
12:10:46.492 [main] INFO  com.cloudframe.app.process.Codemove.dispAllVars  292 - AA-W1-COMP-9-12 1
12:10:46.492 [main] INFO  com.cloudframe.app.process.Codemove.dispAllVars  294 - AA-W1-COMP-S9-12 1
12:10:46.493 [main] INFO  com.cloudframe.app.process.Codemove.dispAllVars  296 - AA-W1-BIN-9-4 1
12:10:46.493 [main] INFO  com.cloudframe.app.process.Codemove.dispAllVars  298 - AA-W1-BIN-S9-4 1
12:10:46.493 [main] INFO  com.cloudframe.app.process.Codemove.dispAllVars  300 - AA-W1-BIN-9-8 1
12:10:46.493 [main] INFO  com.cloudframe.app.process.Codemove.dispAllVars  302 - AA-W1-BIN-S9-8 1
12:10:46.493 [main] INFO  com.cloudframe.app.process.Codemove.dispAllVars  304 - AA-W1-BIN-9-12 1
12:10:46.493 [main] INFO  com.cloudframe.app.process.Codemove.dispAllVars  306 - AA-W1-BIN-S9-12 1
12:10:46.494 [main] INFO  com.cloudframe.app.process.Codemove.dispAllVars  308 - AA-W1-EDIT-9-4    1
12:10:46.494 [main] INFO  com.cloudframe.app.process.Codemove.dispAllVars  310 - AA-W1-EDIT-9-4-NB    1
12:10:46.494 [main] INFO  com.cloudframe.app.process.Codemove.dispAllVars  312 - AA-W1-DISP-9-4 1
12:10:46.494 [main] INFO  com.cloudframe.app.process.Codemove.dispAllVars  314 - AA-W1-DISP-S9-4 1
12:10:46.494 [main] INFO  com.cloudframe.app.process.Codemove.dispAllVars  316 - AA-W1-DISP-9-8 1
12:10:46.494 [main] INFO  com.cloudframe.app.process.Codemove.dispAllVars  318 - AA-W1-DISP-S9-8 1
12:10:46.495 [main] INFO  com.cloudframe.app.process.Codemove.dispAllVars  320 - AA-W1-DISP-9-12 1
12:10:46.495 [main] INFO  com.cloudframe.app.process.Codemove.dispAllVars  322 - AA-W1-DISP-S9-12 1
12:10:46.495 [main] INFO  com.cloudframe.app.process.Codemove.dispAllVars  324 - AA-W1-COMP-3-9-4 1
12:10:46.495 [main] INFO  com.cloudframe.app.process.Codemove.dispAllVars  326 - AA-W1-COMP-3-S9-4 1
12:10:46.495 [main] INFO  com.cloudframe.app.process.Codemove.dispAllVars  328 - AA-W1-COMP-3-9-8 1
12:10:46.495 [main] INFO  com.cloudframe.app.process.Codemove.dispAllVars  330 - AA-W1-COMP-3-S9-8 1
12:10:46.496 [main] INFO  com.cloudframe.app.process.Codemove.dispAllVars  332 - AA-W1-COMP-3-9-12 1
12:10:46.496 [main] INFO  com.cloudframe.app.process.Codemove.dispAllVars  334 - AA-W1-COMP-3-S9-12 1
12:10:46.496 [main] INFO  com.cloudframe.app.process.Codemove.dispAllVars  336 - AA-W1-COMP-3-9-44 100
12:10:46.496 [main] INFO  com.cloudframe.app.process.Codemove.dispAllVars  338 - AA-W1-COMP-3-S9-44 100
12:10:46.496 [main] INFO  com.cloudframe.app.process.Codemove.dispAllVars  340 - AA-W1-COMP-3-9-84 100
12:10:46.496 [main] INFO  com.cloudframe.app.process.Codemove.dispAllVars  342 - AA-W1-COMP-3-S9-84 100
12:10:46.497 [main] INFO  com.cloudframe.app.process.Codemove.dispAllVars  344 - AA-W1-COMP-3-9-124 100
12:10:46.497 [main] INFO  com.cloudframe.app.process.Codemove.dispAllVars  346 - AA-W1-COMP-3-S9-124 100
12:10:46.497 [main] INFO  com.cloudframe.app.process.Codemove.dispAllVars  348 - AA-W1-COMP-9-44 100
12:10:46.497 [main] INFO  com.cloudframe.app.process.Codemove.dispAllVars  350 - AA-W1-COMP-S9-44 100
12:10:46.497 [main] INFO  com.cloudframe.app.process.Codemove.dispAllVars  352 - AA-W1-COMP-9-84 100
12:10:46.497 [main] INFO  com.cloudframe.app.process.Codemove.dispAllVars  354 - AA-W1-COMP-S9-84 100
12:10:46.497 [main] INFO  com.cloudframe.app.process.Codemove.dispAllVars  356 - AA-W1-COMP-9-124 100
12:10:46.498 [main] INFO  com.cloudframe.app.process.Codemove.dispAllVars  358 - AA-W1-COMP-S9-124 100
12:10:46.498 [main] INFO  com.cloudframe.app.process.Codemove.dispAllVars  360 - AA-W1-DISP-9-44 100
12:10:46.498 [main] INFO  com.cloudframe.app.process.Codemove.dispAllVars  362 - AA-W1-DISP-S9-44 100
12:10:46.498 [main] INFO  com.cloudframe.app.process.Codemove.dispAllVars  364 - AA-W1-DISP-9-84 100
12:10:46.498 [main] INFO  com.cloudframe.app.process.Codemove.dispAllVars  366 - AA-W1-DISP-S9-84 100
12:10:46.498 [main] INFO  com.cloudframe.app.process.Codemove.dispAllVars  368 - AA-W1-DISP-9-124 100
12:10:46.499 [main] INFO  com.cloudframe.app.process.Codemove.dispAllVars  370 - AA-W1-DISP-S9-124 100
12:10:46.499 [main] INFO  com.cloudframe.app.process.Codemove.dispAllVars  372 - AA-W1-BIN-9-44 100
12:10:46.499 [main] INFO  com.cloudframe.app.process.Codemove.dispAllVars  374 - AA-W1-BIN-S9-44 100
12:10:46.499 [main] INFO  com.cloudframe.app.process.Codemove.dispAllVars  376 - AA-W1-BIN-9-84 100
12:10:46.500 [main] INFO  com.cloudframe.app.process.Codemove.dispAllVars  378 - AA-W1-BIN-S9-84 100
12:10:46.500 [main] INFO  com.cloudframe.app.process.Codemove.dispAllVars  380 - AA-W1-BIN-9-124 100
12:10:46.500 [main] INFO  com.cloudframe.app.process.Codemove.dispAllVars  382 - AA-W1-BIN-S9-124 100
12:10:46.500 [main] INFO  com.cloudframe.app.process.Codemove.process39Split128 8577 - ****** AA-W1-DISP-9-44 *********
12:10:46.501 [main] INFO  com.cloudframe.app.process.Codemove.dispAllVars  284 - AA-W1-COMP-9-4 1
12:10:46.502 [main] INFO  com.cloudframe.app.process.Codemove.dispAllVars  286 - AA-W1-COMP-S9-4 1
12:10:46.502 [main] INFO  com.cloudframe.app.process.Codemove.dispAllVars  288 - AA-W1-COMP-9-8 1
12:10:46.502 [main] INFO  com.cloudframe.app.process.Codemove.dispAllVars  290 - AA-W1-COMP-S9-8 1
12:10:46.502 [main] INFO  com.cloudframe.app.process.Codemove.dispAllVars  292 - AA-W1-COMP-9-12 1
12:10:46.502 [main] INFO  com.cloudframe.app.process.Codemove.dispAllVars  294 - AA-W1-COMP-S9-12 1
12:10:46.502 [main] INFO  com.cloudframe.app.process.Codemove.dispAllVars  296 - AA-W1-BIN-9-4 1
12:10:46.502 [main] INFO  com.cloudframe.app.process.Codemove.dispAllVars  298 - AA-W1-BIN-S9-4 1
12:10:46.503 [main] INFO  com.cloudframe.app.process.Codemove.dispAllVars  300 - AA-W1-BIN-9-8 1
12:10:46.503 [main] INFO  com.cloudframe.app.process.Codemove.dispAllVars  302 - AA-W1-BIN-S9-8 1
12:10:46.503 [main] INFO  com.cloudframe.app.process.Codemove.dispAllVars  304 - AA-W1-BIN-9-12 1
12:10:46.503 [main] INFO  com.cloudframe.app.process.Codemove.dispAllVars  306 - AA-W1-BIN-S9-12 1
12:10:46.503 [main] INFO  com.cloudframe.app.process.Codemove.dispAllVars  308 - AA-W1-EDIT-9-4    1
12:10:46.503 [main] INFO  com.cloudframe.app.process.Codemove.dispAllVars  310 - AA-W1-EDIT-9-4-NB    1
12:10:46.503 [main] INFO  com.cloudframe.app.process.Codemove.dispAllVars  312 - AA-W1-DISP-9-4 1
12:10:46.504 [main] INFO  com.cloudframe.app.process.Codemove.dispAllVars  314 - AA-W1-DISP-S9-4 1
12:10:46.504 [main] INFO  com.cloudframe.app.process.Codemove.dispAllVars  316 - AA-W1-DISP-9-8 1
12:10:46.504 [main] INFO  com.cloudframe.app.process.Codemove.dispAllVars  318 - AA-W1-DISP-S9-8 1
12:10:46.504 [main] INFO  com.cloudframe.app.process.Codemove.dispAllVars  320 - AA-W1-DISP-9-12 1
12:10:46.504 [main] INFO  com.cloudframe.app.process.Codemove.dispAllVars  322 - AA-W1-DISP-S9-12 1
12:10:46.504 [main] INFO  com.cloudframe.app.process.Codemove.dispAllVars  324 - AA-W1-COMP-3-9-4 1
12:10:46.505 [main] INFO  com.cloudframe.app.process.Codemove.dispAllVars  326 - AA-W1-COMP-3-S9-4 1
12:10:46.505 [main] INFO  com.cloudframe.app.process.Codemove.dispAllVars  328 - AA-W1-COMP-3-9-8 1
12:10:46.505 [main] INFO  com.cloudframe.app.process.Codemove.dispAllVars  330 - AA-W1-COMP-3-S9-8 1
12:10:46.505 [main] INFO  com.cloudframe.app.process.Codemove.dispAllVars  332 - AA-W1-COMP-3-9-12 1
12:10:46.505 [main] INFO  com.cloudframe.app.process.Codemove.dispAllVars  334 - AA-W1-COMP-3-S9-12 1
12:10:46.505 [main] INFO  com.cloudframe.app.process.Codemove.dispAllVars  336 - AA-W1-COMP-3-9-44 100
12:10:46.506 [main] INFO  com.cloudframe.app.process.Codemove.dispAllVars  338 - AA-W1-COMP-3-S9-44 100
12:10:46.506 [main] INFO  com.cloudframe.app.process.Codemove.dispAllVars  340 - AA-W1-COMP-3-9-84 100
12:10:46.506 [main] INFO  com.cloudframe.app.process.Codemove.dispAllVars  342 - AA-W1-COMP-3-S9-84 100
12:10:46.506 [main] INFO  com.cloudframe.app.process.Codemove.dispAllVars  344 - AA-W1-COMP-3-9-124 100
12:10:46.506 [main] INFO  com.cloudframe.app.process.Codemove.dispAllVars  346 - AA-W1-COMP-3-S9-124 100
12:10:46.506 [main] INFO  com.cloudframe.app.process.Codemove.dispAllVars  348 - AA-W1-COMP-9-44 100
12:10:46.507 [main] INFO  com.cloudframe.app.process.Codemove.dispAllVars  350 - AA-W1-COMP-S9-44 100
12:10:46.507 [main] INFO  com.cloudframe.app.process.Codemove.dispAllVars  352 - AA-W1-COMP-9-84 100
12:10:46.507 [main] INFO  com.cloudframe.app.process.Codemove.dispAllVars  354 - AA-W1-COMP-S9-84 100
12:10:46.507 [main] INFO  com.cloudframe.app.process.Codemove.dispAllVars  356 - AA-W1-COMP-9-124 100
12:10:46.507 [main] INFO  com.cloudframe.app.process.Codemove.dispAllVars  358 - AA-W1-COMP-S9-124 100
12:10:46.507 [main] INFO  com.cloudframe.app.process.Codemove.dispAllVars  360 - AA-W1-DISP-9-44 100
12:10:46.508 [main] INFO  com.cloudframe.app.process.Codemove.dispAllVars  362 - AA-W1-DISP-S9-44 100
12:10:46.508 [main] INFO  com.cloudframe.app.process.Codemove.dispAllVars  364 - AA-W1-DISP-9-84 100
12:10:46.508 [main] INFO  com.cloudframe.app.process.Codemove.dispAllVars  366 - AA-W1-DISP-S9-84 100
12:10:46.508 [main] INFO  com.cloudframe.app.process.Codemove.dispAllVars  368 - AA-W1-DISP-9-124 100
12:10:46.508 [main] INFO  com.cloudframe.app.process.Codemove.dispAllVars  370 - AA-W1-DISP-S9-124 100
12:10:46.508 [main] INFO  com.cloudframe.app.process.Codemove.dispAllVars  372 - AA-W1-BIN-9-44 100
12:10:46.508 [main] INFO  com.cloudframe.app.process.Codemove.dispAllVars  374 - AA-W1-BIN-S9-44 100
12:10:46.509 [main] INFO  com.cloudframe.app.process.Codemove.dispAllVars  376 - AA-W1-BIN-9-84 100
12:10:46.509 [main] INFO  com.cloudframe.app.process.Codemove.dispAllVars  378 - AA-W1-BIN-S9-84 100
12:10:46.509 [main] INFO  com.cloudframe.app.process.Codemove.dispAllVars  380 - AA-W1-BIN-9-124 100
12:10:46.509 [main] INFO  com.cloudframe.app.process.Codemove.dispAllVars  382 - AA-W1-BIN-S9-124 100
12:10:46.509 [main] INFO  com.cloudframe.app.process.Codemove.process40Split130 8787 - ***** AA-W1-DISP-S9-44 *********
12:10:46.510 [main] INFO  com.cloudframe.app.process.Codemove.dispAllVars  284 - AA-W1-COMP-9-4 1
12:10:46.511 [main] INFO  com.cloudframe.app.process.Codemove.dispAllVars  286 - AA-W1-COMP-S9-4 1
12:10:46.511 [main] INFO  com.cloudframe.app.process.Codemove.dispAllVars  288 - AA-W1-COMP-9-8 1
12:10:46.511 [main] INFO  com.cloudframe.app.process.Codemove.dispAllVars  290 - AA-W1-COMP-S9-8 1
12:10:46.511 [main] INFO  com.cloudframe.app.process.Codemove.dispAllVars  292 - AA-W1-COMP-9-12 1
12:10:46.511 [main] INFO  com.cloudframe.app.process.Codemove.dispAllVars  294 - AA-W1-COMP-S9-12 1
12:10:46.511 [main] INFO  com.cloudframe.app.process.Codemove.dispAllVars  296 - AA-W1-BIN-9-4 1
12:10:46.512 [main] INFO  com.cloudframe.app.process.Codemove.dispAllVars  298 - AA-W1-BIN-S9-4 1
12:10:46.512 [main] INFO  com.cloudframe.app.process.Codemove.dispAllVars  300 - AA-W1-BIN-9-8 1
12:10:46.512 [main] INFO  com.cloudframe.app.process.Codemove.dispAllVars  302 - AA-W1-BIN-S9-8 1
12:10:46.512 [main] INFO  com.cloudframe.app.process.Codemove.dispAllVars  304 - AA-W1-BIN-9-12 1
12:10:46.512 [main] INFO  com.cloudframe.app.process.Codemove.dispAllVars  306 - AA-W1-BIN-S9-12 1
12:10:46.512 [main] INFO  com.cloudframe.app.process.Codemove.dispAllVars  308 - AA-W1-EDIT-9-4    1
12:10:46.512 [main] INFO  com.cloudframe.app.process.Codemove.dispAllVars  310 - AA-W1-EDIT-9-4-NB    1
12:10:46.513 [main] INFO  com.cloudframe.app.process.Codemove.dispAllVars  312 - AA-W1-DISP-9-4 1
12:10:46.513 [main] INFO  com.cloudframe.app.process.Codemove.dispAllVars  314 - AA-W1-DISP-S9-4 1
12:10:46.513 [main] INFO  com.cloudframe.app.process.Codemove.dispAllVars  316 - AA-W1-DISP-9-8 1
12:10:46.513 [main] INFO  com.cloudframe.app.process.Codemove.dispAllVars  318 - AA-W1-DISP-S9-8 1
12:10:46.513 [main] INFO  com.cloudframe.app.process.Codemove.dispAllVars  320 - AA-W1-DISP-9-12 1
12:10:46.513 [main] INFO  com.cloudframe.app.process.Codemove.dispAllVars  322 - AA-W1-DISP-S9-12 1
12:10:46.514 [main] INFO  com.cloudframe.app.process.Codemove.dispAllVars  324 - AA-W1-COMP-3-9-4 1
12:10:46.514 [main] INFO  com.cloudframe.app.process.Codemove.dispAllVars  326 - AA-W1-COMP-3-S9-4 1
12:10:46.514 [main] INFO  com.cloudframe.app.process.Codemove.dispAllVars  328 - AA-W1-COMP-3-9-8 1
12:10:46.514 [main] INFO  com.cloudframe.app.process.Codemove.dispAllVars  330 - AA-W1-COMP-3-S9-8 1
12:10:46.514 [main] INFO  com.cloudframe.app.process.Codemove.dispAllVars  332 - AA-W1-COMP-3-9-12 1
12:10:46.514 [main] INFO  com.cloudframe.app.process.Codemove.dispAllVars  334 - AA-W1-COMP-3-S9-12 1
12:10:46.514 [main] INFO  com.cloudframe.app.process.Codemove.dispAllVars  336 - AA-W1-COMP-3-9-44 100
12:10:46.515 [main] INFO  com.cloudframe.app.process.Codemove.dispAllVars  338 - AA-W1-COMP-3-S9-44 100
12:10:46.515 [main] INFO  com.cloudframe.app.process.Codemove.dispAllVars  340 - AA-W1-COMP-3-9-84 100
12:10:46.515 [main] INFO  com.cloudframe.app.process.Codemove.dispAllVars  342 - AA-W1-COMP-3-S9-84 100
12:10:46.515 [main] INFO  com.cloudframe.app.process.Codemove.dispAllVars  344 - AA-W1-COMP-3-9-124 100
12:10:46.515 [main] INFO  com.cloudframe.app.process.Codemove.dispAllVars  346 - AA-W1-COMP-3-S9-124 100
12:10:46.515 [main] INFO  com.cloudframe.app.process.Codemove.dispAllVars  348 - AA-W1-COMP-9-44 100
12:10:46.516 [main] INFO  com.cloudframe.app.process.Codemove.dispAllVars  350 - AA-W1-COMP-S9-44 100
12:10:46.516 [main] INFO  com.cloudframe.app.process.Codemove.dispAllVars  352 - AA-W1-COMP-9-84 100
12:10:46.516 [main] INFO  com.cloudframe.app.process.Codemove.dispAllVars  354 - AA-W1-COMP-S9-84 100
12:10:46.516 [main] INFO  com.cloudframe.app.process.Codemove.dispAllVars  356 - AA-W1-COMP-9-124 100
12:10:46.516 [main] INFO  com.cloudframe.app.process.Codemove.dispAllVars  358 - AA-W1-COMP-S9-124 100
12:10:46.516 [main] INFO  com.cloudframe.app.process.Codemove.dispAllVars  360 - AA-W1-DISP-9-44 100
12:10:46.516 [main] INFO  com.cloudframe.app.process.Codemove.dispAllVars  362 - AA-W1-DISP-S9-44 100
12:10:46.517 [main] INFO  com.cloudframe.app.process.Codemove.dispAllVars  364 - AA-W1-DISP-9-84 100
12:10:46.517 [main] INFO  com.cloudframe.app.process.Codemove.dispAllVars  366 - AA-W1-DISP-S9-84 100
12:10:46.517 [main] INFO  com.cloudframe.app.process.Codemove.dispAllVars  368 - AA-W1-DISP-9-124 100
12:10:46.517 [main] INFO  com.cloudframe.app.process.Codemove.dispAllVars  370 - AA-W1-DISP-S9-124 100
12:10:46.517 [main] INFO  com.cloudframe.app.process.Codemove.dispAllVars  372 - AA-W1-BIN-9-44 100
12:10:46.517 [main] INFO  com.cloudframe.app.process.Codemove.dispAllVars  374 - AA-W1-BIN-S9-44 100
12:10:46.518 [main] INFO  com.cloudframe.app.process.Codemove.dispAllVars  376 - AA-W1-BIN-9-84 100
12:10:46.518 [main] INFO  com.cloudframe.app.process.Codemove.dispAllVars  378 - AA-W1-BIN-S9-84 100
12:10:46.518 [main] INFO  com.cloudframe.app.process.Codemove.dispAllVars  380 - AA-W1-BIN-9-124 100
12:10:46.518 [main] INFO  com.cloudframe.app.process.Codemove.dispAllVars  382 - AA-W1-BIN-S9-124 100
12:10:46.518 [main] INFO  com.cloudframe.app.process.Codemove.process41Split132 8997 - ***** AA-W1-DISP-9-84 **********
12:10:46.519 [main] INFO  com.cloudframe.app.process.Codemove.dispAllVars  284 - AA-W1-COMP-9-4 1
12:10:46.519 [main] INFO  com.cloudframe.app.process.Codemove.dispAllVars  286 - AA-W1-COMP-S9-4 1
12:10:46.519 [main] INFO  com.cloudframe.app.process.Codemove.dispAllVars  288 - AA-W1-COMP-9-8 1
12:10:46.520 [main] INFO  com.cloudframe.app.process.Codemove.dispAllVars  290 - AA-W1-COMP-S9-8 1
12:10:46.520 [main] INFO  com.cloudframe.app.process.Codemove.dispAllVars  292 - AA-W1-COMP-9-12 1
12:10:46.520 [main] INFO  com.cloudframe.app.process.Codemove.dispAllVars  294 - AA-W1-COMP-S9-12 1
12:10:46.520 [main] INFO  com.cloudframe.app.process.Codemove.dispAllVars  296 - AA-W1-BIN-9-4 1
12:10:46.520 [main] INFO  com.cloudframe.app.process.Codemove.dispAllVars  298 - AA-W1-BIN-S9-4 1
12:10:46.520 [main] INFO  com.cloudframe.app.process.Codemove.dispAllVars  300 - AA-W1-BIN-9-8 1
12:10:46.521 [main] INFO  com.cloudframe.app.process.Codemove.dispAllVars  302 - AA-W1-BIN-S9-8 1
12:10:46.521 [main] INFO  com.cloudframe.app.process.Codemove.dispAllVars  304 - AA-W1-BIN-9-12 1
12:10:46.521 [main] INFO  com.cloudframe.app.process.Codemove.dispAllVars  306 - AA-W1-BIN-S9-12 1
12:10:46.521 [main] INFO  com.cloudframe.app.process.Codemove.dispAllVars  308 - AA-W1-EDIT-9-4    1
12:10:46.521 [main] INFO  com.cloudframe.app.process.Codemove.dispAllVars  310 - AA-W1-EDIT-9-4-NB    1
12:10:46.521 [main] INFO  com.cloudframe.app.process.Codemove.dispAllVars  312 - AA-W1-DISP-9-4 1
12:10:46.521 [main] INFO  com.cloudframe.app.process.Codemove.dispAllVars  314 - AA-W1-DISP-S9-4 1
12:10:46.522 [main] INFO  com.cloudframe.app.process.Codemove.dispAllVars  316 - AA-W1-DISP-9-8 1
12:10:46.522 [main] INFO  com.cloudframe.app.process.Codemove.dispAllVars  318 - AA-W1-DISP-S9-8 1
12:10:46.522 [main] INFO  com.cloudframe.app.process.Codemove.dispAllVars  320 - AA-W1-DISP-9-12 1
12:10:46.522 [main] INFO  com.cloudframe.app.process.Codemove.dispAllVars  322 - AA-W1-DISP-S9-12 1
12:10:46.522 [main] INFO  com.cloudframe.app.process.Codemove.dispAllVars  324 - AA-W1-COMP-3-9-4 1
12:10:46.523 [main] INFO  com.cloudframe.app.process.Codemove.dispAllVars  326 - AA-W1-COMP-3-S9-4 1
12:10:46.523 [main] INFO  com.cloudframe.app.process.Codemove.dispAllVars  328 - AA-W1-COMP-3-9-8 1
12:10:46.523 [main] INFO  com.cloudframe.app.process.Codemove.dispAllVars  330 - AA-W1-COMP-3-S9-8 1
12:10:46.523 [main] INFO  com.cloudframe.app.process.Codemove.dispAllVars  332 - AA-W1-COMP-3-9-12 1
12:10:46.523 [main] INFO  com.cloudframe.app.process.Codemove.dispAllVars  334 - AA-W1-COMP-3-S9-12 1
12:10:46.524 [main] INFO  com.cloudframe.app.process.Codemove.dispAllVars  336 - AA-W1-COMP-3-9-44 100
12:10:46.524 [main] INFO  com.cloudframe.app.process.Codemove.dispAllVars  338 - AA-W1-COMP-3-S9-44 100
12:10:46.524 [main] INFO  com.cloudframe.app.process.Codemove.dispAllVars  340 - AA-W1-COMP-3-9-84 100
12:10:46.524 [main] INFO  com.cloudframe.app.process.Codemove.dispAllVars  342 - AA-W1-COMP-3-S9-84 100
12:10:46.524 [main] INFO  com.cloudframe.app.process.Codemove.dispAllVars  344 - AA-W1-COMP-3-9-124 100
12:10:46.524 [main] INFO  com.cloudframe.app.process.Codemove.dispAllVars  346 - AA-W1-COMP-3-S9-124 100
12:10:46.525 [main] INFO  com.cloudframe.app.process.Codemove.dispAllVars  348 - AA-W1-COMP-9-44 100
12:10:46.525 [main] INFO  com.cloudframe.app.process.Codemove.dispAllVars  350 - AA-W1-COMP-S9-44 100
12:10:46.525 [main] INFO  com.cloudframe.app.process.Codemove.dispAllVars  352 - AA-W1-COMP-9-84 100
12:10:46.525 [main] INFO  com.cloudframe.app.process.Codemove.dispAllVars  354 - AA-W1-COMP-S9-84 100
12:10:46.525 [main] INFO  com.cloudframe.app.process.Codemove.dispAllVars  356 - AA-W1-COMP-9-124 100
12:10:46.525 [main] INFO  com.cloudframe.app.process.Codemove.dispAllVars  358 - AA-W1-COMP-S9-124 100
12:10:46.526 [main] INFO  com.cloudframe.app.process.Codemove.dispAllVars  360 - AA-W1-DISP-9-44 100
12:10:46.526 [main] INFO  com.cloudframe.app.process.Codemove.dispAllVars  362 - AA-W1-DISP-S9-44 100
12:10:46.526 [main] INFO  com.cloudframe.app.process.Codemove.dispAllVars  364 - AA-W1-DISP-9-84 100
12:10:46.526 [main] INFO  com.cloudframe.app.process.Codemove.dispAllVars  366 - AA-W1-DISP-S9-84 100
12:10:46.526 [main] INFO  com.cloudframe.app.process.Codemove.dispAllVars  368 - AA-W1-DISP-9-124 100
12:10:46.526 [main] INFO  com.cloudframe.app.process.Codemove.dispAllVars  370 - AA-W1-DISP-S9-124 100
12:10:46.527 [main] INFO  com.cloudframe.app.process.Codemove.dispAllVars  372 - AA-W1-BIN-9-44 100
12:10:46.527 [main] INFO  com.cloudframe.app.process.Codemove.dispAllVars  374 - AA-W1-BIN-S9-44 100
12:10:46.527 [main] INFO  com.cloudframe.app.process.Codemove.dispAllVars  376 - AA-W1-BIN-9-84 100
12:10:46.527 [main] INFO  com.cloudframe.app.process.Codemove.dispAllVars  378 - AA-W1-BIN-S9-84 100
12:10:46.527 [main] INFO  com.cloudframe.app.process.Codemove.dispAllVars  380 - AA-W1-BIN-9-124 100
12:10:46.527 [main] INFO  com.cloudframe.app.process.Codemove.dispAllVars  382 - AA-W1-BIN-S9-124 100
12:10:46.528 [main] INFO  com.cloudframe.app.process.Codemove.process42Split134 9207 - ****** AA-W1-DISP-S9-84 ********
12:10:46.528 [main] INFO  com.cloudframe.app.process.Codemove.dispAllVars  284 - AA-W1-COMP-9-4 1
12:10:46.528 [main] INFO  com.cloudframe.app.process.Codemove.dispAllVars  286 - AA-W1-COMP-S9-4 1
12:10:46.529 [main] INFO  com.cloudframe.app.process.Codemove.dispAllVars  288 - AA-W1-COMP-9-8 1
12:10:46.529 [main] INFO  com.cloudframe.app.process.Codemove.dispAllVars  290 - AA-W1-COMP-S9-8 1
12:10:46.529 [main] INFO  com.cloudframe.app.process.Codemove.dispAllVars  292 - AA-W1-COMP-9-12 1
12:10:46.529 [main] INFO  com.cloudframe.app.process.Codemove.dispAllVars  294 - AA-W1-COMP-S9-12 1
12:10:46.529 [main] INFO  com.cloudframe.app.process.Codemove.dispAllVars  296 - AA-W1-BIN-9-4 1
12:10:46.529 [main] INFO  com.cloudframe.app.process.Codemove.dispAllVars  298 - AA-W1-BIN-S9-4 1
12:10:46.530 [main] INFO  com.cloudframe.app.process.Codemove.dispAllVars  300 - AA-W1-BIN-9-8 1
12:10:46.530 [main] INFO  com.cloudframe.app.process.Codemove.dispAllVars  302 - AA-W1-BIN-S9-8 1
12:10:46.530 [main] INFO  com.cloudframe.app.process.Codemove.dispAllVars  304 - AA-W1-BIN-9-12 1
12:10:46.530 [main] INFO  com.cloudframe.app.process.Codemove.dispAllVars  306 - AA-W1-BIN-S9-12 1
12:10:46.530 [main] INFO  com.cloudframe.app.process.Codemove.dispAllVars  308 - AA-W1-EDIT-9-4    1
12:10:46.530 [main] INFO  com.cloudframe.app.process.Codemove.dispAllVars  310 - AA-W1-EDIT-9-4-NB    1
12:10:46.530 [main] INFO  com.cloudframe.app.process.Codemove.dispAllVars  312 - AA-W1-DISP-9-4 1
12:10:46.531 [main] INFO  com.cloudframe.app.process.Codemove.dispAllVars  314 - AA-W1-DISP-S9-4 1
12:10:46.531 [main] INFO  com.cloudframe.app.process.Codemove.dispAllVars  316 - AA-W1-DISP-9-8 1
12:10:46.531 [main] INFO  com.cloudframe.app.process.Codemove.dispAllVars  318 - AA-W1-DISP-S9-8 1
12:10:46.531 [main] INFO  com.cloudframe.app.process.Codemove.dispAllVars  320 - AA-W1-DISP-9-12 1
12:10:46.531 [main] INFO  com.cloudframe.app.process.Codemove.dispAllVars  322 - AA-W1-DISP-S9-12 1
12:10:46.531 [main] INFO  com.cloudframe.app.process.Codemove.dispAllVars  324 - AA-W1-COMP-3-9-4 1
12:10:46.532 [main] INFO  com.cloudframe.app.process.Codemove.dispAllVars  326 - AA-W1-COMP-3-S9-4 1
12:10:46.532 [main] INFO  com.cloudframe.app.process.Codemove.dispAllVars  328 - AA-W1-COMP-3-9-8 1
12:10:46.532 [main] INFO  com.cloudframe.app.process.Codemove.dispAllVars  330 - AA-W1-COMP-3-S9-8 1
12:10:46.532 [main] INFO  com.cloudframe.app.process.Codemove.dispAllVars  332 - AA-W1-COMP-3-9-12 1
12:10:46.532 [main] INFO  com.cloudframe.app.process.Codemove.dispAllVars  334 - AA-W1-COMP-3-S9-12 1
12:10:46.532 [main] INFO  com.cloudframe.app.process.Codemove.dispAllVars  336 - AA-W1-COMP-3-9-44 100
12:10:46.532 [main] INFO  com.cloudframe.app.process.Codemove.dispAllVars  338 - AA-W1-COMP-3-S9-44 100
12:10:46.533 [main] INFO  com.cloudframe.app.process.Codemove.dispAllVars  340 - AA-W1-COMP-3-9-84 100
12:10:46.533 [main] INFO  com.cloudframe.app.process.Codemove.dispAllVars  342 - AA-W1-COMP-3-S9-84 100
12:10:46.533 [main] INFO  com.cloudframe.app.process.Codemove.dispAllVars  344 - AA-W1-COMP-3-9-124 100
12:10:46.533 [main] INFO  com.cloudframe.app.process.Codemove.dispAllVars  346 - AA-W1-COMP-3-S9-124 100
12:10:46.533 [main] INFO  com.cloudframe.app.process.Codemove.dispAllVars  348 - AA-W1-COMP-9-44 100
12:10:46.533 [main] INFO  com.cloudframe.app.process.Codemove.dispAllVars  350 - AA-W1-COMP-S9-44 100
12:10:46.534 [main] INFO  com.cloudframe.app.process.Codemove.dispAllVars  352 - AA-W1-COMP-9-84 100
12:10:46.534 [main] INFO  com.cloudframe.app.process.Codemove.dispAllVars  354 - AA-W1-COMP-S9-84 100
12:10:46.534 [main] INFO  com.cloudframe.app.process.Codemove.dispAllVars  356 - AA-W1-COMP-9-124 100
12:10:46.534 [main] INFO  com.cloudframe.app.process.Codemove.dispAllVars  358 - AA-W1-COMP-S9-124 100
12:10:46.534 [main] INFO  com.cloudframe.app.process.Codemove.dispAllVars  360 - AA-W1-DISP-9-44 100
12:10:46.534 [main] INFO  com.cloudframe.app.process.Codemove.dispAllVars  362 - AA-W1-DISP-S9-44 100
12:10:46.534 [main] INFO  com.cloudframe.app.process.Codemove.dispAllVars  364 - AA-W1-DISP-9-84 100
12:10:46.535 [main] INFO  com.cloudframe.app.process.Codemove.dispAllVars  366 - AA-W1-DISP-S9-84 100
12:10:46.535 [main] INFO  com.cloudframe.app.process.Codemove.dispAllVars  368 - AA-W1-DISP-9-124 100
12:10:46.535 [main] INFO  com.cloudframe.app.process.Codemove.dispAllVars  370 - AA-W1-DISP-S9-124 100
12:10:46.535 [main] INFO  com.cloudframe.app.process.Codemove.dispAllVars  372 - AA-W1-BIN-9-44 100
12:10:46.535 [main] INFO  com.cloudframe.app.process.Codemove.dispAllVars  374 - AA-W1-BIN-S9-44 100
12:10:46.535 [main] INFO  com.cloudframe.app.process.Codemove.dispAllVars  376 - AA-W1-BIN-9-84 100
12:10:46.535 [main] INFO  com.cloudframe.app.process.Codemove.dispAllVars  378 - AA-W1-BIN-S9-84 100
12:10:46.536 [main] INFO  com.cloudframe.app.process.Codemove.dispAllVars  380 - AA-W1-BIN-9-124 100
12:10:46.536 [main] INFO  com.cloudframe.app.process.Codemove.dispAllVars  382 - AA-W1-BIN-S9-124 100
12:10:46.536 [main] INFO  com.cloudframe.app.process.Codemove.process43Split136 9417 - ****** AA-W1-DISP-9-124 ********
12:10:46.537 [main] INFO  com.cloudframe.app.process.Codemove.dispAllVars  284 - AA-W1-COMP-9-4 1
12:10:46.538 [main] INFO  com.cloudframe.app.process.Codemove.dispAllVars  286 - AA-W1-COMP-S9-4 1
12:10:46.538 [main] INFO  com.cloudframe.app.process.Codemove.dispAllVars  288 - AA-W1-COMP-9-8 1
12:10:46.538 [main] INFO  com.cloudframe.app.process.Codemove.dispAllVars  290 - AA-W1-COMP-S9-8 1
12:10:46.538 [main] INFO  com.cloudframe.app.process.Codemove.dispAllVars  292 - AA-W1-COMP-9-12 1
12:10:46.538 [main] INFO  com.cloudframe.app.process.Codemove.dispAllVars  294 - AA-W1-COMP-S9-12 1
12:10:46.538 [main] INFO  com.cloudframe.app.process.Codemove.dispAllVars  296 - AA-W1-BIN-9-4 1
12:10:46.539 [main] INFO  com.cloudframe.app.process.Codemove.dispAllVars  298 - AA-W1-BIN-S9-4 1
12:10:46.539 [main] INFO  com.cloudframe.app.process.Codemove.dispAllVars  300 - AA-W1-BIN-9-8 1
12:10:46.539 [main] INFO  com.cloudframe.app.process.Codemove.dispAllVars  302 - AA-W1-BIN-S9-8 1
12:10:46.539 [main] INFO  com.cloudframe.app.process.Codemove.dispAllVars  304 - AA-W1-BIN-9-12 1
12:10:46.539 [main] INFO  com.cloudframe.app.process.Codemove.dispAllVars  306 - AA-W1-BIN-S9-12 1
12:10:46.539 [main] INFO  com.cloudframe.app.process.Codemove.dispAllVars  308 - AA-W1-EDIT-9-4    1
12:10:46.539 [main] INFO  com.cloudframe.app.process.Codemove.dispAllVars  310 - AA-W1-EDIT-9-4-NB    1
12:10:46.540 [main] INFO  com.cloudframe.app.process.Codemove.dispAllVars  312 - AA-W1-DISP-9-4 1
12:10:46.540 [main] INFO  com.cloudframe.app.process.Codemove.dispAllVars  314 - AA-W1-DISP-S9-4 1
12:10:46.540 [main] INFO  com.cloudframe.app.process.Codemove.dispAllVars  316 - AA-W1-DISP-9-8 1
12:10:46.540 [main] INFO  com.cloudframe.app.process.Codemove.dispAllVars  318 - AA-W1-DISP-S9-8 1
12:10:46.540 [main] INFO  com.cloudframe.app.process.Codemove.dispAllVars  320 - AA-W1-DISP-9-12 1
12:10:46.540 [main] INFO  com.cloudframe.app.process.Codemove.dispAllVars  322 - AA-W1-DISP-S9-12 1
12:10:46.541 [main] INFO  com.cloudframe.app.process.Codemove.dispAllVars  324 - AA-W1-COMP-3-9-4 1
12:10:46.541 [main] INFO  com.cloudframe.app.process.Codemove.dispAllVars  326 - AA-W1-COMP-3-S9-4 1
12:10:46.541 [main] INFO  com.cloudframe.app.process.Codemove.dispAllVars  328 - AA-W1-COMP-3-9-8 1
12:10:46.541 [main] INFO  com.cloudframe.app.process.Codemove.dispAllVars  330 - AA-W1-COMP-3-S9-8 1
12:10:46.541 [main] INFO  com.cloudframe.app.process.Codemove.dispAllVars  332 - AA-W1-COMP-3-9-12 1
12:10:46.541 [main] INFO  com.cloudframe.app.process.Codemove.dispAllVars  334 - AA-W1-COMP-3-S9-12 1
12:10:46.541 [main] INFO  com.cloudframe.app.process.Codemove.dispAllVars  336 - AA-W1-COMP-3-9-44 100
12:10:46.542 [main] INFO  com.cloudframe.app.process.Codemove.dispAllVars  338 - AA-W1-COMP-3-S9-44 100
12:10:46.542 [main] INFO  com.cloudframe.app.process.Codemove.dispAllVars  340 - AA-W1-COMP-3-9-84 100
12:10:46.542 [main] INFO  com.cloudframe.app.process.Codemove.dispAllVars  342 - AA-W1-COMP-3-S9-84 100
12:10:46.542 [main] INFO  com.cloudframe.app.process.Codemove.dispAllVars  344 - AA-W1-COMP-3-9-124 100
12:10:46.542 [main] INFO  com.cloudframe.app.process.Codemove.dispAllVars  346 - AA-W1-COMP-3-S9-124 100
12:10:46.542 [main] INFO  com.cloudframe.app.process.Codemove.dispAllVars  348 - AA-W1-COMP-9-44 100
12:10:46.543 [main] INFO  com.cloudframe.app.process.Codemove.dispAllVars  350 - AA-W1-COMP-S9-44 100
12:10:46.543 [main] INFO  com.cloudframe.app.process.Codemove.dispAllVars  352 - AA-W1-COMP-9-84 100
12:10:46.543 [main] INFO  com.cloudframe.app.process.Codemove.dispAllVars  354 - AA-W1-COMP-S9-84 100
12:10:46.543 [main] INFO  com.cloudframe.app.process.Codemove.dispAllVars  356 - AA-W1-COMP-9-124 100
12:10:46.543 [main] INFO  com.cloudframe.app.process.Codemove.dispAllVars  358 - AA-W1-COMP-S9-124 100
12:10:46.543 [main] INFO  com.cloudframe.app.process.Codemove.dispAllVars  360 - AA-W1-DISP-9-44 100
12:10:46.543 [main] INFO  com.cloudframe.app.process.Codemove.dispAllVars  362 - AA-W1-DISP-S9-44 100
12:10:46.544 [main] INFO  com.cloudframe.app.process.Codemove.dispAllVars  364 - AA-W1-DISP-9-84 100
12:10:46.544 [main] INFO  com.cloudframe.app.process.Codemove.dispAllVars  366 - AA-W1-DISP-S9-84 100
12:10:46.544 [main] INFO  com.cloudframe.app.process.Codemove.dispAllVars  368 - AA-W1-DISP-9-124 100
12:10:46.544 [main] INFO  com.cloudframe.app.process.Codemove.dispAllVars  370 - AA-W1-DISP-S9-124 100
12:10:46.544 [main] INFO  com.cloudframe.app.process.Codemove.dispAllVars  372 - AA-W1-BIN-9-44 100
12:10:46.544 [main] INFO  com.cloudframe.app.process.Codemove.dispAllVars  374 - AA-W1-BIN-S9-44 100
12:10:46.545 [main] INFO  com.cloudframe.app.process.Codemove.dispAllVars  376 - AA-W1-BIN-9-84 100
12:10:46.545 [main] INFO  com.cloudframe.app.process.Codemove.dispAllVars  378 - AA-W1-BIN-S9-84 100
12:10:46.545 [main] INFO  com.cloudframe.app.process.Codemove.dispAllVars  380 - AA-W1-BIN-9-124 100
12:10:46.545 [main] INFO  com.cloudframe.app.process.Codemove.dispAllVars  382 - AA-W1-BIN-S9-124 100
12:10:46.545 [main] INFO  com.cloudframe.app.process.Codemove.process44Split138 9627 - ***** AA-W1-DISP-S9-124 ********
12:10:46.546 [main] INFO  com.cloudframe.app.process.Codemove.dispAllVars  284 - AA-W1-COMP-9-4 1
12:10:46.546 [main] INFO  com.cloudframe.app.process.Codemove.dispAllVars  286 - AA-W1-COMP-S9-4 1
12:10:46.546 [main] INFO  com.cloudframe.app.process.Codemove.dispAllVars  288 - AA-W1-COMP-9-8 1
12:10:46.546 [main] INFO  com.cloudframe.app.process.Codemove.dispAllVars  290 - AA-W1-COMP-S9-8 1
12:10:46.547 [main] INFO  com.cloudframe.app.process.Codemove.dispAllVars  292 - AA-W1-COMP-9-12 1
12:10:46.547 [main] INFO  com.cloudframe.app.process.Codemove.dispAllVars  294 - AA-W1-COMP-S9-12 1
12:10:46.547 [main] INFO  com.cloudframe.app.process.Codemove.dispAllVars  296 - AA-W1-BIN-9-4 1
12:10:46.547 [main] INFO  com.cloudframe.app.process.Codemove.dispAllVars  298 - AA-W1-BIN-S9-4 1
12:10:46.547 [main] INFO  com.cloudframe.app.process.Codemove.dispAllVars  300 - AA-W1-BIN-9-8 1
12:10:46.547 [main] INFO  com.cloudframe.app.process.Codemove.dispAllVars  302 - AA-W1-BIN-S9-8 1
12:10:46.547 [main] INFO  com.cloudframe.app.process.Codemove.dispAllVars  304 - AA-W1-BIN-9-12 1
12:10:46.548 [main] INFO  com.cloudframe.app.process.Codemove.dispAllVars  306 - AA-W1-BIN-S9-12 1
12:10:46.548 [main] INFO  com.cloudframe.app.process.Codemove.dispAllVars  308 - AA-W1-EDIT-9-4    1
12:10:46.548 [main] INFO  com.cloudframe.app.process.Codemove.dispAllVars  310 - AA-W1-EDIT-9-4-NB    1
12:10:46.548 [main] INFO  com.cloudframe.app.process.Codemove.dispAllVars  312 - AA-W1-DISP-9-4 1
12:10:46.548 [main] INFO  com.cloudframe.app.process.Codemove.dispAllVars  314 - AA-W1-DISP-S9-4 1
12:10:46.548 [main] INFO  com.cloudframe.app.process.Codemove.dispAllVars  316 - AA-W1-DISP-9-8 1
12:10:46.548 [main] INFO  com.cloudframe.app.process.Codemove.dispAllVars  318 - AA-W1-DISP-S9-8 1
12:10:46.549 [main] INFO  com.cloudframe.app.process.Codemove.dispAllVars  320 - AA-W1-DISP-9-12 1
12:10:46.549 [main] INFO  com.cloudframe.app.process.Codemove.dispAllVars  322 - AA-W1-DISP-S9-12 1
12:10:46.549 [main] INFO  com.cloudframe.app.process.Codemove.dispAllVars  324 - AA-W1-COMP-3-9-4 1
12:10:46.549 [main] INFO  com.cloudframe.app.process.Codemove.dispAllVars  326 - AA-W1-COMP-3-S9-4 1
12:10:46.550 [main] INFO  com.cloudframe.app.process.Codemove.dispAllVars  328 - AA-W1-COMP-3-9-8 1
12:10:46.550 [main] INFO  com.cloudframe.app.process.Codemove.dispAllVars  330 - AA-W1-COMP-3-S9-8 1
12:10:46.550 [main] INFO  com.cloudframe.app.process.Codemove.dispAllVars  332 - AA-W1-COMP-3-9-12 1
12:10:46.550 [main] INFO  com.cloudframe.app.process.Codemove.dispAllVars  334 - AA-W1-COMP-3-S9-12 1
12:10:46.550 [main] INFO  com.cloudframe.app.process.Codemove.dispAllVars  336 - AA-W1-COMP-3-9-44 100
12:10:46.550 [main] INFO  com.cloudframe.app.process.Codemove.dispAllVars  338 - AA-W1-COMP-3-S9-44 100
12:10:46.551 [main] INFO  com.cloudframe.app.process.Codemove.dispAllVars  340 - AA-W1-COMP-3-9-84 100
12:10:46.551 [main] INFO  com.cloudframe.app.process.Codemove.dispAllVars  342 - AA-W1-COMP-3-S9-84 100
12:10:46.551 [main] INFO  com.cloudframe.app.process.Codemove.dispAllVars  344 - AA-W1-COMP-3-9-124 100
12:10:46.551 [main] INFO  com.cloudframe.app.process.Codemove.dispAllVars  346 - AA-W1-COMP-3-S9-124 100
12:10:46.551 [main] INFO  com.cloudframe.app.process.Codemove.dispAllVars  348 - AA-W1-COMP-9-44 100
12:10:46.551 [main] INFO  com.cloudframe.app.process.Codemove.dispAllVars  350 - AA-W1-COMP-S9-44 100
12:10:46.551 [main] INFO  com.cloudframe.app.process.Codemove.dispAllVars  352 - AA-W1-COMP-9-84 100
12:10:46.552 [main] INFO  com.cloudframe.app.process.Codemove.dispAllVars  354 - AA-W1-COMP-S9-84 100
12:10:46.552 [main] INFO  com.cloudframe.app.process.Codemove.dispAllVars  356 - AA-W1-COMP-9-124 100
12:10:46.552 [main] INFO  com.cloudframe.app.process.Codemove.dispAllVars  358 - AA-W1-COMP-S9-124 100
12:10:46.552 [main] INFO  com.cloudframe.app.process.Codemove.dispAllVars  360 - AA-W1-DISP-9-44 100
12:10:46.552 [main] INFO  com.cloudframe.app.process.Codemove.dispAllVars  362 - AA-W1-DISP-S9-44 100
12:10:46.552 [main] INFO  com.cloudframe.app.process.Codemove.dispAllVars  364 - AA-W1-DISP-9-84 100
12:10:46.553 [main] INFO  com.cloudframe.app.process.Codemove.dispAllVars  366 - AA-W1-DISP-S9-84 100
12:10:46.553 [main] INFO  com.cloudframe.app.process.Codemove.dispAllVars  368 - AA-W1-DISP-9-124 100
12:10:46.553 [main] INFO  com.cloudframe.app.process.Codemove.dispAllVars  370 - AA-W1-DISP-S9-124 100
12:10:46.553 [main] INFO  com.cloudframe.app.process.Codemove.dispAllVars  372 - AA-W1-BIN-9-44 100
12:10:46.553 [main] INFO  com.cloudframe.app.process.Codemove.dispAllVars  374 - AA-W1-BIN-S9-44 100
12:10:46.553 [main] INFO  com.cloudframe.app.process.Codemove.dispAllVars  376 - AA-W1-BIN-9-84 100
12:10:46.553 [main] INFO  com.cloudframe.app.process.Codemove.dispAllVars  378 - AA-W1-BIN-S9-84 100
12:10:46.554 [main] INFO  com.cloudframe.app.process.Codemove.dispAllVars  380 - AA-W1-BIN-9-124 100
12:10:46.554 [main] INFO  com.cloudframe.app.process.Codemove.dispAllVars  382 - AA-W1-BIN-S9-124 100
12:10:46.554 [main] INFO  com.cloudframe.app.process.Codemove.process45Split140 9837 - ***** AA-W1-BIN-9-44 ***********
12:10:46.554 [main] INFO  com.cloudframe.app.process.Codemove.dispAllVars  284 - AA-W1-COMP-9-4 1
12:10:46.555 [main] INFO  com.cloudframe.app.process.Codemove.dispAllVars  286 - AA-W1-COMP-S9-4 1
12:10:46.555 [main] INFO  com.cloudframe.app.process.Codemove.dispAllVars  288 - AA-W1-COMP-9-8 1
12:10:46.555 [main] INFO  com.cloudframe.app.process.Codemove.dispAllVars  290 - AA-W1-COMP-S9-8 1
12:10:46.555 [main] INFO  com.cloudframe.app.process.Codemove.dispAllVars  292 - AA-W1-COMP-9-12 1
12:10:46.555 [main] INFO  com.cloudframe.app.process.Codemove.dispAllVars  294 - AA-W1-COMP-S9-12 1
12:10:46.555 [main] INFO  com.cloudframe.app.process.Codemove.dispAllVars  296 - AA-W1-BIN-9-4 1
12:10:46.556 [main] INFO  com.cloudframe.app.process.Codemove.dispAllVars  298 - AA-W1-BIN-S9-4 1
12:10:46.556 [main] INFO  com.cloudframe.app.process.Codemove.dispAllVars  300 - AA-W1-BIN-9-8 1
12:10:46.556 [main] INFO  com.cloudframe.app.process.Codemove.dispAllVars  302 - AA-W1-BIN-S9-8 1
12:10:46.556 [main] INFO  com.cloudframe.app.process.Codemove.dispAllVars  304 - AA-W1-BIN-9-12 1
12:10:46.556 [main] INFO  com.cloudframe.app.process.Codemove.dispAllVars  306 - AA-W1-BIN-S9-12 1
12:10:46.556 [main] INFO  com.cloudframe.app.process.Codemove.dispAllVars  308 - AA-W1-EDIT-9-4    1
12:10:46.556 [main] INFO  com.cloudframe.app.process.Codemove.dispAllVars  310 - AA-W1-EDIT-9-4-NB    1
12:10:46.557 [main] INFO  com.cloudframe.app.process.Codemove.dispAllVars  312 - AA-W1-DISP-9-4 1
12:10:46.557 [main] INFO  com.cloudframe.app.process.Codemove.dispAllVars  314 - AA-W1-DISP-S9-4 1
12:10:46.557 [main] INFO  com.cloudframe.app.process.Codemove.dispAllVars  316 - AA-W1-DISP-9-8 1
12:10:46.557 [main] INFO  com.cloudframe.app.process.Codemove.dispAllVars  318 - AA-W1-DISP-S9-8 1
12:10:46.557 [main] INFO  com.cloudframe.app.process.Codemove.dispAllVars  320 - AA-W1-DISP-9-12 1
12:10:46.557 [main] INFO  com.cloudframe.app.process.Codemove.dispAllVars  322 - AA-W1-DISP-S9-12 1
12:10:46.558 [main] INFO  com.cloudframe.app.process.Codemove.dispAllVars  324 - AA-W1-COMP-3-9-4 1
12:10:46.558 [main] INFO  com.cloudframe.app.process.Codemove.dispAllVars  326 - AA-W1-COMP-3-S9-4 1
12:10:46.558 [main] INFO  com.cloudframe.app.process.Codemove.dispAllVars  328 - AA-W1-COMP-3-9-8 1
12:10:46.558 [main] INFO  com.cloudframe.app.process.Codemove.dispAllVars  330 - AA-W1-COMP-3-S9-8 1
12:10:46.558 [main] INFO  com.cloudframe.app.process.Codemove.dispAllVars  332 - AA-W1-COMP-3-9-12 1
12:10:46.558 [main] INFO  com.cloudframe.app.process.Codemove.dispAllVars  334 - AA-W1-COMP-3-S9-12 1
12:10:46.558 [main] INFO  com.cloudframe.app.process.Codemove.dispAllVars  336 - AA-W1-COMP-3-9-44 100
12:10:46.559 [main] INFO  com.cloudframe.app.process.Codemove.dispAllVars  338 - AA-W1-COMP-3-S9-44 100
12:10:46.559 [main] INFO  com.cloudframe.app.process.Codemove.dispAllVars  340 - AA-W1-COMP-3-9-84 100
12:10:46.559 [main] INFO  com.cloudframe.app.process.Codemove.dispAllVars  342 - AA-W1-COMP-3-S9-84 100
12:10:46.559 [main] INFO  com.cloudframe.app.process.Codemove.dispAllVars  344 - AA-W1-COMP-3-9-124 100
12:10:46.559 [main] INFO  com.cloudframe.app.process.Codemove.dispAllVars  346 - AA-W1-COMP-3-S9-124 100
12:10:46.559 [main] INFO  com.cloudframe.app.process.Codemove.dispAllVars  348 - AA-W1-COMP-9-44 100
12:10:46.560 [main] INFO  com.cloudframe.app.process.Codemove.dispAllVars  350 - AA-W1-COMP-S9-44 100
12:10:46.560 [main] INFO  com.cloudframe.app.process.Codemove.dispAllVars  352 - AA-W1-COMP-9-84 100
12:10:46.560 [main] INFO  com.cloudframe.app.process.Codemove.dispAllVars  354 - AA-W1-COMP-S9-84 100
12:10:46.560 [main] INFO  com.cloudframe.app.process.Codemove.dispAllVars  356 - AA-W1-COMP-9-124 100
12:10:46.560 [main] INFO  com.cloudframe.app.process.Codemove.dispAllVars  358 - AA-W1-COMP-S9-124 100
12:10:46.560 [main] INFO  com.cloudframe.app.process.Codemove.dispAllVars  360 - AA-W1-DISP-9-44 100
12:10:46.561 [main] INFO  com.cloudframe.app.process.Codemove.dispAllVars  362 - AA-W1-DISP-S9-44 100
12:10:46.561 [main] INFO  com.cloudframe.app.process.Codemove.dispAllVars  364 - AA-W1-DISP-9-84 100
12:10:46.561 [main] INFO  com.cloudframe.app.process.Codemove.dispAllVars  366 - AA-W1-DISP-S9-84 100
12:10:46.561 [main] INFO  com.cloudframe.app.process.Codemove.dispAllVars  368 - AA-W1-DISP-9-124 100
12:10:46.561 [main] INFO  com.cloudframe.app.process.Codemove.dispAllVars  370 - AA-W1-DISP-S9-124 100
12:10:46.561 [main] INFO  com.cloudframe.app.process.Codemove.dispAllVars  372 - AA-W1-BIN-9-44 100
12:10:46.561 [main] INFO  com.cloudframe.app.process.Codemove.dispAllVars  374 - AA-W1-BIN-S9-44 100
12:10:46.562 [main] INFO  com.cloudframe.app.process.Codemove.dispAllVars  376 - AA-W1-BIN-9-84 100
12:10:46.562 [main] INFO  com.cloudframe.app.process.Codemove.dispAllVars  378 - AA-W1-BIN-S9-84 100
12:10:46.562 [main] INFO  com.cloudframe.app.process.Codemove.dispAllVars  380 - AA-W1-BIN-9-124 100
12:10:46.562 [main] INFO  com.cloudframe.app.process.Codemove.dispAllVars  382 - AA-W1-BIN-S9-124 100
12:10:46.562 [main] INFO  com.cloudframe.app.process.Codemove.process46Split142 10047 - ****** AA-W1-BIN-S9-44 *********
12:10:46.563 [main] INFO  com.cloudframe.app.process.Codemove.dispAllVars  284 - AA-W1-COMP-9-4 1
12:10:46.563 [main] INFO  com.cloudframe.app.process.Codemove.dispAllVars  286 - AA-W1-COMP-S9-4 1
12:10:46.563 [main] INFO  com.cloudframe.app.process.Codemove.dispAllVars  288 - AA-W1-COMP-9-8 1
12:10:46.563 [main] INFO  com.cloudframe.app.process.Codemove.dispAllVars  290 - AA-W1-COMP-S9-8 1
12:10:46.563 [main] INFO  com.cloudframe.app.process.Codemove.dispAllVars  292 - AA-W1-COMP-9-12 1
12:10:46.564 [main] INFO  com.cloudframe.app.process.Codemove.dispAllVars  294 - AA-W1-COMP-S9-12 1
12:10:46.564 [main] INFO  com.cloudframe.app.process.Codemove.dispAllVars  296 - AA-W1-BIN-9-4 1
12:10:46.564 [main] INFO  com.cloudframe.app.process.Codemove.dispAllVars  298 - AA-W1-BIN-S9-4 1
12:10:46.564 [main] INFO  com.cloudframe.app.process.Codemove.dispAllVars  300 - AA-W1-BIN-9-8 1
12:10:46.564 [main] INFO  com.cloudframe.app.process.Codemove.dispAllVars  302 - AA-W1-BIN-S9-8 1
12:10:46.564 [main] INFO  com.cloudframe.app.process.Codemove.dispAllVars  304 - AA-W1-BIN-9-12 1
12:10:46.564 [main] INFO  com.cloudframe.app.process.Codemove.dispAllVars  306 - AA-W1-BIN-S9-12 1
12:10:46.565 [main] INFO  com.cloudframe.app.process.Codemove.dispAllVars  308 - AA-W1-EDIT-9-4    1
12:10:46.565 [main] INFO  com.cloudframe.app.process.Codemove.dispAllVars  310 - AA-W1-EDIT-9-4-NB    1
12:10:46.565 [main] INFO  com.cloudframe.app.process.Codemove.dispAllVars  312 - AA-W1-DISP-9-4 1
12:10:46.565 [main] INFO  com.cloudframe.app.process.Codemove.dispAllVars  314 - AA-W1-DISP-S9-4 1
12:10:46.565 [main] INFO  com.cloudframe.app.process.Codemove.dispAllVars  316 - AA-W1-DISP-9-8 1
12:10:46.565 [main] INFO  com.cloudframe.app.process.Codemove.dispAllVars  318 - AA-W1-DISP-S9-8 1
12:10:46.566 [main] INFO  com.cloudframe.app.process.Codemove.dispAllVars  320 - AA-W1-DISP-9-12 1
12:10:46.566 [main] INFO  com.cloudframe.app.process.Codemove.dispAllVars  322 - AA-W1-DISP-S9-12 1
12:10:46.566 [main] INFO  com.cloudframe.app.process.Codemove.dispAllVars  324 - AA-W1-COMP-3-9-4 1
12:10:46.566 [main] INFO  com.cloudframe.app.process.Codemove.dispAllVars  326 - AA-W1-COMP-3-S9-4 1
12:10:46.566 [main] INFO  com.cloudframe.app.process.Codemove.dispAllVars  328 - AA-W1-COMP-3-9-8 1
12:10:46.566 [main] INFO  com.cloudframe.app.process.Codemove.dispAllVars  330 - AA-W1-COMP-3-S9-8 1
12:10:46.567 [main] INFO  com.cloudframe.app.process.Codemove.dispAllVars  332 - AA-W1-COMP-3-9-12 1
12:10:46.567 [main] INFO  com.cloudframe.app.process.Codemove.dispAllVars  334 - AA-W1-COMP-3-S9-12 1
12:10:46.567 [main] INFO  com.cloudframe.app.process.Codemove.dispAllVars  336 - AA-W1-COMP-3-9-44 100
12:10:46.567 [main] INFO  com.cloudframe.app.process.Codemove.dispAllVars  338 - AA-W1-COMP-3-S9-44 100
12:10:46.567 [main] INFO  com.cloudframe.app.process.Codemove.dispAllVars  340 - AA-W1-COMP-3-9-84 100
12:10:46.567 [main] INFO  com.cloudframe.app.process.Codemove.dispAllVars  342 - AA-W1-COMP-3-S9-84 100
12:10:46.568 [main] INFO  com.cloudframe.app.process.Codemove.dispAllVars  344 - AA-W1-COMP-3-9-124 100
12:10:46.568 [main] INFO  com.cloudframe.app.process.Codemove.dispAllVars  346 - AA-W1-COMP-3-S9-124 100
12:10:46.568 [main] INFO  com.cloudframe.app.process.Codemove.dispAllVars  348 - AA-W1-COMP-9-44 100
12:10:46.568 [main] INFO  com.cloudframe.app.process.Codemove.dispAllVars  350 - AA-W1-COMP-S9-44 100
12:10:46.568 [main] INFO  com.cloudframe.app.process.Codemove.dispAllVars  352 - AA-W1-COMP-9-84 100
12:10:46.568 [main] INFO  com.cloudframe.app.process.Codemove.dispAllVars  354 - AA-W1-COMP-S9-84 100
12:10:46.569 [main] INFO  com.cloudframe.app.process.Codemove.dispAllVars  356 - AA-W1-COMP-9-124 100
12:10:46.569 [main] INFO  com.cloudframe.app.process.Codemove.dispAllVars  358 - AA-W1-COMP-S9-124 100
12:10:46.569 [main] INFO  com.cloudframe.app.process.Codemove.dispAllVars  360 - AA-W1-DISP-9-44 100
12:10:46.569 [main] INFO  com.cloudframe.app.process.Codemove.dispAllVars  362 - AA-W1-DISP-S9-44 100
12:10:46.569 [main] INFO  com.cloudframe.app.process.Codemove.dispAllVars  364 - AA-W1-DISP-9-84 100
12:10:46.569 [main] INFO  com.cloudframe.app.process.Codemove.dispAllVars  366 - AA-W1-DISP-S9-84 100
12:10:46.569 [main] INFO  com.cloudframe.app.process.Codemove.dispAllVars  368 - AA-W1-DISP-9-124 100
12:10:46.570 [main] INFO  com.cloudframe.app.process.Codemove.dispAllVars  370 - AA-W1-DISP-S9-124 100
12:10:46.570 [main] INFO  com.cloudframe.app.process.Codemove.dispAllVars  372 - AA-W1-BIN-9-44 100
12:10:46.570 [main] INFO  com.cloudframe.app.process.Codemove.dispAllVars  374 - AA-W1-BIN-S9-44 100
12:10:46.570 [main] INFO  com.cloudframe.app.process.Codemove.dispAllVars  376 - AA-W1-BIN-9-84 100
12:10:46.570 [main] INFO  com.cloudframe.app.process.Codemove.dispAllVars  378 - AA-W1-BIN-S9-84 100
12:10:46.570 [main] INFO  com.cloudframe.app.process.Codemove.dispAllVars  380 - AA-W1-BIN-9-124 100
12:10:46.571 [main] INFO  com.cloudframe.app.process.Codemove.dispAllVars  382 - AA-W1-BIN-S9-124 100
12:10:46.571 [main] INFO  com.cloudframe.app.process.Codemove.process47Split144 10257 - ***** AA-W1-BIN-9-84 ***********
12:10:46.571 [main] INFO  com.cloudframe.app.process.Codemove.dispAllVars  284 - AA-W1-COMP-9-4 1
12:10:46.571 [main] INFO  com.cloudframe.app.process.Codemove.dispAllVars  286 - AA-W1-COMP-S9-4 1
12:10:46.572 [main] INFO  com.cloudframe.app.process.Codemove.dispAllVars  288 - AA-W1-COMP-9-8 1
12:10:46.572 [main] INFO  com.cloudframe.app.process.Codemove.dispAllVars  290 - AA-W1-COMP-S9-8 1
12:10:46.572 [main] INFO  com.cloudframe.app.process.Codemove.dispAllVars  292 - AA-W1-COMP-9-12 1
12:10:46.572 [main] INFO  com.cloudframe.app.process.Codemove.dispAllVars  294 - AA-W1-COMP-S9-12 1
12:10:46.572 [main] INFO  com.cloudframe.app.process.Codemove.dispAllVars  296 - AA-W1-BIN-9-4 1
12:10:46.572 [main] INFO  com.cloudframe.app.process.Codemove.dispAllVars  298 - AA-W1-BIN-S9-4 1
12:10:46.573 [main] INFO  com.cloudframe.app.process.Codemove.dispAllVars  300 - AA-W1-BIN-9-8 1
12:10:46.573 [main] INFO  com.cloudframe.app.process.Codemove.dispAllVars  302 - AA-W1-BIN-S9-8 1
12:10:46.573 [main] INFO  com.cloudframe.app.process.Codemove.dispAllVars  304 - AA-W1-BIN-9-12 1
12:10:46.573 [main] INFO  com.cloudframe.app.process.Codemove.dispAllVars  306 - AA-W1-BIN-S9-12 1
12:10:46.573 [main] INFO  com.cloudframe.app.process.Codemove.dispAllVars  308 - AA-W1-EDIT-9-4    1
12:10:46.573 [main] INFO  com.cloudframe.app.process.Codemove.dispAllVars  310 - AA-W1-EDIT-9-4-NB    1
12:10:46.573 [main] INFO  com.cloudframe.app.process.Codemove.dispAllVars  312 - AA-W1-DISP-9-4 1
12:10:46.574 [main] INFO  com.cloudframe.app.process.Codemove.dispAllVars  314 - AA-W1-DISP-S9-4 1
12:10:46.574 [main] INFO  com.cloudframe.app.process.Codemove.dispAllVars  316 - AA-W1-DISP-9-8 1
12:10:46.574 [main] INFO  com.cloudframe.app.process.Codemove.dispAllVars  318 - AA-W1-DISP-S9-8 1
12:10:46.574 [main] INFO  com.cloudframe.app.process.Codemove.dispAllVars  320 - AA-W1-DISP-9-12 1
12:10:46.574 [main] INFO  com.cloudframe.app.process.Codemove.dispAllVars  322 - AA-W1-DISP-S9-12 1
12:10:46.574 [main] INFO  com.cloudframe.app.process.Codemove.dispAllVars  324 - AA-W1-COMP-3-9-4 1
12:10:46.575 [main] INFO  com.cloudframe.app.process.Codemove.dispAllVars  326 - AA-W1-COMP-3-S9-4 1
12:10:46.575 [main] INFO  com.cloudframe.app.process.Codemove.dispAllVars  328 - AA-W1-COMP-3-9-8 1
12:10:46.575 [main] INFO  com.cloudframe.app.process.Codemove.dispAllVars  330 - AA-W1-COMP-3-S9-8 1
12:10:46.575 [main] INFO  com.cloudframe.app.process.Codemove.dispAllVars  332 - AA-W1-COMP-3-9-12 1
12:10:46.575 [main] INFO  com.cloudframe.app.process.Codemove.dispAllVars  334 - AA-W1-COMP-3-S9-12 1
12:10:46.575 [main] INFO  com.cloudframe.app.process.Codemove.dispAllVars  336 - AA-W1-COMP-3-9-44 100
12:10:46.576 [main] INFO  com.cloudframe.app.process.Codemove.dispAllVars  338 - AA-W1-COMP-3-S9-44 100
12:10:46.576 [main] INFO  com.cloudframe.app.process.Codemove.dispAllVars  340 - AA-W1-COMP-3-9-84 100
12:10:46.576 [main] INFO  com.cloudframe.app.process.Codemove.dispAllVars  342 - AA-W1-COMP-3-S9-84 100
12:10:46.576 [main] INFO  com.cloudframe.app.process.Codemove.dispAllVars  344 - AA-W1-COMP-3-9-124 100
12:10:46.576 [main] INFO  com.cloudframe.app.process.Codemove.dispAllVars  346 - AA-W1-COMP-3-S9-124 100
12:10:46.576 [main] INFO  com.cloudframe.app.process.Codemove.dispAllVars  348 - AA-W1-COMP-9-44 100
12:10:46.577 [main] INFO  com.cloudframe.app.process.Codemove.dispAllVars  350 - AA-W1-COMP-S9-44 100
12:10:46.577 [main] INFO  com.cloudframe.app.process.Codemove.dispAllVars  352 - AA-W1-COMP-9-84 100
12:10:46.577 [main] INFO  com.cloudframe.app.process.Codemove.dispAllVars  354 - AA-W1-COMP-S9-84 100
12:10:46.577 [main] INFO  com.cloudframe.app.process.Codemove.dispAllVars  356 - AA-W1-COMP-9-124 100
12:10:46.577 [main] INFO  com.cloudframe.app.process.Codemove.dispAllVars  358 - AA-W1-COMP-S9-124 100
12:10:46.577 [main] INFO  com.cloudframe.app.process.Codemove.dispAllVars  360 - AA-W1-DISP-9-44 100
12:10:46.578 [main] INFO  com.cloudframe.app.process.Codemove.dispAllVars  362 - AA-W1-DISP-S9-44 100
12:10:46.578 [main] INFO  com.cloudframe.app.process.Codemove.dispAllVars  364 - AA-W1-DISP-9-84 100
12:10:46.578 [main] INFO  com.cloudframe.app.process.Codemove.dispAllVars  366 - AA-W1-DISP-S9-84 100
12:10:46.578 [main] INFO  com.cloudframe.app.process.Codemove.dispAllVars  368 - AA-W1-DISP-9-124 100
12:10:46.578 [main] INFO  com.cloudframe.app.process.Codemove.dispAllVars  370 - AA-W1-DISP-S9-124 100
12:10:46.578 [main] INFO  com.cloudframe.app.process.Codemove.dispAllVars  372 - AA-W1-BIN-9-44 100
12:10:46.578 [main] INFO  com.cloudframe.app.process.Codemove.dispAllVars  374 - AA-W1-BIN-S9-44 100
12:10:46.579 [main] INFO  com.cloudframe.app.process.Codemove.dispAllVars  376 - AA-W1-BIN-9-84 100
12:10:46.579 [main] INFO  com.cloudframe.app.process.Codemove.dispAllVars  378 - AA-W1-BIN-S9-84 100
12:10:46.579 [main] INFO  com.cloudframe.app.process.Codemove.dispAllVars  380 - AA-W1-BIN-9-124 100
12:10:46.579 [main] INFO  com.cloudframe.app.process.Codemove.dispAllVars  382 - AA-W1-BIN-S9-124 100
12:10:46.579 [main] INFO  com.cloudframe.app.process.Codemove.process48Split146 10467 - ****** AA-W1-BIN-S9-84 *********
12:10:46.580 [main] INFO  com.cloudframe.app.process.Codemove.dispAllVars  284 - AA-W1-COMP-9-4 1
12:10:46.580 [main] INFO  com.cloudframe.app.process.Codemove.dispAllVars  286 - AA-W1-COMP-S9-4 1
12:10:46.580 [main] INFO  com.cloudframe.app.process.Codemove.dispAllVars  288 - AA-W1-COMP-9-8 1
12:10:46.581 [main] INFO  com.cloudframe.app.process.Codemove.dispAllVars  290 - AA-W1-COMP-S9-8 1
12:10:46.581 [main] INFO  com.cloudframe.app.process.Codemove.dispAllVars  292 - AA-W1-COMP-9-12 1
12:10:46.581 [main] INFO  com.cloudframe.app.process.Codemove.dispAllVars  294 - AA-W1-COMP-S9-12 1
12:10:46.581 [main] INFO  com.cloudframe.app.process.Codemove.dispAllVars  296 - AA-W1-BIN-9-4 1
12:10:46.581 [main] INFO  com.cloudframe.app.process.Codemove.dispAllVars  298 - AA-W1-BIN-S9-4 1
12:10:46.581 [main] INFO  com.cloudframe.app.process.Codemove.dispAllVars  300 - AA-W1-BIN-9-8 1
12:10:46.581 [main] INFO  com.cloudframe.app.process.Codemove.dispAllVars  302 - AA-W1-BIN-S9-8 1
12:10:46.582 [main] INFO  com.cloudframe.app.process.Codemove.dispAllVars  304 - AA-W1-BIN-9-12 1
12:10:46.582 [main] INFO  com.cloudframe.app.process.Codemove.dispAllVars  306 - AA-W1-BIN-S9-12 1
12:10:46.582 [main] INFO  com.cloudframe.app.process.Codemove.dispAllVars  308 - AA-W1-EDIT-9-4    1
12:10:46.582 [main] INFO  com.cloudframe.app.process.Codemove.dispAllVars  310 - AA-W1-EDIT-9-4-NB    1
12:10:46.582 [main] INFO  com.cloudframe.app.process.Codemove.dispAllVars  312 - AA-W1-DISP-9-4 1
12:10:46.582 [main] INFO  com.cloudframe.app.process.Codemove.dispAllVars  314 - AA-W1-DISP-S9-4 1
12:10:46.583 [main] INFO  com.cloudframe.app.process.Codemove.dispAllVars  316 - AA-W1-DISP-9-8 1
12:10:46.583 [main] INFO  com.cloudframe.app.process.Codemove.dispAllVars  318 - AA-W1-DISP-S9-8 1
12:10:46.583 [main] INFO  com.cloudframe.app.process.Codemove.dispAllVars  320 - AA-W1-DISP-9-12 1
12:10:46.583 [main] INFO  com.cloudframe.app.process.Codemove.dispAllVars  322 - AA-W1-DISP-S9-12 1
12:10:46.583 [main] INFO  com.cloudframe.app.process.Codemove.dispAllVars  324 - AA-W1-COMP-3-9-4 1
12:10:46.583 [main] INFO  com.cloudframe.app.process.Codemove.dispAllVars  326 - AA-W1-COMP-3-S9-4 1
12:10:46.583 [main] INFO  com.cloudframe.app.process.Codemove.dispAllVars  328 - AA-W1-COMP-3-9-8 1
12:10:46.584 [main] INFO  com.cloudframe.app.process.Codemove.dispAllVars  330 - AA-W1-COMP-3-S9-8 1
12:10:46.584 [main] INFO  com.cloudframe.app.process.Codemove.dispAllVars  332 - AA-W1-COMP-3-9-12 1
12:10:46.584 [main] INFO  com.cloudframe.app.process.Codemove.dispAllVars  334 - AA-W1-COMP-3-S9-12 1
12:10:46.584 [main] INFO  com.cloudframe.app.process.Codemove.dispAllVars  336 - AA-W1-COMP-3-9-44 100
12:10:46.584 [main] INFO  com.cloudframe.app.process.Codemove.dispAllVars  338 - AA-W1-COMP-3-S9-44 100
12:10:46.584 [main] INFO  com.cloudframe.app.process.Codemove.dispAllVars  340 - AA-W1-COMP-3-9-84 100
12:10:46.585 [main] INFO  com.cloudframe.app.process.Codemove.dispAllVars  342 - AA-W1-COMP-3-S9-84 100
12:10:46.585 [main] INFO  com.cloudframe.app.process.Codemove.dispAllVars  344 - AA-W1-COMP-3-9-124 100
12:10:46.585 [main] INFO  com.cloudframe.app.process.Codemove.dispAllVars  346 - AA-W1-COMP-3-S9-124 100
12:10:46.585 [main] INFO  com.cloudframe.app.process.Codemove.dispAllVars  348 - AA-W1-COMP-9-44 100
12:10:46.585 [main] INFO  com.cloudframe.app.process.Codemove.dispAllVars  350 - AA-W1-COMP-S9-44 100
12:10:46.585 [main] INFO  com.cloudframe.app.process.Codemove.dispAllVars  352 - AA-W1-COMP-9-84 100
12:10:46.586 [main] INFO  com.cloudframe.app.process.Codemove.dispAllVars  354 - AA-W1-COMP-S9-84 100
12:10:46.586 [main] INFO  com.cloudframe.app.process.Codemove.dispAllVars  356 - AA-W1-COMP-9-124 100
12:10:46.586 [main] INFO  com.cloudframe.app.process.Codemove.dispAllVars  358 - AA-W1-COMP-S9-124 100
12:10:46.586 [main] INFO  com.cloudframe.app.process.Codemove.dispAllVars  360 - AA-W1-DISP-9-44 100
12:10:46.586 [main] INFO  com.cloudframe.app.process.Codemove.dispAllVars  362 - AA-W1-DISP-S9-44 100
12:10:46.586 [main] INFO  com.cloudframe.app.process.Codemove.dispAllVars  364 - AA-W1-DISP-9-84 100
12:10:46.587 [main] INFO  com.cloudframe.app.process.Codemove.dispAllVars  366 - AA-W1-DISP-S9-84 100
12:10:46.587 [main] INFO  com.cloudframe.app.process.Codemove.dispAllVars  368 - AA-W1-DISP-9-124 100
12:10:46.587 [main] INFO  com.cloudframe.app.process.Codemove.dispAllVars  370 - AA-W1-DISP-S9-124 100
12:10:46.587 [main] INFO  com.cloudframe.app.process.Codemove.dispAllVars  372 - AA-W1-BIN-9-44 100
12:10:46.587 [main] INFO  com.cloudframe.app.process.Codemove.dispAllVars  374 - AA-W1-BIN-S9-44 100
12:10:46.587 [main] INFO  com.cloudframe.app.process.Codemove.dispAllVars  376 - AA-W1-BIN-9-84 100
12:10:46.587 [main] INFO  com.cloudframe.app.process.Codemove.dispAllVars  378 - AA-W1-BIN-S9-84 100
12:10:46.588 [main] INFO  com.cloudframe.app.process.Codemove.dispAllVars  380 - AA-W1-BIN-9-124 100
12:10:46.588 [main] INFO  com.cloudframe.app.process.Codemove.dispAllVars  382 - AA-W1-BIN-S9-124 100
12:10:46.588 [main] INFO  com.cloudframe.app.process.Codemove.process49Split148 10677 - ****** AA-W1-BIN-9-124 *********
12:10:46.589 [main] INFO  com.cloudframe.app.process.Codemove.dispAllVars  284 - AA-W1-COMP-9-4 1
12:10:46.589 [main] INFO  com.cloudframe.app.process.Codemove.dispAllVars  286 - AA-W1-COMP-S9-4 1
12:10:46.589 [main] INFO  com.cloudframe.app.process.Codemove.dispAllVars  288 - AA-W1-COMP-9-8 1
12:10:46.589 [main] INFO  com.cloudframe.app.process.Codemove.dispAllVars  290 - AA-W1-COMP-S9-8 1
12:10:46.589 [main] INFO  com.cloudframe.app.process.Codemove.dispAllVars  292 - AA-W1-COMP-9-12 1
12:10:46.589 [main] INFO  com.cloudframe.app.process.Codemove.dispAllVars  294 - AA-W1-COMP-S9-12 1
12:10:46.590 [main] INFO  com.cloudframe.app.process.Codemove.dispAllVars  296 - AA-W1-BIN-9-4 1
12:10:46.590 [main] INFO  com.cloudframe.app.process.Codemove.dispAllVars  298 - AA-W1-BIN-S9-4 1
12:10:46.590 [main] INFO  com.cloudframe.app.process.Codemove.dispAllVars  300 - AA-W1-BIN-9-8 1
12:10:46.590 [main] INFO  com.cloudframe.app.process.Codemove.dispAllVars  302 - AA-W1-BIN-S9-8 1
12:10:46.590 [main] INFO  com.cloudframe.app.process.Codemove.dispAllVars  304 - AA-W1-BIN-9-12 1
12:10:46.590 [main] INFO  com.cloudframe.app.process.Codemove.dispAllVars  306 - AA-W1-BIN-S9-12 1
12:10:46.591 [main] INFO  com.cloudframe.app.process.Codemove.dispAllVars  308 - AA-W1-EDIT-9-4    1
12:10:46.591 [main] INFO  com.cloudframe.app.process.Codemove.dispAllVars  310 - AA-W1-EDIT-9-4-NB    1
12:10:46.591 [main] INFO  com.cloudframe.app.process.Codemove.dispAllVars  312 - AA-W1-DISP-9-4 1
12:10:46.591 [main] INFO  com.cloudframe.app.process.Codemove.dispAllVars  314 - AA-W1-DISP-S9-4 1
12:10:46.591 [main] INFO  com.cloudframe.app.process.Codemove.dispAllVars  316 - AA-W1-DISP-9-8 1
12:10:46.591 [main] INFO  com.cloudframe.app.process.Codemove.dispAllVars  318 - AA-W1-DISP-S9-8 1
12:10:46.591 [main] INFO  com.cloudframe.app.process.Codemove.dispAllVars  320 - AA-W1-DISP-9-12 1
12:10:46.592 [main] INFO  com.cloudframe.app.process.Codemove.dispAllVars  322 - AA-W1-DISP-S9-12 1
12:10:46.592 [main] INFO  com.cloudframe.app.process.Codemove.dispAllVars  324 - AA-W1-COMP-3-9-4 1
12:10:46.592 [main] INFO  com.cloudframe.app.process.Codemove.dispAllVars  326 - AA-W1-COMP-3-S9-4 1
12:10:46.592 [main] INFO  com.cloudframe.app.process.Codemove.dispAllVars  328 - AA-W1-COMP-3-9-8 1
12:10:46.592 [main] INFO  com.cloudframe.app.process.Codemove.dispAllVars  330 - AA-W1-COMP-3-S9-8 1
12:10:46.592 [main] INFO  com.cloudframe.app.process.Codemove.dispAllVars  332 - AA-W1-COMP-3-9-12 1
12:10:46.593 [main] INFO  com.cloudframe.app.process.Codemove.dispAllVars  334 - AA-W1-COMP-3-S9-12 1
12:10:46.593 [main] INFO  com.cloudframe.app.process.Codemove.dispAllVars  336 - AA-W1-COMP-3-9-44 100
12:10:46.593 [main] INFO  com.cloudframe.app.process.Codemove.dispAllVars  338 - AA-W1-COMP-3-S9-44 100
12:10:46.593 [main] INFO  com.cloudframe.app.process.Codemove.dispAllVars  340 - AA-W1-COMP-3-9-84 100
12:10:46.593 [main] INFO  com.cloudframe.app.process.Codemove.dispAllVars  342 - AA-W1-COMP-3-S9-84 100
12:10:46.594 [main] INFO  com.cloudframe.app.process.Codemove.dispAllVars  344 - AA-W1-COMP-3-9-124 100
12:10:46.594 [main] INFO  com.cloudframe.app.process.Codemove.dispAllVars  346 - AA-W1-COMP-3-S9-124 100
12:10:46.594 [main] INFO  com.cloudframe.app.process.Codemove.dispAllVars  348 - AA-W1-COMP-9-44 100
12:10:46.594 [main] INFO  com.cloudframe.app.process.Codemove.dispAllVars  350 - AA-W1-COMP-S9-44 100
12:10:46.594 [main] INFO  com.cloudframe.app.process.Codemove.dispAllVars  352 - AA-W1-COMP-9-84 100
12:10:46.594 [main] INFO  com.cloudframe.app.process.Codemove.dispAllVars  354 - AA-W1-COMP-S9-84 100
12:10:46.594 [main] INFO  com.cloudframe.app.process.Codemove.dispAllVars  356 - AA-W1-COMP-9-124 100
12:10:46.595 [main] INFO  com.cloudframe.app.process.Codemove.dispAllVars  358 - AA-W1-COMP-S9-124 100
12:10:46.595 [main] INFO  com.cloudframe.app.process.Codemove.dispAllVars  360 - AA-W1-DISP-9-44 100
12:10:46.595 [main] INFO  com.cloudframe.app.process.Codemove.dispAllVars  362 - AA-W1-DISP-S9-44 100
12:10:46.595 [main] INFO  com.cloudframe.app.process.Codemove.dispAllVars  364 - AA-W1-DISP-9-84 100
12:10:46.595 [main] INFO  com.cloudframe.app.process.Codemove.dispAllVars  366 - AA-W1-DISP-S9-84 100
12:10:46.595 [main] INFO  com.cloudframe.app.process.Codemove.dispAllVars  368 - AA-W1-DISP-9-124 100
12:10:46.596 [main] INFO  com.cloudframe.app.process.Codemove.dispAllVars  370 - AA-W1-DISP-S9-124 100
12:10:46.596 [main] INFO  com.cloudframe.app.process.Codemove.dispAllVars  372 - AA-W1-BIN-9-44 100
12:10:46.596 [main] INFO  com.cloudframe.app.process.Codemove.dispAllVars  374 - AA-W1-BIN-S9-44 100
12:10:46.596 [main] INFO  com.cloudframe.app.process.Codemove.dispAllVars  376 - AA-W1-BIN-9-84 100
12:10:46.596 [main] INFO  com.cloudframe.app.process.Codemove.dispAllVars  378 - AA-W1-BIN-S9-84 100
12:10:46.596 [main] INFO  com.cloudframe.app.process.Codemove.dispAllVars  380 - AA-W1-BIN-9-124 100
12:10:46.597 [main] INFO  com.cloudframe.app.process.Codemove.dispAllVars  382 - AA-W1-BIN-S9-124 100
12:10:46.597 [main] INFO  com.cloudframe.app.process.Codemove.process50Split150 10887 - ***** AA-W1-BIN-S9-124 *********
12:10:46.597 [main] INFO  com.cloudframe.app.process.Codemove.dispAllVars  284 - AA-W1-COMP-9-4 1
12:10:46.598 [main] INFO  com.cloudframe.app.process.Codemove.dispAllVars  286 - AA-W1-COMP-S9-4 1
12:10:46.598 [main] INFO  com.cloudframe.app.process.Codemove.dispAllVars  288 - AA-W1-COMP-9-8 1
12:10:46.598 [main] INFO  com.cloudframe.app.process.Codemove.dispAllVars  290 - AA-W1-COMP-S9-8 1
12:10:46.598 [main] INFO  com.cloudframe.app.process.Codemove.dispAllVars  292 - AA-W1-COMP-9-12 1
12:10:46.598 [main] INFO  com.cloudframe.app.process.Codemove.dispAllVars  294 - AA-W1-COMP-S9-12 1
12:10:46.598 [main] INFO  com.cloudframe.app.process.Codemove.dispAllVars  296 - AA-W1-BIN-9-4 1
12:10:46.598 [main] INFO  com.cloudframe.app.process.Codemove.dispAllVars  298 - AA-W1-BIN-S9-4 1
12:10:46.599 [main] INFO  com.cloudframe.app.process.Codemove.dispAllVars  300 - AA-W1-BIN-9-8 1
12:10:46.599 [main] INFO  com.cloudframe.app.process.Codemove.dispAllVars  302 - AA-W1-BIN-S9-8 1
12:10:46.599 [main] INFO  com.cloudframe.app.process.Codemove.dispAllVars  304 - AA-W1-BIN-9-12 1
12:10:46.599 [main] INFO  com.cloudframe.app.process.Codemove.dispAllVars  306 - AA-W1-BIN-S9-12 1
12:10:46.599 [main] INFO  com.cloudframe.app.process.Codemove.dispAllVars  308 - AA-W1-EDIT-9-4    1
12:10:46.599 [main] INFO  com.cloudframe.app.process.Codemove.dispAllVars  310 - AA-W1-EDIT-9-4-NB    1
12:10:46.600 [main] INFO  com.cloudframe.app.process.Codemove.dispAllVars  312 - AA-W1-DISP-9-4 1
12:10:46.600 [main] INFO  com.cloudframe.app.process.Codemove.dispAllVars  314 - AA-W1-DISP-S9-4 1
12:10:46.600 [main] INFO  com.cloudframe.app.process.Codemove.dispAllVars  316 - AA-W1-DISP-9-8 1
12:10:46.600 [main] INFO  com.cloudframe.app.process.Codemove.dispAllVars  318 - AA-W1-DISP-S9-8 1
12:10:46.600 [main] INFO  com.cloudframe.app.process.Codemove.dispAllVars  320 - AA-W1-DISP-9-12 1
12:10:46.600 [main] INFO  com.cloudframe.app.process.Codemove.dispAllVars  322 - AA-W1-DISP-S9-12 1
12:10:46.601 [main] INFO  com.cloudframe.app.process.Codemove.dispAllVars  324 - AA-W1-COMP-3-9-4 1
12:10:46.601 [main] INFO  com.cloudframe.app.process.Codemove.dispAllVars  326 - AA-W1-COMP-3-S9-4 1
12:10:46.601 [main] INFO  com.cloudframe.app.process.Codemove.dispAllVars  328 - AA-W1-COMP-3-9-8 1
12:10:46.601 [main] INFO  com.cloudframe.app.process.Codemove.dispAllVars  330 - AA-W1-COMP-3-S9-8 1
12:10:46.601 [main] INFO  com.cloudframe.app.process.Codemove.dispAllVars  332 - AA-W1-COMP-3-9-12 1
12:10:46.601 [main] INFO  com.cloudframe.app.process.Codemove.dispAllVars  334 - AA-W1-COMP-3-S9-12 1
12:10:46.602 [main] INFO  com.cloudframe.app.process.Codemove.dispAllVars  336 - AA-W1-COMP-3-9-44 100
12:10:46.602 [main] INFO  com.cloudframe.app.process.Codemove.dispAllVars  338 - AA-W1-COMP-3-S9-44 100
12:10:46.602 [main] INFO  com.cloudframe.app.process.Codemove.dispAllVars  340 - AA-W1-COMP-3-9-84 100
12:10:46.602 [main] INFO  com.cloudframe.app.process.Codemove.dispAllVars  342 - AA-W1-COMP-3-S9-84 100
12:10:46.602 [main] INFO  com.cloudframe.app.process.Codemove.dispAllVars  344 - AA-W1-COMP-3-9-124 100
12:10:46.602 [main] INFO  com.cloudframe.app.process.Codemove.dispAllVars  346 - AA-W1-COMP-3-S9-124 100
12:10:46.603 [main] INFO  com.cloudframe.app.process.Codemove.dispAllVars  348 - AA-W1-COMP-9-44 100
12:10:46.603 [main] INFO  com.cloudframe.app.process.Codemove.dispAllVars  350 - AA-W1-COMP-S9-44 100
12:10:46.603 [main] INFO  com.cloudframe.app.process.Codemove.dispAllVars  352 - AA-W1-COMP-9-84 100
12:10:46.603 [main] INFO  com.cloudframe.app.process.Codemove.dispAllVars  354 - AA-W1-COMP-S9-84 100
12:10:46.603 [main] INFO  com.cloudframe.app.process.Codemove.dispAllVars  356 - AA-W1-COMP-9-124 100
12:10:46.603 [main] INFO  com.cloudframe.app.process.Codemove.dispAllVars  358 - AA-W1-COMP-S9-124 100
12:10:46.604 [main] INFO  com.cloudframe.app.process.Codemove.dispAllVars  360 - AA-W1-DISP-9-44 100
12:10:46.604 [main] INFO  com.cloudframe.app.process.Codemove.dispAllVars  362 - AA-W1-DISP-S9-44 100
12:10:46.604 [main] INFO  com.cloudframe.app.process.Codemove.dispAllVars  364 - AA-W1-DISP-9-84 100
12:10:46.604 [main] INFO  com.cloudframe.app.process.Codemove.dispAllVars  366 - AA-W1-DISP-S9-84 100
12:10:46.604 [main] INFO  com.cloudframe.app.process.Codemove.dispAllVars  368 - AA-W1-DISP-9-124 100
12:10:46.604 [main] INFO  com.cloudframe.app.process.Codemove.dispAllVars  370 - AA-W1-DISP-S9-124 100
12:10:46.605 [main] INFO  com.cloudframe.app.process.Codemove.dispAllVars  372 - AA-W1-BIN-9-44 100
12:10:46.605 [main] INFO  com.cloudframe.app.process.Codemove.dispAllVars  374 - AA-W1-BIN-S9-44 100
12:10:46.605 [main] INFO  com.cloudframe.app.process.Codemove.dispAllVars  376 - AA-W1-BIN-9-84 100
12:10:46.605 [main] INFO  com.cloudframe.app.process.Codemove.dispAllVars  378 - AA-W1-BIN-S9-84 100
12:10:46.605 [main] INFO  com.cloudframe.app.process.Codemove.dispAllVars  380 - AA-W1-BIN-9-124 100
12:10:46.605 [main] INFO  com.cloudframe.app.process.Codemove.dispAllVars  382 - AA-W1-BIN-S9-124 100
12:10:46.606 [main] INFO  com.cloudframe.app.process.Codemove.process52 11143 - ******* END ********************
12:10:46.606 [main] INFO  com.cloudframe.app.process.Codemove.process52 11145 - MOVE SUBSTRINGS AA-W1-X2 *******
12:10:46.606 [main] INFO  com.cloudframe.app.process.Codemove.process52 11151 - AA-W1-X2  TESTTESTTST
12:10:46.606 [main] INFO  com.cloudframe.app.process.Codemove.process52 11153 - AA-W1-X3  TE         
12:10:46.606 [main] INFO  com.cloudframe.app.process.Codemove.process52 11155 - MOVE SUBSTRINGS AA-W1-X3 *******
12:10:46.606 [main] INFO  com.cloudframe.app.process.Codemove.process52 11161 - AA-W1-X4 TESTTESTTST 
12:10:46.607 [main] INFO  com.cloudframe.app.process.Codemove.process52 11163 - AA-W1-X5 TES         
12:10:46.607 [main] INFO  com.cloudframe.app.process.Codemove.process52 11165 - MOVE SUBSTRINGS HELLO WORLD ****
12:10:46.607 [main] INFO  com.cloudframe.app.process.Codemove.process52 11170 - AA-W1-X1 HEL         
12:10:46.607 [main] INFO  com.cloudframe.app.process.Codemove.process52 11172 - MOVE SUBSTRINGS TEST DATA  ****
12:10:46.607 [main] INFO  com.cloudframe.app.process.Codemove.process52 11177 - AA-W1-X1 HTEST DA    
12:10:46.607 [main] INFO  com.cloudframe.app.process.Codemove.process52 11179 - GROUP MOVE ********************
12:10:46.608 [main] INFO  com.cloudframe.app.process.Codemove.process52 11189 - NEW EMPLOYEE ID: 12345
12:10:46.608 [main] INFO  com.cloudframe.app.process.Codemove.process52 11191 - NEW EMPLOYEE NAME: RS TEST                       
12:10:46.608 [main] INFO  com.cloudframe.app.process.Codemove.process52 11193 - NEW EMPLOYEE SALARY: 250000
