10:04:43.852 [main] INFO  o.s.boot.StartupInfoLogger.logStarting   50 - Starting CFApplication v0.0.1-SNAPSHOT using Java 17.0.14 with PID 1589552 (/home/jenkins/workspace/CFTestAutomation_Release/Testing/results/move/refmod1/REFMOD1/target/REFMOD1-0.0.1-SNAPSHOT.jar started by root in /home/jenkins/workspace/CFTestAutomation_Release/Testing/results/move/refmod1/REFMOD1)
10:04:43.858 [main] INFO  o.s.boot.SpringApplication.logStartupProfileInfo  654 - No active profile set, falling back to 1 default profile: "default"
10:04:46.696 [main] INFO  o.s.boot.StartupInfoLogger.logStarted   56 - Started CFApplication in 4.203 seconds (process running for 5.412)
10:04:46.723 [main] INFO  c.c.app.utility.CFConfiguration.cfDataConnectIOInfo  107 - CFDataConnectIO version : 5.0.0.21
10:04:47.302 [main] INFO  com.cloudframe.app.process.Refmod1.mainlineSplit0  972 - *   1* WS-1A-S         = (ABCDABCDABCDABCDABCDABCDABCDABZYXWZYXWZYXWZYXWZYXWZYXWZYXWZYXWZYXWZYXW)
10:04:47.303 [main] INFO  com.cloudframe.app.process.Refmod1.mainlineSplit0  974 - *   2*   WS-1A-S-FLD1  = (ABCDABCDABCDABCDABCDABCDABCDAB)
10:04:47.304 [main] INFO  com.cloudframe.app.process.Refmod1.mainlineSplit0  976 - *   3*   WS-1A-S-FLD2  = (ZYXWZYXWZYXWZYXWZYXWZYXWZYXWZYXWZYXWZYXW)
10:04:47.304 [main] INFO  com.cloudframe.app.process.Refmod1.mainlineSplit0  978 - *   4* WS-1A-T-R       = (ABCDABCDABCDABCDABCDABCDABCDABZYXWZYXWZYXWZYXWZYXWZYXWZYXWZY)
10:04:47.305 [main] INFO  com.cloudframe.app.process.Refmod1.mainlineSplit0  980 - *   5* WS-1A-T         = (ABCDABCDABCDABCDABCDABCDABCDABZYXWZYXWZYXWZYXWZYXWZYXWZYXWZY)
10:04:47.305 [main] INFO  com.cloudframe.app.process.Refmod1.mainlineSplit0  982 - *   6*   WS-1A-T-FLD1  = (ABCDABCDABCDABCDABCD)
10:04:47.306 [main] INFO  com.cloudframe.app.process.Refmod1.mainlineSplit0  984 - *   7*   WS-1A-T-FLD2  = (ABCDABCDABZYXWZYXWZYXWZYXWZYXWZYXWZYXWZY)
10:04:47.309 [main] INFO  com.cloudframe.app.process.Refmod1.mainlineSplit0 1003 - *   8* WS-1A-S         = (ABCDABCDABCDABCDABCDABCDABCDABZYXWZYXWZYXWZYXWZYXWZYXWZYXWZYXWZYXWZYXW)
10:04:47.312 [main] INFO  com.cloudframe.app.process.Refmod1.mainlineSplit0 1005 - *   9*   WS-1A-S-FLD1  = (ABCDABCDABCDABCDABCDABCDABCDAB)
10:04:47.313 [main] INFO  com.cloudframe.app.process.Refmod1.mainlineSplit0 1007 - *  10*   WS-1A-S-FLD2  = (ZYXWZYXWZYXWZYXWZYXWZYXWZYXWZYXWZYXWZYXW)
10:04:47.314 [main] INFO  com.cloudframe.app.process.Refmod1.mainlineSplit0 1009 - *  11* WS-1A-T-R       = (ABCDABCDABCDABCDABCDABCDABCDABZYXWZYXWZYXWZYXWZYXWZYXWZYXWZY)
10:04:47.315 [main] INFO  com.cloudframe.app.process.Refmod1.mainlineSplit0 1011 - *  12* WS-1A-T         = (ABCDABCDABCDABCDABCDABCDABCDABZYXWZYXWZYXWZYXWZYXWZYXWZYXWZY)
10:04:47.315 [main] INFO  com.cloudframe.app.process.Refmod1.mainlineSplit0 1013 - *  13*   WS-1A-T-FLD1  = (ABCDABCDABCDABCDABCD)
10:04:47.316 [main] INFO  com.cloudframe.app.process.Refmod1.mainlineSplit0 1015 - *  14*   WS-1A-T-FLD2  = (ABCDABCDABZYXWZYXWZYXWZYXWZYXWZYXWZYXWZY)
10:04:47.316 [main] INFO  com.cloudframe.app.process.Refmod1.mainlineSplit0 1034 - *  15* WS-1B-S         = (ABCDABCDABCDABCDABCDABCDABCDABZYXWZYXWZYXWZYXWZYXWZYXWZYXWZYXWZYXWZYXW)
10:04:47.317 [main] INFO  com.cloudframe.app.process.Refmod1.mainlineSplit0 1036 - *  16*   WS-1B-S-FLD1  = (ABCDABCDABCDABCDABCDABCDABCDAB)
10:04:47.317 [main] INFO  com.cloudframe.app.process.Refmod1.mainlineSplit0 1038 - *  17*   WS-1B-S-FLD2  = (ZYXWZYXWZYXWZYXWZYXWZYXWZYXWZYXWZYXWZYXW)
10:04:47.318 [main] INFO  com.cloudframe.app.process.Refmod1.mainlineSplit0 1040 - *  18* WS-1B-T-R       = (ABCDABCDABCDABCDABCDABCDABCDABZYXWZYXWZYXWZYXWZYXWZYXWZYXWZY)
10:04:47.320 [main] INFO  com.cloudframe.app.process.Refmod1.mainlineSplit0 1042 - *  19* WS-1B-T         = (ABCDABCDABCDABCDABCDABCDABCDABZYXWZYXWZYXWZYXWZYXWZYXWZYXWZYXWZYXWZYXW                    )
10:04:47.321 [main] INFO  com.cloudframe.app.process.Refmod1.mainlineSplit0 1044 - *  20*   WS-1B-T-FLD1  = (ABCDABCDABCDABCDABCD)
10:04:47.321 [main] INFO  com.cloudframe.app.process.Refmod1.mainlineSplit0 1046 - *  21*   WS-1B-T-FLD2  = (ABCDABCDABZYXWZYXWZYXWZYXWZYXWZYXWZYXWZY)
10:04:47.322 [main] INFO  com.cloudframe.app.process.Refmod1.mainlineSplit0 1048 - *  22*   WS-1B-T-FLD3  = (XWZYXWZYXW                    )
10:04:47.323 [main] INFO  com.cloudframe.app.process.Refmod1.mainlineSplit0 1069 - *  23* WS-1B-S         = (ABCDABCDABCDABCDABCDABCDABCDABZYXWZYXWZYXWZYXWZYXWZYXWZYXWZYXWZYXWZYXW)
10:04:47.324 [main] INFO  com.cloudframe.app.process.Refmod1.mainlineSplit0 1071 - *  24*   WS-1B-S-FLD1  = (ABCDABCDABCDABCDABCDABCDABCDAB)
10:04:47.324 [main] INFO  com.cloudframe.app.process.Refmod1.mainlineSplit0 1073 - *  25*   WS-1B-S-FLD2  = (ZYXWZYXWZYXWZYXWZYXWZYXWZYXWZYXWZYXWZYXW)
10:04:47.325 [main] INFO  com.cloudframe.app.process.Refmod1.mainlineSplit0 1075 - *  26* WS-1B-T-R       = (ABCDABCDABCDABCDABCDABCDABCDABZYXWZYXWZYXWZYXWZYXWZYXWZYXWZY)
10:04:47.325 [main] INFO  com.cloudframe.app.process.Refmod1.mainlineSplit0 1077 - *  27* WS-1B-T         = (ABCDABCDABCDABCDABCDABCDABCDABZYXWZYXWZYXWZYXWZYXWZYXWZYXWZYXWZYXWZYXW                    )
10:04:47.325 [main] INFO  com.cloudframe.app.process.Refmod1.mainlineSplit1 1120 - *  28*   WS-1B-T-FLD1  = (ABCDABCDABCDABCDABCD)
10:04:47.326 [main] INFO  com.cloudframe.app.process.Refmod1.mainlineSplit1 1122 - *  29*   WS-1B-T-FLD2  = (ABCDABCDABZYXWZYXWZYXWZYXWZYXWZYXWZYXWZY)
10:04:47.326 [main] INFO  com.cloudframe.app.process.Refmod1.mainlineSplit1 1124 - *  30*   WS-1B-T-FLD3  = (XWZYXWZYXW                    )
10:04:47.327 [main] INFO  com.cloudframe.app.process.Refmod1.mainlineSplit1 1139 - *  31* WS-2A-S         = (ABCDABCDABCDABCDABCDABCDABCDABCDABCDABCDABCDABCDABCDABCDABCDABCDABCDAB)
10:04:47.328 [main] INFO  com.cloudframe.app.process.Refmod1.mainlineSplit1 1141 - *  32* WS-2A-T-R       = (ABCDABCDABCDABCDABCDABCDABCDABCDABCDABCDABCDABCDABCDABCDABCD)
10:04:47.329 [main] INFO  com.cloudframe.app.process.Refmod1.mainlineSplit1 1143 - *  33* WS-2A-T         = (ABCDABCDABCDABCDABCDABCDABCDABCDABCDABCDABCDABCDABCDABCDABCD)
10:04:47.329 [main] INFO  com.cloudframe.app.process.Refmod1.mainlineSplit1 1145 - *  34*   WS-2A-T-FLD1  = (ABCDABCDABCDABCDABCD)
10:04:47.330 [main] INFO  com.cloudframe.app.process.Refmod1.mainlineSplit1 1147 - *  35*   WS-2A-T-FLD2  = (ABCDABCDABCDABCDABCDABCDABCDABCDABCDABCD)
10:04:47.330 [main] INFO  com.cloudframe.app.process.Refmod1.mainlineSplit1 1164 - *  36* WS-2A-S         = (ABCDABCDABCDABCDABCDABCDABCDABCDABCDABCDABCDABCDABCDABCDABCDABCDABCDAB)
10:04:47.330 [main] INFO  com.cloudframe.app.process.Refmod1.mainlineSplit1 1166 - *  37* WS-2A-T-R       = (ABCDABCDABCDABCDABCDABCDABCDABCDABCDABCDABCDABCDABCDABCDABCD)
10:04:47.331 [main] INFO  com.cloudframe.app.process.Refmod1.mainlineSplit1 1168 - *  38* WS-2A-T         = (ABCDABCDABCDABCDABCDABCDABCDABCDABCDABCDABCDABCDABCDABCDABCD)
10:04:47.331 [main] INFO  com.cloudframe.app.process.Refmod1.mainlineSplit1 1170 - *  39*   WS-2A-T-FLD1  = (ABCDABCDABCDABCDABCD)
10:04:47.332 [main] INFO  com.cloudframe.app.process.Refmod1.mainlineSplit1 1172 - *  40*   WS-2A-T-FLD2  = (ABCDABCDABCDABCDABCDABCDABCDABCDABCDABCD)
10:04:47.332 [main] INFO  com.cloudframe.app.process.Refmod1.mainlineSplit1 1189 - *  41* WS-2B-S         = (ABCDABCDABCDABCDABCDABCDABCDABCDABCDABCDABCDABCDABCDABCDABCDABCDABCDAB)
10:04:47.332 [main] INFO  com.cloudframe.app.process.Refmod1.mainlineSplit1 1191 - *  42* WS-2B-T-R       = (ABCDABCDABCDABCDABCDABCDABCDABCDABCDABCDABCDABCDABCDABCDABCD)
10:04:47.333 [main] INFO  com.cloudframe.app.process.Refmod1.mainlineSplit1 1193 - *  43* WS-2B-T         = (ABCDABCDABCDABCDABCDABCDABCDABCDABCDABCDABCDABCDABCDABCDABCDABCDABCDAB                    )
10:04:47.333 [main] INFO  com.cloudframe.app.process.Refmod1.mainlineSplit1 1195 - *  44*   WS-2B-T-FLD1  = (ABCDABCDABCDABCDABCD)
10:04:47.334 [main] INFO  com.cloudframe.app.process.Refmod1.mainlineSplit1 1197 - *  45*   WS-2B-T-FLD2  = (ABCDABCDABCDABCDABCDABCDABCDABCDABCDABCD)
10:04:47.334 [main] INFO  com.cloudframe.app.process.Refmod1.mainlineSplit1 1199 - *  46*   WS-2B-T-FLD3  = (ABCDABCDAB                    )
10:04:47.334 [main] INFO  com.cloudframe.app.process.Refmod1.mainlineSplit1 1218 - *  47* WS-2B-S         = (ABCDABCDABCDABCDABCDABCDABCDABCDABCDABCDABCDABCDABCDABCDABCDABCDABCDAB)
10:04:47.335 [main] INFO  com.cloudframe.app.process.Refmod1.mainlineSplit1 1220 - *  48* WS-2B-T-R       = (ABCDABCDABCDABCDABCDABCDABCDABCDABCDABCDABCDABCDABCDABCDABCD)
10:04:47.335 [main] INFO  com.cloudframe.app.process.Refmod1.mainlineSplit1 1222 - *  49* WS-2B-T         = (ABCDABCDABCDABCDABCDABCDABCDABCDABCDABCDABCDABCDABCDABCDABCDABCDABCDAB                    )
10:04:47.338 [main] INFO  com.cloudframe.app.process.Refmod1.mainlineSplit1 1224 - *  50*   WS-2B-T-FLD1  = (ABCDABCDABCDABCDABCD)
10:04:47.338 [main] INFO  com.cloudframe.app.process.Refmod1.mainlineSplit1 1226 - *  51*   WS-2B-T-FLD2  = (ABCDABCDABCDABCDABCDABCDABCDABCDABCDABCD)
10:04:47.338 [main] INFO  com.cloudframe.app.process.Refmod1.mainlineSplit1 1228 - *  52*   WS-2B-T-FLD3  = (ABCDABCDAB                    )
10:04:47.339 [main] INFO  com.cloudframe.app.process.Refmod1.mainlineSplit1 1245 - *  53* WS-3A-S         = (ABCDABCDABCDABCDABCDABCDABCDABZYXWZYXWZYXWZYXWZYXWZYXWZYXWZYXWZYXWZYXW)
10:04:47.339 [main] INFO  com.cloudframe.app.process.Refmod1.mainlineSplit1 1247 - *  54*   WS-3A-S-FLD1  = (ABCDABCDABCDABCDABCDABCDABCDAB)
10:04:47.339 [main] INFO  com.cloudframe.app.process.Refmod1.mainlineSplit1 1249 - *  55*   WS-3A-S-FLD2  = (ZYXWZYXWZYXWZYXWZYXWZYXWZYXWZYXWZYXWZYXW)
10:04:47.340 [main] INFO  com.cloudframe.app.process.Refmod1.mainlineSplit1 1251 - *  56* WS-3A-T-R       = (ABCDABCDABCDABCDABCDABCDABCDABZYXWZYXWZYXWZYXWZYXWZYXWZYXWZY)
10:04:47.340 [main] INFO  com.cloudframe.app.process.Refmod1.mainlineSplit2 1290 - *  57* WS-3A-T         = (ABCDABCDABCDABCDABCDABCDABCDABZYXWZYXWZYXWZYXWZYXWZYXWZYXWZY)
10:04:47.340 [main] INFO  com.cloudframe.app.process.Refmod1.mainlineSplit2 1292 - *  58*   WS-3A-T-FLD1  = (ABCDABCDABCDABCDABCD)
10:04:47.341 [main] INFO  com.cloudframe.app.process.Refmod1.mainlineSplit2 1294 - *  59*   WS-3A-T-FLD2  = (ABCDABCDABZYXWZYXWZYXWZYXWZYXWZYXWZYXWZY)
10:04:47.341 [main] INFO  com.cloudframe.app.process.Refmod1.mainlineSplit2 1311 - *  60* WS-3A-S         = (ABCDABCDABCDABCDABCDABCDABCDABZYXWZYXWZYXWZYXWZYXWZYXWZYXWZYXWZYXWZYXW)
10:04:47.343 [main] INFO  com.cloudframe.app.process.Refmod1.mainlineSplit2 1313 - *  61*   WS-3A-S-FLD1  = (ABCDABCDABCDABCDABCDABCDABCDAB)
10:04:47.346 [main] INFO  com.cloudframe.app.process.Refmod1.mainlineSplit2 1315 - *  62*   WS-3A-S-FLD2  = (ZYXWZYXWZYXWZYXWZYXWZYXWZYXWZYXWZYXWZYXW)
10:04:47.347 [main] INFO  com.cloudframe.app.process.Refmod1.mainlineSplit2 1317 - *  63* WS-3A-T-R       = (ABCDABCDABCDABCDABCDABCDABCDABZYXWZYXWZYXWZYXWZYXWZYXWZYXWZY)
10:04:47.347 [main] INFO  com.cloudframe.app.process.Refmod1.mainlineSplit2 1319 - *  64* WS-3A-T         = (ABCDABCDABCDABCDABCDABCDABCDABZYXWZYXWZYXWZYXWZYXWZYXWZYXWZY)
10:04:47.347 [main] INFO  com.cloudframe.app.process.Refmod1.mainlineSplit2 1321 - *  65*   WS-3A-T-FLD1  = (ABCDABCDABCDABCDABCD)
10:04:47.349 [main] INFO  com.cloudframe.app.process.Refmod1.mainlineSplit2 1323 - *  66*   WS-3A-T-FLD2  = (ABCDABCDABZYXWZYXWZYXWZYXWZYXWZYXWZYXWZY)
10:04:47.350 [main] INFO  com.cloudframe.app.process.Refmod1.mainlineSplit2 1342 - *  67* WS-3B-S         = (ABCDABCDABCDABCDABCDABCDABCDABZYXWZYXWZYXWZYXWZYXWZYXWZYXWZYXWZYXWZYXW)
10:04:47.350 [main] INFO  com.cloudframe.app.process.Refmod1.mainlineSplit2 1344 - *  68*   WS-3B-S-FLD1  = (ABCDABCDABCDABCDABCDABCDABCDAB)
10:04:47.351 [main] INFO  com.cloudframe.app.process.Refmod1.mainlineSplit2 1346 - *  69*   WS-3B-S-FLD2  = (ZYXWZYXWZYXWZYXWZYXWZYXWZYXWZYXWZYXWZYXW)
10:04:47.351 [main] INFO  com.cloudframe.app.process.Refmod1.mainlineSplit2 1348 - *  70* WS-3B-T-R       = (ABCDABCDABCDABCDABCDABCDABCDABZYXWZYXWZYXWZYXWZYXWZYXWZYXWZY)
10:04:47.351 [main] INFO  com.cloudframe.app.process.Refmod1.mainlineSplit2 1350 - *  71* WS-3B-T         = (ABCDABCDABCDABCDABCDABCDABCDABZYXWZYXWZYXWZYXWZYXWZYXWZYXWZYXWZYXWZYXW                    )
10:04:47.351 [main] INFO  com.cloudframe.app.process.Refmod1.mainlineSplit2 1352 - *  72*   WS-3B-T-FLD1  = (ABCDABCDABCDABCDABCD)
10:04:47.352 [main] INFO  com.cloudframe.app.process.Refmod1.mainlineSplit2 1354 - *  73*   WS-3B-T-FLD2  = (ABCDABCDABZYXWZYXWZYXWZYXWZYXWZYXWZYXWZY)
10:04:47.352 [main] INFO  com.cloudframe.app.process.Refmod1.mainlineSplit2 1356 - *  74*   WS-3B-T-FLD3  = (XWZYXWZYXW                    )
10:04:47.352 [main] INFO  com.cloudframe.app.process.Refmod1.mainlineSplit2 1375 - *  75* WS-3B-S         = (ABCDABCDABCDABCDABCDABCDABCDABZYXWZYXWZYXWZYXWZYXWZYXWZYXWZYXWZYXWZYXW)
10:04:47.353 [main] INFO  com.cloudframe.app.process.Refmod1.mainlineSplit2 1377 - *  76*   WS-3B-S-FLD1  = (ABCDABCDABCDABCDABCDABCDABCDAB)
10:04:47.354 [main] INFO  com.cloudframe.app.process.Refmod1.mainlineSplit2 1379 - *  77*   WS-3B-S-FLD2  = (ZYXWZYXWZYXWZYXWZYXWZYXWZYXWZYXWZYXWZYXW)
10:04:47.355 [main] INFO  com.cloudframe.app.process.Refmod1.mainlineSplit2 1381 - *  78* WS-3B-T-R       = (ABCDABCDABCDABCDABCDABCDABCDABZYXWZYXWZYXWZYXWZYXWZYXWZYXWZY)
10:04:47.356 [main] INFO  com.cloudframe.app.process.Refmod1.mainlineSplit2 1383 - *  79* WS-3B-T         = (ABCDABCDABCDABCDABCDABCDABCDABZYXWZYXWZYXWZYXWZYXWZYXWZYXWZYXWZYXWZYXW                    )
10:04:47.356 [main] INFO  com.cloudframe.app.process.Refmod1.mainlineSplit2 1385 - *  80*   WS-3B-T-FLD1  = (ABCDABCDABCDABCDABCD)
10:04:47.356 [main] INFO  com.cloudframe.app.process.Refmod1.mainlineSplit2 1387 - *  81*   WS-3B-T-FLD2  = (ABCDABCDABZYXWZYXWZYXWZYXWZYXWZYXWZYXWZY)
10:04:47.357 [main] INFO  com.cloudframe.app.process.Refmod1.mainlineSplit2 1389 - *  82*   WS-3B-T-FLD3  = (XWZYXWZYXW                    )
10:04:47.358 [main] INFO  com.cloudframe.app.process.Refmod1.mainlineSplit2 1404 - *  83* WS-4A-S         = (ABCDABCDABCDABCDABCDABCDABCDABCDABCDABCDABCDABCDABCDABCDABCDABCDABCDAB)
10:04:47.359 [main] INFO  com.cloudframe.app.process.Refmod1.mainlineSplit2 1406 - *  84* WS-4A-T-R       = (ABCDABCDABCDABCDABCDABCDABCDABCDABCDABCDABCDABCDABCDABCDABCD)
10:04:47.359 [main] INFO  com.cloudframe.app.process.Refmod1.mainlineSplit2 1408 - *  85* WS-4A-T         = (ABCDABCDABCDABCDABCDABCDABCDABCDABCDABCDABCDABCDABCDABCDABCD)
10:04:47.360 [main] INFO  com.cloudframe.app.process.Refmod1.mainlineSplit2 1410 - *  86*   WS-4A-T-FLD1  = (ABCDABCDABCDABCDABCD)
10:04:47.360 [main] INFO  com.cloudframe.app.process.Refmod1.mainlineSplit2 1412 - *  87*   WS-4A-T-FLD2  = (ABCDABCDABCDABCDABCDABCDABCDABCDABCDABCD)
10:04:47.360 [main] INFO  com.cloudframe.app.process.Refmod1.mainlineSplit3 1462 - *  88* WS-4A-S         = (ABCDABCDABCDABCDABCDABCDABCDABCDABCDABCDABCDABCDABCDABCDABCDABCDABCDAB)
10:04:47.360 [main] INFO  com.cloudframe.app.process.Refmod1.mainlineSplit3 1464 - *  89* WS-4A-T-R       = (ABCDABCDABCDABCDABCDABCDABCDABCDABCDABCDABCDABCDABCDABCDABCD)
10:04:47.361 [main] INFO  com.cloudframe.app.process.Refmod1.mainlineSplit3 1466 - *  90* WS-4A-T         = (ABCDABCDABCDABCDABCDABCDABCDABCDABCDABCDABCDABCDABCDABCDABCD)
10:04:47.361 [main] INFO  com.cloudframe.app.process.Refmod1.mainlineSplit3 1468 - *  91*   WS-4A-T-FLD1  = (ABCDABCDABCDABCDABCD)
10:04:47.361 [main] INFO  com.cloudframe.app.process.Refmod1.mainlineSplit3 1470 - *  92*   WS-4A-T-FLD2  = (ABCDABCDABCDABCDABCDABCDABCDABCDABCDABCD)
10:04:47.361 [main] INFO  com.cloudframe.app.process.Refmod1.mainlineSplit3 1487 - *  93* WS-4B-S         = (ABCDABCDABCDABCDABCDABCDABCDABCDABCDABCDABCDABCDABCDABCDABCDABCDABCDAB)
10:04:47.362 [main] INFO  com.cloudframe.app.process.Refmod1.mainlineSplit3 1489 - *  94* WS-4B-T-R       = (ABCDABCDABCDABCDABCDABCDABCDABCDABCDABCDABCDABCDABCDABCDABCD)
10:04:47.362 [main] INFO  com.cloudframe.app.process.Refmod1.mainlineSplit3 1491 - *  95* WS-4B-T         = (ABCDABCDABCDABCDABCDABCDABCDABCDABCDABCDABCDABCDABCDABCDABCDABCDABCDAB                    )
10:04:47.363 [main] INFO  com.cloudframe.app.process.Refmod1.mainlineSplit3 1493 - *  96*   WS-4B-T-FLD1  = (ABCDABCDABCDABCDABCD)
10:04:47.363 [main] INFO  com.cloudframe.app.process.Refmod1.mainlineSplit3 1495 - *  97*   WS-4B-T-FLD2  = (ABCDABCDABCDABCDABCDABCDABCDABCDABCDABCD)
10:04:47.363 [main] INFO  com.cloudframe.app.process.Refmod1.mainlineSplit3 1497 - *  98*   WS-4B-T-FLD3  = (ABCDABCDAB                    )
10:04:47.364 [main] INFO  com.cloudframe.app.process.Refmod1.mainlineSplit3 1514 - *  99* WS-4B-S         = (ABCDABCDABCDABCDABCDABCDABCDABCDABCDABCDABCDABCDABCDABCDABCDABCDABCDAB)
10:04:47.364 [main] INFO  com.cloudframe.app.process.Refmod1.mainlineSplit3 1516 - * 100* WS-4B-T-R       = (ABCDABCDABCDABCDABCDABCDABCDABCDABCDABCDABCDABCDABCDABCDABCD)
10:04:47.364 [main] INFO  com.cloudframe.app.process.Refmod1.mainlineSplit3 1518 - * 101* WS-4B-T         = (ABCDABCDABCDABCDABCDABCDABCDABCDABCDABCDABCDABCDABCDABCDABCDABCDABCDAB                    )
10:04:47.365 [main] INFO  com.cloudframe.app.process.Refmod1.mainlineSplit3 1520 - * 102*   WS-4B-T-FLD1  = (ABCDABCDABCDABCDABCD)
10:04:47.365 [main] INFO  com.cloudframe.app.process.Refmod1.mainlineSplit3 1522 - * 103*   WS-4B-T-FLD2  = (ABCDABCDABCDABCDABCDABCDABCDABCDABCDABCD)
10:04:47.365 [main] INFO  com.cloudframe.app.process.Refmod1.mainlineSplit3 1524 - * 104*   WS-4B-T-FLD3  = (ABCDABCDAB                    )
10:04:47.366 [main] INFO  com.cloudframe.app.process.Refmod1.mainlineSplit3 1545 - * 105* WS-1A-S         = (ABCDABCDABCDABCDABCDABCDABCDABZYXWZYXWZYXWZYXWZYXWZYXWZYXWZYXWZYXWZYXW)
10:04:47.367 [main] INFO  com.cloudframe.app.process.Refmod1.mainlineSplit3 1547 - * 106*   WS-1A-S-FLD1  = (ABCDABCDABCDABCDABCDABCDABCDAB)
10:04:47.368 [main] INFO  com.cloudframe.app.process.Refmod1.mainlineSplit3 1549 - * 107*   WS-1A-S-FLD2  = (ZYXWZYXWZYXWZYXWZYXWZYXWZYXWZYXWZYXWZYXW)
10:04:47.368 [main] INFO  com.cloudframe.app.process.Refmod1.mainlineSplit3 1551 - * 108* WS-1A-T-R       = (    CDABCDABCDABCDABCDABCDABCDABZYXWZYXWZYXWZYXWZYXWZYXWZYX )
10:04:47.368 [main] INFO  com.cloudframe.app.process.Refmod1.mainlineSplit3 1553 - * 109* WS-1A-T         = (    CDABCDABCDABCDABCDABCDABCDABZYXWZYXWZYXWZYXWZYXWZYXWZYX )
10:04:47.369 [main] INFO  com.cloudframe.app.process.Refmod1.mainlineSplit3 1555 - * 110*   WS-1A-T-FLD1  = (    CDABCDABCDABCDAB)
10:04:47.369 [main] INFO  com.cloudframe.app.process.Refmod1.mainlineSplit3 1557 - * 111*   WS-1A-T-FLD2  = (CDABCDABCDABZYXWZYXWZYXWZYXWZYXWZYXWZYX )
10:04:47.369 [main] INFO  com.cloudframe.app.process.Refmod1.mainlineSplit3 1576 - * 112* WS-1A-S         = (ABCDABCDABCDABCDABCDABCDABCDABZYXWZYXWZYXWZYXWZYXWZYXWZYXWZYXWZYXWZYXW)
10:04:47.369 [main] INFO  com.cloudframe.app.process.Refmod1.mainlineSplit3 1578 - * 113*   WS-1A-S-FLD1  = (ABCDABCDABCDABCDABCDABCDABCDAB)
10:04:47.370 [main] INFO  com.cloudframe.app.process.Refmod1.mainlineSplit3 1580 - * 114*   WS-1A-S-FLD2  = (ZYXWZYXWZYXWZYXWZYXWZYXWZYXWZYXWZYXWZYXW)
10:04:47.370 [main] INFO  com.cloudframe.app.process.Refmod1.mainlineSplit4 1620 - * 115* WS-1A-T-R       = (    CDABCDABCDABCDABCDABCDABCDABZYXWZYXWZYXWZYXWZYXWZYXWZYX )
10:04:47.370 [main] INFO  com.cloudframe.app.process.Refmod1.mainlineSplit4 1622 - * 116* WS-1A-T         = (    CDABCDABCDABCDABCDABCDABCDABZYXWZYXWZYXWZYXWZYXWZYXWZYX )
10:04:47.371 [main] INFO  com.cloudframe.app.process.Refmod1.mainlineSplit4 1624 - * 117*   WS-1A-T-FLD1  = (    CDABCDABCDABCDAB)
10:04:47.371 [main] INFO  com.cloudframe.app.process.Refmod1.mainlineSplit4 1626 - * 118*   WS-1A-T-FLD2  = (CDABCDABCDABZYXWZYXWZYXWZYXWZYXWZYXWZYX )
10:04:47.371 [main] INFO  com.cloudframe.app.process.Refmod1.mainlineSplit4 1645 - * 119* WS-1B-S         = (ABCDABCDABCDABCDABCDABCDABCDABZYXWZYXWZYXWZYXWZYXWZYXWZYXWZYXWZYXWZYXW)
10:04:47.372 [main] INFO  com.cloudframe.app.process.Refmod1.mainlineSplit4 1647 - * 120*   WS-1B-S-FLD1  = (ABCDABCDABCDABCDABCDABCDABCDAB)
10:04:47.372 [main] INFO  com.cloudframe.app.process.Refmod1.mainlineSplit4 1649 - * 121*   WS-1B-S-FLD2  = (ZYXWZYXWZYXWZYXWZYXWZYXWZYXWZYXWZYXWZYXW)
10:04:47.372 [main] INFO  com.cloudframe.app.process.Refmod1.mainlineSplit4 1651 - * 122* WS-1B-T-R       = (    CDABCDABCDABCDABCDABCDABCDABZYXWZYXWZYXWZYXWZYXWZYXWZYXW)
10:04:47.373 [main] INFO  com.cloudframe.app.process.Refmod1.mainlineSplit4 1653 - * 123* WS-1B-T         = (    CDABCDABCDABCDABCDABCDABCDABZYXWZYXWZYXWZYXWZYXWZYXWZYXWZYXWZYXWZYX                  N)
10:04:47.374 [main] INFO  com.cloudframe.app.process.Refmod1.mainlineSplit4 1655 - * 124*   WS-1B-T-FLD1  = (    CDABCDABCDABCDAB)
10:04:47.374 [main] INFO  com.cloudframe.app.process.Refmod1.mainlineSplit4 1657 - * 125*   WS-1B-T-FLD2  = (CDABCDABCDABZYXWZYXWZYXWZYXWZYXWZYXWZYXW)
10:04:47.375 [main] INFO  com.cloudframe.app.process.Refmod1.mainlineSplit4 1659 - * 126*   WS-1B-T-FLD3  = (ZYXWZYXWZYX                  N)
10:04:47.375 [main] INFO  com.cloudframe.app.process.Refmod1.mainlineSplit4 1680 - * 127* WS-1B-S         = (ABCDABCDABCDABCDABCDABCDABCDABZYXWZYXWZYXWZYXWZYXWZYXWZYXWZYXWZYXWZYXW)
10:04:47.375 [main] INFO  com.cloudframe.app.process.Refmod1.mainlineSplit4 1682 - * 128*   WS-1B-S-FLD1  = (ABCDABCDABCDABCDABCDABCDABCDAB)
10:04:47.375 [main] INFO  com.cloudframe.app.process.Refmod1.mainlineSplit4 1684 - * 129*   WS-1B-S-FLD2  = (ZYXWZYXWZYXWZYXWZYXWZYXWZYXWZYXWZYXWZYXW)
10:04:47.376 [main] INFO  com.cloudframe.app.process.Refmod1.mainlineSplit4 1686 - * 130* WS-1B-T-R       = (    CDABCDABCDABCDABCDABCDABCDABZYXWZYXWZYXWZYXWZYXWZYXWZYXW)
10:04:47.376 [main] INFO  com.cloudframe.app.process.Refmod1.mainlineSplit4 1688 - * 131* WS-1B-T         = (    CDABCDABCDABCDABCDABCDABCDABZYXWZYXWZYXWZYXWZYXWZYXWZYXWZYXWZYXWZYX                  N)
10:04:47.376 [main] INFO  com.cloudframe.app.process.Refmod1.mainlineSplit4 1690 - * 132*   WS-1B-T-FLD1  = (    CDABCDABCDABCDAB)
10:04:47.376 [main] INFO  com.cloudframe.app.process.Refmod1.mainlineSplit4 1692 - * 133*   WS-1B-T-FLD2  = (CDABCDABCDABZYXWZYXWZYXWZYXWZYXWZYXWZYXW)
10:04:47.377 [main] INFO  com.cloudframe.app.process.Refmod1.mainlineSplit4 1694 - * 134*   WS-1B-T-FLD3  = (ZYXWZYXWZYX                  N)
10:04:47.377 [main] INFO  com.cloudframe.app.process.Refmod1.mainlineSplit4 1709 - * 135* WS-2A-S         = (ABCDABCDABCDABCDABCDABCDABCDABCDABCDABCDABCDABCDABCDABCDABCDABCDABCDAB)
10:04:47.377 [main] INFO  com.cloudframe.app.process.Refmod1.mainlineSplit4 1711 - * 136* WS-2A-T-R       = (    CDABCDABCDABCDABCDABCDABCDABCDABCDABCDABCDABCDABCDABCDA )
10:04:47.378 [main] INFO  com.cloudframe.app.process.Refmod1.mainlineSplit4 1713 - * 137* WS-2A-T         = (    CDABCDABCDABCDABCDABCDABCDABCDABCDABCDABCDABCDABCDABCDA )
10:04:47.378 [main] INFO  com.cloudframe.app.process.Refmod1.mainlineSplit4 1715 - * 138*   WS-2A-T-FLD1  = (    CDABCDABCDABCDAB)
10:04:47.378 [main] INFO  com.cloudframe.app.process.Refmod1.mainlineSplit4 1717 - * 139*   WS-2A-T-FLD2  = (CDABCDABCDABCDABCDABCDABCDABCDABCDABCDA )
10:04:47.378 [main] INFO  com.cloudframe.app.process.Refmod1.mainlineSplit4 1738 - * 140* WS-2A-S         = (ABCDABCDABCDABCDABCDABCDABCDABCDABCDABCDABCDABCDABCDABCDABCDABCDABCDAB)
10:04:47.379 [main] INFO  com.cloudframe.app.process.Refmod1.mainlineSplit4 1740 - * 141* WS-2A-T-R       = (    CDABCDABCDABCDABCDABCDABCDABCDABCDABCDABCDABCDABCDABCDA )
10:04:47.379 [main] INFO  com.cloudframe.app.process.Refmod1.mainlineSplit4 1742 - * 142* WS-2A-T         = (    CDABCDABCDABCDABCDABCDABCDABCDABCDABCDABCDABCDABCDABCDA )
10:04:47.379 [main] INFO  com.cloudframe.app.process.Refmod1.mainlineSplit4 1744 - * 143*   WS-2A-T-FLD1  = (    CDABCDABCDABCDAB)
10:04:47.379 [main] INFO  com.cloudframe.app.process.Refmod1.mainlineSplit5 1784 - * 144*   WS-2A-T-FLD2  = (CDABCDABCDABCDABCDABCDABCDABCDABCDABCDA )
10:04:47.380 [main] INFO  com.cloudframe.app.process.Refmod1.mainlineSplit5 1801 - * 145* WS-2B-S         = (ABCDABCDABCDABCDABCDABCDABCDABCDABCDABCDABCDABCDABCDABCDABCDABCDABCDAB)
10:04:47.380 [main] INFO  com.cloudframe.app.process.Refmod1.mainlineSplit5 1803 - * 146* WS-2B-T-R       = (    CDABCDABCDABCDABCDABCDABCDABCDABCDABCDABCDABCDABCDABCDAB)
10:04:47.382 [main] INFO  com.cloudframe.app.process.Refmod1.mainlineSplit5 1805 - * 147* WS-2B-T         = (    CDABCDABCDABCDABCDABCDABCDABCDABCDABCDABCDABCDABCDABCDABCDABCDABCDA                  N)
10:04:47.382 [main] INFO  com.cloudframe.app.process.Refmod1.mainlineSplit5 1807 - * 148*   WS-2B-T-FLD1  = (    CDABCDABCDABCDAB)
10:04:47.382 [main] INFO  com.cloudframe.app.process.Refmod1.mainlineSplit5 1809 - * 149*   WS-2B-T-FLD2  = (CDABCDABCDABCDABCDABCDABCDABCDABCDABCDAB)
10:04:47.382 [main] INFO  com.cloudframe.app.process.Refmod1.mainlineSplit5 1811 - * 150*   WS-2B-T-FLD3  = (CDABCDABCDA                  N)
10:04:47.383 [main] INFO  com.cloudframe.app.process.Refmod1.mainlineSplit5 1834 - * 151* WS-2B-S         = (ABCDABCDABCDABCDABCDABCDABCDABCDABCDABCDABCDABCDABCDABCDABCDABCDABCDAB)
10:04:47.383 [main] INFO  com.cloudframe.app.process.Refmod1.mainlineSplit5 1836 - * 152* WS-2B-T-R       = (    CDABCDABCDABCDABCDABCDABCDABCDABCDABCDABCDABCDABCDABCDAB)
10:04:47.383 [main] INFO  com.cloudframe.app.process.Refmod1.mainlineSplit5 1838 - * 153* WS-2B-T         = (    CDABCDABCDABCDABCDABCDABCDABCDABCDABCDABCDABCDABCDABCDABCDABCDABCDA                  N)
10:04:47.383 [main] INFO  com.cloudframe.app.process.Refmod1.mainlineSplit5 1840 - * 154*   WS-2B-T-FLD1  = (    CDABCDABCDABCDAB)
10:04:47.383 [main] INFO  com.cloudframe.app.process.Refmod1.mainlineSplit5 1842 - * 155*   WS-2B-T-FLD2  = (CDABCDABCDABCDABCDABCDABCDABCDABCDABCDAB)
10:04:47.384 [main] INFO  com.cloudframe.app.process.Refmod1.mainlineSplit5 1844 - * 156*   WS-2B-T-FLD3  = (CDABCDABCDA                  N)
10:04:47.384 [main] INFO  com.cloudframe.app.process.Refmod1.mainlineSplit5 1861 - * 157* WS-3A-S         = (ABCDABCDABCDABCDABCDABCDABCDABZYXWZYXWZYXWZYXWZYXWZYXWZYXWZYXWZYXWZYXW)
10:04:47.384 [main] INFO  com.cloudframe.app.process.Refmod1.mainlineSplit5 1863 - * 158*   WS-3A-S-FLD1  = (ABCDABCDABCDABCDABCDABCDABCDAB)
10:04:47.384 [main] INFO  com.cloudframe.app.process.Refmod1.mainlineSplit5 1865 - * 159*   WS-3A-S-FLD2  = (ZYXWZYXWZYXWZYXWZYXWZYXWZYXWZYXWZYXWZYXW)
10:04:47.384 [main] INFO  com.cloudframe.app.process.Refmod1.mainlineSplit5 1867 - * 160* WS-3A-T-R       = (    ABCDABCDABCDABCDABCDABCDABCDABZYXWZYXWZYXWZYXWZYXWZYXWZ )
10:04:47.385 [main] INFO  com.cloudframe.app.process.Refmod1.mainlineSplit5 1869 - * 161* WS-3A-T         = (    ABCDABCDABCDABCDABCDABCDABCDABZYXWZYXWZYXWZYXWZYXWZYXWZ )
10:04:47.385 [main] INFO  com.cloudframe.app.process.Refmod1.mainlineSplit5 1871 - * 162*   WS-3A-T-FLD1  = (    ABCDABCDABCDABCD)
10:04:47.385 [main] INFO  com.cloudframe.app.process.Refmod1.mainlineSplit5 1873 - * 163*   WS-3A-T-FLD2  = (ABCDABCDABCDABZYXWZYXWZYXWZYXWZYXWZYXWZ )
10:04:47.385 [main] INFO  com.cloudframe.app.process.Refmod1.mainlineSplit5 1892 - * 164* WS-3A-S         = (ABCDABCDABCDABCDABCDABCDABCDABZYXWZYXWZYXWZYXWZYXWZYXWZYXWZYXWZYXWZYXW)
10:04:47.386 [main] INFO  com.cloudframe.app.process.Refmod1.mainlineSplit5 1894 - * 165*   WS-3A-S-FLD1  = (ABCDABCDABCDABCDABCDABCDABCDAB)
10:04:47.386 [main] INFO  com.cloudframe.app.process.Refmod1.mainlineSplit5 1896 - * 166*   WS-3A-S-FLD2  = (ZYXWZYXWZYXWZYXWZYXWZYXWZYXWZYXWZYXWZYXW)
10:04:47.386 [main] INFO  com.cloudframe.app.process.Refmod1.mainlineSplit5 1898 - * 167* WS-3A-T-R       = (    ABCDABCDABCDABCDABCDABCDABCDABZYXWZYXWZYXWZYXWZYXWZYXWZ )
10:04:47.386 [main] INFO  com.cloudframe.app.process.Refmod1.mainlineSplit5 1900 - * 168* WS-3A-T         = (    ABCDABCDABCDABCDABCDABCDABCDABZYXWZYXWZYXWZYXWZYXWZYXWZ )
10:04:47.387 [main] INFO  com.cloudframe.app.process.Refmod1.mainlineSplit5 1902 - * 169*   WS-3A-T-FLD1  = (    ABCDABCDABCDABCD)
10:04:47.387 [main] INFO  com.cloudframe.app.process.Refmod1.mainlineSplit5 1904 - * 170*   WS-3A-T-FLD2  = (ABCDABCDABCDABZYXWZYXWZYXWZYXWZYXWZYXWZ )
10:04:47.387 [main] INFO  com.cloudframe.app.process.Refmod1.mainlineSplit6 1957 - * 171* WS-3B-S         = (ABCDABCDABCDABCDABCDABCDABCDABZYXWZYXWZYXWZYXWZYXWZYXWZYXWZYXWZYXWZYXW)
10:04:47.388 [main] INFO  com.cloudframe.app.process.Refmod1.mainlineSplit6 1959 - * 172*   WS-3B-S-FLD1  = (ABCDABCDABCDABCDABCDABCDABCDAB)
10:04:47.388 [main] INFO  com.cloudframe.app.process.Refmod1.mainlineSplit6 1961 - * 173*   WS-3B-S-FLD2  = (ZYXWZYXWZYXWZYXWZYXWZYXWZYXWZYXWZYXWZYXW)
10:04:47.388 [main] INFO  com.cloudframe.app.process.Refmod1.mainlineSplit6 1963 - * 174* WS-3B-T-R       = (    ABCDABCDABCDABCDABCDABCDABCDABZYXWZYXWZYXWZYXWZYXWZYXWZY)
10:04:47.388 [main] INFO  com.cloudframe.app.process.Refmod1.mainlineSplit6 1965 - * 175* WS-3B-T         = (    ABCDABCDABCDABCDABCDABCDABCDABZYXWZYXWZYXWZYXWZYXWZYXWZYXWZYXWZYXWZYXW               N)
10:04:47.389 [main] INFO  com.cloudframe.app.process.Refmod1.mainlineSplit6 1967 - * 176*   WS-3B-T-FLD1  = (    ABCDABCDABCDABCD)
10:04:47.389 [main] INFO  com.cloudframe.app.process.Refmod1.mainlineSplit6 1969 - * 177*   WS-3B-T-FLD2  = (ABCDABCDABCDABZYXWZYXWZYXWZYXWZYXWZYXWZY)
10:04:47.389 [main] INFO  com.cloudframe.app.process.Refmod1.mainlineSplit6 1971 - * 178*   WS-3B-T-FLD3  = (XWZYXWZYXWZYXW               N)
10:04:47.389 [main] INFO  com.cloudframe.app.process.Refmod1.mainlineSplit6 1992 - * 179* WS-3B-S         = (ABCDABCDABCDABCDABCDABCDABCDABZYXWZYXWZYXWZYXWZYXWZYXWZYXWZYXWZYXWZYXW)
10:04:47.390 [main] INFO  com.cloudframe.app.process.Refmod1.mainlineSplit6 1994 - * 180*   WS-3B-S-FLD1  = (ABCDABCDABCDABCDABCDABCDABCDAB)
10:04:47.390 [main] INFO  com.cloudframe.app.process.Refmod1.mainlineSplit6 1996 - * 181*   WS-3B-S-FLD2  = (ZYXWZYXWZYXWZYXWZYXWZYXWZYXWZYXWZYXWZYXW)
10:04:47.390 [main] INFO  com.cloudframe.app.process.Refmod1.mainlineSplit6 1998 - * 182* WS-3B-T-R       = (    ABCDABCDABCDABCDABCDABCDABCDABZYXWZYXWZYXWZYXWZYXWZYXWZY)
10:04:47.390 [main] INFO  com.cloudframe.app.process.Refmod1.mainlineSplit6 2000 - * 183* WS-3B-T         = (    ABCDABCDABCDABCDABCDABCDABCDABZYXWZYXWZYXWZYXWZYXWZYXWZYXWZYXWZYXWZYXW               N)
10:04:47.391 [main] INFO  com.cloudframe.app.process.Refmod1.mainlineSplit6 2002 - * 184*   WS-3B-T-FLD1  = (    ABCDABCDABCDABCD)
10:04:47.391 [main] INFO  com.cloudframe.app.process.Refmod1.mainlineSplit6 2004 - * 185*   WS-3B-T-FLD2  = (ABCDABCDABCDABZYXWZYXWZYXWZYXWZYXWZYXWZY)
10:04:47.391 [main] INFO  com.cloudframe.app.process.Refmod1.mainlineSplit6 2006 - * 186*   WS-3B-T-FLD3  = (XWZYXWZYXWZYXW               N)
10:04:47.391 [main] INFO  com.cloudframe.app.process.Refmod1.mainlineSplit6 2021 - * 187* WS-4A-S         = (ABCDABCDABCDABCDABCDABCDABCDABCDABCDABCDABCDABCDABCDABCDABCDABCDABCDAB)
10:04:47.392 [main] INFO  com.cloudframe.app.process.Refmod1.mainlineSplit6 2023 - * 188* WS-4A-T-R       = (    ABCDABCDABCDABCDABCDABCDABCDABCDABCDABCDABCDABCDABCDABC )
10:04:47.393 [main] INFO  com.cloudframe.app.process.Refmod1.mainlineSplit6 2025 - * 189* WS-4A-T         = (    ABCDABCDABCDABCDABCDABCDABCDABCDABCDABCDABCDABCDABCDABC )
10:04:47.394 [main] INFO  com.cloudframe.app.process.Refmod1.mainlineSplit6 2027 - * 190*   WS-4A-T-FLD1  = (    ABCDABCDABCDABCD)
10:04:47.397 [main] INFO  com.cloudframe.app.process.Refmod1.mainlineSplit6 2029 - * 191*   WS-4A-T-FLD2  = (ABCDABCDABCDABCDABCDABCDABCDABCDABCDABC )
10:04:47.399 [main] INFO  com.cloudframe.app.process.Refmod1.mainlineSplit6 2046 - * 192* WS-4A-S         = (ABCDABCDABCDABCDABCDABCDABCDABCDABCDABCDABCDABCDABCDABCDABCDABCDABCDAB)
10:04:47.399 [main] INFO  com.cloudframe.app.process.Refmod1.mainlineSplit6 2048 - * 193* WS-4A-T-R       = (    ABCDABCDABCDABCDABCDABCDABCDABCDABCDABCDABCDABCDABCDABC )
10:04:47.399 [main] INFO  com.cloudframe.app.process.Refmod1.mainlineSplit6 2050 - * 194* WS-4A-T         = (    ABCDABCDABCDABCDABCDABCDABCDABCDABCDABCDABCDABCDABCDABC )
10:04:47.399 [main] INFO  com.cloudframe.app.process.Refmod1.mainlineSplit6 2052 - * 195*   WS-4A-T-FLD1  = (    ABCDABCDABCDABCD)
10:04:47.400 [main] INFO  com.cloudframe.app.process.Refmod1.mainlineSplit6 2054 - * 196*   WS-4A-T-FLD2  = (ABCDABCDABCDABCDABCDABCDABCDABCDABCDABC )
10:04:47.400 [main] INFO  com.cloudframe.app.process.Refmod1.mainlineSplit6 2071 - * 197* WS-4B-S         = (ABCDABCDABCDABCDABCDABCDABCDABCDABCDABCDABCDABCDABCDABCDABCDABCDABCDAB)
10:04:47.401 [main] INFO  com.cloudframe.app.process.Refmod1.mainlineSplit6 2073 - * 198* WS-4B-T-R       = (    ABCDABCDABCDABCDABCDABCDABCDABCDABCDABCDABCDABCDABCDABCD)
10:04:47.401 [main] INFO  com.cloudframe.app.process.Refmod1.mainlineSplit6 2075 - * 199* WS-4B-T         = (    ABCDABCDABCDABCDABCDABCDABCDABCDABCDABCDABCDABCDABCDABCDABCDABCDABCDAB               N)
10:04:47.401 [main] INFO  com.cloudframe.app.process.Refmod1.mainlineSplit7 2121 - * 200*   WS-4B-T-FLD1  = (    ABCDABCDABCDABCD)
10:04:47.401 [main] INFO  com.cloudframe.app.process.Refmod1.mainlineSplit7 2123 - * 201*   WS-4B-T-FLD2  = (ABCDABCDABCDABCDABCDABCDABCDABCDABCDABCD)
10:04:47.401 [main] INFO  com.cloudframe.app.process.Refmod1.mainlineSplit7 2125 - * 202*   WS-4B-T-FLD3  = (ABCDABCDABCDAB               N)
10:04:47.402 [main] INFO  com.cloudframe.app.process.Refmod1.mainlineSplit7 2144 - * 203* WS-4B-S         = (ABCDABCDABCDABCDABCDABCDABCDABCDABCDABCDABCDABCDABCDABCDABCDABCDABCDAB)
10:04:47.402 [main] INFO  com.cloudframe.app.process.Refmod1.mainlineSplit7 2146 - * 204* WS-4B-T-R       = (    ABCDABCDABCDABCDABCDABCDABCDABCDABCDABCDABCDABCDABCDABCD)
10:04:47.402 [main] INFO  com.cloudframe.app.process.Refmod1.mainlineSplit7 2148 - * 205* WS-4B-T         = (    ABCDABCDABCDABCDABCDABCDABCDABCDABCDABCDABCDABCDABCDABCDABCDABCDABCDAB               N)
10:04:47.402 [main] INFO  com.cloudframe.app.process.Refmod1.mainlineSplit7 2150 - * 206*   WS-4B-T-FLD1  = (    ABCDABCDABCDABCD)
10:04:47.403 [main] INFO  com.cloudframe.app.process.Refmod1.mainlineSplit7 2152 - * 207*   WS-4B-T-FLD2  = (ABCDABCDABCDABCDABCDABCDABCDABCDABCDABCD)
10:04:47.403 [main] INFO  com.cloudframe.app.process.Refmod1.mainlineSplit7 2154 - * 208*   WS-4B-T-FLD3  = (ABCDABCDABCDAB               N)
10:04:47.404 [main] INFO  com.cloudframe.app.process.Refmod1.mainlineSplit7 2173 - * 209* WS-5A-S-GRP     = (***ABCDABCDABCDABCDABCDABCDABCDABZYXWZYXWZYXWZYXWZYXWZYXWZYXWZYXWZYXWZYXW)
10:04:47.404 [main] INFO  com.cloudframe.app.process.Refmod1.mainlineSplit7 2175 - * 210* WS-5A-S         = (ABCDABCDABCDABCDABCDABCDABCDABZYXWZYXWZYXWZYXWZYXWZYXWZYXWZYXWZYXWZYXW)
10:04:47.404 [main] INFO  com.cloudframe.app.process.Refmod1.mainlineSplit7 2177 - * 211*   WS-5A-S-FLD1  = (ABCDABCDABCDABCDABCDABCDABCDAB)
10:04:47.404 [main] INFO  com.cloudframe.app.process.Refmod1.mainlineSplit7 2180 - * 212*   WS-5A-S-FLD2  = (ZYXWZYXWZYXWZYXWZYXWZYXWZYXWZYXWZYXWZYXW)
10:04:47.405 [main] INFO  com.cloudframe.app.process.Refmod1.mainlineSplit7 2183 - * 213* WS-5A-T-R       = (ABCDABCDABCDABCDABCDABCDABCDABZYXWZYXWZYXWZYXWZYXWZYXWZYXWZY)
10:04:47.405 [main] INFO  com.cloudframe.app.process.Refmod1.mainlineSplit7 2185 - * 214* WS-5A-T         = (ABCDABCDABCDABCDABCDABCDABCDABZYXWZYXWZYXWZYXWZYXWZYXWZYXWZY)
10:04:47.405 [main] INFO  com.cloudframe.app.process.Refmod1.mainlineSplit7 2187 - * 215*   WS-5A-T-FLD1  = (ABCDABCDABCDABCDABCD)
10:04:47.405 [main] INFO  com.cloudframe.app.process.Refmod1.mainlineSplit7 2189 - * 216*   WS-5A-T-FLD2  = (ABCDABCDABZYXWZYXWZYXWZYXWZYXWZYXWZYXWZY)
10:04:47.406 [main] INFO  com.cloudframe.app.process.Refmod1.mainlineSplit7 2210 - * 217* WS-5A-S-GRP     = (***ABCDABCDABCDABCDABCDABCDABCDABZYXWZYXWZYXWZYXWZYXWZYXWZYXWZYXWZYXWZYXW)
10:04:47.406 [main] INFO  com.cloudframe.app.process.Refmod1.mainlineSplit7 2212 - * 218* WS-5A-S         = (ABCDABCDABCDABCDABCDABCDABCDABZYXWZYXWZYXWZYXWZYXWZYXWZYXWZYXWZYXWZYXW)
10:04:47.406 [main] INFO  com.cloudframe.app.process.Refmod1.mainlineSplit7 2214 - * 219*   WS-5A-S-FLD1  = (ABCDABCDABCDABCDABCDABCDABCDAB)
10:04:47.406 [main] INFO  com.cloudframe.app.process.Refmod1.mainlineSplit7 2217 - * 220*   WS-5A-S-FLD2  = (ZYXWZYXWZYXWZYXWZYXWZYXWZYXWZYXWZYXWZYXW)
10:04:47.407 [main] INFO  com.cloudframe.app.process.Refmod1.mainlineSplit7 2220 - * 221* WS-5A-T-R       = (ABCDABCDABCDABCDABCDABCDABCDABZYXWZYXWZYXWZYXWZYXWZYXWZYXWZY)
10:04:47.407 [main] INFO  com.cloudframe.app.process.Refmod1.mainlineSplit7 2222 - * 222* WS-5A-T         = (ABCDABCDABCDABCDABCDABCDABCDABZYXWZYXWZYXWZYXWZYXWZYXWZYXWZY)
10:04:47.407 [main] INFO  com.cloudframe.app.process.Refmod1.mainlineSplit7 2224 - * 223*   WS-5A-T-FLD1  = (ABCDABCDABCDABCDABCD)
10:04:47.407 [main] INFO  com.cloudframe.app.process.Refmod1.mainlineSplit7 2226 - * 224*   WS-5A-T-FLD2  = (ABCDABCDABZYXWZYXWZYXWZYXWZYXWZYXWZYXWZY)
10:04:47.408 [main] INFO  com.cloudframe.app.process.Refmod1.mainlineSplit7 2247 - * 225* WS-5B-S-GRP     = (***ABCDABCDABCDABCDABCDABCDABCDABZYXWZYXWZYXWZYXWZYXWZYXWZYXWZYXWZYXWZYXW)
10:04:47.408 [main] INFO  com.cloudframe.app.process.Refmod1.mainlineSplit7 2249 - * 226* WS-5B-S         = (ABCDABCDABCDABCDABCDABCDABCDABZYXWZYXWZYXWZYXWZYXWZYXWZYXWZYXWZYXWZYXW)
10:04:47.408 [main] INFO  com.cloudframe.app.process.Refmod1.mainlineSplit7 2251 - * 227*   WS-5B-S-FLD1  = (ABCDABCDABCDABCDABCDABCDABCDAB)
10:04:47.408 [main] INFO  com.cloudframe.app.process.Refmod1.mainlineSplit7 2254 - * 228*   WS-5B-S-FLD2  = (ZYXWZYXWZYXWZYXWZYXWZYXWZYXWZYXWZYXWZYXW)
10:04:47.409 [main] INFO  com.cloudframe.app.process.Refmod1.mainlineSplit7 2257 - * 229* WS-5B-T-R       = (ABCDABCDABCDABCDABCDABCDABCDABZYXWZYXWZYXWZYXWZYXWZYXWZYXWZY)
10:04:47.409 [main] INFO  com.cloudframe.app.process.Refmod1.mainlineSplit8 2306 - * 230* WS-5B-T         = (ABCDABCDABCDABCDABCDABCDABCDABZYXWZYXWZYXWZYXWZYXWZYXWZYXWZYXWZYXWZYXW                    )
10:04:47.409 [main] INFO  com.cloudframe.app.process.Refmod1.mainlineSplit8 2308 - * 231*   WS-5B-T-FLD1  = (ABCDABCDABCDABCDABCD)
10:04:47.410 [main] INFO  com.cloudframe.app.process.Refmod1.mainlineSplit8 2310 - * 232*   WS-5B-T-FLD2  = (ABCDABCDABZYXWZYXWZYXWZYXWZYXWZYXWZYXWZY)
10:04:47.410 [main] INFO  com.cloudframe.app.process.Refmod1.mainlineSplit8 2312 - * 233*   WS-5B-T-FLD3  = (XWZYXWZYXW                    )
10:04:47.410 [main] INFO  com.cloudframe.app.process.Refmod1.mainlineSplit8 2335 - * 234* WS-5B-S-GRP     = (***ABCDABCDABCDABCDABCDABCDABCDABZYXWZYXWZYXWZYXWZYXWZYXWZYXWZYXWZYXWZYXW)
10:04:47.410 [main] INFO  com.cloudframe.app.process.Refmod1.mainlineSplit8 2337 - * 235* WS-5B-S         = (ABCDABCDABCDABCDABCDABCDABCDABZYXWZYXWZYXWZYXWZYXWZYXWZYXWZYXWZYXWZYXW)
10:04:47.410 [main] INFO  com.cloudframe.app.process.Refmod1.mainlineSplit8 2339 - * 236*   WS-5B-S-FLD1  = (ABCDABCDABCDABCDABCDABCDABCDAB)
10:04:47.411 [main] INFO  com.cloudframe.app.process.Refmod1.mainlineSplit8 2342 - * 237*   WS-5B-S-FLD2  = (ZYXWZYXWZYXWZYXWZYXWZYXWZYXWZYXWZYXWZYXW)
10:04:47.411 [main] INFO  com.cloudframe.app.process.Refmod1.mainlineSplit8 2345 - * 238* WS-5B-T-R       = (ABCDABCDABCDABCDABCDABCDABCDABZYXWZYXWZYXWZYXWZYXWZYXWZYXWZY)
10:04:47.411 [main] INFO  com.cloudframe.app.process.Refmod1.mainlineSplit8 2347 - * 239* WS-5B-T         = (ABCDABCDABCDABCDABCDABCDABCDABZYXWZYXWZYXWZYXWZYXWZYXWZYXWZYXWZYXWZYXW                    )
10:04:47.411 [main] INFO  com.cloudframe.app.process.Refmod1.mainlineSplit8 2349 - * 240*   WS-5B-T-FLD1  = (ABCDABCDABCDABCDABCD)
10:04:47.412 [main] INFO  com.cloudframe.app.process.Refmod1.mainlineSplit8 2351 - * 241*   WS-5B-T-FLD2  = (ABCDABCDABZYXWZYXWZYXWZYXWZYXWZYXWZYXWZY)
10:04:47.412 [main] INFO  com.cloudframe.app.process.Refmod1.mainlineSplit8 2353 - * 242*   WS-5B-T-FLD3  = (XWZYXWZYXW                    )
10:04:47.412 [main] INFO  com.cloudframe.app.process.Refmod1.mainlineSplit8 2368 - * 243* WS-6A-S-GRP     = (***ABCDABCDABCDABCDABCDABCDABCDABCDABCDABCDABCDABCDABCDABCDABCDABCDABCDAB)
10:04:47.412 [main] INFO  com.cloudframe.app.process.Refmod1.mainlineSplit8 2370 - * 244* WS-6A-S         = (ABCDABCDABCDABCDABCDABCDABCDABCDABCDABCDABCDABCDABCDABCDABCDABCDABCDAB)
10:04:47.413 [main] INFO  com.cloudframe.app.process.Refmod1.mainlineSplit8 2372 - * 245* WS-6A-T-R       = (ABCDABCDABCDABCDABCDABCDABCDABCDABCDABCDABCDABCDABCDABCDABCD)
10:04:47.414 [main] INFO  com.cloudframe.app.process.Refmod1.mainlineSplit8 2374 - * 246* WS-6A-T         = (ABCDABCDABCDABCDABCDABCDABCDABCDABCDABCDABCDABCDABCDABCDABCD)
10:04:47.414 [main] INFO  com.cloudframe.app.process.Refmod1.mainlineSplit8 2376 - * 247*   WS-6A-T-FLD1  = (ABCDABCDABCDABCDABCD)
10:04:47.415 [main] INFO  com.cloudframe.app.process.Refmod1.mainlineSplit8 2378 - * 248*   WS-6A-T-FLD2  = (ABCDABCDABCDABCDABCDABCDABCDABCDABCDABCD)
10:04:47.415 [main] INFO  com.cloudframe.app.process.Refmod1.mainlineSplit8 2395 - * 249* WS-6A-S-GRP     = (***ABCDABCDABCDABCDABCDABCDABCDABCDABCDABCDABCDABCDABCDABCDABCDABCDABCDAB)
10:04:47.415 [main] INFO  com.cloudframe.app.process.Refmod1.mainlineSplit8 2397 - * 250* WS-6A-S         = (ABCDABCDABCDABCDABCDABCDABCDABCDABCDABCDABCDABCDABCDABCDABCDABCDABCDAB)
10:04:47.416 [main] INFO  com.cloudframe.app.process.Refmod1.mainlineSplit8 2399 - * 251* WS-6A-T-R       = (ABCDABCDABCDABCDABCDABCDABCDABCDABCDABCDABCDABCDABCDABCDABCD)
10:04:47.418 [main] INFO  com.cloudframe.app.process.Refmod1.mainlineSplit8 2401 - * 252* WS-6A-T         = (ABCDABCDABCDABCDABCDABCDABCDABCDABCDABCDABCDABCDABCDABCDABCD)
10:04:47.427 [main] INFO  com.cloudframe.app.process.Refmod1.mainlineSplit8 2403 - * 253*   WS-6A-T-FLD1  = (ABCDABCDABCDABCDABCD)
10:04:47.428 [main] INFO  com.cloudframe.app.process.Refmod1.mainlineSplit8 2405 - * 254*   WS-6A-T-FLD2  = (ABCDABCDABCDABCDABCDABCDABCDABCDABCDABCD)
10:04:47.428 [main] INFO  com.cloudframe.app.process.Refmod1.mainlineSplit8 2422 - * 255* WS-6B-S-GRP     = (***ABCDABCDABCDABCDABCDABCDABCDABCDABCDABCDABCDABCDABCDABCDABCDABCDABCDAB)
10:04:47.428 [main] INFO  com.cloudframe.app.process.Refmod1.mainlineSplit8 2424 - * 256* WS-6B-S         = (ABCDABCDABCDABCDABCDABCDABCDABCDABCDABCDABCDABCDABCDABCDABCDABCDABCDAB)
10:04:47.429 [main] INFO  com.cloudframe.app.process.Refmod1.mainlineSplit8 2426 - * 257* WS-6B-T-R       = (ABCDABCDABCDABCDABCDABCDABCDABCDABCDABCDABCDABCDABCDABCDABCD)
10:04:47.429 [main] INFO  com.cloudframe.app.process.Refmod1.mainlineSplit8 2428 - * 258* WS-6B-T         = (ABCDABCDABCDABCDABCDABCDABCDABCDABCDABCDABCDABCDABCDABCDABCDABCDABCDAB                    )
10:04:47.429 [main] INFO  com.cloudframe.app.process.Refmod1.mainlineSplit8 2430 - * 259*   WS-6B-T-FLD1  = (ABCDABCDABCDABCDABCD)
10:04:47.429 [main] INFO  com.cloudframe.app.process.Refmod1.mainlineSplit8 2432 - * 260*   WS-6B-T-FLD2  = (ABCDABCDABCDABCDABCDABCDABCDABCDABCDABCD)
10:04:47.429 [main] INFO  com.cloudframe.app.process.Refmod1.mainlineSplit8 2434 - * 261*   WS-6B-T-FLD3  = (ABCDABCDAB                    )
10:04:47.430 [main] INFO  com.cloudframe.app.process.Refmod1.mainlineSplit9 2499 - * 262* WS-6B-S-GRP     = (***ABCDABCDABCDABCDABCDABCDABCDABCDABCDABCDABCDABCDABCDABCDABCDABCDABCDAB)
10:04:47.430 [main] INFO  com.cloudframe.app.process.Refmod1.mainlineSplit9 2501 - * 263* WS-6B-S         = (ABCDABCDABCDABCDABCDABCDABCDABCDABCDABCDABCDABCDABCDABCDABCDABCDABCDAB)
10:04:47.433 [main] INFO  com.cloudframe.app.process.Refmod1.mainlineSplit9 2503 - * 264* WS-6B-T-R       = (ABCDABCDABCDABCDABCDABCDABCDABCDABCDABCDABCDABCDABCDABCDABCD)
10:04:47.433 [main] INFO  com.cloudframe.app.process.Refmod1.mainlineSplit9 2505 - * 265* WS-6B-T         = (ABCDABCDABCDABCDABCDABCDABCDABCDABCDABCDABCDABCDABCDABCDABCDABCDABCDAB                    )
10:04:47.433 [main] INFO  com.cloudframe.app.process.Refmod1.mainlineSplit9 2507 - * 266*   WS-6B-T-FLD1  = (ABCDABCDABCDABCDABCD)
10:04:47.433 [main] INFO  com.cloudframe.app.process.Refmod1.mainlineSplit9 2509 - * 267*   WS-6B-T-FLD2  = (ABCDABCDABCDABCDABCDABCDABCDABCDABCDABCD)
10:04:47.434 [main] INFO  com.cloudframe.app.process.Refmod1.mainlineSplit9 2511 - * 268*   WS-6B-T-FLD3  = (ABCDABCDAB                    )
10:04:47.434 [main] INFO  com.cloudframe.app.process.Refmod1.mainlineSplit9 2528 - * 269* WS-7A-S         = (ABCDABCDABCDABCDABCDABCDABCDABZYXWZYXWZYXWZYXWZYXWZYXWZYXWZYXWZYXWZYXW)
10:04:47.434 [main] INFO  com.cloudframe.app.process.Refmod1.mainlineSplit9 2530 - * 270*   WS-7A-S-FLD1  = (ABCDABCDABCDABCDABCDABCDABCDAB)
10:04:47.434 [main] INFO  com.cloudframe.app.process.Refmod1.mainlineSplit9 2532 - * 271*   WS-7A-S-FLD2  = (ZYXWZYXWZYXWZYXWZYXWZYXWZYXWZYXWZYXWZYXW)
10:04:47.435 [main] INFO  com.cloudframe.app.process.Refmod1.mainlineSplit9 2534 - * 272* WS-7A-T-GRP-R   = (*****ABCDABCDABCDABCDABCDABCDABCDABZYXWZYXWZYXWZYXWZYXWZYXWZ)
10:04:47.435 [main] INFO  com.cloudframe.app.process.Refmod1.mainlineSplit9 2536 - * 273* WS-7A-T-GRP     = (*****ABCDABCDABCDABCDABCDABCDABCDABZYXWZYXWZYXWZYXWZYXWZYXWZYXWZY)
10:04:47.435 [main] INFO  com.cloudframe.app.process.Refmod1.mainlineSplit9 2538 - * 274* WS-7A-T         = (ABCDABCDABCDABCDABCDABCDABCDABZYXWZYXWZYXWZYXWZYXWZYXWZYXWZY)
10:04:47.435 [main] INFO  com.cloudframe.app.process.Refmod1.mainlineSplit9 2540 - * 275*   WS-7A-T-FLD1  = (ABCDABCDABCDABCDABCD)
10:04:47.435 [main] INFO  com.cloudframe.app.process.Refmod1.mainlineSplit9 2543 - * 276*   WS-7A-T-FLD2  = (ABCDABCDABZYXWZYXWZYXWZYXWZYXWZYXWZYXWZY)
10:04:47.436 [main] INFO  com.cloudframe.app.process.Refmod1.mainlineSplit9 2563 - * 277* WS-7A-S         = (ABCDABCDABCDABCDABCDABCDABCDABZYXWZYXWZYXWZYXWZYXWZYXWZYXWZYXWZYXWZYXW)
10:04:47.436 [main] INFO  com.cloudframe.app.process.Refmod1.mainlineSplit9 2565 - * 278*   WS-7A-S-FLD1  = (ABCDABCDABCDABCDABCDABCDABCDAB)
10:04:47.437 [main] INFO  com.cloudframe.app.process.Refmod1.mainlineSplit9 2567 - * 279*   WS-7A-S-FLD2  = (ZYXWZYXWZYXWZYXWZYXWZYXWZYXWZYXWZYXWZYXW)
10:04:47.437 [main] INFO  com.cloudframe.app.process.Refmod1.mainlineSplit9 2569 - * 280* WS-7A-T-GRP-R   = (*****ABCDABCDABCDABCDABCDABCDABCDABZYXWZYXWZYXWZYXWZYXWZYXWZ)
10:04:47.438 [main] INFO  com.cloudframe.app.process.Refmod1.mainlineSplit9 2571 - * 281* WS-7A-T-GRP     = (*****ABCDABCDABCDABCDABCDABCDABCDABZYXWZYXWZYXWZYXWZYXWZYXWZYXWZY)
10:04:47.438 [main] INFO  com.cloudframe.app.process.Refmod1.mainlineSplit9 2573 - * 282* WS-7A-T         = (ABCDABCDABCDABCDABCDABCDABCDABZYXWZYXWZYXWZYXWZYXWZYXWZYXWZY)
10:04:47.438 [main] INFO  com.cloudframe.app.process.Refmod1.mainlineSplit9 2575 - * 283*   WS-7A-T-FLD1  = (ABCDABCDABCDABCDABCD)
10:04:47.438 [main] INFO  com.cloudframe.app.process.Refmod1.mainlineSplit9 2578 - * 284*   WS-7A-T-FLD2  = (ABCDABCDABZYXWZYXWZYXWZYXWZYXWZYXWZYXWZY)
10:04:47.440 [main] INFO  com.cloudframe.app.process.Refmod1.mainlineSplit9 2599 - * 285* WS-7B-S         = (ABCDABCDABCDABCDABCDABCDABCDABZYXWZYXWZYXWZYXWZYXWZYXWZYXWZYXWZYXWZYXW)
10:04:47.440 [main] INFO  com.cloudframe.app.process.Refmod1.mainlineSplit9 2601 - * 286*   WS-7B-S-FLD1  = (ABCDABCDABCDABCDABCDABCDABCDAB)
10:04:47.441 [main] INFO  com.cloudframe.app.process.Refmod1.mainlineSplit9 2603 - * 287*   WS-7B-S-FLD2  = (ZYXWZYXWZYXWZYXWZYXWZYXWZYXWZYXWZYXWZYXW)
10:04:47.441 [main] INFO  com.cloudframe.app.process.Refmod1.mainlineSplit9 2605 - * 288* WS-7B-T-GRP-R   = (*****ABCDABCDABCDABCDABCDABCDABCDABZYXWZYXWZYXWZYXWZYXWZYXWZ)
10:04:47.441 [main] INFO  com.cloudframe.app.process.Refmod1.mainlineSplit9 2607 - * 289* WS-7B-T-GRP     = (*****ABCDABCDABCDABCDABCDABCDABCDABZYXWZYXWZYXWZYXWZYXWZYXWZYXWZYXWZYXWZYXW                    )
10:04:47.441 [main] INFO  com.cloudframe.app.process.Refmod1.mainlineSplit9 2609 - * 290* WS-7B-T         = (ABCDABCDABCDABCDABCDABCDABCDABZYXWZYXWZYXWZYXWZYXWZYXWZYXWZYXWZYXWZYXW                    )
10:04:47.442 [main] INFO  com.cloudframe.app.process.Refmod1.mainlineSplit9 2611 - * 291*   WS-7B-T-FLD1  = (ABCDABCDABCDABCDABCD)
10:04:47.442 [main] INFO  com.cloudframe.app.process.Refmod1.mainlineSplit10 2660 - * 292*   WS-7B-T-FLD2  = (ABCDABCDABZYXWZYXWZYXWZYXWZYXWZYXWZYXWZY)
10:04:47.442 [main] INFO  com.cloudframe.app.process.Refmod1.mainlineSplit10 2663 - * 293*   WS-7B-T-FLD3  = (XWZYXWZYXW                    )
10:04:47.442 [main] INFO  com.cloudframe.app.process.Refmod1.mainlineSplit10 2679 - * 294* WS-8A-S         = (ABCDABCDABCDABCDABCDABCDABCDABCDABCDABCDABCDABCDABCDABCDABCDABCDABCDAB)
10:04:47.443 [main] INFO  com.cloudframe.app.process.Refmod1.mainlineSplit10 2681 - * 295* WS-8A-T-GRP-R   = (*****ABCDABCDABCDABCDABCDABCDABCDABCDABCDABCDABCDABCDABCDABC)
10:04:47.445 [main] INFO  com.cloudframe.app.process.Refmod1.mainlineSplit10 2683 - * 296* WS-8A-T-GRP     = (*****ABCDABCDABCDABCDABCDABCDABCDABCDABCDABCDABCDABCDABCDABCDABCD)
10:04:47.448 [main] INFO  com.cloudframe.app.process.Refmod1.mainlineSplit10 2685 - * 297* WS-8A-T         = (ABCDABCDABCDABCDABCDABCDABCDABCDABCDABCDABCDABCDABCDABCDABCD)
10:04:47.448 [main] INFO  com.cloudframe.app.process.Refmod1.mainlineSplit10 2687 - * 298*   WS-8A-T-FLD1  = (ABCDABCDABCDABCDABCD)
10:04:47.449 [main] INFO  com.cloudframe.app.process.Refmod1.mainlineSplit10 2690 - * 299*   WS-8A-T-FLD2  = (ABCDABCDABCDABCDABCDABCDABCDABCDABCDABCD)
10:04:47.449 [main] INFO  com.cloudframe.app.process.Refmod1.mainlineSplit10 2708 - * 300* WS-8A-S         = (ABCDABCDABCDABCDABCDABCDABCDABCDABCDABCDABCDABCDABCDABCDABCDABCDABCDAB)
10:04:47.449 [main] INFO  com.cloudframe.app.process.Refmod1.mainlineSplit10 2710 - * 301* WS-8A-T-GRP-R   = (*****ABCDABCDABCDABCDABCDABCDABCDABCDABCDABCDABCDABCDABCDABC)
10:04:47.449 [main] INFO  com.cloudframe.app.process.Refmod1.mainlineSplit10 2712 - * 302* WS-8A-T-GRP     = (*****ABCDABCDABCDABCDABCDABCDABCDABCDABCDABCDABCDABCDABCDABCDABCD)
10:04:47.450 [main] INFO  com.cloudframe.app.process.Refmod1.mainlineSplit10 2714 - * 303* WS-8A-T         = (ABCDABCDABCDABCDABCDABCDABCDABCDABCDABCDABCDABCDABCDABCDABCD)
10:04:47.455 [main] INFO  com.cloudframe.app.process.Refmod1.mainlineSplit10 2716 - * 304*   WS-8A-T-FLD1  = (ABCDABCDABCDABCDABCD)
10:04:47.456 [main] INFO  com.cloudframe.app.process.Refmod1.mainlineSplit10 2719 - * 305*   WS-8A-T-FLD2  = (ABCDABCDABCDABCDABCDABCDABCDABCDABCDABCD)
10:04:47.456 [main] INFO  com.cloudframe.app.process.Refmod1.mainlineSplit10 2738 - * 306* WS-8B-S         = (ABCDABCDABCDABCDABCDABCDABCDABCDABCDABCDABCDABCDABCDABCDABCDABCDABCDAB)
10:04:47.456 [main] INFO  com.cloudframe.app.process.Refmod1.mainlineSplit10 2740 - * 307* WS-8B-T-GRP-R   = (*****ABCDABCDABCDABCDABCDABCDABCDABCDABCDABCDABCDABCDABCDABC)
10:04:47.456 [main] INFO  com.cloudframe.app.process.Refmod1.mainlineSplit10 2742 - * 308* WS-8B-T-GRP     = (*****ABCDABCDABCDABCDABCDABCDABCDABCDABCDABCDABCDABCDABCDABCDABCDABCDABCDAB                    )
10:04:47.457 [main] INFO  com.cloudframe.app.process.Refmod1.mainlineSplit10 2744 - * 309* WS-8B-T         = (ABCDABCDABCDABCDABCDABCDABCDABCDABCDABCDABCDABCDABCDABCDABCDABCDABCDAB                    )
10:04:47.457 [main] INFO  com.cloudframe.app.process.Refmod1.mainlineSplit10 2746 - * 310*   WS-8B-T-FLD1  = (ABCDABCDABCDABCDABCD)
10:04:47.457 [main] INFO  com.cloudframe.app.process.Refmod1.mainlineSplit10 2749 - * 311*   WS-8B-T-FLD2  = (ABCDABCDABCDABCDABCDABCDABCDABCDABCDABCD)
10:04:47.457 [main] INFO  com.cloudframe.app.process.Refmod1.mainlineSplit10 2752 - * 312*   WS-8B-T-FLD3  = (ABCDABCDAB                    )
10:04:47.458 [main] INFO  com.cloudframe.app.process.Refmod1.mainlineSplit10 2773 - * 313* WS-8B-S         = (ABCDABCDABCDABCDABCDABCDABCDABCDABCDABCDABCDABCDABCDABCDABCDABCDABCDAB)
10:04:47.458 [main] INFO  com.cloudframe.app.process.Refmod1.mainlineSplit10 2775 - * 314* WS-8B-T-GRP-R   = (*****ABCDABCDABCDABCDABCDABCDABCDABCDABCDABCDABCDABCDABCDABC)
10:04:47.458 [main] INFO  com.cloudframe.app.process.Refmod1.mainlineSplit10 2777 - * 315* WS-8B-T-GRP     = (*****ABCDABCDABCDABCDABCDABCDABCDABCDABCDABCDABCDABCDABCDABCDABCDABCDABCDAB                    )
10:04:47.458 [main] INFO  com.cloudframe.app.process.Refmod1.mainlineSplit10 2779 - * 316* WS-8B-T         = (ABCDABCDABCDABCDABCDABCDABCDABCDABCDABCDABCDABCDABCDABCDABCDABCDABCDAB                    )
10:04:47.458 [main] INFO  com.cloudframe.app.process.Refmod1.mainlineSplit10 2781 - * 317*   WS-8B-T-FLD1  = (ABCDABCDABCDABCDABCD)
10:04:47.459 [main] INFO  com.cloudframe.app.process.Refmod1.mainlineSplit10 2784 - * 318*   WS-8B-T-FLD2  = (ABCDABCDABCDABCDABCDABCDABCDABCDABCDABCD)
10:04:47.459 [main] INFO  com.cloudframe.app.process.Refmod1.mainlineSplit10 2787 - * 319*   WS-8B-T-FLD3  = (ABCDABCDAB                    )
10:04:47.459 [main] INFO  com.cloudframe.app.process.Refmod1.mainlineSplit10 2808 - * 320* WS-9A-S-GRP     = (***ABCDABCDABCDABCDABCDABCDABCDABZYXWZYXWZYXWZYXWZYXWZYXWZYXWZYXWZYXWZYXW)
10:04:47.460 [main] INFO  com.cloudframe.app.process.Refmod1.mainlineSplit11 2857 - * 321* WS-9A-S         = (ABCDABCDABCDABCDABCDABCDABCDABZYXWZYXWZYXWZYXWZYXWZYXWZYXWZYXWZYXWZYXW)
10:04:47.460 [main] INFO  com.cloudframe.app.process.Refmod1.mainlineSplit11 2859 - * 322*   WS-9A-S-FLD1  = (ABCDABCDABCDABCDABCDABCDABCDAB)
10:04:47.460 [main] INFO  com.cloudframe.app.process.Refmod1.mainlineSplit11 2862 - * 323*   WS-9A-S-FLD2  = (ZYXWZYXWZYXWZYXWZYXWZYXWZYXWZYXWZYXWZYXW)
10:04:47.460 [main] INFO  com.cloudframe.app.process.Refmod1.mainlineSplit11 2865 - * 324* WS-9A-T-GRP-R   = (*****ABCDABCDABCDABCDABCDABCDABCDABZYXWZYXWZYXWZYXWZYXWZYXWZ)
10:04:47.460 [main] INFO  com.cloudframe.app.process.Refmod1.mainlineSplit11 2867 - * 325* WS-9A-T-GRP     = (*****ABCDABCDABCDABCDABCDABCDABCDABZYXWZYXWZYXWZYXWZYXWZYXWZYXWZY)
10:04:47.461 [main] INFO  com.cloudframe.app.process.Refmod1.mainlineSplit11 2869 - * 326* WS-9A-T         = (ABCDABCDABCDABCDABCDABCDABCDABZYXWZYXWZYXWZYXWZYXWZYXWZYXWZY)
10:04:47.461 [main] INFO  com.cloudframe.app.process.Refmod1.mainlineSplit11 2871 - * 327*   WS-9A-T-FLD1  = (ABCDABCDABCDABCDABCD)
10:04:47.461 [main] INFO  com.cloudframe.app.process.Refmod1.mainlineSplit11 2874 - * 328*   WS-9A-T-FLD2  = (ABCDABCDABZYXWZYXWZYXWZYXWZYXWZYXWZYXWZY)
10:04:47.461 [main] INFO  com.cloudframe.app.process.Refmod1.mainlineSplit11 2896 - * 329* WS-9A-S-GRP     = (***ABCDABCDABCDABCDABCDABCDABCDABZYXWZYXWZYXWZYXWZYXWZYXWZYXWZYXWZYXWZYXW)
10:04:47.461 [main] INFO  com.cloudframe.app.process.Refmod1.mainlineSplit11 2898 - * 330* WS-9A-S         = (ABCDABCDABCDABCDABCDABCDABCDABZYXWZYXWZYXWZYXWZYXWZYXWZYXWZYXWZYXWZYXW)
10:04:47.461 [main] INFO  com.cloudframe.app.process.Refmod1.mainlineSplit11 2900 - * 331*   WS-9A-S-FLD1  = (ABCDABCDABCDABCDABCDABCDABCDAB)
10:04:47.462 [main] INFO  com.cloudframe.app.process.Refmod1.mainlineSplit11 2903 - * 332*   WS-9A-S-FLD2  = (ZYXWZYXWZYXWZYXWZYXWZYXWZYXWZYXWZYXWZYXW)
10:04:47.462 [main] INFO  com.cloudframe.app.process.Refmod1.mainlineSplit11 2906 - * 333* WS-9A-T-GRP-R   = (*****ABCDABCDABCDABCDABCDABCDABCDABZYXWZYXWZYXWZYXWZYXWZYXWZ)
10:04:47.462 [main] INFO  com.cloudframe.app.process.Refmod1.mainlineSplit11 2908 - * 334* WS-9A-T-GRP     = (*****ABCDABCDABCDABCDABCDABCDABCDABZYXWZYXWZYXWZYXWZYXWZYXWZYXWZY)
10:04:47.468 [main] INFO  com.cloudframe.app.process.Refmod1.mainlineSplit11 2910 - * 335* WS-9A-T         = (ABCDABCDABCDABCDABCDABCDABCDABZYXWZYXWZYXWZYXWZYXWZYXWZYXWZY)
10:04:47.468 [main] INFO  com.cloudframe.app.process.Refmod1.mainlineSplit11 2912 - * 336*   WS-9A-T-FLD1  = (ABCDABCDABCDABCDABCD)
10:04:47.468 [main] INFO  com.cloudframe.app.process.Refmod1.mainlineSplit11 2915 - * 337*   WS-9A-T-FLD2  = (ABCDABCDABZYXWZYXWZYXWZYXWZYXWZYXWZYXWZY)
10:04:47.469 [main] INFO  com.cloudframe.app.process.Refmod1.mainlineSplit11 2939 - * 338* WS-9B-S-GRP     = (***ABCDABCDABCDABCDABCDABCDABCDABZYXWZYXWZYXWZYXWZYXWZYXWZYXWZYXWZYXWZYXW)
10:04:47.469 [main] INFO  com.cloudframe.app.process.Refmod1.mainlineSplit11 2941 - * 339* WS-9B-S         = (ABCDABCDABCDABCDABCDABCDABCDABZYXWZYXWZYXWZYXWZYXWZYXWZYXWZYXWZYXWZYXW)
10:04:47.469 [main] INFO  com.cloudframe.app.process.Refmod1.mainlineSplit11 2943 - * 340*   WS-9B-S-FLD1  = (ABCDABCDABCDABCDABCDABCDABCDAB)
10:04:47.470 [main] INFO  com.cloudframe.app.process.Refmod1.mainlineSplit11 2946 - * 341*   WS-9B-S-FLD2  = (ZYXWZYXWZYXWZYXWZYXWZYXWZYXWZYXWZYXWZYXW)
10:04:47.470 [main] INFO  com.cloudframe.app.process.Refmod1.mainlineSplit11 2949 - * 342* WS-9B-T-GRP-R   = (*****ABCDABCDABCDABCDABCDABCDABCDABZYXWZYXWZYXWZYXWZYXWZYXWZ)
10:04:47.470 [main] INFO  com.cloudframe.app.process.Refmod1.mainlineSplit11 2951 - * 343* WS-9B-T-GRP     = (*****ABCDABCDABCDABCDABCDABCDABCDABZYXWZYXWZYXWZYXWZYXWZYXWZYXWZYXWZYXWZYXW                    )
10:04:47.470 [main] INFO  com.cloudframe.app.process.Refmod1.mainlineSplit11 2953 - * 344* WS-9B-T         = (ABCDABCDABCDABCDABCDABCDABCDABZYXWZYXWZYXWZYXWZYXWZYXWZYXWZYXWZYXWZYXW                    )
10:04:47.470 [main] INFO  com.cloudframe.app.process.Refmod1.mainlineSplit11 2955 - * 345*   WS-9B-T-FLD1  = (ABCDABCDABCDABCDABCD)
10:04:47.471 [main] INFO  com.cloudframe.app.process.Refmod1.mainlineSplit11 2958 - * 346*   WS-9B-T-FLD2  = (ABCDABCDABZYXWZYXWZYXWZYXWZYXWZYXWZYXWZY)
10:04:47.471 [main] INFO  com.cloudframe.app.process.Refmod1.mainlineSplit11 2961 - * 347*   WS-9B-T-FLD3  = (XWZYXWZYXW                    )
10:04:47.471 [main] INFO  com.cloudframe.app.process.Refmod1.mainlineSplit11 2986 - * 348* WS-9B-S-GRP     = (***ABCDABCDABCDABCDABCDABCDABCDABZYXWZYXWZYXWZYXWZYXWZYXWZYXWZYXWZYXWZYXW)
10:04:47.471 [main] INFO  com.cloudframe.app.process.Refmod1.mainlineSplit11 2988 - * 349* WS-9B-S         = (ABCDABCDABCDABCDABCDABCDABCDABZYXWZYXWZYXWZYXWZYXWZYXWZYXWZYXWZYXWZYXW)
10:04:47.472 [main] INFO  com.cloudframe.app.process.Refmod1.mainlineSplit11 2990 - * 350*   WS-9B-S-FLD1  = (ABCDABCDABCDABCDABCDABCDABCDAB)
10:04:47.472 [main] INFO  com.cloudframe.app.process.Refmod1.mainlineSplit11 2993 - * 351*   WS-9B-S-FLD2  = (ZYXWZYXWZYXWZYXWZYXWZYXWZYXWZYXWZYXWZYXW)
10:04:47.473 [main] INFO  com.cloudframe.app.process.Refmod1.mainlineSplit11 2996 - * 352* WS-9B-T-GRP-R   = (*****ABCDABCDABCDABCDABCDABCDABCDABZYXWZYXWZYXWZYXWZYXWZYXWZ)
10:04:47.473 [main] INFO  com.cloudframe.app.process.Refmod1.mainlineSplit11 2998 - * 353* WS-9B-T-GRP     = (*****ABCDABCDABCDABCDABCDABCDABCDABZYXWZYXWZYXWZYXWZYXWZYXWZYXWZYXWZYXWZYXW                    )
10:04:47.473 [main] INFO  com.cloudframe.app.process.Refmod1.mainlineSplit12 3044 - * 354* WS-9B-T         = (ABCDABCDABCDABCDABCDABCDABCDABZYXWZYXWZYXWZYXWZYXWZYXWZYXWZYXWZYXWZYXW                    )
10:04:47.474 [main] INFO  com.cloudframe.app.process.Refmod1.mainlineSplit12 3046 - * 355*   WS-9B-T-FLD1  = (ABCDABCDABCDABCDABCD)
10:04:47.474 [main] INFO  com.cloudframe.app.process.Refmod1.mainlineSplit12 3049 - * 356*   WS-9B-T-FLD2  = (ABCDABCDABZYXWZYXWZYXWZYXWZYXWZYXWZYXWZY)
10:04:47.474 [main] INFO  com.cloudframe.app.process.Refmod1.mainlineSplit12 3052 - * 357*   WS-9B-T-FLD3  = (XWZYXWZYXW                    )
10:04:47.474 [main] INFO  com.cloudframe.app.process.Refmod1.mainlineSplit12 3069 - * 358* WS-10A-S-GRP    = (***ABCDABCDABCDABCDABCDABCDABCDABCDABCDABCDABCDABCDABCDABCDABCDABCDABCDAB)
10:04:47.474 [main] INFO  com.cloudframe.app.process.Refmod1.mainlineSplit12 3071 - * 359* WS-10A-S        = (ABCDABCDABCDABCDABCDABCDABCDABCDABCDABCDABCDABCDABCDABCDABCDABCDABCDAB)
10:04:47.475 [main] INFO  com.cloudframe.app.process.Refmod1.mainlineSplit12 3073 - * 360* WS-10A-T-GRP-R  = (*****ABCDABCDABCDABCDABCDABCDABCDABCDABCDABCDABCDABCDABCDABC)
10:04:47.475 [main] INFO  com.cloudframe.app.process.Refmod1.mainlineSplit12 3075 - * 361* WS-10A-T-GRP    = (*****ABCDABCDABCDABCDABCDABCDABCDABCDABCDABCDABCDABCDABCDABCDABCD)
10:04:47.475 [main] INFO  com.cloudframe.app.process.Refmod1.mainlineSplit12 3077 - * 362* WS-10A-T        = (ABCDABCDABCDABCDABCDABCDABCDABCDABCDABCDABCDABCDABCDABCDABCD)
10:04:47.475 [main] INFO  com.cloudframe.app.process.Refmod1.mainlineSplit12 3079 - * 363*   WS-10A-T-FLD1 = (ABCDABCDABCDABCDABCD)
10:04:47.475 [main] INFO  com.cloudframe.app.process.Refmod1.mainlineSplit12 3082 - * 364*   WS-10A-T-FLD2 = (ABCDABCDABCDABCDABCDABCDABCDABCDABCDABCD)
10:04:47.476 [main] INFO  com.cloudframe.app.process.Refmod1.mainlineSplit12 3100 - * 365* WS-10A-S-GRP    = (***ABCDABCDABCDABCDABCDABCDABCDABCDABCDABCDABCDABCDABCDABCDABCDABCDABCDAB)
10:04:47.476 [main] INFO  com.cloudframe.app.process.Refmod1.mainlineSplit12 3102 - * 366* WS-10A-S        = (ABCDABCDABCDABCDABCDABCDABCDABCDABCDABCDABCDABCDABCDABCDABCDABCDABCDAB)
10:04:47.476 [main] INFO  com.cloudframe.app.process.Refmod1.mainlineSplit12 3104 - * 367* WS-10A-T-GRP-R  = (*****ABCDABCDABCDABCDABCDABCDABCDABCDABCDABCDABCDABCDABCDABC)
10:04:47.476 [main] INFO  com.cloudframe.app.process.Refmod1.mainlineSplit12 3106 - * 368* WS-10A-T-GRP    = (*****ABCDABCDABCDABCDABCDABCDABCDABCDABCDABCDABCDABCDABCDABCDABCD)
10:04:47.477 [main] INFO  com.cloudframe.app.process.Refmod1.mainlineSplit12 3108 - * 369* WS-10A-T        = (ABCDABCDABCDABCDABCDABCDABCDABCDABCDABCDABCDABCDABCDABCDABCD)
10:04:47.477 [main] INFO  com.cloudframe.app.process.Refmod1.mainlineSplit12 3110 - * 370*   WS-10A-T-FLD1 = (ABCDABCDABCDABCDABCD)
10:04:47.477 [main] INFO  com.cloudframe.app.process.Refmod1.mainlineSplit12 3113 - * 371*   WS-10A-T-FLD2 = (ABCDABCDABCDABCDABCDABCDABCDABCDABCDABCD)
10:04:47.477 [main] INFO  com.cloudframe.app.process.Refmod1.mainlineSplit12 3133 - * 372* WS-10B-S-GRP    = (***ABCDABCDABCDABCDABCDABCDABCDABCDABCDABCDABCDABCDABCDABCDABCDABCDABCDAB)
10:04:47.478 [main] INFO  com.cloudframe.app.process.Refmod1.mainlineSplit12 3135 - * 373* WS-10B-S        = (ABCDABCDABCDABCDABCDABCDABCDABCDABCDABCDABCDABCDABCDABCDABCDABCDABCDAB)
10:04:47.478 [main] INFO  com.cloudframe.app.process.Refmod1.mainlineSplit12 3137 - * 374* WS-10B-T-GRP-R  = (*****ABCDABCDABCDABCDABCDABCDABCDABCDABCDABCDABCDABCDABCDABC)
10:04:47.478 [main] INFO  com.cloudframe.app.process.Refmod1.mainlineSplit12 3139 - * 375* WS-10B-T-GRP    = (*****ABCDABCDABCDABCDABCDABCDABCDABCDABCDABCDABCDABCDABCDABCDABCDABCDABCDAB                    )
10:04:47.478 [main] INFO  com.cloudframe.app.process.Refmod1.mainlineSplit12 3141 - * 376* WS-10B-T        = (ABCDABCDABCDABCDABCDABCDABCDABCDABCDABCDABCDABCDABCDABCDABCDABCDABCDAB                    )
10:04:47.478 [main] INFO  com.cloudframe.app.process.Refmod1.mainlineSplit12 3143 - * 377*   WS-10B-T-FLD1 = (ABCDABCDABCDABCDABCD)
10:04:47.479 [main] INFO  com.cloudframe.app.process.Refmod1.mainlineSplit12 3146 - * 378*   WS-10B-T-FLD2 = (ABCDABCDABCDABCDABCDABCDABCDABCDABCDABCD)
10:04:47.479 [main] INFO  com.cloudframe.app.process.Refmod1.mainlineSplit12 3149 - * 379*   WS-10B-T-FLD3 = (ABCDABCDAB                    )
10:04:47.479 [main] INFO  com.cloudframe.app.process.Refmod1.mainlineSplit12 3170 - * 380* WS-10B-S-GRP    = (***ABCDABCDABCDABCDABCDABCDABCDABCDABCDABCDABCDABCDABCDABCDABCDABCDABCDAB)
10:04:47.482 [main] INFO  com.cloudframe.app.process.Refmod1.mainlineSplit12 3172 - * 381* WS-10B-S        = (ABCDABCDABCDABCDABCDABCDABCDABCDABCDABCDABCDABCDABCDABCDABCDABCDABCDAB)
10:04:47.483 [main] INFO  com.cloudframe.app.process.Refmod1.mainlineSplit12 3174 - * 382* WS-10B-T-GRP-R  = (*****ABCDABCDABCDABCDABCDABCDABCDABCDABCDABCDABCDABCDABCDABC)
10:04:47.483 [main] INFO  com.cloudframe.app.process.Refmod1.mainlineSplit12 3176 - * 383* WS-10B-T-GRP    = (*****ABCDABCDABCDABCDABCDABCDABCDABCDABCDABCDABCDABCDABCDABCDABCDABCDABCDAB                    )
10:04:47.483 [main] INFO  com.cloudframe.app.process.Refmod1.mainlineSplit12 3178 - * 384* WS-10B-T        = (ABCDABCDABCDABCDABCDABCDABCDABCDABCDABCDABCDABCDABCDABCDABCDABCDABCDAB                    )
10:04:47.483 [main] INFO  com.cloudframe.app.process.Refmod1.mainlineSplit12 3180 - * 385*   WS-10B-T-FLD1 = (ABCDABCDABCDABCDABCD)
10:04:47.484 [main] INFO  com.cloudframe.app.process.Refmod1.mainlineSplit12 3183 - * 386*   WS-10B-T-FLD2 = (ABCDABCDABCDABCDABCDABCDABCDABCDABCDABCD)
10:04:47.484 [main] INFO  com.cloudframe.app.process.Refmod1.mainlineSplit13 3226 - * 387*   WS-10B-T-FLD3 = (ABCDABCDAB                    )
10:04:47.485 [main] INFO  com.cloudframe.app.process.Refmod1.mainlineSplit13 3245 - * 388* WS-11A-S        = (ABCDABCDABCDABCDABCDABCDABCDABZYXWZYXWZYXWZYXWZYXWZYXWZYXWZYXWZYXWZYXW)
10:04:47.485 [main] INFO  com.cloudframe.app.process.Refmod1.mainlineSplit13 3247 - * 389*   WS-11A-S-FLD1 = (ABCDABCDABCDABCDABCDABCDABCDAB)
10:04:47.485 [main] INFO  com.cloudframe.app.process.Refmod1.mainlineSplit13 3249 - * 390*   WS-11A-S-FLD2 = (ZYXWZYXWZYXWZYXWZYXWZYXWZYXWZYXWZYXWZYXW)
10:04:47.485 [main] INFO  com.cloudframe.app.process.Refmod1.mainlineSplit13 3251 - * 391* WS-11A-T-GRP-R  = (*****ABCDABCDABCDABCDABCDABCDABCDABZYXWZYXWZYXWZYXWZYXWZYXWZ)
10:04:47.486 [main] INFO  com.cloudframe.app.process.Refmod1.mainlineSplit13 3253 - * 392* WS-11A-T-GRP    = (*****ABCDABCDABCDABCDABCDABCDABCDABZYXWZYXWZYXWZYXWZYXWZYXWZYXWZY)
10:04:47.486 [main] INFO  com.cloudframe.app.process.Refmod1.mainlineSplit13 3255 - * 393* WS-11A-T        = (ABCDABCDABCDABCDABCDABCDABCDABZYXWZYXWZYXWZYXWZYXWZYXWZYXWZY)
10:04:47.486 [main] INFO  com.cloudframe.app.process.Refmod1.mainlineSplit13 3257 - * 394*   WS-11A-T-FLD1 = (ABCDABCDABCDABCDABCD)
10:04:47.486 [main] INFO  com.cloudframe.app.process.Refmod1.mainlineSplit13 3260 - * 395*   WS-11A-T-FLD2 = (ABCDABCDABZYXWZYXWZYXWZYXWZYXWZYXWZYXWZY)
10:04:47.486 [main] INFO  com.cloudframe.app.process.Refmod1.mainlineSplit13 3278 - * 396* WS-11A-S        = (ABCDABCDABCDABCDABCDABCDABCDABZYXWZYXWZYXWZYXWZYXWZYXWZYXWZYXWZYXWZYXW)
10:04:47.486 [main] INFO  com.cloudframe.app.process.Refmod1.mainlineSplit13 3280 - * 397*   WS-11A-S-FLD1 = (ABCDABCDABCDABCDABCDABCDABCDAB)
10:04:47.487 [main] INFO  com.cloudframe.app.process.Refmod1.mainlineSplit13 3282 - * 398*   WS-11A-S-FLD2 = (ZYXWZYXWZYXWZYXWZYXWZYXWZYXWZYXWZYXWZYXW)
10:04:47.487 [main] INFO  com.cloudframe.app.process.Refmod1.mainlineSplit13 3284 - * 399* WS-11A-T-GRP-R  = (*****ABCDABCDABCDABCDABCDABCDABCDABZYXWZYXWZYXWZYXWZYXWZYXWZ)
10:04:47.487 [main] INFO  com.cloudframe.app.process.Refmod1.mainlineSplit13 3286 - * 400* WS-11A-T-GRP    = (*****ABCDABCDABCDABCDABCDABCDABCDABZYXWZYXWZYXWZYXWZYXWZYXWZYXWZY)
10:04:47.487 [main] INFO  com.cloudframe.app.process.Refmod1.mainlineSplit13 3288 - * 401* WS-11A-T        = (ABCDABCDABCDABCDABCDABCDABCDABZYXWZYXWZYXWZYXWZYXWZYXWZYXWZY)
10:04:47.487 [main] INFO  com.cloudframe.app.process.Refmod1.mainlineSplit13 3290 - * 402*   WS-11A-T-FLD1 = (ABCDABCDABCDABCDABCD)
10:04:47.488 [main] INFO  com.cloudframe.app.process.Refmod1.mainlineSplit13 3293 - * 403*   WS-11A-T-FLD2 = (ABCDABCDABZYXWZYXWZYXWZYXWZYXWZYXWZYXWZY)
10:04:47.488 [main] INFO  com.cloudframe.app.process.Refmod1.mainlineSplit13 3315 - * 404* WS-11B-S        = (ABCDABCDABCDABCDABCDABCDABCDABZYXWZYXWZYXWZYXWZYXWZYXWZYXWZYXWZYXWZYXW)
10:04:47.488 [main] INFO  com.cloudframe.app.process.Refmod1.mainlineSplit13 3317 - * 405*   WS-11B-S-FLD1 = (ABCDABCDABCDABCDABCDABCDABCDAB)
10:04:47.489 [main] INFO  com.cloudframe.app.process.Refmod1.mainlineSplit13 3319 - * 406*   WS-11B-S-FLD2 = (ZYXWZYXWZYXWZYXWZYXWZYXWZYXWZYXWZYXWZYXW)
10:04:47.489 [main] INFO  com.cloudframe.app.process.Refmod1.mainlineSplit13 3321 - * 407* WS-11B-T-GRP-R  = (*****ABCDABCDABCDABCDABCDABCDABCDABZYXWZYXWZYXWZYXWZYXWZYXWZ)
10:04:47.489 [main] INFO  com.cloudframe.app.process.Refmod1.mainlineSplit13 3323 - * 408* WS-11B-T-GRP    = (*****ABCDABCDABCDABCDABCDABCDABCDABZYXWZYXWZYXWZYXWZYXWZYXWZYXWZYXWZYXWZYXW                    )
10:04:47.489 [main] INFO  com.cloudframe.app.process.Refmod1.mainlineSplit13 3325 - * 409* WS-11B-T        = (ABCDABCDABCDABCDABCDABCDABCDABZYXWZYXWZYXWZYXWZYXWZYXWZYXWZYXWZYXWZYXW                    )
10:04:47.489 [main] INFO  com.cloudframe.app.process.Refmod1.mainlineSplit13 3327 - * 410*   WS-11B-T-FLD1 = (ABCDABCDABCDABCDABCD)
10:04:47.489 [main] INFO  com.cloudframe.app.process.Refmod1.mainlineSplit13 3330 - * 411*   WS-11B-T-FLD2 = (ABCDABCDABZYXWZYXWZYXWZYXWZYXWZYXWZYXWZY)
10:04:47.490 [main] INFO  com.cloudframe.app.process.Refmod1.mainlineSplit13 3333 - * 412*   WS-11B-T-FLD3 = (XWZYXWZYXW                    )
10:04:47.490 [main] INFO  com.cloudframe.app.process.Refmod1.mainlineSplit13 3354 - * 413* WS-11B-S        = (ABCDABCDABCDABCDABCDABCDABCDABZYXWZYXWZYXWZYXWZYXWZYXWZYXWZYXWZYXWZYXW)
10:04:47.490 [main] INFO  com.cloudframe.app.process.Refmod1.mainlineSplit13 3356 - * 414*   WS-11B-S-FLD1 = (ABCDABCDABCDABCDABCDABCDABCDAB)
10:04:47.490 [main] INFO  com.cloudframe.app.process.Refmod1.mainlineSplit13 3358 - * 415*   WS-11B-S-FLD2 = (ZYXWZYXWZYXWZYXWZYXWZYXWZYXWZYXWZYXWZYXW)
10:04:47.490 [main] INFO  com.cloudframe.app.process.Refmod1.mainlineSplit13 3360 - * 416* WS-11B-T-GRP-R  = (*****ABCDABCDABCDABCDABCDABCDABCDABZYXWZYXWZYXWZYXWZYXWZYXWZ)
10:04:47.490 [main] INFO  com.cloudframe.app.process.Refmod1.mainlineSplit13 3362 - * 417* WS-11B-T-GRP    = (*****ABCDABCDABCDABCDABCDABCDABCDABZYXWZYXWZYXWZYXWZYXWZYXWZYXWZYXWZYXWZYXW                    )
10:04:47.491 [main] INFO  com.cloudframe.app.process.Refmod1.mainlineSplit14 3415 - * 418* WS-11B-T        = (ABCDABCDABCDABCDABCDABCDABCDABZYXWZYXWZYXWZYXWZYXWZYXWZYXWZYXWZYXWZYXW                    )
10:04:47.491 [main] INFO  com.cloudframe.app.process.Refmod1.mainlineSplit14 3417 - * 419*   WS-11B-T-FLD1 = (ABCDABCDABCDABCDABCD)
10:04:47.491 [main] INFO  com.cloudframe.app.process.Refmod1.mainlineSplit14 3420 - * 420*   WS-11B-T-FLD2 = (ABCDABCDABZYXWZYXWZYXWZYXWZYXWZYXWZYXWZY)
10:04:47.491 [main] INFO  com.cloudframe.app.process.Refmod1.mainlineSplit14 3423 - * 421*   WS-11B-T-FLD3 = (XWZYXWZYXW                    )
10:04:47.491 [main] INFO  com.cloudframe.app.process.Refmod1.mainlineSplit14 3438 - * 422* WS-12A-S        = (ABCDABCDABCDABCDABCDABCDABCDABCDABCDABCDABCDABCDABCDABCDABCDABCDABCDAB)
10:04:47.492 [main] INFO  com.cloudframe.app.process.Refmod1.mainlineSplit14 3440 - * 423* WS-12A-T-GRP-R  = (*****ABCDABCDABCDABCDABCDABCDABCDABCDABCDABCDABCDABCDABCDABC)
10:04:47.492 [main] INFO  com.cloudframe.app.process.Refmod1.mainlineSplit14 3442 - * 424* WS-12A-T-GRP    = (*****ABCDABCDABCDABCDABCDABCDABCDABCDABCDABCDABCDABCDABCDABCDABCD)
10:04:47.492 [main] INFO  com.cloudframe.app.process.Refmod1.mainlineSplit14 3444 - * 425* WS-12A-T        = (ABCDABCDABCDABCDABCDABCDABCDABCDABCDABCDABCDABCDABCDABCDABCD)
10:04:47.492 [main] INFO  com.cloudframe.app.process.Refmod1.mainlineSplit14 3446 - * 426*   WS-12A-T-FLD1 = (ABCDABCDABCDABCDABCD)
10:04:47.492 [main] INFO  com.cloudframe.app.process.Refmod1.mainlineSplit14 3449 - * 427*   WS-12A-T-FLD2 = (ABCDABCDABCDABCDABCDABCDABCDABCDABCDABCD)
10:04:47.492 [main] INFO  com.cloudframe.app.process.Refmod1.mainlineSplit14 3466 - * 428* WS-12A-S        = (ABCDABCDABCDABCDABCDABCDABCDABCDABCDABCDABCDABCDABCDABCDABCDABCDABCDAB)
10:04:47.492 [main] INFO  com.cloudframe.app.process.Refmod1.mainlineSplit14 3468 - * 429* WS-12A-T-GRP-R  = (*****ABCDABCDABCDABCDABCDABCDABCDABCDABCDABCDABCDABCDABCDABC)
10:04:47.493 [main] INFO  com.cloudframe.app.process.Refmod1.mainlineSplit14 3470 - * 430* WS-12A-T-GRP    = (*****ABCDABCDABCDABCDABCDABCDABCDABCDABCDABCDABCDABCDABCDABCDABCD)
10:04:47.493 [main] INFO  com.cloudframe.app.process.Refmod1.mainlineSplit14 3472 - * 431* WS-12A-T        = (ABCDABCDABCDABCDABCDABCDABCDABCDABCDABCDABCDABCDABCDABCDABCD)
10:04:47.493 [main] INFO  com.cloudframe.app.process.Refmod1.mainlineSplit14 3474 - * 432*   WS-12A-T-FLD1 = (ABCDABCDABCDABCDABCD)
10:04:47.493 [main] INFO  com.cloudframe.app.process.Refmod1.mainlineSplit14 3477 - * 433*   WS-12A-T-FLD2 = (ABCDABCDABCDABCDABCDABCDABCDABCDABCDABCD)
10:04:47.493 [main] INFO  com.cloudframe.app.process.Refmod1.mainlineSplit14 3497 - * 434* WS-12B-S        = (ABCDABCDABCDABCDABCDABCDABCDABCDABCDABCDABCDABCDABCDABCDABCDABCDABCDAB)
10:04:47.493 [main] INFO  com.cloudframe.app.process.Refmod1.mainlineSplit14 3499 - * 435* WS-12B-T-GRP-R  = (*****ABCDABCDABCDABCDABCDABCDABCDABCDABCDABCDABCDABCDABCDABC)
10:04:47.494 [main] INFO  com.cloudframe.app.process.Refmod1.mainlineSplit14 3501 - * 436* WS-12B-T-GRP    = (*****ABCDABCDABCDABCDABCDABCDABCDABCDABCDABCDABCDABCDABCDABCDABCDABCDABCDAB                    )
10:04:47.494 [main] INFO  com.cloudframe.app.process.Refmod1.mainlineSplit14 3503 - * 437* WS-12B-T        = (ABCDABCDABCDABCDABCDABCDABCDABCDABCDABCDABCDABCDABCDABCDABCDABCDABCDAB                    )
10:04:47.494 [main] INFO  com.cloudframe.app.process.Refmod1.mainlineSplit14 3505 - * 438*   WS-12B-T-FLD1 = (ABCDABCDABCDABCDABCD)
10:04:47.494 [main] INFO  com.cloudframe.app.process.Refmod1.mainlineSplit14 3508 - * 439*   WS-12B-T-FLD2 = (ABCDABCDABCDABCDABCDABCDABCDABCDABCDABCD)
10:04:47.494 [main] INFO  com.cloudframe.app.process.Refmod1.mainlineSplit14 3511 - * 440*   WS-12B-T-FLD3 = (ABCDABCDAB                    )
10:04:47.495 [main] INFO  com.cloudframe.app.process.Refmod1.mainlineSplit14 3532 - * 441* WS-13A-S-GRP    = (***ABCDABCDABCDABCDABCDABCDABCDABZYXWZYXWZYXWZYXWZYXWZYXWZYXWZYXWZYXWZYXW)
10:04:47.495 [main] INFO  com.cloudframe.app.process.Refmod1.mainlineSplit14 3534 - * 442* WS-13A-S        = (ABCDABCDABCDABCDABCDABCDABCDABZYXWZYXWZYXWZYXWZYXWZYXWZYXWZYXWZYXWZYXW)
10:04:47.495 [main] INFO  com.cloudframe.app.process.Refmod1.mainlineSplit14 3536 - * 443*   WS-13A-S-FLD1 = (ABCDABCDABCDABCDABCDABCDABCDAB)
10:04:47.495 [main] INFO  com.cloudframe.app.process.Refmod1.mainlineSplit14 3539 - * 444*   WS-13A-S-FLD2 = (ZYXWZYXWZYXWZYXWZYXWZYXWZYXWZYXWZYXWZYXW)
10:04:47.495 [main] INFO  com.cloudframe.app.process.Refmod1.mainlineSplit14 3542 - * 445* WS-13A-T-GRP-R  = (*****    CDABCDABCDABCDABCDABCDABCDABZYXWZYXWZYXWZYXWZYXWZYX)
10:04:47.496 [main] INFO  com.cloudframe.app.process.Refmod1.mainlineSplit14 3544 - * 446* WS-13A-T-GRP    = (*****    CDABCDABCDABCDABCDABCDABCDABZYXWZYXWZYXWZYXWZYXWZYXWZYX )
10:04:47.496 [main] INFO  com.cloudframe.app.process.Refmod1.mainlineSplit14 3546 - * 447* WS-13A-T        = (    CDABCDABCDABCDABCDABCDABCDABZYXWZYXWZYXWZYXWZYXWZYXWZYX )
10:04:47.496 [main] INFO  com.cloudframe.app.process.Refmod1.mainlineSplit14 3548 - * 448*   WS-13A-T-FLD1 = (    CDABCDABCDABCDAB)
10:04:47.496 [main] INFO  com.cloudframe.app.process.Refmod1.mainlineSplit14 3551 - * 449*   WS-13A-T-FLD2 = (CDABCDABCDABZYXWZYXWZYXWZYXWZYXWZYXWZYX )
10:04:47.497 [main] INFO  com.cloudframe.app.process.Refmod1.mainlineSplit15 3626 - * 450* WS-13A-S-GRP    = (***ABCDABCDABCDABCDABCDABCDABCDABZYXWZYXWZYXWZYXWZYXWZYXWZYXWZYXWZYXWZYXW)
10:04:47.497 [main] INFO  com.cloudframe.app.process.Refmod1.mainlineSplit15 3628 - * 451* WS-13A-S        = (ABCDABCDABCDABCDABCDABCDABCDABZYXWZYXWZYXWZYXWZYXWZYXWZYXWZYXWZYXWZYXW)
10:04:47.497 [main] INFO  com.cloudframe.app.process.Refmod1.mainlineSplit15 3630 - * 452*   WS-13A-S-FLD1 = (ABCDABCDABCDABCDABCDABCDABCDAB)
10:04:47.498 [main] INFO  com.cloudframe.app.process.Refmod1.mainlineSplit15 3633 - * 453*   WS-13A-S-FLD2 = (ZYXWZYXWZYXWZYXWZYXWZYXWZYXWZYXWZYXWZYXW)
10:04:47.498 [main] INFO  com.cloudframe.app.process.Refmod1.mainlineSplit15 3636 - * 454* WS-13A-T-GRP-R  = (*****    CDABCDABCDABCDABCDABCDABCDABZYXWZYXWZYXWZYXWZYXWZYX)
10:04:47.498 [main] INFO  com.cloudframe.app.process.Refmod1.mainlineSplit15 3638 - * 455* WS-13A-T-GRP    = (*****    CDABCDABCDABCDABCDABCDABCDABZYXWZYXWZYXWZYXWZYXWZYXWZYX )
10:04:47.499 [main] INFO  com.cloudframe.app.process.Refmod1.mainlineSplit15 3640 - * 456* WS-13A-T        = (    CDABCDABCDABCDABCDABCDABCDABZYXWZYXWZYXWZYXWZYXWZYXWZYX )
10:04:47.499 [main] INFO  com.cloudframe.app.process.Refmod1.mainlineSplit15 3642 - * 457*   WS-13A-T-FLD1 = (    CDABCDABCDABCDAB)
10:04:47.499 [main] INFO  com.cloudframe.app.process.Refmod1.mainlineSplit15 3645 - * 458*   WS-13A-T-FLD2 = (CDABCDABCDABZYXWZYXWZYXWZYXWZYXWZYXWZYX )
10:04:47.499 [main] INFO  com.cloudframe.app.process.Refmod1.mainlineSplit15 3669 - * 459* WS-13B-S-GRP    = (***ABCDABCDABCDABCDABCDABCDABCDABZYXWZYXWZYXWZYXWZYXWZYXWZYXWZYXWZYXWZYXW)
10:04:47.500 [main] INFO  com.cloudframe.app.process.Refmod1.mainlineSplit15 3671 - * 460* WS-13B-S        = (ABCDABCDABCDABCDABCDABCDABCDABZYXWZYXWZYXWZYXWZYXWZYXWZYXWZYXWZYXWZYXW)
10:04:47.500 [main] INFO  com.cloudframe.app.process.Refmod1.mainlineSplit15 3673 - * 461*   WS-13B-S-FLD1 = (ABCDABCDABCDABCDABCDABCDABCDAB)
10:04:47.500 [main] INFO  com.cloudframe.app.process.Refmod1.mainlineSplit15 3676 - * 462*   WS-13B-S-FLD2 = (ZYXWZYXWZYXWZYXWZYXWZYXWZYXWZYXWZYXWZYXW)
10:04:47.500 [main] INFO  com.cloudframe.app.process.Refmod1.mainlineSplit15 3679 - * 463* WS-13B-T-GRP-R  = (*****    CDABCDABCDABCDABCDABCDABCDABZYXWZYXWZYXWZYXWZYXWZYX)
10:04:47.500 [main] INFO  com.cloudframe.app.process.Refmod1.mainlineSplit15 3681 - * 464* WS-13B-T-GRP    = (*****    CDABCDABCDABCDABCDABCDABCDABZYXWZYXWZYXWZYXWZYXWZYXWZYXWZYXWZYXWZYX                  N)
10:04:47.501 [main] INFO  com.cloudframe.app.process.Refmod1.mainlineSplit15 3683 - * 465* WS-13B-T        = (    CDABCDABCDABCDABCDABCDABCDABZYXWZYXWZYXWZYXWZYXWZYXWZYXWZYXWZYXWZYX                  N)
10:04:47.501 [main] INFO  com.cloudframe.app.process.Refmod1.mainlineSplit15 3685 - * 466*   WS-13B-T-FLD1 = (    CDABCDABCDABCDAB)
10:04:47.501 [main] INFO  com.cloudframe.app.process.Refmod1.mainlineSplit15 3688 - * 467*   WS-13B-T-FLD2 = (CDABCDABCDABZYXWZYXWZYXWZYXWZYXWZYXWZYXW)
10:04:47.501 [main] INFO  com.cloudframe.app.process.Refmod1.mainlineSplit15 3691 - * 468*   WS-13B-T-FLD3 = (ZYXWZYXWZYX                  N)
10:04:47.501 [main] INFO  com.cloudframe.app.process.Refmod1.mainlineSplit15 3720 - * 469* WS-13B-S-GRP    = (***ABCDABCDABCDABCDABCDABCDABCDABZYXWZYXWZYXWZYXWZYXWZYXWZYXWZYXWZYXWZYXW)
10:04:47.502 [main] INFO  com.cloudframe.app.process.Refmod1.mainlineSplit15 3722 - * 470* WS-13B-S        = (ABCDABCDABCDABCDABCDABCDABCDABZYXWZYXWZYXWZYXWZYXWZYXWZYXWZYXWZYXWZYXW)
10:04:47.502 [main] INFO  com.cloudframe.app.process.Refmod1.mainlineSplit15 3724 - * 471*   WS-13B-S-FLD1 = (ABCDABCDABCDABCDABCDABCDABCDAB)
10:04:47.502 [main] INFO  com.cloudframe.app.process.Refmod1.mainlineSplit15 3727 - * 472*   WS-13B-S-FLD2 = (ZYXWZYXWZYXWZYXWZYXWZYXWZYXWZYXWZYXWZYXW)
10:04:47.502 [main] INFO  com.cloudframe.app.process.Refmod1.mainlineSplit15 3730 - * 473* WS-13B-T-GRP-R  = (*****    CDABCDABCDABCDABCDABCDABCDABZYXWZYXWZYXWZYXWZYXWZYX)
10:04:47.503 [main] INFO  com.cloudframe.app.process.Refmod1.mainlineSplit15 3732 - * 474* WS-13B-T-GRP    = (*****    CDABCDABCDABCDABCDABCDABCDABZYXWZYXWZYXWZYXWZYXWZYXWZYXWZYXWZYXWZYX                  N)
10:04:47.503 [main] INFO  com.cloudframe.app.process.Refmod1.mainlineSplit15 3734 - * 475* WS-13B-T        = (    CDABCDABCDABCDABCDABCDABCDABZYXWZYXWZYXWZYXWZYXWZYXWZYXWZYXWZYXWZYX                  N)
10:04:47.503 [main] INFO  com.cloudframe.app.process.Refmod1.mainlineSplit15 3736 - * 476*   WS-13B-T-FLD1 = (    CDABCDABCDABCDAB)
10:04:47.503 [main] INFO  com.cloudframe.app.process.Refmod1.mainlineSplit15 3739 - * 477*   WS-13B-T-FLD2 = (CDABCDABCDABZYXWZYXWZYXWZYXWZYXWZYXWZYXW)
10:04:47.503 [main] INFO  com.cloudframe.app.process.Refmod1.mainlineSplit15 3742 - * 478*   WS-13B-T-FLD3 = (ZYXWZYXWZYX                  N)
10:04:47.504 [main] INFO  com.cloudframe.app.process.Refmod1.mainlineSplit15 3759 - * 479* WS-14A-S-GRP    = (***ABCDABCDABCDABCDABCDABCDABCDABCDABCDABCDABCDABCDABCDABCDABCDABCDABCDAB)
10:04:47.504 [main] INFO  com.cloudframe.app.process.Refmod1.mainlineSplit16 3807 - * 480* WS-14A-S        = (ABCDABCDABCDABCDABCDABCDABCDABCDABCDABCDABCDABCDABCDABCDABCDABCDABCDAB)
10:04:47.504 [main] INFO  com.cloudframe.app.process.Refmod1.mainlineSplit16 3809 - * 481* WS-14A-T-GRP-R  = (*****    CDABCDABCDABCDABCDABCDABCDABCDABCDABCDABCDABCDABCDA)
10:04:47.504 [main] INFO  com.cloudframe.app.process.Refmod1.mainlineSplit16 3811 - * 482* WS-14A-T-GRP    = (*****    CDABCDABCDABCDABCDABCDABCDABCDABCDABCDABCDABCDABCDABCDA )
10:04:47.505 [main] INFO  com.cloudframe.app.process.Refmod1.mainlineSplit16 3813 - * 483* WS-14A-T        = (    CDABCDABCDABCDABCDABCDABCDABCDABCDABCDABCDABCDABCDABCDA )
10:04:47.505 [main] INFO  com.cloudframe.app.process.Refmod1.mainlineSplit16 3815 - * 484*   WS-14A-T-FLD1 = (    CDABCDABCDABCDAB)
10:04:47.505 [main] INFO  com.cloudframe.app.process.Refmod1.mainlineSplit16 3818 - * 485*   WS-14A-T-FLD2 = (CDABCDABCDABCDABCDABCDABCDABCDABCDABCDA )
10:04:47.505 [main] INFO  com.cloudframe.app.process.Refmod1.mainlineSplit16 3840 - * 486* WS-14A-S-GRP    = (***ABCDABCDABCDABCDABCDABCDABCDABCDABCDABCDABCDABCDABCDABCDABCDABCDABCDAB)
10:04:47.505 [main] INFO  com.cloudframe.app.process.Refmod1.mainlineSplit16 3842 - * 487* WS-14A-S        = (ABCDABCDABCDABCDABCDABCDABCDABCDABCDABCDABCDABCDABCDABCDABCDABCDABCDAB)
10:04:47.505 [main] INFO  com.cloudframe.app.process.Refmod1.mainlineSplit16 3844 - * 488* WS-14A-T-GRP-R  = (*****    CDABCDABCDABCDABCDABCDABCDABCDABCDABCDABCDABCDABCDA)
10:04:47.506 [main] INFO  com.cloudframe.app.process.Refmod1.mainlineSplit16 3846 - * 489* WS-14A-T-GRP    = (*****    CDABCDABCDABCDABCDABCDABCDABCDABCDABCDABCDABCDABCDABCDA )
10:04:47.506 [main] INFO  com.cloudframe.app.process.Refmod1.mainlineSplit16 3848 - * 490* WS-14A-T        = (    CDABCDABCDABCDABCDABCDABCDABCDABCDABCDABCDABCDABCDABCDA )
10:04:47.506 [main] INFO  com.cloudframe.app.process.Refmod1.mainlineSplit16 3850 - * 491*   WS-14A-T-FLD1 = (    CDABCDABCDABCDAB)
10:04:47.507 [main] INFO  com.cloudframe.app.process.Refmod1.mainlineSplit16 3853 - * 492*   WS-14A-T-FLD2 = (CDABCDABCDABCDABCDABCDABCDABCDABCDABCDA )
10:04:47.507 [main] INFO  com.cloudframe.app.process.Refmod1.mainlineSplit16 3873 - * 493* WS-14B-S-GRP    = (***ABCDABCDABCDABCDABCDABCDABCDABCDABCDABCDABCDABCDABCDABCDABCDABCDABCDAB)
10:04:47.507 [main] INFO  com.cloudframe.app.process.Refmod1.mainlineSplit16 3875 - * 494* WS-14B-S        = (ABCDABCDABCDABCDABCDABCDABCDABCDABCDABCDABCDABCDABCDABCDABCDABCDABCDAB)
10:04:47.508 [main] INFO  com.cloudframe.app.process.Refmod1.mainlineSplit16 3877 - * 495* WS-14B-T-GRP-R  = (*****    CDABCDABCDABCDABCDABCDABCDABCDABCDABCDABCDABCDABCDA)
10:04:47.508 [main] INFO  com.cloudframe.app.process.Refmod1.mainlineSplit16 3879 - * 496* WS-14B-T-GRP    = (*****    CDABCDABCDABCDABCDABCDABCDABCDABCDABCDABCDABCDABCDABCDABCDABCDABCDA                  N)
10:04:47.508 [main] INFO  com.cloudframe.app.process.Refmod1.mainlineSplit16 3881 - * 497* WS-14B-T        = (    CDABCDABCDABCDABCDABCDABCDABCDABCDABCDABCDABCDABCDABCDABCDABCDABCDA                  N)
10:04:47.508 [main] INFO  com.cloudframe.app.process.Refmod1.mainlineSplit16 3883 - * 498*   WS-14B-T-FLD1 = (    CDABCDABCDABCDAB)
10:04:47.509 [main] INFO  com.cloudframe.app.process.Refmod1.mainlineSplit16 3886 - * 499*   WS-14B-T-FLD2 = (CDABCDABCDABCDABCDABCDABCDABCDABCDABCDAB)
10:04:47.509 [main] INFO  com.cloudframe.app.process.Refmod1.mainlineSplit16 3889 - * 500*   WS-14B-T-FLD3 = (CDABCDABCDA                  N)
10:04:47.509 [main] INFO  com.cloudframe.app.process.Refmod1.mainlineSplit16 3914 - * 501* WS-14B-S-GRP    = (***ABCDABCDABCDABCDABCDABCDABCDABCDABCDABCDABCDABCDABCDABCDABCDABCDABCDAB)
10:04:47.509 [main] INFO  com.cloudframe.app.process.Refmod1.mainlineSplit16 3916 - * 502* WS-14B-S        = (ABCDABCDABCDABCDABCDABCDABCDABCDABCDABCDABCDABCDABCDABCDABCDABCDABCDAB)
10:04:47.509 [main] INFO  com.cloudframe.app.process.Refmod1.mainlineSplit16 3918 - * 503* WS-14B-T-GRP-R  = (*****    CDABCDABCDABCDABCDABCDABCDABCDABCDABCDABCDABCDABCDA)
10:04:47.510 [main] INFO  com.cloudframe.app.process.Refmod1.mainlineSplit16 3920 - * 504* WS-14B-T-GRP    = (*****    CDABCDABCDABCDABCDABCDABCDABCDABCDABCDABCDABCDABCDABCDABCDABCDABCDA                  N)
10:04:47.510 [main] INFO  com.cloudframe.app.process.Refmod1.mainlineSplit16 3922 - * 505* WS-14B-T        = (    CDABCDABCDABCDABCDABCDABCDABCDABCDABCDABCDABCDABCDABCDABCDABCDABCDA                  N)
10:04:47.510 [main] INFO  com.cloudframe.app.process.Refmod1.mainlineSplit16 3924 - * 506*   WS-14B-T-FLD1 = (    CDABCDABCDABCDAB)
10:04:47.510 [main] INFO  com.cloudframe.app.process.Refmod1.mainlineSplit16 3927 - * 507*   WS-14B-T-FLD2 = (CDABCDABCDABCDABCDABCDABCDABCDABCDABCDAB)
10:04:47.510 [main] INFO  com.cloudframe.app.process.Refmod1.mainlineSplit16 3930 - * 508*   WS-14B-T-FLD3 = (CDABCDABCDA                  N)
10:04:47.511 [main] INFO  com.cloudframe.app.process.Refmod1.mainlineSplit17 3991 - * 509* WS-15A-S-GRP    = (***ABCDABCDABCDABCDABCDABCDABCDABZYXWZYXWZYXWZYXWZYXWZYXWZYXWZYXWZYXWZYXW)
10:04:47.511 [main] INFO  com.cloudframe.app.process.Refmod1.mainlineSplit17 3993 - * 510* WS-15A-S        = (ABCDABCDABCDABCDABCDABCDABCDABZYXWZYXWZYXWZYXWZYXWZYXWZYXWZYXWZYXWZYXW)
10:04:47.511 [main] INFO  com.cloudframe.app.process.Refmod1.mainlineSplit17 3995 - * 511*   WS-15A-S-FLD1 = (ABCDABCDABCDABCDABCDABCDABCDAB)
10:04:47.511 [main] INFO  com.cloudframe.app.process.Refmod1.mainlineSplit17 3998 - * 512*   WS-15A-S-FLD2 = (ZYXWZYXWZYXWZYXWZYXWZYXWZYXWZYXWZYXWZYXW)
10:04:47.511 [main] INFO  com.cloudframe.app.process.Refmod1.mainlineSplit17 4001 - * 513* WS-15A-T-R      = (    CDABCDABCDABCDABCDABCDABCDABZYXWZYXWZYXWZYXWZYXWZYXWZYX )
10:04:47.512 [main] INFO  com.cloudframe.app.process.Refmod1.mainlineSplit17 4003 - * 514* WS-15A-T        = (    CDABCDABCDABCDABCDABCDABCDABZYXWZYXWZYXWZYXWZYXWZYXWZYX )
10:04:47.512 [main] INFO  com.cloudframe.app.process.Refmod1.mainlineSplit17 4005 - * 515*   WS-15A-T-FLD1 = (    CDABCDABCDABCDAB)
10:04:47.512 [main] INFO  com.cloudframe.app.process.Refmod1.mainlineSplit17 4007 - * 516*   WS-15A-T-FLD2 = (CDABCDABCDABZYXWZYXWZYXWZYXWZYXWZYXWZYX )
10:04:47.512 [main] INFO  com.cloudframe.app.process.Refmod1.mainlineSplit17 4032 - * 517* WS-15A-S-GRP    = (***ABCDABCDABCDABCDABCDABCDABCDABZYXWZYXWZYXWZYXWZYXWZYXWZYXWZYXWZYXWZYXW)
10:04:47.512 [main] INFO  com.cloudframe.app.process.Refmod1.mainlineSplit17 4034 - * 518* WS-15A-S        = (ABCDABCDABCDABCDABCDABCDABCDABZYXWZYXWZYXWZYXWZYXWZYXWZYXWZYXWZYXWZYXW)
10:04:47.513 [main] INFO  com.cloudframe.app.process.Refmod1.mainlineSplit17 4036 - * 519*   WS-15A-S-FLD1 = (ABCDABCDABCDABCDABCDABCDABCDAB)
10:04:47.513 [main] INFO  com.cloudframe.app.process.Refmod1.mainlineSplit17 4039 - * 520*   WS-15A-S-FLD2 = (ZYXWZYXWZYXWZYXWZYXWZYXWZYXWZYXWZYXWZYXW)
10:04:47.513 [main] INFO  com.cloudframe.app.process.Refmod1.mainlineSplit17 4042 - * 521* WS-15A-T-R      = (    CDABCDABCDABCDABCDABCDABCDABZYXWZYXWZYXWZYXWZYXWZYXWZYX )
10:04:47.513 [main] INFO  com.cloudframe.app.process.Refmod1.mainlineSplit17 4044 - * 522* WS-15A-T        = (    CDABCDABCDABCDABCDABCDABCDABZYXWZYXWZYXWZYXWZYXWZYXWZYX )
10:04:47.513 [main] INFO  com.cloudframe.app.process.Refmod1.mainlineSplit17 4046 - * 523*   WS-15A-T-FLD1 = (    CDABCDABCDABCDAB)
10:04:47.514 [main] INFO  com.cloudframe.app.process.Refmod1.mainlineSplit17 4048 - * 524*   WS-15A-T-FLD2 = (CDABCDABCDABZYXWZYXWZYXWZYXWZYXWZYXWZYX )
10:04:47.514 [main] INFO  com.cloudframe.app.process.Refmod1.mainlineSplit17 4070 - * 525* WS-15B-S-GRP    = (***ABCDABCDABCDABCDABCDABCDABCDABZYXWZYXWZYXWZYXWZYXWZYXWZYXWZYXWZYXWZYXW)
10:04:47.514 [main] INFO  com.cloudframe.app.process.Refmod1.mainlineSplit17 4072 - * 526* WS-15B-S        = (ABCDABCDABCDABCDABCDABCDABCDABZYXWZYXWZYXWZYXWZYXWZYXWZYXWZYXWZYXWZYXW)
10:04:47.514 [main] INFO  com.cloudframe.app.process.Refmod1.mainlineSplit17 4074 - * 527*   WS-15B-S-FLD1 = (ABCDABCDABCDABCDABCDABCDABCDAB)
10:04:47.514 [main] INFO  com.cloudframe.app.process.Refmod1.mainlineSplit17 4077 - * 528*   WS-15B-S-FLD2 = (ZYXWZYXWZYXWZYXWZYXWZYXWZYXWZYXWZYXWZYXW)
10:04:47.515 [main] INFO  com.cloudframe.app.process.Refmod1.mainlineSplit17 4080 - * 529* WS-15B-T-R      = (    CDABCDABCDABCDABCDABCDABCDABZYXWZYXWZYXWZYXWZYXWZYXWZYXW)
10:04:47.515 [main] INFO  com.cloudframe.app.process.Refmod1.mainlineSplit17 4082 - * 530* WS-15B-T        = (    CDABCDABCDABCDABCDABCDABCDABZYXWZYXWZYXWZYXWZYXWZYXWZYXWZYXWZYXWZYX                  N)
10:04:47.515 [main] INFO  com.cloudframe.app.process.Refmod1.mainlineSplit17 4084 - * 531*   WS-15B-T-FLD1 = (    CDABCDABCDABCDAB)
10:04:47.515 [main] INFO  com.cloudframe.app.process.Refmod1.mainlineSplit17 4086 - * 532*   WS-15B-T-FLD2 = (CDABCDABCDABZYXWZYXWZYXWZYXWZYXWZYXWZYXW)
10:04:47.516 [main] INFO  com.cloudframe.app.process.Refmod1.mainlineSplit17 4088 - * 533*   WS-15B-T-FLD3 = (ZYXWZYXWZYX                  N)
10:04:47.516 [main] INFO  com.cloudframe.app.process.Refmod1.mainlineSplit17 4115 - * 534* WS-15B-S-GRP    = (***ABCDABCDABCDABCDABCDABCDABCDABZYXWZYXWZYXWZYXWZYXWZYXWZYXWZYXWZYXWZYXW)
10:04:47.516 [main] INFO  com.cloudframe.app.process.Refmod1.mainlineSplit17 4117 - * 535* WS-15B-S        = (ABCDABCDABCDABCDABCDABCDABCDABZYXWZYXWZYXWZYXWZYXWZYXWZYXWZYXWZYXWZYXW)
10:04:47.516 [main] INFO  com.cloudframe.app.process.Refmod1.mainlineSplit17 4119 - * 536*   WS-15B-S-FLD1 = (ABCDABCDABCDABCDABCDABCDABCDAB)
10:04:47.516 [main] INFO  com.cloudframe.app.process.Refmod1.mainlineSplit18 4164 - * 537*   WS-15B-S-FLD2 = (ZYXWZYXWZYXWZYXWZYXWZYXWZYXWZYXWZYXWZYXW)
10:04:47.517 [main] INFO  com.cloudframe.app.process.Refmod1.mainlineSplit18 4167 - * 538* WS-15B-T-R      = (    CDABCDABCDABCDABCDABCDABCDABZYXWZYXWZYXWZYXWZYXWZYXWZYXW)
10:04:47.517 [main] INFO  com.cloudframe.app.process.Refmod1.mainlineSplit18 4169 - * 539* WS-15B-T        = (    CDABCDABCDABCDABCDABCDABCDABZYXWZYXWZYXWZYXWZYXWZYXWZYXWZYXWZYXWZYX                  N)
10:04:47.517 [main] INFO  com.cloudframe.app.process.Refmod1.mainlineSplit18 4171 - * 540*   WS-15B-T-FLD1 = (    CDABCDABCDABCDAB)
10:04:47.517 [main] INFO  com.cloudframe.app.process.Refmod1.mainlineSplit18 4173 - * 541*   WS-15B-T-FLD2 = (CDABCDABCDABZYXWZYXWZYXWZYXWZYXWZYXWZYXW)
10:04:47.517 [main] INFO  com.cloudframe.app.process.Refmod1.mainlineSplit18 4175 - * 542*   WS-15B-T-FLD3 = (ZYXWZYXWZYX                  N)
10:04:47.518 [main] INFO  com.cloudframe.app.process.Refmod1.mainlineSplit18 4191 - * 543* WS-16A-S-GRP    = (***ABCDABCDABCDABCDABCDABCDABCDABCDABCDABCDABCDABCDABCDABCDABCDABCDABCDAB)
10:04:47.518 [main] INFO  com.cloudframe.app.process.Refmod1.mainlineSplit18 4193 - * 544* WS-16A-S        = (ABCDABCDABCDABCDABCDABCDABCDABCDABCDABCDABCDABCDABCDABCDABCDABCDABCDAB)
10:04:47.518 [main] INFO  com.cloudframe.app.process.Refmod1.mainlineSplit18 4195 - * 545* WS-16A-T-R      = (    CDABCDABCDABCDABCDABCDABCDABCDABCDABCDABCDABCDABCDABCDA )
10:04:47.518 [main] INFO  com.cloudframe.app.process.Refmod1.mainlineSplit18 4197 - * 546* WS-16A-T        = (    CDABCDABCDABCDABCDABCDABCDABCDABCDABCDABCDABCDABCDABCDA )
10:04:47.518 [main] INFO  com.cloudframe.app.process.Refmod1.mainlineSplit18 4199 - * 547*   WS-16A-T-FLD1 = (    CDABCDABCDABCDAB)
10:04:47.519 [main] INFO  com.cloudframe.app.process.Refmod1.mainlineSplit18 4201 - * 548*   WS-16A-T-FLD2 = (CDABCDABCDABCDABCDABCDABCDABCDABCDABCDA )
10:04:47.519 [main] INFO  com.cloudframe.app.process.Refmod1.mainlineSplit18 4222 - * 549* WS-16A-S-GRP    = (***ABCDABCDABCDABCDABCDABCDABCDABCDABCDABCDABCDABCDABCDABCDABCDABCDABCDAB)
10:04:47.519 [main] INFO  com.cloudframe.app.process.Refmod1.mainlineSplit18 4224 - * 550* WS-16A-S        = (ABCDABCDABCDABCDABCDABCDABCDABCDABCDABCDABCDABCDABCDABCDABCDABCDABCDAB)
10:04:47.519 [main] INFO  com.cloudframe.app.process.Refmod1.mainlineSplit18 4226 - * 551* WS-16A-T-R      = (    CDABCDABCDABCDABCDABCDABCDABCDABCDABCDABCDABCDABCDABCDA )
10:04:47.520 [main] INFO  com.cloudframe.app.process.Refmod1.mainlineSplit18 4228 - * 552* WS-16A-T        = (    CDABCDABCDABCDABCDABCDABCDABCDABCDABCDABCDABCDABCDABCDA )
10:04:47.521 [main] INFO  com.cloudframe.app.process.Refmod1.mainlineSplit18 4230 - * 553*   WS-16A-T-FLD1 = (    CDABCDABCDABCDAB)
10:04:47.523 [main] INFO  com.cloudframe.app.process.Refmod1.mainlineSplit18 4232 - * 554*   WS-16A-T-FLD2 = (CDABCDABCDABCDABCDABCDABCDABCDABCDABCDA )
10:04:47.523 [main] INFO  com.cloudframe.app.process.Refmod1.mainlineSplit18 4250 - * 555* WS-16B-S-GRP    = (***ABCDABCDABCDABCDABCDABCDABCDABCDABCDABCDABCDABCDABCDABCDABCDABCDABCDAB)
10:04:47.523 [main] INFO  com.cloudframe.app.process.Refmod1.mainlineSplit18 4252 - * 556* WS-16B-S        = (ABCDABCDABCDABCDABCDABCDABCDABCDABCDABCDABCDABCDABCDABCDABCDABCDABCDAB)
10:04:47.523 [main] INFO  com.cloudframe.app.process.Refmod1.mainlineSplit18 4254 - * 557* WS-16B-T-R      = (    CDABCDABCDABCDABCDABCDABCDABCDABCDABCDABCDABCDABCDABCDAB)
10:04:47.523 [main] INFO  com.cloudframe.app.process.Refmod1.mainlineSplit18 4256 - * 558* WS-16B-T        = (    CDABCDABCDABCDABCDABCDABCDABCDABCDABCDABCDABCDABCDABCDABCDABCDABCDA                  N)
10:04:47.524 [main] INFO  com.cloudframe.app.process.Refmod1.mainlineSplit18 4258 - * 559*   WS-16B-T-FLD1 = (    CDABCDABCDABCDAB)
10:04:47.524 [main] INFO  com.cloudframe.app.process.Refmod1.mainlineSplit18 4260 - * 560*   WS-16B-T-FLD2 = (CDABCDABCDABCDABCDABCDABCDABCDABCDABCDAB)
10:04:47.524 [main] INFO  com.cloudframe.app.process.Refmod1.mainlineSplit18 4262 - * 561*   WS-16B-T-FLD3 = (CDABCDABCDA                  N)
10:04:47.524 [main] INFO  com.cloudframe.app.process.Refmod1.mainlineSplit18 4285 - * 562* WS-16B-S-GRP    = (***ABCDABCDABCDABCDABCDABCDABCDABCDABCDABCDABCDABCDABCDABCDABCDABCDABCDAB)
10:04:47.524 [main] INFO  com.cloudframe.app.process.Refmod1.mainlineSplit18 4287 - * 563* WS-16B-S        = (ABCDABCDABCDABCDABCDABCDABCDABCDABCDABCDABCDABCDABCDABCDABCDABCDABCDAB)
10:04:47.525 [main] INFO  com.cloudframe.app.process.Refmod1.mainlineSplit18 4289 - * 564* WS-16B-T-R      = (    CDABCDABCDABCDABCDABCDABCDABCDABCDABCDABCDABCDABCDABCDAB)
10:04:47.526 [main] INFO  com.cloudframe.app.process.Refmod1.mainlineSplit18 4291 - * 565* WS-16B-T        = (    CDABCDABCDABCDABCDABCDABCDABCDABCDABCDABCDABCDABCDABCDABCDABCDABCDA                  N)
10:04:47.526 [main] INFO  com.cloudframe.app.process.Refmod1.mainlineSplit19 4335 - * 566*   WS-16B-T-FLD1 = (    CDABCDABCDABCDAB)
10:04:47.526 [main] INFO  com.cloudframe.app.process.Refmod1.mainlineSplit19 4337 - * 567*   WS-16B-T-FLD2 = (CDABCDABCDABCDABCDABCDABCDABCDABCDABCDAB)
10:04:47.526 [main] INFO  com.cloudframe.app.process.Refmod1.mainlineSplit19 4339 - * 568*   WS-16B-T-FLD3 = (CDABCDABCDA                  N)
10:04:47.526 [main] INFO  com.cloudframe.app.process.Refmod1.mainlineSplit19 4355 - * 569* WS-17A-S        = (ABCDABCDABCDABCDABCDABCDABCDABZYXWZYXWZYXWZYXWZYXWZYXWZYXWZYXWZYXWZYXW)
10:04:47.526 [main] INFO  com.cloudframe.app.process.Refmod1.mainlineSplit19 4357 - * 570*   WS-17A-S-FLD1 = (ABCDABCDABCDABCDABCDABCDABCDAB)
10:04:47.527 [main] INFO  com.cloudframe.app.process.Refmod1.mainlineSplit19 4359 - * 571*   WS-17A-S-FLD2 = (ZYXWZYXWZYXWZYXWZYXWZYXWZYXWZYXWZYXWZYXW)
10:04:47.529 [main] INFO  com.cloudframe.app.process.Refmod1.mainlineSplit19 4361 - * 572* WS-17A-T-GRP-R  = (*****    CDABCDABCDABCDABCDABCDABCDABZYXWZYXWZYXWZYXWZYXWZYX)
10:04:47.529 [main] INFO  com.cloudframe.app.process.Refmod1.mainlineSplit19 4363 - * 573* WS-17A-T-GRP    = (*****    CDABCDABCDABCDABCDABCDABCDABZYXWZYXWZYXWZYXWZYXWZYXWZYX )
10:04:47.529 [main] INFO  com.cloudframe.app.process.Refmod1.mainlineSplit19 4365 - * 574* WS-17A-T        = (    CDABCDABCDABCDABCDABCDABCDABZYXWZYXWZYXWZYXWZYXWZYXWZYX )
10:04:47.529 [main] INFO  com.cloudframe.app.process.Refmod1.mainlineSplit19 4367 - * 575*   WS-17A-T-FLD1 = (    CDABCDABCDABCDAB)
10:04:47.529 [main] INFO  com.cloudframe.app.process.Refmod1.mainlineSplit19 4370 - * 576*   WS-17A-T-FLD2 = (CDABCDABCDABZYXWZYXWZYXWZYXWZYXWZYXWZYX )
10:04:47.529 [main] INFO  com.cloudframe.app.process.Refmod1.mainlineSplit19 4394 - * 577* WS-17A-S        = (ABCDABCDABCDABCDABCDABCDABCDABZYXWZYXWZYXWZYXWZYXWZYXWZYXWZYXWZYXWZYXW)
10:04:47.530 [main] INFO  com.cloudframe.app.process.Refmod1.mainlineSplit19 4396 - * 578*   WS-17A-S-FLD1 = (ABCDABCDABCDABCDABCDABCDABCDAB)
10:04:47.530 [main] INFO  com.cloudframe.app.process.Refmod1.mainlineSplit19 4398 - * 579*   WS-17A-S-FLD2 = (ZYXWZYXWZYXWZYXWZYXWZYXWZYXWZYXWZYXWZYXW)
10:04:47.530 [main] INFO  com.cloudframe.app.process.Refmod1.mainlineSplit19 4400 - * 580* WS-17A-T-GRP-R  = (*****    CDABCDABCDABCDABCDABCDABCDABZYXWZYXWZYXWZYXWZYXWZYX)
10:04:47.530 [main] INFO  com.cloudframe.app.process.Refmod1.mainlineSplit19 4402 - * 581* WS-17A-T-GRP    = (*****    CDABCDABCDABCDABCDABCDABCDABZYXWZYXWZYXWZYXWZYXWZYXWZYX )
10:04:47.530 [main] INFO  com.cloudframe.app.process.Refmod1.mainlineSplit19 4404 - * 582* WS-17A-T        = (    CDABCDABCDABCDABCDABCDABCDABZYXWZYXWZYXWZYXWZYXWZYXWZYX )
10:04:47.530 [main] INFO  com.cloudframe.app.process.Refmod1.mainlineSplit19 4406 - * 583*   WS-17A-T-FLD1 = (    CDABCDABCDABCDAB)
10:04:47.530 [main] INFO  com.cloudframe.app.process.Refmod1.mainlineSplit19 4409 - * 584*   WS-17A-T-FLD2 = (CDABCDABCDABZYXWZYXWZYXWZYXWZYXWZYXWZYX )
10:04:47.531 [main] INFO  com.cloudframe.app.process.Refmod1.mainlineSplit19 4431 - * 585* WS-17B-S        = (ABCDABCDABCDABCDABCDABCDABCDABZYXWZYXWZYXWZYXWZYXWZYXWZYXWZYXWZYXWZYXW)
10:04:47.531 [main] INFO  com.cloudframe.app.process.Refmod1.mainlineSplit19 4433 - * 586*   WS-17B-S-FLD1 = (ABCDABCDABCDABCDABCDABCDABCDAB)
10:04:47.531 [main] INFO  com.cloudframe.app.process.Refmod1.mainlineSplit19 4435 - * 587*   WS-17B-S-FLD2 = (ZYXWZYXWZYXWZYXWZYXWZYXWZYXWZYXWZYXWZYXW)
10:04:47.531 [main] INFO  com.cloudframe.app.process.Refmod1.mainlineSplit19 4437 - * 588* WS-17B-T-GRP-R  = (*****    CDABCDABCDABCDABCDABCDABCDABZYXWZYXWZYXWZYXWZYXWZYX)
10:04:47.531 [main] INFO  com.cloudframe.app.process.Refmod1.mainlineSplit19 4439 - * 589* WS-17B-T-GRP    = (*****    CDABCDABCDABCDABCDABCDABCDABZYXWZYXWZYXWZYXWZYXWZYXWZYXWZYXWZYXWZYX                  N)
10:04:47.531 [main] INFO  com.cloudframe.app.process.Refmod1.mainlineSplit19 4441 - * 590* WS-17B-T        = (    CDABCDABCDABCDABCDABCDABCDABZYXWZYXWZYXWZYXWZYXWZYXWZYXWZYXWZYXWZYX                  N)
10:04:47.531 [main] INFO  com.cloudframe.app.process.Refmod1.mainlineSplit19 4443 - * 591*   WS-17B-T-FLD1 = (    CDABCDABCDABCDAB)
10:04:47.532 [main] INFO  com.cloudframe.app.process.Refmod1.mainlineSplit19 4446 - * 592*   WS-17B-T-FLD2 = (CDABCDABCDABZYXWZYXWZYXWZYXWZYXWZYXWZYXW)
10:04:47.532 [main] INFO  com.cloudframe.app.process.Refmod1.mainlineSplit19 4449 - * 593*   WS-17B-T-FLD3 = (ZYXWZYXWZYX                  N)
10:04:47.532 [main] INFO  com.cloudframe.app.process.Refmod1.mainlineSplit20 4526 - * 594* WS-17B-S        = (ABCDABCDABCDABCDABCDABCDABCDABZYXWZYXWZYXWZYXWZYXWZYXWZYXWZYXWZYXWZYXW)
10:04:47.532 [main] INFO  com.cloudframe.app.process.Refmod1.mainlineSplit20 4528 - * 595*   WS-17B-S-FLD1 = (ABCDABCDABCDABCDABCDABCDABCDAB)
10:04:47.533 [main] INFO  com.cloudframe.app.process.Refmod1.mainlineSplit20 4530 - * 596*   WS-17B-S-FLD2 = (ZYXWZYXWZYXWZYXWZYXWZYXWZYXWZYXWZYXWZYXW)
10:04:47.533 [main] INFO  com.cloudframe.app.process.Refmod1.mainlineSplit20 4532 - * 597* WS-17B-T-GRP-R  = (*****    CDABCDABCDABCDABCDABCDABCDABZYXWZYXWZYXWZYXWZYXWZYX)
10:04:47.533 [main] INFO  com.cloudframe.app.process.Refmod1.mainlineSplit20 4534 - * 598* WS-17B-T-GRP    = (*****    CDABCDABCDABCDABCDABCDABCDABZYXWZYXWZYXWZYXWZYXWZYXWZYXWZYXWZYXWZYX                  N)
10:04:47.533 [main] INFO  com.cloudframe.app.process.Refmod1.mainlineSplit20 4536 - * 599* WS-17B-T        = (    CDABCDABCDABCDABCDABCDABCDABZYXWZYXWZYXWZYXWZYXWZYXWZYXWZYXWZYXWZYX                  N)
10:04:47.533 [main] INFO  com.cloudframe.app.process.Refmod1.mainlineSplit20 4538 - * 600*   WS-17B-T-FLD1 = (    CDABCDABCDABCDAB)
10:04:47.533 [main] INFO  com.cloudframe.app.process.Refmod1.mainlineSplit20 4541 - * 601*   WS-17B-T-FLD2 = (CDABCDABCDABZYXWZYXWZYXWZYXWZYXWZYXWZYXW)
10:04:47.534 [main] INFO  com.cloudframe.app.process.Refmod1.mainlineSplit20 4544 - * 602*   WS-17B-T-FLD3 = (ZYXWZYXWZYX                  N)
10:04:47.534 [main] INFO  com.cloudframe.app.process.Refmod1.mainlineSplit20 4561 - * 603* WS-18A-S        = (ABCDABCDABCDABCDABCDABCDABCDABCDABCDABCDABCDABCDABCDABCDABCDABCDABCDAB)
10:04:47.534 [main] INFO  com.cloudframe.app.process.Refmod1.mainlineSplit20 4563 - * 604* WS-18A-T-GRP-R  = (*****    CDABCDABCDABCDABCDABCDABCDABCDABCDABCDABCDABCDABCDA)
10:04:47.534 [main] INFO  com.cloudframe.app.process.Refmod1.mainlineSplit20 4565 - * 605* WS-18A-T-GRP    = (*****    CDABCDABCDABCDABCDABCDABCDABCDABCDABCDABCDABCDABCDABCDA )
10:04:47.535 [main] INFO  com.cloudframe.app.process.Refmod1.mainlineSplit20 4567 - * 606* WS-18A-T        = (    CDABCDABCDABCDABCDABCDABCDABCDABCDABCDABCDABCDABCDABCDA )
10:04:47.535 [main] INFO  com.cloudframe.app.process.Refmod1.mainlineSplit20 4569 - * 607*   WS-18A-T-FLD1 = (    CDABCDABCDABCDAB)
10:04:47.535 [main] INFO  com.cloudframe.app.process.Refmod1.mainlineSplit20 4572 - * 608*   WS-18A-T-FLD2 = (CDABCDABCDABCDABCDABCDABCDABCDABCDABCDA )
10:04:47.536 [main] INFO  com.cloudframe.app.process.Refmod1.mainlineSplit20 4594 - * 609* WS-18A-S        = (ABCDABCDABCDABCDABCDABCDABCDABCDABCDABCDABCDABCDABCDABCDABCDABCDABCDAB)
10:04:47.536 [main] INFO  com.cloudframe.app.process.Refmod1.mainlineSplit20 4596 - * 610* WS-18A-T-GRP-R  = (*****    CDABCDABCDABCDABCDABCDABCDABCDABCDABCDABCDABCDABCDA)
10:04:47.536 [main] INFO  com.cloudframe.app.process.Refmod1.mainlineSplit20 4598 - * 611* WS-18A-T-GRP    = (*****    CDABCDABCDABCDABCDABCDABCDABCDABCDABCDABCDABCDABCDABCDA )
10:04:47.536 [main] INFO  com.cloudframe.app.process.Refmod1.mainlineSplit20 4600 - * 612* WS-18A-T        = (    CDABCDABCDABCDABCDABCDABCDABCDABCDABCDABCDABCDABCDABCDA )
10:04:47.536 [main] INFO  com.cloudframe.app.process.Refmod1.mainlineSplit20 4602 - * 613*   WS-18A-T-FLD1 = (    CDABCDABCDABCDAB)
10:04:47.537 [main] INFO  com.cloudframe.app.process.Refmod1.mainlineSplit20 4605 - * 614*   WS-18A-T-FLD2 = (CDABCDABCDABCDABCDABCDABCDABCDABCDABCDA )
10:04:47.537 [main] INFO  com.cloudframe.app.process.Refmod1.mainlineSplit20 4625 - * 615* WS-18B-S        = (ABCDABCDABCDABCDABCDABCDABCDABCDABCDABCDABCDABCDABCDABCDABCDABCDABCDAB)
10:04:47.537 [main] INFO  com.cloudframe.app.process.Refmod1.mainlineSplit20 4627 - * 616* WS-18B-T-GRP-R  = (*****    CDABCDABCDABCDABCDABCDABCDABCDABCDABCDABCDABCDABCDA)
10:04:47.537 [main] INFO  com.cloudframe.app.process.Refmod1.mainlineSplit20 4629 - * 617* WS-18B-T-GRP    = (*****    CDABCDABCDABCDABCDABCDABCDABCDABCDABCDABCDABCDABCDABCDABCDABCDABCDA                  N)
10:04:47.538 [main] INFO  com.cloudframe.app.process.Refmod1.mainlineSplit20 4631 - * 618* WS-18B-T        = (    CDABCDABCDABCDABCDABCDABCDABCDABCDABCDABCDABCDABCDABCDABCDABCDABCDA                  N)
10:04:47.538 [main] INFO  com.cloudframe.app.process.Refmod1.mainlineSplit20 4633 - * 619*   WS-18B-T-FLD1 = (    CDABCDABCDABCDAB)
10:04:47.538 [main] INFO  com.cloudframe.app.process.Refmod1.mainlineSplit20 4636 - * 620*   WS-18B-T-FLD2 = (CDABCDABCDABCDABCDABCDABCDABCDABCDABCDAB)
10:04:47.538 [main] INFO  com.cloudframe.app.process.Refmod1.mainlineSplit20 4639 - * 621*   WS-18B-T-FLD3 = (CDABCDABCDA                  N)
10:04:47.538 [main] INFO  com.cloudframe.app.process.Refmod1.mainlineSplit21 4712 - * 622* WS-18B-S        = (ABCDABCDABCDABCDABCDABCDABCDABCDABCDABCDABCDABCDABCDABCDABCDABCDABCDAB)
10:04:47.539 [main] INFO  com.cloudframe.app.process.Refmod1.mainlineSplit21 4714 - * 623* WS-18B-T-GRP-R  = (*****    CDABCDABCDABCDABCDABCDABCDABCDABCDABCDABCDABCDABCDA)
10:04:47.539 [main] INFO  com.cloudframe.app.process.Refmod1.mainlineSplit21 4716 - * 624* WS-18B-T-GRP    = (*****    CDABCDABCDABCDABCDABCDABCDABCDABCDABCDABCDABCDABCDABCDABCDABCDABCDA                  N)
10:04:47.539 [main] INFO  com.cloudframe.app.process.Refmod1.mainlineSplit21 4718 - * 625* WS-18B-T        = (    CDABCDABCDABCDABCDABCDABCDABCDABCDABCDABCDABCDABCDABCDABCDABCDABCDA                  N)
10:04:47.539 [main] INFO  com.cloudframe.app.process.Refmod1.mainlineSplit21 4720 - * 626*   WS-18B-T-FLD1 = (    CDABCDABCDABCDAB)
10:04:47.539 [main] INFO  com.cloudframe.app.process.Refmod1.mainlineSplit21 4723 - * 627*   WS-18B-T-FLD2 = (CDABCDABCDABCDABCDABCDABCDABCDABCDABCDAB)
10:04:47.539 [main] INFO  com.cloudframe.app.process.Refmod1.mainlineSplit21 4726 - * 628*   WS-18B-T-FLD3 = (CDABCDABCDA                  N)
10:04:47.540 [main] INFO  com.cloudframe.app.process.Refmod1.mainlineSplit21 4745 - * 629* WS-19A-S        = (ABCDABCDABCDABCDABCDABCDABCDABZYXWZYXWZYXWZYXWZYXWZYXWZYXWZYXWZYXWZYXW)
10:04:47.540 [main] INFO  com.cloudframe.app.process.Refmod1.mainlineSplit21 4747 - * 630*   WS-19A-S-FLD1 = (ABCDABCDABCDABCDABCDABCDABCDAB)
10:04:47.540 [main] INFO  com.cloudframe.app.process.Refmod1.mainlineSplit21 4749 - * 631*   WS-19A-S-FLD2 = (ZYXWZYXWZYXWZYXWZYXWZYXWZYXWZYXWZYXWZYXW)
10:04:47.540 [main] INFO  com.cloudframe.app.process.Refmod1.mainlineSplit21 4751 - * 632* WS-19A-T-GRP-R  = (*****    ABCDABCDABCDABCDABCDABCDABCDABZYXWZYXWZYXWZYXWZYXWZ)
10:04:47.540 [main] INFO  com.cloudframe.app.process.Refmod1.mainlineSplit21 4753 - * 633* WS-19A-T-GRP    = (*****    ABCDABCDABCDABCDABCDABCDABCDABZYXWZYXWZYXWZYXWZYXWZYXWZ )
10:04:47.540 [main] INFO  com.cloudframe.app.process.Refmod1.mainlineSplit21 4755 - * 634* WS-19A-T        = (    ABCDABCDABCDABCDABCDABCDABCDABZYXWZYXWZYXWZYXWZYXWZYXWZ )
10:04:47.540 [main] INFO  com.cloudframe.app.process.Refmod1.mainlineSplit21 4757 - * 635*   WS-19A-T-FLD1 = (    ABCDABCDABCDABCD)
10:04:47.541 [main] INFO  com.cloudframe.app.process.Refmod1.mainlineSplit21 4760 - * 636*   WS-19A-T-FLD2 = (ABCDABCDABCDABZYXWZYXWZYXWZYXWZYXWZYXWZ )
10:04:47.541 [main] INFO  com.cloudframe.app.process.Refmod1.mainlineSplit21 4780 - * 637* WS-19A-S        = (ABCDABCDABCDABCDABCDABCDABCDABZYXWZYXWZYXWZYXWZYXWZYXWZYXWZYXWZYXWZYXW)
10:04:47.541 [main] INFO  com.cloudframe.app.process.Refmod1.mainlineSplit21 4782 - * 638*   WS-19A-S-FLD1 = (ABCDABCDABCDABCDABCDABCDABCDAB)
10:04:47.541 [main] INFO  com.cloudframe.app.process.Refmod1.mainlineSplit21 4784 - * 639*   WS-19A-S-FLD2 = (ZYXWZYXWZYXWZYXWZYXWZYXWZYXWZYXWZYXWZYXW)
10:04:47.541 [main] INFO  com.cloudframe.app.process.Refmod1.mainlineSplit21 4786 - * 640* WS-19A-T-GRP-R  = (*****    ABCDABCDABCDABCDABCDABCDABCDABZYXWZYXWZYXWZYXWZYXWZ)
10:04:47.541 [main] INFO  com.cloudframe.app.process.Refmod1.mainlineSplit21 4788 - * 641* WS-19A-T-GRP    = (*****    ABCDABCDABCDABCDABCDABCDABCDABZYXWZYXWZYXWZYXWZYXWZYXWZ )
10:04:47.541 [main] INFO  com.cloudframe.app.process.Refmod1.mainlineSplit21 4790 - * 642* WS-19A-T        = (    ABCDABCDABCDABCDABCDABCDABCDABZYXWZYXWZYXWZYXWZYXWZYXWZ )
10:04:47.542 [main] INFO  com.cloudframe.app.process.Refmod1.mainlineSplit21 4792 - * 643*   WS-19A-T-FLD1 = (    ABCDABCDABCDABCD)
10:04:47.542 [main] INFO  com.cloudframe.app.process.Refmod1.mainlineSplit21 4795 - * 644*   WS-19A-T-FLD2 = (ABCDABCDABCDABZYXWZYXWZYXWZYXWZYXWZYXWZ )
10:04:47.542 [main] INFO  com.cloudframe.app.process.Refmod1.mainlineSplit21 4817 - * 645* WS-19B-S        = (ABCDABCDABCDABCDABCDABCDABCDABZYXWZYXWZYXWZYXWZYXWZYXWZYXWZYXWZYXWZYXW)
10:04:47.542 [main] INFO  com.cloudframe.app.process.Refmod1.mainlineSplit21 4819 - * 646*   WS-19B-S-FLD1 = (ABCDABCDABCDABCDABCDABCDABCDAB)
10:04:47.542 [main] INFO  com.cloudframe.app.process.Refmod1.mainlineSplit21 4821 - * 647*   WS-19B-S-FLD2 = (ZYXWZYXWZYXWZYXWZYXWZYXWZYXWZYXWZYXWZYXW)
10:04:47.543 [main] INFO  com.cloudframe.app.process.Refmod1.mainlineSplit21 4823 - * 648* WS-19B-T-GRP-R  = (*****    ABCDABCDABCDABCDABCDABCDABCDABZYXWZYXWZYXWZYXWZYXWZ)
10:04:47.543 [main] INFO  com.cloudframe.app.process.Refmod1.mainlineSplit21 4825 - * 649* WS-19B-T-GRP    = (*****    ABCDABCDABCDABCDABCDABCDABCDABZYXWZYXWZYXWZYXWZYXWZYXWZYXWZYXWZYXWZYXW               N)
10:04:47.543 [main] INFO  com.cloudframe.app.process.Refmod1.mainlineSplit21 4827 - * 650* WS-19B-T        = (    ABCDABCDABCDABCDABCDABCDABCDABZYXWZYXWZYXWZYXWZYXWZYXWZYXWZYXWZYXWZYXW               N)
10:04:47.543 [main] INFO  com.cloudframe.app.process.Refmod1.mainlineSplit21 4829 - * 651*   WS-19B-T-FLD1 = (    ABCDABCDABCDABCD)
10:04:47.543 [main] INFO  com.cloudframe.app.process.Refmod1.mainlineSplit21 4832 - * 652*   WS-19B-T-FLD2 = (ABCDABCDABCDABZYXWZYXWZYXWZYXWZYXWZYXWZY)
10:04:47.543 [main] INFO  com.cloudframe.app.process.Refmod1.mainlineSplit21 4835 - * 653*   WS-19B-T-FLD3 = (XWZYXWZYXWZYXW               N)
10:04:47.544 [main] INFO  com.cloudframe.app.process.Refmod1.mainlineSplit22 4903 - * 654* WS-19B-S        = (ABCDABCDABCDABCDABCDABCDABCDABZYXWZYXWZYXWZYXWZYXWZYXWZYXWZYXWZYXWZYXW)
10:04:47.544 [main] INFO  com.cloudframe.app.process.Refmod1.mainlineSplit22 4905 - * 655*   WS-19B-S-FLD1 = (ABCDABCDABCDABCDABCDABCDABCDAB)
10:04:47.544 [main] INFO  com.cloudframe.app.process.Refmod1.mainlineSplit22 4907 - * 656*   WS-19B-S-FLD2 = (ZYXWZYXWZYXWZYXWZYXWZYXWZYXWZYXWZYXWZYXW)
10:04:47.544 [main] INFO  com.cloudframe.app.process.Refmod1.mainlineSplit22 4909 - * 657* WS-19B-T-GRP-R  = (*****    ABCDABCDABCDABCDABCDABCDABCDABZYXWZYXWZYXWZYXWZYXWZ)
10:04:47.544 [main] INFO  com.cloudframe.app.process.Refmod1.mainlineSplit22 4911 - * 658* WS-19B-T-GRP    = (*****    ABCDABCDABCDABCDABCDABCDABCDABZYXWZYXWZYXWZYXWZYXWZYXWZYXWZYXWZYXWZYXW               N)
10:04:47.544 [main] INFO  com.cloudframe.app.process.Refmod1.mainlineSplit22 4913 - * 659* WS-19B-T        = (    ABCDABCDABCDABCDABCDABCDABCDABZYXWZYXWZYXWZYXWZYXWZYXWZYXWZYXWZYXWZYXW               N)
10:04:47.544 [main] INFO  com.cloudframe.app.process.Refmod1.mainlineSplit22 4915 - * 660*   WS-19B-T-FLD1 = (    ABCDABCDABCDABCD)
10:04:47.544 [main] INFO  com.cloudframe.app.process.Refmod1.mainlineSplit22 4918 - * 661*   WS-19B-T-FLD2 = (ABCDABCDABCDABZYXWZYXWZYXWZYXWZYXWZYXWZY)
10:04:47.544 [main] INFO  com.cloudframe.app.process.Refmod1.mainlineSplit22 4921 - * 662*   WS-19B-T-FLD3 = (XWZYXWZYXWZYXW               N)
10:04:47.545 [main] INFO  com.cloudframe.app.process.Refmod1.mainlineSplit22 4938 - * 663* WS-20A-S        = (ABCDABCDABCDABCDABCDABCDABCDABCDABCDABCDABCDABCDABCDABCDABCDABCDABCDAB)
10:04:47.545 [main] INFO  com.cloudframe.app.process.Refmod1.mainlineSplit22 4940 - * 664* WS-20A-T-GRP-R  = (*****    ABCDABCDABCDABCDABCDABCDABCDABCDABCDABCDABCDABCDABC)
10:04:47.545 [main] INFO  com.cloudframe.app.process.Refmod1.mainlineSplit22 4942 - * 665* WS-20A-T-GRP    = (*****    ABCDABCDABCDABCDABCDABCDABCDABCDABCDABCDABCDABCDABCDABC )
10:04:47.545 [main] INFO  com.cloudframe.app.process.Refmod1.mainlineSplit22 4944 - * 666* WS-20A-T        = (    ABCDABCDABCDABCDABCDABCDABCDABCDABCDABCDABCDABCDABCDABC )
10:04:47.545 [main] INFO  com.cloudframe.app.process.Refmod1.mainlineSplit22 4946 - * 667*   WS-20A-T-FLD1 = (    ABCDABCDABCDABCD)
10:04:47.545 [main] INFO  com.cloudframe.app.process.Refmod1.mainlineSplit22 4949 - * 668*   WS-20A-T-FLD2 = (ABCDABCDABCDABCDABCDABCDABCDABCDABCDABC )
10:04:47.545 [main] INFO  com.cloudframe.app.process.Refmod1.mainlineSplit22 4967 - * 669* WS-20A-S        = (ABCDABCDABCDABCDABCDABCDABCDABCDABCDABCDABCDABCDABCDABCDABCDABCDABCDAB)
10:04:47.545 [main] INFO  com.cloudframe.app.process.Refmod1.mainlineSplit22 4969 - * 670* WS-20A-T-GRP-R  = (*****    ABCDABCDABCDABCDABCDABCDABCDABCDABCDABCDABCDABCDABC)
10:04:47.546 [main] INFO  com.cloudframe.app.process.Refmod1.mainlineSplit22 4971 - * 671* WS-20A-T-GRP    = (*****    ABCDABCDABCDABCDABCDABCDABCDABCDABCDABCDABCDABCDABCDABC )
10:04:47.546 [main] INFO  com.cloudframe.app.process.Refmod1.mainlineSplit22 4973 - * 672* WS-20A-T        = (    ABCDABCDABCDABCDABCDABCDABCDABCDABCDABCDABCDABCDABCDABC )
10:04:47.546 [main] INFO  com.cloudframe.app.process.Refmod1.mainlineSplit22 4975 - * 673*   WS-20A-T-FLD1 = (    ABCDABCDABCDABCD)
10:04:47.546 [main] INFO  com.cloudframe.app.process.Refmod1.mainlineSplit22 4978 - * 674*   WS-20A-T-FLD2 = (ABCDABCDABCDABCDABCDABCDABCDABCDABCDABC )
10:04:47.546 [main] INFO  com.cloudframe.app.process.Refmod1.mainlineSplit22 4998 - * 675* WS-20B-S        = (ABCDABCDABCDABCDABCDABCDABCDABCDABCDABCDABCDABCDABCDABCDABCDABCDABCDAB)
10:04:47.546 [main] INFO  com.cloudframe.app.process.Refmod1.mainlineSplit22 5000 - * 676* WS-20B-T-GRP-R  = (*****    ABCDABCDABCDABCDABCDABCDABCDABCDABCDABCDABCDABCDABC)
10:04:47.547 [main] INFO  com.cloudframe.app.process.Refmod1.mainlineSplit22 5002 - * 677* WS-20B-T-GRP    = (*****    ABCDABCDABCDABCDABCDABCDABCDABCDABCDABCDABCDABCDABCDABCDABCDABCDABCDAB               N)
10:04:47.547 [main] INFO  com.cloudframe.app.process.Refmod1.mainlineSplit22 5004 - * 678* WS-20B-T        = (    ABCDABCDABCDABCDABCDABCDABCDABCDABCDABCDABCDABCDABCDABCDABCDABCDABCDAB               N)
10:04:47.547 [main] INFO  com.cloudframe.app.process.Refmod1.mainlineSplit22 5006 - * 679*   WS-20B-T-FLD1 = (    ABCDABCDABCDABCD)
10:04:47.547 [main] INFO  com.cloudframe.app.process.Refmod1.mainlineSplit22 5009 - * 680*   WS-20B-T-FLD2 = (ABCDABCDABCDABCDABCDABCDABCDABCDABCDABCD)
10:04:47.547 [main] INFO  com.cloudframe.app.process.Refmod1.mainlineSplit22 5012 - * 681*   WS-20B-T-FLD3 = (ABCDABCDABCDAB               N)
10:04:47.547 [main] INFO  com.cloudframe.app.process.Refmod1.mainlineSplit23 5090 - * 682* WS-20B-S        = (ABCDABCDABCDABCDABCDABCDABCDABCDABCDABCDABCDABCDABCDABCDABCDABCDABCDAB)
10:04:47.547 [main] INFO  com.cloudframe.app.process.Refmod1.mainlineSplit23 5092 - * 683* WS-20B-T-GRP-R  = (*****    ABCDABCDABCDABCDABCDABCDABCDABCDABCDABCDABCDABCDABC)
10:04:47.548 [main] INFO  com.cloudframe.app.process.Refmod1.mainlineSplit23 5094 - * 684* WS-20B-T-GRP    = (*****    ABCDABCDABCDABCDABCDABCDABCDABCDABCDABCDABCDABCDABCDABCDABCDABCDABCDAB               N)
10:04:47.548 [main] INFO  com.cloudframe.app.process.Refmod1.mainlineSplit23 5096 - * 685* WS-20B-T        = (    ABCDABCDABCDABCDABCDABCDABCDABCDABCDABCDABCDABCDABCDABCDABCDABCDABCDAB               N)
10:04:47.548 [main] INFO  com.cloudframe.app.process.Refmod1.mainlineSplit23 5098 - * 686*   WS-20B-T-FLD1 = (    ABCDABCDABCDABCD)
10:04:47.548 [main] INFO  com.cloudframe.app.process.Refmod1.mainlineSplit23 5101 - * 687*   WS-20B-T-FLD2 = (ABCDABCDABCDABCDABCDABCDABCDABCDABCDABCD)
10:04:47.548 [main] INFO  com.cloudframe.app.process.Refmod1.mainlineSplit23 5104 - * 688*   WS-20B-T-FLD3 = (ABCDABCDABCDAB               N)
10:04:47.548 [main] INFO  com.cloudframe.app.process.Refmod1.mainlineSplit23 5124 - * 689* WSE-1A-S        = (ABCDABCDABCDABCDABCDABCDABCDABZYXWZYXWZYXWZYXWZYXWZYXWZYXWZY)
10:04:47.549 [main] INFO  com.cloudframe.app.process.Refmod1.mainlineSplit23 5126 - * 690*   WSE-1A-S-FLD1 = (ABCDABCDABCDABCDABCDABCDABCDAB)
10:04:47.549 [main] INFO  com.cloudframe.app.process.Refmod1.mainlineSplit23 5128 - * 691*   WSE-1A-S-FLD2 = (ZYXWZYXWZYXWZYXWZYXWZYXWZYXWZY)
10:04:47.549 [main] INFO  com.cloudframe.app.process.Refmod1.mainlineSplit23 5130 - * 692* WSE-1A-T-R      = (ABCDABCDABCDABCDABCDABCDABCDABZYXWZYXWZYXWZYXWZYXWZYXWZYXWZY)
10:04:47.549 [main] INFO  com.cloudframe.app.process.Refmod1.mainlineSplit23 5132 - * 693* WSE-1A-T        = (ABCDABCDABCDABCDABCDABCDABCDABZYXWZYXWZYXWZYXWZYXWZYXWZYXWZY)
10:04:47.549 [main] INFO  com.cloudframe.app.process.Refmod1.mainlineSplit23 5134 - * 694*   WSE-1A-T-FLD1 = (ABCDABCDABCDABCDABCD)
10:04:47.549 [main] INFO  com.cloudframe.app.process.Refmod1.mainlineSplit23 5136 - * 695*   WSE-1A-T-FLD2 = (ABCDABCDABZYXWZYXWZYXWZYXWZYXWZYXWZYXWZY)
10:04:47.550 [main] INFO  com.cloudframe.app.process.Refmod1.mainlineSplit23 5155 - * 696* WSE-1B-S        = (ABCDABCDABCDABCDABCDABCDABCDABZYXWZYXWZYXWZYXWZYXWZYXWZYXWZY)
10:04:47.550 [main] INFO  com.cloudframe.app.process.Refmod1.mainlineSplit23 5157 - * 697*   WSE-1B-S-FLD1 = (ABCDABCDABCDABCDABCDABCDABCDAB)
10:04:47.550 [main] INFO  com.cloudframe.app.process.Refmod1.mainlineSplit23 5159 - * 698*   WSE-1B-S-FLD2 = (ZYXWZYXWZYXWZYXWZYXWZYXWZYXWZY)
10:04:47.550 [main] INFO  com.cloudframe.app.process.Refmod1.mainlineSplit23 5161 - * 699* WSE-1B-T-R      = (ABCDABCDABCDABCDABCDABCDABCDABZYXWZYXWZYXWZYXWZYXWZYXWZYXWZY)
10:04:47.550 [main] INFO  com.cloudframe.app.process.Refmod1.mainlineSplit23 5163 - * 700* WSE-1B-T        = (ABCDABCDABCDABCDABCDABCDABCDABZYXWZYXWZYXWZYXWZYXWZYXWZYXWZY)
10:04:47.550 [main] INFO  com.cloudframe.app.process.Refmod1.mainlineSplit23 5165 - * 701*   WSE-1B-T-FLD1 = (ABCDABCDAB)
10:04:47.551 [main] INFO  com.cloudframe.app.process.Refmod1.mainlineSplit23 5167 - * 702*   WSE-1B-T-FLD2 = (CDABCDABCDABCDABCDAB)
10:04:47.551 [main] INFO  com.cloudframe.app.process.Refmod1.mainlineSplit23 5169 - * 703*   WSE-1B-T-FLD3 = (ZYXWZYXWZYXWZYXWZYXWZYXWZYXWZY)
10:04:47.551 [main] INFO  com.cloudframe.app.process.Refmod1.mainlineSplit23 5184 - * 704* WSE-2A-S        = (ABCDABCDABCDABCDABCDABCDABCDABCDABCDABCDABCDABCDABCDABCDABCD)
10:04:47.551 [main] INFO  com.cloudframe.app.process.Refmod1.mainlineSplit23 5186 - * 705* WSE-2A-T-R      = (ABCDABCDABCDABCDABCDABCDABCDABCDABCDABCDABCDABCDABCDABCDABCD)
10:04:47.551 [main] INFO  com.cloudframe.app.process.Refmod1.mainlineSplit23 5188 - * 706* WSE-2A-T        = (ABCDABCDABCDABCDABCDABCDABCDABCDABCDABCDABCDABCDABCDABCDABCD)
10:04:47.552 [main] INFO  com.cloudframe.app.process.Refmod1.mainlineSplit23 5190 - * 707*   WSE-2A-T-FLD1 = (ABCDABCDABCDABCDABCD)
10:04:47.552 [main] INFO  com.cloudframe.app.process.Refmod1.mainlineSplit23 5192 - * 708*   WSE-2A-T-FLD2 = (ABCDABCDABCDABCDABCDABCDABCDABCDABCDABCD)
10:04:47.552 [main] INFO  com.cloudframe.app.process.Refmod1.mainlineSplit23 5209 - * 709* WSE-2B-S        = (ABCDABCDABCDABCDABCDABCDABCDABCDABCDABCDABCDABCDABCDABCDABCD)
10:04:47.552 [main] INFO  com.cloudframe.app.process.Refmod1.mainlineSplit23 5211 - * 710* WSE-2B-T-R      = (ABCDABCDABCDABCDABCDABCDABCDABCDABCDABCDABCDABCDABCDABCDABCD)
10:04:47.552 [main] INFO  com.cloudframe.app.process.Refmod1.mainlineSplit23 5213 - * 711* WSE-2B-T        = (ABCDABCDABCDABCDABCDABCDABCDABCDABCDABCDABCDABCDABCDABCDABCD)
10:04:47.552 [main] INFO  com.cloudframe.app.process.Refmod1.mainlineSplit23 5215 - * 712*   WSE-2B-T-FLD1 = (ABCDABCDAB)
10:04:47.553 [main] INFO  com.cloudframe.app.process.Refmod1.mainlineSplit23 5217 - * 713*   WSE-2B-T-FLD2 = (CDABCDABCDABCDABCDAB)
10:04:47.553 [main] INFO  com.cloudframe.app.process.Refmod1.mainlineSplit23 5219 - * 714*   WSE-2B-T-FLD3 = (CDABCDABCDABCDABCDABCDABCDABCD)
10:04:47.553 [main] INFO  com.cloudframe.app.process.Refmod1.mainlineSplit24 5285 - * 715* WSE-3A-S        = (ABCDABCDABCDABCDABCDABCDABCDABZYXWZYXWZYXWZYXWZYXWZYXWZYXWZY)
10:04:47.553 [main] INFO  com.cloudframe.app.process.Refmod1.mainlineSplit24 5287 - * 716*   WSE-3A-S-FLD1 = (ABCDABCDABCDABCDABCDABCDABCDAB)
10:04:47.553 [main] INFO  com.cloudframe.app.process.Refmod1.mainlineSplit24 5289 - * 717*   WSE-3A-S-FLD2 = (ZYXWZYXWZYXWZYXWZYXWZYXWZYXWZY)
10:04:47.554 [main] INFO  com.cloudframe.app.process.Refmod1.mainlineSplit24 5291 - * 718* WSE-3A-T-R      = (ABCDABCDABCDABCDABCDABCDABCDABZYXWZYXWZYXWZYXWZYXWZYXWZYXWZY)
10:04:47.554 [main] INFO  com.cloudframe.app.process.Refmod1.mainlineSplit24 5293 - * 719* WSE-3A-T        = (ABCDABCDABCDABCDABCDABCDABCDABZYXWZYXWZYXWZYXWZYXWZYXWZYXWZY)
10:04:47.554 [main] INFO  com.cloudframe.app.process.Refmod1.mainlineSplit24 5295 - * 720*   WSE-3A-T-FLD1 = (ABCDABCDABCDABCDABCD)
10:04:47.554 [main] INFO  com.cloudframe.app.process.Refmod1.mainlineSplit24 5297 - * 721*   WSE-3A-T-FLD2 = (ABCDABCDABZYXWZYXWZYXWZYXWZYXWZYXWZYXWZY)
10:04:47.554 [main] INFO  com.cloudframe.app.process.Refmod1.mainlineSplit24 5316 - * 722* WSE-3B-S        = (ABCDABCDABCDABCDABCDABCDABCDABZYXWZYXWZYXWZYXWZYXWZYXWZYXWZY)
10:04:47.555 [main] INFO  com.cloudframe.app.process.Refmod1.mainlineSplit24 5318 - * 723*   WSE-3B-S-FLD1 = (ABCDABCDABCDABCDABCDABCDABCDAB)
10:04:47.555 [main] INFO  com.cloudframe.app.process.Refmod1.mainlineSplit24 5320 - * 724*   WSE-3B-S-FLD2 = (ZYXWZYXWZYXWZYXWZYXWZYXWZYXWZY)
10:04:47.555 [main] INFO  com.cloudframe.app.process.Refmod1.mainlineSplit24 5322 - * 725* WSE-3B-T-R      = (ABCDABCDABCDABCDABCDABCDABCDABZYXWZYXWZYXWZYXWZYXWZYXWZYXWZY)
10:04:47.555 [main] INFO  com.cloudframe.app.process.Refmod1.mainlineSplit24 5324 - * 726* WSE-3B-T        = (ABCDABCDABCDABCDABCDABCDABCDABZYXWZYXWZYXWZYXWZYXWZYXWZYXWZY)
10:04:47.555 [main] INFO  com.cloudframe.app.process.Refmod1.mainlineSplit24 5326 - * 727*   WSE-3B-T-FLD1 = (ABCDABCDAB)
10:04:47.555 [main] INFO  com.cloudframe.app.process.Refmod1.mainlineSplit24 5328 - * 728*   WSE-3B-T-FLD2 = (CDABCDABCDABCDABCDAB)
10:04:47.555 [main] INFO  com.cloudframe.app.process.Refmod1.mainlineSplit24 5330 - * 729*   WSE-3B-T-FLD3 = (ZYXWZYXWZYXWZYXWZYXWZYXWZYXWZY)
10:04:47.556 [main] INFO  com.cloudframe.app.process.Refmod1.mainlineSplit24 5345 - * 730* WSE-4A-S        = (ABCDABCDABCDABCDABCDABCDABCDABCDABCDABCDABCDABCDABCDABCDABCD)
10:04:47.556 [main] INFO  com.cloudframe.app.process.Refmod1.mainlineSplit24 5347 - * 731* WSE-4A-T-R      = (ABCDABCDABCDABCDABCDABCDABCDABCDABCDABCDABCDABCDABCDABCDABCD)
10:04:47.556 [main] INFO  com.cloudframe.app.process.Refmod1.mainlineSplit24 5349 - * 732* WSE-4A-T        = (ABCDABCDABCDABCDABCDABCDABCDABCDABCDABCDABCDABCDABCDABCDABCD)
10:04:47.556 [main] INFO  com.cloudframe.app.process.Refmod1.mainlineSplit24 5351 - * 733*   WSE-4A-T-FLD1 = (ABCDABCDABCDABCDABCD)
10:04:47.556 [main] INFO  com.cloudframe.app.process.Refmod1.mainlineSplit24 5353 - * 734*   WSE-4A-T-FLD2 = (ABCDABCDABCDABCDABCDABCDABCDABCDABCDABCD)
10:04:47.556 [main] INFO  com.cloudframe.app.process.Refmod1.mainlineSplit24 5370 - * 735* WSE-4B-S        = (ABCDABCDABCDABCDABCDABCDABCDABCDABCDABCDABCDABCDABCDABCDABCD)
10:04:47.557 [main] INFO  com.cloudframe.app.process.Refmod1.mainlineSplit24 5372 - * 736* WSE-4B-T-R      = (ABCDABCDABCDABCDABCDABCDABCDABCDABCDABCDABCDABCDABCDABCDABCD)
10:04:47.557 [main] INFO  com.cloudframe.app.process.Refmod1.mainlineSplit24 5374 - * 737* WSE-4B-T        = (ABCDABCDABCDABCDABCDABCDABCDABCDABCDABCDABCDABCDABCDABCDABCD)
10:04:47.557 [main] INFO  com.cloudframe.app.process.Refmod1.mainlineSplit24 5376 - * 738*   WSE-4B-T-FLD1 = (ABCDABCDAB)
10:04:47.557 [main] INFO  com.cloudframe.app.process.Refmod1.mainlineSplit24 5378 - * 739*   WSE-4B-T-FLD2 = (CDABCDABCDABCDABCDAB)
10:04:47.557 [main] INFO  com.cloudframe.app.process.Refmod1.mainlineSplit24 5380 - * 740*   WSE-4B-T-FLD3 = (CDABCDABCDABCDABCDABCDABCDABCD)
10:04:47.557 [main] INFO  com.cloudframe.app.process.Refmod1.mainlineSplit24 5397 - * 741* WSE-1A-S        = (ABCDABCDABCDABCDABCDABCDABCDABZYXWZYXWZYXWZYXWZYXWZYXWZYXWZY)
10:04:47.557 [main] INFO  com.cloudframe.app.process.Refmod1.mainlineSplit24 5399 - * 742*   WSE-1A-S-FLD1 = (ABCDABCDABCDABCDABCDABCDABCDAB)
10:04:47.558 [main] INFO  com.cloudframe.app.process.Refmod1.mainlineSplit24 5401 - * 743*   WSE-1A-S-FLD2 = (ZYXWZYXWZYXWZYXWZYXWZYXWZYXWZY)
10:04:47.558 [main] INFO  com.cloudframe.app.process.Refmod1.mainlineSplit24 5403 - * 744* WSE-1A-T-R      = (    CDABCDABCDABCDABCDABCDABCDABZYXWZYXWZYXWZYXWZYXWZYXWZYX )
10:04:47.558 [main] INFO  com.cloudframe.app.process.Refmod1.mainlineSplit24 5405 - * 745* WSE-1A-T        = (    CDABCDABCDABCDABCDABCDABCDABZYXWZYXWZYXWZYXWZYXWZYXWZYX )
10:04:47.558 [main] INFO  com.cloudframe.app.process.Refmod1.mainlineSplit24 5407 - * 746*   WSE-1A-T-FLD1 = (    CDABCDABCDABCDAB)
10:04:47.558 [main] INFO  com.cloudframe.app.process.Refmod1.mainlineSplit24 5409 - * 747*   WSE-1A-T-FLD2 = (CDABCDABCDABZYXWZYXWZYXWZYXWZYXWZYXWZYX )
10:04:47.558 [main] INFO  com.cloudframe.app.process.Refmod1.mainlineSplit25 5480 - * 748* WSE-1B-S        = (ABCDABCDABCDABCDABCDABCDABCDABZYXWZYXWZYXWZYXWZYXWZYXWZYXWZY)
10:04:47.558 [main] INFO  com.cloudframe.app.process.Refmod1.mainlineSplit25 5482 - * 749*   WSE-1B-S-FLD1 = (ABCDABCDABCDABCDABCDABCDABCDAB)
10:04:47.558 [main] INFO  com.cloudframe.app.process.Refmod1.mainlineSplit25 5484 - * 750*   WSE-1B-S-FLD2 = (ZYXWZYXWZYXWZYXWZYXWZYXWZYXWZY)
10:04:47.559 [main] INFO  com.cloudframe.app.process.Refmod1.mainlineSplit25 5486 - * 751* WSE-1B-T-R      = (    CDABCDABCDABCDABCDABCDABCDABZYXWZYXWZYXWZYXWZYXWZYXWZYXN)
10:04:47.559 [main] INFO  com.cloudframe.app.process.Refmod1.mainlineSplit25 5488 - * 752* WSE-1B-T        = (    CDABCDABCDABCDABCDABCDABCDABZYXWZYXWZYXWZYXWZYXWZYXWZYXN)
10:04:47.559 [main] INFO  com.cloudframe.app.process.Refmod1.mainlineSplit25 5490 - * 753*   WSE-1B-T-FLD1 = (    CDABCD)
10:04:47.559 [main] INFO  com.cloudframe.app.process.Refmod1.mainlineSplit25 5492 - * 754*   WSE-1B-T-FLD2 = (ABCDABCDABCDABCDABCD)
10:04:47.559 [main] INFO  com.cloudframe.app.process.Refmod1.mainlineSplit25 5494 - * 755*   WSE-1B-T-FLD3 = (ABZYXWZYXWZYXWZYXWZYXWZYXWZYXN)
10:04:47.559 [main] INFO  com.cloudframe.app.process.Refmod1.mainlineSplit25 5509 - * 756* WSE-2A-S        = (ABCDABCDABCDABCDABCDABCDABCDABCDABCDABCDABCDABCDABCDABCDABCD)
10:04:47.559 [main] INFO  com.cloudframe.app.process.Refmod1.mainlineSplit25 5511 - * 757* WSE-2A-T-R      = (    CDABCDABCDABCDABCDABCDABCDABCDABCDABCDABCDABCDABCDABCDA )
10:04:47.559 [main] INFO  com.cloudframe.app.process.Refmod1.mainlineSplit25 5513 - * 758* WSE-2A-T        = (    CDABCDABCDABCDABCDABCDABCDABCDABCDABCDABCDABCDABCDABCDA )
10:04:47.560 [main] INFO  com.cloudframe.app.process.Refmod1.mainlineSplit25 5515 - * 759*   WSE-2A-T-FLD1 = (    CDABCDABCDABCDAB)
10:04:47.560 [main] INFO  com.cloudframe.app.process.Refmod1.mainlineSplit25 5517 - * 760*   WSE-2A-T-FLD2 = (CDABCDABCDABCDABCDABCDABCDABCDABCDABCDA )
10:04:47.560 [main] INFO  com.cloudframe.app.process.Refmod1.mainlineSplit25 5534 - * 761* WSE-2B-S        = (ABCDABCDABCDABCDABCDABCDABCDABCDABCDABCDABCDABCDABCDABCDABCD)
10:04:47.560 [main] INFO  com.cloudframe.app.process.Refmod1.mainlineSplit25 5536 - * 762* WSE-2B-T-R      = (    CDABCDABCDABCDABCDABCDABCDABCDABCDABCDABCDABCDABCDABCDAN)
10:04:47.560 [main] INFO  com.cloudframe.app.process.Refmod1.mainlineSplit25 5538 - * 763* WSE-2B-T        = (    CDABCDABCDABCDABCDABCDABCDABCDABCDABCDABCDABCDABCDABCDAN)
10:04:47.560 [main] INFO  com.cloudframe.app.process.Refmod1.mainlineSplit25 5540 - * 764*   WSE-2B-T-FLD1 = (    CDABCD)
10:04:47.561 [main] INFO  com.cloudframe.app.process.Refmod1.mainlineSplit25 5542 - * 765*   WSE-2B-T-FLD2 = (ABCDABCDABCDABCDABCD)
10:04:47.561 [main] INFO  com.cloudframe.app.process.Refmod1.mainlineSplit25 5544 - * 766*   WSE-2B-T-FLD3 = (ABCDABCDABCDABCDABCDABCDABCDAN)
10:04:47.561 [main] INFO  com.cloudframe.app.process.Refmod1.mainlineSplit25 5561 - * 767* WSE-3A-S        = (ABCDABCDABCDABCDABCDABCDABCDABZYXWZYXWZYXWZYXWZYXWZYXWZYXWZY)
10:04:47.561 [main] INFO  com.cloudframe.app.process.Refmod1.mainlineSplit25 5563 - * 768*   WSE-3A-S-FLD1 = (ABCDABCDABCDABCDABCDABCDABCDAB)
10:04:47.561 [main] INFO  com.cloudframe.app.process.Refmod1.mainlineSplit25 5565 - * 769*   WSE-3A-S-FLD2 = (ZYXWZYXWZYXWZYXWZYXWZYXWZYXWZY)
10:04:47.561 [main] INFO  com.cloudframe.app.process.Refmod1.mainlineSplit25 5567 - * 770* WSE-3A-T-R      = (    ABCDABCDABCDABCDABCDABCDABCDABZYXWZYXWZYXWZYXWZYXWZYXWZ )
10:04:47.561 [main] INFO  com.cloudframe.app.process.Refmod1.mainlineSplit25 5569 - * 771* WSE-3A-T        = (    ABCDABCDABCDABCDABCDABCDABCDABZYXWZYXWZYXWZYXWZYXWZYXWZ )
10:04:47.562 [main] INFO  com.cloudframe.app.process.Refmod1.mainlineSplit25 5571 - * 772*   WSE-3A-T-FLD1 = (    ABCDABCDABCDABCD)
10:04:47.562 [main] INFO  com.cloudframe.app.process.Refmod1.mainlineSplit25 5573 - * 773*   WSE-3A-T-FLD2 = (ABCDABCDABCDABZYXWZYXWZYXWZYXWZYXWZYXWZ )
10:04:47.562 [main] INFO  com.cloudframe.app.process.Refmod1.mainlineSplit25 5592 - * 774* WSE-3B-S        = (ABCDABCDABCDABCDABCDABCDABCDABZYXWZYXWZYXWZYXWZYXWZYXWZYXWZY)
10:04:47.562 [main] INFO  com.cloudframe.app.process.Refmod1.mainlineSplit25 5594 - * 775*   WSE-3B-S-FLD1 = (ABCDABCDABCDABCDABCDABCDABCDAB)
10:04:47.562 [main] INFO  com.cloudframe.app.process.Refmod1.mainlineSplit25 5596 - * 776*   WSE-3B-S-FLD2 = (ZYXWZYXWZYXWZYXWZYXWZYXWZYXWZY)
10:04:47.562 [main] INFO  com.cloudframe.app.process.Refmod1.mainlineSplit25 5598 - * 777* WSE-3B-T-R      = (    ABCDABCDABCDABCDABCDABCDABCDABZYXWZYXWZYXWZYXWZYXWZYXWZN)
10:04:47.563 [main] INFO  com.cloudframe.app.process.Refmod1.mainlineSplit26 5655 - * 778* WSE-3B-T        = (    ABCDABCDABCDABCDABCDABCDABCDABZYXWZYXWZYXWZYXWZYXWZYXWZN)
10:04:47.563 [main] INFO  com.cloudframe.app.process.Refmod1.mainlineSplit26 5657 - * 779*   WSE-3B-T-FLD1 = (    ABCDAB)
10:04:47.563 [main] INFO  com.cloudframe.app.process.Refmod1.mainlineSplit26 5659 - * 780*   WSE-3B-T-FLD2 = (CDABCDABCDABCDABCDAB)
10:04:47.563 [main] INFO  com.cloudframe.app.process.Refmod1.mainlineSplit26 5661 - * 781*   WSE-3B-T-FLD3 = (CDABZYXWZYXWZYXWZYXWZYXWZYXWZN)
10:04:47.563 [main] INFO  com.cloudframe.app.process.Refmod1.mainlineSplit26 5676 - * 782* WSE-4A-S        = (ABCDABCDABCDABCDABCDABCDABCDABCDABCDABCDABCDABCDABCDABCDABCD)
10:04:47.563 [main] INFO  com.cloudframe.app.process.Refmod1.mainlineSplit26 5678 - * 783* WSE-4A-T-R      = (    ABCDABCDABCDABCDABCDABCDABCDABCDABCDABCDABCDABCDABCDABC )
10:04:47.563 [main] INFO  com.cloudframe.app.process.Refmod1.mainlineSplit26 5680 - * 784* WSE-4A-T        = (    ABCDABCDABCDABCDABCDABCDABCDABCDABCDABCDABCDABCDABCDABC )
10:04:47.564 [main] INFO  com.cloudframe.app.process.Refmod1.mainlineSplit26 5682 - * 785*   WSE-4A-T-FLD1 = (    ABCDABCDABCDABCD)
10:04:47.564 [main] INFO  com.cloudframe.app.process.Refmod1.mainlineSplit26 5684 - * 786*   WSE-4A-T-FLD2 = (ABCDABCDABCDABCDABCDABCDABCDABCDABCDABC )
10:04:47.564 [main] INFO  com.cloudframe.app.process.Refmod1.mainlineSplit26 5701 - * 787* WSE-4B-S        = (ABCDABCDABCDABCDABCDABCDABCDABCDABCDABCDABCDABCDABCDABCDABCD)
10:04:47.564 [main] INFO  com.cloudframe.app.process.Refmod1.mainlineSplit26 5703 - * 788* WSE-4B-T-R      = (    ABCDABCDABCDABCDABCDABCDABCDABCDABCDABCDABCDABCDABCDABCN)
10:04:47.564 [main] INFO  com.cloudframe.app.process.Refmod1.mainlineSplit26 5705 - * 789* WSE-4B-T        = (    ABCDABCDABCDABCDABCDABCDABCDABCDABCDABCDABCDABCDABCDABCN)
10:04:47.564 [main] INFO  com.cloudframe.app.process.Refmod1.mainlineSplit26 5707 - * 790*   WSE-4B-T-FLD1 = (    ABCDAB)
10:04:47.565 [main] INFO  com.cloudframe.app.process.Refmod1.mainlineSplit26 5709 - * 791*   WSE-4B-T-FLD2 = (CDABCDABCDABCDABCDAB)
10:04:47.565 [main] INFO  com.cloudframe.app.process.Refmod1.mainlineSplit26 5711 - * 792*   WSE-4B-T-FLD3 = (CDABCDABCDABCDABCDABCDABCDABCN)
10:04:47.565 [main] INFO  com.cloudframe.app.process.Refmod1.mainlineSplit26 5730 - * 793* WSE-5A-S-GRP    = (***ABCDABCDABCDABCDABCDABCDABCDABZYXWZYXWZYXWZYXWZYXWZYXWZYXWZY)
10:04:47.565 [main] INFO  com.cloudframe.app.process.Refmod1.mainlineSplit26 5732 - * 794* WSE-5A-S        = (ABCDABCDABCDABCDABCDABCDABCDABZYXWZYXWZYXWZYXWZYXWZYXWZYXWZY)
10:04:47.565 [main] INFO  com.cloudframe.app.process.Refmod1.mainlineSplit26 5734 - * 795*   WSE-5A-S-FLD1 = (ABCDABCDABCDABCDABCDABCDABCDAB)
10:04:47.565 [main] INFO  com.cloudframe.app.process.Refmod1.mainlineSplit26 5737 - * 796*   WSE-5A-S-FLD2 = (ZYXWZYXWZYXWZYXWZYXWZYXWZYXWZY)
10:04:47.566 [main] INFO  com.cloudframe.app.process.Refmod1.mainlineSplit26 5740 - * 797* WSE-5A-T-R      = (ABCDABCDABCDABCDABCDABCDABCDABZYXWZYXWZYXWZYXWZYXWZYXWZYXWZY)
10:04:47.567 [main] INFO  com.cloudframe.app.process.Refmod1.mainlineSplit26 5742 - * 798* WSE-5A-T        = (ABCDABCDABCDABCDABCDABCDABCDABZYXWZYXWZYXWZYXWZYXWZYXWZYXWZY)
10:04:47.567 [main] INFO  com.cloudframe.app.process.Refmod1.mainlineSplit26 5744 - * 799*   WSE-5A-T-FLD1 = (ABCDABCDABCDABCDABCD)
10:04:47.568 [main] INFO  com.cloudframe.app.process.Refmod1.mainlineSplit26 5746 - * 800*   WSE-5A-T-FLD2 = (ABCDABCDABZYXWZYXWZYXWZYXWZYXWZYXWZYXWZY)
10:04:47.568 [main] INFO  com.cloudframe.app.process.Refmod1.mainlineSplit26 5767 - * 801* WSE-5B-S-GRP    = (***ABCDABCDABCDABCDABCDABCDABCDABZYXWZYXWZYXWZYXWZYXWZYXWZYXWZY)
10:04:47.568 [main] INFO  com.cloudframe.app.process.Refmod1.mainlineSplit26 5769 - * 802* WSE-5B-S        = (ABCDABCDABCDABCDABCDABCDABCDABZYXWZYXWZYXWZYXWZYXWZYXWZYXWZY)
10:04:47.568 [main] INFO  com.cloudframe.app.process.Refmod1.mainlineSplit26 5771 - * 803*   WSE-5B-S-FLD1 = (ABCDABCDABCDABCDABCDABCDABCDAB)
10:04:47.568 [main] INFO  com.cloudframe.app.process.Refmod1.mainlineSplit26 5774 - * 804*   WSE-5B-S-FLD2 = (ZYXWZYXWZYXWZYXWZYXWZYXWZYXWZY)
10:04:47.568 [main] INFO  com.cloudframe.app.process.Refmod1.mainlineSplit26 5777 - * 805* WSE-5B-T-R      = (ABCDABCDABCDABCDABCDABCDABCDABZYXWZYXWZYXWZYXWZYXWZYXWZYXWZY)
10:04:47.569 [main] INFO  com.cloudframe.app.process.Refmod1.mainlineSplit26 5779 - * 806* WSE-5B-T        = (ABCDABCDABCDABCDABCDABCDABCDABZYXWZYXWZYXWZYXWZYXWZYXWZYXWZY                              )
10:04:47.569 [main] INFO  com.cloudframe.app.process.Refmod1.mainlineSplit26 5781 - * 807*   WSE-5B-T-FLD1 = (ABCDABCDABCDABCDABCD)
10:04:47.569 [main] INFO  com.cloudframe.app.process.Refmod1.mainlineSplit26 5783 - * 808*   WSE-5B-T-FLD2 = (ABCDABCDABZYXWZYXWZYXWZYXWZYXWZYXWZYXWZY)
10:04:47.569 [main] INFO  com.cloudframe.app.process.Refmod1.mainlineSplit26 5785 - * 809*   WSE-5B-T-FLD3 = (                              )
10:04:47.569 [main] INFO  com.cloudframe.app.process.Refmod1.mainlineSplit27 5858 - * 810* WSE-6A-S-GRP    = (***ABCDABCDABCDABCDABCDABCDABCDABCDABCDABCDABCDABCDABCDABCDABCD)
10:04:47.569 [main] INFO  com.cloudframe.app.process.Refmod1.mainlineSplit27 5860 - * 811* WSE-6A-S        = (ABCDABCDABCDABCDABCDABCDABCDABCDABCDABCDABCDABCDABCDABCDABCD)
10:04:47.570 [main] INFO  com.cloudframe.app.process.Refmod1.mainlineSplit27 5862 - * 812* WSE-6A-T-R      = (ABCDABCDABCDABCDABCDABCDABCDABCDABCDABCDABCDABCDABCDABCDABCD)
10:04:47.570 [main] INFO  com.cloudframe.app.process.Refmod1.mainlineSplit27 5864 - * 813* WSE-6A-T        = (ABCDABCDABCDABCDABCDABCDABCDABCDABCDABCDABCDABCDABCDABCDABCD)
10:04:47.570 [main] INFO  com.cloudframe.app.process.Refmod1.mainlineSplit27 5866 - * 814*   WSE-6A-T-FLD1 = (ABCDABCDABCDABCDABCD)
10:04:47.570 [main] INFO  com.cloudframe.app.process.Refmod1.mainlineSplit27 5868 - * 815*   WSE-6A-T-FLD2 = (ABCDABCDABCDABCDABCDABCDABCDABCDABCDABCD)
10:04:47.570 [main] INFO  com.cloudframe.app.process.Refmod1.mainlineSplit27 5885 - * 816* WSE-6B-S-GRP    = (***ABCDABCDABCDABCDABCDABCDABCDABCDABCDABCDABCDABCDABCDABCDABCD)
10:04:47.571 [main] INFO  com.cloudframe.app.process.Refmod1.mainlineSplit27 5887 - * 817* WSE-6B-S        = (ABCDABCDABCDABCDABCDABCDABCDABCDABCDABCDABCDABCDABCDABCDABCD)
10:04:47.571 [main] INFO  com.cloudframe.app.process.Refmod1.mainlineSplit27 5889 - * 818* WSE-6B-T-R      = (ABCDABCDABCDABCDABCDABCDABCDABCDABCDABCDABCDABCDABCDABCDABCD)
10:04:47.571 [main] INFO  com.cloudframe.app.process.Refmod1.mainlineSplit27 5891 - * 819* WSE-6B-T        = (ABCDABCDABCDABCDABCDABCDABCDABCDABCDABCDABCDABCDABCDABCDABCD)
10:04:47.571 [main] INFO  com.cloudframe.app.process.Refmod1.mainlineSplit27 5893 - * 820*   WSE-6B-T-FLD1 = (ABCDABCDAB)
10:04:47.571 [main] INFO  com.cloudframe.app.process.Refmod1.mainlineSplit27 5895 - * 821*   WSE-6B-T-FLD2 = (CDABCDABCDABCDABCDAB)
10:04:47.571 [main] INFO  com.cloudframe.app.process.Refmod1.mainlineSplit27 5897 - * 822*   WSE-6B-T-FLD3 = (CDABCDABCDABCDABCDABCDABCDABCD)
10:04:47.572 [main] INFO  com.cloudframe.app.process.Refmod1.mainlineSplit27 5914 - * 823* WSE-7A-S        = (ABCDABCDABCDABCDABCDABCDABCDABZYXWZYXWZYXWZYXWZYXWZYXWZYXWZY)
10:04:47.572 [main] INFO  com.cloudframe.app.process.Refmod1.mainlineSplit27 5916 - * 824*   WSE-7A-S-FLD1 = (ABCDABCDABCDABCDABCDABCDABCDAB)
10:04:47.572 [main] INFO  com.cloudframe.app.process.Refmod1.mainlineSplit27 5918 - * 825*   WSE-7A-S-FLD2 = (ZYXWZYXWZYXWZYXWZYXWZYXWZYXWZY)
10:04:47.572 [main] INFO  com.cloudframe.app.process.Refmod1.mainlineSplit27 5920 - * 826* WSE-7A-T-GRP-R  = (*****ABCDABCDABCDABCDABCDABCDABCDABZYXWZYXWZYXWZYXWZYXWZYXWZ)
10:04:47.572 [main] INFO  com.cloudframe.app.process.Refmod1.mainlineSplit27 5922 - * 827* WSE-7A-T-GRP    = (*****ABCDABCDABCDABCDABCDABCDABCDABZYXWZYXWZYXWZYXWZYXWZYXWZYXWZY)
10:04:47.573 [main] INFO  com.cloudframe.app.process.Refmod1.mainlineSplit27 5924 - * 828* WSE-7A-T        = (ABCDABCDABCDABCDABCDABCDABCDABZYXWZYXWZYXWZYXWZYXWZYXWZYXWZY)
10:04:47.573 [main] INFO  com.cloudframe.app.process.Refmod1.mainlineSplit27 5926 - * 829*   WSE-7A-T-FLD1 = (ABCDABCDABCDABCDABCDABCDABCDAB)
10:04:47.573 [main] INFO  com.cloudframe.app.process.Refmod1.mainlineSplit27 5929 - * 830*   WSE-7A-T-FLD2 = (ZYXWZYXWZYXWZYXWZYXWZYXWZYXWZY)
10:04:47.573 [main] INFO  com.cloudframe.app.process.Refmod1.mainlineSplit27 5950 - * 831* WSE-7B-S        = (ABCDABCDABCDABCDABCDABCDABCDABZYXWZYXWZYXWZYXWZYXWZYXWZYXWZY)
10:04:47.573 [main] INFO  com.cloudframe.app.process.Refmod1.mainlineSplit27 5952 - * 832*   WSE-7B-S-FLD1 = (ABCDABCDABCDABCDABCDABCDABCDAB)
10:04:47.574 [main] INFO  com.cloudframe.app.process.Refmod1.mainlineSplit27 5954 - * 833*   WSE-7B-S-FLD2 = (ZYXWZYXWZYXWZYXWZYXWZYXWZYXWZY)
10:04:47.574 [main] INFO  com.cloudframe.app.process.Refmod1.mainlineSplit27 5956 - * 834* WSE-7B-T-GRP-R  = (*****ABCDABCDABCDABCDABCDABCDABCDABZYXWZYXWZYXWZYXWZYXWZYXWZ)
10:04:47.574 [main] INFO  com.cloudframe.app.process.Refmod1.mainlineSplit27 5958 - * 835* WSE-7B-T-GRP    = (*****ABCDABCDABCDABCDABCDABCDABCDABZYXWZYXWZYXWZYXWZYXWZYXWZYXWZY)
10:04:47.574 [main] INFO  com.cloudframe.app.process.Refmod1.mainlineSplit27 5960 - * 836* WSE-7B-T        = (ABCDABCDABCDABCDABCDABCDABCDABZYXWZYXWZYXWZYXWZYXWZYXWZYXWZY)
10:04:47.574 [main] INFO  com.cloudframe.app.process.Refmod1.mainlineSplit27 5962 - * 837*   WSE-7B-T-FLD1 = (ABCDABCDAB)
10:04:47.574 [main] INFO  com.cloudframe.app.process.Refmod1.mainlineSplit27 5965 - * 838*   WSE-7B-T-FLD2 = (CDABCDABCDABCDABCDAB)
10:04:47.575 [main] INFO  com.cloudframe.app.process.Refmod1.mainlineSplit27 5968 - * 839*   WSE-7B-T-FLD3 = (ZYXWZYXWZYXWZYXWZYXWZYXWZYXWZY)
10:04:47.575 [main] INFO  com.cloudframe.app.process.Refmod1.mainlineSplit27 5984 - * 840* WSE-8A-S        = (ABCDABCDABCDABCDABCDABCDABCDABCDABCDABCDABCDABCDABCDABCDABCD)
10:04:47.575 [main] INFO  com.cloudframe.app.process.Refmod1.mainlineSplit27 5986 - * 841* WSE-8A-T-GRP-R  = (*****ABCDABCDABCDABCDABCDABCDABCDABCDABCDABCDABCDABCDABCDABC)
10:04:47.575 [main] INFO  com.cloudframe.app.process.Refmod1.mainlineSplit27 5988 - * 842* WSE-8A-T-GRP    = (*****ABCDABCDABCDABCDABCDABCDABCDABCDABCDABCDABCDABCDABCDABCDABCD)
10:04:47.575 [main] INFO  com.cloudframe.app.process.Refmod1.mainlineSplit27 5990 - * 843* WSE-8A-T        = (ABCDABCDABCDABCDABCDABCDABCDABCDABCDABCDABCDABCDABCDABCDABCD)
10:04:47.575 [main] INFO  com.cloudframe.app.process.Refmod1.mainlineSplit27 5992 - * 844*   WSE-8A-T-FLD1 = (ABCDABCDABCDABCDABCDABCDABCDAB)
10:04:47.576 [main] INFO  com.cloudframe.app.process.Refmod1.mainlineSplit28 6058 - * 845*   WSE-8A-T-FLD2 = (CDABCDABCDABCDABCDABCDABCDABCD)
10:04:47.576 [main] INFO  com.cloudframe.app.process.Refmod1.mainlineSplit28 6077 - * 846* WSE-8B-S        = (ABCDABCDABCDABCDABCDABCDABCDABCDABCDABCDABCDABCDABCDABCDABCD)
10:04:47.576 [main] INFO  com.cloudframe.app.process.Refmod1.mainlineSplit28 6079 - * 847* WSE-8B-T-GRP-R  = (*****ABCDABCDABCDABCDABCDABCDABCDABCDABCDABCDABCDABCDABCDABC)
10:04:47.576 [main] INFO  com.cloudframe.app.process.Refmod1.mainlineSplit28 6081 - * 848* WSE-8B-T-GRP    = (*****ABCDABCDABCDABCDABCDABCDABCDABCDABCDABCDABCDABCDABCDABCDABCD)
10:04:47.576 [main] INFO  com.cloudframe.app.process.Refmod1.mainlineSplit28 6083 - * 849* WSE-8B-T        = (ABCDABCDABCDABCDABCDABCDABCDABCDABCDABCDABCDABCDABCDABCDABCD)
10:04:47.577 [main] INFO  com.cloudframe.app.process.Refmod1.mainlineSplit28 6085 - * 850*   WSE-8B-T-FLD1 = (ABCDABCDAB)
10:04:47.577 [main] INFO  com.cloudframe.app.process.Refmod1.mainlineSplit28 6088 - * 851*   WSE-8B-T-FLD2 = (CDABCDABCDABCDABCDAB)
10:04:47.577 [main] INFO  com.cloudframe.app.process.Refmod1.mainlineSplit28 6091 - * 852*   WSE-8B-T-FLD3 = (CDABCDABCDABCDABCDABCDABCDABCD)
10:04:47.577 [main] INFO  com.cloudframe.app.process.Refmod1.mainlineSplit28 6112 - * 853* WSE-9A-S-GRP    = (***ABCDABCDABCDABCDABCDABCDABCDABZYXWZYXWZYXWZYXWZYXWZYXWZYXWZY)
10:04:47.578 [main] INFO  com.cloudframe.app.process.Refmod1.mainlineSplit28 6114 - * 854* WSE-9A-S        = (ABCDABCDABCDABCDABCDABCDABCDABZYXWZYXWZYXWZYXWZYXWZYXWZYXWZY)
10:04:47.578 [main] INFO  com.cloudframe.app.process.Refmod1.mainlineSplit28 6116 - * 855*   WSE-9A-S-FLD1 = (ABCDABCDABCDABCDABCDABCDABCDAB)
10:04:47.578 [main] INFO  com.cloudframe.app.process.Refmod1.mainlineSplit28 6119 - * 856*   WSE-9A-S-FLD2 = (ZYXWZYXWZYXWZYXWZYXWZYXWZYXWZY)
10:04:47.578 [main] INFO  com.cloudframe.app.process.Refmod1.mainlineSplit28 6122 - * 857* WSE-9A-T-GRP-R  = (*****ABCDABCDABCDABCDABCDABCDABCDABZYXWZYXWZYXWZYXWZYXWZYXWZ)
10:04:47.578 [main] INFO  com.cloudframe.app.process.Refmod1.mainlineSplit28 6124 - * 858* WSE-9A-T-GRP    = (*****ABCDABCDABCDABCDABCDABCDABCDABZYXWZYXWZYXWZYXWZYXWZYXWZYXWZY)
10:04:47.578 [main] INFO  com.cloudframe.app.process.Refmod1.mainlineSplit28 6126 - * 859* WSE-9A-T        = (ABCDABCDABCDABCDABCDABCDABCDABZYXWZYXWZYXWZYXWZYXWZYXWZYXWZY)
10:04:47.579 [main] INFO  com.cloudframe.app.process.Refmod1.mainlineSplit28 6128 - * 860*   WSE-9A-T-FLD1 = (ABCDABCDABCDABCDABCDABCDABCDAB)
10:04:47.579 [main] INFO  com.cloudframe.app.process.Refmod1.mainlineSplit28 6131 - * 861*   WSE-9A-T-FLD2 = (ZYXWZYXWZYXWZYXWZYXWZYXWZYXWZY)
10:04:47.579 [main] INFO  com.cloudframe.app.process.Refmod1.mainlineSplit28 6155 - * 862* WSE-9B-S-GRP    = (***ABCDABCDABCDABCDABCDABCDABCDABZYXWZYXWZYXWZYXWZYXWZYXWZYXWZY)
10:04:47.580 [main] INFO  com.cloudframe.app.process.Refmod1.mainlineSplit28 6157 - * 863* WSE-9B-S        = (ABCDABCDABCDABCDABCDABCDABCDABZYXWZYXWZYXWZYXWZYXWZYXWZYXWZY)
10:04:47.580 [main] INFO  com.cloudframe.app.process.Refmod1.mainlineSplit28 6159 - * 864*   WSE-9B-S-FLD1 = (ABCDABCDABCDABCDABCDABCDABCDAB)
10:04:47.580 [main] INFO  com.cloudframe.app.process.Refmod1.mainlineSplit28 6162 - * 865*   WSE-9B-S-FLD2 = (ZYXWZYXWZYXWZYXWZYXWZYXWZYXWZY)
10:04:47.580 [main] INFO  com.cloudframe.app.process.Refmod1.mainlineSplit28 6165 - * 866* WSE-9B-T-GRP-R  = (*****ABCDABCDABCDABCDABCDABCDABCDABZYXWZYXWZYXWZYXWZYXWZYXWZ)
10:04:47.580 [main] INFO  com.cloudframe.app.process.Refmod1.mainlineSplit28 6167 - * 867* WSE-9B-T-GRP    = (*****ABCDABCDABCDABCDABCDABCDABCDABZYXWZYXWZYXWZYXWZYXWZYXWZYXWZY)
10:04:47.580 [main] INFO  com.cloudframe.app.process.Refmod1.mainlineSplit28 6169 - * 868* WSE-9B-T        = (ABCDABCDABCDABCDABCDABCDABCDABZYXWZYXWZYXWZYXWZYXWZYXWZYXWZY)
10:04:47.581 [main] INFO  com.cloudframe.app.process.Refmod1.mainlineSplit28 6171 - * 869*   WSE-9B-T-FLD1 = (ABCDABCDAB)
10:04:47.581 [main] INFO  com.cloudframe.app.process.Refmod1.mainlineSplit28 6174 - * 870*   WSE-9B-T-FLD2 = (CDABCDABCDABCDABCDAB)
10:04:47.581 [main] INFO  com.cloudframe.app.process.Refmod1.mainlineSplit28 6177 - * 871*   WSE-9B-T-FLD3 = (ZYXWZYXWZYXWZYXWZYXWZYXWZYXWZY)
10:04:47.581 [main] INFO  com.cloudframe.app.process.Refmod1.mainlineSplit28 6194 - * 872* WSE-10A-S-GRP   = (***ABCDABCDABCDABCDABCDABCDABCDABCDABCDABCDABCDABCDABCDABCDABCD)
10:04:47.581 [main] INFO  com.cloudframe.app.process.Refmod1.mainlineSplit28 6196 - * 873* WSE-10A-S       = (ABCDABCDABCDABCDABCDABCDABCDABCDABCDABCDABCDABCDABCDABCDABCD)
10:04:47.582 [main] INFO  com.cloudframe.app.process.Refmod1.mainlineSplit28 6198 - * 874* WSE-10A-T-GRP-R = (*****ABCDABCDABCDABCDABCDABCDABCDABCDABCDABCDABCDABCDABCDABC)
10:04:47.582 [main] INFO  com.cloudframe.app.process.Refmod1.mainlineSplit28 6200 - * 875* WSE-10A-T-GRP   = (*****ABCDABCDABCDABCDABCDABCDABCDABCDABCDABCDABCDABCDABCDABCDABCD)
10:04:47.582 [main] INFO  com.cloudframe.app.process.Refmod1.mainlineSplit28 6202 - * 876* WSE-10A-T       = (ABCDABCDABCDABCDABCDABCDABCDABCDABCDABCDABCDABCDABCDABCDABCD)
10:04:47.582 [main] INFO  com.cloudframe.app.process.Refmod1.mainlineSplit28 6204 - * 877*   WSE-10A-T-FLD1= (ABCDABCDABCDABCDABCDABCDABCDAB)
10:04:47.582 [main] INFO  com.cloudframe.app.process.Refmod1.mainlineSplit28 6207 - * 878*   WSE-10A-T-FLD2= (CDABCDABCDABCDABCDABCDABCDABCD)
10:04:47.583 [main] INFO  com.cloudframe.app.process.Refmod1.mainlineSplit29 6285 - * 879* WSE-10B-S-GRP   = (***ABCDABCDABCDABCDABCDABCDABCDABCDABCDABCDABCDABCDABCDABCDABCD)
10:04:47.583 [main] INFO  com.cloudframe.app.process.Refmod1.mainlineSplit29 6287 - * 880* WSE-10B-S       = (ABCDABCDABCDABCDABCDABCDABCDABCDABCDABCDABCDABCDABCDABCDABCD)
10:04:47.583 [main] INFO  com.cloudframe.app.process.Refmod1.mainlineSplit29 6289 - * 881* WSE-10B-T-GRP-R = (*****ABCDABCDABCDABCDABCDABCDABCDABCDABCDABCDABCDABCDABCDABC)
10:04:47.583 [main] INFO  com.cloudframe.app.process.Refmod1.mainlineSplit29 6291 - * 882* WSE-10B-T-GRP   = (*****ABCDABCDABCDABCDABCDABCDABCDABCDABCDABCDABCDABCDABCDABCDABCD)
10:04:47.583 [main] INFO  com.cloudframe.app.process.Refmod1.mainlineSplit29 6293 - * 883* WSE-10B-T       = (ABCDABCDABCDABCDABCDABCDABCDABCDABCDABCDABCDABCDABCDABCDABCD)
10:04:47.584 [main] INFO  com.cloudframe.app.process.Refmod1.mainlineSplit29 6295 - * 884*   WSE-10B-T-FLD1= (ABCDABCDAB)
10:04:47.584 [main] INFO  com.cloudframe.app.process.Refmod1.mainlineSplit29 6298 - * 885*   WSE-10B-T-FLD2= (CDABCDABCDABCDABCDAB)
10:04:47.584 [main] INFO  com.cloudframe.app.process.Refmod1.mainlineSplit29 6301 - * 886*   WSE-10B-T-FLD3= (CDABCDABCDABCDABCDABCDABCDABCD)
10:04:47.584 [main] INFO  com.cloudframe.app.process.Refmod1.mainlineSplit29 6320 - * 887* WSE-11A-S       = (ABCDABCDABCDABCDABCDABCDABCDABZYXWZYXWZYXWZYXWZYXWZYXWZYXWZY)
10:04:47.585 [main] INFO  com.cloudframe.app.process.Refmod1.mainlineSplit29 6322 - * 888*   WSE-11A-S-FLD1= (ABCDABCDABCDABCDABCDABCDABCDAB)
10:04:47.585 [main] INFO  com.cloudframe.app.process.Refmod1.mainlineSplit29 6324 - * 889*   WSE-11A-S-FLD2= (ZYXWZYXWZYXWZYXWZYXWZYXWZYXWZY)
10:04:47.585 [main] INFO  com.cloudframe.app.process.Refmod1.mainlineSplit29 6326 - * 890* WSE-11A-T-GRP-R = (*****ABCDABCDABCDABCDABCDABCDABCDABZYXWZYXWZYXWZYXWZYXWZYXWZ)
10:04:47.585 [main] INFO  com.cloudframe.app.process.Refmod1.mainlineSplit29 6328 - * 891* WSE-11A-T-GRP   = (*****ABCDABCDABCDABCDABCDABCDABCDABZYXWZYXWZYXWZYXWZYXWZYXWZYXWZY)
10:04:47.585 [main] INFO  com.cloudframe.app.process.Refmod1.mainlineSplit29 6330 - * 892* WSE-11A-T       = (ABCDABCDABCDABCDABCDABCDABCDABZYXWZYXWZYXWZYXWZYXWZYXWZYXWZY)
10:04:47.585 [main] INFO  com.cloudframe.app.process.Refmod1.mainlineSplit29 6332 - * 893*   WSE-11A-T-FLD1= (ABCDABCDABCDABCDABCDABCDABCDAB)
10:04:47.586 [main] INFO  com.cloudframe.app.process.Refmod1.mainlineSplit29 6335 - * 894*   WSE-11A-T-FLD2= (ZYXWZYXWZYXWZYXWZYXWZYXWZYXWZY)
10:04:47.586 [main] INFO  com.cloudframe.app.process.Refmod1.mainlineSplit29 6357 - * 895* WSE-11B-S       = (ABCDABCDABCDABCDABCDABCDABCDABZYXWZYXWZYXWZYXWZYXWZYXWZYXWZY)
10:04:47.586 [main] INFO  com.cloudframe.app.process.Refmod1.mainlineSplit29 6359 - * 896*   WSE-11B-S-FLD1= (ABCDABCDABCDABCDABCDABCDABCDAB)
10:04:47.586 [main] INFO  com.cloudframe.app.process.Refmod1.mainlineSplit29 6361 - * 897*   WSE-11B-S-FLD2= (ZYXWZYXWZYXWZYXWZYXWZYXWZYXWZY)
10:04:47.587 [main] INFO  com.cloudframe.app.process.Refmod1.mainlineSplit29 6363 - * 898* WSE-11B-T-GRP-R = (*****ABCDABCDABCDABCDABCDABCDABCDABZYXWZYXWZYXWZYXWZYXWZYXWZ)
10:04:47.587 [main] INFO  com.cloudframe.app.process.Refmod1.mainlineSplit29 6365 - * 899* WSE-11B-T-GRP   = (*****ABCDABCDABCDABCDABCDABCDABCDABZYXWZYXWZYXWZYXWZYXWZYXWZYXWZY)
10:04:47.587 [main] INFO  com.cloudframe.app.process.Refmod1.mainlineSplit29 6367 - * 900* WSE-11B-T       = (ABCDABCDABCDABCDABCDABCDABCDABZYXWZYXWZYXWZYXWZYXWZYXWZYXWZY)
10:04:47.587 [main] INFO  com.cloudframe.app.process.Refmod1.mainlineSplit29 6369 - * 901*   WSE-11B-T-FLD1= (ABCDABCDAB)
10:04:47.587 [main] INFO  com.cloudframe.app.process.Refmod1.mainlineSplit29 6372 - * 902*   WSE-11B-T-FLD2= (CDABCDABCDABCDABCDAB)
10:04:47.587 [main] INFO  com.cloudframe.app.process.Refmod1.mainlineSplit29 6375 - * 903*   WSE-11B-T-FLD3= (ZYXWZYXWZYXWZYXWZYXWZYXWZYXWZY)
10:04:47.588 [main] INFO  com.cloudframe.app.process.Refmod1.mainlineSplit29 6392 - * 904* WSE-12A-S       = (ABCDABCDABCDABCDABCDABCDABCDABCDABCDABCDABCDABCDABCDABCDABCD)
10:04:47.588 [main] INFO  com.cloudframe.app.process.Refmod1.mainlineSplit29 6394 - * 905* WSE-12A-T-GRP-R = (*****ABCDABCDABCDABCDABCDABCDABCDABCDABCDABCDABCDABCDABCDABC)
10:04:47.588 [main] INFO  com.cloudframe.app.process.Refmod1.mainlineSplit29 6396 - * 906* WSE-12A-T-GRP   = (*****ABCDABCDABCDABCDABCDABCDABCDABCDABCDABCDABCDABCDABCDABCDABCD)
10:04:47.588 [main] INFO  com.cloudframe.app.process.Refmod1.mainlineSplit29 6398 - * 907* WSE-12A-T       = (ABCDABCDABCDABCDABCDABCDABCDABCDABCDABCDABCDABCDABCDABCDABCD)
10:04:47.588 [main] INFO  com.cloudframe.app.process.Refmod1.mainlineSplit29 6400 - * 908*   WSE-12A-T-FLD1= (ABCDABCDABCDABCDABCDABCDABCDAB)
10:04:47.588 [main] INFO  com.cloudframe.app.process.Refmod1.mainlineSplit29 6403 - * 909*   WSE-12A-T-FLD2= (CDABCDABCDABCDABCDABCDABCDABCD)
10:04:47.589 [main] INFO  com.cloudframe.app.process.Refmod1.mainlineSplit29 6423 - * 910* WSE-12B-S       = (ABCDABCDABCDABCDABCDABCDABCDABCDABCDABCDABCDABCDABCDABCDABCD)
10:04:47.589 [main] INFO  com.cloudframe.app.process.Refmod1.mainlineSplit30 6489 - * 911* WSE-12B-T-GRP-R = (*****ABCDABCDABCDABCDABCDABCDABCDABCDABCDABCDABCDABCDABCDABC)
10:04:47.589 [main] INFO  com.cloudframe.app.process.Refmod1.mainlineSplit30 6491 - * 912* WSE-12B-T-GRP   = (*****ABCDABCDABCDABCDABCDABCDABCDABCDABCDABCDABCDABCDABCDABCDABCD)
10:04:47.589 [main] INFO  com.cloudframe.app.process.Refmod1.mainlineSplit30 6493 - * 913* WSE-12B-T       = (ABCDABCDABCDABCDABCDABCDABCDABCDABCDABCDABCDABCDABCDABCDABCD)
10:04:47.590 [main] INFO  com.cloudframe.app.process.Refmod1.mainlineSplit30 6495 - * 914*   WSE-12B-T-FLD1= (ABCDABCDAB)
10:04:47.590 [main] INFO  com.cloudframe.app.process.Refmod1.mainlineSplit30 6498 - * 915*   WSE-12B-T-FLD2= (CDABCDABCDABCDABCDAB)
10:04:47.590 [main] INFO  com.cloudframe.app.process.Refmod1.mainlineSplit30 6501 - * 916*   WSE-12B-T-FLD3= (CDABCDABCDABCDABCDABCDABCDABCD)
10:04:47.590 [main] INFO  com.cloudframe.app.process.Refmod1.mainlineSplit30 6522 - * 917* WSE-13A-S-GRP   = (***ABCDABCDABCDABCDABCDABCDABCDABZYXWZYXWZYXWZYXWZYXWZYXWZYXWZY)
10:04:47.590 [main] INFO  com.cloudframe.app.process.Refmod1.mainlineSplit30 6524 - * 918* WSE-13A-S       = (ABCDABCDABCDABCDABCDABCDABCDABZYXWZYXWZYXWZYXWZYXWZYXWZYXWZY)
10:04:47.590 [main] INFO  com.cloudframe.app.process.Refmod1.mainlineSplit30 6526 - * 919*   WSE-13A-S-FLD1= (ABCDABCDABCDABCDABCDABCDABCDAB)
10:04:47.590 [main] INFO  com.cloudframe.app.process.Refmod1.mainlineSplit30 6529 - * 920*   WSE-13A-S-FLD2= (ZYXWZYXWZYXWZYXWZYXWZYXWZYXWZY)
10:04:47.591 [main] INFO  com.cloudframe.app.process.Refmod1.mainlineSplit30 6532 - * 921* WSE-13A-T-GRP-R = (*****    CDABCDABCDABCDABCDABCDABCDABZYXWZYXWZYXWZYXWZYXWZYX)
10:04:47.591 [main] INFO  com.cloudframe.app.process.Refmod1.mainlineSplit30 6534 - * 922* WSE-13A-T-GRP   = (*****    CDABCDABCDABCDABCDABCDABCDABZYXWZYXWZYXWZYXWZYXWZYXWZYX )
10:04:47.591 [main] INFO  com.cloudframe.app.process.Refmod1.mainlineSplit30 6536 - * 923* WSE-13A-T       = (    CDABCDABCDABCDABCDABCDABCDABZYXWZYXWZYXWZYXWZYXWZYXWZYX )
10:04:47.591 [main] INFO  com.cloudframe.app.process.Refmod1.mainlineSplit30 6538 - * 924*   WSE-13A-T-FLD1= (    CDABCDABCDABCDABCDABCDABCD)
10:04:47.591 [main] INFO  com.cloudframe.app.process.Refmod1.mainlineSplit30 6541 - * 925*   WSE-13A-T-FLD2= (ABZYXWZYXWZYXWZYXWZYXWZYXWZYX )
10:04:47.591 [main] INFO  com.cloudframe.app.process.Refmod1.mainlineSplit30 6565 - * 926* WSE-13B-S-GRP   = (***ABCDABCDABCDABCDABCDABCDABCDABZYXWZYXWZYXWZYXWZYXWZYXWZYXWZY)
10:04:47.591 [main] INFO  com.cloudframe.app.process.Refmod1.mainlineSplit30 6567 - * 927* WSE-13B-S       = (ABCDABCDABCDABCDABCDABCDABCDABZYXWZYXWZYXWZYXWZYXWZYXWZYXWZY)
10:04:47.592 [main] INFO  com.cloudframe.app.process.Refmod1.mainlineSplit30 6569 - * 928*   WSE-13B-S-FLD1= (ABCDABCDABCDABCDABCDABCDABCDAB)
10:04:47.592 [main] INFO  com.cloudframe.app.process.Refmod1.mainlineSplit30 6572 - * 929*   WSE-13B-S-FLD2= (ZYXWZYXWZYXWZYXWZYXWZYXWZYXWZY)
10:04:47.592 [main] INFO  com.cloudframe.app.process.Refmod1.mainlineSplit30 6575 - * 930* WSE-13B-T-GRP-R = (*****    CDABCDABCDABCDABCDABCDABCDABZYXWZYXWZYXWZYXWZYXWZYX)
10:04:47.592 [main] INFO  com.cloudframe.app.process.Refmod1.mainlineSplit30 6577 - * 931* WSE-13B-T-GRP   = (*****    CDABCDABCDABCDABCDABCDABCDABZYXWZYXWZYXWZYXWZYXWZYXWZYXN)
10:04:47.592 [main] INFO  com.cloudframe.app.process.Refmod1.mainlineSplit30 6579 - * 932* WSE-13B-T       = (    CDABCDABCDABCDABCDABCDABCDABZYXWZYXWZYXWZYXWZYXWZYXWZYXN)
10:04:47.592 [main] INFO  com.cloudframe.app.process.Refmod1.mainlineSplit30 6581 - * 933*   WSE-13B-T-FLD1= (    CDABCD)
10:04:47.592 [main] INFO  com.cloudframe.app.process.Refmod1.mainlineSplit30 6584 - * 934*   WSE-13B-T-FLD2= (ABCDABCDABCDABCDABCD)
10:04:47.593 [main] INFO  com.cloudframe.app.process.Refmod1.mainlineSplit30 6587 - * 935*   WSE-13B-T-FLD3= (ABZYXWZYXWZYXWZYXWZYXWZYXWZYXN)
10:04:47.593 [main] INFO  com.cloudframe.app.process.Refmod1.mainlineSplit30 6604 - * 936* WSE-14A-S-GRP   = (***ABCDABCDABCDABCDABCDABCDABCDABCDABCDABCDABCDABCDABCDABCDABCD)
10:04:47.593 [main] INFO  com.cloudframe.app.process.Refmod1.mainlineSplit30 6606 - * 937* WSE-14A-S       = (ABCDABCDABCDABCDABCDABCDABCDABCDABCDABCDABCDABCDABCDABCDABCD)
10:04:47.593 [main] INFO  com.cloudframe.app.process.Refmod1.mainlineSplit30 6608 - * 938* WSE-14A-T-GRP-R = (*****    CDABCDABCDABCDABCDABCDABCDABCDABCDABCDABCDABCDABCDA)
10:04:47.593 [main] INFO  com.cloudframe.app.process.Refmod1.mainlineSplit30 6610 - * 939* WSE-14A-T-GRP   = (*****    CDABCDABCDABCDABCDABCDABCDABCDABCDABCDABCDABCDABCDABCDA )
10:04:47.593 [main] INFO  com.cloudframe.app.process.Refmod1.mainlineSplit30 6612 - * 940* WSE-14A-T       = (    CDABCDABCDABCDABCDABCDABCDABCDABCDABCDABCDABCDABCDABCDA )
10:04:47.593 [main] INFO  com.cloudframe.app.process.Refmod1.mainlineSplit30 6614 - * 941*   WSE-14A-T-FLD1= (    CDABCDABCDABCDABCDABCDABCD)
10:04:47.594 [main] INFO  com.cloudframe.app.process.Refmod1.mainlineSplit30 6617 - * 942*   WSE-14A-T-FLD2= (ABCDABCDABCDABCDABCDABCDABCDA )
10:04:47.594 [main] INFO  com.cloudframe.app.process.Refmod1.mainlineSplit30 6637 - * 943* WSE-14B-S-GRP   = (***ABCDABCDABCDABCDABCDABCDABCDABCDABCDABCDABCDABCDABCDABCDABCD)
10:04:47.594 [main] INFO  com.cloudframe.app.process.Refmod1.mainlineSplit30 6639 - * 944* WSE-14B-S       = (ABCDABCDABCDABCDABCDABCDABCDABCDABCDABCDABCDABCDABCDABCDABCD)
10:04:47.594 [main] INFO  com.cloudframe.app.process.Refmod1.mainlineSplit30 6641 - * 945* WSE-14B-T-GRP-R = (*****    CDABCDABCDABCDABCDABCDABCDABCDABCDABCDABCDABCDABCDA)
10:04:47.594 [main] INFO  com.cloudframe.app.process.Refmod1.mainlineSplit31 6701 - * 946* WSE-14B-T-GRP   = (*****    CDABCDABCDABCDABCDABCDABCDABCDABCDABCDABCDABCDABCDABCDAN)
10:04:47.594 [main] INFO  com.cloudframe.app.process.Refmod1.mainlineSplit31 6703 - * 947* WSE-14B-T       = (    CDABCDABCDABCDABCDABCDABCDABCDABCDABCDABCDABCDABCDABCDAN)
10:04:47.594 [main] INFO  com.cloudframe.app.process.Refmod1.mainlineSplit31 6705 - * 948*   WSE-14B-T-FLD1= (    CDABCD)
10:04:47.595 [main] INFO  com.cloudframe.app.process.Refmod1.mainlineSplit31 6708 - * 949*   WSE-14B-T-FLD2= (ABCDABCDABCDABCDABCD)
10:04:47.595 [main] INFO  com.cloudframe.app.process.Refmod1.mainlineSplit31 6711 - * 950*   WSE-14B-T-FLD3= (ABCDABCDABCDABCDABCDABCDABCDAN)
10:04:47.595 [main] INFO  com.cloudframe.app.process.Refmod1.mainlineSplit31 6732 - * 951* WSE-15A-S-GRP   = (***ABCDABCDABCDABCDABCDABCDABCDABZYXWZYXWZYXWZYXWZYXWZYXWZYXWZY)
10:04:47.595 [main] INFO  com.cloudframe.app.process.Refmod1.mainlineSplit31 6734 - * 952* WSE-15A-S       = (ABCDABCDABCDABCDABCDABCDABCDABZYXWZYXWZYXWZYXWZYXWZYXWZYXWZY)
10:04:47.595 [main] INFO  com.cloudframe.app.process.Refmod1.mainlineSplit31 6736 - * 953*   WSE-15A-S-FLD1= (ABCDABCDABCDABCDABCDABCDABCDAB)
10:04:47.596 [main] INFO  com.cloudframe.app.process.Refmod1.mainlineSplit31 6739 - * 954*   WSE-15A-S-FLD2= (ZYXWZYXWZYXWZYXWZYXWZYXWZYXWZY)
10:04:47.596 [main] INFO  com.cloudframe.app.process.Refmod1.mainlineSplit31 6742 - * 955* WSE-15A-T-R     = (    CDABCDABCDABCDABCDABCDABCDABZYXWZYXWZYXWZYXWZYXWZYXWZYX )
10:04:47.596 [main] INFO  com.cloudframe.app.process.Refmod1.mainlineSplit31 6744 - * 956* WSE-15A-T       = (    CDABCDABCDABCDABCDABCDABCDABZYXWZYXWZYXWZYXWZYXWZYXWZYX )
10:04:47.596 [main] INFO  com.cloudframe.app.process.Refmod1.mainlineSplit31 6746 - * 957*   WSE-15A-T-FLD1= (    CDABCDABCDABCDABCDABCDABCD)
10:04:47.596 [main] INFO  com.cloudframe.app.process.Refmod1.mainlineSplit31 6748 - * 958*   WSE-15A-T-FLD2= (ABZYXWZYXWZYXWZYXWZYXWZYXWZYX )
10:04:47.596 [main] INFO  com.cloudframe.app.process.Refmod1.mainlineSplit31 6770 - * 959* WSE-15B-S-GRP   = (***ABCDABCDABCDABCDABCDABCDABCDABZYXWZYXWZYXWZYXWZYXWZYXWZYXWZY)
10:04:47.597 [main] INFO  com.cloudframe.app.process.Refmod1.mainlineSplit31 6772 - * 960* WSE-15B-S       = (ABCDABCDABCDABCDABCDABCDABCDABZYXWZYXWZYXWZYXWZYXWZYXWZYXWZY)
10:04:47.597 [main] INFO  com.cloudframe.app.process.Refmod1.mainlineSplit31 6774 - * 961*   WSE-15B-S-FLD1= (ABCDABCDABCDABCDABCDABCDABCDAB)
10:04:47.597 [main] INFO  com.cloudframe.app.process.Refmod1.mainlineSplit31 6777 - * 962*   WSE-15B-S-FLD2= (ZYXWZYXWZYXWZYXWZYXWZYXWZYXWZY)
10:04:47.597 [main] INFO  com.cloudframe.app.process.Refmod1.mainlineSplit31 6780 - * 963* WSE-15B-T-R     = (    CDABCDABCDABCDABCDABCDABCDABZYXWZYXWZYXWZYXWZYXWZYXWZYXN)
10:04:47.597 [main] INFO  com.cloudframe.app.process.Refmod1.mainlineSplit31 6782 - * 964* WSE-15B-T       = (    CDABCDABCDABCDABCDABCDABCDABZYXWZYXWZYXWZYXWZYXWZYXWZYXN)
10:04:47.598 [main] INFO  com.cloudframe.app.process.Refmod1.mainlineSplit31 6784 - * 965*   WSE-15B-T-FLD1= (    CDABCD)
10:04:47.598 [main] INFO  com.cloudframe.app.process.Refmod1.mainlineSplit31 6786 - * 966*   WSE-15B-T-FLD2= (ABCDABCDABCDABCDABCD)
10:04:47.598 [main] INFO  com.cloudframe.app.process.Refmod1.mainlineSplit31 6788 - * 967*   WSE-15B-T-FLD3= (ABZYXWZYXWZYXWZYXWZYXWZYXWZYXN)
10:04:47.598 [main] INFO  com.cloudframe.app.process.Refmod1.mainlineSplit31 6804 - * 968* WSE-16A-S-GRP   = (***ABCDABCDABCDABCDABCDABCDABCDABCDABCDABCDABCDABCDABCDABCDABCD)
10:04:47.598 [main] INFO  com.cloudframe.app.process.Refmod1.mainlineSplit31 6806 - * 969* WSE-16A-S       = (ABCDABCDABCDABCDABCDABCDABCDABCDABCDABCDABCDABCDABCDABCDABCD)
10:04:47.598 [main] INFO  com.cloudframe.app.process.Refmod1.mainlineSplit31 6808 - * 970* WSE-16A-T-R     = (    CDABCDABCDABCDABCDABCDABCDABCDABCDABCDABCDABCDABCDABCDA )
10:04:47.599 [main] INFO  com.cloudframe.app.process.Refmod1.mainlineSplit31 6810 - * 971* WSE-16A-T       = (    CDABCDABCDABCDABCDABCDABCDABCDABCDABCDABCDABCDABCDABCDA )
10:04:47.599 [main] INFO  com.cloudframe.app.process.Refmod1.mainlineSplit31 6812 - * 972*   WSE-16A-T-FLD1= (    CDABCDABCDABCDABCDABCDABCD)
10:04:47.599 [main] INFO  com.cloudframe.app.process.Refmod1.mainlineSplit31 6814 - * 973*   WSE-16A-T-FLD2= (ABCDABCDABCDABCDABCDABCDABCDA )
10:04:47.599 [main] INFO  com.cloudframe.app.process.Refmod1.mainlineSplit31 6832 - * 974* WSE-16B-S-GRP   = (***ABCDABCDABCDABCDABCDABCDABCDABCDABCDABCDABCDABCDABCDABCDABCD)
10:04:47.599 [main] INFO  com.cloudframe.app.process.Refmod1.mainlineSplit31 6834 - * 975* WSE-16B-S       = (ABCDABCDABCDABCDABCDABCDABCDABCDABCDABCDABCDABCDABCDABCDABCD)
10:04:47.600 [main] INFO  com.cloudframe.app.process.Refmod1.mainlineSplit31 6836 - * 976* WSE-16B-T-R     = (    CDABCDABCDABCDABCDABCDABCDABCDABCDABCDABCDABCDABCDABCDAN)
10:04:47.600 [main] INFO  com.cloudframe.app.process.Refmod1.mainlineSplit31 6838 - * 977* WSE-16B-T       = (    CDABCDABCDABCDABCDABCDABCDABCDABCDABCDABCDABCDABCDABCDAN)
10:04:47.600 [main] INFO  com.cloudframe.app.process.Refmod1.mainlineSplit31 6840 - * 978*   WSE-16B-T-FLD1= (    CDABCD)
10:04:47.600 [main] INFO  com.cloudframe.app.process.Refmod1.mainlineSplit31 6842 - * 979*   WSE-16B-T-FLD2= (ABCDABCDABCDABCDABCD)
10:04:47.600 [main] INFO  com.cloudframe.app.process.Refmod1.mainlineSplit31 6844 - * 980*   WSE-16B-T-FLD3= (ABCDABCDABCDABCDABCDABCDABCDAN)
10:04:47.601 [main] INFO  com.cloudframe.app.process.Refmod1.mainlineSplit32 6920 - * 981* WSE-17A-S       = (ABCDABCDABCDABCDABCDABCDABCDABZYXWZYXWZYXWZYXWZYXWZYXWZYXWZY)
10:04:47.601 [main] INFO  com.cloudframe.app.process.Refmod1.mainlineSplit32 6922 - * 982*   WSE-17A-S-FLD1= (ABCDABCDABCDABCDABCDABCDABCDAB)
10:04:47.601 [main] INFO  com.cloudframe.app.process.Refmod1.mainlineSplit32 6924 - * 983*   WSE-17A-S-FLD2= (ZYXWZYXWZYXWZYXWZYXWZYXWZYXWZY)
10:04:47.601 [main] INFO  com.cloudframe.app.process.Refmod1.mainlineSplit32 6926 - * 984* WSE-17A-T-GRP-R = (*****    CDABCDABCDABCDABCDABCDABCDABZYXWZYXWZYXWZYXWZYXWZYX)
10:04:47.601 [main] INFO  com.cloudframe.app.process.Refmod1.mainlineSplit32 6928 - * 985* WSE-17A-T-GRP   = (*****    CDABCDABCDABCDABCDABCDABCDABZYXWZYXWZYXWZYXWZYXWZYXWZYX )
10:04:47.601 [main] INFO  com.cloudframe.app.process.Refmod1.mainlineSplit32 6930 - * 986* WSE-17A-T       = (    CDABCDABCDABCDABCDABCDABCDABZYXWZYXWZYXWZYXWZYXWZYXWZYX )
10:04:47.603 [main] INFO  com.cloudframe.app.process.Refmod1.mainlineSplit32 6932 - * 987*   WSE-17A-T-FLD1= (    CDABCDABCDABCDABCDABCDABCD)
10:04:47.605 [main] INFO  com.cloudframe.app.process.Refmod1.mainlineSplit32 6935 - * 988*   WSE-17A-T-FLD2= (ABZYXWZYXWZYXWZYXWZYXWZYXWZYX )
10:04:47.605 [main] INFO  com.cloudframe.app.process.Refmod1.mainlineSplit32 6954 - * 989* WSE-17B-S       = (ABCDABCDABCDABCDABCDABCDABCDABZYXWZYXWZYXWZYXWZYXWZYXWZYXWZY)
10:04:47.605 [main] INFO  com.cloudframe.app.process.Refmod1.mainlineSplit32 6956 - * 990*   WSE-17B-S-FLD1= (ABCDABCDABCDABCDABCDABCDABCDAB)
10:04:47.606 [main] INFO  com.cloudframe.app.process.Refmod1.mainlineSplit32 6958 - * 991*   WSE-17B-S-FLD2= (ZYXWZYXWZYXWZYXWZYXWZYXWZYXWZY)
10:04:47.606 [main] INFO  com.cloudframe.app.process.Refmod1.mainlineSplit32 6960 - * 992* WSE-17B-T-GRP-R = (*****    CDABCDABCDABCDABCDABCDABCDABZYXWZYXWZYXWZYXWZYXWZYX)
10:04:47.606 [main] INFO  com.cloudframe.app.process.Refmod1.mainlineSplit32 6962 - * 993* WSE-17B-T-GRP   = (*****    CDABCDABCDABCDABCDABCDABCDABZYXWZYXWZYXWZYXWZYXWZYXWZYXN)
10:04:47.606 [main] INFO  com.cloudframe.app.process.Refmod1.mainlineSplit32 6964 - * 994* WSE-17B-T       = (    CDABCDABCDABCDABCDABCDABCDABZYXWZYXWZYXWZYXWZYXWZYXWZYXN)
10:04:47.606 [main] INFO  com.cloudframe.app.process.Refmod1.mainlineSplit32 6966 - * 995*   WSE-17B-T-FLD1= (    CDABCD)
10:04:47.606 [main] INFO  com.cloudframe.app.process.Refmod1.mainlineSplit32 6969 - * 996*   WSE-17B-T-FLD2= (ABCDABCDABCDABCDABCD)
10:04:47.607 [main] INFO  com.cloudframe.app.process.Refmod1.mainlineSplit32 6972 - * 997*   WSE-17B-T-FLD3= (ABZYXWZYXWZYXWZYXWZYXWZYXWZYXN)
10:04:47.607 [main] INFO  com.cloudframe.app.process.Refmod1.mainlineSplit32 6989 - * 998* WSE-18A-S       = (ABCDABCDABCDABCDABCDABCDABCDABCDABCDABCDABCDABCDABCDABCDABCD)
10:04:47.607 [main] INFO  com.cloudframe.app.process.Refmod1.mainlineSplit32 6991 - * 999* WSE-18A-T-GRP-R = (*****    CDABCDABCDABCDABCDABCDABCDABCDABCDABCDABCDABCDABCDA)
10:04:47.607 [main] INFO  com.cloudframe.app.process.Refmod1.mainlineSplit32 6993 - *1000* WSE-18A-T-GRP   = (*****    CDABCDABCDABCDABCDABCDABCDABCDABCDABCDABCDABCDABCDABCDA )
10:04:47.607 [main] INFO  com.cloudframe.app.process.Refmod1.mainlineSplit32 6995 - *1001* WSE-18A-T       = (    CDABCDABCDABCDABCDABCDABCDABCDABCDABCDABCDABCDABCDABCDA )
10:04:47.607 [main] INFO  com.cloudframe.app.process.Refmod1.mainlineSplit32 6997 - *1002*   WSE-18A-T-FLD1= (    CDABCDABCDABCDABCDABCDABCD)
10:04:47.608 [main] INFO  com.cloudframe.app.process.Refmod1.mainlineSplit32 7000 - *1003*   WSE-18A-T-FLD2= (ABCDABCDABCDABCDABCDABCDABCDA )
10:04:47.608 [main] INFO  com.cloudframe.app.process.Refmod1.mainlineSplit32 7020 - *1004* WSE-18B-S       = (ABCDABCDABCDABCDABCDABCDABCDABCDABCDABCDABCDABCDABCDABCDABCD)
10:04:47.608 [main] INFO  com.cloudframe.app.process.Refmod1.mainlineSplit32 7022 - *1005* WSE-18B-T-GRP-R = (*****    CDABCDABCDABCDABCDABCDABCDABCDABCDABCDABCDABCDABCDA)
10:04:47.610 [main] INFO  com.cloudframe.app.process.Refmod1.mainlineSplit32 7024 - *1006* WSE-18B-T-GRP   = (*****    CDABCDABCDABCDABCDABCDABCDABCDABCDABCDABCDABCDABCDABCDAN)
10:04:47.610 [main] INFO  com.cloudframe.app.process.Refmod1.mainlineSplit32 7026 - *1007* WSE-18B-T       = (    CDABCDABCDABCDABCDABCDABCDABCDABCDABCDABCDABCDABCDABCDAN)
10:04:47.611 [main] INFO  com.cloudframe.app.process.Refmod1.mainlineSplit32 7028 - *1008*   WSE-18B-T-FLD1= (    CDABCD)
10:04:47.611 [main] INFO  com.cloudframe.app.process.Refmod1.mainlineSplit32 7031 - *1009*   WSE-18B-T-FLD2= (ABCDABCDABCDABCDABCD)
10:04:47.611 [main] INFO  com.cloudframe.app.process.Refmod1.mainlineSplit32 7034 - *1010*   WSE-18B-T-FLD3= (ABCDABCDABCDABCDABCDABCDABCDAN)
10:04:47.611 [main] INFO  com.cloudframe.app.process.Refmod1.mainlineSplit32 7053 - *1011* WSE-19A-S       = (ABCDABCDABCDABCDABCDABCDABCDABZYXWZYXWZYXWZYXWZYXWZYXWZYXWZY)
10:04:47.611 [main] INFO  com.cloudframe.app.process.Refmod1.mainlineSplit33 7113 - *1012*   WSE-19A-S-FLD1= (ABCDABCDABCDABCDABCDABCDABCDAB)
10:04:47.612 [main] INFO  com.cloudframe.app.process.Refmod1.mainlineSplit33 7115 - *1013*   WSE-19A-S-FLD2= (ZYXWZYXWZYXWZYXWZYXWZYXWZYXWZY)
10:04:47.612 [main] INFO  com.cloudframe.app.process.Refmod1.mainlineSplit33 7117 - *1014* WSE-19A-T-GRP-R = (*****    ABCDABCDABCDABCDABCDABCDABCDABZYXWZYXWZYXWZYXWZYXWZ)
10:04:47.612 [main] INFO  com.cloudframe.app.process.Refmod1.mainlineSplit33 7119 - *1015* WSE-19A-T-GRP   = (*****    ABCDABCDABCDABCDABCDABCDABCDABZYXWZYXWZYXWZYXWZYXWZYXWZ )
10:04:47.612 [main] INFO  com.cloudframe.app.process.Refmod1.mainlineSplit33 7121 - *1016* WSE-19A-T       = (    ABCDABCDABCDABCDABCDABCDABCDABZYXWZYXWZYXWZYXWZYXWZYXWZ )
10:04:47.612 [main] INFO  com.cloudframe.app.process.Refmod1.mainlineSplit33 7123 - *1017*   WSE-19A-T-FLD1= (    ABCDABCDABCDABCDABCDABCDAB)
10:04:47.612 [main] INFO  com.cloudframe.app.process.Refmod1.mainlineSplit33 7126 - *1018*   WSE-19A-T-FLD2= (CDABZYXWZYXWZYXWZYXWZYXWZYXWZ )
10:04:47.613 [main] INFO  com.cloudframe.app.process.Refmod1.mainlineSplit33 7148 - *1019* WSE-19B-S       = (ABCDABCDABCDABCDABCDABCDABCDABZYXWZYXWZYXWZYXWZYXWZYXWZYXWZY)
10:04:47.613 [main] INFO  com.cloudframe.app.process.Refmod1.mainlineSplit33 7150 - *1020*   WSE-19B-S-FLD1= (ABCDABCDABCDABCDABCDABCDABCDAB)
10:04:47.613 [main] INFO  com.cloudframe.app.process.Refmod1.mainlineSplit33 7152 - *1021*   WSE-19B-S-FLD2= (ZYXWZYXWZYXWZYXWZYXWZYXWZYXWZY)
10:04:47.613 [main] INFO  com.cloudframe.app.process.Refmod1.mainlineSplit33 7154 - *1022* WSE-19B-T-GRP-R = (*****    ABCDABCDABCDABCDABCDABCDABCDABZYXWZYXWZYXWZYXWZYXWZ)
10:04:47.614 [main] INFO  com.cloudframe.app.process.Refmod1.mainlineSplit33 7156 - *1023* WSE-19B-T-GRP   = (*****    ABCDABCDABCDABCDABCDABCDABCDABZYXWZYXWZYXWZYXWZYXWZYXWZN)
10:04:47.614 [main] INFO  com.cloudframe.app.process.Refmod1.mainlineSplit33 7158 - *1024* WSE-19B-T       = (    ABCDABCDABCDABCDABCDABCDABCDABZYXWZYXWZYXWZYXWZYXWZYXWZN)
10:04:47.614 [main] INFO  com.cloudframe.app.process.Refmod1.mainlineSplit33 7160 - *1025*   WSE-19B-T-FLD1= (    ABCDAB)
10:04:47.614 [main] INFO  com.cloudframe.app.process.Refmod1.mainlineSplit33 7163 - *1026*   WSE-19B-T-FLD2= (CDABCDABCDABCDABCDAB)
10:04:47.614 [main] INFO  com.cloudframe.app.process.Refmod1.mainlineSplit33 7166 - *1027*   WSE-19B-T-FLD3= (CDABZYXWZYXWZYXWZYXWZYXWZYXWZN)
10:04:47.615 [main] INFO  com.cloudframe.app.process.Refmod1.mainlineSplit33 7183 - *1028* WSE-20A-S       = (ABCDABCDABCDABCDABCDABCDABCDABCDABCDABCDABCDABCDABCDABCDABCD)
10:04:47.615 [main] INFO  com.cloudframe.app.process.Refmod1.mainlineSplit33 7185 - *1029* WSE-20A-T-GRP-R = (*****    ABCDABCDABCDABCDABCDABCDABCDABCDABCDABCDABCDABCDABC)
10:04:47.615 [main] INFO  com.cloudframe.app.process.Refmod1.mainlineSplit33 7187 - *1030* WSE-20A-T-GRP   = (*****    ABCDABCDABCDABCDABCDABCDABCDABCDABCDABCDABCDABCDABCDABC )
10:04:47.615 [main] INFO  com.cloudframe.app.process.Refmod1.mainlineSplit33 7189 - *1031* WSE-20A-T       = (    ABCDABCDABCDABCDABCDABCDABCDABCDABCDABCDABCDABCDABCDABC )
10:04:47.615 [main] INFO  com.cloudframe.app.process.Refmod1.mainlineSplit33 7191 - *1032*   WSE-20A-T-FLD1= (    ABCDABCDABCDABCDABCDABCDAB)
10:04:47.617 [main] INFO  com.cloudframe.app.process.Refmod1.mainlineSplit33 7194 - *1033*   WSE-20A-T-FLD2= (CDABCDABCDABCDABCDABCDABCDABC )
10:04:47.617 [main] INFO  com.cloudframe.app.process.Refmod1.mainlineSplit33 7214 - *1034* WSE-20B-S       = (ABCDABCDABCDABCDABCDABCDABCDABCDABCDABCDABCDABCDABCDABCDABCD)
10:04:47.617 [main] INFO  com.cloudframe.app.process.Refmod1.mainlineSplit33 7216 - *1035* WSE-20B-T-GRP-R = (*****    ABCDABCDABCDABCDABCDABCDABCDABCDABCDABCDABCDABCDABC)
10:04:47.618 [main] INFO  com.cloudframe.app.process.Refmod1.mainlineSplit33 7218 - *1036* WSE-20B-T-GRP   = (*****    ABCDABCDABCDABCDABCDABCDABCDABCDABCDABCDABCDABCDABCDABCN)
10:04:47.618 [main] INFO  com.cloudframe.app.process.Refmod1.mainlineSplit33 7220 - *1037* WSE-20B-T       = (    ABCDABCDABCDABCDABCDABCDABCDABCDABCDABCDABCDABCDABCDABCN)
10:04:47.618 [main] INFO  com.cloudframe.app.process.Refmod1.mainlineSplit33 7222 - *1038*   WSE-20B-T-FLD1= (    ABCDAB)
10:04:47.618 [main] INFO  com.cloudframe.app.process.Refmod1.mainlineSplit33 7225 - *1039*   WSE-20B-T-FLD2= (CDABCDABCDABCDABCDAB)
10:04:47.618 [main] INFO  com.cloudframe.app.process.Refmod1.mainlineSplit33 7228 - *1040*   WSE-20B-T-FLD3= (CDABCDABCDABCDABCDABCDABCDABCN)
10:04:47.619 [main] INFO  com.cloudframe.app.process.Refmod1.mainlineSplit33 7252 - *1041* WSE-20C-S-GRP   = (     ABCDABCDABMNOPMNOPMNOPMNOPMNOPVXYZVXYZVXYZVXYZVXYZVXYZVXYZVX)
10:04:47.619 [main] INFO  com.cloudframe.app.process.Refmod1.mainlineSplit33 7254 - *1042* WSE-20C-S       = (ABCDABCDABMNOPMNOPMNOPMNOPMNOPVXYZVXYZVXYZVXYZVXYZVXYZVXYZVX)
10:04:47.619 [main] INFO  com.cloudframe.app.process.Refmod1.mainlineSplit33 7256 - *1043*   WSE-20C-S-FLD1= (ABCDABCDAB)
10:04:47.619 [main] INFO  com.cloudframe.app.process.Refmod1.mainlineSplit33 7259 - *1044*   WSE-20C-S-FLD2= (MNOPMNOPMNOPMNOPMNOP)
10:04:47.619 [main] INFO  com.cloudframe.app.process.Refmod1.mainlineSplit33 7262 - *1045*   WSE-20C-S-FLD3= (VXYZVXYZVXYZVXYZVXYZVXYZVXYZVX)
10:04:47.619 [main] INFO  com.cloudframe.app.process.Refmod1.mainlineSplit34 7281 - *1046* WSE-20C-T-R     = (ABCDABCDABMNOPMNOPMNOPMNOPMNOPVXYZVXYZVXYZVXYZVXYZVXYZVXYZVX)
10:04:47.619 [main] INFO  com.cloudframe.app.process.Refmod1.mainlineSplit34 7283 - *1047* WSE-20C-T       = (ABCDABCDABMNOPMNOPMNOPMNOPMNOPVXYZVXYZVXYZVXYZVXYZVXYZVXYZVX)
