23:18:26.186 [main] INFO  o.s.boot.StartupInfoLogger.logStarting   50 - Starting CFApplication v0.0.1-SNAPSHOT using Java 17.0.14 with PID 1826868 (/home/jenkins/workspace/CFTestAutomation_Release/Testing/results/comput/comput1/COMPUT1/target/COMPUT1-0.0.1-SNAPSHOT.jar started by root in /home/jenkins/workspace/CFTestAutomation_Release/Testing/results/comput/comput1/COMPUT1)
23:18:26.193 [main] INFO  o.s.boot.SpringApplication.logStartupProfileInfo  654 - No active profile set, falling back to 1 default profile: "default"
23:18:28.150 [main] INFO  o.s.boot.StartupInfoLogger.logStarted   56 - Started CFApplication in 3.293 seconds (process running for 4.245)
23:18:28.175 [main] INFO  c.c.app.utility.CFConfiguration.cfDataConnectIOInfo  107 - CFDataConnectIO version : 5.0.0.21
23:18:28.290 [main] INFO  com.cloudframe.app.process.Comput1.process   76 - ___________________________________
23:18:28.292 [main] INFO  com.cloudframe.app.process.Comput1.process   78 - 1 . WS-OOSU-SHARED-ALLOW = 1123
23:18:28.294 [main] INFO  com.cloudframe.app.process.Comput1.process   90 - *KB* LK-RLU3A-TOT-DATA-PROMO-ALLOW = 1
23:18:28.295 [main] INFO  com.cloudframe.app.process.Comput1.process   92 - *KB* LK-RLU3A-ACCT-PLAN-DATA-ALLOW = 1
23:18:28.296 [main] INFO  com.cloudframe.app.process.Comput1.process  108 - *MB* LK-RLU3A-TOT-DATA-PROMO-ALLOW = 1
23:18:28.296 [main] INFO  com.cloudframe.app.process.Comput1.process  110 - *MB* LK-RLU3A-ACCT-PLAN-DATA-ALLOW = 1
23:18:28.297 [main] INFO  com.cloudframe.app.process.Comput1.process  124 - *GB* LK-RLU3A-TOT-DATA-PROMO-ALLOW = 1
23:18:28.297 [main] INFO  com.cloudframe.app.process.Comput1.process  126 - *GB* LK-RLU3A-ACCT-PLAN-DATA-ALLOW = 1
23:18:28.298 [main] INFO  com.cloudframe.app.process.Comput1.process   76 - ___________________________________
23:18:28.298 [main] INFO  com.cloudframe.app.process.Comput1.process   78 - 2 . WS-OOSU-SHARED-ALLOW = 3110
23:18:28.299 [main] INFO  com.cloudframe.app.process.Comput1.process   90 - *KB* LK-RLU3A-TOT-DATA-PROMO-ALLOW = 4
23:18:28.300 [main] INFO  com.cloudframe.app.process.Comput1.process   92 - *KB* LK-RLU3A-ACCT-PLAN-DATA-ALLOW = 4
23:18:28.301 [main] INFO  com.cloudframe.app.process.Comput1.process  108 - *MB* LK-RLU3A-TOT-DATA-PROMO-ALLOW = 4
23:18:28.301 [main] INFO  com.cloudframe.app.process.Comput1.process  110 - *MB* LK-RLU3A-ACCT-PLAN-DATA-ALLOW = 4
23:18:28.302 [main] INFO  com.cloudframe.app.process.Comput1.process  124 - *GB* LK-RLU3A-TOT-DATA-PROMO-ALLOW = 4
23:18:28.302 [main] INFO  com.cloudframe.app.process.Comput1.process  126 - *GB* LK-RLU3A-ACCT-PLAN-DATA-ALLOW = 4
23:18:28.305 [main] INFO  com.cloudframe.app.process.Comput1.process   76 - ___________________________________
23:18:28.306 [main] INFO  com.cloudframe.app.process.Comput1.process   78 - 3 . WS-OOSU-SHARED-ALLOW = 7084
23:18:28.308 [main] INFO  com.cloudframe.app.process.Comput1.process   90 - *KB* LK-RLU3A-TOT-DATA-PROMO-ALLOW = 10
23:18:28.309 [main] INFO  com.cloudframe.app.process.Comput1.process   92 - *KB* LK-RLU3A-ACCT-PLAN-DATA-ALLOW = 10
23:18:28.310 [main] INFO  com.cloudframe.app.process.Comput1.process  108 - *MB* LK-RLU3A-TOT-DATA-PROMO-ALLOW = 10
23:18:28.310 [main] INFO  com.cloudframe.app.process.Comput1.process  110 - *MB* LK-RLU3A-ACCT-PLAN-DATA-ALLOW = 10
23:18:28.311 [main] INFO  com.cloudframe.app.process.Comput1.process  124 - *GB* LK-RLU3A-TOT-DATA-PROMO-ALLOW = 10
23:18:28.312 [main] INFO  com.cloudframe.app.process.Comput1.process  126 - *GB* LK-RLU3A-ACCT-PLAN-DATA-ALLOW = 10
23:18:28.312 [main] INFO  com.cloudframe.app.process.Comput1.process   76 - ___________________________________
23:18:28.312 [main] INFO  com.cloudframe.app.process.Comput1.process   78 - 4 . WS-OOSU-SHARED-ALLOW = 13045
23:18:28.313 [main] INFO  com.cloudframe.app.process.Comput1.process   90 - *KB* LK-RLU3A-TOT-DATA-PROMO-ALLOW = 22
23:18:28.313 [main] INFO  com.cloudframe.app.process.Comput1.process   92 - *KB* LK-RLU3A-ACCT-PLAN-DATA-ALLOW = 22
23:18:28.314 [main] INFO  com.cloudframe.app.process.Comput1.process  108 - *MB* LK-RLU3A-TOT-DATA-PROMO-ALLOW = 22
23:18:28.314 [main] INFO  com.cloudframe.app.process.Comput1.process  110 - *MB* LK-RLU3A-ACCT-PLAN-DATA-ALLOW = 22
23:18:28.314 [main] INFO  com.cloudframe.app.process.Comput1.process  124 - *GB* LK-RLU3A-TOT-DATA-PROMO-ALLOW = 22
23:18:28.314 [main] INFO  com.cloudframe.app.process.Comput1.process  126 - *GB* LK-RLU3A-ACCT-PLAN-DATA-ALLOW = 22
23:18:28.315 [main] INFO  com.cloudframe.app.process.Comput1.process   76 - ___________________________________
23:18:28.315 [main] INFO  com.cloudframe.app.process.Comput1.process   78 - 5 . WS-OOSU-SHARED-ALLOW = 20993
23:18:28.315 [main] INFO  com.cloudframe.app.process.Comput1.process   90 - *KB* LK-RLU3A-TOT-DATA-PROMO-ALLOW = 42
23:18:28.315 [main] INFO  com.cloudframe.app.process.Comput1.process   92 - *KB* LK-RLU3A-ACCT-PLAN-DATA-ALLOW = 42
23:18:28.316 [main] INFO  com.cloudframe.app.process.Comput1.process  108 - *MB* LK-RLU3A-TOT-DATA-PROMO-ALLOW = 42
23:18:28.316 [main] INFO  com.cloudframe.app.process.Comput1.process  110 - *MB* LK-RLU3A-ACCT-PLAN-DATA-ALLOW = 42
23:18:28.316 [main] INFO  com.cloudframe.app.process.Comput1.process  124 - *GB* LK-RLU3A-TOT-DATA-PROMO-ALLOW = 42
23:18:28.317 [main] INFO  com.cloudframe.app.process.Comput1.process  126 - *GB* LK-RLU3A-ACCT-PLAN-DATA-ALLOW = 42
23:18:28.317 [main] INFO  com.cloudframe.app.process.Comput1.process   76 - ___________________________________
23:18:28.318 [main] INFO  com.cloudframe.app.process.Comput1.process   78 - 6 . WS-OOSU-SHARED-ALLOW = 30928
23:18:28.318 [main] INFO  com.cloudframe.app.process.Comput1.process   90 - *KB* LK-RLU3A-TOT-DATA-PROMO-ALLOW = 72
23:18:28.318 [main] INFO  com.cloudframe.app.process.Comput1.process   92 - *KB* LK-RLU3A-ACCT-PLAN-DATA-ALLOW = 72
23:18:28.319 [main] INFO  com.cloudframe.app.process.Comput1.process  108 - *MB* LK-RLU3A-TOT-DATA-PROMO-ALLOW = 72
23:18:28.319 [main] INFO  com.cloudframe.app.process.Comput1.process  110 - *MB* LK-RLU3A-ACCT-PLAN-DATA-ALLOW = 72
23:18:28.319 [main] INFO  com.cloudframe.app.process.Comput1.process  124 - *GB* LK-RLU3A-TOT-DATA-PROMO-ALLOW = 72
23:18:28.320 [main] INFO  com.cloudframe.app.process.Comput1.process  126 - *GB* LK-RLU3A-ACCT-PLAN-DATA-ALLOW = 72
23:18:28.320 [main] INFO  com.cloudframe.app.process.Comput1.process   76 - ___________________________________
23:18:28.320 [main] INFO  com.cloudframe.app.process.Comput1.process   78 - 7 . WS-OOSU-SHARED-ALLOW = 42850
23:18:28.320 [main] INFO  com.cloudframe.app.process.Comput1.process   90 - *KB* LK-RLU3A-TOT-DATA-PROMO-ALLOW = 113
23:18:28.321 [main] INFO  com.cloudframe.app.process.Comput1.process   92 - *KB* LK-RLU3A-ACCT-PLAN-DATA-ALLOW = 113
23:18:28.321 [main] INFO  com.cloudframe.app.process.Comput1.process  108 - *MB* LK-RLU3A-TOT-DATA-PROMO-ALLOW = 113
23:18:28.321 [main] INFO  com.cloudframe.app.process.Comput1.process  110 - *MB* LK-RLU3A-ACCT-PLAN-DATA-ALLOW = 113
23:18:28.322 [main] INFO  com.cloudframe.app.process.Comput1.process  124 - *GB* LK-RLU3A-TOT-DATA-PROMO-ALLOW = 113
23:18:28.322 [main] INFO  com.cloudframe.app.process.Comput1.process  126 - *GB* LK-RLU3A-ACCT-PLAN-DATA-ALLOW = 113
23:18:28.322 [main] INFO  com.cloudframe.app.process.Comput1.process   76 - ___________________________________
23:18:28.323 [main] INFO  com.cloudframe.app.process.Comput1.process   78 - 8 . WS-OOSU-SHARED-ALLOW = 56759
23:18:28.323 [main] INFO  com.cloudframe.app.process.Comput1.process   90 - *KB* LK-RLU3A-TOT-DATA-PROMO-ALLOW = 168
23:18:28.324 [main] INFO  com.cloudframe.app.process.Comput1.process   92 - *KB* LK-RLU3A-ACCT-PLAN-DATA-ALLOW = 168
23:18:28.325 [main] INFO  com.cloudframe.app.process.Comput1.process  108 - *MB* LK-RLU3A-TOT-DATA-PROMO-ALLOW = 168
23:18:28.325 [main] INFO  com.cloudframe.app.process.Comput1.process  110 - *MB* LK-RLU3A-ACCT-PLAN-DATA-ALLOW = 168
23:18:28.326 [main] INFO  com.cloudframe.app.process.Comput1.process  124 - *GB* LK-RLU3A-TOT-DATA-PROMO-ALLOW = 168
23:18:28.326 [main] INFO  com.cloudframe.app.process.Comput1.process  126 - *GB* LK-RLU3A-ACCT-PLAN-DATA-ALLOW = 168
23:18:28.326 [main] INFO  com.cloudframe.app.process.Comput1.process   76 - ___________________________________
23:18:28.327 [main] INFO  com.cloudframe.app.process.Comput1.process   78 - 9 . WS-OOSU-SHARED-ALLOW = 72655
23:18:28.327 [main] INFO  com.cloudframe.app.process.Comput1.process   90 - *KB* LK-RLU3A-TOT-DATA-PROMO-ALLOW = 238
23:18:28.327 [main] INFO  com.cloudframe.app.process.Comput1.process   92 - *KB* LK-RLU3A-ACCT-PLAN-DATA-ALLOW = 238
23:18:28.327 [main] INFO  com.cloudframe.app.process.Comput1.process  108 - *MB* LK-RLU3A-TOT-DATA-PROMO-ALLOW = 238
23:18:28.328 [main] INFO  com.cloudframe.app.process.Comput1.process  110 - *MB* LK-RLU3A-ACCT-PLAN-DATA-ALLOW = 238
23:18:28.328 [main] INFO  com.cloudframe.app.process.Comput1.process  124 - *GB* LK-RLU3A-TOT-DATA-PROMO-ALLOW = 238
23:18:28.328 [main] INFO  com.cloudframe.app.process.Comput1.process  126 - *GB* LK-RLU3A-ACCT-PLAN-DATA-ALLOW = 238
23:18:28.328 [main] INFO  com.cloudframe.app.process.Comput1.process   76 - ___________________________________
23:18:28.329 [main] INFO  com.cloudframe.app.process.Comput1.process   78 - 10 . WS-OOSU-SHARED-ALLOW = 90538
23:18:28.331 [main] INFO  com.cloudframe.app.process.Comput1.process   90 - *KB* LK-RLU3A-TOT-DATA-PROMO-ALLOW = 326
23:18:28.331 [main] INFO  com.cloudframe.app.process.Comput1.process   92 - *KB* LK-RLU3A-ACCT-PLAN-DATA-ALLOW = 326
23:18:28.331 [main] INFO  com.cloudframe.app.process.Comput1.process  108 - *MB* LK-RLU3A-TOT-DATA-PROMO-ALLOW = 326
23:18:28.332 [main] INFO  com.cloudframe.app.process.Comput1.process  110 - *MB* LK-RLU3A-ACCT-PLAN-DATA-ALLOW = 326
23:18:28.332 [main] INFO  com.cloudframe.app.process.Comput1.process  124 - *GB* LK-RLU3A-TOT-DATA-PROMO-ALLOW = 326
23:18:28.332 [main] INFO  com.cloudframe.app.process.Comput1.process  126 - *GB* LK-RLU3A-ACCT-PLAN-DATA-ALLOW = 326
23:18:28.333 [main] INFO  com.cloudframe.app.process.Comput1.process   76 - ___________________________________
23:18:28.333 [main] INFO  com.cloudframe.app.process.Comput1.process   78 - 11 . WS-OOSU-SHARED-ALLOW = 110408
23:18:28.334 [main] INFO  com.cloudframe.app.process.Comput1.process   90 - *KB* LK-RLU3A-TOT-DATA-PROMO-ALLOW = 433
23:18:28.334 [main] INFO  com.cloudframe.app.process.Comput1.process   92 - *KB* LK-RLU3A-ACCT-PLAN-DATA-ALLOW = 433
23:18:28.335 [main] INFO  com.cloudframe.app.process.Comput1.process  108 - *MB* LK-RLU3A-TOT-DATA-PROMO-ALLOW = 433
23:18:28.335 [main] INFO  com.cloudframe.app.process.Comput1.process  110 - *MB* LK-RLU3A-ACCT-PLAN-DATA-ALLOW = 433
23:18:28.335 [main] INFO  com.cloudframe.app.process.Comput1.process  124 - *GB* LK-RLU3A-TOT-DATA-PROMO-ALLOW = 433
23:18:28.335 [main] INFO  com.cloudframe.app.process.Comput1.process  126 - *GB* LK-RLU3A-ACCT-PLAN-DATA-ALLOW = 433
23:18:28.336 [main] INFO  com.cloudframe.app.process.Comput1.process   76 - ___________________________________
23:18:28.336 [main] INFO  com.cloudframe.app.process.Comput1.process   78 - 12 . WS-OOSU-SHARED-ALLOW = 132265
23:18:28.336 [main] INFO  com.cloudframe.app.process.Comput1.process   90 - *KB* LK-RLU3A-TOT-DATA-PROMO-ALLOW = 562
23:18:28.337 [main] INFO  com.cloudframe.app.process.Comput1.process   92 - *KB* LK-RLU3A-ACCT-PLAN-DATA-ALLOW = 562
23:18:28.337 [main] INFO  com.cloudframe.app.process.Comput1.process  108 - *MB* LK-RLU3A-TOT-DATA-PROMO-ALLOW = 562
23:18:28.337 [main] INFO  com.cloudframe.app.process.Comput1.process  110 - *MB* LK-RLU3A-ACCT-PLAN-DATA-ALLOW = 562
23:18:28.337 [main] INFO  com.cloudframe.app.process.Comput1.process  124 - *GB* LK-RLU3A-TOT-DATA-PROMO-ALLOW = 562
23:18:28.338 [main] INFO  com.cloudframe.app.process.Comput1.process  126 - *GB* LK-RLU3A-ACCT-PLAN-DATA-ALLOW = 562
23:18:28.338 [main] INFO  com.cloudframe.app.process.Comput1.process   76 - ___________________________________
23:18:28.338 [main] INFO  com.cloudframe.app.process.Comput1.process   78 - 13 . WS-OOSU-SHARED-ALLOW = 156109
23:18:28.338 [main] INFO  com.cloudframe.app.process.Comput1.process   90 - *KB* LK-RLU3A-TOT-DATA-PROMO-ALLOW = 714
23:18:28.338 [main] INFO  com.cloudframe.app.process.Comput1.process   92 - *KB* LK-RLU3A-ACCT-PLAN-DATA-ALLOW = 714
23:18:28.339 [main] INFO  com.cloudframe.app.process.Comput1.process  108 - *MB* LK-RLU3A-TOT-DATA-PROMO-ALLOW = 714
23:18:28.339 [main] INFO  com.cloudframe.app.process.Comput1.process  110 - *MB* LK-RLU3A-ACCT-PLAN-DATA-ALLOW = 714
23:18:28.339 [main] INFO  com.cloudframe.app.process.Comput1.process  124 - *GB* LK-RLU3A-TOT-DATA-PROMO-ALLOW = 714
23:18:28.340 [main] INFO  com.cloudframe.app.process.Comput1.process  126 - *GB* LK-RLU3A-ACCT-PLAN-DATA-ALLOW = 714
23:18:28.340 [main] INFO  com.cloudframe.app.process.Comput1.process   76 - ___________________________________
23:18:28.340 [main] INFO  com.cloudframe.app.process.Comput1.process   78 - 14 . WS-OOSU-SHARED-ALLOW = 181940
23:18:28.340 [main] INFO  com.cloudframe.app.process.Comput1.process   90 - *KB* LK-RLU3A-TOT-DATA-PROMO-ALLOW = 891
23:18:28.341 [main] INFO  com.cloudframe.app.process.Comput1.process   92 - *KB* LK-RLU3A-ACCT-PLAN-DATA-ALLOW = 891
23:18:28.341 [main] INFO  com.cloudframe.app.process.Comput1.process  108 - *MB* LK-RLU3A-TOT-DATA-PROMO-ALLOW = 891
23:18:28.341 [main] INFO  com.cloudframe.app.process.Comput1.process  110 - *MB* LK-RLU3A-ACCT-PLAN-DATA-ALLOW = 891
23:18:28.342 [main] INFO  com.cloudframe.app.process.Comput1.process  124 - *GB* LK-RLU3A-TOT-DATA-PROMO-ALLOW = 891
23:18:28.342 [main] INFO  com.cloudframe.app.process.Comput1.process  126 - *GB* LK-RLU3A-ACCT-PLAN-DATA-ALLOW = 891
23:18:28.343 [main] INFO  com.cloudframe.app.process.Comput1.process   76 - ___________________________________
23:18:28.343 [main] INFO  com.cloudframe.app.process.Comput1.process   78 - 15 . WS-OOSU-SHARED-ALLOW = 209758
23:18:28.343 [main] INFO  com.cloudframe.app.process.Comput1.process   90 - *KB* LK-RLU3A-TOT-DATA-PROMO-ALLOW = 1095
23:18:28.344 [main] INFO  com.cloudframe.app.process.Comput1.process   92 - *KB* LK-RLU3A-ACCT-PLAN-DATA-ALLOW = 1095
23:18:28.344 [main] INFO  com.cloudframe.app.process.Comput1.process  108 - *MB* LK-RLU3A-TOT-DATA-PROMO-ALLOW = 1095
23:18:28.344 [main] INFO  com.cloudframe.app.process.Comput1.process  110 - *MB* LK-RLU3A-ACCT-PLAN-DATA-ALLOW = 1095
23:18:28.345 [main] INFO  com.cloudframe.app.process.Comput1.process  124 - *GB* LK-RLU3A-TOT-DATA-PROMO-ALLOW = 1095
23:18:28.345 [main] INFO  com.cloudframe.app.process.Comput1.process  126 - *GB* LK-RLU3A-ACCT-PLAN-DATA-ALLOW = 1095
23:18:28.346 [main] INFO  com.cloudframe.app.process.Comput1.process   76 - ___________________________________
23:18:28.346 [main] INFO  com.cloudframe.app.process.Comput1.process   78 - 16 . WS-OOSU-SHARED-ALLOW = 239563
23:18:28.346 [main] INFO  com.cloudframe.app.process.Comput1.process   90 - *KB* LK-RLU3A-TOT-DATA-PROMO-ALLOW = 1328
23:18:28.348 [main] INFO  com.cloudframe.app.process.Comput1.process   92 - *KB* LK-RLU3A-ACCT-PLAN-DATA-ALLOW = 1328
23:18:28.350 [main] INFO  com.cloudframe.app.process.Comput1.process  108 - *MB* LK-RLU3A-TOT-DATA-PROMO-ALLOW = 1328
23:18:28.350 [main] INFO  com.cloudframe.app.process.Comput1.process  110 - *MB* LK-RLU3A-ACCT-PLAN-DATA-ALLOW = 1328
23:18:28.350 [main] INFO  com.cloudframe.app.process.Comput1.process  124 - *GB* LK-RLU3A-TOT-DATA-PROMO-ALLOW = 1328
23:18:28.351 [main] INFO  com.cloudframe.app.process.Comput1.process  126 - *GB* LK-RLU3A-ACCT-PLAN-DATA-ALLOW = 1328
23:18:28.351 [main] INFO  com.cloudframe.app.process.Comput1.process   76 - ___________________________________
23:18:28.352 [main] INFO  com.cloudframe.app.process.Comput1.process   78 - 17 . WS-OOSU-SHARED-ALLOW = 271355
23:18:28.353 [main] INFO  com.cloudframe.app.process.Comput1.process   90 - *KB* LK-RLU3A-TOT-DATA-PROMO-ALLOW = 1592
23:18:28.353 [main] INFO  com.cloudframe.app.process.Comput1.process   92 - *KB* LK-RLU3A-ACCT-PLAN-DATA-ALLOW = 1592
23:18:28.353 [main] INFO  com.cloudframe.app.process.Comput1.process  108 - *MB* LK-RLU3A-TOT-DATA-PROMO-ALLOW = 1592
23:18:28.354 [main] INFO  com.cloudframe.app.process.Comput1.process  110 - *MB* LK-RLU3A-ACCT-PLAN-DATA-ALLOW = 1592
23:18:28.354 [main] INFO  com.cloudframe.app.process.Comput1.process  124 - *GB* LK-RLU3A-TOT-DATA-PROMO-ALLOW = 1592
23:18:28.354 [main] INFO  com.cloudframe.app.process.Comput1.process  126 - *GB* LK-RLU3A-ACCT-PLAN-DATA-ALLOW = 1592
23:18:28.354 [main] INFO  com.cloudframe.app.process.Comput1.process   76 - ___________________________________
23:18:28.355 [main] INFO  com.cloudframe.app.process.Comput1.process   78 - 18 . WS-OOSU-SHARED-ALLOW = 305134
23:18:28.355 [main] INFO  com.cloudframe.app.process.Comput1.process   90 - *KB* LK-RLU3A-TOT-DATA-PROMO-ALLOW = 1889
23:18:28.355 [main] INFO  com.cloudframe.app.process.Comput1.process   92 - *KB* LK-RLU3A-ACCT-PLAN-DATA-ALLOW = 1889
23:18:28.355 [main] INFO  com.cloudframe.app.process.Comput1.process  108 - *MB* LK-RLU3A-TOT-DATA-PROMO-ALLOW = 1889
23:18:28.356 [main] INFO  com.cloudframe.app.process.Comput1.process  110 - *MB* LK-RLU3A-ACCT-PLAN-DATA-ALLOW = 1889
23:18:28.356 [main] INFO  com.cloudframe.app.process.Comput1.process  124 - *GB* LK-RLU3A-TOT-DATA-PROMO-ALLOW = 1889
23:18:28.356 [main] INFO  com.cloudframe.app.process.Comput1.process  126 - *GB* LK-RLU3A-ACCT-PLAN-DATA-ALLOW = 1889
23:18:28.356 [main] INFO  com.cloudframe.app.process.Comput1.process   76 - ___________________________________
23:18:28.356 [main] INFO  com.cloudframe.app.process.Comput1.process   78 - 19 . WS-OOSU-SHARED-ALLOW = 340900
23:18:28.357 [main] INFO  com.cloudframe.app.process.Comput1.process   90 - *KB* LK-RLU3A-TOT-DATA-PROMO-ALLOW = 2221
23:18:28.360 [main] INFO  com.cloudframe.app.process.Comput1.process   92 - *KB* LK-RLU3A-ACCT-PLAN-DATA-ALLOW = 2221
23:18:28.361 [main] INFO  com.cloudframe.app.process.Comput1.process  108 - *MB* LK-RLU3A-TOT-DATA-PROMO-ALLOW = 2221
23:18:28.361 [main] INFO  com.cloudframe.app.process.Comput1.process  110 - *MB* LK-RLU3A-ACCT-PLAN-DATA-ALLOW = 2221
23:18:28.361 [main] INFO  com.cloudframe.app.process.Comput1.process  124 - *GB* LK-RLU3A-TOT-DATA-PROMO-ALLOW = 2221
23:18:28.362 [main] INFO  com.cloudframe.app.process.Comput1.process  126 - *GB* LK-RLU3A-ACCT-PLAN-DATA-ALLOW = 2221
23:18:28.362 [main] INFO  com.cloudframe.app.process.Comput1.process   76 - ___________________________________
23:18:28.362 [main] INFO  com.cloudframe.app.process.Comput1.process   78 - 20 . WS-OOSU-SHARED-ALLOW = 378653
23:18:28.362 [main] INFO  com.cloudframe.app.process.Comput1.process   90 - *KB* LK-RLU3A-TOT-DATA-PROMO-ALLOW = 2590
23:18:28.362 [main] INFO  com.cloudframe.app.process.Comput1.process   92 - *KB* LK-RLU3A-ACCT-PLAN-DATA-ALLOW = 2590
23:18:28.363 [main] INFO  com.cloudframe.app.process.Comput1.process  108 - *MB* LK-RLU3A-TOT-DATA-PROMO-ALLOW = 2590
23:18:28.363 [main] INFO  com.cloudframe.app.process.Comput1.process  110 - *MB* LK-RLU3A-ACCT-PLAN-DATA-ALLOW = 2590
23:18:28.363 [main] INFO  com.cloudframe.app.process.Comput1.process  124 - *GB* LK-RLU3A-TOT-DATA-PROMO-ALLOW = 2590
23:18:28.364 [main] INFO  com.cloudframe.app.process.Comput1.process  126 - *GB* LK-RLU3A-ACCT-PLAN-DATA-ALLOW = 2590
23:18:28.364 [main] INFO  com.cloudframe.app.process.Comput1.process   76 - ___________________________________
23:18:28.364 [main] INFO  com.cloudframe.app.process.Comput1.process   78 - 21 . WS-OOSU-SHARED-ALLOW = 418393
23:18:28.365 [main] INFO  com.cloudframe.app.process.Comput1.process   90 - *KB* LK-RLU3A-TOT-DATA-PROMO-ALLOW = 2998
23:18:28.365 [main] INFO  com.cloudframe.app.process.Comput1.process   92 - *KB* LK-RLU3A-ACCT-PLAN-DATA-ALLOW = 2998
23:18:28.365 [main] INFO  com.cloudframe.app.process.Comput1.process  108 - *MB* LK-RLU3A-TOT-DATA-PROMO-ALLOW = 2998
23:18:28.365 [main] INFO  com.cloudframe.app.process.Comput1.process  110 - *MB* LK-RLU3A-ACCT-PLAN-DATA-ALLOW = 2998
23:18:28.366 [main] INFO  com.cloudframe.app.process.Comput1.process  124 - *GB* LK-RLU3A-TOT-DATA-PROMO-ALLOW = 2998
23:18:28.366 [main] INFO  com.cloudframe.app.process.Comput1.process  126 - *GB* LK-RLU3A-ACCT-PLAN-DATA-ALLOW = 2998
23:18:28.366 [main] INFO  com.cloudframe.app.process.Comput1.process   76 - ___________________________________
23:18:28.366 [main] INFO  com.cloudframe.app.process.Comput1.process   78 - 22 . WS-OOSU-SHARED-ALLOW = 460120
23:18:28.367 [main] INFO  com.cloudframe.app.process.Comput1.process   90 - *KB* LK-RLU3A-TOT-DATA-PROMO-ALLOW = 3447
23:18:28.367 [main] INFO  com.cloudframe.app.process.Comput1.process   92 - *KB* LK-RLU3A-ACCT-PLAN-DATA-ALLOW = 3447
23:18:28.367 [main] INFO  com.cloudframe.app.process.Comput1.process  108 - *MB* LK-RLU3A-TOT-DATA-PROMO-ALLOW = 3447
23:18:28.367 [main] INFO  com.cloudframe.app.process.Comput1.process  110 - *MB* LK-RLU3A-ACCT-PLAN-DATA-ALLOW = 3447
23:18:28.368 [main] INFO  com.cloudframe.app.process.Comput1.process  124 - *GB* LK-RLU3A-TOT-DATA-PROMO-ALLOW = 3447
23:18:28.368 [main] INFO  com.cloudframe.app.process.Comput1.process  126 - *GB* LK-RLU3A-ACCT-PLAN-DATA-ALLOW = 3447
23:18:28.368 [main] INFO  com.cloudframe.app.process.Comput1.process   76 - ___________________________________
23:18:28.368 [main] INFO  com.cloudframe.app.process.Comput1.process   78 - 23 . WS-OOSU-SHARED-ALLOW = 503834
23:18:28.369 [main] INFO  com.cloudframe.app.process.Comput1.process   90 - *KB* LK-RLU3A-TOT-DATA-PROMO-ALLOW = 3939
23:18:28.369 [main] INFO  com.cloudframe.app.process.Comput1.process   92 - *KB* LK-RLU3A-ACCT-PLAN-DATA-ALLOW = 3939
23:18:28.369 [main] INFO  com.cloudframe.app.process.Comput1.process  108 - *MB* LK-RLU3A-TOT-DATA-PROMO-ALLOW = 3939
23:18:28.369 [main] INFO  com.cloudframe.app.process.Comput1.process  110 - *MB* LK-RLU3A-ACCT-PLAN-DATA-ALLOW = 3939
23:18:28.370 [main] INFO  com.cloudframe.app.process.Comput1.process  124 - *GB* LK-RLU3A-TOT-DATA-PROMO-ALLOW = 3939
23:18:28.370 [main] INFO  com.cloudframe.app.process.Comput1.process  126 - *GB* LK-RLU3A-ACCT-PLAN-DATA-ALLOW = 3939
23:18:28.370 [main] INFO  com.cloudframe.app.process.Comput1.process   76 - ___________________________________
23:18:28.370 [main] INFO  com.cloudframe.app.process.Comput1.process   78 - 24 . WS-OOSU-SHARED-ALLOW = 549535
23:18:28.371 [main] INFO  com.cloudframe.app.process.Comput1.process   90 - *KB* LK-RLU3A-TOT-DATA-PROMO-ALLOW = 4475
23:18:28.371 [main] INFO  com.cloudframe.app.process.Comput1.process   92 - *KB* LK-RLU3A-ACCT-PLAN-DATA-ALLOW = 4475
23:18:28.375 [main] INFO  com.cloudframe.app.process.Comput1.process  108 - *MB* LK-RLU3A-TOT-DATA-PROMO-ALLOW = 4475
23:18:28.375 [main] INFO  com.cloudframe.app.process.Comput1.process  110 - *MB* LK-RLU3A-ACCT-PLAN-DATA-ALLOW = 4475
23:18:28.376 [main] INFO  com.cloudframe.app.process.Comput1.process  124 - *GB* LK-RLU3A-TOT-DATA-PROMO-ALLOW = 4475
23:18:28.376 [main] INFO  com.cloudframe.app.process.Comput1.process  126 - *GB* LK-RLU3A-ACCT-PLAN-DATA-ALLOW = 4475
23:18:28.376 [main] INFO  com.cloudframe.app.process.Comput1.process   76 - ___________________________________
23:18:28.376 [main] INFO  com.cloudframe.app.process.Comput1.process   78 - 25 . WS-OOSU-SHARED-ALLOW = 597223
23:18:28.377 [main] INFO  com.cloudframe.app.process.Comput1.process   90 - *KB* LK-RLU3A-TOT-DATA-PROMO-ALLOW = 5058
23:18:28.377 [main] INFO  com.cloudframe.app.process.Comput1.process   92 - *KB* LK-RLU3A-ACCT-PLAN-DATA-ALLOW = 5058
23:18:28.377 [main] INFO  com.cloudframe.app.process.Comput1.process  108 - *MB* LK-RLU3A-TOT-DATA-PROMO-ALLOW = 5058
23:18:28.377 [main] INFO  com.cloudframe.app.process.Comput1.process  110 - *MB* LK-RLU3A-ACCT-PLAN-DATA-ALLOW = 5058
23:18:28.378 [main] INFO  com.cloudframe.app.process.Comput1.process  124 - *GB* LK-RLU3A-TOT-DATA-PROMO-ALLOW = 5058
23:18:28.378 [main] INFO  com.cloudframe.app.process.Comput1.process  126 - *GB* LK-RLU3A-ACCT-PLAN-DATA-ALLOW = 5058
23:18:28.378 [main] INFO  com.cloudframe.app.process.Comput1.process   76 - ___________________________________
23:18:28.378 [main] INFO  com.cloudframe.app.process.Comput1.process   78 - 26 . WS-OOSU-SHARED-ALLOW = 646898
23:18:28.379 [main] INFO  com.cloudframe.app.process.Comput1.process   90 - *KB* LK-RLU3A-TOT-DATA-PROMO-ALLOW = 5689
23:18:28.379 [main] INFO  com.cloudframe.app.process.Comput1.process   92 - *KB* LK-RLU3A-ACCT-PLAN-DATA-ALLOW = 5689
23:18:28.380 [main] INFO  com.cloudframe.app.process.Comput1.process  108 - *MB* LK-RLU3A-TOT-DATA-PROMO-ALLOW = 5689
23:18:28.380 [main] INFO  com.cloudframe.app.process.Comput1.process  110 - *MB* LK-RLU3A-ACCT-PLAN-DATA-ALLOW = 5689
23:18:28.380 [main] INFO  com.cloudframe.app.process.Comput1.process  124 - *GB* LK-RLU3A-TOT-DATA-PROMO-ALLOW = 5689
23:18:28.381 [main] INFO  com.cloudframe.app.process.Comput1.process  126 - *GB* LK-RLU3A-ACCT-PLAN-DATA-ALLOW = 5689
23:18:28.381 [main] INFO  com.cloudframe.app.process.Comput1.process   76 - ___________________________________
23:18:28.381 [main] INFO  com.cloudframe.app.process.Comput1.process   78 - 27 . WS-OOSU-SHARED-ALLOW = 698560
23:18:28.381 [main] INFO  com.cloudframe.app.process.Comput1.process   90 - *KB* LK-RLU3A-TOT-DATA-PROMO-ALLOW = 6371
23:18:28.382 [main] INFO  com.cloudframe.app.process.Comput1.process   92 - *KB* LK-RLU3A-ACCT-PLAN-DATA-ALLOW = 6371
23:18:28.382 [main] INFO  com.cloudframe.app.process.Comput1.process  108 - *MB* LK-RLU3A-TOT-DATA-PROMO-ALLOW = 6371
23:18:28.382 [main] INFO  com.cloudframe.app.process.Comput1.process  110 - *MB* LK-RLU3A-ACCT-PLAN-DATA-ALLOW = 6371
23:18:28.382 [main] INFO  com.cloudframe.app.process.Comput1.process  124 - *GB* LK-RLU3A-TOT-DATA-PROMO-ALLOW = 6371
23:18:28.383 [main] INFO  com.cloudframe.app.process.Comput1.process  126 - *GB* LK-RLU3A-ACCT-PLAN-DATA-ALLOW = 6371
23:18:28.383 [main] INFO  com.cloudframe.app.process.Comput1.process   76 - ___________________________________
23:18:28.383 [main] INFO  com.cloudframe.app.process.Comput1.process   78 - 28 . WS-OOSU-SHARED-ALLOW = 752209
23:18:28.383 [main] INFO  com.cloudframe.app.process.Comput1.process   90 - *KB* LK-RLU3A-TOT-DATA-PROMO-ALLOW = 7105
23:18:28.383 [main] INFO  com.cloudframe.app.process.Comput1.process   92 - *KB* LK-RLU3A-ACCT-PLAN-DATA-ALLOW = 7105
23:18:28.384 [main] INFO  com.cloudframe.app.process.Comput1.process  108 - *MB* LK-RLU3A-TOT-DATA-PROMO-ALLOW = 7105
23:18:28.384 [main] INFO  com.cloudframe.app.process.Comput1.process  110 - *MB* LK-RLU3A-ACCT-PLAN-DATA-ALLOW = 7105
23:18:28.384 [main] INFO  com.cloudframe.app.process.Comput1.process  124 - *GB* LK-RLU3A-TOT-DATA-PROMO-ALLOW = 7105
23:18:28.385 [main] INFO  com.cloudframe.app.process.Comput1.process  126 - *GB* LK-RLU3A-ACCT-PLAN-DATA-ALLOW = 7105
23:18:28.385 [main] INFO  com.cloudframe.app.process.Comput1.process   76 - ___________________________________
23:18:28.385 [main] INFO  com.cloudframe.app.process.Comput1.process   78 - 29 . WS-OOSU-SHARED-ALLOW = 807845
23:18:28.385 [main] INFO  com.cloudframe.app.process.Comput1.process   90 - *KB* LK-RLU3A-TOT-DATA-PROMO-ALLOW = 7893
23:18:28.386 [main] INFO  com.cloudframe.app.process.Comput1.process   92 - *KB* LK-RLU3A-ACCT-PLAN-DATA-ALLOW = 7893
23:18:28.386 [main] INFO  com.cloudframe.app.process.Comput1.process  108 - *MB* LK-RLU3A-TOT-DATA-PROMO-ALLOW = 7893
23:18:28.386 [main] INFO  com.cloudframe.app.process.Comput1.process  110 - *MB* LK-RLU3A-ACCT-PLAN-DATA-ALLOW = 7893
23:18:28.386 [main] INFO  com.cloudframe.app.process.Comput1.process  124 - *GB* LK-RLU3A-TOT-DATA-PROMO-ALLOW = 7893
23:18:28.387 [main] INFO  com.cloudframe.app.process.Comput1.process  126 - *GB* LK-RLU3A-ACCT-PLAN-DATA-ALLOW = 7893
23:18:28.387 [main] INFO  com.cloudframe.app.process.Comput1.process   76 - ___________________________________
23:18:28.387 [main] INFO  com.cloudframe.app.process.Comput1.process   78 - 30 . WS-OOSU-SHARED-ALLOW = 865468
23:18:28.387 [main] INFO  com.cloudframe.app.process.Comput1.process   90 - *KB* LK-RLU3A-TOT-DATA-PROMO-ALLOW = 8738
23:18:28.387 [main] INFO  com.cloudframe.app.process.Comput1.process   92 - *KB* LK-RLU3A-ACCT-PLAN-DATA-ALLOW = 8738
23:18:28.388 [main] INFO  com.cloudframe.app.process.Comput1.process  108 - *MB* LK-RLU3A-TOT-DATA-PROMO-ALLOW = 8738
23:18:28.388 [main] INFO  com.cloudframe.app.process.Comput1.process  110 - *MB* LK-RLU3A-ACCT-PLAN-DATA-ALLOW = 8738
23:18:28.388 [main] INFO  com.cloudframe.app.process.Comput1.process  124 - *GB* LK-RLU3A-TOT-DATA-PROMO-ALLOW = 8738
23:18:28.388 [main] INFO  com.cloudframe.app.process.Comput1.process  126 - *GB* LK-RLU3A-ACCT-PLAN-DATA-ALLOW = 8738
23:18:28.389 [main] INFO  com.cloudframe.app.process.Comput1.process   76 - ___________________________________
23:18:28.389 [main] INFO  com.cloudframe.app.process.Comput1.process   78 - 31 . WS-OOSU-SHARED-ALLOW = 925078
23:18:28.389 [main] INFO  com.cloudframe.app.process.Comput1.process   90 - *KB* LK-RLU3A-TOT-DATA-PROMO-ALLOW = 9641
23:18:28.389 [main] INFO  com.cloudframe.app.process.Comput1.process   92 - *KB* LK-RLU3A-ACCT-PLAN-DATA-ALLOW = 9641
23:18:28.390 [main] INFO  com.cloudframe.app.process.Comput1.process  108 - *MB* LK-RLU3A-TOT-DATA-PROMO-ALLOW = 9641
23:18:28.390 [main] INFO  com.cloudframe.app.process.Comput1.process  110 - *MB* LK-RLU3A-ACCT-PLAN-DATA-ALLOW = 9641
23:18:28.390 [main] INFO  com.cloudframe.app.process.Comput1.process  124 - *GB* LK-RLU3A-TOT-DATA-PROMO-ALLOW = 9641
23:18:28.390 [main] INFO  com.cloudframe.app.process.Comput1.process  126 - *GB* LK-RLU3A-ACCT-PLAN-DATA-ALLOW = 9641
23:18:28.391 [main] INFO  com.cloudframe.app.process.Comput1.process   76 - ___________________________________
23:18:28.391 [main] INFO  com.cloudframe.app.process.Comput1.process   78 - 32 . WS-OOSU-SHARED-ALLOW = 986675
23:18:28.391 [main] INFO  com.cloudframe.app.process.Comput1.process   90 - *KB* LK-RLU3A-TOT-DATA-PROMO-ALLOW = 10604
23:18:28.392 [main] INFO  com.cloudframe.app.process.Comput1.process   92 - *KB* LK-RLU3A-ACCT-PLAN-DATA-ALLOW = 10604
23:18:28.392 [main] INFO  com.cloudframe.app.process.Comput1.process  108 - *MB* LK-RLU3A-TOT-DATA-PROMO-ALLOW = 10604
23:18:28.392 [main] INFO  com.cloudframe.app.process.Comput1.process  110 - *MB* LK-RLU3A-ACCT-PLAN-DATA-ALLOW = 10604
23:18:28.392 [main] INFO  com.cloudframe.app.process.Comput1.process  124 - *GB* LK-RLU3A-TOT-DATA-PROMO-ALLOW = 10604
23:18:28.393 [main] INFO  com.cloudframe.app.process.Comput1.process  126 - *GB* LK-RLU3A-ACCT-PLAN-DATA-ALLOW = 10604
23:18:28.393 [main] INFO  com.cloudframe.app.process.Comput1.process   76 - ___________________________________
23:18:28.393 [main] INFO  com.cloudframe.app.process.Comput1.process   78 - 33 . WS-OOSU-SHARED-ALLOW = 1050259
23:18:28.394 [main] INFO  com.cloudframe.app.process.Comput1.process   90 - *KB* LK-RLU3A-TOT-DATA-PROMO-ALLOW = 11629
23:18:28.394 [main] INFO  com.cloudframe.app.process.Comput1.process   92 - *KB* LK-RLU3A-ACCT-PLAN-DATA-ALLOW = 11629
23:18:28.394 [main] INFO  com.cloudframe.app.process.Comput1.process  108 - *MB* LK-RLU3A-TOT-DATA-PROMO-ALLOW = 11630
23:18:28.394 [main] INFO  com.cloudframe.app.process.Comput1.process  110 - *MB* LK-RLU3A-ACCT-PLAN-DATA-ALLOW = 11630
23:18:28.395 [main] INFO  com.cloudframe.app.process.Comput1.process  124 - *GB* LK-RLU3A-TOT-DATA-PROMO-ALLOW = 11630
23:18:28.395 [main] INFO  com.cloudframe.app.process.Comput1.process  126 - *GB* LK-RLU3A-ACCT-PLAN-DATA-ALLOW = 11630
23:18:28.395 [main] INFO  com.cloudframe.app.process.Comput1.process   76 - ___________________________________
23:18:28.395 [main] INFO  com.cloudframe.app.process.Comput1.process   78 - 34 . WS-OOSU-SHARED-ALLOW = 1115830
23:18:28.396 [main] INFO  com.cloudframe.app.process.Comput1.process   90 - *KB* LK-RLU3A-TOT-DATA-PROMO-ALLOW = 12719
23:18:28.396 [main] INFO  com.cloudframe.app.process.Comput1.process   92 - *KB* LK-RLU3A-ACCT-PLAN-DATA-ALLOW = 12719
23:18:28.396 [main] INFO  com.cloudframe.app.process.Comput1.process  108 - *MB* LK-RLU3A-TOT-DATA-PROMO-ALLOW = 12720
23:18:28.396 [main] INFO  com.cloudframe.app.process.Comput1.process  110 - *MB* LK-RLU3A-ACCT-PLAN-DATA-ALLOW = 12720
23:18:28.397 [main] INFO  com.cloudframe.app.process.Comput1.process  124 - *GB* LK-RLU3A-TOT-DATA-PROMO-ALLOW = 12720
23:18:28.397 [main] INFO  com.cloudframe.app.process.Comput1.process  126 - *GB* LK-RLU3A-ACCT-PLAN-DATA-ALLOW = 12720
23:18:28.397 [main] INFO  com.cloudframe.app.process.Comput1.process   76 - ___________________________________
23:18:28.397 [main] INFO  com.cloudframe.app.process.Comput1.process   78 - 35 . WS-OOSU-SHARED-ALLOW = 1183388
23:18:28.397 [main] INFO  com.cloudframe.app.process.Comput1.process   90 - *KB* LK-RLU3A-TOT-DATA-PROMO-ALLOW = 13875
23:18:28.398 [main] INFO  com.cloudframe.app.process.Comput1.process   92 - *KB* LK-RLU3A-ACCT-PLAN-DATA-ALLOW = 13875
23:18:28.398 [main] INFO  com.cloudframe.app.process.Comput1.process  108 - *MB* LK-RLU3A-TOT-DATA-PROMO-ALLOW = 13876
23:18:28.398 [main] INFO  com.cloudframe.app.process.Comput1.process  110 - *MB* LK-RLU3A-ACCT-PLAN-DATA-ALLOW = 13876
23:18:28.398 [main] INFO  com.cloudframe.app.process.Comput1.process  124 - *GB* LK-RLU3A-TOT-DATA-PROMO-ALLOW = 13876
23:18:28.398 [main] INFO  com.cloudframe.app.process.Comput1.process  126 - *GB* LK-RLU3A-ACCT-PLAN-DATA-ALLOW = 13876
23:18:28.398 [main] INFO  com.cloudframe.app.process.Comput1.process   76 - ___________________________________
23:18:28.399 [main] INFO  com.cloudframe.app.process.Comput1.process   78 - 36 . WS-OOSU-SHARED-ALLOW = 1252933
23:18:28.399 [main] INFO  com.cloudframe.app.process.Comput1.process   90 - *KB* LK-RLU3A-TOT-DATA-PROMO-ALLOW = 15099
23:18:28.399 [main] INFO  com.cloudframe.app.process.Comput1.process   92 - *KB* LK-RLU3A-ACCT-PLAN-DATA-ALLOW = 15099
23:18:28.399 [main] INFO  com.cloudframe.app.process.Comput1.process  108 - *MB* LK-RLU3A-TOT-DATA-PROMO-ALLOW = 15100
23:18:28.399 [main] INFO  com.cloudframe.app.process.Comput1.process  110 - *MB* LK-RLU3A-ACCT-PLAN-DATA-ALLOW = 15100
23:18:28.399 [main] INFO  com.cloudframe.app.process.Comput1.process  124 - *GB* LK-RLU3A-TOT-DATA-PROMO-ALLOW = 15100
23:18:28.399 [main] INFO  com.cloudframe.app.process.Comput1.process  126 - *GB* LK-RLU3A-ACCT-PLAN-DATA-ALLOW = 15100
23:18:28.400 [main] INFO  com.cloudframe.app.process.Comput1.process   76 - ___________________________________
23:18:28.400 [main] INFO  com.cloudframe.app.process.Comput1.process   78 - 37 . WS-OOSU-SHARED-ALLOW = 1324465
23:18:28.400 [main] INFO  com.cloudframe.app.process.Comput1.process   90 - *KB* LK-RLU3A-TOT-DATA-PROMO-ALLOW = 16393
23:18:28.400 [main] INFO  com.cloudframe.app.process.Comput1.process   92 - *KB* LK-RLU3A-ACCT-PLAN-DATA-ALLOW = 16393
23:18:28.400 [main] INFO  com.cloudframe.app.process.Comput1.process  108 - *MB* LK-RLU3A-TOT-DATA-PROMO-ALLOW = 16394
23:18:28.401 [main] INFO  com.cloudframe.app.process.Comput1.process  110 - *MB* LK-RLU3A-ACCT-PLAN-DATA-ALLOW = 16394
23:18:28.401 [main] INFO  com.cloudframe.app.process.Comput1.process  124 - *GB* LK-RLU3A-TOT-DATA-PROMO-ALLOW = 16394
23:18:28.401 [main] INFO  com.cloudframe.app.process.Comput1.process  126 - *GB* LK-RLU3A-ACCT-PLAN-DATA-ALLOW = 16394
23:18:28.402 [main] INFO  com.cloudframe.app.process.Comput1.process   76 - ___________________________________
23:18:28.402 [main] INFO  com.cloudframe.app.process.Comput1.process   78 - 38 . WS-OOSU-SHARED-ALLOW = 1397984
23:18:28.402 [main] INFO  com.cloudframe.app.process.Comput1.process   90 - *KB* LK-RLU3A-TOT-DATA-PROMO-ALLOW = 17759
23:18:28.402 [main] INFO  com.cloudframe.app.process.Comput1.process   92 - *KB* LK-RLU3A-ACCT-PLAN-DATA-ALLOW = 17759
23:18:28.402 [main] INFO  com.cloudframe.app.process.Comput1.process  108 - *MB* LK-RLU3A-TOT-DATA-PROMO-ALLOW = 17760
23:18:28.403 [main] INFO  com.cloudframe.app.process.Comput1.process  110 - *MB* LK-RLU3A-ACCT-PLAN-DATA-ALLOW = 17760
23:18:28.403 [main] INFO  com.cloudframe.app.process.Comput1.process  124 - *GB* LK-RLU3A-TOT-DATA-PROMO-ALLOW = 17760
23:18:28.403 [main] INFO  com.cloudframe.app.process.Comput1.process  126 - *GB* LK-RLU3A-ACCT-PLAN-DATA-ALLOW = 17760
23:18:28.403 [main] INFO  com.cloudframe.app.process.Comput1.process   76 - ___________________________________
23:18:28.403 [main] INFO  com.cloudframe.app.process.Comput1.process   78 - 39 . WS-OOSU-SHARED-ALLOW = 1473490
23:18:28.403 [main] INFO  com.cloudframe.app.process.Comput1.process   90 - *KB* LK-RLU3A-TOT-DATA-PROMO-ALLOW = 19198
23:18:28.404 [main] INFO  com.cloudframe.app.process.Comput1.process   92 - *KB* LK-RLU3A-ACCT-PLAN-DATA-ALLOW = 19198
23:18:28.404 [main] INFO  com.cloudframe.app.process.Comput1.process  108 - *MB* LK-RLU3A-TOT-DATA-PROMO-ALLOW = 19199
23:18:28.404 [main] INFO  com.cloudframe.app.process.Comput1.process  110 - *MB* LK-RLU3A-ACCT-PLAN-DATA-ALLOW = 19199
23:18:28.404 [main] INFO  com.cloudframe.app.process.Comput1.process  124 - *GB* LK-RLU3A-TOT-DATA-PROMO-ALLOW = 19199
23:18:28.405 [main] INFO  com.cloudframe.app.process.Comput1.process  126 - *GB* LK-RLU3A-ACCT-PLAN-DATA-ALLOW = 19199
23:18:28.405 [main] INFO  com.cloudframe.app.process.Comput1.process   76 - ___________________________________
23:18:28.405 [main] INFO  com.cloudframe.app.process.Comput1.process   78 - 40 . WS-OOSU-SHARED-ALLOW = 1550983
23:18:28.405 [main] INFO  com.cloudframe.app.process.Comput1.process   90 - *KB* LK-RLU3A-TOT-DATA-PROMO-ALLOW = 20713
23:18:28.405 [main] INFO  com.cloudframe.app.process.Comput1.process   92 - *KB* LK-RLU3A-ACCT-PLAN-DATA-ALLOW = 20713
23:18:28.406 [main] INFO  com.cloudframe.app.process.Comput1.process  108 - *MB* LK-RLU3A-TOT-DATA-PROMO-ALLOW = 20714
23:18:28.406 [main] INFO  com.cloudframe.app.process.Comput1.process  110 - *MB* LK-RLU3A-ACCT-PLAN-DATA-ALLOW = 20714
23:18:28.406 [main] INFO  com.cloudframe.app.process.Comput1.process  124 - *GB* LK-RLU3A-TOT-DATA-PROMO-ALLOW = 20714
23:18:28.406 [main] INFO  com.cloudframe.app.process.Comput1.process  126 - *GB* LK-RLU3A-ACCT-PLAN-DATA-ALLOW = 20714
23:18:28.406 [main] INFO  com.cloudframe.app.process.Comput1.process   76 - ___________________________________
23:18:28.406 [main] INFO  com.cloudframe.app.process.Comput1.process   78 - 41 . WS-OOSU-SHARED-ALLOW = 1630463
23:18:28.407 [main] INFO  com.cloudframe.app.process.Comput1.process   90 - *KB* LK-RLU3A-TOT-DATA-PROMO-ALLOW = 22306
23:18:28.407 [main] INFO  com.cloudframe.app.process.Comput1.process   92 - *KB* LK-RLU3A-ACCT-PLAN-DATA-ALLOW = 22306
23:18:28.407 [main] INFO  com.cloudframe.app.process.Comput1.process  108 - *MB* LK-RLU3A-TOT-DATA-PROMO-ALLOW = 22307
23:18:28.407 [main] INFO  com.cloudframe.app.process.Comput1.process  110 - *MB* LK-RLU3A-ACCT-PLAN-DATA-ALLOW = 22307
23:18:28.407 [main] INFO  com.cloudframe.app.process.Comput1.process  124 - *GB* LK-RLU3A-TOT-DATA-PROMO-ALLOW = 22307
23:18:28.407 [main] INFO  com.cloudframe.app.process.Comput1.process  126 - *GB* LK-RLU3A-ACCT-PLAN-DATA-ALLOW = 22307
23:18:28.407 [main] INFO  com.cloudframe.app.process.Comput1.process   76 - ___________________________________
23:18:28.408 [main] INFO  com.cloudframe.app.process.Comput1.process   78 - 42 . WS-OOSU-SHARED-ALLOW = 1711930
23:18:28.408 [main] INFO  com.cloudframe.app.process.Comput1.process   90 - *KB* LK-RLU3A-TOT-DATA-PROMO-ALLOW = 23978
23:18:28.408 [main] INFO  com.cloudframe.app.process.Comput1.process   92 - *KB* LK-RLU3A-ACCT-PLAN-DATA-ALLOW = 23978
23:18:28.408 [main] INFO  com.cloudframe.app.process.Comput1.process  108 - *MB* LK-RLU3A-TOT-DATA-PROMO-ALLOW = 23979
23:18:28.408 [main] INFO  com.cloudframe.app.process.Comput1.process  110 - *MB* LK-RLU3A-ACCT-PLAN-DATA-ALLOW = 23979
23:18:28.408 [main] INFO  com.cloudframe.app.process.Comput1.process  124 - *GB* LK-RLU3A-TOT-DATA-PROMO-ALLOW = 23979
23:18:28.409 [main] INFO  com.cloudframe.app.process.Comput1.process  126 - *GB* LK-RLU3A-ACCT-PLAN-DATA-ALLOW = 23979
23:18:28.409 [main] INFO  com.cloudframe.app.process.Comput1.process   76 - ___________________________________
23:18:28.409 [main] INFO  com.cloudframe.app.process.Comput1.process   78 - 43 . WS-OOSU-SHARED-ALLOW = 1795384
23:18:28.409 [main] INFO  com.cloudframe.app.process.Comput1.process   90 - *KB* LK-RLU3A-TOT-DATA-PROMO-ALLOW = 25732
23:18:28.409 [main] INFO  com.cloudframe.app.process.Comput1.process   92 - *KB* LK-RLU3A-ACCT-PLAN-DATA-ALLOW = 25732
23:18:28.409 [main] INFO  com.cloudframe.app.process.Comput1.process  108 - *MB* LK-RLU3A-TOT-DATA-PROMO-ALLOW = 25733
23:18:28.410 [main] INFO  com.cloudframe.app.process.Comput1.process  110 - *MB* LK-RLU3A-ACCT-PLAN-DATA-ALLOW = 25733
23:18:28.410 [main] INFO  com.cloudframe.app.process.Comput1.process  124 - *GB* LK-RLU3A-TOT-DATA-PROMO-ALLOW = 25733
23:18:28.410 [main] INFO  com.cloudframe.app.process.Comput1.process  126 - *GB* LK-RLU3A-ACCT-PLAN-DATA-ALLOW = 25733
23:18:28.410 [main] INFO  com.cloudframe.app.process.Comput1.process   76 - ___________________________________
23:18:28.411 [main] INFO  com.cloudframe.app.process.Comput1.process   78 - 44 . WS-OOSU-SHARED-ALLOW = 1880825
23:18:28.411 [main] INFO  com.cloudframe.app.process.Comput1.process   90 - *KB* LK-RLU3A-TOT-DATA-PROMO-ALLOW = 27569
23:18:28.411 [main] INFO  com.cloudframe.app.process.Comput1.process   92 - *KB* LK-RLU3A-ACCT-PLAN-DATA-ALLOW = 27569
23:18:28.411 [main] INFO  com.cloudframe.app.process.Comput1.process  108 - *MB* LK-RLU3A-TOT-DATA-PROMO-ALLOW = 27570
23:18:28.411 [main] INFO  com.cloudframe.app.process.Comput1.process  110 - *MB* LK-RLU3A-ACCT-PLAN-DATA-ALLOW = 27570
23:18:28.412 [main] INFO  com.cloudframe.app.process.Comput1.process  124 - *GB* LK-RLU3A-TOT-DATA-PROMO-ALLOW = 27570
23:18:28.412 [main] INFO  com.cloudframe.app.process.Comput1.process  126 - *GB* LK-RLU3A-ACCT-PLAN-DATA-ALLOW = 27570
23:18:28.412 [main] INFO  com.cloudframe.app.process.Comput1.process   76 - ___________________________________
23:18:28.412 [main] INFO  com.cloudframe.app.process.Comput1.process   78 - 45 . WS-OOSU-SHARED-ALLOW = 1968253
23:18:28.412 [main] INFO  com.cloudframe.app.process.Comput1.process   90 - *KB* LK-RLU3A-TOT-DATA-PROMO-ALLOW = 29492
23:18:28.412 [main] INFO  com.cloudframe.app.process.Comput1.process   92 - *KB* LK-RLU3A-ACCT-PLAN-DATA-ALLOW = 29492
23:18:28.413 [main] INFO  com.cloudframe.app.process.Comput1.process  108 - *MB* LK-RLU3A-TOT-DATA-PROMO-ALLOW = 29493
23:18:28.413 [main] INFO  com.cloudframe.app.process.Comput1.process  110 - *MB* LK-RLU3A-ACCT-PLAN-DATA-ALLOW = 29493
23:18:28.413 [main] INFO  com.cloudframe.app.process.Comput1.process  124 - *GB* LK-RLU3A-TOT-DATA-PROMO-ALLOW = 29493
23:18:28.413 [main] INFO  com.cloudframe.app.process.Comput1.process  126 - *GB* LK-RLU3A-ACCT-PLAN-DATA-ALLOW = 29493
23:18:28.414 [main] INFO  com.cloudframe.app.process.Comput1.process   76 - ___________________________________
23:18:28.414 [main] INFO  com.cloudframe.app.process.Comput1.process   78 - 46 . WS-OOSU-SHARED-ALLOW = 2057668
23:18:28.414 [main] INFO  com.cloudframe.app.process.Comput1.process   90 - *KB* LK-RLU3A-TOT-DATA-PROMO-ALLOW = 31502
23:18:28.414 [main] INFO  com.cloudframe.app.process.Comput1.process   92 - *KB* LK-RLU3A-ACCT-PLAN-DATA-ALLOW = 31502
23:18:28.414 [main] INFO  com.cloudframe.app.process.Comput1.process  108 - *MB* LK-RLU3A-TOT-DATA-PROMO-ALLOW = 31503
23:18:28.415 [main] INFO  com.cloudframe.app.process.Comput1.process  110 - *MB* LK-RLU3A-ACCT-PLAN-DATA-ALLOW = 31503
23:18:28.415 [main] INFO  com.cloudframe.app.process.Comput1.process  124 - *GB* LK-RLU3A-TOT-DATA-PROMO-ALLOW = 31503
23:18:28.415 [main] INFO  com.cloudframe.app.process.Comput1.process  126 - *GB* LK-RLU3A-ACCT-PLAN-DATA-ALLOW = 31503
23:18:28.415 [main] INFO  com.cloudframe.app.process.Comput1.process   76 - ___________________________________
23:18:28.415 [main] INFO  com.cloudframe.app.process.Comput1.process   78 - 47 . WS-OOSU-SHARED-ALLOW = 2149070
23:18:28.415 [main] INFO  com.cloudframe.app.process.Comput1.process   90 - *KB* LK-RLU3A-TOT-DATA-PROMO-ALLOW = 33601
23:18:28.416 [main] INFO  com.cloudframe.app.process.Comput1.process   92 - *KB* LK-RLU3A-ACCT-PLAN-DATA-ALLOW = 33601
23:18:28.417 [main] INFO  com.cloudframe.app.process.Comput1.process  108 - *MB* LK-RLU3A-TOT-DATA-PROMO-ALLOW = 33603
23:18:28.418 [main] INFO  com.cloudframe.app.process.Comput1.process  110 - *MB* LK-RLU3A-ACCT-PLAN-DATA-ALLOW = 33603
23:18:28.419 [main] INFO  com.cloudframe.app.process.Comput1.process  124 - *GB* LK-RLU3A-TOT-DATA-PROMO-ALLOW = 33603
23:18:28.419 [main] INFO  com.cloudframe.app.process.Comput1.process  126 - *GB* LK-RLU3A-ACCT-PLAN-DATA-ALLOW = 33603
23:18:28.420 [main] INFO  com.cloudframe.app.process.Comput1.process   76 - ___________________________________
23:18:28.420 [main] INFO  com.cloudframe.app.process.Comput1.process   78 - 48 . WS-OOSU-SHARED-ALLOW = 2242459
23:18:28.420 [main] INFO  com.cloudframe.app.process.Comput1.process   90 - *KB* LK-RLU3A-TOT-DATA-PROMO-ALLOW = 35792
23:18:28.420 [main] INFO  com.cloudframe.app.process.Comput1.process   92 - *KB* LK-RLU3A-ACCT-PLAN-DATA-ALLOW = 35792
23:18:28.425 [main] INFO  com.cloudframe.app.process.Comput1.process  108 - *MB* LK-RLU3A-TOT-DATA-PROMO-ALLOW = 35794
23:18:28.426 [main] INFO  com.cloudframe.app.process.Comput1.process  110 - *MB* LK-RLU3A-ACCT-PLAN-DATA-ALLOW = 35794
23:18:28.429 [main] INFO  com.cloudframe.app.process.Comput1.process  124 - *GB* LK-RLU3A-TOT-DATA-PROMO-ALLOW = 35794
23:18:28.429 [main] INFO  com.cloudframe.app.process.Comput1.process  126 - *GB* LK-RLU3A-ACCT-PLAN-DATA-ALLOW = 35794
23:18:28.429 [main] INFO  com.cloudframe.app.process.Comput1.process   76 - ___________________________________
23:18:28.429 [main] INFO  com.cloudframe.app.process.Comput1.process   78 - 49 . WS-OOSU-SHARED-ALLOW = 2337835
23:18:28.430 [main] INFO  com.cloudframe.app.process.Comput1.process   90 - *KB* LK-RLU3A-TOT-DATA-PROMO-ALLOW = 38077
23:18:28.430 [main] INFO  com.cloudframe.app.process.Comput1.process   92 - *KB* LK-RLU3A-ACCT-PLAN-DATA-ALLOW = 38077
23:18:28.430 [main] INFO  com.cloudframe.app.process.Comput1.process  108 - *MB* LK-RLU3A-TOT-DATA-PROMO-ALLOW = 38079
23:18:28.430 [main] INFO  com.cloudframe.app.process.Comput1.process  110 - *MB* LK-RLU3A-ACCT-PLAN-DATA-ALLOW = 38079
23:18:28.430 [main] INFO  com.cloudframe.app.process.Comput1.process  124 - *GB* LK-RLU3A-TOT-DATA-PROMO-ALLOW = 38079
23:18:28.431 [main] INFO  com.cloudframe.app.process.Comput1.process  126 - *GB* LK-RLU3A-ACCT-PLAN-DATA-ALLOW = 38079
23:18:28.431 [main] INFO  com.cloudframe.app.process.Comput1.process   76 - ___________________________________
23:18:28.431 [main] INFO  com.cloudframe.app.process.Comput1.process   78 - 50 . WS-OOSU-SHARED-ALLOW = 2435198
23:18:28.431 [main] INFO  com.cloudframe.app.process.Comput1.process   90 - *KB* LK-RLU3A-TOT-DATA-PROMO-ALLOW = 40457
23:18:28.432 [main] INFO  com.cloudframe.app.process.Comput1.process   92 - *KB* LK-RLU3A-ACCT-PLAN-DATA-ALLOW = 40457
23:18:28.432 [main] INFO  com.cloudframe.app.process.Comput1.process  108 - *MB* LK-RLU3A-TOT-DATA-PROMO-ALLOW = 40459
23:18:28.432 [main] INFO  com.cloudframe.app.process.Comput1.process  110 - *MB* LK-RLU3A-ACCT-PLAN-DATA-ALLOW = 40459
23:18:28.433 [main] INFO  com.cloudframe.app.process.Comput1.process  124 - *GB* LK-RLU3A-TOT-DATA-PROMO-ALLOW = 40459
23:18:28.433 [main] INFO  com.cloudframe.app.process.Comput1.process  126 - *GB* LK-RLU3A-ACCT-PLAN-DATA-ALLOW = 40459
23:18:28.433 [main] INFO  com.cloudframe.app.process.Comput1.process   76 - ___________________________________
23:18:28.433 [main] INFO  com.cloudframe.app.process.Comput1.process   78 - 51 . WS-OOSU-SHARED-ALLOW = 2534548
23:18:28.434 [main] INFO  com.cloudframe.app.process.Comput1.process   90 - *KB* LK-RLU3A-TOT-DATA-PROMO-ALLOW = 42934
23:18:28.434 [main] INFO  com.cloudframe.app.process.Comput1.process   92 - *KB* LK-RLU3A-ACCT-PLAN-DATA-ALLOW = 42934
23:18:28.434 [main] INFO  com.cloudframe.app.process.Comput1.process  108 - *MB* LK-RLU3A-TOT-DATA-PROMO-ALLOW = 42936
23:18:28.434 [main] INFO  com.cloudframe.app.process.Comput1.process  110 - *MB* LK-RLU3A-ACCT-PLAN-DATA-ALLOW = 42936
23:18:28.434 [main] INFO  com.cloudframe.app.process.Comput1.process  124 - *GB* LK-RLU3A-TOT-DATA-PROMO-ALLOW = 42936
23:18:28.434 [main] INFO  com.cloudframe.app.process.Comput1.process  126 - *GB* LK-RLU3A-ACCT-PLAN-DATA-ALLOW = 42936
23:18:28.435 [main] INFO  com.cloudframe.app.process.Comput1.process   76 - ___________________________________
23:18:28.435 [main] INFO  com.cloudframe.app.process.Comput1.process   78 - 52 . WS-OOSU-SHARED-ALLOW = 2635885
23:18:28.435 [main] INFO  com.cloudframe.app.process.Comput1.process   90 - *KB* LK-RLU3A-TOT-DATA-PROMO-ALLOW = 45510
23:18:28.435 [main] INFO  com.cloudframe.app.process.Comput1.process   92 - *KB* LK-RLU3A-ACCT-PLAN-DATA-ALLOW = 45510
23:18:28.436 [main] INFO  com.cloudframe.app.process.Comput1.process  108 - *MB* LK-RLU3A-TOT-DATA-PROMO-ALLOW = 45512
23:18:28.436 [main] INFO  com.cloudframe.app.process.Comput1.process  110 - *MB* LK-RLU3A-ACCT-PLAN-DATA-ALLOW = 45512
23:18:28.436 [main] INFO  com.cloudframe.app.process.Comput1.process  124 - *GB* LK-RLU3A-TOT-DATA-PROMO-ALLOW = 45512
23:18:28.436 [main] INFO  com.cloudframe.app.process.Comput1.process  126 - *GB* LK-RLU3A-ACCT-PLAN-DATA-ALLOW = 45512
23:18:28.436 [main] INFO  com.cloudframe.app.process.Comput1.process   76 - ___________________________________
23:18:28.436 [main] INFO  com.cloudframe.app.process.Comput1.process   78 - 53 . WS-OOSU-SHARED-ALLOW = 2739209
23:18:28.437 [main] INFO  com.cloudframe.app.process.Comput1.process   90 - *KB* LK-RLU3A-TOT-DATA-PROMO-ALLOW = 48187
23:18:28.437 [main] INFO  com.cloudframe.app.process.Comput1.process   92 - *KB* LK-RLU3A-ACCT-PLAN-DATA-ALLOW = 48187
23:18:28.437 [main] INFO  com.cloudframe.app.process.Comput1.process  108 - *MB* LK-RLU3A-TOT-DATA-PROMO-ALLOW = 48189
23:18:28.437 [main] INFO  com.cloudframe.app.process.Comput1.process  110 - *MB* LK-RLU3A-ACCT-PLAN-DATA-ALLOW = 48189
23:18:28.437 [main] INFO  com.cloudframe.app.process.Comput1.process  124 - *GB* LK-RLU3A-TOT-DATA-PROMO-ALLOW = 48189
23:18:28.437 [main] INFO  com.cloudframe.app.process.Comput1.process  126 - *GB* LK-RLU3A-ACCT-PLAN-DATA-ALLOW = 48189
23:18:28.438 [main] INFO  com.cloudframe.app.process.Comput1.process   76 - ___________________________________
23:18:28.438 [main] INFO  com.cloudframe.app.process.Comput1.process   78 - 54 . WS-OOSU-SHARED-ALLOW = 2844520
23:18:28.438 [main] INFO  com.cloudframe.app.process.Comput1.process   90 - *KB* LK-RLU3A-TOT-DATA-PROMO-ALLOW = 50966
23:18:28.438 [main] INFO  com.cloudframe.app.process.Comput1.process   92 - *KB* LK-RLU3A-ACCT-PLAN-DATA-ALLOW = 50966
23:18:28.438 [main] INFO  com.cloudframe.app.process.Comput1.process  108 - *MB* LK-RLU3A-TOT-DATA-PROMO-ALLOW = 50968
23:18:28.438 [main] INFO  com.cloudframe.app.process.Comput1.process  110 - *MB* LK-RLU3A-ACCT-PLAN-DATA-ALLOW = 50968
23:18:28.439 [main] INFO  com.cloudframe.app.process.Comput1.process  124 - *GB* LK-RLU3A-TOT-DATA-PROMO-ALLOW = 50968
23:18:28.439 [main] INFO  com.cloudframe.app.process.Comput1.process  126 - *GB* LK-RLU3A-ACCT-PLAN-DATA-ALLOW = 50968
23:18:28.439 [main] INFO  com.cloudframe.app.process.Comput1.process   76 - ___________________________________
23:18:28.439 [main] INFO  com.cloudframe.app.process.Comput1.process   78 - 55 . WS-OOSU-SHARED-ALLOW = 2951818
23:18:28.439 [main] INFO  com.cloudframe.app.process.Comput1.process   90 - *KB* LK-RLU3A-TOT-DATA-PROMO-ALLOW = 53850
23:18:28.439 [main] INFO  com.cloudframe.app.process.Comput1.process   92 - *KB* LK-RLU3A-ACCT-PLAN-DATA-ALLOW = 53850
23:18:28.440 [main] INFO  com.cloudframe.app.process.Comput1.process  108 - *MB* LK-RLU3A-TOT-DATA-PROMO-ALLOW = 53852
23:18:28.440 [main] INFO  com.cloudframe.app.process.Comput1.process  110 - *MB* LK-RLU3A-ACCT-PLAN-DATA-ALLOW = 53852
23:18:28.440 [main] INFO  com.cloudframe.app.process.Comput1.process  124 - *GB* LK-RLU3A-TOT-DATA-PROMO-ALLOW = 53852
23:18:28.440 [main] INFO  com.cloudframe.app.process.Comput1.process  126 - *GB* LK-RLU3A-ACCT-PLAN-DATA-ALLOW = 53852
23:18:28.440 [main] INFO  com.cloudframe.app.process.Comput1.process   76 - ___________________________________
23:18:28.440 [main] INFO  com.cloudframe.app.process.Comput1.process   78 - 56 . WS-OOSU-SHARED-ALLOW = 3061103
23:18:28.441 [main] INFO  com.cloudframe.app.process.Comput1.process   90 - *KB* LK-RLU3A-TOT-DATA-PROMO-ALLOW = 56841
23:18:28.441 [main] INFO  com.cloudframe.app.process.Comput1.process   92 - *KB* LK-RLU3A-ACCT-PLAN-DATA-ALLOW = 56841
23:18:28.441 [main] INFO  com.cloudframe.app.process.Comput1.process  108 - *MB* LK-RLU3A-TOT-DATA-PROMO-ALLOW = 56843
23:18:28.441 [main] INFO  com.cloudframe.app.process.Comput1.process  110 - *MB* LK-RLU3A-ACCT-PLAN-DATA-ALLOW = 56843
23:18:28.441 [main] INFO  com.cloudframe.app.process.Comput1.process  124 - *GB* LK-RLU3A-TOT-DATA-PROMO-ALLOW = 56843
23:18:28.441 [main] INFO  com.cloudframe.app.process.Comput1.process  126 - *GB* LK-RLU3A-ACCT-PLAN-DATA-ALLOW = 56843
23:18:28.442 [main] INFO  com.cloudframe.app.process.Comput1.process   76 - ___________________________________
23:18:28.442 [main] INFO  com.cloudframe.app.process.Comput1.process   78 - 57 . WS-OOSU-SHARED-ALLOW = 3172375
23:18:28.442 [main] INFO  com.cloudframe.app.process.Comput1.process   90 - *KB* LK-RLU3A-TOT-DATA-PROMO-ALLOW = 59941
23:18:28.442 [main] INFO  com.cloudframe.app.process.Comput1.process   92 - *KB* LK-RLU3A-ACCT-PLAN-DATA-ALLOW = 59941
23:18:28.442 [main] INFO  com.cloudframe.app.process.Comput1.process  108 - *MB* LK-RLU3A-TOT-DATA-PROMO-ALLOW = 59944
23:18:28.443 [main] INFO  com.cloudframe.app.process.Comput1.process  110 - *MB* LK-RLU3A-ACCT-PLAN-DATA-ALLOW = 59944
23:18:28.443 [main] INFO  com.cloudframe.app.process.Comput1.process  124 - *GB* LK-RLU3A-TOT-DATA-PROMO-ALLOW = 59944
23:18:28.443 [main] INFO  com.cloudframe.app.process.Comput1.process  126 - *GB* LK-RLU3A-ACCT-PLAN-DATA-ALLOW = 59944
23:18:28.443 [main] INFO  com.cloudframe.app.process.Comput1.process   76 - ___________________________________
23:18:28.443 [main] INFO  com.cloudframe.app.process.Comput1.process   78 - 58 . WS-OOSU-SHARED-ALLOW = 3285634
23:18:28.443 [main] INFO  com.cloudframe.app.process.Comput1.process   90 - *KB* LK-RLU3A-TOT-DATA-PROMO-ALLOW = 63152
23:18:28.443 [main] INFO  com.cloudframe.app.process.Comput1.process   92 - *KB* LK-RLU3A-ACCT-PLAN-DATA-ALLOW = 63152
23:18:28.444 [main] INFO  com.cloudframe.app.process.Comput1.process  108 - *MB* LK-RLU3A-TOT-DATA-PROMO-ALLOW = 63155
23:18:28.444 [main] INFO  com.cloudframe.app.process.Comput1.process  110 - *MB* LK-RLU3A-ACCT-PLAN-DATA-ALLOW = 63155
23:18:28.444 [main] INFO  com.cloudframe.app.process.Comput1.process  124 - *GB* LK-RLU3A-TOT-DATA-PROMO-ALLOW = 63155
23:18:28.444 [main] INFO  com.cloudframe.app.process.Comput1.process  126 - *GB* LK-RLU3A-ACCT-PLAN-DATA-ALLOW = 63155
23:18:28.444 [main] INFO  com.cloudframe.app.process.Comput1.process   76 - ___________________________________
23:18:28.444 [main] INFO  com.cloudframe.app.process.Comput1.process   78 - 59 . WS-OOSU-SHARED-ALLOW = 3400880
23:18:28.445 [main] INFO  com.cloudframe.app.process.Comput1.process   90 - *KB* LK-RLU3A-TOT-DATA-PROMO-ALLOW = 66476
23:18:28.445 [main] INFO  com.cloudframe.app.process.Comput1.process   92 - *KB* LK-RLU3A-ACCT-PLAN-DATA-ALLOW = 66476
23:18:28.445 [main] INFO  com.cloudframe.app.process.Comput1.process  108 - *MB* LK-RLU3A-TOT-DATA-PROMO-ALLOW = 66479
23:18:28.445 [main] INFO  com.cloudframe.app.process.Comput1.process  110 - *MB* LK-RLU3A-ACCT-PLAN-DATA-ALLOW = 66479
23:18:28.445 [main] INFO  com.cloudframe.app.process.Comput1.process  124 - *GB* LK-RLU3A-TOT-DATA-PROMO-ALLOW = 66479
23:18:28.445 [main] INFO  com.cloudframe.app.process.Comput1.process  126 - *GB* LK-RLU3A-ACCT-PLAN-DATA-ALLOW = 66479
23:18:28.446 [main] INFO  com.cloudframe.app.process.Comput1.process   76 - ___________________________________
23:18:28.446 [main] INFO  com.cloudframe.app.process.Comput1.process   78 - 60 . WS-OOSU-SHARED-ALLOW = 3518113
23:18:28.446 [main] INFO  com.cloudframe.app.process.Comput1.process   90 - *KB* LK-RLU3A-TOT-DATA-PROMO-ALLOW = 69914
23:18:28.446 [main] INFO  com.cloudframe.app.process.Comput1.process   92 - *KB* LK-RLU3A-ACCT-PLAN-DATA-ALLOW = 69914
23:18:28.446 [main] INFO  com.cloudframe.app.process.Comput1.process  108 - *MB* LK-RLU3A-TOT-DATA-PROMO-ALLOW = 69917
23:18:28.446 [main] INFO  com.cloudframe.app.process.Comput1.process  110 - *MB* LK-RLU3A-ACCT-PLAN-DATA-ALLOW = 69917
23:18:28.447 [main] INFO  com.cloudframe.app.process.Comput1.process  124 - *GB* LK-RLU3A-TOT-DATA-PROMO-ALLOW = 69917
23:18:28.447 [main] INFO  com.cloudframe.app.process.Comput1.process  126 - *GB* LK-RLU3A-ACCT-PLAN-DATA-ALLOW = 69917
23:18:28.447 [main] INFO  com.cloudframe.app.process.Comput1.process   76 - ___________________________________
23:18:28.447 [main] INFO  com.cloudframe.app.process.Comput1.process   78 - 61 . WS-OOSU-SHARED-ALLOW = 3637333
23:18:28.447 [main] INFO  com.cloudframe.app.process.Comput1.process   90 - *KB* LK-RLU3A-TOT-DATA-PROMO-ALLOW = 73469
23:18:28.447 [main] INFO  com.cloudframe.app.process.Comput1.process   92 - *KB* LK-RLU3A-ACCT-PLAN-DATA-ALLOW = 73469
23:18:28.448 [main] INFO  com.cloudframe.app.process.Comput1.process  108 - *MB* LK-RLU3A-TOT-DATA-PROMO-ALLOW = 73472
23:18:28.448 [main] INFO  com.cloudframe.app.process.Comput1.process  110 - *MB* LK-RLU3A-ACCT-PLAN-DATA-ALLOW = 73472
23:18:28.448 [main] INFO  com.cloudframe.app.process.Comput1.process  124 - *GB* LK-RLU3A-TOT-DATA-PROMO-ALLOW = 73472
23:18:28.448 [main] INFO  com.cloudframe.app.process.Comput1.process  126 - *GB* LK-RLU3A-ACCT-PLAN-DATA-ALLOW = 73472
23:18:28.448 [main] INFO  com.cloudframe.app.process.Comput1.process   76 - ___________________________________
23:18:28.448 [main] INFO  com.cloudframe.app.process.Comput1.process   78 - 62 . WS-OOSU-SHARED-ALLOW = 3758540
23:18:28.449 [main] INFO  com.cloudframe.app.process.Comput1.process   90 - *KB* LK-RLU3A-TOT-DATA-PROMO-ALLOW = 77142
23:18:28.449 [main] INFO  com.cloudframe.app.process.Comput1.process   92 - *KB* LK-RLU3A-ACCT-PLAN-DATA-ALLOW = 77142
23:18:28.449 [main] INFO  com.cloudframe.app.process.Comput1.process  108 - *MB* LK-RLU3A-TOT-DATA-PROMO-ALLOW = 77145
23:18:28.449 [main] INFO  com.cloudframe.app.process.Comput1.process  110 - *MB* LK-RLU3A-ACCT-PLAN-DATA-ALLOW = 77145
23:18:28.449 [main] INFO  com.cloudframe.app.process.Comput1.process  124 - *GB* LK-RLU3A-TOT-DATA-PROMO-ALLOW = 77145
23:18:28.449 [main] INFO  com.cloudframe.app.process.Comput1.process  126 - *GB* LK-RLU3A-ACCT-PLAN-DATA-ALLOW = 77145
23:18:28.450 [main] INFO  com.cloudframe.app.process.Comput1.process   76 - ___________________________________
23:18:28.450 [main] INFO  com.cloudframe.app.process.Comput1.process   78 - 63 . WS-OOSU-SHARED-ALLOW = 3881734
23:18:28.450 [main] INFO  com.cloudframe.app.process.Comput1.process   90 - *KB* LK-RLU3A-TOT-DATA-PROMO-ALLOW = 80935
23:18:28.450 [main] INFO  com.cloudframe.app.process.Comput1.process   92 - *KB* LK-RLU3A-ACCT-PLAN-DATA-ALLOW = 80935
23:18:28.450 [main] INFO  com.cloudframe.app.process.Comput1.process  108 - *MB* LK-RLU3A-TOT-DATA-PROMO-ALLOW = 80938
23:18:28.450 [main] INFO  com.cloudframe.app.process.Comput1.process  110 - *MB* LK-RLU3A-ACCT-PLAN-DATA-ALLOW = 80938
23:18:28.450 [main] INFO  com.cloudframe.app.process.Comput1.process  124 - *GB* LK-RLU3A-TOT-DATA-PROMO-ALLOW = 80938
23:18:28.451 [main] INFO  com.cloudframe.app.process.Comput1.process  126 - *GB* LK-RLU3A-ACCT-PLAN-DATA-ALLOW = 80938
23:18:28.451 [main] INFO  com.cloudframe.app.process.Comput1.process   76 - ___________________________________
23:18:28.451 [main] INFO  com.cloudframe.app.process.Comput1.process   78 - 64 . WS-OOSU-SHARED-ALLOW = 4006915
23:18:28.451 [main] INFO  com.cloudframe.app.process.Comput1.process   90 - *KB* LK-RLU3A-TOT-DATA-PROMO-ALLOW = 84851
23:18:28.451 [main] INFO  com.cloudframe.app.process.Comput1.process   92 - *KB* LK-RLU3A-ACCT-PLAN-DATA-ALLOW = 84851
23:18:28.451 [main] INFO  com.cloudframe.app.process.Comput1.process  108 - *MB* LK-RLU3A-TOT-DATA-PROMO-ALLOW = 84854
23:18:28.452 [main] INFO  com.cloudframe.app.process.Comput1.process  110 - *MB* LK-RLU3A-ACCT-PLAN-DATA-ALLOW = 84854
23:18:28.452 [main] INFO  com.cloudframe.app.process.Comput1.process  124 - *GB* LK-RLU3A-TOT-DATA-PROMO-ALLOW = 84854
23:18:28.452 [main] INFO  com.cloudframe.app.process.Comput1.process  126 - *GB* LK-RLU3A-ACCT-PLAN-DATA-ALLOW = 84854
23:18:28.452 [main] INFO  com.cloudframe.app.process.Comput1.process   76 - ___________________________________
23:18:28.453 [main] INFO  com.cloudframe.app.process.Comput1.process   78 - 65 . WS-OOSU-SHARED-ALLOW = 4134083
23:18:28.453 [main] INFO  com.cloudframe.app.process.Comput1.process   90 - *KB* LK-RLU3A-TOT-DATA-PROMO-ALLOW = 88891
23:18:28.453 [main] INFO  com.cloudframe.app.process.Comput1.process   92 - *KB* LK-RLU3A-ACCT-PLAN-DATA-ALLOW = 88891
23:18:28.453 [main] INFO  com.cloudframe.app.process.Comput1.process  108 - *MB* LK-RLU3A-TOT-DATA-PROMO-ALLOW = 88894
23:18:28.453 [main] INFO  com.cloudframe.app.process.Comput1.process  110 - *MB* LK-RLU3A-ACCT-PLAN-DATA-ALLOW = 88894
23:18:28.453 [main] INFO  com.cloudframe.app.process.Comput1.process  124 - *GB* LK-RLU3A-TOT-DATA-PROMO-ALLOW = 88894
23:18:28.454 [main] INFO  com.cloudframe.app.process.Comput1.process  126 - *GB* LK-RLU3A-ACCT-PLAN-DATA-ALLOW = 88894
23:18:28.454 [main] INFO  com.cloudframe.app.process.Comput1.process   76 - ___________________________________
23:18:28.454 [main] INFO  com.cloudframe.app.process.Comput1.process   78 - 66 . WS-OOSU-SHARED-ALLOW = 4263238
23:18:28.454 [main] INFO  com.cloudframe.app.process.Comput1.process   90 - *KB* LK-RLU3A-TOT-DATA-PROMO-ALLOW = 93057
23:18:28.454 [main] INFO  com.cloudframe.app.process.Comput1.process   92 - *KB* LK-RLU3A-ACCT-PLAN-DATA-ALLOW = 93057
23:18:28.455 [main] INFO  com.cloudframe.app.process.Comput1.process  108 - *MB* LK-RLU3A-TOT-DATA-PROMO-ALLOW = 93061
23:18:28.455 [main] INFO  com.cloudframe.app.process.Comput1.process  110 - *MB* LK-RLU3A-ACCT-PLAN-DATA-ALLOW = 93061
23:18:28.455 [main] INFO  com.cloudframe.app.process.Comput1.process  124 - *GB* LK-RLU3A-TOT-DATA-PROMO-ALLOW = 93061
23:18:28.455 [main] INFO  com.cloudframe.app.process.Comput1.process  126 - *GB* LK-RLU3A-ACCT-PLAN-DATA-ALLOW = 93061
23:18:28.455 [main] INFO  com.cloudframe.app.process.Comput1.process   76 - ___________________________________
23:18:28.455 [main] INFO  com.cloudframe.app.process.Comput1.process   78 - 67 . WS-OOSU-SHARED-ALLOW = 4394380
23:18:28.456 [main] INFO  com.cloudframe.app.process.Comput1.process   90 - *KB* LK-RLU3A-TOT-DATA-PROMO-ALLOW = 97352
23:18:28.456 [main] INFO  com.cloudframe.app.process.Comput1.process   92 - *KB* LK-RLU3A-ACCT-PLAN-DATA-ALLOW = 97352
23:18:28.456 [main] INFO  com.cloudframe.app.process.Comput1.process  108 - *MB* LK-RLU3A-TOT-DATA-PROMO-ALLOW = 97356
23:18:28.456 [main] INFO  com.cloudframe.app.process.Comput1.process  110 - *MB* LK-RLU3A-ACCT-PLAN-DATA-ALLOW = 97356
23:18:28.456 [main] INFO  com.cloudframe.app.process.Comput1.process  124 - *GB* LK-RLU3A-TOT-DATA-PROMO-ALLOW = 97356
23:18:28.456 [main] INFO  com.cloudframe.app.process.Comput1.process  126 - *GB* LK-RLU3A-ACCT-PLAN-DATA-ALLOW = 97356
23:18:28.456 [main] INFO  com.cloudframe.app.process.Comput1.process   76 - ___________________________________
23:18:28.457 [main] INFO  com.cloudframe.app.process.Comput1.process   78 - 68 . WS-OOSU-SHARED-ALLOW = 4527509
23:18:28.457 [main] INFO  com.cloudframe.app.process.Comput1.process   90 - *KB* LK-RLU3A-TOT-DATA-PROMO-ALLOW = 101777
23:18:28.457 [main] INFO  com.cloudframe.app.process.Comput1.process   92 - *KB* LK-RLU3A-ACCT-PLAN-DATA-ALLOW = 101777
23:18:28.457 [main] INFO  com.cloudframe.app.process.Comput1.process  108 - *MB* LK-RLU3A-TOT-DATA-PROMO-ALLOW = 101781
23:18:28.457 [main] INFO  com.cloudframe.app.process.Comput1.process  110 - *MB* LK-RLU3A-ACCT-PLAN-DATA-ALLOW = 101781
23:18:28.457 [main] INFO  com.cloudframe.app.process.Comput1.process  124 - *GB* LK-RLU3A-TOT-DATA-PROMO-ALLOW = 101781
23:18:28.458 [main] INFO  com.cloudframe.app.process.Comput1.process  126 - *GB* LK-RLU3A-ACCT-PLAN-DATA-ALLOW = 101781
23:18:28.458 [main] INFO  com.cloudframe.app.process.Comput1.process   76 - ___________________________________
23:18:28.458 [main] INFO  com.cloudframe.app.process.Comput1.process   78 - 69 . WS-OOSU-SHARED-ALLOW = 4662625
23:18:28.458 [main] INFO  com.cloudframe.app.process.Comput1.process   90 - *KB* LK-RLU3A-TOT-DATA-PROMO-ALLOW = 106334
23:18:28.458 [main] INFO  com.cloudframe.app.process.Comput1.process   92 - *KB* LK-RLU3A-ACCT-PLAN-DATA-ALLOW = 106334
23:18:28.458 [main] INFO  com.cloudframe.app.process.Comput1.process  108 - *MB* LK-RLU3A-TOT-DATA-PROMO-ALLOW = 106338
23:18:28.458 [main] INFO  com.cloudframe.app.process.Comput1.process  110 - *MB* LK-RLU3A-ACCT-PLAN-DATA-ALLOW = 106338
23:18:28.459 [main] INFO  com.cloudframe.app.process.Comput1.process  124 - *GB* LK-RLU3A-TOT-DATA-PROMO-ALLOW = 106338
23:18:28.459 [main] INFO  com.cloudframe.app.process.Comput1.process  126 - *GB* LK-RLU3A-ACCT-PLAN-DATA-ALLOW = 106338
23:18:28.459 [main] INFO  com.cloudframe.app.process.Comput1.process   76 - ___________________________________
23:18:28.459 [main] INFO  com.cloudframe.app.process.Comput1.process   78 - 70 . WS-OOSU-SHARED-ALLOW = 4799728
23:18:28.459 [main] INFO  com.cloudframe.app.process.Comput1.process   90 - *KB* LK-RLU3A-TOT-DATA-PROMO-ALLOW = 111025
23:18:28.459 [main] INFO  com.cloudframe.app.process.Comput1.process   92 - *KB* LK-RLU3A-ACCT-PLAN-DATA-ALLOW = 111025
23:18:28.460 [main] INFO  com.cloudframe.app.process.Comput1.process  108 - *MB* LK-RLU3A-TOT-DATA-PROMO-ALLOW = 111029
23:18:28.460 [main] INFO  com.cloudframe.app.process.Comput1.process  110 - *MB* LK-RLU3A-ACCT-PLAN-DATA-ALLOW = 111029
23:18:28.460 [main] INFO  com.cloudframe.app.process.Comput1.process  124 - *GB* LK-RLU3A-TOT-DATA-PROMO-ALLOW = 111029
23:18:28.460 [main] INFO  com.cloudframe.app.process.Comput1.process  126 - *GB* LK-RLU3A-ACCT-PLAN-DATA-ALLOW = 111029
23:18:28.460 [main] INFO  com.cloudframe.app.process.Comput1.process   76 - ___________________________________
23:18:28.460 [main] INFO  com.cloudframe.app.process.Comput1.process   78 - 71 . WS-OOSU-SHARED-ALLOW = 4938818
23:18:28.461 [main] INFO  com.cloudframe.app.process.Comput1.process   90 - *KB* LK-RLU3A-TOT-DATA-PROMO-ALLOW = 115852
23:18:28.461 [main] INFO  com.cloudframe.app.process.Comput1.process   92 - *KB* LK-RLU3A-ACCT-PLAN-DATA-ALLOW = 115852
23:18:28.461 [main] INFO  com.cloudframe.app.process.Comput1.process  108 - *MB* LK-RLU3A-TOT-DATA-PROMO-ALLOW = 115856
23:18:28.461 [main] INFO  com.cloudframe.app.process.Comput1.process  110 - *MB* LK-RLU3A-ACCT-PLAN-DATA-ALLOW = 115856
23:18:28.461 [main] INFO  com.cloudframe.app.process.Comput1.process  124 - *GB* LK-RLU3A-TOT-DATA-PROMO-ALLOW = 115856
23:18:28.461 [main] INFO  com.cloudframe.app.process.Comput1.process  126 - *GB* LK-RLU3A-ACCT-PLAN-DATA-ALLOW = 115856
23:18:28.461 [main] INFO  com.cloudframe.app.process.Comput1.process   76 - ___________________________________
23:18:28.462 [main] INFO  com.cloudframe.app.process.Comput1.process   78 - 72 . WS-OOSU-SHARED-ALLOW = 5079895
23:18:28.462 [main] INFO  com.cloudframe.app.process.Comput1.process   90 - *KB* LK-RLU3A-TOT-DATA-PROMO-ALLOW = 120816
23:18:28.462 [main] INFO  com.cloudframe.app.process.Comput1.process   92 - *KB* LK-RLU3A-ACCT-PLAN-DATA-ALLOW = 120816
23:18:28.462 [main] INFO  com.cloudframe.app.process.Comput1.process  108 - *MB* LK-RLU3A-TOT-DATA-PROMO-ALLOW = 120820
23:18:28.462 [main] INFO  com.cloudframe.app.process.Comput1.process  110 - *MB* LK-RLU3A-ACCT-PLAN-DATA-ALLOW = 120820
23:18:28.462 [main] INFO  com.cloudframe.app.process.Comput1.process  124 - *GB* LK-RLU3A-TOT-DATA-PROMO-ALLOW = 120820
23:18:28.463 [main] INFO  com.cloudframe.app.process.Comput1.process  126 - *GB* LK-RLU3A-ACCT-PLAN-DATA-ALLOW = 120820
23:18:28.463 [main] INFO  com.cloudframe.app.process.Comput1.process   76 - ___________________________________
23:18:28.463 [main] INFO  com.cloudframe.app.process.Comput1.process   78 - 73 . WS-OOSU-SHARED-ALLOW = 5222959
23:18:28.463 [main] INFO  com.cloudframe.app.process.Comput1.process   90 - *KB* LK-RLU3A-TOT-DATA-PROMO-ALLOW = 125920
23:18:28.463 [main] INFO  com.cloudframe.app.process.Comput1.process   92 - *KB* LK-RLU3A-ACCT-PLAN-DATA-ALLOW = 125920
23:18:28.463 [main] INFO  com.cloudframe.app.process.Comput1.process  108 - *MB* LK-RLU3A-TOT-DATA-PROMO-ALLOW = 125924
23:18:28.463 [main] INFO  com.cloudframe.app.process.Comput1.process  110 - *MB* LK-RLU3A-ACCT-PLAN-DATA-ALLOW = 125924
23:18:28.464 [main] INFO  com.cloudframe.app.process.Comput1.process  124 - *GB* LK-RLU3A-TOT-DATA-PROMO-ALLOW = 125924
23:18:28.464 [main] INFO  com.cloudframe.app.process.Comput1.process  126 - *GB* LK-RLU3A-ACCT-PLAN-DATA-ALLOW = 125924
23:18:28.464 [main] INFO  com.cloudframe.app.process.Comput1.process   76 - ___________________________________
23:18:28.464 [main] INFO  com.cloudframe.app.process.Comput1.process   78 - 74 . WS-OOSU-SHARED-ALLOW = 5368010
23:18:28.464 [main] INFO  com.cloudframe.app.process.Comput1.process   90 - *KB* LK-RLU3A-TOT-DATA-PROMO-ALLOW = 131166
23:18:28.464 [main] INFO  com.cloudframe.app.process.Comput1.process   92 - *KB* LK-RLU3A-ACCT-PLAN-DATA-ALLOW = 131166
23:18:28.465 [main] INFO  com.cloudframe.app.process.Comput1.process  108 - *MB* LK-RLU3A-TOT-DATA-PROMO-ALLOW = 131171
23:18:28.465 [main] INFO  com.cloudframe.app.process.Comput1.process  110 - *MB* LK-RLU3A-ACCT-PLAN-DATA-ALLOW = 131171
23:18:28.465 [main] INFO  com.cloudframe.app.process.Comput1.process  124 - *GB* LK-RLU3A-TOT-DATA-PROMO-ALLOW = 131171
23:18:28.465 [main] INFO  com.cloudframe.app.process.Comput1.process  126 - *GB* LK-RLU3A-ACCT-PLAN-DATA-ALLOW = 131171
23:18:28.465 [main] INFO  com.cloudframe.app.process.Comput1.process   76 - ___________________________________
23:18:28.465 [main] INFO  com.cloudframe.app.process.Comput1.process   78 - 75 . WS-OOSU-SHARED-ALLOW = 5515048
23:18:28.466 [main] INFO  com.cloudframe.app.process.Comput1.process   90 - *KB* LK-RLU3A-TOT-DATA-PROMO-ALLOW = 136556
23:18:28.466 [main] INFO  com.cloudframe.app.process.Comput1.process   92 - *KB* LK-RLU3A-ACCT-PLAN-DATA-ALLOW = 136556
23:18:28.466 [main] INFO  com.cloudframe.app.process.Comput1.process  108 - *MB* LK-RLU3A-TOT-DATA-PROMO-ALLOW = 136561
23:18:28.466 [main] INFO  com.cloudframe.app.process.Comput1.process  110 - *MB* LK-RLU3A-ACCT-PLAN-DATA-ALLOW = 136561
23:18:28.466 [main] INFO  com.cloudframe.app.process.Comput1.process  124 - *GB* LK-RLU3A-TOT-DATA-PROMO-ALLOW = 136561
23:18:28.466 [main] INFO  com.cloudframe.app.process.Comput1.process  126 - *GB* LK-RLU3A-ACCT-PLAN-DATA-ALLOW = 136561
23:18:28.467 [main] INFO  com.cloudframe.app.process.Comput1.process   76 - ___________________________________
23:18:28.467 [main] INFO  com.cloudframe.app.process.Comput1.process   78 - 76 . WS-OOSU-SHARED-ALLOW = 5664073
23:18:28.467 [main] INFO  com.cloudframe.app.process.Comput1.process   90 - *KB* LK-RLU3A-TOT-DATA-PROMO-ALLOW = 142092
23:18:28.467 [main] INFO  com.cloudframe.app.process.Comput1.process   92 - *KB* LK-RLU3A-ACCT-PLAN-DATA-ALLOW = 142092
23:18:28.467 [main] INFO  com.cloudframe.app.process.Comput1.process  108 - *MB* LK-RLU3A-TOT-DATA-PROMO-ALLOW = 142097
23:18:28.467 [main] INFO  com.cloudframe.app.process.Comput1.process  110 - *MB* LK-RLU3A-ACCT-PLAN-DATA-ALLOW = 142097
23:18:28.467 [main] INFO  com.cloudframe.app.process.Comput1.process  124 - *GB* LK-RLU3A-TOT-DATA-PROMO-ALLOW = 142097
23:18:28.468 [main] INFO  com.cloudframe.app.process.Comput1.process  126 - *GB* LK-RLU3A-ACCT-PLAN-DATA-ALLOW = 142097
23:18:28.468 [main] INFO  com.cloudframe.app.process.Comput1.process   76 - ___________________________________
23:18:28.468 [main] INFO  com.cloudframe.app.process.Comput1.process   78 - 77 . WS-OOSU-SHARED-ALLOW = 5815085
23:18:28.468 [main] INFO  com.cloudframe.app.process.Comput1.process   90 - *KB* LK-RLU3A-TOT-DATA-PROMO-ALLOW = 147775
23:18:28.468 [main] INFO  com.cloudframe.app.process.Comput1.process   92 - *KB* LK-RLU3A-ACCT-PLAN-DATA-ALLOW = 147775
23:18:28.468 [main] INFO  com.cloudframe.app.process.Comput1.process  108 - *MB* LK-RLU3A-TOT-DATA-PROMO-ALLOW = 147780
23:18:28.468 [main] INFO  com.cloudframe.app.process.Comput1.process  110 - *MB* LK-RLU3A-ACCT-PLAN-DATA-ALLOW = 147780
23:18:28.469 [main] INFO  com.cloudframe.app.process.Comput1.process  124 - *GB* LK-RLU3A-TOT-DATA-PROMO-ALLOW = 147780
23:18:28.469 [main] INFO  com.cloudframe.app.process.Comput1.process  126 - *GB* LK-RLU3A-ACCT-PLAN-DATA-ALLOW = 147780
23:18:28.469 [main] INFO  com.cloudframe.app.process.Comput1.process   76 - ___________________________________
23:18:28.469 [main] INFO  com.cloudframe.app.process.Comput1.process   78 - 78 . WS-OOSU-SHARED-ALLOW = 5968084
23:18:28.469 [main] INFO  com.cloudframe.app.process.Comput1.process   90 - *KB* LK-RLU3A-TOT-DATA-PROMO-ALLOW = 153608
23:18:28.469 [main] INFO  com.cloudframe.app.process.Comput1.process   92 - *KB* LK-RLU3A-ACCT-PLAN-DATA-ALLOW = 153608
23:18:28.469 [main] INFO  com.cloudframe.app.process.Comput1.process  108 - *MB* LK-RLU3A-TOT-DATA-PROMO-ALLOW = 153613
23:18:28.470 [main] INFO  com.cloudframe.app.process.Comput1.process  110 - *MB* LK-RLU3A-ACCT-PLAN-DATA-ALLOW = 153613
23:18:28.470 [main] INFO  com.cloudframe.app.process.Comput1.process  124 - *GB* LK-RLU3A-TOT-DATA-PROMO-ALLOW = 153613
23:18:28.470 [main] INFO  com.cloudframe.app.process.Comput1.process  126 - *GB* LK-RLU3A-ACCT-PLAN-DATA-ALLOW = 153613
23:18:28.470 [main] INFO  com.cloudframe.app.process.Comput1.process   76 - ___________________________________
23:18:28.470 [main] INFO  com.cloudframe.app.process.Comput1.process   78 - 79 . WS-OOSU-SHARED-ALLOW = 6123070
23:18:28.470 [main] INFO  com.cloudframe.app.process.Comput1.process   90 - *KB* LK-RLU3A-TOT-DATA-PROMO-ALLOW = 159592
23:18:28.471 [main] INFO  com.cloudframe.app.process.Comput1.process   92 - *KB* LK-RLU3A-ACCT-PLAN-DATA-ALLOW = 159592
23:18:28.471 [main] INFO  com.cloudframe.app.process.Comput1.process  108 - *MB* LK-RLU3A-TOT-DATA-PROMO-ALLOW = 159597
23:18:28.471 [main] INFO  com.cloudframe.app.process.Comput1.process  110 - *MB* LK-RLU3A-ACCT-PLAN-DATA-ALLOW = 159597
23:18:28.471 [main] INFO  com.cloudframe.app.process.Comput1.process  124 - *GB* LK-RLU3A-TOT-DATA-PROMO-ALLOW = 159597
23:18:28.471 [main] INFO  com.cloudframe.app.process.Comput1.process  126 - *GB* LK-RLU3A-ACCT-PLAN-DATA-ALLOW = 159597
23:18:28.471 [main] INFO  com.cloudframe.app.process.Comput1.process   76 - ___________________________________
23:18:28.471 [main] INFO  com.cloudframe.app.process.Comput1.process   78 - 80 . WS-OOSU-SHARED-ALLOW = 6280043
23:18:28.472 [main] INFO  com.cloudframe.app.process.Comput1.process   90 - *KB* LK-RLU3A-TOT-DATA-PROMO-ALLOW = 165729
23:18:28.472 [main] INFO  com.cloudframe.app.process.Comput1.process   92 - *KB* LK-RLU3A-ACCT-PLAN-DATA-ALLOW = 165729
23:18:28.472 [main] INFO  com.cloudframe.app.process.Comput1.process  108 - *MB* LK-RLU3A-TOT-DATA-PROMO-ALLOW = 165734
23:18:28.472 [main] INFO  com.cloudframe.app.process.Comput1.process  110 - *MB* LK-RLU3A-ACCT-PLAN-DATA-ALLOW = 165734
23:18:28.472 [main] INFO  com.cloudframe.app.process.Comput1.process  124 - *GB* LK-RLU3A-TOT-DATA-PROMO-ALLOW = 165734
23:18:28.472 [main] INFO  com.cloudframe.app.process.Comput1.process  126 - *GB* LK-RLU3A-ACCT-PLAN-DATA-ALLOW = 165734
23:18:28.472 [main] INFO  com.cloudframe.app.process.Comput1.process   76 - ___________________________________
23:18:28.473 [main] INFO  com.cloudframe.app.process.Comput1.process   78 - 81 . WS-OOSU-SHARED-ALLOW = 6439003
23:18:28.473 [main] INFO  com.cloudframe.app.process.Comput1.process   90 - *KB* LK-RLU3A-TOT-DATA-PROMO-ALLOW = 172022
23:18:28.473 [main] INFO  com.cloudframe.app.process.Comput1.process   92 - *KB* LK-RLU3A-ACCT-PLAN-DATA-ALLOW = 172022
23:18:28.473 [main] INFO  com.cloudframe.app.process.Comput1.process  108 - *MB* LK-RLU3A-TOT-DATA-PROMO-ALLOW = 172028
23:18:28.473 [main] INFO  com.cloudframe.app.process.Comput1.process  110 - *MB* LK-RLU3A-ACCT-PLAN-DATA-ALLOW = 172028
23:18:28.473 [main] INFO  com.cloudframe.app.process.Comput1.process  124 - *GB* LK-RLU3A-TOT-DATA-PROMO-ALLOW = 172028
23:18:28.474 [main] INFO  com.cloudframe.app.process.Comput1.process  126 - *GB* LK-RLU3A-ACCT-PLAN-DATA-ALLOW = 172028
23:18:28.474 [main] INFO  com.cloudframe.app.process.Comput1.process   76 - ___________________________________
23:18:28.474 [main] INFO  com.cloudframe.app.process.Comput1.process   78 - 82 . WS-OOSU-SHARED-ALLOW = 6599950
23:18:28.474 [main] INFO  com.cloudframe.app.process.Comput1.process   90 - *KB* LK-RLU3A-TOT-DATA-PROMO-ALLOW = 178473
23:18:28.474 [main] INFO  com.cloudframe.app.process.Comput1.process   92 - *KB* LK-RLU3A-ACCT-PLAN-DATA-ALLOW = 178473
23:18:28.474 [main] INFO  com.cloudframe.app.process.Comput1.process  108 - *MB* LK-RLU3A-TOT-DATA-PROMO-ALLOW = 178479
23:18:28.474 [main] INFO  com.cloudframe.app.process.Comput1.process  110 - *MB* LK-RLU3A-ACCT-PLAN-DATA-ALLOW = 178479
23:18:28.475 [main] INFO  com.cloudframe.app.process.Comput1.process  124 - *GB* LK-RLU3A-TOT-DATA-PROMO-ALLOW = 178479
23:18:28.475 [main] INFO  com.cloudframe.app.process.Comput1.process  126 - *GB* LK-RLU3A-ACCT-PLAN-DATA-ALLOW = 178479
23:18:28.475 [main] INFO  com.cloudframe.app.process.Comput1.process   76 - ___________________________________
23:18:28.475 [main] INFO  com.cloudframe.app.process.Comput1.process   78 - 83 . WS-OOSU-SHARED-ALLOW = 6762884
23:18:28.475 [main] INFO  com.cloudframe.app.process.Comput1.process   90 - *KB* LK-RLU3A-TOT-DATA-PROMO-ALLOW = 185083
23:18:28.475 [main] INFO  com.cloudframe.app.process.Comput1.process   92 - *KB* LK-RLU3A-ACCT-PLAN-DATA-ALLOW = 185083
23:18:28.476 [main] INFO  com.cloudframe.app.process.Comput1.process  108 - *MB* LK-RLU3A-TOT-DATA-PROMO-ALLOW = 185089
23:18:28.476 [main] INFO  com.cloudframe.app.process.Comput1.process  110 - *MB* LK-RLU3A-ACCT-PLAN-DATA-ALLOW = 185089
23:18:28.476 [main] INFO  com.cloudframe.app.process.Comput1.process  124 - *GB* LK-RLU3A-TOT-DATA-PROMO-ALLOW = 185089
23:18:28.476 [main] INFO  com.cloudframe.app.process.Comput1.process  126 - *GB* LK-RLU3A-ACCT-PLAN-DATA-ALLOW = 185089
23:18:28.476 [main] INFO  com.cloudframe.app.process.Comput1.process   76 - ___________________________________
23:18:28.476 [main] INFO  com.cloudframe.app.process.Comput1.process   78 - 84 . WS-OOSU-SHARED-ALLOW = 6927805
23:18:28.477 [main] INFO  com.cloudframe.app.process.Comput1.process   90 - *KB* LK-RLU3A-TOT-DATA-PROMO-ALLOW = 191854
23:18:28.477 [main] INFO  com.cloudframe.app.process.Comput1.process   92 - *KB* LK-RLU3A-ACCT-PLAN-DATA-ALLOW = 191854
23:18:28.477 [main] INFO  com.cloudframe.app.process.Comput1.process  108 - *MB* LK-RLU3A-TOT-DATA-PROMO-ALLOW = 191860
23:18:28.477 [main] INFO  com.cloudframe.app.process.Comput1.process  110 - *MB* LK-RLU3A-ACCT-PLAN-DATA-ALLOW = 191860
23:18:28.477 [main] INFO  com.cloudframe.app.process.Comput1.process  124 - *GB* LK-RLU3A-TOT-DATA-PROMO-ALLOW = 191860
23:18:28.477 [main] INFO  com.cloudframe.app.process.Comput1.process  126 - *GB* LK-RLU3A-ACCT-PLAN-DATA-ALLOW = 191860
23:18:28.478 [main] INFO  com.cloudframe.app.process.Comput1.process   76 - ___________________________________
23:18:28.478 [main] INFO  com.cloudframe.app.process.Comput1.process   78 - 85 . WS-OOSU-SHARED-ALLOW = 7094713
23:18:28.478 [main] INFO  com.cloudframe.app.process.Comput1.process   90 - *KB* LK-RLU3A-TOT-DATA-PROMO-ALLOW = 198788
23:18:28.478 [main] INFO  com.cloudframe.app.process.Comput1.process   92 - *KB* LK-RLU3A-ACCT-PLAN-DATA-ALLOW = 198788
23:18:28.478 [main] INFO  com.cloudframe.app.process.Comput1.process  108 - *MB* LK-RLU3A-TOT-DATA-PROMO-ALLOW = 198794
23:18:28.478 [main] INFO  com.cloudframe.app.process.Comput1.process  110 - *MB* LK-RLU3A-ACCT-PLAN-DATA-ALLOW = 198794
23:18:28.479 [main] INFO  com.cloudframe.app.process.Comput1.process  124 - *GB* LK-RLU3A-TOT-DATA-PROMO-ALLOW = 198794
23:18:28.479 [main] INFO  com.cloudframe.app.process.Comput1.process  126 - *GB* LK-RLU3A-ACCT-PLAN-DATA-ALLOW = 198794
23:18:28.479 [main] INFO  com.cloudframe.app.process.Comput1.process   76 - ___________________________________
23:18:28.480 [main] INFO  com.cloudframe.app.process.Comput1.process   78 - 86 . WS-OOSU-SHARED-ALLOW = 7263608
23:18:28.480 [main] INFO  com.cloudframe.app.process.Comput1.process   90 - *KB* LK-RLU3A-TOT-DATA-PROMO-ALLOW = 205887
23:18:28.481 [main] INFO  com.cloudframe.app.process.Comput1.process   92 - *KB* LK-RLU3A-ACCT-PLAN-DATA-ALLOW = 205887
23:18:28.481 [main] INFO  com.cloudframe.app.process.Comput1.process  108 - *MB* LK-RLU3A-TOT-DATA-PROMO-ALLOW = 205893
23:18:28.481 [main] INFO  com.cloudframe.app.process.Comput1.process  110 - *MB* LK-RLU3A-ACCT-PLAN-DATA-ALLOW = 205893
23:18:28.481 [main] INFO  com.cloudframe.app.process.Comput1.process  124 - *GB* LK-RLU3A-TOT-DATA-PROMO-ALLOW = 205893
23:18:28.481 [main] INFO  com.cloudframe.app.process.Comput1.process  126 - *GB* LK-RLU3A-ACCT-PLAN-DATA-ALLOW = 205893
23:18:28.482 [main] INFO  com.cloudframe.app.process.Comput1.process   76 - ___________________________________
23:18:28.482 [main] INFO  com.cloudframe.app.process.Comput1.process   78 - 87 . WS-OOSU-SHARED-ALLOW = 7434490
23:18:28.482 [main] INFO  com.cloudframe.app.process.Comput1.process   90 - *KB* LK-RLU3A-TOT-DATA-PROMO-ALLOW = 213153
23:18:28.482 [main] INFO  com.cloudframe.app.process.Comput1.process   92 - *KB* LK-RLU3A-ACCT-PLAN-DATA-ALLOW = 213153
23:18:28.482 [main] INFO  com.cloudframe.app.process.Comput1.process  108 - *MB* LK-RLU3A-TOT-DATA-PROMO-ALLOW = 213160
23:18:28.482 [main] INFO  com.cloudframe.app.process.Comput1.process  110 - *MB* LK-RLU3A-ACCT-PLAN-DATA-ALLOW = 213160
23:18:28.483 [main] INFO  com.cloudframe.app.process.Comput1.process  124 - *GB* LK-RLU3A-TOT-DATA-PROMO-ALLOW = 213160
23:18:28.483 [main] INFO  com.cloudframe.app.process.Comput1.process  126 - *GB* LK-RLU3A-ACCT-PLAN-DATA-ALLOW = 213160
23:18:28.483 [main] INFO  com.cloudframe.app.process.Comput1.process   76 - ___________________________________
23:18:28.483 [main] INFO  com.cloudframe.app.process.Comput1.process   78 - 88 . WS-OOSU-SHARED-ALLOW = 7607359
23:18:28.483 [main] INFO  com.cloudframe.app.process.Comput1.process   90 - *KB* LK-RLU3A-TOT-DATA-PROMO-ALLOW = 220589
23:18:28.483 [main] INFO  com.cloudframe.app.process.Comput1.process   92 - *KB* LK-RLU3A-ACCT-PLAN-DATA-ALLOW = 220589
23:18:28.484 [main] INFO  com.cloudframe.app.process.Comput1.process  108 - *MB* LK-RLU3A-TOT-DATA-PROMO-ALLOW = 220596
23:18:28.484 [main] INFO  com.cloudframe.app.process.Comput1.process  110 - *MB* LK-RLU3A-ACCT-PLAN-DATA-ALLOW = 220596
23:18:28.484 [main] INFO  com.cloudframe.app.process.Comput1.process  124 - *GB* LK-RLU3A-TOT-DATA-PROMO-ALLOW = 220596
23:18:28.484 [main] INFO  com.cloudframe.app.process.Comput1.process  126 - *GB* LK-RLU3A-ACCT-PLAN-DATA-ALLOW = 220596
23:18:28.484 [main] INFO  com.cloudframe.app.process.Comput1.process   76 - ___________________________________
23:18:28.484 [main] INFO  com.cloudframe.app.process.Comput1.process   78 - 89 . WS-OOSU-SHARED-ALLOW = 7782215
23:18:28.485 [main] INFO  com.cloudframe.app.process.Comput1.process   90 - *KB* LK-RLU3A-TOT-DATA-PROMO-ALLOW = 228195
23:18:28.485 [main] INFO  com.cloudframe.app.process.Comput1.process   92 - *KB* LK-RLU3A-ACCT-PLAN-DATA-ALLOW = 228195
23:18:28.485 [main] INFO  com.cloudframe.app.process.Comput1.process  108 - *MB* LK-RLU3A-TOT-DATA-PROMO-ALLOW = 228202
23:18:28.485 [main] INFO  com.cloudframe.app.process.Comput1.process  110 - *MB* LK-RLU3A-ACCT-PLAN-DATA-ALLOW = 228202
23:18:28.485 [main] INFO  com.cloudframe.app.process.Comput1.process  124 - *GB* LK-RLU3A-TOT-DATA-PROMO-ALLOW = 228202
23:18:28.485 [main] INFO  com.cloudframe.app.process.Comput1.process  126 - *GB* LK-RLU3A-ACCT-PLAN-DATA-ALLOW = 228202
23:18:28.486 [main] INFO  com.cloudframe.app.process.Comput1.process   76 - ___________________________________
23:18:28.486 [main] INFO  com.cloudframe.app.process.Comput1.process   78 - 90 . WS-OOSU-SHARED-ALLOW = 7959058
23:18:28.486 [main] INFO  com.cloudframe.app.process.Comput1.process   90 - *KB* LK-RLU3A-TOT-DATA-PROMO-ALLOW = 235974
23:18:28.486 [main] INFO  com.cloudframe.app.process.Comput1.process   92 - *KB* LK-RLU3A-ACCT-PLAN-DATA-ALLOW = 235974
23:18:28.486 [main] INFO  com.cloudframe.app.process.Comput1.process  108 - *MB* LK-RLU3A-TOT-DATA-PROMO-ALLOW = 235981
23:18:28.486 [main] INFO  com.cloudframe.app.process.Comput1.process  110 - *MB* LK-RLU3A-ACCT-PLAN-DATA-ALLOW = 235981
23:18:28.487 [main] INFO  com.cloudframe.app.process.Comput1.process  124 - *GB* LK-RLU3A-TOT-DATA-PROMO-ALLOW = 235981
23:18:28.487 [main] INFO  com.cloudframe.app.process.Comput1.process  126 - *GB* LK-RLU3A-ACCT-PLAN-DATA-ALLOW = 235981
23:18:28.487 [main] INFO  com.cloudframe.app.process.Comput1.process   76 - ___________________________________
23:18:28.487 [main] INFO  com.cloudframe.app.process.Comput1.process   78 - 91 . WS-OOSU-SHARED-ALLOW = 8137888
23:18:28.487 [main] INFO  com.cloudframe.app.process.Comput1.process   90 - *KB* LK-RLU3A-TOT-DATA-PROMO-ALLOW = 243928
23:18:28.487 [main] INFO  com.cloudframe.app.process.Comput1.process   92 - *KB* LK-RLU3A-ACCT-PLAN-DATA-ALLOW = 243928
23:18:28.487 [main] INFO  com.cloudframe.app.process.Comput1.process  108 - *MB* LK-RLU3A-TOT-DATA-PROMO-ALLOW = 243935
23:18:28.488 [main] INFO  com.cloudframe.app.process.Comput1.process  110 - *MB* LK-RLU3A-ACCT-PLAN-DATA-ALLOW = 243935
23:18:28.488 [main] INFO  com.cloudframe.app.process.Comput1.process  124 - *GB* LK-RLU3A-TOT-DATA-PROMO-ALLOW = 243935
23:18:28.488 [main] INFO  com.cloudframe.app.process.Comput1.process  126 - *GB* LK-RLU3A-ACCT-PLAN-DATA-ALLOW = 243935
23:18:28.488 [main] INFO  com.cloudframe.app.process.Comput1.process   76 - ___________________________________
23:18:28.488 [main] INFO  com.cloudframe.app.process.Comput1.process   78 - 92 . WS-OOSU-SHARED-ALLOW = 8318705
23:18:28.488 [main] INFO  com.cloudframe.app.process.Comput1.process   90 - *KB* LK-RLU3A-TOT-DATA-PROMO-ALLOW = 252058
23:18:28.489 [main] INFO  com.cloudframe.app.process.Comput1.process   92 - *KB* LK-RLU3A-ACCT-PLAN-DATA-ALLOW = 252058
23:18:28.489 [main] INFO  com.cloudframe.app.process.Comput1.process  108 - *MB* LK-RLU3A-TOT-DATA-PROMO-ALLOW = 252065
23:18:28.489 [main] INFO  com.cloudframe.app.process.Comput1.process  110 - *MB* LK-RLU3A-ACCT-PLAN-DATA-ALLOW = 252065
23:18:28.489 [main] INFO  com.cloudframe.app.process.Comput1.process  124 - *GB* LK-RLU3A-TOT-DATA-PROMO-ALLOW = 252065
23:18:28.489 [main] INFO  com.cloudframe.app.process.Comput1.process  126 - *GB* LK-RLU3A-ACCT-PLAN-DATA-ALLOW = 252065
23:18:28.489 [main] INFO  com.cloudframe.app.process.Comput1.process   76 - ___________________________________
23:18:28.489 [main] INFO  com.cloudframe.app.process.Comput1.process   78 - 93 . WS-OOSU-SHARED-ALLOW = 8501509
23:18:28.490 [main] INFO  com.cloudframe.app.process.Comput1.process   90 - *KB* LK-RLU3A-TOT-DATA-PROMO-ALLOW = 260367
23:18:28.490 [main] INFO  com.cloudframe.app.process.Comput1.process   92 - *KB* LK-RLU3A-ACCT-PLAN-DATA-ALLOW = 260367
23:18:28.490 [main] INFO  com.cloudframe.app.process.Comput1.process  108 - *MB* LK-RLU3A-TOT-DATA-PROMO-ALLOW = 260375
23:18:28.490 [main] INFO  com.cloudframe.app.process.Comput1.process  110 - *MB* LK-RLU3A-ACCT-PLAN-DATA-ALLOW = 260375
23:18:28.490 [main] INFO  com.cloudframe.app.process.Comput1.process  124 - *GB* LK-RLU3A-TOT-DATA-PROMO-ALLOW = 260375
23:18:28.491 [main] INFO  com.cloudframe.app.process.Comput1.process  126 - *GB* LK-RLU3A-ACCT-PLAN-DATA-ALLOW = 260375
23:18:28.491 [main] INFO  com.cloudframe.app.process.Comput1.process   76 - ___________________________________
23:18:28.491 [main] INFO  com.cloudframe.app.process.Comput1.process   78 - 94 . WS-OOSU-SHARED-ALLOW = 8686300
23:18:28.491 [main] INFO  com.cloudframe.app.process.Comput1.process   90 - *KB* LK-RLU3A-TOT-DATA-PROMO-ALLOW = 268857
23:18:28.491 [main] INFO  com.cloudframe.app.process.Comput1.process   92 - *KB* LK-RLU3A-ACCT-PLAN-DATA-ALLOW = 268857
23:18:28.491 [main] INFO  com.cloudframe.app.process.Comput1.process  108 - *MB* LK-RLU3A-TOT-DATA-PROMO-ALLOW = 268865
23:18:28.492 [main] INFO  com.cloudframe.app.process.Comput1.process  110 - *MB* LK-RLU3A-ACCT-PLAN-DATA-ALLOW = 268865
23:18:28.492 [main] INFO  com.cloudframe.app.process.Comput1.process  124 - *GB* LK-RLU3A-TOT-DATA-PROMO-ALLOW = 268865
23:18:28.492 [main] INFO  com.cloudframe.app.process.Comput1.process  126 - *GB* LK-RLU3A-ACCT-PLAN-DATA-ALLOW = 268865
23:18:28.492 [main] INFO  com.cloudframe.app.process.Comput1.process   76 - ___________________________________
23:18:28.492 [main] INFO  com.cloudframe.app.process.Comput1.process   78 - 95 . WS-OOSU-SHARED-ALLOW = 8873078
23:18:28.492 [main] INFO  com.cloudframe.app.process.Comput1.process   90 - *KB* LK-RLU3A-TOT-DATA-PROMO-ALLOW = 277530
23:18:28.492 [main] INFO  com.cloudframe.app.process.Comput1.process   92 - *KB* LK-RLU3A-ACCT-PLAN-DATA-ALLOW = 277530
23:18:28.493 [main] INFO  com.cloudframe.app.process.Comput1.process  108 - *MB* LK-RLU3A-TOT-DATA-PROMO-ALLOW = 277538
23:18:28.493 [main] INFO  com.cloudframe.app.process.Comput1.process  110 - *MB* LK-RLU3A-ACCT-PLAN-DATA-ALLOW = 277538
23:18:28.493 [main] INFO  com.cloudframe.app.process.Comput1.process  124 - *GB* LK-RLU3A-TOT-DATA-PROMO-ALLOW = 277538
23:18:28.493 [main] INFO  com.cloudframe.app.process.Comput1.process  126 - *GB* LK-RLU3A-ACCT-PLAN-DATA-ALLOW = 277538
23:18:28.493 [main] INFO  com.cloudframe.app.process.Comput1.process   76 - ___________________________________
23:18:28.494 [main] INFO  com.cloudframe.app.process.Comput1.process   78 - 96 . WS-OOSU-SHARED-ALLOW = 9061843
23:18:28.494 [main] INFO  com.cloudframe.app.process.Comput1.process   90 - *KB* LK-RLU3A-TOT-DATA-PROMO-ALLOW = 286387
23:18:28.494 [main] INFO  com.cloudframe.app.process.Comput1.process   92 - *KB* LK-RLU3A-ACCT-PLAN-DATA-ALLOW = 286387
23:18:28.494 [main] INFO  com.cloudframe.app.process.Comput1.process  108 - *MB* LK-RLU3A-TOT-DATA-PROMO-ALLOW = 286395
23:18:28.494 [main] INFO  com.cloudframe.app.process.Comput1.process  110 - *MB* LK-RLU3A-ACCT-PLAN-DATA-ALLOW = 286395
23:18:28.494 [main] INFO  com.cloudframe.app.process.Comput1.process  124 - *GB* LK-RLU3A-TOT-DATA-PROMO-ALLOW = 286395
23:18:28.494 [main] INFO  com.cloudframe.app.process.Comput1.process  126 - *GB* LK-RLU3A-ACCT-PLAN-DATA-ALLOW = 286395
23:18:28.495 [main] INFO  com.cloudframe.app.process.Comput1.process   76 - ___________________________________
23:18:28.495 [main] INFO  com.cloudframe.app.process.Comput1.process   78 - 97 . WS-OOSU-SHARED-ALLOW = 9252595
23:18:28.495 [main] INFO  com.cloudframe.app.process.Comput1.process   90 - *KB* LK-RLU3A-TOT-DATA-PROMO-ALLOW = 295430
23:18:28.495 [main] INFO  com.cloudframe.app.process.Comput1.process   92 - *KB* LK-RLU3A-ACCT-PLAN-DATA-ALLOW = 295430
23:18:28.495 [main] INFO  com.cloudframe.app.process.Comput1.process  108 - *MB* LK-RLU3A-TOT-DATA-PROMO-ALLOW = 295438
23:18:28.495 [main] INFO  com.cloudframe.app.process.Comput1.process  110 - *MB* LK-RLU3A-ACCT-PLAN-DATA-ALLOW = 295438
23:18:28.496 [main] INFO  com.cloudframe.app.process.Comput1.process  124 - *GB* LK-RLU3A-TOT-DATA-PROMO-ALLOW = 295438
23:18:28.496 [main] INFO  com.cloudframe.app.process.Comput1.process  126 - *GB* LK-RLU3A-ACCT-PLAN-DATA-ALLOW = 295438
23:18:28.496 [main] INFO  com.cloudframe.app.process.Comput1.process   76 - ___________________________________
23:18:28.496 [main] INFO  com.cloudframe.app.process.Comput1.process   78 - 98 . WS-OOSU-SHARED-ALLOW = 9445334
23:18:28.496 [main] INFO  com.cloudframe.app.process.Comput1.process   90 - *KB* LK-RLU3A-TOT-DATA-PROMO-ALLOW = 304661
23:18:28.496 [main] INFO  com.cloudframe.app.process.Comput1.process   92 - *KB* LK-RLU3A-ACCT-PLAN-DATA-ALLOW = 304661
23:18:28.497 [main] INFO  com.cloudframe.app.process.Comput1.process  108 - *MB* LK-RLU3A-TOT-DATA-PROMO-ALLOW = 304670
23:18:28.497 [main] INFO  com.cloudframe.app.process.Comput1.process  110 - *MB* LK-RLU3A-ACCT-PLAN-DATA-ALLOW = 304670
23:18:28.497 [main] INFO  com.cloudframe.app.process.Comput1.process  124 - *GB* LK-RLU3A-TOT-DATA-PROMO-ALLOW = 304670
23:18:28.497 [main] INFO  com.cloudframe.app.process.Comput1.process  126 - *GB* LK-RLU3A-ACCT-PLAN-DATA-ALLOW = 304670
23:18:28.497 [main] INFO  com.cloudframe.app.process.Comput1.process   76 - ___________________________________
23:18:28.497 [main] INFO  com.cloudframe.app.process.Comput1.process   78 - 99 . WS-OOSU-SHARED-ALLOW = 9640060
23:18:28.497 [main] INFO  com.cloudframe.app.process.Comput1.process   90 - *KB* LK-RLU3A-TOT-DATA-PROMO-ALLOW = 314084
23:18:28.498 [main] INFO  com.cloudframe.app.process.Comput1.process   92 - *KB* LK-RLU3A-ACCT-PLAN-DATA-ALLOW = 314084
23:18:28.498 [main] INFO  com.cloudframe.app.process.Comput1.process  108 - *MB* LK-RLU3A-TOT-DATA-PROMO-ALLOW = 314093
23:18:28.498 [main] INFO  com.cloudframe.app.process.Comput1.process  110 - *MB* LK-RLU3A-ACCT-PLAN-DATA-ALLOW = 314093
23:18:28.498 [main] INFO  com.cloudframe.app.process.Comput1.process  124 - *GB* LK-RLU3A-TOT-DATA-PROMO-ALLOW = 314093
23:18:28.498 [main] INFO  com.cloudframe.app.process.Comput1.process  126 - *GB* LK-RLU3A-ACCT-PLAN-DATA-ALLOW = 314093
23:18:28.498 [main] INFO  com.cloudframe.app.process.Comput1.process   76 - ___________________________________
23:18:28.499 [main] INFO  com.cloudframe.app.process.Comput1.process   78 - 100 . WS-OOSU-SHARED-ALLOW = 9836773
23:18:28.499 [main] INFO  com.cloudframe.app.process.Comput1.process   90 - *KB* LK-RLU3A-TOT-DATA-PROMO-ALLOW = 323699
23:18:28.499 [main] INFO  com.cloudframe.app.process.Comput1.process   92 - *KB* LK-RLU3A-ACCT-PLAN-DATA-ALLOW = 323699
23:18:28.499 [main] INFO  com.cloudframe.app.process.Comput1.process  108 - *MB* LK-RLU3A-TOT-DATA-PROMO-ALLOW = 323708
23:18:28.499 [main] INFO  com.cloudframe.app.process.Comput1.process  110 - *MB* LK-RLU3A-ACCT-PLAN-DATA-ALLOW = 323708
23:18:28.499 [main] INFO  com.cloudframe.app.process.Comput1.process  124 - *GB* LK-RLU3A-TOT-DATA-PROMO-ALLOW = 323708
23:18:28.499 [main] INFO  com.cloudframe.app.process.Comput1.process  126 - *GB* LK-RLU3A-ACCT-PLAN-DATA-ALLOW = 323708
23:18:28.500 [main] INFO  com.cloudframe.app.process.Comput1.process   76 - ___________________________________
23:18:28.500 [main] INFO  com.cloudframe.app.process.Comput1.process   78 - 101 . WS-OOSU-SHARED-ALLOW = 10035473
23:18:28.500 [main] INFO  com.cloudframe.app.process.Comput1.process   90 - *KB* LK-RLU3A-TOT-DATA-PROMO-ALLOW = 333508
23:18:28.500 [main] INFO  com.cloudframe.app.process.Comput1.process   92 - *KB* LK-RLU3A-ACCT-PLAN-DATA-ALLOW = 333508
23:18:28.500 [main] INFO  com.cloudframe.app.process.Comput1.process  108 - *MB* LK-RLU3A-TOT-DATA-PROMO-ALLOW = 333517
23:18:28.500 [main] INFO  com.cloudframe.app.process.Comput1.process  110 - *MB* LK-RLU3A-ACCT-PLAN-DATA-ALLOW = 333517
23:18:28.501 [main] INFO  com.cloudframe.app.process.Comput1.process  124 - *GB* LK-RLU3A-TOT-DATA-PROMO-ALLOW = 333517
23:18:28.501 [main] INFO  com.cloudframe.app.process.Comput1.process  126 - *GB* LK-RLU3A-ACCT-PLAN-DATA-ALLOW = 333517
23:18:28.501 [main] INFO  com.cloudframe.app.process.Comput1.process   76 - ___________________________________
23:18:28.501 [main] INFO  com.cloudframe.app.process.Comput1.process   78 - 102 . WS-OOSU-SHARED-ALLOW = 10236160
23:18:28.501 [main] INFO  com.cloudframe.app.process.Comput1.process   90 - *KB* LK-RLU3A-TOT-DATA-PROMO-ALLOW = 343513
23:18:28.501 [main] INFO  com.cloudframe.app.process.Comput1.process   92 - *KB* LK-RLU3A-ACCT-PLAN-DATA-ALLOW = 343513
23:18:28.502 [main] INFO  com.cloudframe.app.process.Comput1.process  108 - *MB* LK-RLU3A-TOT-DATA-PROMO-ALLOW = 343522
23:18:28.502 [main] INFO  com.cloudframe.app.process.Comput1.process  110 - *MB* LK-RLU3A-ACCT-PLAN-DATA-ALLOW = 343522
23:18:28.502 [main] INFO  com.cloudframe.app.process.Comput1.process  124 - *GB* LK-RLU3A-TOT-DATA-PROMO-ALLOW = 343522
23:18:28.502 [main] INFO  com.cloudframe.app.process.Comput1.process  126 - *GB* LK-RLU3A-ACCT-PLAN-DATA-ALLOW = 343522
23:18:28.502 [main] INFO  com.cloudframe.app.process.Comput1.process   76 - ___________________________________
23:18:28.502 [main] INFO  com.cloudframe.app.process.Comput1.process   78 - 103 . WS-OOSU-SHARED-ALLOW = 10438834
23:18:28.502 [main] INFO  com.cloudframe.app.process.Comput1.process   90 - *KB* LK-RLU3A-TOT-DATA-PROMO-ALLOW = 353716
23:18:28.502 [main] INFO  com.cloudframe.app.process.Comput1.process   92 - *KB* LK-RLU3A-ACCT-PLAN-DATA-ALLOW = 353716
23:18:28.502 [main] INFO  com.cloudframe.app.process.Comput1.process  108 - *MB* LK-RLU3A-TOT-DATA-PROMO-ALLOW = 353725
23:18:28.502 [main] INFO  com.cloudframe.app.process.Comput1.process  110 - *MB* LK-RLU3A-ACCT-PLAN-DATA-ALLOW = 353725
23:18:28.503 [main] INFO  com.cloudframe.app.process.Comput1.process  124 - *GB* LK-RLU3A-TOT-DATA-PROMO-ALLOW = 353725
23:18:28.503 [main] INFO  com.cloudframe.app.process.Comput1.process  126 - *GB* LK-RLU3A-ACCT-PLAN-DATA-ALLOW = 353725
23:18:28.503 [main] INFO  com.cloudframe.app.process.Comput1.process   76 - ___________________________________
23:18:28.503 [main] INFO  com.cloudframe.app.process.Comput1.process   78 - 104 . WS-OOSU-SHARED-ALLOW = 10643495
23:18:28.503 [main] INFO  com.cloudframe.app.process.Comput1.process   90 - *KB* LK-RLU3A-TOT-DATA-PROMO-ALLOW = 364119
23:18:28.503 [main] INFO  com.cloudframe.app.process.Comput1.process   92 - *KB* LK-RLU3A-ACCT-PLAN-DATA-ALLOW = 364119
23:18:28.504 [main] INFO  com.cloudframe.app.process.Comput1.process  108 - *MB* LK-RLU3A-TOT-DATA-PROMO-ALLOW = 364129
23:18:28.504 [main] INFO  com.cloudframe.app.process.Comput1.process  110 - *MB* LK-RLU3A-ACCT-PLAN-DATA-ALLOW = 364129
23:18:28.504 [main] INFO  com.cloudframe.app.process.Comput1.process  124 - *GB* LK-RLU3A-TOT-DATA-PROMO-ALLOW = 364129
23:18:28.504 [main] INFO  com.cloudframe.app.process.Comput1.process  126 - *GB* LK-RLU3A-ACCT-PLAN-DATA-ALLOW = 364129
23:18:28.504 [main] INFO  com.cloudframe.app.process.Comput1.process   76 - ___________________________________
23:18:28.504 [main] INFO  com.cloudframe.app.process.Comput1.process   78 - 105 . WS-OOSU-SHARED-ALLOW = 10850143
23:18:28.505 [main] INFO  com.cloudframe.app.process.Comput1.process   90 - *KB* LK-RLU3A-TOT-DATA-PROMO-ALLOW = 374724
23:18:28.505 [main] INFO  com.cloudframe.app.process.Comput1.process   92 - *KB* LK-RLU3A-ACCT-PLAN-DATA-ALLOW = 374724
23:18:28.505 [main] INFO  com.cloudframe.app.process.Comput1.process  108 - *MB* LK-RLU3A-TOT-DATA-PROMO-ALLOW = 374734
23:18:28.505 [main] INFO  com.cloudframe.app.process.Comput1.process  110 - *MB* LK-RLU3A-ACCT-PLAN-DATA-ALLOW = 374734
23:18:28.505 [main] INFO  com.cloudframe.app.process.Comput1.process  124 - *GB* LK-RLU3A-TOT-DATA-PROMO-ALLOW = 374734
23:18:28.506 [main] INFO  com.cloudframe.app.process.Comput1.process  126 - *GB* LK-RLU3A-ACCT-PLAN-DATA-ALLOW = 374734
23:18:28.506 [main] INFO  com.cloudframe.app.process.Comput1.process   76 - ___________________________________
23:18:28.506 [main] INFO  com.cloudframe.app.process.Comput1.process   78 - 106 . WS-OOSU-SHARED-ALLOW = 11058778
23:18:28.506 [main] INFO  com.cloudframe.app.process.Comput1.process   90 - *KB* LK-RLU3A-TOT-DATA-PROMO-ALLOW = 385533
23:18:28.507 [main] INFO  com.cloudframe.app.process.Comput1.process   92 - *KB* LK-RLU3A-ACCT-PLAN-DATA-ALLOW = 385533
23:18:28.507 [main] INFO  com.cloudframe.app.process.Comput1.process  108 - *MB* LK-RLU3A-TOT-DATA-PROMO-ALLOW = 385543
23:18:28.507 [main] INFO  com.cloudframe.app.process.Comput1.process  110 - *MB* LK-RLU3A-ACCT-PLAN-DATA-ALLOW = 385543
23:18:28.507 [main] INFO  com.cloudframe.app.process.Comput1.process  124 - *GB* LK-RLU3A-TOT-DATA-PROMO-ALLOW = 385543
23:18:28.507 [main] INFO  com.cloudframe.app.process.Comput1.process  126 - *GB* LK-RLU3A-ACCT-PLAN-DATA-ALLOW = 385543
23:18:28.507 [main] INFO  com.cloudframe.app.process.Comput1.process   76 - ___________________________________
23:18:28.507 [main] INFO  com.cloudframe.app.process.Comput1.process   78 - 107 . WS-OOSU-SHARED-ALLOW = 11269400
23:18:28.508 [main] INFO  com.cloudframe.app.process.Comput1.process   90 - *KB* LK-RLU3A-TOT-DATA-PROMO-ALLOW = 396548
23:18:28.508 [main] INFO  com.cloudframe.app.process.Comput1.process   92 - *KB* LK-RLU3A-ACCT-PLAN-DATA-ALLOW = 396548
23:18:28.508 [main] INFO  com.cloudframe.app.process.Comput1.process  108 - *MB* LK-RLU3A-TOT-DATA-PROMO-ALLOW = 396558
23:18:28.508 [main] INFO  com.cloudframe.app.process.Comput1.process  110 - *MB* LK-RLU3A-ACCT-PLAN-DATA-ALLOW = 396558
23:18:28.508 [main] INFO  com.cloudframe.app.process.Comput1.process  124 - *GB* LK-RLU3A-TOT-DATA-PROMO-ALLOW = 396558
23:18:28.508 [main] INFO  com.cloudframe.app.process.Comput1.process  126 - *GB* LK-RLU3A-ACCT-PLAN-DATA-ALLOW = 396558
23:18:28.509 [main] INFO  com.cloudframe.app.process.Comput1.process   76 - ___________________________________
23:18:28.509 [main] INFO  com.cloudframe.app.process.Comput1.process   78 - 108 . WS-OOSU-SHARED-ALLOW = 11482009
23:18:28.509 [main] INFO  com.cloudframe.app.process.Comput1.process   90 - *KB* LK-RLU3A-TOT-DATA-PROMO-ALLOW = 407770
23:18:28.509 [main] INFO  com.cloudframe.app.process.Comput1.process   92 - *KB* LK-RLU3A-ACCT-PLAN-DATA-ALLOW = 407770
23:18:28.509 [main] INFO  com.cloudframe.app.process.Comput1.process  108 - *MB* LK-RLU3A-TOT-DATA-PROMO-ALLOW = 407780
23:18:28.510 [main] INFO  com.cloudframe.app.process.Comput1.process  110 - *MB* LK-RLU3A-ACCT-PLAN-DATA-ALLOW = 407780
23:18:28.510 [main] INFO  com.cloudframe.app.process.Comput1.process  124 - *GB* LK-RLU3A-TOT-DATA-PROMO-ALLOW = 407780
23:18:28.510 [main] INFO  com.cloudframe.app.process.Comput1.process  126 - *GB* LK-RLU3A-ACCT-PLAN-DATA-ALLOW = 407780
23:18:28.510 [main] INFO  com.cloudframe.app.process.Comput1.process   76 - ___________________________________
23:18:28.510 [main] INFO  com.cloudframe.app.process.Comput1.process   78 - 109 . WS-OOSU-SHARED-ALLOW = 11696605
23:18:28.510 [main] INFO  com.cloudframe.app.process.Comput1.process   90 - *KB* LK-RLU3A-TOT-DATA-PROMO-ALLOW = 419202
23:18:28.510 [main] INFO  com.cloudframe.app.process.Comput1.process   92 - *KB* LK-RLU3A-ACCT-PLAN-DATA-ALLOW = 419202
23:18:28.511 [main] INFO  com.cloudframe.app.process.Comput1.process  108 - *MB* LK-RLU3A-TOT-DATA-PROMO-ALLOW = 419213
23:18:28.511 [main] INFO  com.cloudframe.app.process.Comput1.process  110 - *MB* LK-RLU3A-ACCT-PLAN-DATA-ALLOW = 419213
23:18:28.511 [main] INFO  com.cloudframe.app.process.Comput1.process  124 - *GB* LK-RLU3A-TOT-DATA-PROMO-ALLOW = 419213
23:18:28.511 [main] INFO  com.cloudframe.app.process.Comput1.process  126 - *GB* LK-RLU3A-ACCT-PLAN-DATA-ALLOW = 419213
23:18:28.511 [main] INFO  com.cloudframe.app.process.Comput1.process   76 - ___________________________________
23:18:28.511 [main] INFO  com.cloudframe.app.process.Comput1.process   78 - 110 . WS-OOSU-SHARED-ALLOW = 11913188
23:18:28.512 [main] INFO  com.cloudframe.app.process.Comput1.process   90 - *KB* LK-RLU3A-TOT-DATA-PROMO-ALLOW = 430846
23:18:28.512 [main] INFO  com.cloudframe.app.process.Comput1.process   92 - *KB* LK-RLU3A-ACCT-PLAN-DATA-ALLOW = 430846
23:18:28.512 [main] INFO  com.cloudframe.app.process.Comput1.process  108 - *MB* LK-RLU3A-TOT-DATA-PROMO-ALLOW = 430857
23:18:28.512 [main] INFO  com.cloudframe.app.process.Comput1.process  110 - *MB* LK-RLU3A-ACCT-PLAN-DATA-ALLOW = 430857
23:18:28.512 [main] INFO  com.cloudframe.app.process.Comput1.process  124 - *GB* LK-RLU3A-TOT-DATA-PROMO-ALLOW = 430857
23:18:28.512 [main] INFO  com.cloudframe.app.process.Comput1.process  126 - *GB* LK-RLU3A-ACCT-PLAN-DATA-ALLOW = 430857
23:18:28.512 [main] INFO  com.cloudframe.app.process.Comput1.process   76 - ___________________________________
23:18:28.513 [main] INFO  com.cloudframe.app.process.Comput1.process   78 - 111 . WS-OOSU-SHARED-ALLOW = 12131758
23:18:28.513 [main] INFO  com.cloudframe.app.process.Comput1.process   90 - *KB* LK-RLU3A-TOT-DATA-PROMO-ALLOW = 442704
23:18:28.513 [main] INFO  com.cloudframe.app.process.Comput1.process   92 - *KB* LK-RLU3A-ACCT-PLAN-DATA-ALLOW = 442704
23:18:28.513 [main] INFO  com.cloudframe.app.process.Comput1.process  108 - *MB* LK-RLU3A-TOT-DATA-PROMO-ALLOW = 442715
23:18:28.513 [main] INFO  com.cloudframe.app.process.Comput1.process  110 - *MB* LK-RLU3A-ACCT-PLAN-DATA-ALLOW = 442715
23:18:28.513 [main] INFO  com.cloudframe.app.process.Comput1.process  124 - *GB* LK-RLU3A-TOT-DATA-PROMO-ALLOW = 442715
23:18:28.514 [main] INFO  com.cloudframe.app.process.Comput1.process  126 - *GB* LK-RLU3A-ACCT-PLAN-DATA-ALLOW = 442715
23:18:28.514 [main] INFO  com.cloudframe.app.process.Comput1.process   76 - ___________________________________
23:18:28.514 [main] INFO  com.cloudframe.app.process.Comput1.process   78 - 112 . WS-OOSU-SHARED-ALLOW = 12352315
23:18:28.514 [main] INFO  com.cloudframe.app.process.Comput1.process   90 - *KB* LK-RLU3A-TOT-DATA-PROMO-ALLOW = 454777
23:18:28.514 [main] INFO  com.cloudframe.app.process.Comput1.process   92 - *KB* LK-RLU3A-ACCT-PLAN-DATA-ALLOW = 454777
23:18:28.514 [main] INFO  com.cloudframe.app.process.Comput1.process  108 - *MB* LK-RLU3A-TOT-DATA-PROMO-ALLOW = 454788
23:18:28.515 [main] INFO  com.cloudframe.app.process.Comput1.process  110 - *MB* LK-RLU3A-ACCT-PLAN-DATA-ALLOW = 454788
23:18:28.515 [main] INFO  com.cloudframe.app.process.Comput1.process  124 - *GB* LK-RLU3A-TOT-DATA-PROMO-ALLOW = 454788
23:18:28.515 [main] INFO  com.cloudframe.app.process.Comput1.process  126 - *GB* LK-RLU3A-ACCT-PLAN-DATA-ALLOW = 454788
23:18:28.515 [main] INFO  com.cloudframe.app.process.Comput1.process   76 - ___________________________________
23:18:28.515 [main] INFO  com.cloudframe.app.process.Comput1.process   78 - 113 . WS-OOSU-SHARED-ALLOW = 12574859
23:18:28.515 [main] INFO  com.cloudframe.app.process.Comput1.process   90 - *KB* LK-RLU3A-TOT-DATA-PROMO-ALLOW = 467068
23:18:28.515 [main] INFO  com.cloudframe.app.process.Comput1.process   92 - *KB* LK-RLU3A-ACCT-PLAN-DATA-ALLOW = 467068
23:18:28.516 [main] INFO  com.cloudframe.app.process.Comput1.process  108 - *MB* LK-RLU3A-TOT-DATA-PROMO-ALLOW = 467079
23:18:28.516 [main] INFO  com.cloudframe.app.process.Comput1.process  110 - *MB* LK-RLU3A-ACCT-PLAN-DATA-ALLOW = 467079
23:18:28.516 [main] INFO  com.cloudframe.app.process.Comput1.process  124 - *GB* LK-RLU3A-TOT-DATA-PROMO-ALLOW = 467079
23:18:28.516 [main] INFO  com.cloudframe.app.process.Comput1.process  126 - *GB* LK-RLU3A-ACCT-PLAN-DATA-ALLOW = 467079
23:18:28.516 [main] INFO  com.cloudframe.app.process.Comput1.process   76 - ___________________________________
23:18:28.516 [main] INFO  com.cloudframe.app.process.Comput1.process   78 - 114 . WS-OOSU-SHARED-ALLOW = 12799390
23:18:28.517 [main] INFO  com.cloudframe.app.process.Comput1.process   90 - *KB* LK-RLU3A-TOT-DATA-PROMO-ALLOW = 479578
23:18:28.517 [main] INFO  com.cloudframe.app.process.Comput1.process   92 - *KB* LK-RLU3A-ACCT-PLAN-DATA-ALLOW = 479578
23:18:28.517 [main] INFO  com.cloudframe.app.process.Comput1.process  108 - *MB* LK-RLU3A-TOT-DATA-PROMO-ALLOW = 479590
23:18:28.517 [main] INFO  com.cloudframe.app.process.Comput1.process  110 - *MB* LK-RLU3A-ACCT-PLAN-DATA-ALLOW = 479590
23:18:28.517 [main] INFO  com.cloudframe.app.process.Comput1.process  124 - *GB* LK-RLU3A-TOT-DATA-PROMO-ALLOW = 479590
23:18:28.517 [main] INFO  com.cloudframe.app.process.Comput1.process  126 - *GB* LK-RLU3A-ACCT-PLAN-DATA-ALLOW = 479590
23:18:28.517 [main] INFO  com.cloudframe.app.process.Comput1.process   76 - ___________________________________
23:18:28.518 [main] INFO  com.cloudframe.app.process.Comput1.process   78 - 115 . WS-OOSU-SHARED-ALLOW = 13025908
23:18:28.518 [main] INFO  com.cloudframe.app.process.Comput1.process   90 - *KB* LK-RLU3A-TOT-DATA-PROMO-ALLOW = 492310
23:18:28.518 [main] INFO  com.cloudframe.app.process.Comput1.process   92 - *KB* LK-RLU3A-ACCT-PLAN-DATA-ALLOW = 492310
23:18:28.518 [main] INFO  com.cloudframe.app.process.Comput1.process  108 - *MB* LK-RLU3A-TOT-DATA-PROMO-ALLOW = 492322
23:18:28.518 [main] INFO  com.cloudframe.app.process.Comput1.process  110 - *MB* LK-RLU3A-ACCT-PLAN-DATA-ALLOW = 492322
23:18:28.518 [main] INFO  com.cloudframe.app.process.Comput1.process  124 - *GB* LK-RLU3A-TOT-DATA-PROMO-ALLOW = 492322
23:18:28.519 [main] INFO  com.cloudframe.app.process.Comput1.process  126 - *GB* LK-RLU3A-ACCT-PLAN-DATA-ALLOW = 492322
23:18:28.519 [main] INFO  com.cloudframe.app.process.Comput1.process   76 - ___________________________________
23:18:28.519 [main] INFO  com.cloudframe.app.process.Comput1.process   78 - 116 . WS-OOSU-SHARED-ALLOW = 13254413
23:18:28.519 [main] INFO  com.cloudframe.app.process.Comput1.process   90 - *KB* LK-RLU3A-TOT-DATA-PROMO-ALLOW = 505265
23:18:28.519 [main] INFO  com.cloudframe.app.process.Comput1.process   92 - *KB* LK-RLU3A-ACCT-PLAN-DATA-ALLOW = 505265
23:18:28.519 [main] INFO  com.cloudframe.app.process.Comput1.process  108 - *MB* LK-RLU3A-TOT-DATA-PROMO-ALLOW = 505277
23:18:28.520 [main] INFO  com.cloudframe.app.process.Comput1.process  110 - *MB* LK-RLU3A-ACCT-PLAN-DATA-ALLOW = 505277
23:18:28.520 [main] INFO  com.cloudframe.app.process.Comput1.process  124 - *GB* LK-RLU3A-TOT-DATA-PROMO-ALLOW = 505277
23:18:28.520 [main] INFO  com.cloudframe.app.process.Comput1.process  126 - *GB* LK-RLU3A-ACCT-PLAN-DATA-ALLOW = 505277
23:18:28.520 [main] INFO  com.cloudframe.app.process.Comput1.process   76 - ___________________________________
23:18:28.520 [main] INFO  com.cloudframe.app.process.Comput1.process   78 - 117 . WS-OOSU-SHARED-ALLOW = 13484905
23:18:28.520 [main] INFO  com.cloudframe.app.process.Comput1.process   90 - *KB* LK-RLU3A-TOT-DATA-PROMO-ALLOW = 518445
23:18:28.520 [main] INFO  com.cloudframe.app.process.Comput1.process   92 - *KB* LK-RLU3A-ACCT-PLAN-DATA-ALLOW = 518445
23:18:28.521 [main] INFO  com.cloudframe.app.process.Comput1.process  108 - *MB* LK-RLU3A-TOT-DATA-PROMO-ALLOW = 518457
23:18:28.521 [main] INFO  com.cloudframe.app.process.Comput1.process  110 - *MB* LK-RLU3A-ACCT-PLAN-DATA-ALLOW = 518457
23:18:28.521 [main] INFO  com.cloudframe.app.process.Comput1.process  124 - *GB* LK-RLU3A-TOT-DATA-PROMO-ALLOW = 518457
23:18:28.521 [main] INFO  com.cloudframe.app.process.Comput1.process  126 - *GB* LK-RLU3A-ACCT-PLAN-DATA-ALLOW = 518457
23:18:28.521 [main] INFO  com.cloudframe.app.process.Comput1.process   76 - ___________________________________
23:18:28.521 [main] INFO  com.cloudframe.app.process.Comput1.process   78 - 118 . WS-OOSU-SHARED-ALLOW = 13717384
23:18:28.522 [main] INFO  com.cloudframe.app.process.Comput1.process   90 - *KB* LK-RLU3A-TOT-DATA-PROMO-ALLOW = 531852
23:18:28.522 [main] INFO  com.cloudframe.app.process.Comput1.process   92 - *KB* LK-RLU3A-ACCT-PLAN-DATA-ALLOW = 531852
23:18:28.522 [main] INFO  com.cloudframe.app.process.Comput1.process  108 - *MB* LK-RLU3A-TOT-DATA-PROMO-ALLOW = 531865
23:18:28.522 [main] INFO  com.cloudframe.app.process.Comput1.process  110 - *MB* LK-RLU3A-ACCT-PLAN-DATA-ALLOW = 531865
23:18:28.522 [main] INFO  com.cloudframe.app.process.Comput1.process  124 - *GB* LK-RLU3A-TOT-DATA-PROMO-ALLOW = 531865
23:18:28.522 [main] INFO  com.cloudframe.app.process.Comput1.process  126 - *GB* LK-RLU3A-ACCT-PLAN-DATA-ALLOW = 531865
23:18:28.523 [main] INFO  com.cloudframe.app.process.Comput1.process   76 - ___________________________________
23:18:28.523 [main] INFO  com.cloudframe.app.process.Comput1.process   78 - 119 . WS-OOSU-SHARED-ALLOW = 13951850
23:18:28.523 [main] INFO  com.cloudframe.app.process.Comput1.process   90 - *KB* LK-RLU3A-TOT-DATA-PROMO-ALLOW = 545489
23:18:28.523 [main] INFO  com.cloudframe.app.process.Comput1.process   92 - *KB* LK-RLU3A-ACCT-PLAN-DATA-ALLOW = 545489
23:18:28.523 [main] INFO  com.cloudframe.app.process.Comput1.process  108 - *MB* LK-RLU3A-TOT-DATA-PROMO-ALLOW = 545502
23:18:28.523 [main] INFO  com.cloudframe.app.process.Comput1.process  110 - *MB* LK-RLU3A-ACCT-PLAN-DATA-ALLOW = 545502
23:18:28.524 [main] INFO  com.cloudframe.app.process.Comput1.process  124 - *GB* LK-RLU3A-TOT-DATA-PROMO-ALLOW = 545502
23:18:28.524 [main] INFO  com.cloudframe.app.process.Comput1.process  126 - *GB* LK-RLU3A-ACCT-PLAN-DATA-ALLOW = 545502
23:18:28.524 [main] INFO  com.cloudframe.app.process.Comput1.process   76 - ___________________________________
23:18:28.524 [main] INFO  com.cloudframe.app.process.Comput1.process   78 - 120 . WS-OOSU-SHARED-ALLOW = 14188303
23:18:28.524 [main] INFO  com.cloudframe.app.process.Comput1.process   90 - *KB* LK-RLU3A-TOT-DATA-PROMO-ALLOW = 559357
23:18:28.524 [main] INFO  com.cloudframe.app.process.Comput1.process   92 - *KB* LK-RLU3A-ACCT-PLAN-DATA-ALLOW = 559357
23:18:28.525 [main] INFO  com.cloudframe.app.process.Comput1.process  108 - *MB* LK-RLU3A-TOT-DATA-PROMO-ALLOW = 559370
23:18:28.525 [main] INFO  com.cloudframe.app.process.Comput1.process  110 - *MB* LK-RLU3A-ACCT-PLAN-DATA-ALLOW = 559370
23:18:28.525 [main] INFO  com.cloudframe.app.process.Comput1.process  124 - *GB* LK-RLU3A-TOT-DATA-PROMO-ALLOW = 559370
23:18:28.525 [main] INFO  com.cloudframe.app.process.Comput1.process  126 - *GB* LK-RLU3A-ACCT-PLAN-DATA-ALLOW = 559370
23:18:28.525 [main] INFO  com.cloudframe.app.process.Comput1.process   76 - ___________________________________
23:18:28.525 [main] INFO  com.cloudframe.app.process.Comput1.process   78 - 121 . WS-OOSU-SHARED-ALLOW = 14426743
23:18:28.525 [main] INFO  com.cloudframe.app.process.Comput1.process   90 - *KB* LK-RLU3A-TOT-DATA-PROMO-ALLOW = 573458
23:18:28.526 [main] INFO  com.cloudframe.app.process.Comput1.process   92 - *KB* LK-RLU3A-ACCT-PLAN-DATA-ALLOW = 573458
23:18:28.526 [main] INFO  com.cloudframe.app.process.Comput1.process  108 - *MB* LK-RLU3A-TOT-DATA-PROMO-ALLOW = 573471
23:18:28.526 [main] INFO  com.cloudframe.app.process.Comput1.process  110 - *MB* LK-RLU3A-ACCT-PLAN-DATA-ALLOW = 573471
23:18:28.526 [main] INFO  com.cloudframe.app.process.Comput1.process  124 - *GB* LK-RLU3A-TOT-DATA-PROMO-ALLOW = 573471
23:18:28.526 [main] INFO  com.cloudframe.app.process.Comput1.process  126 - *GB* LK-RLU3A-ACCT-PLAN-DATA-ALLOW = 573471
23:18:28.526 [main] INFO  com.cloudframe.app.process.Comput1.process   76 - ___________________________________
23:18:28.526 [main] INFO  com.cloudframe.app.process.Comput1.process   78 - 122 . WS-OOSU-SHARED-ALLOW = 14667170
23:18:28.527 [main] INFO  com.cloudframe.app.process.Comput1.process   90 - *KB* LK-RLU3A-TOT-DATA-PROMO-ALLOW = 587794
23:18:28.527 [main] INFO  com.cloudframe.app.process.Comput1.process   92 - *KB* LK-RLU3A-ACCT-PLAN-DATA-ALLOW = 587794
23:18:28.527 [main] INFO  com.cloudframe.app.process.Comput1.process  108 - *MB* LK-RLU3A-TOT-DATA-PROMO-ALLOW = 587807
23:18:28.527 [main] INFO  com.cloudframe.app.process.Comput1.process  110 - *MB* LK-RLU3A-ACCT-PLAN-DATA-ALLOW = 587807
23:18:28.527 [main] INFO  com.cloudframe.app.process.Comput1.process  124 - *GB* LK-RLU3A-TOT-DATA-PROMO-ALLOW = 587807
23:18:28.527 [main] INFO  com.cloudframe.app.process.Comput1.process  126 - *GB* LK-RLU3A-ACCT-PLAN-DATA-ALLOW = 587807
23:18:28.527 [main] INFO  com.cloudframe.app.process.Comput1.process   76 - ___________________________________
23:18:28.528 [main] INFO  com.cloudframe.app.process.Comput1.process   78 - 123 . WS-OOSU-SHARED-ALLOW = 14909584
23:18:28.528 [main] INFO  com.cloudframe.app.process.Comput1.process   90 - *KB* LK-RLU3A-TOT-DATA-PROMO-ALLOW = 602367
23:18:28.528 [main] INFO  com.cloudframe.app.process.Comput1.process   92 - *KB* LK-RLU3A-ACCT-PLAN-DATA-ALLOW = 602367
23:18:28.528 [main] INFO  com.cloudframe.app.process.Comput1.process  108 - *MB* LK-RLU3A-TOT-DATA-PROMO-ALLOW = 602381
23:18:28.528 [main] INFO  com.cloudframe.app.process.Comput1.process  110 - *MB* LK-RLU3A-ACCT-PLAN-DATA-ALLOW = 602381
23:18:28.528 [main] INFO  com.cloudframe.app.process.Comput1.process  124 - *GB* LK-RLU3A-TOT-DATA-PROMO-ALLOW = 602381
23:18:28.528 [main] INFO  com.cloudframe.app.process.Comput1.process  126 - *GB* LK-RLU3A-ACCT-PLAN-DATA-ALLOW = 602381
23:18:28.528 [main] INFO  com.cloudframe.app.process.Comput1.process   76 - ___________________________________
23:18:28.529 [main] INFO  com.cloudframe.app.process.Comput1.process   78 - 124 . WS-OOSU-SHARED-ALLOW = 15153985
23:18:28.529 [main] INFO  com.cloudframe.app.process.Comput1.process   90 - *KB* LK-RLU3A-TOT-DATA-PROMO-ALLOW = 617179
23:18:28.529 [main] INFO  com.cloudframe.app.process.Comput1.process   92 - *KB* LK-RLU3A-ACCT-PLAN-DATA-ALLOW = 617179
23:18:28.529 [main] INFO  com.cloudframe.app.process.Comput1.process  108 - *MB* LK-RLU3A-TOT-DATA-PROMO-ALLOW = 617193
23:18:28.529 [main] INFO  com.cloudframe.app.process.Comput1.process  110 - *MB* LK-RLU3A-ACCT-PLAN-DATA-ALLOW = 617193
23:18:28.529 [main] INFO  com.cloudframe.app.process.Comput1.process  124 - *GB* LK-RLU3A-TOT-DATA-PROMO-ALLOW = 617193
23:18:28.529 [main] INFO  com.cloudframe.app.process.Comput1.process  126 - *GB* LK-RLU3A-ACCT-PLAN-DATA-ALLOW = 617193
23:18:28.529 [main] INFO  com.cloudframe.app.process.Comput1.process   76 - ___________________________________
23:18:28.529 [main] INFO  com.cloudframe.app.process.Comput1.process   78 - 125 . WS-OOSU-SHARED-ALLOW = 15400373
23:18:28.530 [main] INFO  com.cloudframe.app.process.Comput1.process   90 - *KB* LK-RLU3A-TOT-DATA-PROMO-ALLOW = 632232
23:18:28.530 [main] INFO  com.cloudframe.app.process.Comput1.process   92 - *KB* LK-RLU3A-ACCT-PLAN-DATA-ALLOW = 632232
23:18:28.530 [main] INFO  com.cloudframe.app.process.Comput1.process  108 - *MB* LK-RLU3A-TOT-DATA-PROMO-ALLOW = 632246
23:18:28.530 [main] INFO  com.cloudframe.app.process.Comput1.process  110 - *MB* LK-RLU3A-ACCT-PLAN-DATA-ALLOW = 632246
23:18:28.530 [main] INFO  com.cloudframe.app.process.Comput1.process  124 - *GB* LK-RLU3A-TOT-DATA-PROMO-ALLOW = 632246
23:18:28.530 [main] INFO  com.cloudframe.app.process.Comput1.process  126 - *GB* LK-RLU3A-ACCT-PLAN-DATA-ALLOW = 632246
23:18:28.530 [main] INFO  com.cloudframe.app.process.Comput1.process   76 - ___________________________________
23:18:28.530 [main] INFO  com.cloudframe.app.process.Comput1.process   78 - 126 . WS-OOSU-SHARED-ALLOW = 15648748
23:18:28.531 [main] INFO  com.cloudframe.app.process.Comput1.process   90 - *KB* LK-RLU3A-TOT-DATA-PROMO-ALLOW = 647527
23:18:28.531 [main] INFO  com.cloudframe.app.process.Comput1.process   92 - *KB* LK-RLU3A-ACCT-PLAN-DATA-ALLOW = 647527
23:18:28.531 [main] INFO  com.cloudframe.app.process.Comput1.process  108 - *MB* LK-RLU3A-TOT-DATA-PROMO-ALLOW = 647541
23:18:28.531 [main] INFO  com.cloudframe.app.process.Comput1.process  110 - *MB* LK-RLU3A-ACCT-PLAN-DATA-ALLOW = 647541
23:18:28.531 [main] INFO  com.cloudframe.app.process.Comput1.process  124 - *GB* LK-RLU3A-TOT-DATA-PROMO-ALLOW = 647541
23:18:28.531 [main] INFO  com.cloudframe.app.process.Comput1.process  126 - *GB* LK-RLU3A-ACCT-PLAN-DATA-ALLOW = 647541
23:18:28.531 [main] INFO  com.cloudframe.app.process.Comput1.process   76 - ___________________________________
23:18:28.532 [main] INFO  com.cloudframe.app.process.Comput1.process   78 - 127 . WS-OOSU-SHARED-ALLOW = 15899110
23:18:28.532 [main] INFO  com.cloudframe.app.process.Comput1.process   90 - *KB* LK-RLU3A-TOT-DATA-PROMO-ALLOW = 663067
23:18:28.532 [main] INFO  com.cloudframe.app.process.Comput1.process   92 - *KB* LK-RLU3A-ACCT-PLAN-DATA-ALLOW = 663067
23:18:28.532 [main] INFO  com.cloudframe.app.process.Comput1.process  108 - *MB* LK-RLU3A-TOT-DATA-PROMO-ALLOW = 663082
23:18:28.532 [main] INFO  com.cloudframe.app.process.Comput1.process  110 - *MB* LK-RLU3A-ACCT-PLAN-DATA-ALLOW = 663082
23:18:28.532 [main] INFO  com.cloudframe.app.process.Comput1.process  124 - *GB* LK-RLU3A-TOT-DATA-PROMO-ALLOW = 663082
23:18:28.532 [main] INFO  com.cloudframe.app.process.Comput1.process  126 - *GB* LK-RLU3A-ACCT-PLAN-DATA-ALLOW = 663082
23:18:28.532 [main] INFO  com.cloudframe.app.process.Comput1.process   76 - ___________________________________
23:18:28.532 [main] INFO  com.cloudframe.app.process.Comput1.process   78 - 128 . WS-OOSU-SHARED-ALLOW = 16151459
23:18:28.533 [main] INFO  com.cloudframe.app.process.Comput1.process   90 - *KB* LK-RLU3A-TOT-DATA-PROMO-ALLOW = 678854
23:18:28.533 [main] INFO  com.cloudframe.app.process.Comput1.process   92 - *KB* LK-RLU3A-ACCT-PLAN-DATA-ALLOW = 678854
23:18:28.533 [main] INFO  com.cloudframe.app.process.Comput1.process  108 - *MB* LK-RLU3A-TOT-DATA-PROMO-ALLOW = 678869
23:18:28.533 [main] INFO  com.cloudframe.app.process.Comput1.process  110 - *MB* LK-RLU3A-ACCT-PLAN-DATA-ALLOW = 678869
23:18:28.533 [main] INFO  com.cloudframe.app.process.Comput1.process  124 - *GB* LK-RLU3A-TOT-DATA-PROMO-ALLOW = 678869
23:18:28.533 [main] INFO  com.cloudframe.app.process.Comput1.process  126 - *GB* LK-RLU3A-ACCT-PLAN-DATA-ALLOW = 678869
23:18:28.533 [main] INFO  com.cloudframe.app.process.Comput1.process   76 - ___________________________________
23:18:28.534 [main] INFO  com.cloudframe.app.process.Comput1.process   78 - 129 . WS-OOSU-SHARED-ALLOW = 16405795
23:18:28.534 [main] INFO  com.cloudframe.app.process.Comput1.process   90 - *KB* LK-RLU3A-TOT-DATA-PROMO-ALLOW = 694890
23:18:28.534 [main] INFO  com.cloudframe.app.process.Comput1.process   92 - *KB* LK-RLU3A-ACCT-PLAN-DATA-ALLOW = 694890
23:18:28.534 [main] INFO  com.cloudframe.app.process.Comput1.process  108 - *MB* LK-RLU3A-TOT-DATA-PROMO-ALLOW = 694905
23:18:28.534 [main] INFO  com.cloudframe.app.process.Comput1.process  110 - *MB* LK-RLU3A-ACCT-PLAN-DATA-ALLOW = 694905
23:18:28.534 [main] INFO  com.cloudframe.app.process.Comput1.process  124 - *GB* LK-RLU3A-TOT-DATA-PROMO-ALLOW = 694905
23:18:28.534 [main] INFO  com.cloudframe.app.process.Comput1.process  126 - *GB* LK-RLU3A-ACCT-PLAN-DATA-ALLOW = 694905
23:18:28.534 [main] INFO  com.cloudframe.app.process.Comput1.process   76 - ___________________________________
23:18:28.535 [main] INFO  com.cloudframe.app.process.Comput1.process   78 - 130 . WS-OOSU-SHARED-ALLOW = 16662118
23:18:28.535 [main] INFO  com.cloudframe.app.process.Comput1.process   90 - *KB* LK-RLU3A-TOT-DATA-PROMO-ALLOW = 711176
23:18:28.535 [main] INFO  com.cloudframe.app.process.Comput1.process   92 - *KB* LK-RLU3A-ACCT-PLAN-DATA-ALLOW = 711176
23:18:28.535 [main] INFO  com.cloudframe.app.process.Comput1.process  108 - *MB* LK-RLU3A-TOT-DATA-PROMO-ALLOW = 711191
23:18:28.535 [main] INFO  com.cloudframe.app.process.Comput1.process  110 - *MB* LK-RLU3A-ACCT-PLAN-DATA-ALLOW = 711191
23:18:28.535 [main] INFO  com.cloudframe.app.process.Comput1.process  124 - *GB* LK-RLU3A-TOT-DATA-PROMO-ALLOW = 711191
23:18:28.535 [main] INFO  com.cloudframe.app.process.Comput1.process  126 - *GB* LK-RLU3A-ACCT-PLAN-DATA-ALLOW = 711191
23:18:28.536 [main] INFO  com.cloudframe.app.process.Comput1.process   76 - ___________________________________
23:18:28.536 [main] INFO  com.cloudframe.app.process.Comput1.process   78 - 131 . WS-OOSU-SHARED-ALLOW = 16920428
23:18:28.536 [main] INFO  com.cloudframe.app.process.Comput1.process   90 - *KB* LK-RLU3A-TOT-DATA-PROMO-ALLOW = 727714
23:18:28.536 [main] INFO  com.cloudframe.app.process.Comput1.process   92 - *KB* LK-RLU3A-ACCT-PLAN-DATA-ALLOW = 727714
23:18:28.536 [main] INFO  com.cloudframe.app.process.Comput1.process  108 - *MB* LK-RLU3A-TOT-DATA-PROMO-ALLOW = 727730
23:18:28.536 [main] INFO  com.cloudframe.app.process.Comput1.process  110 - *MB* LK-RLU3A-ACCT-PLAN-DATA-ALLOW = 727730
23:18:28.536 [main] INFO  com.cloudframe.app.process.Comput1.process  124 - *GB* LK-RLU3A-TOT-DATA-PROMO-ALLOW = 727730
23:18:28.536 [main] INFO  com.cloudframe.app.process.Comput1.process  126 - *GB* LK-RLU3A-ACCT-PLAN-DATA-ALLOW = 727730
23:18:28.537 [main] INFO  com.cloudframe.app.process.Comput1.process   76 - ___________________________________
23:18:28.537 [main] INFO  com.cloudframe.app.process.Comput1.process   78 - 132 . WS-OOSU-SHARED-ALLOW = 17180725
23:18:28.537 [main] INFO  com.cloudframe.app.process.Comput1.process   90 - *KB* LK-RLU3A-TOT-DATA-PROMO-ALLOW = 744508
23:18:28.537 [main] INFO  com.cloudframe.app.process.Comput1.process   92 - *KB* LK-RLU3A-ACCT-PLAN-DATA-ALLOW = 744508
23:18:28.537 [main] INFO  com.cloudframe.app.process.Comput1.process  108 - *MB* LK-RLU3A-TOT-DATA-PROMO-ALLOW = 744524
23:18:28.537 [main] INFO  com.cloudframe.app.process.Comput1.process  110 - *MB* LK-RLU3A-ACCT-PLAN-DATA-ALLOW = 744524
23:18:28.537 [main] INFO  com.cloudframe.app.process.Comput1.process  124 - *GB* LK-RLU3A-TOT-DATA-PROMO-ALLOW = 744524
23:18:28.537 [main] INFO  com.cloudframe.app.process.Comput1.process  126 - *GB* LK-RLU3A-ACCT-PLAN-DATA-ALLOW = 744524
23:18:28.538 [main] INFO  com.cloudframe.app.process.Comput1.process   76 - ___________________________________
23:18:28.538 [main] INFO  com.cloudframe.app.process.Comput1.process   78 - 133 . WS-OOSU-SHARED-ALLOW = 17443009
23:18:28.538 [main] INFO  com.cloudframe.app.process.Comput1.process   90 - *KB* LK-RLU3A-TOT-DATA-PROMO-ALLOW = 761558
23:18:28.538 [main] INFO  com.cloudframe.app.process.Comput1.process   92 - *KB* LK-RLU3A-ACCT-PLAN-DATA-ALLOW = 761558
23:18:28.538 [main] INFO  com.cloudframe.app.process.Comput1.process  108 - *MB* LK-RLU3A-TOT-DATA-PROMO-ALLOW = 761574
23:18:28.538 [main] INFO  com.cloudframe.app.process.Comput1.process  110 - *MB* LK-RLU3A-ACCT-PLAN-DATA-ALLOW = 761574
23:18:28.538 [main] INFO  com.cloudframe.app.process.Comput1.process  124 - *GB* LK-RLU3A-TOT-DATA-PROMO-ALLOW = 761574
23:18:28.539 [main] INFO  com.cloudframe.app.process.Comput1.process  126 - *GB* LK-RLU3A-ACCT-PLAN-DATA-ALLOW = 761574
23:18:28.539 [main] INFO  com.cloudframe.app.process.Comput1.process   76 - ___________________________________
23:18:28.539 [main] INFO  com.cloudframe.app.process.Comput1.process   78 - 134 . WS-OOSU-SHARED-ALLOW = 17707280
23:18:28.539 [main] INFO  com.cloudframe.app.process.Comput1.process   90 - *KB* LK-RLU3A-TOT-DATA-PROMO-ALLOW = 778866
23:18:28.539 [main] INFO  com.cloudframe.app.process.Comput1.process   92 - *KB* LK-RLU3A-ACCT-PLAN-DATA-ALLOW = 778866
23:18:28.539 [main] INFO  com.cloudframe.app.process.Comput1.process  108 - *MB* LK-RLU3A-TOT-DATA-PROMO-ALLOW = 778882
23:18:28.539 [main] INFO  com.cloudframe.app.process.Comput1.process  110 - *MB* LK-RLU3A-ACCT-PLAN-DATA-ALLOW = 778882
23:18:28.539 [main] INFO  com.cloudframe.app.process.Comput1.process  124 - *GB* LK-RLU3A-TOT-DATA-PROMO-ALLOW = 778882
23:18:28.540 [main] INFO  com.cloudframe.app.process.Comput1.process  126 - *GB* LK-RLU3A-ACCT-PLAN-DATA-ALLOW = 778882
23:18:28.540 [main] INFO  com.cloudframe.app.process.Comput1.process   76 - ___________________________________
23:18:28.540 [main] INFO  com.cloudframe.app.process.Comput1.process   78 - 135 . WS-OOSU-SHARED-ALLOW = 17973538
23:18:28.540 [main] INFO  com.cloudframe.app.process.Comput1.process   90 - *KB* LK-RLU3A-TOT-DATA-PROMO-ALLOW = 796434
23:18:28.540 [main] INFO  com.cloudframe.app.process.Comput1.process   92 - *KB* LK-RLU3A-ACCT-PLAN-DATA-ALLOW = 796434
23:18:28.540 [main] INFO  com.cloudframe.app.process.Comput1.process  108 - *MB* LK-RLU3A-TOT-DATA-PROMO-ALLOW = 796451
23:18:28.541 [main] INFO  com.cloudframe.app.process.Comput1.process  110 - *MB* LK-RLU3A-ACCT-PLAN-DATA-ALLOW = 796451
23:18:28.541 [main] INFO  com.cloudframe.app.process.Comput1.process  124 - *GB* LK-RLU3A-TOT-DATA-PROMO-ALLOW = 796451
23:18:28.541 [main] INFO  com.cloudframe.app.process.Comput1.process  126 - *GB* LK-RLU3A-ACCT-PLAN-DATA-ALLOW = 796451
23:18:28.541 [main] INFO  com.cloudframe.app.process.Comput1.process   76 - ___________________________________
23:18:28.541 [main] INFO  com.cloudframe.app.process.Comput1.process   78 - 136 . WS-OOSU-SHARED-ALLOW = 18241783
23:18:28.541 [main] INFO  com.cloudframe.app.process.Comput1.process   90 - *KB* LK-RLU3A-TOT-DATA-PROMO-ALLOW = 814265
23:18:28.541 [main] INFO  com.cloudframe.app.process.Comput1.process   92 - *KB* LK-RLU3A-ACCT-PLAN-DATA-ALLOW = 814265
23:18:28.541 [main] INFO  com.cloudframe.app.process.Comput1.process  108 - *MB* LK-RLU3A-TOT-DATA-PROMO-ALLOW = 814282
23:18:28.542 [main] INFO  com.cloudframe.app.process.Comput1.process  110 - *MB* LK-RLU3A-ACCT-PLAN-DATA-ALLOW = 814282
23:18:28.542 [main] INFO  com.cloudframe.app.process.Comput1.process  124 - *GB* LK-RLU3A-TOT-DATA-PROMO-ALLOW = 814282
23:18:28.542 [main] INFO  com.cloudframe.app.process.Comput1.process  126 - *GB* LK-RLU3A-ACCT-PLAN-DATA-ALLOW = 814282
23:18:28.542 [main] INFO  com.cloudframe.app.process.Comput1.process   76 - ___________________________________
23:18:28.542 [main] INFO  com.cloudframe.app.process.Comput1.process   78 - 137 . WS-OOSU-SHARED-ALLOW = 18512015
23:18:28.542 [main] INFO  com.cloudframe.app.process.Comput1.process   90 - *KB* LK-RLU3A-TOT-DATA-PROMO-ALLOW = 832360
23:18:28.542 [main] INFO  com.cloudframe.app.process.Comput1.process   92 - *KB* LK-RLU3A-ACCT-PLAN-DATA-ALLOW = 832360
23:18:28.543 [main] INFO  com.cloudframe.app.process.Comput1.process  108 - *MB* LK-RLU3A-TOT-DATA-PROMO-ALLOW = 832377
23:18:28.543 [main] INFO  com.cloudframe.app.process.Comput1.process  110 - *MB* LK-RLU3A-ACCT-PLAN-DATA-ALLOW = 832377
23:18:28.543 [main] INFO  com.cloudframe.app.process.Comput1.process  124 - *GB* LK-RLU3A-TOT-DATA-PROMO-ALLOW = 832377
23:18:28.543 [main] INFO  com.cloudframe.app.process.Comput1.process  126 - *GB* LK-RLU3A-ACCT-PLAN-DATA-ALLOW = 832377
23:18:28.543 [main] INFO  com.cloudframe.app.process.Comput1.process   76 - ___________________________________
23:18:28.543 [main] INFO  com.cloudframe.app.process.Comput1.process   78 - 138 . WS-OOSU-SHARED-ALLOW = 18784234
23:18:28.544 [main] INFO  com.cloudframe.app.process.Comput1.process   90 - *KB* LK-RLU3A-TOT-DATA-PROMO-ALLOW = 850720
23:18:28.544 [main] INFO  com.cloudframe.app.process.Comput1.process   92 - *KB* LK-RLU3A-ACCT-PLAN-DATA-ALLOW = 850720
23:18:28.544 [main] INFO  com.cloudframe.app.process.Comput1.process  108 - *MB* LK-RLU3A-TOT-DATA-PROMO-ALLOW = 850737
23:18:28.544 [main] INFO  com.cloudframe.app.process.Comput1.process  110 - *MB* LK-RLU3A-ACCT-PLAN-DATA-ALLOW = 850737
23:18:28.544 [main] INFO  com.cloudframe.app.process.Comput1.process  124 - *GB* LK-RLU3A-TOT-DATA-PROMO-ALLOW = 850737
23:18:28.544 [main] INFO  com.cloudframe.app.process.Comput1.process  126 - *GB* LK-RLU3A-ACCT-PLAN-DATA-ALLOW = 850737
23:18:28.544 [main] INFO  com.cloudframe.app.process.Comput1.process   76 - ___________________________________
23:18:28.544 [main] INFO  com.cloudframe.app.process.Comput1.process   78 - 139 . WS-OOSU-SHARED-ALLOW = 19058440
23:18:28.545 [main] INFO  com.cloudframe.app.process.Comput1.process   90 - *KB* LK-RLU3A-TOT-DATA-PROMO-ALLOW = 869348
23:18:28.545 [main] INFO  com.cloudframe.app.process.Comput1.process   92 - *KB* LK-RLU3A-ACCT-PLAN-DATA-ALLOW = 869348
23:18:28.545 [main] INFO  com.cloudframe.app.process.Comput1.process  108 - *MB* LK-RLU3A-TOT-DATA-PROMO-ALLOW = 869366
23:18:28.545 [main] INFO  com.cloudframe.app.process.Comput1.process  110 - *MB* LK-RLU3A-ACCT-PLAN-DATA-ALLOW = 869366
23:18:28.545 [main] INFO  com.cloudframe.app.process.Comput1.process  124 - *GB* LK-RLU3A-TOT-DATA-PROMO-ALLOW = 869366
23:18:28.546 [main] INFO  com.cloudframe.app.process.Comput1.process  126 - *GB* LK-RLU3A-ACCT-PLAN-DATA-ALLOW = 869366
23:18:28.546 [main] INFO  com.cloudframe.app.process.Comput1.process   76 - ___________________________________
23:18:28.546 [main] INFO  com.cloudframe.app.process.Comput1.process   78 - 140 . WS-OOSU-SHARED-ALLOW = 19334633
23:18:28.546 [main] INFO  com.cloudframe.app.process.Comput1.process   90 - *KB* LK-RLU3A-TOT-DATA-PROMO-ALLOW = 888247
23:18:28.546 [main] INFO  com.cloudframe.app.process.Comput1.process   92 - *KB* LK-RLU3A-ACCT-PLAN-DATA-ALLOW = 888247
23:18:28.546 [main] INFO  com.cloudframe.app.process.Comput1.process  108 - *MB* LK-RLU3A-TOT-DATA-PROMO-ALLOW = 888265
23:18:28.546 [main] INFO  com.cloudframe.app.process.Comput1.process  110 - *MB* LK-RLU3A-ACCT-PLAN-DATA-ALLOW = 888265
23:18:28.547 [main] INFO  com.cloudframe.app.process.Comput1.process  124 - *GB* LK-RLU3A-TOT-DATA-PROMO-ALLOW = 888265
23:18:28.547 [main] INFO  com.cloudframe.app.process.Comput1.process  126 - *GB* LK-RLU3A-ACCT-PLAN-DATA-ALLOW = 888265
23:18:28.547 [main] INFO  com.cloudframe.app.process.Comput1.process   76 - ___________________________________
23:18:28.547 [main] INFO  com.cloudframe.app.process.Comput1.process   78 - 141 . WS-OOSU-SHARED-ALLOW = 19612813
23:18:28.547 [main] INFO  com.cloudframe.app.process.Comput1.process   90 - *KB* LK-RLU3A-TOT-DATA-PROMO-ALLOW = 907418
23:18:28.547 [main] INFO  com.cloudframe.app.process.Comput1.process   92 - *KB* LK-RLU3A-ACCT-PLAN-DATA-ALLOW = 907418
23:18:28.548 [main] INFO  com.cloudframe.app.process.Comput1.process  108 - *MB* LK-RLU3A-TOT-DATA-PROMO-ALLOW = 907436
23:18:28.548 [main] INFO  com.cloudframe.app.process.Comput1.process  110 - *MB* LK-RLU3A-ACCT-PLAN-DATA-ALLOW = 907436
23:18:28.548 [main] INFO  com.cloudframe.app.process.Comput1.process  124 - *GB* LK-RLU3A-TOT-DATA-PROMO-ALLOW = 907436
23:18:28.548 [main] INFO  com.cloudframe.app.process.Comput1.process  126 - *GB* LK-RLU3A-ACCT-PLAN-DATA-ALLOW = 907436
23:18:28.548 [main] INFO  com.cloudframe.app.process.Comput1.process   76 - ___________________________________
23:18:28.548 [main] INFO  com.cloudframe.app.process.Comput1.process   78 - 142 . WS-OOSU-SHARED-ALLOW = 19892980
23:18:28.549 [main] INFO  com.cloudframe.app.process.Comput1.process   90 - *KB* LK-RLU3A-TOT-DATA-PROMO-ALLOW = 926862
23:18:28.549 [main] INFO  com.cloudframe.app.process.Comput1.process   92 - *KB* LK-RLU3A-ACCT-PLAN-DATA-ALLOW = 926862
23:18:28.549 [main] INFO  com.cloudframe.app.process.Comput1.process  108 - *MB* LK-RLU3A-TOT-DATA-PROMO-ALLOW = 926880
23:18:28.549 [main] INFO  com.cloudframe.app.process.Comput1.process  110 - *MB* LK-RLU3A-ACCT-PLAN-DATA-ALLOW = 926880
23:18:28.549 [main] INFO  com.cloudframe.app.process.Comput1.process  124 - *GB* LK-RLU3A-TOT-DATA-PROMO-ALLOW = 926880
23:18:28.549 [main] INFO  com.cloudframe.app.process.Comput1.process  126 - *GB* LK-RLU3A-ACCT-PLAN-DATA-ALLOW = 926880
23:18:28.549 [main] INFO  com.cloudframe.app.process.Comput1.process   76 - ___________________________________
23:18:28.550 [main] INFO  com.cloudframe.app.process.Comput1.process   78 - 143 . WS-OOSU-SHARED-ALLOW = 20175134
23:18:28.550 [main] INFO  com.cloudframe.app.process.Comput1.process   90 - *KB* LK-RLU3A-TOT-DATA-PROMO-ALLOW = 946582
23:18:28.550 [main] INFO  com.cloudframe.app.process.Comput1.process   92 - *KB* LK-RLU3A-ACCT-PLAN-DATA-ALLOW = 946582
23:18:28.550 [main] INFO  com.cloudframe.app.process.Comput1.process  108 - *MB* LK-RLU3A-TOT-DATA-PROMO-ALLOW = 946601
23:18:28.550 [main] INFO  com.cloudframe.app.process.Comput1.process  110 - *MB* LK-RLU3A-ACCT-PLAN-DATA-ALLOW = 946601
23:18:28.550 [main] INFO  com.cloudframe.app.process.Comput1.process  124 - *GB* LK-RLU3A-TOT-DATA-PROMO-ALLOW = 946601
23:18:28.550 [main] INFO  com.cloudframe.app.process.Comput1.process  126 - *GB* LK-RLU3A-ACCT-PLAN-DATA-ALLOW = 946601
23:18:28.551 [main] INFO  com.cloudframe.app.process.Comput1.process   76 - ___________________________________
23:18:28.551 [main] INFO  com.cloudframe.app.process.Comput1.process   78 - 144 . WS-OOSU-SHARED-ALLOW = 20459275
23:18:28.551 [main] INFO  com.cloudframe.app.process.Comput1.process   90 - *KB* LK-RLU3A-TOT-DATA-PROMO-ALLOW = 966580
23:18:28.551 [main] INFO  com.cloudframe.app.process.Comput1.process   92 - *KB* LK-RLU3A-ACCT-PLAN-DATA-ALLOW = 966580
23:18:28.551 [main] INFO  com.cloudframe.app.process.Comput1.process  108 - *MB* LK-RLU3A-TOT-DATA-PROMO-ALLOW = 966599
23:18:28.552 [main] INFO  com.cloudframe.app.process.Comput1.process  110 - *MB* LK-RLU3A-ACCT-PLAN-DATA-ALLOW = 966599
23:18:28.552 [main] INFO  com.cloudframe.app.process.Comput1.process  124 - *GB* LK-RLU3A-TOT-DATA-PROMO-ALLOW = 966599
23:18:28.552 [main] INFO  com.cloudframe.app.process.Comput1.process  126 - *GB* LK-RLU3A-ACCT-PLAN-DATA-ALLOW = 966599
23:18:28.552 [main] INFO  com.cloudframe.app.process.Comput1.process   76 - ___________________________________
23:18:28.552 [main] INFO  com.cloudframe.app.process.Comput1.process   78 - 145 . WS-OOSU-SHARED-ALLOW = 20745403
23:18:28.552 [main] INFO  com.cloudframe.app.process.Comput1.process   90 - *KB* LK-RLU3A-TOT-DATA-PROMO-ALLOW = 986858
23:18:28.553 [main] INFO  com.cloudframe.app.process.Comput1.process   92 - *KB* LK-RLU3A-ACCT-PLAN-DATA-ALLOW = 986858
23:18:28.553 [main] INFO  com.cloudframe.app.process.Comput1.process  108 - *MB* LK-RLU3A-TOT-DATA-PROMO-ALLOW = 986877
23:18:28.553 [main] INFO  com.cloudframe.app.process.Comput1.process  110 - *MB* LK-RLU3A-ACCT-PLAN-DATA-ALLOW = 986877
23:18:28.553 [main] INFO  com.cloudframe.app.process.Comput1.process  124 - *GB* LK-RLU3A-TOT-DATA-PROMO-ALLOW = 986877
23:18:28.553 [main] INFO  com.cloudframe.app.process.Comput1.process  126 - *GB* LK-RLU3A-ACCT-PLAN-DATA-ALLOW = 986877
23:18:28.553 [main] INFO  com.cloudframe.app.process.Comput1.process   76 - ___________________________________
23:18:28.553 [main] INFO  com.cloudframe.app.process.Comput1.process   78 - 146 . WS-OOSU-SHARED-ALLOW = 21033518
23:18:28.554 [main] INFO  com.cloudframe.app.process.Comput1.process   90 - *KB* LK-RLU3A-TOT-DATA-PROMO-ALLOW = 1007417
23:18:28.554 [main] INFO  com.cloudframe.app.process.Comput1.process   92 - *KB* LK-RLU3A-ACCT-PLAN-DATA-ALLOW = 1007417
23:18:28.554 [main] INFO  com.cloudframe.app.process.Comput1.process  108 - *MB* LK-RLU3A-TOT-DATA-PROMO-ALLOW = 1007437
23:18:28.554 [main] INFO  com.cloudframe.app.process.Comput1.process  110 - *MB* LK-RLU3A-ACCT-PLAN-DATA-ALLOW = 1007437
23:18:28.554 [main] INFO  com.cloudframe.app.process.Comput1.process  124 - *GB* LK-RLU3A-TOT-DATA-PROMO-ALLOW = 1007437
23:18:28.554 [main] INFO  com.cloudframe.app.process.Comput1.process  126 - *GB* LK-RLU3A-ACCT-PLAN-DATA-ALLOW = 1007437
23:18:28.554 [main] INFO  com.cloudframe.app.process.Comput1.process   76 - ___________________________________
23:18:28.555 [main] INFO  com.cloudframe.app.process.Comput1.process   78 - 147 . WS-OOSU-SHARED-ALLOW = 21323620
23:18:28.555 [main] INFO  com.cloudframe.app.process.Comput1.process   90 - *KB* LK-RLU3A-TOT-DATA-PROMO-ALLOW = 1028260
23:18:28.555 [main] INFO  com.cloudframe.app.process.Comput1.process   92 - *KB* LK-RLU3A-ACCT-PLAN-DATA-ALLOW = 1028260
23:18:28.555 [main] INFO  com.cloudframe.app.process.Comput1.process  108 - *MB* LK-RLU3A-TOT-DATA-PROMO-ALLOW = 1028280
23:18:28.555 [main] INFO  com.cloudframe.app.process.Comput1.process  110 - *MB* LK-RLU3A-ACCT-PLAN-DATA-ALLOW = 1028280
23:18:28.555 [main] INFO  com.cloudframe.app.process.Comput1.process  124 - *GB* LK-RLU3A-TOT-DATA-PROMO-ALLOW = 1028280
23:18:28.555 [main] INFO  com.cloudframe.app.process.Comput1.process  126 - *GB* LK-RLU3A-ACCT-PLAN-DATA-ALLOW = 1028280
23:18:28.556 [main] INFO  com.cloudframe.app.process.Comput1.process   76 - ___________________________________
23:18:28.556 [main] INFO  com.cloudframe.app.process.Comput1.process   78 - 148 . WS-OOSU-SHARED-ALLOW = 21615709
23:18:28.556 [main] INFO  com.cloudframe.app.process.Comput1.process   90 - *KB* LK-RLU3A-TOT-DATA-PROMO-ALLOW = 1049389
23:18:28.556 [main] INFO  com.cloudframe.app.process.Comput1.process   92 - *KB* LK-RLU3A-ACCT-PLAN-DATA-ALLOW = 1049389
23:18:28.556 [main] INFO  com.cloudframe.app.process.Comput1.process  108 - *MB* LK-RLU3A-TOT-DATA-PROMO-ALLOW = 1049409
23:18:28.556 [main] INFO  com.cloudframe.app.process.Comput1.process  110 - *MB* LK-RLU3A-ACCT-PLAN-DATA-ALLOW = 1049409
23:18:28.557 [main] INFO  com.cloudframe.app.process.Comput1.process  124 - *GB* LK-RLU3A-TOT-DATA-PROMO-ALLOW = 1049409
23:18:28.557 [main] INFO  com.cloudframe.app.process.Comput1.process  126 - *GB* LK-RLU3A-ACCT-PLAN-DATA-ALLOW = 1049409
23:18:28.557 [main] INFO  com.cloudframe.app.process.Comput1.process   76 - ___________________________________
23:18:28.557 [main] INFO  com.cloudframe.app.process.Comput1.process   78 - 149 . WS-OOSU-SHARED-ALLOW = 21909785
23:18:28.557 [main] INFO  com.cloudframe.app.process.Comput1.process   90 - *KB* LK-RLU3A-TOT-DATA-PROMO-ALLOW = 1070805
23:18:28.558 [main] INFO  com.cloudframe.app.process.Comput1.process   92 - *KB* LK-RLU3A-ACCT-PLAN-DATA-ALLOW = 1070805
23:18:28.558 [main] INFO  com.cloudframe.app.process.Comput1.process  108 - *MB* LK-RLU3A-TOT-DATA-PROMO-ALLOW = 1070825
23:18:28.558 [main] INFO  com.cloudframe.app.process.Comput1.process  110 - *MB* LK-RLU3A-ACCT-PLAN-DATA-ALLOW = 1070825
23:18:28.558 [main] INFO  com.cloudframe.app.process.Comput1.process  124 - *GB* LK-RLU3A-TOT-DATA-PROMO-ALLOW = 1070825
23:18:28.558 [main] INFO  com.cloudframe.app.process.Comput1.process  126 - *GB* LK-RLU3A-ACCT-PLAN-DATA-ALLOW = 1070825
23:18:28.558 [main] INFO  com.cloudframe.app.process.Comput1.process   76 - ___________________________________
23:18:28.558 [main] INFO  com.cloudframe.app.process.Comput1.process   78 - 150 . WS-OOSU-SHARED-ALLOW = 22205848
23:18:28.559 [main] INFO  com.cloudframe.app.process.Comput1.process   90 - *KB* LK-RLU3A-TOT-DATA-PROMO-ALLOW = 1092510
23:18:28.559 [main] INFO  com.cloudframe.app.process.Comput1.process   92 - *KB* LK-RLU3A-ACCT-PLAN-DATA-ALLOW = 1092510
23:18:28.559 [main] INFO  com.cloudframe.app.process.Comput1.process  108 - *MB* LK-RLU3A-TOT-DATA-PROMO-ALLOW = 1092531
23:18:28.559 [main] INFO  com.cloudframe.app.process.Comput1.process  110 - *MB* LK-RLU3A-ACCT-PLAN-DATA-ALLOW = 1092531
23:18:28.559 [main] INFO  com.cloudframe.app.process.Comput1.process  124 - *GB* LK-RLU3A-TOT-DATA-PROMO-ALLOW = 1092531
23:18:28.559 [main] INFO  com.cloudframe.app.process.Comput1.process  126 - *GB* LK-RLU3A-ACCT-PLAN-DATA-ALLOW = 1092531
23:18:28.560 [main] INFO  com.cloudframe.app.process.Comput1.process   76 - ___________________________________
23:18:28.560 [main] INFO  com.cloudframe.app.process.Comput1.process   78 - 151 . WS-OOSU-SHARED-ALLOW = 22503898
23:18:28.560 [main] INFO  com.cloudframe.app.process.Comput1.process   90 - *KB* LK-RLU3A-TOT-DATA-PROMO-ALLOW = 1114507
23:18:28.560 [main] INFO  com.cloudframe.app.process.Comput1.process   92 - *KB* LK-RLU3A-ACCT-PLAN-DATA-ALLOW = 1114507
23:18:28.560 [main] INFO  com.cloudframe.app.process.Comput1.process  108 - *MB* LK-RLU3A-TOT-DATA-PROMO-ALLOW = 1114528
23:18:28.560 [main] INFO  com.cloudframe.app.process.Comput1.process  110 - *MB* LK-RLU3A-ACCT-PLAN-DATA-ALLOW = 1114528
23:18:28.560 [main] INFO  com.cloudframe.app.process.Comput1.process  124 - *GB* LK-RLU3A-TOT-DATA-PROMO-ALLOW = 1114528
23:18:28.561 [main] INFO  com.cloudframe.app.process.Comput1.process  126 - *GB* LK-RLU3A-ACCT-PLAN-DATA-ALLOW = 1114528
23:18:28.561 [main] INFO  com.cloudframe.app.process.Comput1.process   76 - ___________________________________
23:18:28.561 [main] INFO  com.cloudframe.app.process.Comput1.process   78 - 152 . WS-OOSU-SHARED-ALLOW = 22803935
23:18:28.561 [main] INFO  com.cloudframe.app.process.Comput1.process   90 - *KB* LK-RLU3A-TOT-DATA-PROMO-ALLOW = 1136797
23:18:28.561 [main] INFO  com.cloudframe.app.process.Comput1.process   92 - *KB* LK-RLU3A-ACCT-PLAN-DATA-ALLOW = 1136797
23:18:28.561 [main] INFO  com.cloudframe.app.process.Comput1.process  108 - *MB* LK-RLU3A-TOT-DATA-PROMO-ALLOW = 1136818
23:18:28.561 [main] INFO  com.cloudframe.app.process.Comput1.process  110 - *MB* LK-RLU3A-ACCT-PLAN-DATA-ALLOW = 1136818
23:18:28.562 [main] INFO  com.cloudframe.app.process.Comput1.process  124 - *GB* LK-RLU3A-TOT-DATA-PROMO-ALLOW = 1136818
23:18:28.562 [main] INFO  com.cloudframe.app.process.Comput1.process  126 - *GB* LK-RLU3A-ACCT-PLAN-DATA-ALLOW = 1136818
23:18:28.562 [main] INFO  com.cloudframe.app.process.Comput1.process   76 - ___________________________________
23:18:28.562 [main] INFO  com.cloudframe.app.process.Comput1.process   78 - 153 . WS-OOSU-SHARED-ALLOW = 23105959
23:18:28.562 [main] INFO  com.cloudframe.app.process.Comput1.process   90 - *KB* LK-RLU3A-TOT-DATA-PROMO-ALLOW = 1159382
23:18:28.562 [main] INFO  com.cloudframe.app.process.Comput1.process   92 - *KB* LK-RLU3A-ACCT-PLAN-DATA-ALLOW = 1159382
23:18:28.563 [main] INFO  com.cloudframe.app.process.Comput1.process  108 - *MB* LK-RLU3A-TOT-DATA-PROMO-ALLOW = 1159404
23:18:28.563 [main] INFO  com.cloudframe.app.process.Comput1.process  110 - *MB* LK-RLU3A-ACCT-PLAN-DATA-ALLOW = 1159404
23:18:28.563 [main] INFO  com.cloudframe.app.process.Comput1.process  124 - *GB* LK-RLU3A-TOT-DATA-PROMO-ALLOW = 1159404
23:18:28.563 [main] INFO  com.cloudframe.app.process.Comput1.process  126 - *GB* LK-RLU3A-ACCT-PLAN-DATA-ALLOW = 1159404
23:18:28.563 [main] INFO  com.cloudframe.app.process.Comput1.process   76 - ___________________________________
23:18:28.563 [main] INFO  com.cloudframe.app.process.Comput1.process   78 - 154 . WS-OOSU-SHARED-ALLOW = 23409970
23:18:28.563 [main] INFO  com.cloudframe.app.process.Comput1.process   90 - *KB* LK-RLU3A-TOT-DATA-PROMO-ALLOW = 1182265
23:18:28.564 [main] INFO  com.cloudframe.app.process.Comput1.process   92 - *KB* LK-RLU3A-ACCT-PLAN-DATA-ALLOW = 1182265
23:18:28.564 [main] INFO  com.cloudframe.app.process.Comput1.process  108 - *MB* LK-RLU3A-TOT-DATA-PROMO-ALLOW = 1182287
23:18:28.564 [main] INFO  com.cloudframe.app.process.Comput1.process  110 - *MB* LK-RLU3A-ACCT-PLAN-DATA-ALLOW = 1182287
23:18:28.564 [main] INFO  com.cloudframe.app.process.Comput1.process  124 - *GB* LK-RLU3A-TOT-DATA-PROMO-ALLOW = 1182287
23:18:28.564 [main] INFO  com.cloudframe.app.process.Comput1.process  126 - *GB* LK-RLU3A-ACCT-PLAN-DATA-ALLOW = 1182287
23:18:28.564 [main] INFO  com.cloudframe.app.process.Comput1.process   76 - ___________________________________
23:18:28.565 [main] INFO  com.cloudframe.app.process.Comput1.process   78 - 155 . WS-OOSU-SHARED-ALLOW = 23715968
23:18:28.565 [main] INFO  com.cloudframe.app.process.Comput1.process   90 - *KB* LK-RLU3A-TOT-DATA-PROMO-ALLOW = 1205447
23:18:28.565 [main] INFO  com.cloudframe.app.process.Comput1.process   92 - *KB* LK-RLU3A-ACCT-PLAN-DATA-ALLOW = 1205447
23:18:28.565 [main] INFO  com.cloudframe.app.process.Comput1.process  108 - *MB* LK-RLU3A-TOT-DATA-PROMO-ALLOW = 1205469
23:18:28.565 [main] INFO  com.cloudframe.app.process.Comput1.process  110 - *MB* LK-RLU3A-ACCT-PLAN-DATA-ALLOW = 1205469
23:18:28.565 [main] INFO  com.cloudframe.app.process.Comput1.process  124 - *GB* LK-RLU3A-TOT-DATA-PROMO-ALLOW = 1205469
23:18:28.566 [main] INFO  com.cloudframe.app.process.Comput1.process  126 - *GB* LK-RLU3A-ACCT-PLAN-DATA-ALLOW = 1205469
23:18:28.566 [main] INFO  com.cloudframe.app.process.Comput1.process   76 - ___________________________________
23:18:28.566 [main] INFO  com.cloudframe.app.process.Comput1.process   78 - 156 . WS-OOSU-SHARED-ALLOW = 24023953
23:18:28.566 [main] INFO  com.cloudframe.app.process.Comput1.process   90 - *KB* LK-RLU3A-TOT-DATA-PROMO-ALLOW = 1228929
23:18:28.566 [main] INFO  com.cloudframe.app.process.Comput1.process   92 - *KB* LK-RLU3A-ACCT-PLAN-DATA-ALLOW = 1228929
23:18:28.566 [main] INFO  com.cloudframe.app.process.Comput1.process  108 - *MB* LK-RLU3A-TOT-DATA-PROMO-ALLOW = 1228951
23:18:28.567 [main] INFO  com.cloudframe.app.process.Comput1.process  110 - *MB* LK-RLU3A-ACCT-PLAN-DATA-ALLOW = 1228951
23:18:28.567 [main] INFO  com.cloudframe.app.process.Comput1.process  124 - *GB* LK-RLU3A-TOT-DATA-PROMO-ALLOW = 1228951
23:18:28.567 [main] INFO  com.cloudframe.app.process.Comput1.process  126 - *GB* LK-RLU3A-ACCT-PLAN-DATA-ALLOW = 1228951
23:18:28.567 [main] INFO  com.cloudframe.app.process.Comput1.process   76 - ___________________________________
23:18:28.567 [main] INFO  com.cloudframe.app.process.Comput1.process   78 - 157 . WS-OOSU-SHARED-ALLOW = 24333925
23:18:28.567 [main] INFO  com.cloudframe.app.process.Comput1.process   90 - *KB* LK-RLU3A-TOT-DATA-PROMO-ALLOW = 1252714
23:18:28.567 [main] INFO  com.cloudframe.app.process.Comput1.process   92 - *KB* LK-RLU3A-ACCT-PLAN-DATA-ALLOW = 1252714
23:18:28.568 [main] INFO  com.cloudframe.app.process.Comput1.process  108 - *MB* LK-RLU3A-TOT-DATA-PROMO-ALLOW = 1252737
23:18:28.568 [main] INFO  com.cloudframe.app.process.Comput1.process  110 - *MB* LK-RLU3A-ACCT-PLAN-DATA-ALLOW = 1252737
23:18:28.568 [main] INFO  com.cloudframe.app.process.Comput1.process  124 - *GB* LK-RLU3A-TOT-DATA-PROMO-ALLOW = 1252737
23:18:28.568 [main] INFO  com.cloudframe.app.process.Comput1.process  126 - *GB* LK-RLU3A-ACCT-PLAN-DATA-ALLOW = 1252737
23:18:28.568 [main] INFO  com.cloudframe.app.process.Comput1.process   76 - ___________________________________
23:18:28.568 [main] INFO  com.cloudframe.app.process.Comput1.process   78 - 158 . WS-OOSU-SHARED-ALLOW = 24645884
23:18:28.568 [main] INFO  com.cloudframe.app.process.Comput1.process   90 - *KB* LK-RLU3A-TOT-DATA-PROMO-ALLOW = 1276805
23:18:28.568 [main] INFO  com.cloudframe.app.process.Comput1.process   92 - *KB* LK-RLU3A-ACCT-PLAN-DATA-ALLOW = 1276805
23:18:28.569 [main] INFO  com.cloudframe.app.process.Comput1.process  108 - *MB* LK-RLU3A-TOT-DATA-PROMO-ALLOW = 1276828
23:18:28.569 [main] INFO  com.cloudframe.app.process.Comput1.process  110 - *MB* LK-RLU3A-ACCT-PLAN-DATA-ALLOW = 1276828
23:18:28.569 [main] INFO  com.cloudframe.app.process.Comput1.process  124 - *GB* LK-RLU3A-TOT-DATA-PROMO-ALLOW = 1276828
23:18:28.569 [main] INFO  com.cloudframe.app.process.Comput1.process  126 - *GB* LK-RLU3A-ACCT-PLAN-DATA-ALLOW = 1276828
23:18:28.569 [main] INFO  com.cloudframe.app.process.Comput1.process   76 - ___________________________________
23:18:28.569 [main] INFO  com.cloudframe.app.process.Comput1.process   78 - 159 . WS-OOSU-SHARED-ALLOW = 24959830
23:18:28.570 [main] INFO  com.cloudframe.app.process.Comput1.process   90 - *KB* LK-RLU3A-TOT-DATA-PROMO-ALLOW = 1301202
23:18:28.570 [main] INFO  com.cloudframe.app.process.Comput1.process   92 - *KB* LK-RLU3A-ACCT-PLAN-DATA-ALLOW = 1301202
23:18:28.570 [main] INFO  com.cloudframe.app.process.Comput1.process  108 - *MB* LK-RLU3A-TOT-DATA-PROMO-ALLOW = 1301225
23:18:28.570 [main] INFO  com.cloudframe.app.process.Comput1.process  110 - *MB* LK-RLU3A-ACCT-PLAN-DATA-ALLOW = 1301225
23:18:28.570 [main] INFO  com.cloudframe.app.process.Comput1.process  124 - *GB* LK-RLU3A-TOT-DATA-PROMO-ALLOW = 1301225
23:18:28.570 [main] INFO  com.cloudframe.app.process.Comput1.process  126 - *GB* LK-RLU3A-ACCT-PLAN-DATA-ALLOW = 1301225
23:18:28.570 [main] INFO  com.cloudframe.app.process.Comput1.process   76 - ___________________________________
23:18:28.571 [main] INFO  com.cloudframe.app.process.Comput1.process   78 - 160 . WS-OOSU-SHARED-ALLOW = 25275763
23:18:28.571 [main] INFO  com.cloudframe.app.process.Comput1.process   90 - *KB* LK-RLU3A-TOT-DATA-PROMO-ALLOW = 1325908
23:18:28.571 [main] INFO  com.cloudframe.app.process.Comput1.process   92 - *KB* LK-RLU3A-ACCT-PLAN-DATA-ALLOW = 1325908
23:18:28.571 [main] INFO  com.cloudframe.app.process.Comput1.process  108 - *MB* LK-RLU3A-TOT-DATA-PROMO-ALLOW = 1325932
23:18:28.571 [main] INFO  com.cloudframe.app.process.Comput1.process  110 - *MB* LK-RLU3A-ACCT-PLAN-DATA-ALLOW = 1325932
23:18:28.571 [main] INFO  com.cloudframe.app.process.Comput1.process  124 - *GB* LK-RLU3A-TOT-DATA-PROMO-ALLOW = 1325932
23:18:28.571 [main] INFO  com.cloudframe.app.process.Comput1.process  126 - *GB* LK-RLU3A-ACCT-PLAN-DATA-ALLOW = 1325932
23:18:28.572 [main] INFO  com.cloudframe.app.process.Comput1.process   76 - ___________________________________
23:18:28.572 [main] INFO  com.cloudframe.app.process.Comput1.process   78 - 161 . WS-OOSU-SHARED-ALLOW = 25593683
23:18:28.572 [main] INFO  com.cloudframe.app.process.Comput1.process   90 - *KB* LK-RLU3A-TOT-DATA-PROMO-ALLOW = 1350925
23:18:28.572 [main] INFO  com.cloudframe.app.process.Comput1.process   92 - *KB* LK-RLU3A-ACCT-PLAN-DATA-ALLOW = 1350925
23:18:28.572 [main] INFO  com.cloudframe.app.process.Comput1.process  108 - *MB* LK-RLU3A-TOT-DATA-PROMO-ALLOW = 1350949
23:18:28.572 [main] INFO  com.cloudframe.app.process.Comput1.process  110 - *MB* LK-RLU3A-ACCT-PLAN-DATA-ALLOW = 1350949
23:18:28.573 [main] INFO  com.cloudframe.app.process.Comput1.process  124 - *GB* LK-RLU3A-TOT-DATA-PROMO-ALLOW = 1350949
23:18:28.573 [main] INFO  com.cloudframe.app.process.Comput1.process  126 - *GB* LK-RLU3A-ACCT-PLAN-DATA-ALLOW = 1350949
23:18:28.573 [main] INFO  com.cloudframe.app.process.Comput1.process   76 - ___________________________________
23:18:28.573 [main] INFO  com.cloudframe.app.process.Comput1.process   78 - 162 . WS-OOSU-SHARED-ALLOW = 25913590
23:18:28.573 [main] INFO  com.cloudframe.app.process.Comput1.process   90 - *KB* LK-RLU3A-TOT-DATA-PROMO-ALLOW = 1376255
23:18:28.573 [main] INFO  com.cloudframe.app.process.Comput1.process   92 - *KB* LK-RLU3A-ACCT-PLAN-DATA-ALLOW = 1376255
23:18:28.573 [main] INFO  com.cloudframe.app.process.Comput1.process  108 - *MB* LK-RLU3A-TOT-DATA-PROMO-ALLOW = 1376279
23:18:28.573 [main] INFO  com.cloudframe.app.process.Comput1.process  110 - *MB* LK-RLU3A-ACCT-PLAN-DATA-ALLOW = 1376279
23:18:28.574 [main] INFO  com.cloudframe.app.process.Comput1.process  124 - *GB* LK-RLU3A-TOT-DATA-PROMO-ALLOW = 1376279
23:18:28.574 [main] INFO  com.cloudframe.app.process.Comput1.process  126 - *GB* LK-RLU3A-ACCT-PLAN-DATA-ALLOW = 1376279
23:18:28.574 [main] INFO  com.cloudframe.app.process.Comput1.process   76 - ___________________________________
23:18:28.574 [main] INFO  com.cloudframe.app.process.Comput1.process   78 - 163 . WS-OOSU-SHARED-ALLOW = 26235484
23:18:28.574 [main] INFO  com.cloudframe.app.process.Comput1.process   90 - *KB* LK-RLU3A-TOT-DATA-PROMO-ALLOW = 1401899
23:18:28.574 [main] INFO  com.cloudframe.app.process.Comput1.process   92 - *KB* LK-RLU3A-ACCT-PLAN-DATA-ALLOW = 1401899
23:18:28.574 [main] INFO  com.cloudframe.app.process.Comput1.process  108 - *MB* LK-RLU3A-TOT-DATA-PROMO-ALLOW = 1401924
23:18:28.575 [main] INFO  com.cloudframe.app.process.Comput1.process  110 - *MB* LK-RLU3A-ACCT-PLAN-DATA-ALLOW = 1401924
23:18:28.575 [main] INFO  com.cloudframe.app.process.Comput1.process  124 - *GB* LK-RLU3A-TOT-DATA-PROMO-ALLOW = 1401924
23:18:28.575 [main] INFO  com.cloudframe.app.process.Comput1.process  126 - *GB* LK-RLU3A-ACCT-PLAN-DATA-ALLOW = 1401924
23:18:28.575 [main] INFO  com.cloudframe.app.process.Comput1.process   76 - ___________________________________
23:18:28.575 [main] INFO  com.cloudframe.app.process.Comput1.process   78 - 164 . WS-OOSU-SHARED-ALLOW = 26559365
23:18:28.575 [main] INFO  com.cloudframe.app.process.Comput1.process   90 - *KB* LK-RLU3A-TOT-DATA-PROMO-ALLOW = 1427860
23:18:28.576 [main] INFO  com.cloudframe.app.process.Comput1.process   92 - *KB* LK-RLU3A-ACCT-PLAN-DATA-ALLOW = 1427860
23:18:28.576 [main] INFO  com.cloudframe.app.process.Comput1.process  108 - *MB* LK-RLU3A-TOT-DATA-PROMO-ALLOW = 1427885
23:18:28.576 [main] INFO  com.cloudframe.app.process.Comput1.process  110 - *MB* LK-RLU3A-ACCT-PLAN-DATA-ALLOW = 1427885
23:18:28.576 [main] INFO  com.cloudframe.app.process.Comput1.process  124 - *GB* LK-RLU3A-TOT-DATA-PROMO-ALLOW = 1427885
23:18:28.576 [main] INFO  com.cloudframe.app.process.Comput1.process  126 - *GB* LK-RLU3A-ACCT-PLAN-DATA-ALLOW = 1427885
23:18:28.576 [main] INFO  com.cloudframe.app.process.Comput1.process   76 - ___________________________________
23:18:28.577 [main] INFO  com.cloudframe.app.process.Comput1.process   78 - 165 . WS-OOSU-SHARED-ALLOW = 26885233
23:18:28.577 [main] INFO  com.cloudframe.app.process.Comput1.process   90 - *KB* LK-RLU3A-TOT-DATA-PROMO-ALLOW = 1454140
23:18:28.577 [main] INFO  com.cloudframe.app.process.Comput1.process   92 - *KB* LK-RLU3A-ACCT-PLAN-DATA-ALLOW = 1454140
23:18:28.577 [main] INFO  com.cloudframe.app.process.Comput1.process  108 - *MB* LK-RLU3A-TOT-DATA-PROMO-ALLOW = 1454165
23:18:28.577 [main] INFO  com.cloudframe.app.process.Comput1.process  110 - *MB* LK-RLU3A-ACCT-PLAN-DATA-ALLOW = 1454165
23:18:28.578 [main] INFO  com.cloudframe.app.process.Comput1.process  124 - *GB* LK-RLU3A-TOT-DATA-PROMO-ALLOW = 1454165
23:18:28.578 [main] INFO  com.cloudframe.app.process.Comput1.process  126 - *GB* LK-RLU3A-ACCT-PLAN-DATA-ALLOW = 1454165
23:18:28.578 [main] INFO  com.cloudframe.app.process.Comput1.process   76 - ___________________________________
23:18:28.578 [main] INFO  com.cloudframe.app.process.Comput1.process   78 - 166 . WS-OOSU-SHARED-ALLOW = 27213088
23:18:28.578 [main] INFO  com.cloudframe.app.process.Comput1.process   90 - *KB* LK-RLU3A-TOT-DATA-PROMO-ALLOW = 1480740
23:18:28.579 [main] INFO  com.cloudframe.app.process.Comput1.process   92 - *KB* LK-RLU3A-ACCT-PLAN-DATA-ALLOW = 1480740
23:18:28.579 [main] INFO  com.cloudframe.app.process.Comput1.process  108 - *MB* LK-RLU3A-TOT-DATA-PROMO-ALLOW = 1480765
23:18:28.579 [main] INFO  com.cloudframe.app.process.Comput1.process  110 - *MB* LK-RLU3A-ACCT-PLAN-DATA-ALLOW = 1480765
23:18:28.579 [main] INFO  com.cloudframe.app.process.Comput1.process  124 - *GB* LK-RLU3A-TOT-DATA-PROMO-ALLOW = 1480765
23:18:28.579 [main] INFO  com.cloudframe.app.process.Comput1.process  126 - *GB* LK-RLU3A-ACCT-PLAN-DATA-ALLOW = 1480765
23:18:28.579 [main] INFO  com.cloudframe.app.process.Comput1.process   76 - ___________________________________
23:18:28.580 [main] INFO  com.cloudframe.app.process.Comput1.process   78 - 167 . WS-OOSU-SHARED-ALLOW = 27542930
23:18:28.580 [main] INFO  com.cloudframe.app.process.Comput1.process   90 - *KB* LK-RLU3A-TOT-DATA-PROMO-ALLOW = 1507662
23:18:28.580 [main] INFO  com.cloudframe.app.process.Comput1.process   92 - *KB* LK-RLU3A-ACCT-PLAN-DATA-ALLOW = 1507662
23:18:28.580 [main] INFO  com.cloudframe.app.process.Comput1.process  108 - *MB* LK-RLU3A-TOT-DATA-PROMO-ALLOW = 1507688
23:18:28.580 [main] INFO  com.cloudframe.app.process.Comput1.process  110 - *MB* LK-RLU3A-ACCT-PLAN-DATA-ALLOW = 1507688
23:18:28.581 [main] INFO  com.cloudframe.app.process.Comput1.process  124 - *GB* LK-RLU3A-TOT-DATA-PROMO-ALLOW = 1507688
23:18:28.581 [main] INFO  com.cloudframe.app.process.Comput1.process  126 - *GB* LK-RLU3A-ACCT-PLAN-DATA-ALLOW = 1507688
23:18:28.581 [main] INFO  com.cloudframe.app.process.Comput1.process   76 - ___________________________________
23:18:28.581 [main] INFO  com.cloudframe.app.process.Comput1.process   78 - 168 . WS-OOSU-SHARED-ALLOW = 27874759
23:18:28.581 [main] INFO  com.cloudframe.app.process.Comput1.process   90 - *KB* LK-RLU3A-TOT-DATA-PROMO-ALLOW = 1534909
23:18:28.582 [main] INFO  com.cloudframe.app.process.Comput1.process   92 - *KB* LK-RLU3A-ACCT-PLAN-DATA-ALLOW = 1534909
23:18:28.582 [main] INFO  com.cloudframe.app.process.Comput1.process  108 - *MB* LK-RLU3A-TOT-DATA-PROMO-ALLOW = 1534935
23:18:28.582 [main] INFO  com.cloudframe.app.process.Comput1.process  110 - *MB* LK-RLU3A-ACCT-PLAN-DATA-ALLOW = 1534935
23:18:28.582 [main] INFO  com.cloudframe.app.process.Comput1.process  124 - *GB* LK-RLU3A-TOT-DATA-PROMO-ALLOW = 1534935
23:18:28.582 [main] INFO  com.cloudframe.app.process.Comput1.process  126 - *GB* LK-RLU3A-ACCT-PLAN-DATA-ALLOW = 1534935
23:18:28.583 [main] INFO  com.cloudframe.app.process.Comput1.process   76 - ___________________________________
23:18:28.583 [main] INFO  com.cloudframe.app.process.Comput1.process   78 - 169 . WS-OOSU-SHARED-ALLOW = 28208575
23:18:28.583 [main] INFO  com.cloudframe.app.process.Comput1.process   90 - *KB* LK-RLU3A-TOT-DATA-PROMO-ALLOW = 1562482
23:18:28.583 [main] INFO  com.cloudframe.app.process.Comput1.process   92 - *KB* LK-RLU3A-ACCT-PLAN-DATA-ALLOW = 1562482
23:18:28.583 [main] INFO  com.cloudframe.app.process.Comput1.process  108 - *MB* LK-RLU3A-TOT-DATA-PROMO-ALLOW = 1562508
23:18:28.584 [main] INFO  com.cloudframe.app.process.Comput1.process  110 - *MB* LK-RLU3A-ACCT-PLAN-DATA-ALLOW = 1562508
23:18:28.584 [main] INFO  com.cloudframe.app.process.Comput1.process  124 - *GB* LK-RLU3A-TOT-DATA-PROMO-ALLOW = 1562508
23:18:28.584 [main] INFO  com.cloudframe.app.process.Comput1.process  126 - *GB* LK-RLU3A-ACCT-PLAN-DATA-ALLOW = 1562508
23:18:28.584 [main] INFO  com.cloudframe.app.process.Comput1.process   76 - ___________________________________
23:18:28.584 [main] INFO  com.cloudframe.app.process.Comput1.process   78 - 170 . WS-OOSU-SHARED-ALLOW = 28544378
23:18:28.584 [main] INFO  com.cloudframe.app.process.Comput1.process   90 - *KB* LK-RLU3A-TOT-DATA-PROMO-ALLOW = 1590383
23:18:28.585 [main] INFO  com.cloudframe.app.process.Comput1.process   92 - *KB* LK-RLU3A-ACCT-PLAN-DATA-ALLOW = 1590383
23:18:28.585 [main] INFO  com.cloudframe.app.process.Comput1.process  108 - *MB* LK-RLU3A-TOT-DATA-PROMO-ALLOW = 1590410
23:18:28.585 [main] INFO  com.cloudframe.app.process.Comput1.process  110 - *MB* LK-RLU3A-ACCT-PLAN-DATA-ALLOW = 1590410
23:18:28.585 [main] INFO  com.cloudframe.app.process.Comput1.process  124 - *GB* LK-RLU3A-TOT-DATA-PROMO-ALLOW = 1590410
23:18:28.585 [main] INFO  com.cloudframe.app.process.Comput1.process  126 - *GB* LK-RLU3A-ACCT-PLAN-DATA-ALLOW = 1590410
23:18:28.585 [main] INFO  com.cloudframe.app.process.Comput1.process   76 - ___________________________________
23:18:28.586 [main] INFO  com.cloudframe.app.process.Comput1.process   78 - 171 . WS-OOSU-SHARED-ALLOW = 28882168
23:18:28.586 [main] INFO  com.cloudframe.app.process.Comput1.process   90 - *KB* LK-RLU3A-TOT-DATA-PROMO-ALLOW = 1618615
23:18:28.586 [main] INFO  com.cloudframe.app.process.Comput1.process   92 - *KB* LK-RLU3A-ACCT-PLAN-DATA-ALLOW = 1618615
23:18:28.586 [main] INFO  com.cloudframe.app.process.Comput1.process  108 - *MB* LK-RLU3A-TOT-DATA-PROMO-ALLOW = 1618642
23:18:28.586 [main] INFO  com.cloudframe.app.process.Comput1.process  110 - *MB* LK-RLU3A-ACCT-PLAN-DATA-ALLOW = 1618642
23:18:28.586 [main] INFO  com.cloudframe.app.process.Comput1.process  124 - *GB* LK-RLU3A-TOT-DATA-PROMO-ALLOW = 1618642
23:18:28.586 [main] INFO  com.cloudframe.app.process.Comput1.process  126 - *GB* LK-RLU3A-ACCT-PLAN-DATA-ALLOW = 1618642
23:18:28.587 [main] INFO  com.cloudframe.app.process.Comput1.process   76 - ___________________________________
23:18:28.587 [main] INFO  com.cloudframe.app.process.Comput1.process   78 - 172 . WS-OOSU-SHARED-ALLOW = 29221945
23:18:28.587 [main] INFO  com.cloudframe.app.process.Comput1.process   90 - *KB* LK-RLU3A-TOT-DATA-PROMO-ALLOW = 1647179
23:18:28.587 [main] INFO  com.cloudframe.app.process.Comput1.process   92 - *KB* LK-RLU3A-ACCT-PLAN-DATA-ALLOW = 1647179
23:18:28.587 [main] INFO  com.cloudframe.app.process.Comput1.process  108 - *MB* LK-RLU3A-TOT-DATA-PROMO-ALLOW = 1647206
23:18:28.587 [main] INFO  com.cloudframe.app.process.Comput1.process  110 - *MB* LK-RLU3A-ACCT-PLAN-DATA-ALLOW = 1647206
23:18:28.588 [main] INFO  com.cloudframe.app.process.Comput1.process  124 - *GB* LK-RLU3A-TOT-DATA-PROMO-ALLOW = 1647206
23:18:28.588 [main] INFO  com.cloudframe.app.process.Comput1.process  126 - *GB* LK-RLU3A-ACCT-PLAN-DATA-ALLOW = 1647206
23:18:28.588 [main] INFO  com.cloudframe.app.process.Comput1.process   76 - ___________________________________
23:18:28.588 [main] INFO  com.cloudframe.app.process.Comput1.process   78 - 173 . WS-OOSU-SHARED-ALLOW = 29563709
23:18:28.588 [main] INFO  com.cloudframe.app.process.Comput1.process   90 - *KB* LK-RLU3A-TOT-DATA-PROMO-ALLOW = 1676076
23:18:28.588 [main] INFO  com.cloudframe.app.process.Comput1.process   92 - *KB* LK-RLU3A-ACCT-PLAN-DATA-ALLOW = 1676076
23:18:28.589 [main] INFO  com.cloudframe.app.process.Comput1.process  108 - *MB* LK-RLU3A-TOT-DATA-PROMO-ALLOW = 1676104
23:18:28.589 [main] INFO  com.cloudframe.app.process.Comput1.process  110 - *MB* LK-RLU3A-ACCT-PLAN-DATA-ALLOW = 1676104
23:18:28.589 [main] INFO  com.cloudframe.app.process.Comput1.process  124 - *GB* LK-RLU3A-TOT-DATA-PROMO-ALLOW = 1676104
23:18:28.589 [main] INFO  com.cloudframe.app.process.Comput1.process  126 - *GB* LK-RLU3A-ACCT-PLAN-DATA-ALLOW = 1676104
23:18:28.589 [main] INFO  com.cloudframe.app.process.Comput1.process   76 - ___________________________________
23:18:28.589 [main] INFO  com.cloudframe.app.process.Comput1.process   78 - 174 . WS-OOSU-SHARED-ALLOW = 29907460
23:18:28.590 [main] INFO  com.cloudframe.app.process.Comput1.process   90 - *KB* LK-RLU3A-TOT-DATA-PROMO-ALLOW = 1705310
23:18:28.590 [main] INFO  com.cloudframe.app.process.Comput1.process   92 - *KB* LK-RLU3A-ACCT-PLAN-DATA-ALLOW = 1705310
23:18:28.590 [main] INFO  com.cloudframe.app.process.Comput1.process  108 - *MB* LK-RLU3A-TOT-DATA-PROMO-ALLOW = 1705338
23:18:28.590 [main] INFO  com.cloudframe.app.process.Comput1.process  110 - *MB* LK-RLU3A-ACCT-PLAN-DATA-ALLOW = 1705338
23:18:28.590 [main] INFO  com.cloudframe.app.process.Comput1.process  124 - *GB* LK-RLU3A-TOT-DATA-PROMO-ALLOW = 1705338
23:18:28.590 [main] INFO  com.cloudframe.app.process.Comput1.process  126 - *GB* LK-RLU3A-ACCT-PLAN-DATA-ALLOW = 1705338
23:18:28.591 [main] INFO  com.cloudframe.app.process.Comput1.process   76 - ___________________________________
23:18:28.591 [main] INFO  com.cloudframe.app.process.Comput1.process   78 - 175 . WS-OOSU-SHARED-ALLOW = 30253198
23:18:28.591 [main] INFO  com.cloudframe.app.process.Comput1.process   90 - *KB* LK-RLU3A-TOT-DATA-PROMO-ALLOW = 1734882
23:18:28.591 [main] INFO  com.cloudframe.app.process.Comput1.process   92 - *KB* LK-RLU3A-ACCT-PLAN-DATA-ALLOW = 1734882
23:18:28.591 [main] INFO  com.cloudframe.app.process.Comput1.process  108 - *MB* LK-RLU3A-TOT-DATA-PROMO-ALLOW = 1734910
23:18:28.591 [main] INFO  com.cloudframe.app.process.Comput1.process  110 - *MB* LK-RLU3A-ACCT-PLAN-DATA-ALLOW = 1734910
23:18:28.591 [main] INFO  com.cloudframe.app.process.Comput1.process  124 - *GB* LK-RLU3A-TOT-DATA-PROMO-ALLOW = 1734910
23:18:28.592 [main] INFO  com.cloudframe.app.process.Comput1.process  126 - *GB* LK-RLU3A-ACCT-PLAN-DATA-ALLOW = 1734910
23:18:28.592 [main] INFO  com.cloudframe.app.process.Comput1.process   76 - ___________________________________
23:18:28.592 [main] INFO  com.cloudframe.app.process.Comput1.process   78 - 176 . WS-OOSU-SHARED-ALLOW = 30600923
23:18:28.592 [main] INFO  com.cloudframe.app.process.Comput1.process   90 - *KB* LK-RLU3A-TOT-DATA-PROMO-ALLOW = 1764793
23:18:28.592 [main] INFO  com.cloudframe.app.process.Comput1.process   92 - *KB* LK-RLU3A-ACCT-PLAN-DATA-ALLOW = 1764793
23:18:28.593 [main] INFO  com.cloudframe.app.process.Comput1.process  108 - *MB* LK-RLU3A-TOT-DATA-PROMO-ALLOW = 1764822
23:18:28.593 [main] INFO  com.cloudframe.app.process.Comput1.process  110 - *MB* LK-RLU3A-ACCT-PLAN-DATA-ALLOW = 1764822
23:18:28.593 [main] INFO  com.cloudframe.app.process.Comput1.process  124 - *GB* LK-RLU3A-TOT-DATA-PROMO-ALLOW = 1764822
23:18:28.593 [main] INFO  com.cloudframe.app.process.Comput1.process  126 - *GB* LK-RLU3A-ACCT-PLAN-DATA-ALLOW = 1764822
23:18:28.593 [main] INFO  com.cloudframe.app.process.Comput1.process   76 - ___________________________________
23:18:28.593 [main] INFO  com.cloudframe.app.process.Comput1.process   78 - 177 . WS-OOSU-SHARED-ALLOW = 30950635
23:18:28.594 [main] INFO  com.cloudframe.app.process.Comput1.process   90 - *KB* LK-RLU3A-TOT-DATA-PROMO-ALLOW = 1795047
23:18:28.594 [main] INFO  com.cloudframe.app.process.Comput1.process   92 - *KB* LK-RLU3A-ACCT-PLAN-DATA-ALLOW = 1795047
23:18:28.594 [main] INFO  com.cloudframe.app.process.Comput1.process  108 - *MB* LK-RLU3A-TOT-DATA-PROMO-ALLOW = 1795076
23:18:28.594 [main] INFO  com.cloudframe.app.process.Comput1.process  110 - *MB* LK-RLU3A-ACCT-PLAN-DATA-ALLOW = 1795076
23:18:28.594 [main] INFO  com.cloudframe.app.process.Comput1.process  124 - *GB* LK-RLU3A-TOT-DATA-PROMO-ALLOW = 1795076
23:18:28.594 [main] INFO  com.cloudframe.app.process.Comput1.process  126 - *GB* LK-RLU3A-ACCT-PLAN-DATA-ALLOW = 1795076
23:18:28.594 [main] INFO  com.cloudframe.app.process.Comput1.process   76 - ___________________________________
23:18:28.595 [main] INFO  com.cloudframe.app.process.Comput1.process   78 - 178 . WS-OOSU-SHARED-ALLOW = 31302334
23:18:28.595 [main] INFO  com.cloudframe.app.process.Comput1.process   90 - *KB* LK-RLU3A-TOT-DATA-PROMO-ALLOW = 1825644
23:18:28.595 [main] INFO  com.cloudframe.app.process.Comput1.process   92 - *KB* LK-RLU3A-ACCT-PLAN-DATA-ALLOW = 1825644
23:18:28.595 [main] INFO  com.cloudframe.app.process.Comput1.process  108 - *MB* LK-RLU3A-TOT-DATA-PROMO-ALLOW = 1825673
23:18:28.595 [main] INFO  com.cloudframe.app.process.Comput1.process  110 - *MB* LK-RLU3A-ACCT-PLAN-DATA-ALLOW = 1825673
23:18:28.595 [main] INFO  com.cloudframe.app.process.Comput1.process  124 - *GB* LK-RLU3A-TOT-DATA-PROMO-ALLOW = 1825673
23:18:28.596 [main] INFO  com.cloudframe.app.process.Comput1.process  126 - *GB* LK-RLU3A-ACCT-PLAN-DATA-ALLOW = 1825673
23:18:28.596 [main] INFO  com.cloudframe.app.process.Comput1.process   76 - ___________________________________
23:18:28.596 [main] INFO  com.cloudframe.app.process.Comput1.process   78 - 179 . WS-OOSU-SHARED-ALLOW = 31656020
23:18:28.596 [main] INFO  com.cloudframe.app.process.Comput1.process   90 - *KB* LK-RLU3A-TOT-DATA-PROMO-ALLOW = 1856587
23:18:28.596 [main] INFO  com.cloudframe.app.process.Comput1.process   92 - *KB* LK-RLU3A-ACCT-PLAN-DATA-ALLOW = 1856587
23:18:28.596 [main] INFO  com.cloudframe.app.process.Comput1.process  108 - *MB* LK-RLU3A-TOT-DATA-PROMO-ALLOW = 1856617
23:18:28.596 [main] INFO  com.cloudframe.app.process.Comput1.process  110 - *MB* LK-RLU3A-ACCT-PLAN-DATA-ALLOW = 1856617
23:18:28.596 [main] INFO  com.cloudframe.app.process.Comput1.process  124 - *GB* LK-RLU3A-TOT-DATA-PROMO-ALLOW = 1856617
23:18:28.597 [main] INFO  com.cloudframe.app.process.Comput1.process  126 - *GB* LK-RLU3A-ACCT-PLAN-DATA-ALLOW = 1856617
23:18:28.597 [main] INFO  com.cloudframe.app.process.Comput1.process   76 - ___________________________________
23:18:28.597 [main] INFO  com.cloudframe.app.process.Comput1.process   78 - 180 . WS-OOSU-SHARED-ALLOW = 32011693
23:18:28.597 [main] INFO  com.cloudframe.app.process.Comput1.process   90 - *KB* LK-RLU3A-TOT-DATA-PROMO-ALLOW = 1887878
23:18:28.597 [main] INFO  com.cloudframe.app.process.Comput1.process   92 - *KB* LK-RLU3A-ACCT-PLAN-DATA-ALLOW = 1887878
23:18:28.597 [main] INFO  com.cloudframe.app.process.Comput1.process  108 - *MB* LK-RLU3A-TOT-DATA-PROMO-ALLOW = 1887908
23:18:28.597 [main] INFO  com.cloudframe.app.process.Comput1.process  110 - *MB* LK-RLU3A-ACCT-PLAN-DATA-ALLOW = 1887908
23:18:28.598 [main] INFO  com.cloudframe.app.process.Comput1.process  124 - *GB* LK-RLU3A-TOT-DATA-PROMO-ALLOW = 1887908
23:18:28.598 [main] INFO  com.cloudframe.app.process.Comput1.process  126 - *GB* LK-RLU3A-ACCT-PLAN-DATA-ALLOW = 1887908
23:18:28.598 [main] INFO  com.cloudframe.app.process.Comput1.process   76 - ___________________________________
23:18:28.598 [main] INFO  com.cloudframe.app.process.Comput1.process   78 - 181 . WS-OOSU-SHARED-ALLOW = 32369353
23:18:28.598 [main] INFO  com.cloudframe.app.process.Comput1.process   90 - *KB* LK-RLU3A-TOT-DATA-PROMO-ALLOW = 1919518
23:18:28.598 [main] INFO  com.cloudframe.app.process.Comput1.process   92 - *KB* LK-RLU3A-ACCT-PLAN-DATA-ALLOW = 1919518
23:18:28.598 [main] INFO  com.cloudframe.app.process.Comput1.process  108 - *MB* LK-RLU3A-TOT-DATA-PROMO-ALLOW = 1919548
23:18:28.598 [main] INFO  com.cloudframe.app.process.Comput1.process  110 - *MB* LK-RLU3A-ACCT-PLAN-DATA-ALLOW = 1919548
23:18:28.598 [main] INFO  com.cloudframe.app.process.Comput1.process  124 - *GB* LK-RLU3A-TOT-DATA-PROMO-ALLOW = 1919548
23:18:28.598 [main] INFO  com.cloudframe.app.process.Comput1.process  126 - *GB* LK-RLU3A-ACCT-PLAN-DATA-ALLOW = 1919548
23:18:28.598 [main] INFO  com.cloudframe.app.process.Comput1.process   76 - ___________________________________
23:18:28.598 [main] INFO  com.cloudframe.app.process.Comput1.process   78 - 182 . WS-OOSU-SHARED-ALLOW = 32729000
23:18:28.599 [main] INFO  com.cloudframe.app.process.Comput1.process   90 - *KB* LK-RLU3A-TOT-DATA-PROMO-ALLOW = 1951509
23:18:28.599 [main] INFO  com.cloudframe.app.process.Comput1.process   92 - *KB* LK-RLU3A-ACCT-PLAN-DATA-ALLOW = 1951509
23:18:28.599 [main] INFO  com.cloudframe.app.process.Comput1.process  108 - *MB* LK-RLU3A-TOT-DATA-PROMO-ALLOW = 1951540
23:18:28.599 [main] INFO  com.cloudframe.app.process.Comput1.process  110 - *MB* LK-RLU3A-ACCT-PLAN-DATA-ALLOW = 1951540
23:18:28.599 [main] INFO  com.cloudframe.app.process.Comput1.process  124 - *GB* LK-RLU3A-TOT-DATA-PROMO-ALLOW = 1951540
23:18:28.599 [main] INFO  com.cloudframe.app.process.Comput1.process  126 - *GB* LK-RLU3A-ACCT-PLAN-DATA-ALLOW = 1951540
23:18:28.599 [main] INFO  com.cloudframe.app.process.Comput1.process   76 - ___________________________________
23:18:28.600 [main] INFO  com.cloudframe.app.process.Comput1.process   78 - 183 . WS-OOSU-SHARED-ALLOW = 33090634
23:18:28.600 [main] INFO  com.cloudframe.app.process.Comput1.process   90 - *KB* LK-RLU3A-TOT-DATA-PROMO-ALLOW = 1983855
23:18:28.600 [main] INFO  com.cloudframe.app.process.Comput1.process   92 - *KB* LK-RLU3A-ACCT-PLAN-DATA-ALLOW = 1983855
23:18:28.600 [main] INFO  com.cloudframe.app.process.Comput1.process  108 - *MB* LK-RLU3A-TOT-DATA-PROMO-ALLOW = 1983886
23:18:28.600 [main] INFO  com.cloudframe.app.process.Comput1.process  110 - *MB* LK-RLU3A-ACCT-PLAN-DATA-ALLOW = 1983886
23:18:28.600 [main] INFO  com.cloudframe.app.process.Comput1.process  124 - *GB* LK-RLU3A-TOT-DATA-PROMO-ALLOW = 1983886
23:18:28.600 [main] INFO  com.cloudframe.app.process.Comput1.process  126 - *GB* LK-RLU3A-ACCT-PLAN-DATA-ALLOW = 1983886
23:18:28.601 [main] INFO  com.cloudframe.app.process.Comput1.process   76 - ___________________________________
23:18:28.601 [main] INFO  com.cloudframe.app.process.Comput1.process   78 - 184 . WS-OOSU-SHARED-ALLOW = 33454255
23:18:28.601 [main] INFO  com.cloudframe.app.process.Comput1.process   90 - *KB* LK-RLU3A-TOT-DATA-PROMO-ALLOW = 2016556
23:18:28.601 [main] INFO  com.cloudframe.app.process.Comput1.process   92 - *KB* LK-RLU3A-ACCT-PLAN-DATA-ALLOW = 2016556
23:18:28.601 [main] INFO  com.cloudframe.app.process.Comput1.process  108 - *MB* LK-RLU3A-TOT-DATA-PROMO-ALLOW = 2016587
23:18:28.601 [main] INFO  com.cloudframe.app.process.Comput1.process  110 - *MB* LK-RLU3A-ACCT-PLAN-DATA-ALLOW = 2016587
23:18:28.601 [main] INFO  com.cloudframe.app.process.Comput1.process  124 - *GB* LK-RLU3A-TOT-DATA-PROMO-ALLOW = 2016587
23:18:28.601 [main] INFO  com.cloudframe.app.process.Comput1.process  126 - *GB* LK-RLU3A-ACCT-PLAN-DATA-ALLOW = 2016587
23:18:28.601 [main] INFO  com.cloudframe.app.process.Comput1.process   76 - ___________________________________
23:18:28.602 [main] INFO  com.cloudframe.app.process.Comput1.process   78 - 185 . WS-OOSU-SHARED-ALLOW = 33819863
23:18:28.602 [main] INFO  com.cloudframe.app.process.Comput1.process   90 - *KB* LK-RLU3A-TOT-DATA-PROMO-ALLOW = 2049614
23:18:28.602 [main] INFO  com.cloudframe.app.process.Comput1.process   92 - *KB* LK-RLU3A-ACCT-PLAN-DATA-ALLOW = 2049614
23:18:28.602 [main] INFO  com.cloudframe.app.process.Comput1.process  108 - *MB* LK-RLU3A-TOT-DATA-PROMO-ALLOW = 2049646
23:18:28.602 [main] INFO  com.cloudframe.app.process.Comput1.process  110 - *MB* LK-RLU3A-ACCT-PLAN-DATA-ALLOW = 2049646
23:18:28.602 [main] INFO  com.cloudframe.app.process.Comput1.process  124 - *GB* LK-RLU3A-TOT-DATA-PROMO-ALLOW = 2049646
23:18:28.602 [main] INFO  com.cloudframe.app.process.Comput1.process  126 - *GB* LK-RLU3A-ACCT-PLAN-DATA-ALLOW = 2049646
23:18:28.603 [main] INFO  com.cloudframe.app.process.Comput1.process   76 - ___________________________________
23:18:28.603 [main] INFO  com.cloudframe.app.process.Comput1.process   78 - 186 . WS-OOSU-SHARED-ALLOW = 34187458
23:18:28.603 [main] INFO  com.cloudframe.app.process.Comput1.process   90 - *KB* LK-RLU3A-TOT-DATA-PROMO-ALLOW = 2083032
23:18:28.603 [main] INFO  com.cloudframe.app.process.Comput1.process   92 - *KB* LK-RLU3A-ACCT-PLAN-DATA-ALLOW = 2083032
23:18:28.603 [main] INFO  com.cloudframe.app.process.Comput1.process  108 - *MB* LK-RLU3A-TOT-DATA-PROMO-ALLOW = 2083064
23:18:28.603 [main] INFO  com.cloudframe.app.process.Comput1.process  110 - *MB* LK-RLU3A-ACCT-PLAN-DATA-ALLOW = 2083064
23:18:28.603 [main] INFO  com.cloudframe.app.process.Comput1.process  124 - *GB* LK-RLU3A-TOT-DATA-PROMO-ALLOW = 2083064
23:18:28.604 [main] INFO  com.cloudframe.app.process.Comput1.process  126 - *GB* LK-RLU3A-ACCT-PLAN-DATA-ALLOW = 2083064
23:18:28.604 [main] INFO  com.cloudframe.app.process.Comput1.process   76 - ___________________________________
23:18:28.604 [main] INFO  com.cloudframe.app.process.Comput1.process   78 - 187 . WS-OOSU-SHARED-ALLOW = 34557040
23:18:28.604 [main] INFO  com.cloudframe.app.process.Comput1.process   90 - *KB* LK-RLU3A-TOT-DATA-PROMO-ALLOW = 2116811
23:18:28.604 [main] INFO  com.cloudframe.app.process.Comput1.process   92 - *KB* LK-RLU3A-ACCT-PLAN-DATA-ALLOW = 2116811
23:18:28.604 [main] INFO  com.cloudframe.app.process.Comput1.process  108 - *MB* LK-RLU3A-TOT-DATA-PROMO-ALLOW = 2116843
23:18:28.604 [main] INFO  com.cloudframe.app.process.Comput1.process  110 - *MB* LK-RLU3A-ACCT-PLAN-DATA-ALLOW = 2116843
23:18:28.605 [main] INFO  com.cloudframe.app.process.Comput1.process  124 - *GB* LK-RLU3A-TOT-DATA-PROMO-ALLOW = 2116843
23:18:28.605 [main] INFO  com.cloudframe.app.process.Comput1.process  126 - *GB* LK-RLU3A-ACCT-PLAN-DATA-ALLOW = 2116843
23:18:28.605 [main] INFO  com.cloudframe.app.process.Comput1.process   76 - ___________________________________
23:18:28.605 [main] INFO  com.cloudframe.app.process.Comput1.process   78 - 188 . WS-OOSU-SHARED-ALLOW = 34928609
23:18:28.605 [main] INFO  com.cloudframe.app.process.Comput1.process   90 - *KB* LK-RLU3A-TOT-DATA-PROMO-ALLOW = 2150952
23:18:28.605 [main] INFO  com.cloudframe.app.process.Comput1.process   92 - *KB* LK-RLU3A-ACCT-PLAN-DATA-ALLOW = 2150952
23:18:28.605 [main] INFO  com.cloudframe.app.process.Comput1.process  108 - *MB* LK-RLU3A-TOT-DATA-PROMO-ALLOW = 2150985
23:18:28.605 [main] INFO  com.cloudframe.app.process.Comput1.process  110 - *MB* LK-RLU3A-ACCT-PLAN-DATA-ALLOW = 2150985
23:18:28.606 [main] INFO  com.cloudframe.app.process.Comput1.process  124 - *GB* LK-RLU3A-TOT-DATA-PROMO-ALLOW = 2150985
23:18:28.606 [main] INFO  com.cloudframe.app.process.Comput1.process  126 - *GB* LK-RLU3A-ACCT-PLAN-DATA-ALLOW = 2150985
23:18:28.606 [main] INFO  com.cloudframe.app.process.Comput1.process   76 - ___________________________________
23:18:28.606 [main] INFO  com.cloudframe.app.process.Comput1.process   78 - 189 . WS-OOSU-SHARED-ALLOW = 35302165
23:18:28.606 [main] INFO  com.cloudframe.app.process.Comput1.process   90 - *KB* LK-RLU3A-TOT-DATA-PROMO-ALLOW = 2185459
23:18:28.606 [main] INFO  com.cloudframe.app.process.Comput1.process   92 - *KB* LK-RLU3A-ACCT-PLAN-DATA-ALLOW = 2185459
23:18:28.606 [main] INFO  com.cloudframe.app.process.Comput1.process  108 - *MB* LK-RLU3A-TOT-DATA-PROMO-ALLOW = 2185492
23:18:28.606 [main] INFO  com.cloudframe.app.process.Comput1.process  110 - *MB* LK-RLU3A-ACCT-PLAN-DATA-ALLOW = 2185492
23:18:28.606 [main] INFO  com.cloudframe.app.process.Comput1.process  124 - *GB* LK-RLU3A-TOT-DATA-PROMO-ALLOW = 2185492
23:18:28.606 [main] INFO  com.cloudframe.app.process.Comput1.process  126 - *GB* LK-RLU3A-ACCT-PLAN-DATA-ALLOW = 2185492
23:18:28.607 [main] INFO  com.cloudframe.app.process.Comput1.process   76 - ___________________________________
23:18:28.607 [main] INFO  com.cloudframe.app.process.Comput1.process   78 - 190 . WS-OOSU-SHARED-ALLOW = 35677708
23:18:28.607 [main] INFO  com.cloudframe.app.process.Comput1.process   90 - *KB* LK-RLU3A-TOT-DATA-PROMO-ALLOW = 2220333
23:18:28.607 [main] INFO  com.cloudframe.app.process.Comput1.process   92 - *KB* LK-RLU3A-ACCT-PLAN-DATA-ALLOW = 2220333
23:18:28.607 [main] INFO  com.cloudframe.app.process.Comput1.process  108 - *MB* LK-RLU3A-TOT-DATA-PROMO-ALLOW = 2220367
23:18:28.607 [main] INFO  com.cloudframe.app.process.Comput1.process  110 - *MB* LK-RLU3A-ACCT-PLAN-DATA-ALLOW = 2220367
23:18:28.608 [main] INFO  com.cloudframe.app.process.Comput1.process  124 - *GB* LK-RLU3A-TOT-DATA-PROMO-ALLOW = 2220367
23:18:28.608 [main] INFO  com.cloudframe.app.process.Comput1.process  126 - *GB* LK-RLU3A-ACCT-PLAN-DATA-ALLOW = 2220367
23:18:28.608 [main] INFO  com.cloudframe.app.process.Comput1.process   76 - ___________________________________
23:18:28.608 [main] INFO  com.cloudframe.app.process.Comput1.process   78 - 191 . WS-OOSU-SHARED-ALLOW = 36055238
23:18:28.608 [main] INFO  com.cloudframe.app.process.Comput1.process   90 - *KB* LK-RLU3A-TOT-DATA-PROMO-ALLOW = 2255577
23:18:28.608 [main] INFO  com.cloudframe.app.process.Comput1.process   92 - *KB* LK-RLU3A-ACCT-PLAN-DATA-ALLOW = 2255577
23:18:28.608 [main] INFO  com.cloudframe.app.process.Comput1.process  108 - *MB* LK-RLU3A-TOT-DATA-PROMO-ALLOW = 2255611
23:18:28.608 [main] INFO  com.cloudframe.app.process.Comput1.process  110 - *MB* LK-RLU3A-ACCT-PLAN-DATA-ALLOW = 2255611
23:18:28.609 [main] INFO  com.cloudframe.app.process.Comput1.process  124 - *GB* LK-RLU3A-TOT-DATA-PROMO-ALLOW = 2255611
23:18:28.609 [main] INFO  com.cloudframe.app.process.Comput1.process  126 - *GB* LK-RLU3A-ACCT-PLAN-DATA-ALLOW = 2255611
23:18:28.609 [main] INFO  com.cloudframe.app.process.Comput1.process   76 - ___________________________________
23:18:28.609 [main] INFO  com.cloudframe.app.process.Comput1.process   78 - 192 . WS-OOSU-SHARED-ALLOW = 36434755
23:18:28.609 [main] INFO  com.cloudframe.app.process.Comput1.process   90 - *KB* LK-RLU3A-TOT-DATA-PROMO-ALLOW = 2291191
23:18:28.609 [main] INFO  com.cloudframe.app.process.Comput1.process   92 - *KB* LK-RLU3A-ACCT-PLAN-DATA-ALLOW = 2291191
23:18:28.609 [main] INFO  com.cloudframe.app.process.Comput1.process  108 - *MB* LK-RLU3A-TOT-DATA-PROMO-ALLOW = 2291225
23:18:28.609 [main] INFO  com.cloudframe.app.process.Comput1.process  110 - *MB* LK-RLU3A-ACCT-PLAN-DATA-ALLOW = 2291225
23:18:28.610 [main] INFO  com.cloudframe.app.process.Comput1.process  124 - *GB* LK-RLU3A-TOT-DATA-PROMO-ALLOW = 2291225
23:18:28.610 [main] INFO  com.cloudframe.app.process.Comput1.process  126 - *GB* LK-RLU3A-ACCT-PLAN-DATA-ALLOW = 2291225
23:18:28.610 [main] INFO  com.cloudframe.app.process.Comput1.process   76 - ___________________________________
23:18:28.610 [main] INFO  com.cloudframe.app.process.Comput1.process   78 - 193 . WS-OOSU-SHARED-ALLOW = 36816259
23:18:28.610 [main] INFO  com.cloudframe.app.process.Comput1.process   90 - *KB* LK-RLU3A-TOT-DATA-PROMO-ALLOW = 2327178
23:18:28.610 [main] INFO  com.cloudframe.app.process.Comput1.process   92 - *KB* LK-RLU3A-ACCT-PLAN-DATA-ALLOW = 2327178
23:18:28.610 [main] INFO  com.cloudframe.app.process.Comput1.process  108 - *MB* LK-RLU3A-TOT-DATA-PROMO-ALLOW = 2327213
23:18:28.611 [main] INFO  com.cloudframe.app.process.Comput1.process  110 - *MB* LK-RLU3A-ACCT-PLAN-DATA-ALLOW = 2327213
23:18:28.611 [main] INFO  com.cloudframe.app.process.Comput1.process  124 - *GB* LK-RLU3A-TOT-DATA-PROMO-ALLOW = 2327213
23:18:28.611 [main] INFO  com.cloudframe.app.process.Comput1.process  126 - *GB* LK-RLU3A-ACCT-PLAN-DATA-ALLOW = 2327213
23:18:28.611 [main] INFO  com.cloudframe.app.process.Comput1.process   76 - ___________________________________
23:18:28.611 [main] INFO  com.cloudframe.app.process.Comput1.process   78 - 194 . WS-OOSU-SHARED-ALLOW = 37199750
23:18:28.611 [main] INFO  com.cloudframe.app.process.Comput1.process   90 - *KB* LK-RLU3A-TOT-DATA-PROMO-ALLOW = 2363540
23:18:28.611 [main] INFO  com.cloudframe.app.process.Comput1.process   92 - *KB* LK-RLU3A-ACCT-PLAN-DATA-ALLOW = 2363540
23:18:28.611 [main] INFO  com.cloudframe.app.process.Comput1.process  108 - *MB* LK-RLU3A-TOT-DATA-PROMO-ALLOW = 2363575
23:18:28.612 [main] INFO  com.cloudframe.app.process.Comput1.process  110 - *MB* LK-RLU3A-ACCT-PLAN-DATA-ALLOW = 2363575
23:18:28.612 [main] INFO  com.cloudframe.app.process.Comput1.process  124 - *GB* LK-RLU3A-TOT-DATA-PROMO-ALLOW = 2363575
23:18:28.612 [main] INFO  com.cloudframe.app.process.Comput1.process  126 - *GB* LK-RLU3A-ACCT-PLAN-DATA-ALLOW = 2363575
23:18:28.612 [main] INFO  com.cloudframe.app.process.Comput1.process   76 - ___________________________________
23:18:28.612 [main] INFO  com.cloudframe.app.process.Comput1.process   78 - 195 . WS-OOSU-SHARED-ALLOW = 37585228
23:18:28.612 [main] INFO  com.cloudframe.app.process.Comput1.process   90 - *KB* LK-RLU3A-TOT-DATA-PROMO-ALLOW = 2400279
23:18:28.612 [main] INFO  com.cloudframe.app.process.Comput1.process   92 - *KB* LK-RLU3A-ACCT-PLAN-DATA-ALLOW = 2400279
23:18:28.612 [main] INFO  com.cloudframe.app.process.Comput1.process  108 - *MB* LK-RLU3A-TOT-DATA-PROMO-ALLOW = 2400314
23:18:28.613 [main] INFO  com.cloudframe.app.process.Comput1.process  110 - *MB* LK-RLU3A-ACCT-PLAN-DATA-ALLOW = 2400314
23:18:28.613 [main] INFO  com.cloudframe.app.process.Comput1.process  124 - *GB* LK-RLU3A-TOT-DATA-PROMO-ALLOW = 2400314
23:18:28.613 [main] INFO  com.cloudframe.app.process.Comput1.process  126 - *GB* LK-RLU3A-ACCT-PLAN-DATA-ALLOW = 2400314
23:18:28.613 [main] INFO  com.cloudframe.app.process.Comput1.process   76 - ___________________________________
23:18:28.613 [main] INFO  com.cloudframe.app.process.Comput1.process   78 - 196 . WS-OOSU-SHARED-ALLOW = 37972693
23:18:28.613 [main] INFO  com.cloudframe.app.process.Comput1.process   90 - *KB* LK-RLU3A-TOT-DATA-PROMO-ALLOW = 2437396
23:18:28.613 [main] INFO  com.cloudframe.app.process.Comput1.process   92 - *KB* LK-RLU3A-ACCT-PLAN-DATA-ALLOW = 2437396
23:18:28.614 [main] INFO  com.cloudframe.app.process.Comput1.process  108 - *MB* LK-RLU3A-TOT-DATA-PROMO-ALLOW = 2437432
23:18:28.614 [main] INFO  com.cloudframe.app.process.Comput1.process  110 - *MB* LK-RLU3A-ACCT-PLAN-DATA-ALLOW = 2437432
23:18:28.614 [main] INFO  com.cloudframe.app.process.Comput1.process  124 - *GB* LK-RLU3A-TOT-DATA-PROMO-ALLOW = 2437432
23:18:28.614 [main] INFO  com.cloudframe.app.process.Comput1.process  126 - *GB* LK-RLU3A-ACCT-PLAN-DATA-ALLOW = 2437432
23:18:28.614 [main] INFO  com.cloudframe.app.process.Comput1.process   76 - ___________________________________
23:18:28.614 [main] INFO  com.cloudframe.app.process.Comput1.process   78 - 197 . WS-OOSU-SHARED-ALLOW = 38362145
23:18:28.614 [main] INFO  com.cloudframe.app.process.Comput1.process   90 - *KB* LK-RLU3A-TOT-DATA-PROMO-ALLOW = 2474895
23:18:28.614 [main] INFO  com.cloudframe.app.process.Comput1.process   92 - *KB* LK-RLU3A-ACCT-PLAN-DATA-ALLOW = 2474895
23:18:28.615 [main] INFO  com.cloudframe.app.process.Comput1.process  108 - *MB* LK-RLU3A-TOT-DATA-PROMO-ALLOW = 2474931
23:18:28.615 [main] INFO  com.cloudframe.app.process.Comput1.process  110 - *MB* LK-RLU3A-ACCT-PLAN-DATA-ALLOW = 2474931
23:18:28.615 [main] INFO  com.cloudframe.app.process.Comput1.process  124 - *GB* LK-RLU3A-TOT-DATA-PROMO-ALLOW = 2474931
23:18:28.615 [main] INFO  com.cloudframe.app.process.Comput1.process  126 - *GB* LK-RLU3A-ACCT-PLAN-DATA-ALLOW = 2474931
23:18:28.615 [main] INFO  com.cloudframe.app.process.Comput1.process   76 - ___________________________________
23:18:28.615 [main] INFO  com.cloudframe.app.process.Comput1.process   78 - 198 . WS-OOSU-SHARED-ALLOW = 38753584
23:18:28.616 [main] INFO  com.cloudframe.app.process.Comput1.process   90 - *KB* LK-RLU3A-TOT-DATA-PROMO-ALLOW = 2512776
23:18:28.616 [main] INFO  com.cloudframe.app.process.Comput1.process   92 - *KB* LK-RLU3A-ACCT-PLAN-DATA-ALLOW = 2512776
23:18:28.616 [main] INFO  com.cloudframe.app.process.Comput1.process  108 - *MB* LK-RLU3A-TOT-DATA-PROMO-ALLOW = 2512812
23:18:28.616 [main] INFO  com.cloudframe.app.process.Comput1.process  110 - *MB* LK-RLU3A-ACCT-PLAN-DATA-ALLOW = 2512812
23:18:28.616 [main] INFO  com.cloudframe.app.process.Comput1.process  124 - *GB* LK-RLU3A-TOT-DATA-PROMO-ALLOW = 2512812
23:18:28.616 [main] INFO  com.cloudframe.app.process.Comput1.process  126 - *GB* LK-RLU3A-ACCT-PLAN-DATA-ALLOW = 2512812
23:18:28.616 [main] INFO  com.cloudframe.app.process.Comput1.process   76 - ___________________________________
23:18:28.617 [main] INFO  com.cloudframe.app.process.Comput1.process   78 - 199 . WS-OOSU-SHARED-ALLOW = 39147010
23:18:28.617 [main] INFO  com.cloudframe.app.process.Comput1.process   90 - *KB* LK-RLU3A-TOT-DATA-PROMO-ALLOW = 2551041
23:18:28.617 [main] INFO  com.cloudframe.app.process.Comput1.process   92 - *KB* LK-RLU3A-ACCT-PLAN-DATA-ALLOW = 2551041
23:18:28.617 [main] INFO  com.cloudframe.app.process.Comput1.process  108 - *MB* LK-RLU3A-TOT-DATA-PROMO-ALLOW = 2551078
23:18:28.617 [main] INFO  com.cloudframe.app.process.Comput1.process  110 - *MB* LK-RLU3A-ACCT-PLAN-DATA-ALLOW = 2551078
23:18:28.617 [main] INFO  com.cloudframe.app.process.Comput1.process  124 - *GB* LK-RLU3A-TOT-DATA-PROMO-ALLOW = 2551078
23:18:28.617 [main] INFO  com.cloudframe.app.process.Comput1.process  126 - *GB* LK-RLU3A-ACCT-PLAN-DATA-ALLOW = 2551078
23:18:28.618 [main] INFO  com.cloudframe.app.process.Comput1.process   76 - ___________________________________
23:18:28.618 [main] INFO  com.cloudframe.app.process.Comput1.process   78 - 200 . WS-OOSU-SHARED-ALLOW = 39542423
23:18:28.618 [main] INFO  com.cloudframe.app.process.Comput1.process   90 - *KB* LK-RLU3A-TOT-DATA-PROMO-ALLOW = 2589693
23:18:28.618 [main] INFO  com.cloudframe.app.process.Comput1.process   92 - *KB* LK-RLU3A-ACCT-PLAN-DATA-ALLOW = 2589693
23:18:28.618 [main] INFO  com.cloudframe.app.process.Comput1.process  108 - *MB* LK-RLU3A-TOT-DATA-PROMO-ALLOW = 2589730
23:18:28.618 [main] INFO  com.cloudframe.app.process.Comput1.process  110 - *MB* LK-RLU3A-ACCT-PLAN-DATA-ALLOW = 2589730
23:18:28.618 [main] INFO  com.cloudframe.app.process.Comput1.process  124 - *GB* LK-RLU3A-TOT-DATA-PROMO-ALLOW = 2589730
23:18:28.619 [main] INFO  com.cloudframe.app.process.Comput1.process  126 - *GB* LK-RLU3A-ACCT-PLAN-DATA-ALLOW = 2589730
23:18:28.619 [main] INFO  com.cloudframe.app.process.Comput1.process   76 - ___________________________________
23:18:28.619 [main] INFO  com.cloudframe.app.process.Comput1.process   78 - 201 . WS-OOSU-SHARED-ALLOW = 39939823
23:18:28.619 [main] INFO  com.cloudframe.app.process.Comput1.process   90 - *KB* LK-RLU3A-TOT-DATA-PROMO-ALLOW = 2628733
23:18:28.619 [main] INFO  com.cloudframe.app.process.Comput1.process   92 - *KB* LK-RLU3A-ACCT-PLAN-DATA-ALLOW = 2628733
23:18:28.619 [main] INFO  com.cloudframe.app.process.Comput1.process  108 - *MB* LK-RLU3A-TOT-DATA-PROMO-ALLOW = 2628771
23:18:28.619 [main] INFO  com.cloudframe.app.process.Comput1.process  110 - *MB* LK-RLU3A-ACCT-PLAN-DATA-ALLOW = 2628771
23:18:28.619 [main] INFO  com.cloudframe.app.process.Comput1.process  124 - *GB* LK-RLU3A-TOT-DATA-PROMO-ALLOW = 2628771
23:18:28.620 [main] INFO  com.cloudframe.app.process.Comput1.process  126 - *GB* LK-RLU3A-ACCT-PLAN-DATA-ALLOW = 2628771
23:18:28.620 [main] INFO  com.cloudframe.app.process.Comput1.process   76 - ___________________________________
23:18:28.620 [main] INFO  com.cloudframe.app.process.Comput1.process   78 - 202 . WS-OOSU-SHARED-ALLOW = 40339210
23:18:28.620 [main] INFO  com.cloudframe.app.process.Comput1.process   90 - *KB* LK-RLU3A-TOT-DATA-PROMO-ALLOW = 2668164
23:18:28.620 [main] INFO  com.cloudframe.app.process.Comput1.process   92 - *KB* LK-RLU3A-ACCT-PLAN-DATA-ALLOW = 2668164
23:18:28.620 [main] INFO  com.cloudframe.app.process.Comput1.process  108 - *MB* LK-RLU3A-TOT-DATA-PROMO-ALLOW = 2668202
23:18:28.620 [main] INFO  com.cloudframe.app.process.Comput1.process  110 - *MB* LK-RLU3A-ACCT-PLAN-DATA-ALLOW = 2668202
23:18:28.621 [main] INFO  com.cloudframe.app.process.Comput1.process  124 - *GB* LK-RLU3A-TOT-DATA-PROMO-ALLOW = 2668202
23:18:28.621 [main] INFO  com.cloudframe.app.process.Comput1.process  126 - *GB* LK-RLU3A-ACCT-PLAN-DATA-ALLOW = 2668202
23:18:28.621 [main] INFO  com.cloudframe.app.process.Comput1.process   76 - ___________________________________
23:18:28.621 [main] INFO  com.cloudframe.app.process.Comput1.process   78 - 203 . WS-OOSU-SHARED-ALLOW = 40740584
23:18:28.621 [main] INFO  com.cloudframe.app.process.Comput1.process   90 - *KB* LK-RLU3A-TOT-DATA-PROMO-ALLOW = 2707987
23:18:28.621 [main] INFO  com.cloudframe.app.process.Comput1.process   92 - *KB* LK-RLU3A-ACCT-PLAN-DATA-ALLOW = 2707987
23:18:28.621 [main] INFO  com.cloudframe.app.process.Comput1.process  108 - *MB* LK-RLU3A-TOT-DATA-PROMO-ALLOW = 2708025
23:18:28.621 [main] INFO  com.cloudframe.app.process.Comput1.process  110 - *MB* LK-RLU3A-ACCT-PLAN-DATA-ALLOW = 2708025
23:18:28.622 [main] INFO  com.cloudframe.app.process.Comput1.process  124 - *GB* LK-RLU3A-TOT-DATA-PROMO-ALLOW = 2708025
23:18:28.622 [main] INFO  com.cloudframe.app.process.Comput1.process  126 - *GB* LK-RLU3A-ACCT-PLAN-DATA-ALLOW = 2708025
23:18:28.622 [main] INFO  com.cloudframe.app.process.Comput1.process   76 - ___________________________________
23:18:28.622 [main] INFO  com.cloudframe.app.process.Comput1.process   78 - 204 . WS-OOSU-SHARED-ALLOW = 41143945
23:18:28.622 [main] INFO  com.cloudframe.app.process.Comput1.process   90 - *KB* LK-RLU3A-TOT-DATA-PROMO-ALLOW = 2748204
23:18:28.622 [main] INFO  com.cloudframe.app.process.Comput1.process   92 - *KB* LK-RLU3A-ACCT-PLAN-DATA-ALLOW = 2748204
23:18:28.622 [main] INFO  com.cloudframe.app.process.Comput1.process  108 - *MB* LK-RLU3A-TOT-DATA-PROMO-ALLOW = 2748243
23:18:28.623 [main] INFO  com.cloudframe.app.process.Comput1.process  110 - *MB* LK-RLU3A-ACCT-PLAN-DATA-ALLOW = 2748243
23:18:28.623 [main] INFO  com.cloudframe.app.process.Comput1.process  124 - *GB* LK-RLU3A-TOT-DATA-PROMO-ALLOW = 2748243
23:18:28.623 [main] INFO  com.cloudframe.app.process.Comput1.process  126 - *GB* LK-RLU3A-ACCT-PLAN-DATA-ALLOW = 2748243
23:18:28.623 [main] INFO  com.cloudframe.app.process.Comput1.process   76 - ___________________________________
23:18:28.623 [main] INFO  com.cloudframe.app.process.Comput1.process   78 - 205 . WS-OOSU-SHARED-ALLOW = 41549293
23:18:28.623 [main] INFO  com.cloudframe.app.process.Comput1.process   90 - *KB* LK-RLU3A-TOT-DATA-PROMO-ALLOW = 2788818
23:18:28.623 [main] INFO  com.cloudframe.app.process.Comput1.process   92 - *KB* LK-RLU3A-ACCT-PLAN-DATA-ALLOW = 2788818
23:18:28.624 [main] INFO  com.cloudframe.app.process.Comput1.process  108 - *MB* LK-RLU3A-TOT-DATA-PROMO-ALLOW = 2788857
23:18:28.624 [main] INFO  com.cloudframe.app.process.Comput1.process  110 - *MB* LK-RLU3A-ACCT-PLAN-DATA-ALLOW = 2788857
23:18:28.624 [main] INFO  com.cloudframe.app.process.Comput1.process  124 - *GB* LK-RLU3A-TOT-DATA-PROMO-ALLOW = 2788857
23:18:28.624 [main] INFO  com.cloudframe.app.process.Comput1.process  126 - *GB* LK-RLU3A-ACCT-PLAN-DATA-ALLOW = 2788857
23:18:28.624 [main] INFO  com.cloudframe.app.process.Comput1.process   76 - ___________________________________
23:18:28.624 [main] INFO  com.cloudframe.app.process.Comput1.process   78 - 206 . WS-OOSU-SHARED-ALLOW = 41956628
23:18:28.624 [main] INFO  com.cloudframe.app.process.Comput1.process   90 - *KB* LK-RLU3A-TOT-DATA-PROMO-ALLOW = 2829830
23:18:28.624 [main] INFO  com.cloudframe.app.process.Comput1.process   92 - *KB* LK-RLU3A-ACCT-PLAN-DATA-ALLOW = 2829830
23:18:28.625 [main] INFO  com.cloudframe.app.process.Comput1.process  108 - *MB* LK-RLU3A-TOT-DATA-PROMO-ALLOW = 2829870
23:18:28.625 [main] INFO  com.cloudframe.app.process.Comput1.process  110 - *MB* LK-RLU3A-ACCT-PLAN-DATA-ALLOW = 2829870
23:18:28.625 [main] INFO  com.cloudframe.app.process.Comput1.process  124 - *GB* LK-RLU3A-TOT-DATA-PROMO-ALLOW = 2829870
23:18:28.625 [main] INFO  com.cloudframe.app.process.Comput1.process  126 - *GB* LK-RLU3A-ACCT-PLAN-DATA-ALLOW = 2829870
23:18:28.625 [main] INFO  com.cloudframe.app.process.Comput1.process   76 - ___________________________________
23:18:28.625 [main] INFO  com.cloudframe.app.process.Comput1.process   78 - 207 . WS-OOSU-SHARED-ALLOW = 42365950
23:18:28.625 [main] INFO  com.cloudframe.app.process.Comput1.process   90 - *KB* LK-RLU3A-TOT-DATA-PROMO-ALLOW = 2871242
23:18:28.626 [main] INFO  com.cloudframe.app.process.Comput1.process   92 - *KB* LK-RLU3A-ACCT-PLAN-DATA-ALLOW = 2871242
23:18:28.626 [main] INFO  com.cloudframe.app.process.Comput1.process  108 - *MB* LK-RLU3A-TOT-DATA-PROMO-ALLOW = 2871282
23:18:28.626 [main] INFO  com.cloudframe.app.process.Comput1.process  110 - *MB* LK-RLU3A-ACCT-PLAN-DATA-ALLOW = 2871282
23:18:28.626 [main] INFO  com.cloudframe.app.process.Comput1.process  124 - *GB* LK-RLU3A-TOT-DATA-PROMO-ALLOW = 2871282
23:18:28.626 [main] INFO  com.cloudframe.app.process.Comput1.process  126 - *GB* LK-RLU3A-ACCT-PLAN-DATA-ALLOW = 2871282
23:18:28.626 [main] INFO  com.cloudframe.app.process.Comput1.process   76 - ___________________________________
23:18:28.626 [main] INFO  com.cloudframe.app.process.Comput1.process   78 - 208 . WS-OOSU-SHARED-ALLOW = 42777259
23:18:28.627 [main] INFO  com.cloudframe.app.process.Comput1.process   90 - *KB* LK-RLU3A-TOT-DATA-PROMO-ALLOW = 2913056
23:18:28.627 [main] INFO  com.cloudframe.app.process.Comput1.process   92 - *KB* LK-RLU3A-ACCT-PLAN-DATA-ALLOW = 2913056
23:18:28.627 [main] INFO  com.cloudframe.app.process.Comput1.process  108 - *MB* LK-RLU3A-TOT-DATA-PROMO-ALLOW = 2913096
23:18:28.627 [main] INFO  com.cloudframe.app.process.Comput1.process  110 - *MB* LK-RLU3A-ACCT-PLAN-DATA-ALLOW = 2913096
23:18:28.627 [main] INFO  com.cloudframe.app.process.Comput1.process  124 - *GB* LK-RLU3A-TOT-DATA-PROMO-ALLOW = 2913096
23:18:28.627 [main] INFO  com.cloudframe.app.process.Comput1.process  126 - *GB* LK-RLU3A-ACCT-PLAN-DATA-ALLOW = 2913096
23:18:28.627 [main] INFO  com.cloudframe.app.process.Comput1.process   76 - ___________________________________
23:18:28.627 [main] INFO  com.cloudframe.app.process.Comput1.process   78 - 209 . WS-OOSU-SHARED-ALLOW = 43190555
23:18:28.628 [main] INFO  com.cloudframe.app.process.Comput1.process   90 - *KB* LK-RLU3A-TOT-DATA-PROMO-ALLOW = 2955274
23:18:28.628 [main] INFO  com.cloudframe.app.process.Comput1.process   92 - *KB* LK-RLU3A-ACCT-PLAN-DATA-ALLOW = 2955274
23:18:28.628 [main] INFO  com.cloudframe.app.process.Comput1.process  108 - *MB* LK-RLU3A-TOT-DATA-PROMO-ALLOW = 2955315
23:18:28.628 [main] INFO  com.cloudframe.app.process.Comput1.process  110 - *MB* LK-RLU3A-ACCT-PLAN-DATA-ALLOW = 2955315
23:18:28.628 [main] INFO  com.cloudframe.app.process.Comput1.process  124 - *GB* LK-RLU3A-TOT-DATA-PROMO-ALLOW = 2955315
23:18:28.628 [main] INFO  com.cloudframe.app.process.Comput1.process  126 - *GB* LK-RLU3A-ACCT-PLAN-DATA-ALLOW = 2955315
23:18:28.628 [main] INFO  com.cloudframe.app.process.Comput1.process   76 - ___________________________________
23:18:28.628 [main] INFO  com.cloudframe.app.process.Comput1.process   78 - 210 . WS-OOSU-SHARED-ALLOW = 43605838
23:18:28.629 [main] INFO  com.cloudframe.app.process.Comput1.process   90 - *KB* LK-RLU3A-TOT-DATA-PROMO-ALLOW = 2997898
23:18:28.629 [main] INFO  com.cloudframe.app.process.Comput1.process   92 - *KB* LK-RLU3A-ACCT-PLAN-DATA-ALLOW = 2997898
23:18:28.629 [main] INFO  com.cloudframe.app.process.Comput1.process  108 - *MB* LK-RLU3A-TOT-DATA-PROMO-ALLOW = 2997939
23:18:28.629 [main] INFO  com.cloudframe.app.process.Comput1.process  110 - *MB* LK-RLU3A-ACCT-PLAN-DATA-ALLOW = 2997939
23:18:28.629 [main] INFO  com.cloudframe.app.process.Comput1.process  124 - *GB* LK-RLU3A-TOT-DATA-PROMO-ALLOW = 2997939
23:18:28.629 [main] INFO  com.cloudframe.app.process.Comput1.process  126 - *GB* LK-RLU3A-ACCT-PLAN-DATA-ALLOW = 2997939
23:18:28.629 [main] INFO  com.cloudframe.app.process.Comput1.process   76 - ___________________________________
23:18:28.630 [main] INFO  com.cloudframe.app.process.Comput1.process   78 - 211 . WS-OOSU-SHARED-ALLOW = 44023108
23:18:28.630 [main] INFO  com.cloudframe.app.process.Comput1.process   90 - *KB* LK-RLU3A-TOT-DATA-PROMO-ALLOW = 3040930
23:18:28.630 [main] INFO  com.cloudframe.app.process.Comput1.process   92 - *KB* LK-RLU3A-ACCT-PLAN-DATA-ALLOW = 3040930
23:18:28.630 [main] INFO  com.cloudframe.app.process.Comput1.process  108 - *MB* LK-RLU3A-TOT-DATA-PROMO-ALLOW = 3040971
23:18:28.630 [main] INFO  com.cloudframe.app.process.Comput1.process  110 - *MB* LK-RLU3A-ACCT-PLAN-DATA-ALLOW = 3040971
23:18:28.630 [main] INFO  com.cloudframe.app.process.Comput1.process  124 - *GB* LK-RLU3A-TOT-DATA-PROMO-ALLOW = 3040971
23:18:28.630 [main] INFO  com.cloudframe.app.process.Comput1.process  126 - *GB* LK-RLU3A-ACCT-PLAN-DATA-ALLOW = 3040971
23:18:28.630 [main] INFO  com.cloudframe.app.process.Comput1.process   76 - ___________________________________
23:18:28.631 [main] INFO  com.cloudframe.app.process.Comput1.process   78 - 212 . WS-OOSU-SHARED-ALLOW = 44442365
23:18:28.632 [main] INFO  com.cloudframe.app.process.Comput1.process   90 - *KB* LK-RLU3A-TOT-DATA-PROMO-ALLOW = 3084371
23:18:28.632 [main] INFO  com.cloudframe.app.process.Comput1.process   92 - *KB* LK-RLU3A-ACCT-PLAN-DATA-ALLOW = 3084371
23:18:28.632 [main] INFO  com.cloudframe.app.process.Comput1.process  108 - *MB* LK-RLU3A-TOT-DATA-PROMO-ALLOW = 3084413
23:18:28.632 [main] INFO  com.cloudframe.app.process.Comput1.process  110 - *MB* LK-RLU3A-ACCT-PLAN-DATA-ALLOW = 3084413
23:18:28.632 [main] INFO  com.cloudframe.app.process.Comput1.process  124 - *GB* LK-RLU3A-TOT-DATA-PROMO-ALLOW = 3084413
23:18:28.632 [main] INFO  com.cloudframe.app.process.Comput1.process  126 - *GB* LK-RLU3A-ACCT-PLAN-DATA-ALLOW = 3084413
23:18:28.633 [main] INFO  com.cloudframe.app.process.Comput1.process   76 - ___________________________________
23:18:28.633 [main] INFO  com.cloudframe.app.process.Comput1.process   78 - 213 . WS-OOSU-SHARED-ALLOW = 44863609
23:18:28.633 [main] INFO  com.cloudframe.app.process.Comput1.process   90 - *KB* LK-RLU3A-TOT-DATA-PROMO-ALLOW = 3128225
23:18:28.633 [main] INFO  com.cloudframe.app.process.Comput1.process   92 - *KB* LK-RLU3A-ACCT-PLAN-DATA-ALLOW = 3128225
23:18:28.633 [main] INFO  com.cloudframe.app.process.Comput1.process  108 - *MB* LK-RLU3A-TOT-DATA-PROMO-ALLOW = 3128267
23:18:28.633 [main] INFO  com.cloudframe.app.process.Comput1.process  110 - *MB* LK-RLU3A-ACCT-PLAN-DATA-ALLOW = 3128267
23:18:28.633 [main] INFO  com.cloudframe.app.process.Comput1.process  124 - *GB* LK-RLU3A-TOT-DATA-PROMO-ALLOW = 3128267
23:18:28.634 [main] INFO  com.cloudframe.app.process.Comput1.process  126 - *GB* LK-RLU3A-ACCT-PLAN-DATA-ALLOW = 3128267
23:18:28.634 [main] INFO  com.cloudframe.app.process.Comput1.process   76 - ___________________________________
23:18:28.634 [main] INFO  com.cloudframe.app.process.Comput1.process   78 - 214 . WS-OOSU-SHARED-ALLOW = 45286840
23:18:28.634 [main] INFO  com.cloudframe.app.process.Comput1.process   90 - *KB* LK-RLU3A-TOT-DATA-PROMO-ALLOW = 3172492
23:18:28.634 [main] INFO  com.cloudframe.app.process.Comput1.process   92 - *KB* LK-RLU3A-ACCT-PLAN-DATA-ALLOW = 3172492
23:18:28.634 [main] INFO  com.cloudframe.app.process.Comput1.process  108 - *MB* LK-RLU3A-TOT-DATA-PROMO-ALLOW = 3172535
23:18:28.634 [main] INFO  com.cloudframe.app.process.Comput1.process  110 - *MB* LK-RLU3A-ACCT-PLAN-DATA-ALLOW = 3172535
23:18:28.635 [main] INFO  com.cloudframe.app.process.Comput1.process  124 - *GB* LK-RLU3A-TOT-DATA-PROMO-ALLOW = 3172535
23:18:28.635 [main] INFO  com.cloudframe.app.process.Comput1.process  126 - *GB* LK-RLU3A-ACCT-PLAN-DATA-ALLOW = 3172535
23:18:28.635 [main] INFO  com.cloudframe.app.process.Comput1.process   76 - ___________________________________
23:18:28.635 [main] INFO  com.cloudframe.app.process.Comput1.process   78 - 215 . WS-OOSU-SHARED-ALLOW = 45712058
23:18:28.635 [main] INFO  com.cloudframe.app.process.Comput1.process   90 - *KB* LK-RLU3A-TOT-DATA-PROMO-ALLOW = 3217175
23:18:28.635 [main] INFO  com.cloudframe.app.process.Comput1.process   92 - *KB* LK-RLU3A-ACCT-PLAN-DATA-ALLOW = 3217175
23:18:28.635 [main] INFO  com.cloudframe.app.process.Comput1.process  108 - *MB* LK-RLU3A-TOT-DATA-PROMO-ALLOW = 3217218
23:18:28.635 [main] INFO  com.cloudframe.app.process.Comput1.process  110 - *MB* LK-RLU3A-ACCT-PLAN-DATA-ALLOW = 3217218
23:18:28.636 [main] INFO  com.cloudframe.app.process.Comput1.process  124 - *GB* LK-RLU3A-TOT-DATA-PROMO-ALLOW = 3217218
23:18:28.636 [main] INFO  com.cloudframe.app.process.Comput1.process  126 - *GB* LK-RLU3A-ACCT-PLAN-DATA-ALLOW = 3217218
23:18:28.636 [main] INFO  com.cloudframe.app.process.Comput1.process   76 - ___________________________________
23:18:28.636 [main] INFO  com.cloudframe.app.process.Comput1.process   78 - 216 . WS-OOSU-SHARED-ALLOW = 46139263
23:18:28.636 [main] INFO  com.cloudframe.app.process.Comput1.process   90 - *KB* LK-RLU3A-TOT-DATA-PROMO-ALLOW = 3262275
23:18:28.636 [main] INFO  com.cloudframe.app.process.Comput1.process   92 - *KB* LK-RLU3A-ACCT-PLAN-DATA-ALLOW = 3262275
23:18:28.636 [main] INFO  com.cloudframe.app.process.Comput1.process  108 - *MB* LK-RLU3A-TOT-DATA-PROMO-ALLOW = 3262319
23:18:28.636 [main] INFO  com.cloudframe.app.process.Comput1.process  110 - *MB* LK-RLU3A-ACCT-PLAN-DATA-ALLOW = 3262319
23:18:28.637 [main] INFO  com.cloudframe.app.process.Comput1.process  124 - *GB* LK-RLU3A-TOT-DATA-PROMO-ALLOW = 3262319
23:18:28.637 [main] INFO  com.cloudframe.app.process.Comput1.process  126 - *GB* LK-RLU3A-ACCT-PLAN-DATA-ALLOW = 3262319
23:18:28.637 [main] INFO  com.cloudframe.app.process.Comput1.process   76 - ___________________________________
23:18:28.637 [main] INFO  com.cloudframe.app.process.Comput1.process   78 - 217 . WS-OOSU-SHARED-ALLOW = 46568455
23:18:28.637 [main] INFO  com.cloudframe.app.process.Comput1.process   90 - *KB* LK-RLU3A-TOT-DATA-PROMO-ALLOW = 3307796
23:18:28.637 [main] INFO  com.cloudframe.app.process.Comput1.process   92 - *KB* LK-RLU3A-ACCT-PLAN-DATA-ALLOW = 3307796
23:18:28.637 [main] INFO  com.cloudframe.app.process.Comput1.process  108 - *MB* LK-RLU3A-TOT-DATA-PROMO-ALLOW = 3307840
23:18:28.638 [main] INFO  com.cloudframe.app.process.Comput1.process  110 - *MB* LK-RLU3A-ACCT-PLAN-DATA-ALLOW = 3307840
23:18:28.638 [main] INFO  com.cloudframe.app.process.Comput1.process  124 - *GB* LK-RLU3A-TOT-DATA-PROMO-ALLOW = 3307840
23:18:28.638 [main] INFO  com.cloudframe.app.process.Comput1.process  126 - *GB* LK-RLU3A-ACCT-PLAN-DATA-ALLOW = 3307840
23:18:28.638 [main] INFO  com.cloudframe.app.process.Comput1.process   76 - ___________________________________
23:18:28.638 [main] INFO  com.cloudframe.app.process.Comput1.process   78 - 218 . WS-OOSU-SHARED-ALLOW = 46999634
23:18:28.638 [main] INFO  com.cloudframe.app.process.Comput1.process   90 - *KB* LK-RLU3A-TOT-DATA-PROMO-ALLOW = 3353738
23:18:28.638 [main] INFO  com.cloudframe.app.process.Comput1.process   92 - *KB* LK-RLU3A-ACCT-PLAN-DATA-ALLOW = 3353738
23:18:28.638 [main] INFO  com.cloudframe.app.process.Comput1.process  108 - *MB* LK-RLU3A-TOT-DATA-PROMO-ALLOW = 3353782
23:18:28.639 [main] INFO  com.cloudframe.app.process.Comput1.process  110 - *MB* LK-RLU3A-ACCT-PLAN-DATA-ALLOW = 3353782
23:18:28.639 [main] INFO  com.cloudframe.app.process.Comput1.process  124 - *GB* LK-RLU3A-TOT-DATA-PROMO-ALLOW = 3353782
23:18:28.639 [main] INFO  com.cloudframe.app.process.Comput1.process  126 - *GB* LK-RLU3A-ACCT-PLAN-DATA-ALLOW = 3353782
23:18:28.639 [main] INFO  com.cloudframe.app.process.Comput1.process   76 - ___________________________________
23:18:28.639 [main] INFO  com.cloudframe.app.process.Comput1.process   78 - 219 . WS-OOSU-SHARED-ALLOW = 47432800
23:18:28.639 [main] INFO  com.cloudframe.app.process.Comput1.process   90 - *KB* LK-RLU3A-TOT-DATA-PROMO-ALLOW = 3400103
23:18:28.639 [main] INFO  com.cloudframe.app.process.Comput1.process   92 - *KB* LK-RLU3A-ACCT-PLAN-DATA-ALLOW = 3400103
23:18:28.640 [main] INFO  com.cloudframe.app.process.Comput1.process  108 - *MB* LK-RLU3A-TOT-DATA-PROMO-ALLOW = 3400148
23:18:28.640 [main] INFO  com.cloudframe.app.process.Comput1.process  110 - *MB* LK-RLU3A-ACCT-PLAN-DATA-ALLOW = 3400148
23:18:28.640 [main] INFO  com.cloudframe.app.process.Comput1.process  124 - *GB* LK-RLU3A-TOT-DATA-PROMO-ALLOW = 3400148
23:18:28.640 [main] INFO  com.cloudframe.app.process.Comput1.process  126 - *GB* LK-RLU3A-ACCT-PLAN-DATA-ALLOW = 3400148
23:18:28.640 [main] INFO  com.cloudframe.app.process.Comput1.process   76 - ___________________________________
23:18:28.640 [main] INFO  com.cloudframe.app.process.Comput1.process   78 - 220 . WS-OOSU-SHARED-ALLOW = 47867953
23:18:28.640 [main] INFO  com.cloudframe.app.process.Comput1.process   90 - *KB* LK-RLU3A-TOT-DATA-PROMO-ALLOW = 3446894
23:18:28.640 [main] INFO  com.cloudframe.app.process.Comput1.process   92 - *KB* LK-RLU3A-ACCT-PLAN-DATA-ALLOW = 3446894
23:18:28.641 [main] INFO  com.cloudframe.app.process.Comput1.process  108 - *MB* LK-RLU3A-TOT-DATA-PROMO-ALLOW = 3446939
23:18:28.641 [main] INFO  com.cloudframe.app.process.Comput1.process  110 - *MB* LK-RLU3A-ACCT-PLAN-DATA-ALLOW = 3446939
23:18:28.641 [main] INFO  com.cloudframe.app.process.Comput1.process  124 - *GB* LK-RLU3A-TOT-DATA-PROMO-ALLOW = 3446939
23:18:28.641 [main] INFO  com.cloudframe.app.process.Comput1.process  126 - *GB* LK-RLU3A-ACCT-PLAN-DATA-ALLOW = 3446939
23:18:28.641 [main] INFO  com.cloudframe.app.process.Comput1.process   76 - ___________________________________
23:18:28.641 [main] INFO  com.cloudframe.app.process.Comput1.process   78 - 221 . WS-OOSU-SHARED-ALLOW = 48305093
23:18:28.641 [main] INFO  com.cloudframe.app.process.Comput1.process   90 - *KB* LK-RLU3A-TOT-DATA-PROMO-ALLOW = 3494111
23:18:28.642 [main] INFO  com.cloudframe.app.process.Comput1.process   92 - *KB* LK-RLU3A-ACCT-PLAN-DATA-ALLOW = 3494111
23:18:28.642 [main] INFO  com.cloudframe.app.process.Comput1.process  108 - *MB* LK-RLU3A-TOT-DATA-PROMO-ALLOW = 3494157
23:18:28.642 [main] INFO  com.cloudframe.app.process.Comput1.process  110 - *MB* LK-RLU3A-ACCT-PLAN-DATA-ALLOW = 3494157
23:18:28.642 [main] INFO  com.cloudframe.app.process.Comput1.process  124 - *GB* LK-RLU3A-TOT-DATA-PROMO-ALLOW = 3494157
23:18:28.642 [main] INFO  com.cloudframe.app.process.Comput1.process  126 - *GB* LK-RLU3A-ACCT-PLAN-DATA-ALLOW = 3494157
23:18:28.642 [main] INFO  com.cloudframe.app.process.Comput1.process   76 - ___________________________________
23:18:28.642 [main] INFO  com.cloudframe.app.process.Comput1.process   78 - 222 . WS-OOSU-SHARED-ALLOW = 48744220
23:18:28.642 [main] INFO  com.cloudframe.app.process.Comput1.process   90 - *KB* LK-RLU3A-TOT-DATA-PROMO-ALLOW = 3541758
23:18:28.643 [main] INFO  com.cloudframe.app.process.Comput1.process   92 - *KB* LK-RLU3A-ACCT-PLAN-DATA-ALLOW = 3541758
23:18:28.643 [main] INFO  com.cloudframe.app.process.Comput1.process  108 - *MB* LK-RLU3A-TOT-DATA-PROMO-ALLOW = 3541804
23:18:28.643 [main] INFO  com.cloudframe.app.process.Comput1.process  110 - *MB* LK-RLU3A-ACCT-PLAN-DATA-ALLOW = 3541804
23:18:28.643 [main] INFO  com.cloudframe.app.process.Comput1.process  124 - *GB* LK-RLU3A-TOT-DATA-PROMO-ALLOW = 3541804
23:18:28.643 [main] INFO  com.cloudframe.app.process.Comput1.process  126 - *GB* LK-RLU3A-ACCT-PLAN-DATA-ALLOW = 3541804
23:18:28.643 [main] INFO  com.cloudframe.app.process.Comput1.process   76 - ___________________________________
23:18:28.643 [main] INFO  com.cloudframe.app.process.Comput1.process   78 - 223 . WS-OOSU-SHARED-ALLOW = 49185334
23:18:28.643 [main] INFO  com.cloudframe.app.process.Comput1.process   90 - *KB* LK-RLU3A-TOT-DATA-PROMO-ALLOW = 3589836
23:18:28.644 [main] INFO  com.cloudframe.app.process.Comput1.process   92 - *KB* LK-RLU3A-ACCT-PLAN-DATA-ALLOW = 3589836
23:18:28.644 [main] INFO  com.cloudframe.app.process.Comput1.process  108 - *MB* LK-RLU3A-TOT-DATA-PROMO-ALLOW = 3589882
23:18:28.644 [main] INFO  com.cloudframe.app.process.Comput1.process  110 - *MB* LK-RLU3A-ACCT-PLAN-DATA-ALLOW = 3589882
23:18:28.644 [main] INFO  com.cloudframe.app.process.Comput1.process  124 - *GB* LK-RLU3A-TOT-DATA-PROMO-ALLOW = 3589882
23:18:28.644 [main] INFO  com.cloudframe.app.process.Comput1.process  126 - *GB* LK-RLU3A-ACCT-PLAN-DATA-ALLOW = 3589882
23:18:28.644 [main] INFO  com.cloudframe.app.process.Comput1.process   76 - ___________________________________
23:18:28.644 [main] INFO  com.cloudframe.app.process.Comput1.process   78 - 224 . WS-OOSU-SHARED-ALLOW = 49628435
23:18:28.645 [main] INFO  com.cloudframe.app.process.Comput1.process   90 - *KB* LK-RLU3A-TOT-DATA-PROMO-ALLOW = 3638347
23:18:28.645 [main] INFO  com.cloudframe.app.process.Comput1.process   92 - *KB* LK-RLU3A-ACCT-PLAN-DATA-ALLOW = 3638347
23:18:28.645 [main] INFO  com.cloudframe.app.process.Comput1.process  108 - *MB* LK-RLU3A-TOT-DATA-PROMO-ALLOW = 3638394
23:18:28.645 [main] INFO  com.cloudframe.app.process.Comput1.process  110 - *MB* LK-RLU3A-ACCT-PLAN-DATA-ALLOW = 3638394
23:18:28.645 [main] INFO  com.cloudframe.app.process.Comput1.process  124 - *GB* LK-RLU3A-TOT-DATA-PROMO-ALLOW = 3638394
23:18:28.645 [main] INFO  com.cloudframe.app.process.Comput1.process  126 - *GB* LK-RLU3A-ACCT-PLAN-DATA-ALLOW = 3638394
23:18:28.645 [main] INFO  com.cloudframe.app.process.Comput1.process   76 - ___________________________________
23:18:28.645 [main] INFO  com.cloudframe.app.process.Comput1.process   78 - 225 . WS-OOSU-SHARED-ALLOW = 50073523
23:18:28.646 [main] INFO  com.cloudframe.app.process.Comput1.process   90 - *KB* LK-RLU3A-TOT-DATA-PROMO-ALLOW = 3687293
23:18:28.646 [main] INFO  com.cloudframe.app.process.Comput1.process   92 - *KB* LK-RLU3A-ACCT-PLAN-DATA-ALLOW = 3687293
23:18:28.646 [main] INFO  com.cloudframe.app.process.Comput1.process  108 - *MB* LK-RLU3A-TOT-DATA-PROMO-ALLOW = 3687340
23:18:28.646 [main] INFO  com.cloudframe.app.process.Comput1.process  110 - *MB* LK-RLU3A-ACCT-PLAN-DATA-ALLOW = 3687340
23:18:28.646 [main] INFO  com.cloudframe.app.process.Comput1.process  124 - *GB* LK-RLU3A-TOT-DATA-PROMO-ALLOW = 3687340
23:18:28.646 [main] INFO  com.cloudframe.app.process.Comput1.process  126 - *GB* LK-RLU3A-ACCT-PLAN-DATA-ALLOW = 3687340
23:18:28.646 [main] INFO  com.cloudframe.app.process.Comput1.process   76 - ___________________________________
23:18:28.647 [main] INFO  com.cloudframe.app.process.Comput1.process   78 - 226 . WS-OOSU-SHARED-ALLOW = 50520598
23:18:28.647 [main] INFO  com.cloudframe.app.process.Comput1.process   90 - *KB* LK-RLU3A-TOT-DATA-PROMO-ALLOW = 3736676
23:18:28.647 [main] INFO  com.cloudframe.app.process.Comput1.process   92 - *KB* LK-RLU3A-ACCT-PLAN-DATA-ALLOW = 3736676
23:18:28.647 [main] INFO  com.cloudframe.app.process.Comput1.process  108 - *MB* LK-RLU3A-TOT-DATA-PROMO-ALLOW = 3736724
23:18:28.647 [main] INFO  com.cloudframe.app.process.Comput1.process  110 - *MB* LK-RLU3A-ACCT-PLAN-DATA-ALLOW = 3736724
23:18:28.647 [main] INFO  com.cloudframe.app.process.Comput1.process  124 - *GB* LK-RLU3A-TOT-DATA-PROMO-ALLOW = 3736724
23:18:28.647 [main] INFO  com.cloudframe.app.process.Comput1.process  126 - *GB* LK-RLU3A-ACCT-PLAN-DATA-ALLOW = 3736724
23:18:28.648 [main] INFO  com.cloudframe.app.process.Comput1.process   76 - ___________________________________
23:18:28.648 [main] INFO  com.cloudframe.app.process.Comput1.process   78 - 227 . WS-OOSU-SHARED-ALLOW = 50969660
23:18:28.648 [main] INFO  com.cloudframe.app.process.Comput1.process   90 - *KB* LK-RLU3A-TOT-DATA-PROMO-ALLOW = 3786499
23:18:28.648 [main] INFO  com.cloudframe.app.process.Comput1.process   92 - *KB* LK-RLU3A-ACCT-PLAN-DATA-ALLOW = 3786499
23:18:28.648 [main] INFO  com.cloudframe.app.process.Comput1.process  108 - *MB* LK-RLU3A-TOT-DATA-PROMO-ALLOW = 3786547
23:18:28.648 [main] INFO  com.cloudframe.app.process.Comput1.process  110 - *MB* LK-RLU3A-ACCT-PLAN-DATA-ALLOW = 3786547
23:18:28.648 [main] INFO  com.cloudframe.app.process.Comput1.process  124 - *GB* LK-RLU3A-TOT-DATA-PROMO-ALLOW = 3786547
23:18:28.648 [main] INFO  com.cloudframe.app.process.Comput1.process  126 - *GB* LK-RLU3A-ACCT-PLAN-DATA-ALLOW = 3786547
23:18:28.649 [main] INFO  com.cloudframe.app.process.Comput1.process   76 - ___________________________________
23:18:28.649 [main] INFO  com.cloudframe.app.process.Comput1.process   78 - 228 . WS-OOSU-SHARED-ALLOW = 51420709
23:18:28.649 [main] INFO  com.cloudframe.app.process.Comput1.process   90 - *KB* LK-RLU3A-TOT-DATA-PROMO-ALLOW = 3836762
23:18:28.649 [main] INFO  com.cloudframe.app.process.Comput1.process   92 - *KB* LK-RLU3A-ACCT-PLAN-DATA-ALLOW = 3836762
23:18:28.649 [main] INFO  com.cloudframe.app.process.Comput1.process  108 - *MB* LK-RLU3A-TOT-DATA-PROMO-ALLOW = 3836811
23:18:28.649 [main] INFO  com.cloudframe.app.process.Comput1.process  110 - *MB* LK-RLU3A-ACCT-PLAN-DATA-ALLOW = 3836811
23:18:28.649 [main] INFO  com.cloudframe.app.process.Comput1.process  124 - *GB* LK-RLU3A-TOT-DATA-PROMO-ALLOW = 3836811
23:18:28.650 [main] INFO  com.cloudframe.app.process.Comput1.process  126 - *GB* LK-RLU3A-ACCT-PLAN-DATA-ALLOW = 3836811
23:18:28.650 [main] INFO  com.cloudframe.app.process.Comput1.process   76 - ___________________________________
23:18:28.650 [main] INFO  com.cloudframe.app.process.Comput1.process   78 - 229 . WS-OOSU-SHARED-ALLOW = 51873745
23:18:28.650 [main] INFO  com.cloudframe.app.process.Comput1.process   90 - *KB* LK-RLU3A-TOT-DATA-PROMO-ALLOW = 3887468
23:18:28.650 [main] INFO  com.cloudframe.app.process.Comput1.process   92 - *KB* LK-RLU3A-ACCT-PLAN-DATA-ALLOW = 3887468
23:18:28.650 [main] INFO  com.cloudframe.app.process.Comput1.process  108 - *MB* LK-RLU3A-TOT-DATA-PROMO-ALLOW = 3887517
23:18:28.650 [main] INFO  com.cloudframe.app.process.Comput1.process  110 - *MB* LK-RLU3A-ACCT-PLAN-DATA-ALLOW = 3887517
23:18:28.650 [main] INFO  com.cloudframe.app.process.Comput1.process  124 - *GB* LK-RLU3A-TOT-DATA-PROMO-ALLOW = 3887517
23:18:28.651 [main] INFO  com.cloudframe.app.process.Comput1.process  126 - *GB* LK-RLU3A-ACCT-PLAN-DATA-ALLOW = 3887517
23:18:28.651 [main] INFO  com.cloudframe.app.process.Comput1.process   76 - ___________________________________
23:18:28.651 [main] INFO  com.cloudframe.app.process.Comput1.process   78 - 230 . WS-OOSU-SHARED-ALLOW = 52328768
23:18:28.651 [main] INFO  com.cloudframe.app.process.Comput1.process   90 - *KB* LK-RLU3A-TOT-DATA-PROMO-ALLOW = 3938619
23:18:28.651 [main] INFO  com.cloudframe.app.process.Comput1.process   92 - *KB* LK-RLU3A-ACCT-PLAN-DATA-ALLOW = 3938619
23:18:28.651 [main] INFO  com.cloudframe.app.process.Comput1.process  108 - *MB* LK-RLU3A-TOT-DATA-PROMO-ALLOW = 3938668
23:18:28.651 [main] INFO  com.cloudframe.app.process.Comput1.process  110 - *MB* LK-RLU3A-ACCT-PLAN-DATA-ALLOW = 3938668
23:18:28.652 [main] INFO  com.cloudframe.app.process.Comput1.process  124 - *GB* LK-RLU3A-TOT-DATA-PROMO-ALLOW = 3938668
23:18:28.652 [main] INFO  com.cloudframe.app.process.Comput1.process  126 - *GB* LK-RLU3A-ACCT-PLAN-DATA-ALLOW = 3938668
23:18:28.652 [main] INFO  com.cloudframe.app.process.Comput1.process   76 - ___________________________________
23:18:28.652 [main] INFO  com.cloudframe.app.process.Comput1.process   78 - 231 . WS-OOSU-SHARED-ALLOW = 52785778
23:18:28.652 [main] INFO  com.cloudframe.app.process.Comput1.process   90 - *KB* LK-RLU3A-TOT-DATA-PROMO-ALLOW = 3990216
23:18:28.652 [main] INFO  com.cloudframe.app.process.Comput1.process   92 - *KB* LK-RLU3A-ACCT-PLAN-DATA-ALLOW = 3990216
23:18:28.652 [main] INFO  com.cloudframe.app.process.Comput1.process  108 - *MB* LK-RLU3A-TOT-DATA-PROMO-ALLOW = 3990266
23:18:28.652 [main] INFO  com.cloudframe.app.process.Comput1.process  110 - *MB* LK-RLU3A-ACCT-PLAN-DATA-ALLOW = 3990266
23:18:28.653 [main] INFO  com.cloudframe.app.process.Comput1.process  124 - *GB* LK-RLU3A-TOT-DATA-PROMO-ALLOW = 3990266
23:18:28.653 [main] INFO  com.cloudframe.app.process.Comput1.process  126 - *GB* LK-RLU3A-ACCT-PLAN-DATA-ALLOW = 3990266
23:18:28.653 [main] INFO  com.cloudframe.app.process.Comput1.process   76 - ___________________________________
23:18:28.653 [main] INFO  com.cloudframe.app.process.Comput1.process   78 - 232 . WS-OOSU-SHARED-ALLOW = 53244775
23:18:28.653 [main] INFO  com.cloudframe.app.process.Comput1.process   90 - *KB* LK-RLU3A-TOT-DATA-PROMO-ALLOW = 4042262
23:18:28.653 [main] INFO  com.cloudframe.app.process.Comput1.process   92 - *KB* LK-RLU3A-ACCT-PLAN-DATA-ALLOW = 4042262
23:18:28.653 [main] INFO  com.cloudframe.app.process.Comput1.process  108 - *MB* LK-RLU3A-TOT-DATA-PROMO-ALLOW = 4042312
23:18:28.654 [main] INFO  com.cloudframe.app.process.Comput1.process  110 - *MB* LK-RLU3A-ACCT-PLAN-DATA-ALLOW = 4042312
23:18:28.654 [main] INFO  com.cloudframe.app.process.Comput1.process  124 - *GB* LK-RLU3A-TOT-DATA-PROMO-ALLOW = 4042312
23:18:28.654 [main] INFO  com.cloudframe.app.process.Comput1.process  126 - *GB* LK-RLU3A-ACCT-PLAN-DATA-ALLOW = 4042312
23:18:28.654 [main] INFO  com.cloudframe.app.process.Comput1.process   76 - ___________________________________
23:18:28.654 [main] INFO  com.cloudframe.app.process.Comput1.process   78 - 233 . WS-OOSU-SHARED-ALLOW = 53705759
23:18:28.654 [main] INFO  com.cloudframe.app.process.Comput1.process   90 - *KB* LK-RLU3A-TOT-DATA-PROMO-ALLOW = 4094759
23:18:28.654 [main] INFO  com.cloudframe.app.process.Comput1.process   92 - *KB* LK-RLU3A-ACCT-PLAN-DATA-ALLOW = 4094759
23:18:28.654 [main] INFO  com.cloudframe.app.process.Comput1.process  108 - *MB* LK-RLU3A-TOT-DATA-PROMO-ALLOW = 4094810
23:18:28.655 [main] INFO  com.cloudframe.app.process.Comput1.process  110 - *MB* LK-RLU3A-ACCT-PLAN-DATA-ALLOW = 4094810
23:18:28.655 [main] INFO  com.cloudframe.app.process.Comput1.process  124 - *GB* LK-RLU3A-TOT-DATA-PROMO-ALLOW = 4094810
23:18:28.655 [main] INFO  com.cloudframe.app.process.Comput1.process  126 - *GB* LK-RLU3A-ACCT-PLAN-DATA-ALLOW = 4094810
23:18:28.655 [main] INFO  com.cloudframe.app.process.Comput1.process   76 - ___________________________________
23:18:28.655 [main] INFO  com.cloudframe.app.process.Comput1.process   78 - 234 . WS-OOSU-SHARED-ALLOW = 54168730
23:18:28.655 [main] INFO  com.cloudframe.app.process.Comput1.process   90 - *KB* LK-RLU3A-TOT-DATA-PROMO-ALLOW = 4147709
23:18:28.655 [main] INFO  com.cloudframe.app.process.Comput1.process   92 - *KB* LK-RLU3A-ACCT-PLAN-DATA-ALLOW = 4147709
23:18:28.655 [main] INFO  com.cloudframe.app.process.Comput1.process  108 - *MB* LK-RLU3A-TOT-DATA-PROMO-ALLOW = 4147760
23:18:28.656 [main] INFO  com.cloudframe.app.process.Comput1.process  110 - *MB* LK-RLU3A-ACCT-PLAN-DATA-ALLOW = 4147760
23:18:28.656 [main] INFO  com.cloudframe.app.process.Comput1.process  124 - *GB* LK-RLU3A-TOT-DATA-PROMO-ALLOW = 4147760
23:18:28.656 [main] INFO  com.cloudframe.app.process.Comput1.process  126 - *GB* LK-RLU3A-ACCT-PLAN-DATA-ALLOW = 4147760
23:18:28.656 [main] INFO  com.cloudframe.app.process.Comput1.process   76 - ___________________________________
23:18:28.656 [main] INFO  com.cloudframe.app.process.Comput1.process   78 - 235 . WS-OOSU-SHARED-ALLOW = 54633688
23:18:28.656 [main] INFO  com.cloudframe.app.process.Comput1.process   90 - *KB* LK-RLU3A-TOT-DATA-PROMO-ALLOW = 4201113
23:18:28.656 [main] INFO  com.cloudframe.app.process.Comput1.process   92 - *KB* LK-RLU3A-ACCT-PLAN-DATA-ALLOW = 4201113
23:18:28.657 [main] INFO  com.cloudframe.app.process.Comput1.process  108 - *MB* LK-RLU3A-TOT-DATA-PROMO-ALLOW = 4201165
23:18:28.657 [main] INFO  com.cloudframe.app.process.Comput1.process  110 - *MB* LK-RLU3A-ACCT-PLAN-DATA-ALLOW = 4201165
23:18:28.657 [main] INFO  com.cloudframe.app.process.Comput1.process  124 - *GB* LK-RLU3A-TOT-DATA-PROMO-ALLOW = 4201165
23:18:28.657 [main] INFO  com.cloudframe.app.process.Comput1.process  126 - *GB* LK-RLU3A-ACCT-PLAN-DATA-ALLOW = 4201165
23:18:28.657 [main] INFO  com.cloudframe.app.process.Comput1.process   76 - ___________________________________
23:18:28.657 [main] INFO  com.cloudframe.app.process.Comput1.process   78 - 236 . WS-OOSU-SHARED-ALLOW = 55100633
23:18:28.657 [main] INFO  com.cloudframe.app.process.Comput1.process   90 - *KB* LK-RLU3A-TOT-DATA-PROMO-ALLOW = 4254974
23:18:28.657 [main] INFO  com.cloudframe.app.process.Comput1.process   92 - *KB* LK-RLU3A-ACCT-PLAN-DATA-ALLOW = 4254974
23:18:28.658 [main] INFO  com.cloudframe.app.process.Comput1.process  108 - *MB* LK-RLU3A-TOT-DATA-PROMO-ALLOW = 4255026
23:18:28.658 [main] INFO  com.cloudframe.app.process.Comput1.process  110 - *MB* LK-RLU3A-ACCT-PLAN-DATA-ALLOW = 4255026
23:18:28.658 [main] INFO  com.cloudframe.app.process.Comput1.process  124 - *GB* LK-RLU3A-TOT-DATA-PROMO-ALLOW = 4255026
23:18:28.658 [main] INFO  com.cloudframe.app.process.Comput1.process  126 - *GB* LK-RLU3A-ACCT-PLAN-DATA-ALLOW = 4255026
23:18:28.658 [main] INFO  com.cloudframe.app.process.Comput1.process   76 - ___________________________________
23:18:28.658 [main] INFO  com.cloudframe.app.process.Comput1.process   78 - 237 . WS-OOSU-SHARED-ALLOW = 55569565
23:18:28.658 [main] INFO  com.cloudframe.app.process.Comput1.process   90 - *KB* LK-RLU3A-TOT-DATA-PROMO-ALLOW = 4309293
23:18:28.659 [main] INFO  com.cloudframe.app.process.Comput1.process   92 - *KB* LK-RLU3A-ACCT-PLAN-DATA-ALLOW = 4309293
23:18:28.659 [main] INFO  com.cloudframe.app.process.Comput1.process  108 - *MB* LK-RLU3A-TOT-DATA-PROMO-ALLOW = 4309345
23:18:28.659 [main] INFO  com.cloudframe.app.process.Comput1.process  110 - *MB* LK-RLU3A-ACCT-PLAN-DATA-ALLOW = 4309345
23:18:28.659 [main] INFO  com.cloudframe.app.process.Comput1.process  124 - *GB* LK-RLU3A-TOT-DATA-PROMO-ALLOW = 4309345
23:18:28.659 [main] INFO  com.cloudframe.app.process.Comput1.process  126 - *GB* LK-RLU3A-ACCT-PLAN-DATA-ALLOW = 4309345
23:18:28.659 [main] INFO  com.cloudframe.app.process.Comput1.process   76 - ___________________________________
23:18:28.659 [main] INFO  com.cloudframe.app.process.Comput1.process   78 - 238 . WS-OOSU-SHARED-ALLOW = 56040484
23:18:28.659 [main] INFO  com.cloudframe.app.process.Comput1.process   90 - *KB* LK-RLU3A-TOT-DATA-PROMO-ALLOW = 4364072
23:18:28.660 [main] INFO  com.cloudframe.app.process.Comput1.process   92 - *KB* LK-RLU3A-ACCT-PLAN-DATA-ALLOW = 4364072
23:18:28.660 [main] INFO  com.cloudframe.app.process.Comput1.process  108 - *MB* LK-RLU3A-TOT-DATA-PROMO-ALLOW = 4364125
23:18:28.660 [main] INFO  com.cloudframe.app.process.Comput1.process  110 - *MB* LK-RLU3A-ACCT-PLAN-DATA-ALLOW = 4364125
23:18:28.660 [main] INFO  com.cloudframe.app.process.Comput1.process  124 - *GB* LK-RLU3A-TOT-DATA-PROMO-ALLOW = 4364125
23:18:28.660 [main] INFO  com.cloudframe.app.process.Comput1.process  126 - *GB* LK-RLU3A-ACCT-PLAN-DATA-ALLOW = 4364125
23:18:28.660 [main] INFO  com.cloudframe.app.process.Comput1.process   76 - ___________________________________
23:18:28.660 [main] INFO  com.cloudframe.app.process.Comput1.process   78 - 239 . WS-OOSU-SHARED-ALLOW = 56513390
23:18:28.661 [main] INFO  com.cloudframe.app.process.Comput1.process   90 - *KB* LK-RLU3A-TOT-DATA-PROMO-ALLOW = 4419313
23:18:28.661 [main] INFO  com.cloudframe.app.process.Comput1.process   92 - *KB* LK-RLU3A-ACCT-PLAN-DATA-ALLOW = 4419313
23:18:28.661 [main] INFO  com.cloudframe.app.process.Comput1.process  108 - *MB* LK-RLU3A-TOT-DATA-PROMO-ALLOW = 4419366
23:18:28.661 [main] INFO  com.cloudframe.app.process.Comput1.process  110 - *MB* LK-RLU3A-ACCT-PLAN-DATA-ALLOW = 4419366
23:18:28.661 [main] INFO  com.cloudframe.app.process.Comput1.process  124 - *GB* LK-RLU3A-TOT-DATA-PROMO-ALLOW = 4419366
23:18:28.661 [main] INFO  com.cloudframe.app.process.Comput1.process  126 - *GB* LK-RLU3A-ACCT-PLAN-DATA-ALLOW = 4419366
23:18:28.661 [main] INFO  com.cloudframe.app.process.Comput1.process   76 - ___________________________________
23:18:28.661 [main] INFO  com.cloudframe.app.process.Comput1.process   78 - 240 . WS-OOSU-SHARED-ALLOW = 56988283
23:18:28.662 [main] INFO  com.cloudframe.app.process.Comput1.process   90 - *KB* LK-RLU3A-TOT-DATA-PROMO-ALLOW = 4475018
23:18:28.662 [main] INFO  com.cloudframe.app.process.Comput1.process   92 - *KB* LK-RLU3A-ACCT-PLAN-DATA-ALLOW = 4475018
23:18:28.662 [main] INFO  com.cloudframe.app.process.Comput1.process  108 - *MB* LK-RLU3A-TOT-DATA-PROMO-ALLOW = 4475072
23:18:28.662 [main] INFO  com.cloudframe.app.process.Comput1.process  110 - *MB* LK-RLU3A-ACCT-PLAN-DATA-ALLOW = 4475072
23:18:28.662 [main] INFO  com.cloudframe.app.process.Comput1.process  124 - *GB* LK-RLU3A-TOT-DATA-PROMO-ALLOW = 4475072
23:18:28.662 [main] INFO  com.cloudframe.app.process.Comput1.process  126 - *GB* LK-RLU3A-ACCT-PLAN-DATA-ALLOW = 4475072
23:18:28.662 [main] INFO  com.cloudframe.app.process.Comput1.process   76 - ___________________________________
23:18:28.663 [main] INFO  com.cloudframe.app.process.Comput1.process   78 - 241 . WS-OOSU-SHARED-ALLOW = 57465163
23:18:28.663 [main] INFO  com.cloudframe.app.process.Comput1.process   90 - *KB* LK-RLU3A-TOT-DATA-PROMO-ALLOW = 4531190
23:18:28.663 [main] INFO  com.cloudframe.app.process.Comput1.process   92 - *KB* LK-RLU3A-ACCT-PLAN-DATA-ALLOW = 4531190
23:18:28.663 [main] INFO  com.cloudframe.app.process.Comput1.process  108 - *MB* LK-RLU3A-TOT-DATA-PROMO-ALLOW = 4531244
23:18:28.663 [main] INFO  com.cloudframe.app.process.Comput1.process  110 - *MB* LK-RLU3A-ACCT-PLAN-DATA-ALLOW = 4531244
23:18:28.663 [main] INFO  com.cloudframe.app.process.Comput1.process  124 - *GB* LK-RLU3A-TOT-DATA-PROMO-ALLOW = 4531244
23:18:28.663 [main] INFO  com.cloudframe.app.process.Comput1.process  126 - *GB* LK-RLU3A-ACCT-PLAN-DATA-ALLOW = 4531244
23:18:28.664 [main] INFO  com.cloudframe.app.process.Comput1.process   76 - ___________________________________
23:18:28.664 [main] INFO  com.cloudframe.app.process.Comput1.process   78 - 242 . WS-OOSU-SHARED-ALLOW = 57944030
23:18:28.664 [main] INFO  com.cloudframe.app.process.Comput1.process   90 - *KB* LK-RLU3A-TOT-DATA-PROMO-ALLOW = 4587829
23:18:28.664 [main] INFO  com.cloudframe.app.process.Comput1.process   92 - *KB* LK-RLU3A-ACCT-PLAN-DATA-ALLOW = 4587829
23:18:28.664 [main] INFO  com.cloudframe.app.process.Comput1.process  108 - *MB* LK-RLU3A-TOT-DATA-PROMO-ALLOW = 4587884
23:18:28.664 [main] INFO  com.cloudframe.app.process.Comput1.process  110 - *MB* LK-RLU3A-ACCT-PLAN-DATA-ALLOW = 4587884
23:18:28.664 [main] INFO  com.cloudframe.app.process.Comput1.process  124 - *GB* LK-RLU3A-TOT-DATA-PROMO-ALLOW = 4587884
23:18:28.664 [main] INFO  com.cloudframe.app.process.Comput1.process  126 - *GB* LK-RLU3A-ACCT-PLAN-DATA-ALLOW = 4587884
23:18:28.665 [main] INFO  com.cloudframe.app.process.Comput1.process   76 - ___________________________________
23:18:28.665 [main] INFO  com.cloudframe.app.process.Comput1.process   78 - 243 . WS-OOSU-SHARED-ALLOW = 58424884
23:18:28.665 [main] INFO  com.cloudframe.app.process.Comput1.process   90 - *KB* LK-RLU3A-TOT-DATA-PROMO-ALLOW = 4644939
23:18:28.665 [main] INFO  com.cloudframe.app.process.Comput1.process   92 - *KB* LK-RLU3A-ACCT-PLAN-DATA-ALLOW = 4644939
23:18:28.665 [main] INFO  com.cloudframe.app.process.Comput1.process  108 - *MB* LK-RLU3A-TOT-DATA-PROMO-ALLOW = 4644994
23:18:28.665 [main] INFO  com.cloudframe.app.process.Comput1.process  110 - *MB* LK-RLU3A-ACCT-PLAN-DATA-ALLOW = 4644994
23:18:28.666 [main] INFO  com.cloudframe.app.process.Comput1.process  124 - *GB* LK-RLU3A-TOT-DATA-PROMO-ALLOW = 4644994
23:18:28.666 [main] INFO  com.cloudframe.app.process.Comput1.process  126 - *GB* LK-RLU3A-ACCT-PLAN-DATA-ALLOW = 4644994
23:18:28.666 [main] INFO  com.cloudframe.app.process.Comput1.process   76 - ___________________________________
23:18:28.666 [main] INFO  com.cloudframe.app.process.Comput1.process   78 - 244 . WS-OOSU-SHARED-ALLOW = 58907725
23:18:28.666 [main] INFO  com.cloudframe.app.process.Comput1.process   90 - *KB* LK-RLU3A-TOT-DATA-PROMO-ALLOW = 4702521
23:18:28.666 [main] INFO  com.cloudframe.app.process.Comput1.process   92 - *KB* LK-RLU3A-ACCT-PLAN-DATA-ALLOW = 4702521
23:18:28.666 [main] INFO  com.cloudframe.app.process.Comput1.process  108 - *MB* LK-RLU3A-TOT-DATA-PROMO-ALLOW = 4702577
23:18:28.666 [main] INFO  com.cloudframe.app.process.Comput1.process  110 - *MB* LK-RLU3A-ACCT-PLAN-DATA-ALLOW = 4702577
23:18:28.667 [main] INFO  com.cloudframe.app.process.Comput1.process  124 - *GB* LK-RLU3A-TOT-DATA-PROMO-ALLOW = 4702577
23:18:28.667 [main] INFO  com.cloudframe.app.process.Comput1.process  126 - *GB* LK-RLU3A-ACCT-PLAN-DATA-ALLOW = 4702577
23:18:28.667 [main] INFO  com.cloudframe.app.process.Comput1.process   76 - ___________________________________
23:18:28.667 [main] INFO  com.cloudframe.app.process.Comput1.process   78 - 245 . WS-OOSU-SHARED-ALLOW = 59392553
23:18:28.667 [main] INFO  com.cloudframe.app.process.Comput1.process   90 - *KB* LK-RLU3A-TOT-DATA-PROMO-ALLOW = 4760577
23:18:28.667 [main] INFO  com.cloudframe.app.process.Comput1.process   92 - *KB* LK-RLU3A-ACCT-PLAN-DATA-ALLOW = 4760577
23:18:28.667 [main] INFO  com.cloudframe.app.process.Comput1.process  108 - *MB* LK-RLU3A-TOT-DATA-PROMO-ALLOW = 4760633
23:18:28.667 [main] INFO  com.cloudframe.app.process.Comput1.process  110 - *MB* LK-RLU3A-ACCT-PLAN-DATA-ALLOW = 4760633
23:18:28.668 [main] INFO  com.cloudframe.app.process.Comput1.process  124 - *GB* LK-RLU3A-TOT-DATA-PROMO-ALLOW = 4760633
23:18:28.668 [main] INFO  com.cloudframe.app.process.Comput1.process  126 - *GB* LK-RLU3A-ACCT-PLAN-DATA-ALLOW = 4760633
23:18:28.668 [main] INFO  com.cloudframe.app.process.Comput1.process   76 - ___________________________________
23:18:28.668 [main] INFO  com.cloudframe.app.process.Comput1.process   78 - 246 . WS-OOSU-SHARED-ALLOW = 59879368
23:18:28.668 [main] INFO  com.cloudframe.app.process.Comput1.process   90 - *KB* LK-RLU3A-TOT-DATA-PROMO-ALLOW = 4819108
23:18:28.668 [main] INFO  com.cloudframe.app.process.Comput1.process   92 - *KB* LK-RLU3A-ACCT-PLAN-DATA-ALLOW = 4819108
23:18:28.668 [main] INFO  com.cloudframe.app.process.Comput1.process  108 - *MB* LK-RLU3A-TOT-DATA-PROMO-ALLOW = 4819165
23:18:28.669 [main] INFO  com.cloudframe.app.process.Comput1.process  110 - *MB* LK-RLU3A-ACCT-PLAN-DATA-ALLOW = 4819165
23:18:28.669 [main] INFO  com.cloudframe.app.process.Comput1.process  124 - *GB* LK-RLU3A-TOT-DATA-PROMO-ALLOW = 4819165
23:18:28.669 [main] INFO  com.cloudframe.app.process.Comput1.process  126 - *GB* LK-RLU3A-ACCT-PLAN-DATA-ALLOW = 4819165
23:18:28.669 [main] INFO  com.cloudframe.app.process.Comput1.process   76 - ___________________________________
23:18:28.669 [main] INFO  com.cloudframe.app.process.Comput1.process   78 - 247 . WS-OOSU-SHARED-ALLOW = 60368170
23:18:28.669 [main] INFO  com.cloudframe.app.process.Comput1.process   90 - *KB* LK-RLU3A-TOT-DATA-PROMO-ALLOW = 4878118
23:18:28.669 [main] INFO  com.cloudframe.app.process.Comput1.process   92 - *KB* LK-RLU3A-ACCT-PLAN-DATA-ALLOW = 4878118
23:18:28.670 [main] INFO  com.cloudframe.app.process.Comput1.process  108 - *MB* LK-RLU3A-TOT-DATA-PROMO-ALLOW = 4878175
23:18:28.670 [main] INFO  com.cloudframe.app.process.Comput1.process  110 - *MB* LK-RLU3A-ACCT-PLAN-DATA-ALLOW = 4878175
23:18:28.670 [main] INFO  com.cloudframe.app.process.Comput1.process  124 - *GB* LK-RLU3A-TOT-DATA-PROMO-ALLOW = 4878175
23:18:28.670 [main] INFO  com.cloudframe.app.process.Comput1.process  126 - *GB* LK-RLU3A-ACCT-PLAN-DATA-ALLOW = 4878175
23:18:28.670 [main] INFO  com.cloudframe.app.process.Comput1.process   76 - ___________________________________
23:18:28.670 [main] INFO  com.cloudframe.app.process.Comput1.process   78 - 248 . WS-OOSU-SHARED-ALLOW = 60858959
23:18:28.670 [main] INFO  com.cloudframe.app.process.Comput1.process   90 - *KB* LK-RLU3A-TOT-DATA-PROMO-ALLOW = 4937607
23:18:28.670 [main] INFO  com.cloudframe.app.process.Comput1.process   92 - *KB* LK-RLU3A-ACCT-PLAN-DATA-ALLOW = 4937607
23:18:28.671 [main] INFO  com.cloudframe.app.process.Comput1.process  108 - *MB* LK-RLU3A-TOT-DATA-PROMO-ALLOW = 4937665
23:18:28.671 [main] INFO  com.cloudframe.app.process.Comput1.process  110 - *MB* LK-RLU3A-ACCT-PLAN-DATA-ALLOW = 4937665
23:18:28.671 [main] INFO  com.cloudframe.app.process.Comput1.process  124 - *GB* LK-RLU3A-TOT-DATA-PROMO-ALLOW = 4937665
23:18:28.671 [main] INFO  com.cloudframe.app.process.Comput1.process  126 - *GB* LK-RLU3A-ACCT-PLAN-DATA-ALLOW = 4937665
23:18:28.671 [main] INFO  com.cloudframe.app.process.Comput1.process   76 - ___________________________________
23:18:28.671 [main] INFO  com.cloudframe.app.process.Comput1.process   78 - 249 . WS-OOSU-SHARED-ALLOW = 61351735
23:18:28.671 [main] INFO  com.cloudframe.app.process.Comput1.process   90 - *KB* LK-RLU3A-TOT-DATA-PROMO-ALLOW = 4997578
23:18:28.671 [main] INFO  com.cloudframe.app.process.Comput1.process   92 - *KB* LK-RLU3A-ACCT-PLAN-DATA-ALLOW = 4997578
23:18:28.672 [main] INFO  com.cloudframe.app.process.Comput1.process  108 - *MB* LK-RLU3A-TOT-DATA-PROMO-ALLOW = 4997636
23:18:28.672 [main] INFO  com.cloudframe.app.process.Comput1.process  110 - *MB* LK-RLU3A-ACCT-PLAN-DATA-ALLOW = 4997636
23:18:28.672 [main] INFO  com.cloudframe.app.process.Comput1.process  124 - *GB* LK-RLU3A-TOT-DATA-PROMO-ALLOW = 4997636
23:18:28.672 [main] INFO  com.cloudframe.app.process.Comput1.process  126 - *GB* LK-RLU3A-ACCT-PLAN-DATA-ALLOW = 4997636
23:18:28.672 [main] INFO  com.cloudframe.app.process.Comput1.process   76 - ___________________________________
23:18:28.672 [main] INFO  com.cloudframe.app.process.Comput1.process   78 - 250 . WS-OOSU-SHARED-ALLOW = 61846498
23:18:28.672 [main] INFO  com.cloudframe.app.process.Comput1.process   90 - *KB* LK-RLU3A-TOT-DATA-PROMO-ALLOW = 5058032
23:18:28.673 [main] INFO  com.cloudframe.app.process.Comput1.process   92 - *KB* LK-RLU3A-ACCT-PLAN-DATA-ALLOW = 5058032
23:18:28.673 [main] INFO  com.cloudframe.app.process.Comput1.process  108 - *MB* LK-RLU3A-TOT-DATA-PROMO-ALLOW = 5058090
23:18:28.673 [main] INFO  com.cloudframe.app.process.Comput1.process  110 - *MB* LK-RLU3A-ACCT-PLAN-DATA-ALLOW = 5058090
23:18:28.673 [main] INFO  com.cloudframe.app.process.Comput1.process  124 - *GB* LK-RLU3A-TOT-DATA-PROMO-ALLOW = 5058090
23:18:28.673 [main] INFO  com.cloudframe.app.process.Comput1.process  126 - *GB* LK-RLU3A-ACCT-PLAN-DATA-ALLOW = 5058090
23:18:28.673 [main] INFO  com.cloudframe.app.process.Comput1.process   76 - ___________________________________
23:18:28.673 [main] INFO  com.cloudframe.app.process.Comput1.process   78 - 251 . WS-OOSU-SHARED-ALLOW = 62343248
23:18:28.673 [main] INFO  com.cloudframe.app.process.Comput1.process   90 - *KB* LK-RLU3A-TOT-DATA-PROMO-ALLOW = 5118972
23:18:28.674 [main] INFO  com.cloudframe.app.process.Comput1.process   92 - *KB* LK-RLU3A-ACCT-PLAN-DATA-ALLOW = 5118972
23:18:28.674 [main] INFO  com.cloudframe.app.process.Comput1.process  108 - *MB* LK-RLU3A-TOT-DATA-PROMO-ALLOW = 5119031
23:18:28.674 [main] INFO  com.cloudframe.app.process.Comput1.process  110 - *MB* LK-RLU3A-ACCT-PLAN-DATA-ALLOW = 5119031
23:18:28.674 [main] INFO  com.cloudframe.app.process.Comput1.process  124 - *GB* LK-RLU3A-TOT-DATA-PROMO-ALLOW = 5119031
23:18:28.674 [main] INFO  com.cloudframe.app.process.Comput1.process  126 - *GB* LK-RLU3A-ACCT-PLAN-DATA-ALLOW = 5119031
23:18:28.674 [main] INFO  com.cloudframe.app.process.Comput1.process   76 - ___________________________________
23:18:28.674 [main] INFO  com.cloudframe.app.process.Comput1.process   78 - 252 . WS-OOSU-SHARED-ALLOW = 62841985
23:18:28.674 [main] INFO  com.cloudframe.app.process.Comput1.process   90 - *KB* LK-RLU3A-TOT-DATA-PROMO-ALLOW = 5180400
23:18:28.675 [main] INFO  com.cloudframe.app.process.Comput1.process   92 - *KB* LK-RLU3A-ACCT-PLAN-DATA-ALLOW = 5180400
23:18:28.675 [main] INFO  com.cloudframe.app.process.Comput1.process  108 - *MB* LK-RLU3A-TOT-DATA-PROMO-ALLOW = 5180459
23:18:28.675 [main] INFO  com.cloudframe.app.process.Comput1.process  110 - *MB* LK-RLU3A-ACCT-PLAN-DATA-ALLOW = 5180459
23:18:28.675 [main] INFO  com.cloudframe.app.process.Comput1.process  124 - *GB* LK-RLU3A-TOT-DATA-PROMO-ALLOW = 5180459
23:18:28.675 [main] INFO  com.cloudframe.app.process.Comput1.process  126 - *GB* LK-RLU3A-ACCT-PLAN-DATA-ALLOW = 5180459
23:18:28.675 [main] INFO  com.cloudframe.app.process.Comput1.process   76 - ___________________________________
23:18:28.675 [main] INFO  com.cloudframe.app.process.Comput1.process   78 - 253 . WS-OOSU-SHARED-ALLOW = 63342709
23:18:28.675 [main] INFO  com.cloudframe.app.process.Comput1.process   90 - *KB* LK-RLU3A-TOT-DATA-PROMO-ALLOW = 5242317
23:18:28.675 [main] INFO  com.cloudframe.app.process.Comput1.process   92 - *KB* LK-RLU3A-ACCT-PLAN-DATA-ALLOW = 5242317
23:18:28.676 [main] INFO  com.cloudframe.app.process.Comput1.process  108 - *MB* LK-RLU3A-TOT-DATA-PROMO-ALLOW = 5242377
23:18:28.676 [main] INFO  com.cloudframe.app.process.Comput1.process  110 - *MB* LK-RLU3A-ACCT-PLAN-DATA-ALLOW = 5242377
23:18:28.676 [main] INFO  com.cloudframe.app.process.Comput1.process  124 - *GB* LK-RLU3A-TOT-DATA-PROMO-ALLOW = 5242377
23:18:28.676 [main] INFO  com.cloudframe.app.process.Comput1.process  126 - *GB* LK-RLU3A-ACCT-PLAN-DATA-ALLOW = 5242377
23:18:28.678 [main] INFO  com.cloudframe.app.process.Comput1.process   76 - ___________________________________
23:18:28.678 [main] INFO  com.cloudframe.app.process.Comput1.process   78 - 254 . WS-OOSU-SHARED-ALLOW = 63845420
23:18:28.679 [main] INFO  com.cloudframe.app.process.Comput1.process   90 - *KB* LK-RLU3A-TOT-DATA-PROMO-ALLOW = 5304726
23:18:28.679 [main] INFO  com.cloudframe.app.process.Comput1.process   92 - *KB* LK-RLU3A-ACCT-PLAN-DATA-ALLOW = 5304726
23:18:28.679 [main] INFO  com.cloudframe.app.process.Comput1.process  108 - *MB* LK-RLU3A-TOT-DATA-PROMO-ALLOW = 5304786
23:18:28.679 [main] INFO  com.cloudframe.app.process.Comput1.process  110 - *MB* LK-RLU3A-ACCT-PLAN-DATA-ALLOW = 5304786
23:18:28.679 [main] INFO  com.cloudframe.app.process.Comput1.process  124 - *GB* LK-RLU3A-TOT-DATA-PROMO-ALLOW = 5304786
23:18:28.679 [main] INFO  com.cloudframe.app.process.Comput1.process  126 - *GB* LK-RLU3A-ACCT-PLAN-DATA-ALLOW = 5304786
23:18:28.679 [main] INFO  com.cloudframe.app.process.Comput1.process   76 - ___________________________________
23:18:28.680 [main] INFO  com.cloudframe.app.process.Comput1.process   78 - 255 . WS-OOSU-SHARED-ALLOW = 64350118
23:18:28.680 [main] INFO  com.cloudframe.app.process.Comput1.process   90 - *KB* LK-RLU3A-TOT-DATA-PROMO-ALLOW = 5367627
23:18:28.680 [main] INFO  com.cloudframe.app.process.Comput1.process   92 - *KB* LK-RLU3A-ACCT-PLAN-DATA-ALLOW = 5367627
23:18:28.680 [main] INFO  com.cloudframe.app.process.Comput1.process  108 - *MB* LK-RLU3A-TOT-DATA-PROMO-ALLOW = 5367688
23:18:28.680 [main] INFO  com.cloudframe.app.process.Comput1.process  110 - *MB* LK-RLU3A-ACCT-PLAN-DATA-ALLOW = 5367688
23:18:28.680 [main] INFO  com.cloudframe.app.process.Comput1.process  124 - *GB* LK-RLU3A-TOT-DATA-PROMO-ALLOW = 5367688
23:18:28.680 [main] INFO  com.cloudframe.app.process.Comput1.process  126 - *GB* LK-RLU3A-ACCT-PLAN-DATA-ALLOW = 5367688
23:18:28.681 [main] INFO  com.cloudframe.app.process.Comput1.process   76 - ___________________________________
23:18:28.681 [main] INFO  com.cloudframe.app.process.Comput1.process   78 - 256 . WS-OOSU-SHARED-ALLOW = 64856803
23:18:28.681 [main] INFO  com.cloudframe.app.process.Comput1.process   90 - *KB* LK-RLU3A-TOT-DATA-PROMO-ALLOW = 5431024
23:18:28.681 [main] INFO  com.cloudframe.app.process.Comput1.process   92 - *KB* LK-RLU3A-ACCT-PLAN-DATA-ALLOW = 5431024
23:18:28.681 [main] INFO  com.cloudframe.app.process.Comput1.process  108 - *MB* LK-RLU3A-TOT-DATA-PROMO-ALLOW = 5431085
23:18:28.681 [main] INFO  com.cloudframe.app.process.Comput1.process  110 - *MB* LK-RLU3A-ACCT-PLAN-DATA-ALLOW = 5431085
23:18:28.682 [main] INFO  com.cloudframe.app.process.Comput1.process  124 - *GB* LK-RLU3A-TOT-DATA-PROMO-ALLOW = 5431085
23:18:28.682 [main] INFO  com.cloudframe.app.process.Comput1.process  126 - *GB* LK-RLU3A-ACCT-PLAN-DATA-ALLOW = 5431085
23:18:28.682 [main] INFO  com.cloudframe.app.process.Comput1.process   76 - ___________________________________
23:18:28.682 [main] INFO  com.cloudframe.app.process.Comput1.process   78 - 257 . WS-OOSU-SHARED-ALLOW = 65365475
23:18:28.682 [main] INFO  com.cloudframe.app.process.Comput1.process   90 - *KB* LK-RLU3A-TOT-DATA-PROMO-ALLOW = 5494918
23:18:28.682 [main] INFO  com.cloudframe.app.process.Comput1.process   92 - *KB* LK-RLU3A-ACCT-PLAN-DATA-ALLOW = 5494918
23:18:28.683 [main] INFO  com.cloudframe.app.process.Comput1.process  108 - *MB* LK-RLU3A-TOT-DATA-PROMO-ALLOW = 5494980
23:18:28.683 [main] INFO  com.cloudframe.app.process.Comput1.process  110 - *MB* LK-RLU3A-ACCT-PLAN-DATA-ALLOW = 5494980
23:18:28.683 [main] INFO  com.cloudframe.app.process.Comput1.process  124 - *GB* LK-RLU3A-TOT-DATA-PROMO-ALLOW = 5494980
23:18:28.683 [main] INFO  com.cloudframe.app.process.Comput1.process  126 - *GB* LK-RLU3A-ACCT-PLAN-DATA-ALLOW = 5494980
23:18:28.683 [main] INFO  com.cloudframe.app.process.Comput1.process   76 - ___________________________________
23:18:28.683 [main] INFO  com.cloudframe.app.process.Comput1.process   78 - 258 . WS-OOSU-SHARED-ALLOW = 65876134
23:18:28.684 [main] INFO  com.cloudframe.app.process.Comput1.process   90 - *KB* LK-RLU3A-TOT-DATA-PROMO-ALLOW = 5559312
23:18:28.684 [main] INFO  com.cloudframe.app.process.Comput1.process   92 - *KB* LK-RLU3A-ACCT-PLAN-DATA-ALLOW = 5559312
23:18:28.684 [main] INFO  com.cloudframe.app.process.Comput1.process  108 - *MB* LK-RLU3A-TOT-DATA-PROMO-ALLOW = 5559374
23:18:28.684 [main] INFO  com.cloudframe.app.process.Comput1.process  110 - *MB* LK-RLU3A-ACCT-PLAN-DATA-ALLOW = 5559374
23:18:28.684 [main] INFO  com.cloudframe.app.process.Comput1.process  124 - *GB* LK-RLU3A-TOT-DATA-PROMO-ALLOW = 5559374
23:18:28.684 [main] INFO  com.cloudframe.app.process.Comput1.process  126 - *GB* LK-RLU3A-ACCT-PLAN-DATA-ALLOW = 5559374
23:18:28.684 [main] INFO  com.cloudframe.app.process.Comput1.process   76 - ___________________________________
23:18:28.684 [main] INFO  com.cloudframe.app.process.Comput1.process   78 - 259 . WS-OOSU-SHARED-ALLOW = 66388780
23:18:28.685 [main] INFO  com.cloudframe.app.process.Comput1.process   90 - *KB* LK-RLU3A-TOT-DATA-PROMO-ALLOW = 5624206
23:18:28.685 [main] INFO  com.cloudframe.app.process.Comput1.process   92 - *KB* LK-RLU3A-ACCT-PLAN-DATA-ALLOW = 5624206
23:18:28.685 [main] INFO  com.cloudframe.app.process.Comput1.process  108 - *MB* LK-RLU3A-TOT-DATA-PROMO-ALLOW = 5624269
23:18:28.685 [main] INFO  com.cloudframe.app.process.Comput1.process  110 - *MB* LK-RLU3A-ACCT-PLAN-DATA-ALLOW = 5624269
23:18:28.685 [main] INFO  com.cloudframe.app.process.Comput1.process  124 - *GB* LK-RLU3A-TOT-DATA-PROMO-ALLOW = 5624269
23:18:28.685 [main] INFO  com.cloudframe.app.process.Comput1.process  126 - *GB* LK-RLU3A-ACCT-PLAN-DATA-ALLOW = 5624269
23:18:28.685 [main] INFO  com.cloudframe.app.process.Comput1.process   76 - ___________________________________
23:18:28.685 [main] INFO  com.cloudframe.app.process.Comput1.process   78 - 260 . WS-OOSU-SHARED-ALLOW = 66903413
23:18:28.686 [main] INFO  com.cloudframe.app.process.Comput1.process   90 - *KB* LK-RLU3A-TOT-DATA-PROMO-ALLOW = 5689604
23:18:28.686 [main] INFO  com.cloudframe.app.process.Comput1.process   92 - *KB* LK-RLU3A-ACCT-PLAN-DATA-ALLOW = 5689604
23:18:28.686 [main] INFO  com.cloudframe.app.process.Comput1.process  108 - *MB* LK-RLU3A-TOT-DATA-PROMO-ALLOW = 5689667
23:18:28.686 [main] INFO  com.cloudframe.app.process.Comput1.process  110 - *MB* LK-RLU3A-ACCT-PLAN-DATA-ALLOW = 5689667
23:18:28.686 [main] INFO  com.cloudframe.app.process.Comput1.process  124 - *GB* LK-RLU3A-TOT-DATA-PROMO-ALLOW = 5689667
23:18:28.686 [main] INFO  com.cloudframe.app.process.Comput1.process  126 - *GB* LK-RLU3A-ACCT-PLAN-DATA-ALLOW = 5689667
23:18:28.686 [main] INFO  com.cloudframe.app.process.Comput1.process   76 - ___________________________________
23:18:28.687 [main] INFO  com.cloudframe.app.process.Comput1.process   78 - 261 . WS-OOSU-SHARED-ALLOW = 67420033
23:18:28.687 [main] INFO  com.cloudframe.app.process.Comput1.process   90 - *KB* LK-RLU3A-TOT-DATA-PROMO-ALLOW = 5755506
23:18:28.687 [main] INFO  com.cloudframe.app.process.Comput1.process   92 - *KB* LK-RLU3A-ACCT-PLAN-DATA-ALLOW = 5755506
23:18:28.687 [main] INFO  com.cloudframe.app.process.Comput1.process  108 - *MB* LK-RLU3A-TOT-DATA-PROMO-ALLOW = 5755570
23:18:28.687 [main] INFO  com.cloudframe.app.process.Comput1.process  110 - *MB* LK-RLU3A-ACCT-PLAN-DATA-ALLOW = 5755570
23:18:28.687 [main] INFO  com.cloudframe.app.process.Comput1.process  124 - *GB* LK-RLU3A-TOT-DATA-PROMO-ALLOW = 5755570
23:18:28.687 [main] INFO  com.cloudframe.app.process.Comput1.process  126 - *GB* LK-RLU3A-ACCT-PLAN-DATA-ALLOW = 5755570
23:18:28.687 [main] INFO  com.cloudframe.app.process.Comput1.process   76 - ___________________________________
23:18:28.688 [main] INFO  com.cloudframe.app.process.Comput1.process   78 - 262 . WS-OOSU-SHARED-ALLOW = 67938640
23:18:28.688 [main] INFO  com.cloudframe.app.process.Comput1.process   90 - *KB* LK-RLU3A-TOT-DATA-PROMO-ALLOW = 5821916
23:18:28.688 [main] INFO  com.cloudframe.app.process.Comput1.process   92 - *KB* LK-RLU3A-ACCT-PLAN-DATA-ALLOW = 5821916
23:18:28.688 [main] INFO  com.cloudframe.app.process.Comput1.process  108 - *MB* LK-RLU3A-TOT-DATA-PROMO-ALLOW = 5821980
23:18:28.688 [main] INFO  com.cloudframe.app.process.Comput1.process  110 - *MB* LK-RLU3A-ACCT-PLAN-DATA-ALLOW = 5821980
23:18:28.688 [main] INFO  com.cloudframe.app.process.Comput1.process  124 - *GB* LK-RLU3A-TOT-DATA-PROMO-ALLOW = 5821980
23:18:28.688 [main] INFO  com.cloudframe.app.process.Comput1.process  126 - *GB* LK-RLU3A-ACCT-PLAN-DATA-ALLOW = 5821980
23:18:28.689 [main] INFO  com.cloudframe.app.process.Comput1.process   76 - ___________________________________
23:18:28.689 [main] INFO  com.cloudframe.app.process.Comput1.process   78 - 263 . WS-OOSU-SHARED-ALLOW = 68459234
23:18:28.689 [main] INFO  com.cloudframe.app.process.Comput1.process   90 - *KB* LK-RLU3A-TOT-DATA-PROMO-ALLOW = 5888834
23:18:28.689 [main] INFO  com.cloudframe.app.process.Comput1.process   92 - *KB* LK-RLU3A-ACCT-PLAN-DATA-ALLOW = 5888834
23:18:28.689 [main] INFO  com.cloudframe.app.process.Comput1.process  108 - *MB* LK-RLU3A-TOT-DATA-PROMO-ALLOW = 5888899
23:18:28.689 [main] INFO  com.cloudframe.app.process.Comput1.process  110 - *MB* LK-RLU3A-ACCT-PLAN-DATA-ALLOW = 5888899
23:18:28.689 [main] INFO  com.cloudframe.app.process.Comput1.process  124 - *GB* LK-RLU3A-TOT-DATA-PROMO-ALLOW = 5888899
23:18:28.689 [main] INFO  com.cloudframe.app.process.Comput1.process  126 - *GB* LK-RLU3A-ACCT-PLAN-DATA-ALLOW = 5888899
23:18:28.690 [main] INFO  com.cloudframe.app.process.Comput1.process   76 - ___________________________________
23:18:28.690 [main] INFO  com.cloudframe.app.process.Comput1.process   78 - 264 . WS-OOSU-SHARED-ALLOW = 68981815
23:18:28.690 [main] INFO  com.cloudframe.app.process.Comput1.process   90 - *KB* LK-RLU3A-TOT-DATA-PROMO-ALLOW = 5956264
23:18:28.690 [main] INFO  com.cloudframe.app.process.Comput1.process   92 - *KB* LK-RLU3A-ACCT-PLAN-DATA-ALLOW = 5956264
23:18:28.690 [main] INFO  com.cloudframe.app.process.Comput1.process  108 - *MB* LK-RLU3A-TOT-DATA-PROMO-ALLOW = 5956329
23:18:28.690 [main] INFO  com.cloudframe.app.process.Comput1.process  110 - *MB* LK-RLU3A-ACCT-PLAN-DATA-ALLOW = 5956329
23:18:28.690 [main] INFO  com.cloudframe.app.process.Comput1.process  124 - *GB* LK-RLU3A-TOT-DATA-PROMO-ALLOW = 5956329
23:18:28.691 [main] INFO  com.cloudframe.app.process.Comput1.process  126 - *GB* LK-RLU3A-ACCT-PLAN-DATA-ALLOW = 5956329
23:18:28.691 [main] INFO  com.cloudframe.app.process.Comput1.process   76 - ___________________________________
23:18:28.691 [main] INFO  com.cloudframe.app.process.Comput1.process   78 - 265 . WS-OOSU-SHARED-ALLOW = 69506383
23:18:28.691 [main] INFO  com.cloudframe.app.process.Comput1.process   90 - *KB* LK-RLU3A-TOT-DATA-PROMO-ALLOW = 6024206
23:18:28.691 [main] INFO  com.cloudframe.app.process.Comput1.process   92 - *KB* LK-RLU3A-ACCT-PLAN-DATA-ALLOW = 6024206
23:18:28.691 [main] INFO  com.cloudframe.app.process.Comput1.process  108 - *MB* LK-RLU3A-TOT-DATA-PROMO-ALLOW = 6024272
23:18:28.691 [main] INFO  com.cloudframe.app.process.Comput1.process  110 - *MB* LK-RLU3A-ACCT-PLAN-DATA-ALLOW = 6024272
23:18:28.691 [main] INFO  com.cloudframe.app.process.Comput1.process  124 - *GB* LK-RLU3A-TOT-DATA-PROMO-ALLOW = 6024272
23:18:28.692 [main] INFO  com.cloudframe.app.process.Comput1.process  126 - *GB* LK-RLU3A-ACCT-PLAN-DATA-ALLOW = 6024272
23:18:28.692 [main] INFO  com.cloudframe.app.process.Comput1.process   76 - ___________________________________
23:18:28.692 [main] INFO  com.cloudframe.app.process.Comput1.process   78 - 266 . WS-OOSU-SHARED-ALLOW = 70032938
23:18:28.692 [main] INFO  com.cloudframe.app.process.Comput1.process   90 - *KB* LK-RLU3A-TOT-DATA-PROMO-ALLOW = 6092663
23:18:28.692 [main] INFO  com.cloudframe.app.process.Comput1.process   92 - *KB* LK-RLU3A-ACCT-PLAN-DATA-ALLOW = 6092663
23:18:28.692 [main] INFO  com.cloudframe.app.process.Comput1.process  108 - *MB* LK-RLU3A-TOT-DATA-PROMO-ALLOW = 6092729
23:18:28.692 [main] INFO  com.cloudframe.app.process.Comput1.process  110 - *MB* LK-RLU3A-ACCT-PLAN-DATA-ALLOW = 6092729
23:18:28.693 [main] INFO  com.cloudframe.app.process.Comput1.process  124 - *GB* LK-RLU3A-TOT-DATA-PROMO-ALLOW = 6092729
23:18:28.693 [main] INFO  com.cloudframe.app.process.Comput1.process  126 - *GB* LK-RLU3A-ACCT-PLAN-DATA-ALLOW = 6092729
23:18:28.693 [main] INFO  com.cloudframe.app.process.Comput1.process   76 - ___________________________________
23:18:28.693 [main] INFO  com.cloudframe.app.process.Comput1.process   78 - 267 . WS-OOSU-SHARED-ALLOW = 70561480
23:18:28.693 [main] INFO  com.cloudframe.app.process.Comput1.process   90 - *KB* LK-RLU3A-TOT-DATA-PROMO-ALLOW = 6161636
23:18:28.693 [main] INFO  com.cloudframe.app.process.Comput1.process   92 - *KB* LK-RLU3A-ACCT-PLAN-DATA-ALLOW = 6161636
23:18:28.693 [main] INFO  com.cloudframe.app.process.Comput1.process  108 - *MB* LK-RLU3A-TOT-DATA-PROMO-ALLOW = 6161703
23:18:28.694 [main] INFO  com.cloudframe.app.process.Comput1.process  110 - *MB* LK-RLU3A-ACCT-PLAN-DATA-ALLOW = 6161703
23:18:28.694 [main] INFO  com.cloudframe.app.process.Comput1.process  124 - *GB* LK-RLU3A-TOT-DATA-PROMO-ALLOW = 6161703
23:18:28.694 [main] INFO  com.cloudframe.app.process.Comput1.process  126 - *GB* LK-RLU3A-ACCT-PLAN-DATA-ALLOW = 6161703
23:18:28.694 [main] INFO  com.cloudframe.app.process.Comput1.process   76 - ___________________________________
23:18:28.694 [main] INFO  com.cloudframe.app.process.Comput1.process   78 - 268 . WS-OOSU-SHARED-ALLOW = 71092009
23:18:28.694 [main] INFO  com.cloudframe.app.process.Comput1.process   90 - *KB* LK-RLU3A-TOT-DATA-PROMO-ALLOW = 6231128
23:18:28.694 [main] INFO  com.cloudframe.app.process.Comput1.process   92 - *KB* LK-RLU3A-ACCT-PLAN-DATA-ALLOW = 6231128
23:18:28.695 [main] INFO  com.cloudframe.app.process.Comput1.process  108 - *MB* LK-RLU3A-TOT-DATA-PROMO-ALLOW = 6231195
23:18:28.695 [main] INFO  com.cloudframe.app.process.Comput1.process  110 - *MB* LK-RLU3A-ACCT-PLAN-DATA-ALLOW = 6231195
23:18:28.695 [main] INFO  com.cloudframe.app.process.Comput1.process  124 - *GB* LK-RLU3A-TOT-DATA-PROMO-ALLOW = 6231195
23:18:28.695 [main] INFO  com.cloudframe.app.process.Comput1.process  126 - *GB* LK-RLU3A-ACCT-PLAN-DATA-ALLOW = 6231195
23:18:28.695 [main] INFO  com.cloudframe.app.process.Comput1.process   76 - ___________________________________
23:18:28.695 [main] INFO  com.cloudframe.app.process.Comput1.process   78 - 269 . WS-OOSU-SHARED-ALLOW = 71624525
23:18:28.695 [main] INFO  com.cloudframe.app.process.Comput1.process   90 - *KB* LK-RLU3A-TOT-DATA-PROMO-ALLOW = 6301140
23:18:28.695 [main] INFO  com.cloudframe.app.process.Comput1.process   92 - *KB* LK-RLU3A-ACCT-PLAN-DATA-ALLOW = 6301140
23:18:28.696 [main] INFO  com.cloudframe.app.process.Comput1.process  108 - *MB* LK-RLU3A-TOT-DATA-PROMO-ALLOW = 6301208
23:18:28.696 [main] INFO  com.cloudframe.app.process.Comput1.process  110 - *MB* LK-RLU3A-ACCT-PLAN-DATA-ALLOW = 6301208
23:18:28.696 [main] INFO  com.cloudframe.app.process.Comput1.process  124 - *GB* LK-RLU3A-TOT-DATA-PROMO-ALLOW = 6301208
23:18:28.696 [main] INFO  com.cloudframe.app.process.Comput1.process  126 - *GB* LK-RLU3A-ACCT-PLAN-DATA-ALLOW = 6301208
23:18:28.696 [main] INFO  com.cloudframe.app.process.Comput1.process   76 - ___________________________________
23:18:28.696 [main] INFO  com.cloudframe.app.process.Comput1.process   78 - 270 . WS-OOSU-SHARED-ALLOW = 72159028
23:18:28.696 [main] INFO  com.cloudframe.app.process.Comput1.process   90 - *KB* LK-RLU3A-TOT-DATA-PROMO-ALLOW = 6371675
23:18:28.696 [main] INFO  com.cloudframe.app.process.Comput1.process   92 - *KB* LK-RLU3A-ACCT-PLAN-DATA-ALLOW = 6371675
23:18:28.697 [main] INFO  com.cloudframe.app.process.Comput1.process  108 - *MB* LK-RLU3A-TOT-DATA-PROMO-ALLOW = 6371743
23:18:28.697 [main] INFO  com.cloudframe.app.process.Comput1.process  110 - *MB* LK-RLU3A-ACCT-PLAN-DATA-ALLOW = 6371743
23:18:28.697 [main] INFO  com.cloudframe.app.process.Comput1.process  124 - *GB* LK-RLU3A-TOT-DATA-PROMO-ALLOW = 6371743
23:18:28.697 [main] INFO  com.cloudframe.app.process.Comput1.process  126 - *GB* LK-RLU3A-ACCT-PLAN-DATA-ALLOW = 6371743
23:18:28.697 [main] INFO  com.cloudframe.app.process.Comput1.process   76 - ___________________________________
23:18:28.697 [main] INFO  com.cloudframe.app.process.Comput1.process   78 - 271 . WS-OOSU-SHARED-ALLOW = 72695518
23:18:28.697 [main] INFO  com.cloudframe.app.process.Comput1.process   90 - *KB* LK-RLU3A-TOT-DATA-PROMO-ALLOW = 6442734
23:18:28.697 [main] INFO  com.cloudframe.app.process.Comput1.process   92 - *KB* LK-RLU3A-ACCT-PLAN-DATA-ALLOW = 6442734
23:18:28.698 [main] INFO  com.cloudframe.app.process.Comput1.process  108 - *MB* LK-RLU3A-TOT-DATA-PROMO-ALLOW = 6442803
23:18:28.698 [main] INFO  com.cloudframe.app.process.Comput1.process  110 - *MB* LK-RLU3A-ACCT-PLAN-DATA-ALLOW = 6442803
23:18:28.698 [main] INFO  com.cloudframe.app.process.Comput1.process  124 - *GB* LK-RLU3A-TOT-DATA-PROMO-ALLOW = 6442803
23:18:28.698 [main] INFO  com.cloudframe.app.process.Comput1.process  126 - *GB* LK-RLU3A-ACCT-PLAN-DATA-ALLOW = 6442803
23:18:28.698 [main] INFO  com.cloudframe.app.process.Comput1.process   76 - ___________________________________
23:18:28.698 [main] INFO  com.cloudframe.app.process.Comput1.process   78 - 272 . WS-OOSU-SHARED-ALLOW = 73233995
23:18:28.698 [main] INFO  com.cloudframe.app.process.Comput1.process   90 - *KB* LK-RLU3A-TOT-DATA-PROMO-ALLOW = 6514320
23:18:28.699 [main] INFO  com.cloudframe.app.process.Comput1.process   92 - *KB* LK-RLU3A-ACCT-PLAN-DATA-ALLOW = 6514320
23:18:28.699 [main] INFO  com.cloudframe.app.process.Comput1.process  108 - *MB* LK-RLU3A-TOT-DATA-PROMO-ALLOW = 6514389
23:18:28.699 [main] INFO  com.cloudframe.app.process.Comput1.process  110 - *MB* LK-RLU3A-ACCT-PLAN-DATA-ALLOW = 6514389
23:18:28.699 [main] INFO  com.cloudframe.app.process.Comput1.process  124 - *GB* LK-RLU3A-TOT-DATA-PROMO-ALLOW = 6514389
23:18:28.699 [main] INFO  com.cloudframe.app.process.Comput1.process  126 - *GB* LK-RLU3A-ACCT-PLAN-DATA-ALLOW = 6514389
23:18:28.699 [main] INFO  com.cloudframe.app.process.Comput1.process   76 - ___________________________________
23:18:28.699 [main] INFO  com.cloudframe.app.process.Comput1.process   78 - 273 . WS-OOSU-SHARED-ALLOW = 73774459
23:18:28.699 [main] INFO  com.cloudframe.app.process.Comput1.process   90 - *KB* LK-RLU3A-TOT-DATA-PROMO-ALLOW = 6586434
23:18:28.700 [main] INFO  com.cloudframe.app.process.Comput1.process   92 - *KB* LK-RLU3A-ACCT-PLAN-DATA-ALLOW = 6586434
23:18:28.700 [main] INFO  com.cloudframe.app.process.Comput1.process  108 - *MB* LK-RLU3A-TOT-DATA-PROMO-ALLOW = 6586504
23:18:28.700 [main] INFO  com.cloudframe.app.process.Comput1.process  110 - *MB* LK-RLU3A-ACCT-PLAN-DATA-ALLOW = 6586504
23:18:28.700 [main] INFO  com.cloudframe.app.process.Comput1.process  124 - *GB* LK-RLU3A-TOT-DATA-PROMO-ALLOW = 6586504
23:18:28.701 [main] INFO  com.cloudframe.app.process.Comput1.process  126 - *GB* LK-RLU3A-ACCT-PLAN-DATA-ALLOW = 6586504
23:18:28.701 [main] INFO  com.cloudframe.app.process.Comput1.process   76 - ___________________________________
23:18:28.701 [main] INFO  com.cloudframe.app.process.Comput1.process   78 - 274 . WS-OOSU-SHARED-ALLOW = 74316910
23:18:28.701 [main] INFO  com.cloudframe.app.process.Comput1.process   90 - *KB* LK-RLU3A-TOT-DATA-PROMO-ALLOW = 6659079
23:18:28.701 [main] INFO  com.cloudframe.app.process.Comput1.process   92 - *KB* LK-RLU3A-ACCT-PLAN-DATA-ALLOW = 6659079
23:18:28.701 [main] INFO  com.cloudframe.app.process.Comput1.process  108 - *MB* LK-RLU3A-TOT-DATA-PROMO-ALLOW = 6659149
23:18:28.701 [main] INFO  com.cloudframe.app.process.Comput1.process  110 - *MB* LK-RLU3A-ACCT-PLAN-DATA-ALLOW = 6659149
23:18:28.702 [main] INFO  com.cloudframe.app.process.Comput1.process  124 - *GB* LK-RLU3A-TOT-DATA-PROMO-ALLOW = 6659149
23:18:28.702 [main] INFO  com.cloudframe.app.process.Comput1.process  126 - *GB* LK-RLU3A-ACCT-PLAN-DATA-ALLOW = 6659149
23:18:28.702 [main] INFO  com.cloudframe.app.process.Comput1.process   76 - ___________________________________
23:18:28.702 [main] INFO  com.cloudframe.app.process.Comput1.process   78 - 275 . WS-OOSU-SHARED-ALLOW = 74861348
23:18:28.702 [main] INFO  com.cloudframe.app.process.Comput1.process   90 - *KB* LK-RLU3A-TOT-DATA-PROMO-ALLOW = 6732255
23:18:28.702 [main] INFO  com.cloudframe.app.process.Comput1.process   92 - *KB* LK-RLU3A-ACCT-PLAN-DATA-ALLOW = 6732255
23:18:28.702 [main] INFO  com.cloudframe.app.process.Comput1.process  108 - *MB* LK-RLU3A-TOT-DATA-PROMO-ALLOW = 6732326
23:18:28.702 [main] INFO  com.cloudframe.app.process.Comput1.process  110 - *MB* LK-RLU3A-ACCT-PLAN-DATA-ALLOW = 6732326
23:18:28.702 [main] INFO  com.cloudframe.app.process.Comput1.process  124 - *GB* LK-RLU3A-TOT-DATA-PROMO-ALLOW = 6732326
23:18:28.702 [main] INFO  com.cloudframe.app.process.Comput1.process  126 - *GB* LK-RLU3A-ACCT-PLAN-DATA-ALLOW = 6732326
23:18:28.702 [main] INFO  com.cloudframe.app.process.Comput1.process   76 - ___________________________________
23:18:28.703 [main] INFO  com.cloudframe.app.process.Comput1.process   78 - 276 . WS-OOSU-SHARED-ALLOW = 75407773
23:18:28.703 [main] INFO  com.cloudframe.app.process.Comput1.process   90 - *KB* LK-RLU3A-TOT-DATA-PROMO-ALLOW = 6805966
23:18:28.703 [main] INFO  com.cloudframe.app.process.Comput1.process   92 - *KB* LK-RLU3A-ACCT-PLAN-DATA-ALLOW = 6805966
23:18:28.703 [main] INFO  com.cloudframe.app.process.Comput1.process  108 - *MB* LK-RLU3A-TOT-DATA-PROMO-ALLOW = 6806037
23:18:28.703 [main] INFO  com.cloudframe.app.process.Comput1.process  110 - *MB* LK-RLU3A-ACCT-PLAN-DATA-ALLOW = 6806037
23:18:28.703 [main] INFO  com.cloudframe.app.process.Comput1.process  124 - *GB* LK-RLU3A-TOT-DATA-PROMO-ALLOW = 6806037
23:18:28.704 [main] INFO  com.cloudframe.app.process.Comput1.process  126 - *GB* LK-RLU3A-ACCT-PLAN-DATA-ALLOW = 6806037
23:18:28.704 [main] INFO  com.cloudframe.app.process.Comput1.process   76 - ___________________________________
23:18:28.704 [main] INFO  com.cloudframe.app.process.Comput1.process   78 - 277 . WS-OOSU-SHARED-ALLOW = 75956185
23:18:28.704 [main] INFO  com.cloudframe.app.process.Comput1.process   90 - *KB* LK-RLU3A-TOT-DATA-PROMO-ALLOW = 6880212
23:18:28.704 [main] INFO  com.cloudframe.app.process.Comput1.process   92 - *KB* LK-RLU3A-ACCT-PLAN-DATA-ALLOW = 6880212
23:18:28.704 [main] INFO  com.cloudframe.app.process.Comput1.process  108 - *MB* LK-RLU3A-TOT-DATA-PROMO-ALLOW = 6880284
23:18:28.705 [main] INFO  com.cloudframe.app.process.Comput1.process  110 - *MB* LK-RLU3A-ACCT-PLAN-DATA-ALLOW = 6880284
23:18:28.705 [main] INFO  com.cloudframe.app.process.Comput1.process  124 - *GB* LK-RLU3A-TOT-DATA-PROMO-ALLOW = 6880284
23:18:28.705 [main] INFO  com.cloudframe.app.process.Comput1.process  126 - *GB* LK-RLU3A-ACCT-PLAN-DATA-ALLOW = 6880284
23:18:28.705 [main] INFO  com.cloudframe.app.process.Comput1.process   76 - ___________________________________
23:18:28.705 [main] INFO  com.cloudframe.app.process.Comput1.process   78 - 278 . WS-OOSU-SHARED-ALLOW = 76506584
23:18:28.705 [main] INFO  com.cloudframe.app.process.Comput1.process   90 - *KB* LK-RLU3A-TOT-DATA-PROMO-ALLOW = 6954997
23:18:28.705 [main] INFO  com.cloudframe.app.process.Comput1.process   92 - *KB* LK-RLU3A-ACCT-PLAN-DATA-ALLOW = 6954997
23:18:28.705 [main] INFO  com.cloudframe.app.process.Comput1.process  108 - *MB* LK-RLU3A-TOT-DATA-PROMO-ALLOW = 6955069
23:18:28.706 [main] INFO  com.cloudframe.app.process.Comput1.process  110 - *MB* LK-RLU3A-ACCT-PLAN-DATA-ALLOW = 6955069
23:18:28.706 [main] INFO  com.cloudframe.app.process.Comput1.process  124 - *GB* LK-RLU3A-TOT-DATA-PROMO-ALLOW = 6955069
23:18:28.706 [main] INFO  com.cloudframe.app.process.Comput1.process  126 - *GB* LK-RLU3A-ACCT-PLAN-DATA-ALLOW = 6955069
23:18:28.706 [main] INFO  com.cloudframe.app.process.Comput1.process   76 - ___________________________________
23:18:28.706 [main] INFO  com.cloudframe.app.process.Comput1.process   78 - 279 . WS-OOSU-SHARED-ALLOW = 77058970
23:18:28.706 [main] INFO  com.cloudframe.app.process.Comput1.process   90 - *KB* LK-RLU3A-TOT-DATA-PROMO-ALLOW = 7030321
23:18:28.706 [main] INFO  com.cloudframe.app.process.Comput1.process   92 - *KB* LK-RLU3A-ACCT-PLAN-DATA-ALLOW = 7030321
23:18:28.706 [main] INFO  com.cloudframe.app.process.Comput1.process  108 - *MB* LK-RLU3A-TOT-DATA-PROMO-ALLOW = 7030394
23:18:28.707 [main] INFO  com.cloudframe.app.process.Comput1.process  110 - *MB* LK-RLU3A-ACCT-PLAN-DATA-ALLOW = 7030394
23:18:28.707 [main] INFO  com.cloudframe.app.process.Comput1.process  124 - *GB* LK-RLU3A-TOT-DATA-PROMO-ALLOW = 7030394
23:18:28.707 [main] INFO  com.cloudframe.app.process.Comput1.process  126 - *GB* LK-RLU3A-ACCT-PLAN-DATA-ALLOW = 7030394
23:18:28.707 [main] INFO  com.cloudframe.app.process.Comput1.process   76 - ___________________________________
23:18:28.707 [main] INFO  com.cloudframe.app.process.Comput1.process   78 - 280 . WS-OOSU-SHARED-ALLOW = 77613343
23:18:28.707 [main] INFO  com.cloudframe.app.process.Comput1.process   90 - *KB* LK-RLU3A-TOT-DATA-PROMO-ALLOW = 7106188
23:18:28.707 [main] INFO  com.cloudframe.app.process.Comput1.process   92 - *KB* LK-RLU3A-ACCT-PLAN-DATA-ALLOW = 7106188
23:18:28.707 [main] INFO  com.cloudframe.app.process.Comput1.process  108 - *MB* LK-RLU3A-TOT-DATA-PROMO-ALLOW = 7106262
23:18:28.708 [main] INFO  com.cloudframe.app.process.Comput1.process  110 - *MB* LK-RLU3A-ACCT-PLAN-DATA-ALLOW = 7106262
23:18:28.708 [main] INFO  com.cloudframe.app.process.Comput1.process  124 - *GB* LK-RLU3A-TOT-DATA-PROMO-ALLOW = 7106262
23:18:28.708 [main] INFO  com.cloudframe.app.process.Comput1.process  126 - *GB* LK-RLU3A-ACCT-PLAN-DATA-ALLOW = 7106262
23:18:28.708 [main] INFO  com.cloudframe.app.process.Comput1.process   76 - ___________________________________
23:18:28.708 [main] INFO  com.cloudframe.app.process.Comput1.process   78 - 281 . WS-OOSU-SHARED-ALLOW = 78169703
23:18:28.708 [main] INFO  com.cloudframe.app.process.Comput1.process   90 - *KB* LK-RLU3A-TOT-DATA-PROMO-ALLOW = 7182599
23:18:28.708 [main] INFO  com.cloudframe.app.process.Comput1.process   92 - *KB* LK-RLU3A-ACCT-PLAN-DATA-ALLOW = 7182599
23:18:28.708 [main] INFO  com.cloudframe.app.process.Comput1.process  108 - *MB* LK-RLU3A-TOT-DATA-PROMO-ALLOW = 7182673
23:18:28.708 [main] INFO  com.cloudframe.app.process.Comput1.process  110 - *MB* LK-RLU3A-ACCT-PLAN-DATA-ALLOW = 7182673
23:18:28.709 [main] INFO  com.cloudframe.app.process.Comput1.process  124 - *GB* LK-RLU3A-TOT-DATA-PROMO-ALLOW = 7182673
23:18:28.709 [main] INFO  com.cloudframe.app.process.Comput1.process  126 - *GB* LK-RLU3A-ACCT-PLAN-DATA-ALLOW = 7182673
23:18:28.709 [main] INFO  com.cloudframe.app.process.Comput1.process   76 - ___________________________________
23:18:28.709 [main] INFO  com.cloudframe.app.process.Comput1.process   78 - 282 . WS-OOSU-SHARED-ALLOW = 78728050
23:18:28.709 [main] INFO  com.cloudframe.app.process.Comput1.process   90 - *KB* LK-RLU3A-TOT-DATA-PROMO-ALLOW = 7259555
23:18:28.709 [main] INFO  com.cloudframe.app.process.Comput1.process   92 - *KB* LK-RLU3A-ACCT-PLAN-DATA-ALLOW = 7259555
23:18:28.709 [main] INFO  com.cloudframe.app.process.Comput1.process  108 - *MB* LK-RLU3A-TOT-DATA-PROMO-ALLOW = 7259630
23:18:28.710 [main] INFO  com.cloudframe.app.process.Comput1.process  110 - *MB* LK-RLU3A-ACCT-PLAN-DATA-ALLOW = 7259630
23:18:28.710 [main] INFO  com.cloudframe.app.process.Comput1.process  124 - *GB* LK-RLU3A-TOT-DATA-PROMO-ALLOW = 7259630
23:18:28.710 [main] INFO  com.cloudframe.app.process.Comput1.process  126 - *GB* LK-RLU3A-ACCT-PLAN-DATA-ALLOW = 7259630
23:18:28.710 [main] INFO  com.cloudframe.app.process.Comput1.process   76 - ___________________________________
23:18:28.710 [main] INFO  com.cloudframe.app.process.Comput1.process   78 - 283 . WS-OOSU-SHARED-ALLOW = 79288384
23:18:28.710 [main] INFO  com.cloudframe.app.process.Comput1.process   90 - *KB* LK-RLU3A-TOT-DATA-PROMO-ALLOW = 7337060
23:18:28.710 [main] INFO  com.cloudframe.app.process.Comput1.process   92 - *KB* LK-RLU3A-ACCT-PLAN-DATA-ALLOW = 7337060
23:18:28.710 [main] INFO  com.cloudframe.app.process.Comput1.process  108 - *MB* LK-RLU3A-TOT-DATA-PROMO-ALLOW = 7337135
23:18:28.710 [main] INFO  com.cloudframe.app.process.Comput1.process  110 - *MB* LK-RLU3A-ACCT-PLAN-DATA-ALLOW = 7337135
23:18:28.712 [main] INFO  com.cloudframe.app.process.Comput1.process  124 - *GB* LK-RLU3A-TOT-DATA-PROMO-ALLOW = 7337135
23:18:28.712 [main] INFO  com.cloudframe.app.process.Comput1.process  126 - *GB* LK-RLU3A-ACCT-PLAN-DATA-ALLOW = 7337135
23:18:28.713 [main] INFO  com.cloudframe.app.process.Comput1.process   76 - ___________________________________
23:18:28.713 [main] INFO  com.cloudframe.app.process.Comput1.process   78 - 284 . WS-OOSU-SHARED-ALLOW = 79850705
23:18:28.713 [main] INFO  com.cloudframe.app.process.Comput1.process   90 - *KB* LK-RLU3A-TOT-DATA-PROMO-ALLOW = 7415114
23:18:28.713 [main] INFO  com.cloudframe.app.process.Comput1.process   92 - *KB* LK-RLU3A-ACCT-PLAN-DATA-ALLOW = 7415114
23:18:28.713 [main] INFO  com.cloudframe.app.process.Comput1.process  108 - *MB* LK-RLU3A-TOT-DATA-PROMO-ALLOW = 7415190
23:18:28.713 [main] INFO  com.cloudframe.app.process.Comput1.process  110 - *MB* LK-RLU3A-ACCT-PLAN-DATA-ALLOW = 7415190
23:18:28.713 [main] INFO  com.cloudframe.app.process.Comput1.process  124 - *GB* LK-RLU3A-TOT-DATA-PROMO-ALLOW = 7415190
23:18:28.713 [main] INFO  com.cloudframe.app.process.Comput1.process  126 - *GB* LK-RLU3A-ACCT-PLAN-DATA-ALLOW = 7415190
23:18:28.713 [main] INFO  com.cloudframe.app.process.Comput1.process   76 - ___________________________________
23:18:28.714 [main] INFO  com.cloudframe.app.process.Comput1.process   78 - 285 . WS-OOSU-SHARED-ALLOW = 80415013
23:18:28.714 [main] INFO  com.cloudframe.app.process.Comput1.process   90 - *KB* LK-RLU3A-TOT-DATA-PROMO-ALLOW = 7493720
23:18:28.714 [main] INFO  com.cloudframe.app.process.Comput1.process   92 - *KB* LK-RLU3A-ACCT-PLAN-DATA-ALLOW = 7493720
23:18:28.714 [main] INFO  com.cloudframe.app.process.Comput1.process  108 - *MB* LK-RLU3A-TOT-DATA-PROMO-ALLOW = 7493796
23:18:28.714 [main] INFO  com.cloudframe.app.process.Comput1.process  110 - *MB* LK-RLU3A-ACCT-PLAN-DATA-ALLOW = 7493796
23:18:28.714 [main] INFO  com.cloudframe.app.process.Comput1.process  124 - *GB* LK-RLU3A-TOT-DATA-PROMO-ALLOW = 7493796
23:18:28.714 [main] INFO  com.cloudframe.app.process.Comput1.process  126 - *GB* LK-RLU3A-ACCT-PLAN-DATA-ALLOW = 7493796
23:18:28.714 [main] INFO  com.cloudframe.app.process.Comput1.process   76 - ___________________________________
23:18:28.714 [main] INFO  com.cloudframe.app.process.Comput1.process   78 - 286 . WS-OOSU-SHARED-ALLOW = 80981308
23:18:28.715 [main] INFO  com.cloudframe.app.process.Comput1.process   90 - *KB* LK-RLU3A-TOT-DATA-PROMO-ALLOW = 7572879
23:18:28.715 [main] INFO  com.cloudframe.app.process.Comput1.process   92 - *KB* LK-RLU3A-ACCT-PLAN-DATA-ALLOW = 7572879
23:18:28.715 [main] INFO  com.cloudframe.app.process.Comput1.process  108 - *MB* LK-RLU3A-TOT-DATA-PROMO-ALLOW = 7572956
23:18:28.715 [main] INFO  com.cloudframe.app.process.Comput1.process  110 - *MB* LK-RLU3A-ACCT-PLAN-DATA-ALLOW = 7572956
23:18:28.715 [main] INFO  com.cloudframe.app.process.Comput1.process  124 - *GB* LK-RLU3A-TOT-DATA-PROMO-ALLOW = 7572956
23:18:28.715 [main] INFO  com.cloudframe.app.process.Comput1.process  126 - *GB* LK-RLU3A-ACCT-PLAN-DATA-ALLOW = 7572956
23:18:28.715 [main] INFO  com.cloudframe.app.process.Comput1.process   76 - ___________________________________
23:18:28.715 [main] INFO  com.cloudframe.app.process.Comput1.process   78 - 287 . WS-OOSU-SHARED-ALLOW = 81549590
23:18:28.716 [main] INFO  com.cloudframe.app.process.Comput1.process   90 - *KB* LK-RLU3A-TOT-DATA-PROMO-ALLOW = 7652594
23:18:28.716 [main] INFO  com.cloudframe.app.process.Comput1.process   92 - *KB* LK-RLU3A-ACCT-PLAN-DATA-ALLOW = 7652594
23:18:28.716 [main] INFO  com.cloudframe.app.process.Comput1.process  108 - *MB* LK-RLU3A-TOT-DATA-PROMO-ALLOW = 7652671
23:18:28.716 [main] INFO  com.cloudframe.app.process.Comput1.process  110 - *MB* LK-RLU3A-ACCT-PLAN-DATA-ALLOW = 7652671
23:18:28.716 [main] INFO  com.cloudframe.app.process.Comput1.process  124 - *GB* LK-RLU3A-TOT-DATA-PROMO-ALLOW = 7652671
23:18:28.716 [main] INFO  com.cloudframe.app.process.Comput1.process  126 - *GB* LK-RLU3A-ACCT-PLAN-DATA-ALLOW = 7652671
23:18:28.716 [main] INFO  com.cloudframe.app.process.Comput1.process   76 - ___________________________________
23:18:28.716 [main] INFO  com.cloudframe.app.process.Comput1.process   78 - 288 . WS-OOSU-SHARED-ALLOW = 82119859
23:18:28.716 [main] INFO  com.cloudframe.app.process.Comput1.process   90 - *KB* LK-RLU3A-TOT-DATA-PROMO-ALLOW = 7732866
23:18:28.716 [main] INFO  com.cloudframe.app.process.Comput1.process   92 - *KB* LK-RLU3A-ACCT-PLAN-DATA-ALLOW = 7732866
23:18:28.716 [main] INFO  com.cloudframe.app.process.Comput1.process  108 - *MB* LK-RLU3A-TOT-DATA-PROMO-ALLOW = 7732944
23:18:28.716 [main] INFO  com.cloudframe.app.process.Comput1.process  110 - *MB* LK-RLU3A-ACCT-PLAN-DATA-ALLOW = 7732944
23:18:28.716 [main] INFO  com.cloudframe.app.process.Comput1.process  124 - *GB* LK-RLU3A-TOT-DATA-PROMO-ALLOW = 7732944
23:18:28.717 [main] INFO  com.cloudframe.app.process.Comput1.process  126 - *GB* LK-RLU3A-ACCT-PLAN-DATA-ALLOW = 7732944
23:18:28.717 [main] INFO  com.cloudframe.app.process.Comput1.process   76 - ___________________________________
23:18:28.717 [main] INFO  com.cloudframe.app.process.Comput1.process   78 - 289 . WS-OOSU-SHARED-ALLOW = 82692115
23:18:28.717 [main] INFO  com.cloudframe.app.process.Comput1.process   90 - *KB* LK-RLU3A-TOT-DATA-PROMO-ALLOW = 7813698
23:18:28.717 [main] INFO  com.cloudframe.app.process.Comput1.process   92 - *KB* LK-RLU3A-ACCT-PLAN-DATA-ALLOW = 7813698
23:18:28.717 [main] INFO  com.cloudframe.app.process.Comput1.process  108 - *MB* LK-RLU3A-TOT-DATA-PROMO-ALLOW = 7813776
23:18:28.717 [main] INFO  com.cloudframe.app.process.Comput1.process  110 - *MB* LK-RLU3A-ACCT-PLAN-DATA-ALLOW = 7813776
23:18:28.717 [main] INFO  com.cloudframe.app.process.Comput1.process  124 - *GB* LK-RLU3A-TOT-DATA-PROMO-ALLOW = 7813776
23:18:28.717 [main] INFO  com.cloudframe.app.process.Comput1.process  126 - *GB* LK-RLU3A-ACCT-PLAN-DATA-ALLOW = 7813776
23:18:28.717 [main] INFO  com.cloudframe.app.process.Comput1.process   76 - ___________________________________
23:18:28.717 [main] INFO  com.cloudframe.app.process.Comput1.process   78 - 290 . WS-OOSU-SHARED-ALLOW = 83266358
23:18:28.717 [main] INFO  com.cloudframe.app.process.Comput1.process   90 - *KB* LK-RLU3A-TOT-DATA-PROMO-ALLOW = 7895090
23:18:28.718 [main] INFO  com.cloudframe.app.process.Comput1.process   92 - *KB* LK-RLU3A-ACCT-PLAN-DATA-ALLOW = 7895090
23:18:28.718 [main] INFO  com.cloudframe.app.process.Comput1.process  108 - *MB* LK-RLU3A-TOT-DATA-PROMO-ALLOW = 7895169
23:18:28.718 [main] INFO  com.cloudframe.app.process.Comput1.process  110 - *MB* LK-RLU3A-ACCT-PLAN-DATA-ALLOW = 7895169
23:18:28.718 [main] INFO  com.cloudframe.app.process.Comput1.process  124 - *GB* LK-RLU3A-TOT-DATA-PROMO-ALLOW = 7895169
23:18:28.718 [main] INFO  com.cloudframe.app.process.Comput1.process  126 - *GB* LK-RLU3A-ACCT-PLAN-DATA-ALLOW = 7895169
23:18:28.718 [main] INFO  com.cloudframe.app.process.Comput1.process   76 - ___________________________________
23:18:28.718 [main] INFO  com.cloudframe.app.process.Comput1.process   78 - 291 . WS-OOSU-SHARED-ALLOW = 83842588
23:18:28.718 [main] INFO  com.cloudframe.app.process.Comput1.process   90 - *KB* LK-RLU3A-TOT-DATA-PROMO-ALLOW = 7977046
23:18:28.718 [main] INFO  com.cloudframe.app.process.Comput1.process   92 - *KB* LK-RLU3A-ACCT-PLAN-DATA-ALLOW = 7977046
23:18:28.718 [main] INFO  com.cloudframe.app.process.Comput1.process  108 - *MB* LK-RLU3A-TOT-DATA-PROMO-ALLOW = 7977125
23:18:28.718 [main] INFO  com.cloudframe.app.process.Comput1.process  110 - *MB* LK-RLU3A-ACCT-PLAN-DATA-ALLOW = 7977125
23:18:28.719 [main] INFO  com.cloudframe.app.process.Comput1.process  124 - *GB* LK-RLU3A-TOT-DATA-PROMO-ALLOW = 7977125
23:18:28.719 [main] INFO  com.cloudframe.app.process.Comput1.process  126 - *GB* LK-RLU3A-ACCT-PLAN-DATA-ALLOW = 7977125
23:18:28.719 [main] INFO  com.cloudframe.app.process.Comput1.process   76 - ___________________________________
23:18:28.719 [main] INFO  com.cloudframe.app.process.Comput1.process   78 - 292 . WS-OOSU-SHARED-ALLOW = 84420805
23:18:28.719 [main] INFO  com.cloudframe.app.process.Comput1.process   90 - *KB* LK-RLU3A-TOT-DATA-PROMO-ALLOW = 8059567
23:18:28.719 [main] INFO  com.cloudframe.app.process.Comput1.process   92 - *KB* LK-RLU3A-ACCT-PLAN-DATA-ALLOW = 8059567
23:18:28.719 [main] INFO  com.cloudframe.app.process.Comput1.process  108 - *MB* LK-RLU3A-TOT-DATA-PROMO-ALLOW = 8059647
23:18:28.719 [main] INFO  com.cloudframe.app.process.Comput1.process  110 - *MB* LK-RLU3A-ACCT-PLAN-DATA-ALLOW = 8059647
23:18:28.719 [main] INFO  com.cloudframe.app.process.Comput1.process  124 - *GB* LK-RLU3A-TOT-DATA-PROMO-ALLOW = 8059647
23:18:28.719 [main] INFO  com.cloudframe.app.process.Comput1.process  126 - *GB* LK-RLU3A-ACCT-PLAN-DATA-ALLOW = 8059647
23:18:28.719 [main] INFO  com.cloudframe.app.process.Comput1.process   76 - ___________________________________
23:18:28.719 [main] INFO  com.cloudframe.app.process.Comput1.process   78 - 293 . WS-OOSU-SHARED-ALLOW = 85001009
23:18:28.720 [main] INFO  com.cloudframe.app.process.Comput1.process   90 - *KB* LK-RLU3A-TOT-DATA-PROMO-ALLOW = 8142655
23:18:28.720 [main] INFO  com.cloudframe.app.process.Comput1.process   92 - *KB* LK-RLU3A-ACCT-PLAN-DATA-ALLOW = 8142655
23:18:28.720 [main] INFO  com.cloudframe.app.process.Comput1.process  108 - *MB* LK-RLU3A-TOT-DATA-PROMO-ALLOW = 8142736
23:18:28.720 [main] INFO  com.cloudframe.app.process.Comput1.process  110 - *MB* LK-RLU3A-ACCT-PLAN-DATA-ALLOW = 8142736
23:18:28.720 [main] INFO  com.cloudframe.app.process.Comput1.process  124 - *GB* LK-RLU3A-TOT-DATA-PROMO-ALLOW = 8142736
23:18:28.720 [main] INFO  com.cloudframe.app.process.Comput1.process  126 - *GB* LK-RLU3A-ACCT-PLAN-DATA-ALLOW = 8142736
23:18:28.720 [main] INFO  com.cloudframe.app.process.Comput1.process   76 - ___________________________________
23:18:28.720 [main] INFO  com.cloudframe.app.process.Comput1.process   78 - 294 . WS-OOSU-SHARED-ALLOW = 85583200
23:18:28.720 [main] INFO  com.cloudframe.app.process.Comput1.process   90 - *KB* LK-RLU3A-TOT-DATA-PROMO-ALLOW = 8226313
23:18:28.720 [main] INFO  com.cloudframe.app.process.Comput1.process   92 - *KB* LK-RLU3A-ACCT-PLAN-DATA-ALLOW = 8226313
23:18:28.720 [main] INFO  com.cloudframe.app.process.Comput1.process  108 - *MB* LK-RLU3A-TOT-DATA-PROMO-ALLOW = 8226394
23:18:28.720 [main] INFO  com.cloudframe.app.process.Comput1.process  110 - *MB* LK-RLU3A-ACCT-PLAN-DATA-ALLOW = 8226394
23:18:28.720 [main] INFO  com.cloudframe.app.process.Comput1.process  124 - *GB* LK-RLU3A-TOT-DATA-PROMO-ALLOW = 8226394
23:18:28.721 [main] INFO  com.cloudframe.app.process.Comput1.process  126 - *GB* LK-RLU3A-ACCT-PLAN-DATA-ALLOW = 8226394
23:18:28.721 [main] INFO  com.cloudframe.app.process.Comput1.process   76 - ___________________________________
23:18:28.721 [main] INFO  com.cloudframe.app.process.Comput1.process   78 - 295 . WS-OOSU-SHARED-ALLOW = 86167378
23:18:28.721 [main] INFO  com.cloudframe.app.process.Comput1.process   90 - *KB* LK-RLU3A-TOT-DATA-PROMO-ALLOW = 8310541
23:18:28.721 [main] INFO  com.cloudframe.app.process.Comput1.process   92 - *KB* LK-RLU3A-ACCT-PLAN-DATA-ALLOW = 8310541
23:18:28.721 [main] INFO  com.cloudframe.app.process.Comput1.process  108 - *MB* LK-RLU3A-TOT-DATA-PROMO-ALLOW = 8310623
23:18:28.721 [main] INFO  com.cloudframe.app.process.Comput1.process  110 - *MB* LK-RLU3A-ACCT-PLAN-DATA-ALLOW = 8310623
23:18:28.721 [main] INFO  com.cloudframe.app.process.Comput1.process  124 - *GB* LK-RLU3A-TOT-DATA-PROMO-ALLOW = 8310623
23:18:28.721 [main] INFO  com.cloudframe.app.process.Comput1.process  126 - *GB* LK-RLU3A-ACCT-PLAN-DATA-ALLOW = 8310623
23:18:28.721 [main] INFO  com.cloudframe.app.process.Comput1.process   76 - ___________________________________
23:18:28.721 [main] INFO  com.cloudframe.app.process.Comput1.process   78 - 296 . WS-OOSU-SHARED-ALLOW = 86753543
23:18:28.721 [main] INFO  com.cloudframe.app.process.Comput1.process   90 - *KB* LK-RLU3A-TOT-DATA-PROMO-ALLOW = 8395343
23:18:28.721 [main] INFO  com.cloudframe.app.process.Comput1.process   92 - *KB* LK-RLU3A-ACCT-PLAN-DATA-ALLOW = 8395343
23:18:28.722 [main] INFO  com.cloudframe.app.process.Comput1.process  108 - *MB* LK-RLU3A-TOT-DATA-PROMO-ALLOW = 8395425
23:18:28.722 [main] INFO  com.cloudframe.app.process.Comput1.process  110 - *MB* LK-RLU3A-ACCT-PLAN-DATA-ALLOW = 8395425
23:18:28.722 [main] INFO  com.cloudframe.app.process.Comput1.process  124 - *GB* LK-RLU3A-TOT-DATA-PROMO-ALLOW = 8395425
23:18:28.722 [main] INFO  com.cloudframe.app.process.Comput1.process  126 - *GB* LK-RLU3A-ACCT-PLAN-DATA-ALLOW = 8395425
23:18:28.722 [main] INFO  com.cloudframe.app.process.Comput1.process   76 - ___________________________________
23:18:28.722 [main] INFO  com.cloudframe.app.process.Comput1.process   78 - 297 . WS-OOSU-SHARED-ALLOW = 87341695
23:18:28.722 [main] INFO  com.cloudframe.app.process.Comput1.process   90 - *KB* LK-RLU3A-TOT-DATA-PROMO-ALLOW = 8480719
23:18:28.722 [main] INFO  com.cloudframe.app.process.Comput1.process   92 - *KB* LK-RLU3A-ACCT-PLAN-DATA-ALLOW = 8480719
23:18:28.722 [main] INFO  com.cloudframe.app.process.Comput1.process  108 - *MB* LK-RLU3A-TOT-DATA-PROMO-ALLOW = 8480802
23:18:28.722 [main] INFO  com.cloudframe.app.process.Comput1.process  110 - *MB* LK-RLU3A-ACCT-PLAN-DATA-ALLOW = 8480802
23:18:28.722 [main] INFO  com.cloudframe.app.process.Comput1.process  124 - *GB* LK-RLU3A-TOT-DATA-PROMO-ALLOW = 8480802
23:18:28.722 [main] INFO  com.cloudframe.app.process.Comput1.process  126 - *GB* LK-RLU3A-ACCT-PLAN-DATA-ALLOW = 8480802
23:18:28.723 [main] INFO  com.cloudframe.app.process.Comput1.process   76 - ___________________________________
23:18:28.723 [main] INFO  com.cloudframe.app.process.Comput1.process   78 - 298 . WS-OOSU-SHARED-ALLOW = 87931834
23:18:28.723 [main] INFO  com.cloudframe.app.process.Comput1.process   90 - *KB* LK-RLU3A-TOT-DATA-PROMO-ALLOW = 8566672
23:18:28.723 [main] INFO  com.cloudframe.app.process.Comput1.process   92 - *KB* LK-RLU3A-ACCT-PLAN-DATA-ALLOW = 8566672
23:18:28.723 [main] INFO  com.cloudframe.app.process.Comput1.process  108 - *MB* LK-RLU3A-TOT-DATA-PROMO-ALLOW = 8566755
23:18:28.723 [main] INFO  com.cloudframe.app.process.Comput1.process  110 - *MB* LK-RLU3A-ACCT-PLAN-DATA-ALLOW = 8566755
23:18:28.723 [main] INFO  com.cloudframe.app.process.Comput1.process  124 - *GB* LK-RLU3A-TOT-DATA-PROMO-ALLOW = 8566755
23:18:28.723 [main] INFO  com.cloudframe.app.process.Comput1.process  126 - *GB* LK-RLU3A-ACCT-PLAN-DATA-ALLOW = 8566755
23:18:28.723 [main] INFO  com.cloudframe.app.process.Comput1.process   76 - ___________________________________
23:18:28.723 [main] INFO  com.cloudframe.app.process.Comput1.process   78 - 299 . WS-OOSU-SHARED-ALLOW = 88523960
23:18:28.723 [main] INFO  com.cloudframe.app.process.Comput1.process   90 - *KB* LK-RLU3A-TOT-DATA-PROMO-ALLOW = 8653204
23:18:28.723 [main] INFO  com.cloudframe.app.process.Comput1.process   92 - *KB* LK-RLU3A-ACCT-PLAN-DATA-ALLOW = 8653204
23:18:28.723 [main] INFO  com.cloudframe.app.process.Comput1.process  108 - *MB* LK-RLU3A-TOT-DATA-PROMO-ALLOW = 8653288
23:18:28.724 [main] INFO  com.cloudframe.app.process.Comput1.process  110 - *MB* LK-RLU3A-ACCT-PLAN-DATA-ALLOW = 8653288
23:18:28.724 [main] INFO  com.cloudframe.app.process.Comput1.process  124 - *GB* LK-RLU3A-TOT-DATA-PROMO-ALLOW = 8653288
23:18:28.724 [main] INFO  com.cloudframe.app.process.Comput1.process  126 - *GB* LK-RLU3A-ACCT-PLAN-DATA-ALLOW = 8653288
23:18:28.724 [main] INFO  com.cloudframe.app.process.Comput1.process   76 - ___________________________________
23:18:28.724 [main] INFO  com.cloudframe.app.process.Comput1.process   78 - 300 . WS-OOSU-SHARED-ALLOW = 89118073
23:18:28.724 [main] INFO  com.cloudframe.app.process.Comput1.process   90 - *KB* LK-RLU3A-TOT-DATA-PROMO-ALLOW = 8740317
23:18:28.724 [main] INFO  com.cloudframe.app.process.Comput1.process   92 - *KB* LK-RLU3A-ACCT-PLAN-DATA-ALLOW = 8740317
23:18:28.724 [main] INFO  com.cloudframe.app.process.Comput1.process  108 - *MB* LK-RLU3A-TOT-DATA-PROMO-ALLOW = 8740401
23:18:28.724 [main] INFO  com.cloudframe.app.process.Comput1.process  110 - *MB* LK-RLU3A-ACCT-PLAN-DATA-ALLOW = 8740401
23:18:28.725 [main] INFO  com.cloudframe.app.process.Comput1.process  124 - *GB* LK-RLU3A-TOT-DATA-PROMO-ALLOW = 8740401
23:18:28.725 [main] INFO  com.cloudframe.app.process.Comput1.process  126 - *GB* LK-RLU3A-ACCT-PLAN-DATA-ALLOW = 8740401
23:18:28.725 [main] INFO  com.cloudframe.app.process.Comput1.process   76 - ___________________________________
23:18:28.725 [main] INFO  com.cloudframe.app.process.Comput1.process   78 - 301 . WS-OOSU-SHARED-ALLOW = 89714173
23:18:28.725 [main] INFO  com.cloudframe.app.process.Comput1.process   90 - *KB* LK-RLU3A-TOT-DATA-PROMO-ALLOW = 8828012
23:18:28.725 [main] INFO  com.cloudframe.app.process.Comput1.process   92 - *KB* LK-RLU3A-ACCT-PLAN-DATA-ALLOW = 8828012
23:18:28.725 [main] INFO  com.cloudframe.app.process.Comput1.process  108 - *MB* LK-RLU3A-TOT-DATA-PROMO-ALLOW = 8828097
23:18:28.726 [main] INFO  com.cloudframe.app.process.Comput1.process  110 - *MB* LK-RLU3A-ACCT-PLAN-DATA-ALLOW = 8828097
23:18:28.726 [main] INFO  com.cloudframe.app.process.Comput1.process  124 - *GB* LK-RLU3A-TOT-DATA-PROMO-ALLOW = 8828097
23:18:28.726 [main] INFO  com.cloudframe.app.process.Comput1.process  126 - *GB* LK-RLU3A-ACCT-PLAN-DATA-ALLOW = 8828097
23:18:28.726 [main] INFO  com.cloudframe.app.process.Comput1.process   76 - ___________________________________
23:18:28.726 [main] INFO  com.cloudframe.app.process.Comput1.process   78 - 302 . WS-OOSU-SHARED-ALLOW = 90312260
23:18:28.726 [main] INFO  com.cloudframe.app.process.Comput1.process   90 - *KB* LK-RLU3A-TOT-DATA-PROMO-ALLOW = 8916292
23:18:28.726 [main] INFO  com.cloudframe.app.process.Comput1.process   92 - *KB* LK-RLU3A-ACCT-PLAN-DATA-ALLOW = 8916292
23:18:28.726 [main] INFO  com.cloudframe.app.process.Comput1.process  108 - *MB* LK-RLU3A-TOT-DATA-PROMO-ALLOW = 8916378
23:18:28.727 [main] INFO  com.cloudframe.app.process.Comput1.process  110 - *MB* LK-RLU3A-ACCT-PLAN-DATA-ALLOW = 8916378
23:18:28.727 [main] INFO  com.cloudframe.app.process.Comput1.process  124 - *GB* LK-RLU3A-TOT-DATA-PROMO-ALLOW = 8916378
23:18:28.727 [main] INFO  com.cloudframe.app.process.Comput1.process  126 - *GB* LK-RLU3A-ACCT-PLAN-DATA-ALLOW = 8916378
23:18:28.727 [main] INFO  com.cloudframe.app.process.Comput1.process   76 - ___________________________________
23:18:28.727 [main] INFO  com.cloudframe.app.process.Comput1.process   78 - 303 . WS-OOSU-SHARED-ALLOW = 90912334
23:18:28.727 [main] INFO  com.cloudframe.app.process.Comput1.process   90 - *KB* LK-RLU3A-TOT-DATA-PROMO-ALLOW = 9005159
23:18:28.727 [main] INFO  com.cloudframe.app.process.Comput1.process   92 - *KB* LK-RLU3A-ACCT-PLAN-DATA-ALLOW = 9005159
23:18:28.728 [main] INFO  com.cloudframe.app.process.Comput1.process  108 - *MB* LK-RLU3A-TOT-DATA-PROMO-ALLOW = 9005245
23:18:28.728 [main] INFO  com.cloudframe.app.process.Comput1.process  110 - *MB* LK-RLU3A-ACCT-PLAN-DATA-ALLOW = 9005245
23:18:28.728 [main] INFO  com.cloudframe.app.process.Comput1.process  124 - *GB* LK-RLU3A-TOT-DATA-PROMO-ALLOW = 9005245
23:18:28.728 [main] INFO  com.cloudframe.app.process.Comput1.process  126 - *GB* LK-RLU3A-ACCT-PLAN-DATA-ALLOW = 9005245
23:18:28.728 [main] INFO  com.cloudframe.app.process.Comput1.process   76 - ___________________________________
23:18:28.728 [main] INFO  com.cloudframe.app.process.Comput1.process   78 - 304 . WS-OOSU-SHARED-ALLOW = 91514395
23:18:28.728 [main] INFO  com.cloudframe.app.process.Comput1.process   90 - *KB* LK-RLU3A-TOT-DATA-PROMO-ALLOW = 9094614
23:18:28.728 [main] INFO  com.cloudframe.app.process.Comput1.process   92 - *KB* LK-RLU3A-ACCT-PLAN-DATA-ALLOW = 9094614
23:18:28.729 [main] INFO  com.cloudframe.app.process.Comput1.process  108 - *MB* LK-RLU3A-TOT-DATA-PROMO-ALLOW = 9094701
23:18:28.729 [main] INFO  com.cloudframe.app.process.Comput1.process  110 - *MB* LK-RLU3A-ACCT-PLAN-DATA-ALLOW = 9094701
23:18:28.729 [main] INFO  com.cloudframe.app.process.Comput1.process  124 - *GB* LK-RLU3A-TOT-DATA-PROMO-ALLOW = 9094701
23:18:28.729 [main] INFO  com.cloudframe.app.process.Comput1.process  126 - *GB* LK-RLU3A-ACCT-PLAN-DATA-ALLOW = 9094701
23:18:28.729 [main] INFO  com.cloudframe.app.process.Comput1.process   76 - ___________________________________
23:18:28.729 [main] INFO  com.cloudframe.app.process.Comput1.process   78 - 305 . WS-OOSU-SHARED-ALLOW = 92118443
23:18:28.729 [main] INFO  com.cloudframe.app.process.Comput1.process   90 - *KB* LK-RLU3A-TOT-DATA-PROMO-ALLOW = 9184660
23:18:28.729 [main] INFO  com.cloudframe.app.process.Comput1.process   92 - *KB* LK-RLU3A-ACCT-PLAN-DATA-ALLOW = 9184660
23:18:28.730 [main] INFO  com.cloudframe.app.process.Comput1.process  108 - *MB* LK-RLU3A-TOT-DATA-PROMO-ALLOW = 9184747
23:18:28.730 [main] INFO  com.cloudframe.app.process.Comput1.process  110 - *MB* LK-RLU3A-ACCT-PLAN-DATA-ALLOW = 9184747
23:18:28.730 [main] INFO  com.cloudframe.app.process.Comput1.process  124 - *GB* LK-RLU3A-TOT-DATA-PROMO-ALLOW = 9184747
23:18:28.730 [main] INFO  com.cloudframe.app.process.Comput1.process  126 - *GB* LK-RLU3A-ACCT-PLAN-DATA-ALLOW = 9184747
23:18:28.730 [main] INFO  com.cloudframe.app.process.Comput1.process   76 - ___________________________________
23:18:28.730 [main] INFO  com.cloudframe.app.process.Comput1.process   78 - 306 . WS-OOSU-SHARED-ALLOW = 92724478
23:18:28.731 [main] INFO  com.cloudframe.app.process.Comput1.process   90 - *KB* LK-RLU3A-TOT-DATA-PROMO-ALLOW = 9275298
23:18:28.731 [main] INFO  com.cloudframe.app.process.Comput1.process   92 - *KB* LK-RLU3A-ACCT-PLAN-DATA-ALLOW = 9275298
23:18:28.731 [main] INFO  com.cloudframe.app.process.Comput1.process  108 - *MB* LK-RLU3A-TOT-DATA-PROMO-ALLOW = 9275386
23:18:28.731 [main] INFO  com.cloudframe.app.process.Comput1.process  110 - *MB* LK-RLU3A-ACCT-PLAN-DATA-ALLOW = 9275386
23:18:28.731 [main] INFO  com.cloudframe.app.process.Comput1.process  124 - *GB* LK-RLU3A-TOT-DATA-PROMO-ALLOW = 9275386
23:18:28.731 [main] INFO  com.cloudframe.app.process.Comput1.process  126 - *GB* LK-RLU3A-ACCT-PLAN-DATA-ALLOW = 9275386
23:18:28.731 [main] INFO  com.cloudframe.app.process.Comput1.process   76 - ___________________________________
23:18:28.731 [main] INFO  com.cloudframe.app.process.Comput1.process   78 - 307 . WS-OOSU-SHARED-ALLOW = 93332500
23:18:28.732 [main] INFO  com.cloudframe.app.process.Comput1.process   90 - *KB* LK-RLU3A-TOT-DATA-PROMO-ALLOW = 9366531
23:18:28.732 [main] INFO  com.cloudframe.app.process.Comput1.process   92 - *KB* LK-RLU3A-ACCT-PLAN-DATA-ALLOW = 9366531
23:18:28.732 [main] INFO  com.cloudframe.app.process.Comput1.process  108 - *MB* LK-RLU3A-TOT-DATA-PROMO-ALLOW = 9366620
23:18:28.732 [main] INFO  com.cloudframe.app.process.Comput1.process  110 - *MB* LK-RLU3A-ACCT-PLAN-DATA-ALLOW = 9366620
23:18:28.732 [main] INFO  com.cloudframe.app.process.Comput1.process  124 - *GB* LK-RLU3A-TOT-DATA-PROMO-ALLOW = 9366620
23:18:28.732 [main] INFO  com.cloudframe.app.process.Comput1.process  126 - *GB* LK-RLU3A-ACCT-PLAN-DATA-ALLOW = 9366620
23:18:28.732 [main] INFO  com.cloudframe.app.process.Comput1.process   76 - ___________________________________
23:18:28.732 [main] INFO  com.cloudframe.app.process.Comput1.process   78 - 308 . WS-OOSU-SHARED-ALLOW = 93942509
23:18:28.733 [main] INFO  com.cloudframe.app.process.Comput1.process   90 - *KB* LK-RLU3A-TOT-DATA-PROMO-ALLOW = 9458360
23:18:28.733 [main] INFO  com.cloudframe.app.process.Comput1.process   92 - *KB* LK-RLU3A-ACCT-PLAN-DATA-ALLOW = 9458360
23:18:28.733 [main] INFO  com.cloudframe.app.process.Comput1.process  108 - *MB* LK-RLU3A-TOT-DATA-PROMO-ALLOW = 9458449
23:18:28.733 [main] INFO  com.cloudframe.app.process.Comput1.process  110 - *MB* LK-RLU3A-ACCT-PLAN-DATA-ALLOW = 9458449
23:18:28.733 [main] INFO  com.cloudframe.app.process.Comput1.process  124 - *GB* LK-RLU3A-TOT-DATA-PROMO-ALLOW = 9458449
23:18:28.733 [main] INFO  com.cloudframe.app.process.Comput1.process  126 - *GB* LK-RLU3A-ACCT-PLAN-DATA-ALLOW = 9458449
23:18:28.733 [main] INFO  com.cloudframe.app.process.Comput1.process   76 - ___________________________________
23:18:28.733 [main] INFO  com.cloudframe.app.process.Comput1.process   78 - 309 . WS-OOSU-SHARED-ALLOW = 94554505
23:18:28.734 [main] INFO  com.cloudframe.app.process.Comput1.process   90 - *KB* LK-RLU3A-TOT-DATA-PROMO-ALLOW = 9550787
23:18:28.734 [main] INFO  com.cloudframe.app.process.Comput1.process   92 - *KB* LK-RLU3A-ACCT-PLAN-DATA-ALLOW = 9550787
23:18:28.734 [main] INFO  com.cloudframe.app.process.Comput1.process  108 - *MB* LK-RLU3A-TOT-DATA-PROMO-ALLOW = 9550877
23:18:28.734 [main] INFO  com.cloudframe.app.process.Comput1.process  110 - *MB* LK-RLU3A-ACCT-PLAN-DATA-ALLOW = 9550877
23:18:28.734 [main] INFO  com.cloudframe.app.process.Comput1.process  124 - *GB* LK-RLU3A-TOT-DATA-PROMO-ALLOW = 9550877
23:18:28.734 [main] INFO  com.cloudframe.app.process.Comput1.process  126 - *GB* LK-RLU3A-ACCT-PLAN-DATA-ALLOW = 9550877
23:18:28.734 [main] INFO  com.cloudframe.app.process.Comput1.process   76 - ___________________________________
23:18:28.734 [main] INFO  com.cloudframe.app.process.Comput1.process   78 - 310 . WS-OOSU-SHARED-ALLOW = 95168488
23:18:28.735 [main] INFO  com.cloudframe.app.process.Comput1.process   90 - *KB* LK-RLU3A-TOT-DATA-PROMO-ALLOW = 9643814
23:18:28.735 [main] INFO  com.cloudframe.app.process.Comput1.process   92 - *KB* LK-RLU3A-ACCT-PLAN-DATA-ALLOW = 9643814
23:18:28.735 [main] INFO  com.cloudframe.app.process.Comput1.process  108 - *MB* LK-RLU3A-TOT-DATA-PROMO-ALLOW = 9643904
23:18:28.735 [main] INFO  com.cloudframe.app.process.Comput1.process  110 - *MB* LK-RLU3A-ACCT-PLAN-DATA-ALLOW = 9643904
23:18:28.735 [main] INFO  com.cloudframe.app.process.Comput1.process  124 - *GB* LK-RLU3A-TOT-DATA-PROMO-ALLOW = 9643904
23:18:28.735 [main] INFO  com.cloudframe.app.process.Comput1.process  126 - *GB* LK-RLU3A-ACCT-PLAN-DATA-ALLOW = 9643904
23:18:28.735 [main] INFO  com.cloudframe.app.process.Comput1.process   76 - ___________________________________
23:18:28.736 [main] INFO  com.cloudframe.app.process.Comput1.process   78 - 311 . WS-OOSU-SHARED-ALLOW = 95784458
23:18:28.736 [main] INFO  com.cloudframe.app.process.Comput1.process   90 - *KB* LK-RLU3A-TOT-DATA-PROMO-ALLOW = 9737443
23:18:28.736 [main] INFO  com.cloudframe.app.process.Comput1.process   92 - *KB* LK-RLU3A-ACCT-PLAN-DATA-ALLOW = 9737443
23:18:28.736 [main] INFO  com.cloudframe.app.process.Comput1.process  108 - *MB* LK-RLU3A-TOT-DATA-PROMO-ALLOW = 9737534
23:18:28.736 [main] INFO  com.cloudframe.app.process.Comput1.process  110 - *MB* LK-RLU3A-ACCT-PLAN-DATA-ALLOW = 9737534
23:18:28.736 [main] INFO  com.cloudframe.app.process.Comput1.process  124 - *GB* LK-RLU3A-TOT-DATA-PROMO-ALLOW = 9737534
23:18:28.736 [main] INFO  com.cloudframe.app.process.Comput1.process  126 - *GB* LK-RLU3A-ACCT-PLAN-DATA-ALLOW = 9737534
23:18:28.736 [main] INFO  com.cloudframe.app.process.Comput1.process   76 - ___________________________________
23:18:28.737 [main] INFO  com.cloudframe.app.process.Comput1.process   78 - 312 . WS-OOSU-SHARED-ALLOW = 96402415
23:18:28.737 [main] INFO  com.cloudframe.app.process.Comput1.process   90 - *KB* LK-RLU3A-TOT-DATA-PROMO-ALLOW = 9831676
23:18:28.737 [main] INFO  com.cloudframe.app.process.Comput1.process   92 - *KB* LK-RLU3A-ACCT-PLAN-DATA-ALLOW = 9831676
23:18:28.737 [main] INFO  com.cloudframe.app.process.Comput1.process  108 - *MB* LK-RLU3A-TOT-DATA-PROMO-ALLOW = 9831767
23:18:28.737 [main] INFO  com.cloudframe.app.process.Comput1.process  110 - *MB* LK-RLU3A-ACCT-PLAN-DATA-ALLOW = 9831767
23:18:28.737 [main] INFO  com.cloudframe.app.process.Comput1.process  124 - *GB* LK-RLU3A-TOT-DATA-PROMO-ALLOW = 9831767
23:18:28.737 [main] INFO  com.cloudframe.app.process.Comput1.process  126 - *GB* LK-RLU3A-ACCT-PLAN-DATA-ALLOW = 9831767
23:18:28.737 [main] INFO  com.cloudframe.app.process.Comput1.process   76 - ___________________________________
23:18:28.738 [main] INFO  com.cloudframe.app.process.Comput1.process   78 - 313 . WS-OOSU-SHARED-ALLOW = 97022359
23:18:28.738 [main] INFO  com.cloudframe.app.process.Comput1.process   90 - *KB* LK-RLU3A-TOT-DATA-PROMO-ALLOW = 9926515
23:18:28.738 [main] INFO  com.cloudframe.app.process.Comput1.process   92 - *KB* LK-RLU3A-ACCT-PLAN-DATA-ALLOW = 9926515
23:18:28.738 [main] INFO  com.cloudframe.app.process.Comput1.process  108 - *MB* LK-RLU3A-TOT-DATA-PROMO-ALLOW = 9926607
23:18:28.738 [main] INFO  com.cloudframe.app.process.Comput1.process  110 - *MB* LK-RLU3A-ACCT-PLAN-DATA-ALLOW = 9926607
23:18:28.739 [main] INFO  com.cloudframe.app.process.Comput1.process  124 - *GB* LK-RLU3A-TOT-DATA-PROMO-ALLOW = 9926607
23:18:28.739 [main] INFO  com.cloudframe.app.process.Comput1.process  126 - *GB* LK-RLU3A-ACCT-PLAN-DATA-ALLOW = 9926607
23:18:28.739 [main] INFO  com.cloudframe.app.process.Comput1.process   76 - ___________________________________
23:18:28.739 [main] INFO  com.cloudframe.app.process.Comput1.process   78 - 314 . WS-OOSU-SHARED-ALLOW = 97644290
23:18:28.739 [main] INFO  com.cloudframe.app.process.Comput1.process   90 - *KB* LK-RLU3A-TOT-DATA-PROMO-ALLOW = 10021962
23:18:28.739 [main] INFO  com.cloudframe.app.process.Comput1.process   92 - *KB* LK-RLU3A-ACCT-PLAN-DATA-ALLOW = 10021962
23:18:28.739 [main] INFO  com.cloudframe.app.process.Comput1.process  108 - *MB* LK-RLU3A-TOT-DATA-PROMO-ALLOW = 10022055
23:18:28.739 [main] INFO  com.cloudframe.app.process.Comput1.process  110 - *MB* LK-RLU3A-ACCT-PLAN-DATA-ALLOW = 10022055
23:18:28.740 [main] INFO  com.cloudframe.app.process.Comput1.process  124 - *GB* LK-RLU3A-TOT-DATA-PROMO-ALLOW = 10022055
23:18:28.740 [main] INFO  com.cloudframe.app.process.Comput1.process  126 - *GB* LK-RLU3A-ACCT-PLAN-DATA-ALLOW = 10022055
23:18:28.740 [main] INFO  com.cloudframe.app.process.Comput1.process   76 - ___________________________________
23:18:28.740 [main] INFO  com.cloudframe.app.process.Comput1.process   78 - 315 . WS-OOSU-SHARED-ALLOW = 98268208
23:18:28.740 [main] INFO  com.cloudframe.app.process.Comput1.process   90 - *KB* LK-RLU3A-TOT-DATA-PROMO-ALLOW = 10118020
23:18:28.740 [main] INFO  com.cloudframe.app.process.Comput1.process   92 - *KB* LK-RLU3A-ACCT-PLAN-DATA-ALLOW = 10118020
23:18:28.740 [main] INFO  com.cloudframe.app.process.Comput1.process  108 - *MB* LK-RLU3A-TOT-DATA-PROMO-ALLOW = 10118113
23:18:28.740 [main] INFO  com.cloudframe.app.process.Comput1.process  110 - *MB* LK-RLU3A-ACCT-PLAN-DATA-ALLOW = 10118113
23:18:28.741 [main] INFO  com.cloudframe.app.process.Comput1.process  124 - *GB* LK-RLU3A-TOT-DATA-PROMO-ALLOW = 10118113
23:18:28.741 [main] INFO  com.cloudframe.app.process.Comput1.process  126 - *GB* LK-RLU3A-ACCT-PLAN-DATA-ALLOW = 10118113
23:18:28.741 [main] INFO  com.cloudframe.app.process.Comput1.process   76 - ___________________________________
23:18:28.741 [main] INFO  com.cloudframe.app.process.Comput1.process   78 - 316 . WS-OOSU-SHARED-ALLOW = 98894113
23:18:28.741 [main] INFO  com.cloudframe.app.process.Comput1.process   90 - *KB* LK-RLU3A-TOT-DATA-PROMO-ALLOW = 10214689
23:18:28.741 [main] INFO  com.cloudframe.app.process.Comput1.process   92 - *KB* LK-RLU3A-ACCT-PLAN-DATA-ALLOW = 10214689
23:18:28.742 [main] INFO  com.cloudframe.app.process.Comput1.process  108 - *MB* LK-RLU3A-TOT-DATA-PROMO-ALLOW = 10214783
23:18:28.742 [main] INFO  com.cloudframe.app.process.Comput1.process  110 - *MB* LK-RLU3A-ACCT-PLAN-DATA-ALLOW = 10214783
23:18:28.742 [main] INFO  com.cloudframe.app.process.Comput1.process  124 - *GB* LK-RLU3A-TOT-DATA-PROMO-ALLOW = 10214783
23:18:28.742 [main] INFO  com.cloudframe.app.process.Comput1.process  126 - *GB* LK-RLU3A-ACCT-PLAN-DATA-ALLOW = 10214783
23:18:28.742 [main] INFO  com.cloudframe.app.process.Comput1.process   76 - ___________________________________
23:18:28.742 [main] INFO  com.cloudframe.app.process.Comput1.process   78 - 317 . WS-OOSU-SHARED-ALLOW = 99522005
23:18:28.742 [main] INFO  com.cloudframe.app.process.Comput1.process   90 - *KB* LK-RLU3A-TOT-DATA-PROMO-ALLOW = 10311972
23:18:28.742 [main] INFO  com.cloudframe.app.process.Comput1.process   92 - *KB* LK-RLU3A-ACCT-PLAN-DATA-ALLOW = 10311972
23:18:28.743 [main] INFO  com.cloudframe.app.process.Comput1.process  108 - *MB* LK-RLU3A-TOT-DATA-PROMO-ALLOW = 10312066
23:18:28.743 [main] INFO  com.cloudframe.app.process.Comput1.process  110 - *MB* LK-RLU3A-ACCT-PLAN-DATA-ALLOW = 10312066
23:18:28.743 [main] INFO  com.cloudframe.app.process.Comput1.process  124 - *GB* LK-RLU3A-TOT-DATA-PROMO-ALLOW = 10312066
23:18:28.743 [main] INFO  com.cloudframe.app.process.Comput1.process  126 - *GB* LK-RLU3A-ACCT-PLAN-DATA-ALLOW = 10312066
23:18:28.743 [main] INFO  com.cloudframe.app.process.Comput1.process   76 - ___________________________________
23:18:28.743 [main] INFO  com.cloudframe.app.process.Comput1.process   78 - 318 . WS-OOSU-SHARED-ALLOW = 100151884
23:18:28.743 [main] INFO  com.cloudframe.app.process.Comput1.process   90 - *KB* LK-RLU3A-TOT-DATA-PROMO-ALLOW = 10409870
23:18:28.743 [main] INFO  com.cloudframe.app.process.Comput1.process   92 - *KB* LK-RLU3A-ACCT-PLAN-DATA-ALLOW = 10409870
23:18:28.744 [main] INFO  com.cloudframe.app.process.Comput1.process  108 - *MB* LK-RLU3A-TOT-DATA-PROMO-ALLOW = 10409965
23:18:28.744 [main] INFO  com.cloudframe.app.process.Comput1.process  110 - *MB* LK-RLU3A-ACCT-PLAN-DATA-ALLOW = 10409965
23:18:28.744 [main] INFO  com.cloudframe.app.process.Comput1.process  124 - *GB* LK-RLU3A-TOT-DATA-PROMO-ALLOW = 10409965
23:18:28.744 [main] INFO  com.cloudframe.app.process.Comput1.process  126 - *GB* LK-RLU3A-ACCT-PLAN-DATA-ALLOW = 10409965
23:18:28.744 [main] INFO  com.cloudframe.app.process.Comput1.process   76 - ___________________________________
23:18:28.744 [main] INFO  com.cloudframe.app.process.Comput1.process   78 - 319 . WS-OOSU-SHARED-ALLOW = 100783750
23:18:28.744 [main] INFO  com.cloudframe.app.process.Comput1.process   90 - *KB* LK-RLU3A-TOT-DATA-PROMO-ALLOW = 10508386
23:18:28.744 [main] INFO  com.cloudframe.app.process.Comput1.process   92 - *KB* LK-RLU3A-ACCT-PLAN-DATA-ALLOW = 10508386
23:18:28.745 [main] INFO  com.cloudframe.app.process.Comput1.process  108 - *MB* LK-RLU3A-TOT-DATA-PROMO-ALLOW = 10508482
23:18:28.745 [main] INFO  com.cloudframe.app.process.Comput1.process  110 - *MB* LK-RLU3A-ACCT-PLAN-DATA-ALLOW = 10508482
23:18:28.745 [main] INFO  com.cloudframe.app.process.Comput1.process  124 - *GB* LK-RLU3A-TOT-DATA-PROMO-ALLOW = 10508482
23:18:28.745 [main] INFO  com.cloudframe.app.process.Comput1.process  126 - *GB* LK-RLU3A-ACCT-PLAN-DATA-ALLOW = 10508482
23:18:28.745 [main] INFO  com.cloudframe.app.process.Comput1.process   76 - ___________________________________
23:18:28.745 [main] INFO  com.cloudframe.app.process.Comput1.process   78 - 320 . WS-OOSU-SHARED-ALLOW = 101417603
23:18:28.745 [main] INFO  com.cloudframe.app.process.Comput1.process   90 - *KB* LK-RLU3A-TOT-DATA-PROMO-ALLOW = 10607522
23:18:28.745 [main] INFO  com.cloudframe.app.process.Comput1.process   92 - *KB* LK-RLU3A-ACCT-PLAN-DATA-ALLOW = 10607522
23:18:28.746 [main] INFO  com.cloudframe.app.process.Comput1.process  108 - *MB* LK-RLU3A-TOT-DATA-PROMO-ALLOW = 10607618
23:18:28.746 [main] INFO  com.cloudframe.app.process.Comput1.process  110 - *MB* LK-RLU3A-ACCT-PLAN-DATA-ALLOW = 10607618
23:18:28.746 [main] INFO  com.cloudframe.app.process.Comput1.process  124 - *GB* LK-RLU3A-TOT-DATA-PROMO-ALLOW = 10607618
23:18:28.746 [main] INFO  com.cloudframe.app.process.Comput1.process  126 - *GB* LK-RLU3A-ACCT-PLAN-DATA-ALLOW = 10607618
23:18:28.746 [main] INFO  com.cloudframe.app.process.Comput1.process   76 - ___________________________________
23:18:28.746 [main] INFO  com.cloudframe.app.process.Comput1.process   78 - 321 . WS-OOSU-SHARED-ALLOW = 102053443
23:18:28.746 [main] INFO  com.cloudframe.app.process.Comput1.process   90 - *KB* LK-RLU3A-TOT-DATA-PROMO-ALLOW = 10707279
23:18:28.747 [main] INFO  com.cloudframe.app.process.Comput1.process   92 - *KB* LK-RLU3A-ACCT-PLAN-DATA-ALLOW = 10707279
23:18:28.747 [main] INFO  com.cloudframe.app.process.Comput1.process  108 - *MB* LK-RLU3A-TOT-DATA-PROMO-ALLOW = 10707376
23:18:28.747 [main] INFO  com.cloudframe.app.process.Comput1.process  110 - *MB* LK-RLU3A-ACCT-PLAN-DATA-ALLOW = 10707376
23:18:28.747 [main] INFO  com.cloudframe.app.process.Comput1.process  124 - *GB* LK-RLU3A-TOT-DATA-PROMO-ALLOW = 10707376
23:18:28.747 [main] INFO  com.cloudframe.app.process.Comput1.process  126 - *GB* LK-RLU3A-ACCT-PLAN-DATA-ALLOW = 10707376
23:18:28.747 [main] INFO  com.cloudframe.app.process.Comput1.process   76 - ___________________________________
23:18:28.747 [main] INFO  com.cloudframe.app.process.Comput1.process   78 - 322 . WS-OOSU-SHARED-ALLOW = 102691270
23:18:28.747 [main] INFO  com.cloudframe.app.process.Comput1.process   90 - *KB* LK-RLU3A-TOT-DATA-PROMO-ALLOW = 10807660
23:18:28.748 [main] INFO  com.cloudframe.app.process.Comput1.process   92 - *KB* LK-RLU3A-ACCT-PLAN-DATA-ALLOW = 10807660
23:18:28.748 [main] INFO  com.cloudframe.app.process.Comput1.process  108 - *MB* LK-RLU3A-TOT-DATA-PROMO-ALLOW = 10807757
23:18:28.748 [main] INFO  com.cloudframe.app.process.Comput1.process  110 - *MB* LK-RLU3A-ACCT-PLAN-DATA-ALLOW = 10807757
23:18:28.748 [main] INFO  com.cloudframe.app.process.Comput1.process  124 - *GB* LK-RLU3A-TOT-DATA-PROMO-ALLOW = 10807757
23:18:28.748 [main] INFO  com.cloudframe.app.process.Comput1.process  126 - *GB* LK-RLU3A-ACCT-PLAN-DATA-ALLOW = 10807757
23:18:28.748 [main] INFO  com.cloudframe.app.process.Comput1.process   76 - ___________________________________
23:18:28.748 [main] INFO  com.cloudframe.app.process.Comput1.process   78 - 323 . WS-OOSU-SHARED-ALLOW = 103331084
23:18:28.748 [main] INFO  com.cloudframe.app.process.Comput1.process   90 - *KB* LK-RLU3A-TOT-DATA-PROMO-ALLOW = 10908666
23:18:28.749 [main] INFO  com.cloudframe.app.process.Comput1.process   92 - *KB* LK-RLU3A-ACCT-PLAN-DATA-ALLOW = 10908666
23:18:28.749 [main] INFO  com.cloudframe.app.process.Comput1.process  108 - *MB* LK-RLU3A-TOT-DATA-PROMO-ALLOW = 10908764
23:18:28.749 [main] INFO  com.cloudframe.app.process.Comput1.process  110 - *MB* LK-RLU3A-ACCT-PLAN-DATA-ALLOW = 10908764
23:18:28.749 [main] INFO  com.cloudframe.app.process.Comput1.process  124 - *GB* LK-RLU3A-TOT-DATA-PROMO-ALLOW = 10908764
23:18:28.749 [main] INFO  com.cloudframe.app.process.Comput1.process  126 - *GB* LK-RLU3A-ACCT-PLAN-DATA-ALLOW = 10908764
23:18:28.749 [main] INFO  com.cloudframe.app.process.Comput1.process   76 - ___________________________________
23:18:28.749 [main] INFO  com.cloudframe.app.process.Comput1.process   78 - 324 . WS-OOSU-SHARED-ALLOW = 103972885
23:18:28.749 [main] INFO  com.cloudframe.app.process.Comput1.process   90 - *KB* LK-RLU3A-TOT-DATA-PROMO-ALLOW = 11010300
23:18:28.750 [main] INFO  com.cloudframe.app.process.Comput1.process   92 - *KB* LK-RLU3A-ACCT-PLAN-DATA-ALLOW = 11010300
23:18:28.750 [main] INFO  com.cloudframe.app.process.Comput1.process  108 - *MB* LK-RLU3A-TOT-DATA-PROMO-ALLOW = 11010399
23:18:28.750 [main] INFO  com.cloudframe.app.process.Comput1.process  110 - *MB* LK-RLU3A-ACCT-PLAN-DATA-ALLOW = 11010399
23:18:28.750 [main] INFO  com.cloudframe.app.process.Comput1.process  124 - *GB* LK-RLU3A-TOT-DATA-PROMO-ALLOW = 11010399
23:18:28.750 [main] INFO  com.cloudframe.app.process.Comput1.process  126 - *GB* LK-RLU3A-ACCT-PLAN-DATA-ALLOW = 11010399
23:18:28.750 [main] INFO  com.cloudframe.app.process.Comput1.process   76 - ___________________________________
23:18:28.750 [main] INFO  com.cloudframe.app.process.Comput1.process   78 - 325 . WS-OOSU-SHARED-ALLOW = 104616673
23:18:28.750 [main] INFO  com.cloudframe.app.process.Comput1.process   90 - *KB* LK-RLU3A-TOT-DATA-PROMO-ALLOW = 11112563
23:18:28.751 [main] INFO  com.cloudframe.app.process.Comput1.process   92 - *KB* LK-RLU3A-ACCT-PLAN-DATA-ALLOW = 11112563
23:18:28.751 [main] INFO  com.cloudframe.app.process.Comput1.process  108 - *MB* LK-RLU3A-TOT-DATA-PROMO-ALLOW = 11112662
23:18:28.751 [main] INFO  com.cloudframe.app.process.Comput1.process  110 - *MB* LK-RLU3A-ACCT-PLAN-DATA-ALLOW = 11112662
23:18:28.751 [main] INFO  com.cloudframe.app.process.Comput1.process  124 - *GB* LK-RLU3A-TOT-DATA-PROMO-ALLOW = 11112662
23:18:28.751 [main] INFO  com.cloudframe.app.process.Comput1.process  126 - *GB* LK-RLU3A-ACCT-PLAN-DATA-ALLOW = 11112662
23:18:28.751 [main] INFO  com.cloudframe.app.process.Comput1.process   76 - ___________________________________
23:18:28.751 [main] INFO  com.cloudframe.app.process.Comput1.process   78 - 326 . WS-OOSU-SHARED-ALLOW = 105262448
23:18:28.752 [main] INFO  com.cloudframe.app.process.Comput1.process   90 - *KB* LK-RLU3A-TOT-DATA-PROMO-ALLOW = 11215457
23:18:28.752 [main] INFO  com.cloudframe.app.process.Comput1.process   92 - *KB* LK-RLU3A-ACCT-PLAN-DATA-ALLOW = 11215457
23:18:28.752 [main] INFO  com.cloudframe.app.process.Comput1.process  108 - *MB* LK-RLU3A-TOT-DATA-PROMO-ALLOW = 11215557
23:18:28.752 [main] INFO  com.cloudframe.app.process.Comput1.process  110 - *MB* LK-RLU3A-ACCT-PLAN-DATA-ALLOW = 11215557
23:18:28.752 [main] INFO  com.cloudframe.app.process.Comput1.process  124 - *GB* LK-RLU3A-TOT-DATA-PROMO-ALLOW = 11215557
23:18:28.752 [main] INFO  com.cloudframe.app.process.Comput1.process  126 - *GB* LK-RLU3A-ACCT-PLAN-DATA-ALLOW = 11215557
23:18:28.752 [main] INFO  com.cloudframe.app.process.Comput1.process   76 - ___________________________________
23:18:28.752 [main] INFO  com.cloudframe.app.process.Comput1.process   78 - 327 . WS-OOSU-SHARED-ALLOW = 105910210
23:18:28.752 [main] INFO  com.cloudframe.app.process.Comput1.process   90 - *KB* LK-RLU3A-TOT-DATA-PROMO-ALLOW = 11318984
23:18:28.753 [main] INFO  com.cloudframe.app.process.Comput1.process   92 - *KB* LK-RLU3A-ACCT-PLAN-DATA-ALLOW = 11318984
23:18:28.753 [main] INFO  com.cloudframe.app.process.Comput1.process  108 - *MB* LK-RLU3A-TOT-DATA-PROMO-ALLOW = 11319085
23:18:28.753 [main] INFO  com.cloudframe.app.process.Comput1.process  110 - *MB* LK-RLU3A-ACCT-PLAN-DATA-ALLOW = 11319085
23:18:28.753 [main] INFO  com.cloudframe.app.process.Comput1.process  124 - *GB* LK-RLU3A-TOT-DATA-PROMO-ALLOW = 11319085
23:18:28.753 [main] INFO  com.cloudframe.app.process.Comput1.process  126 - *GB* LK-RLU3A-ACCT-PLAN-DATA-ALLOW = 11319085
23:18:28.753 [main] INFO  com.cloudframe.app.process.Comput1.process   76 - ___________________________________
23:18:28.753 [main] INFO  com.cloudframe.app.process.Comput1.process   78 - 328 . WS-OOSU-SHARED-ALLOW = 106559959
23:18:28.754 [main] INFO  com.cloudframe.app.process.Comput1.process   90 - *KB* LK-RLU3A-TOT-DATA-PROMO-ALLOW = 11423147
23:18:28.754 [main] INFO  com.cloudframe.app.process.Comput1.process   92 - *KB* LK-RLU3A-ACCT-PLAN-DATA-ALLOW = 11423147
23:18:28.754 [main] INFO  com.cloudframe.app.process.Comput1.process  108 - *MB* LK-RLU3A-TOT-DATA-PROMO-ALLOW = 11423248
23:18:28.754 [main] INFO  com.cloudframe.app.process.Comput1.process  110 - *MB* LK-RLU3A-ACCT-PLAN-DATA-ALLOW = 11423248
23:18:28.754 [main] INFO  com.cloudframe.app.process.Comput1.process  124 - *GB* LK-RLU3A-TOT-DATA-PROMO-ALLOW = 11423248
23:18:28.754 [main] INFO  com.cloudframe.app.process.Comput1.process  126 - *GB* LK-RLU3A-ACCT-PLAN-DATA-ALLOW = 11423248
23:18:28.754 [main] INFO  com.cloudframe.app.process.Comput1.process   76 - ___________________________________
23:18:28.754 [main] INFO  com.cloudframe.app.process.Comput1.process   78 - 329 . WS-OOSU-SHARED-ALLOW = 107211695
23:18:28.755 [main] INFO  com.cloudframe.app.process.Comput1.process   90 - *KB* LK-RLU3A-TOT-DATA-PROMO-ALLOW = 11527946
23:18:28.755 [main] INFO  com.cloudframe.app.process.Comput1.process   92 - *KB* LK-RLU3A-ACCT-PLAN-DATA-ALLOW = 11527946
23:18:28.755 [main] INFO  com.cloudframe.app.process.Comput1.process  108 - *MB* LK-RLU3A-TOT-DATA-PROMO-ALLOW = 11528048
23:18:28.755 [main] INFO  com.cloudframe.app.process.Comput1.process  110 - *MB* LK-RLU3A-ACCT-PLAN-DATA-ALLOW = 11528048
23:18:28.755 [main] INFO  com.cloudframe.app.process.Comput1.process  124 - *GB* LK-RLU3A-TOT-DATA-PROMO-ALLOW = 11528048
23:18:28.755 [main] INFO  com.cloudframe.app.process.Comput1.process  126 - *GB* LK-RLU3A-ACCT-PLAN-DATA-ALLOW = 11528048
23:18:28.755 [main] INFO  com.cloudframe.app.process.Comput1.process   76 - ___________________________________
23:18:28.755 [main] INFO  com.cloudframe.app.process.Comput1.process   78 - 330 . WS-OOSU-SHARED-ALLOW = 107865418
23:18:28.756 [main] INFO  com.cloudframe.app.process.Comput1.process   90 - *KB* LK-RLU3A-TOT-DATA-PROMO-ALLOW = 11633385
23:18:28.756 [main] INFO  com.cloudframe.app.process.Comput1.process   92 - *KB* LK-RLU3A-ACCT-PLAN-DATA-ALLOW = 11633385
23:18:28.756 [main] INFO  com.cloudframe.app.process.Comput1.process  108 - *MB* LK-RLU3A-TOT-DATA-PROMO-ALLOW = 11633487
23:18:28.756 [main] INFO  com.cloudframe.app.process.Comput1.process  110 - *MB* LK-RLU3A-ACCT-PLAN-DATA-ALLOW = 11633487
23:18:28.756 [main] INFO  com.cloudframe.app.process.Comput1.process  124 - *GB* LK-RLU3A-TOT-DATA-PROMO-ALLOW = 11633487
23:18:28.756 [main] INFO  com.cloudframe.app.process.Comput1.process  126 - *GB* LK-RLU3A-ACCT-PLAN-DATA-ALLOW = 11633487
23:18:28.756 [main] INFO  com.cloudframe.app.process.Comput1.process   76 - ___________________________________
23:18:28.756 [main] INFO  com.cloudframe.app.process.Comput1.process   78 - 331 . WS-OOSU-SHARED-ALLOW = 108521128
23:18:28.756 [main] INFO  com.cloudframe.app.process.Comput1.process   90 - *KB* LK-RLU3A-TOT-DATA-PROMO-ALLOW = 11739464
23:18:28.757 [main] INFO  com.cloudframe.app.process.Comput1.process   92 - *KB* LK-RLU3A-ACCT-PLAN-DATA-ALLOW = 11739464
23:18:28.757 [main] INFO  com.cloudframe.app.process.Comput1.process  108 - *MB* LK-RLU3A-TOT-DATA-PROMO-ALLOW = 11739567
23:18:28.757 [main] INFO  com.cloudframe.app.process.Comput1.process  110 - *MB* LK-RLU3A-ACCT-PLAN-DATA-ALLOW = 11739567
23:18:28.757 [main] INFO  com.cloudframe.app.process.Comput1.process  124 - *GB* LK-RLU3A-TOT-DATA-PROMO-ALLOW = 11739567
23:18:28.757 [main] INFO  com.cloudframe.app.process.Comput1.process  126 - *GB* LK-RLU3A-ACCT-PLAN-DATA-ALLOW = 11739567
23:18:28.757 [main] INFO  com.cloudframe.app.process.Comput1.process   76 - ___________________________________
23:18:28.757 [main] INFO  com.cloudframe.app.process.Comput1.process   78 - 332 . WS-OOSU-SHARED-ALLOW = 109178825
23:18:28.757 [main] INFO  com.cloudframe.app.process.Comput1.process   90 - *KB* LK-RLU3A-TOT-DATA-PROMO-ALLOW = 11846186
23:18:28.757 [main] INFO  com.cloudframe.app.process.Comput1.process   92 - *KB* LK-RLU3A-ACCT-PLAN-DATA-ALLOW = 11846186
23:18:28.758 [main] INFO  com.cloudframe.app.process.Comput1.process  108 - *MB* LK-RLU3A-TOT-DATA-PROMO-ALLOW = 11846290
23:18:28.758 [main] INFO  com.cloudframe.app.process.Comput1.process  110 - *MB* LK-RLU3A-ACCT-PLAN-DATA-ALLOW = 11846290
23:18:28.758 [main] INFO  com.cloudframe.app.process.Comput1.process  124 - *GB* LK-RLU3A-TOT-DATA-PROMO-ALLOW = 11846290
23:18:28.758 [main] INFO  com.cloudframe.app.process.Comput1.process  126 - *GB* LK-RLU3A-ACCT-PLAN-DATA-ALLOW = 11846290
23:18:28.758 [main] INFO  com.cloudframe.app.process.Comput1.process   76 - ___________________________________
23:18:28.758 [main] INFO  com.cloudframe.app.process.Comput1.process   78 - 333 . WS-OOSU-SHARED-ALLOW = 109838509
23:18:28.758 [main] INFO  com.cloudframe.app.process.Comput1.process   90 - *KB* LK-RLU3A-TOT-DATA-PROMO-ALLOW = 11953554
23:18:28.758 [main] INFO  com.cloudframe.app.process.Comput1.process   92 - *KB* LK-RLU3A-ACCT-PLAN-DATA-ALLOW = 11953554
23:18:28.759 [main] INFO  com.cloudframe.app.process.Comput1.process  108 - *MB* LK-RLU3A-TOT-DATA-PROMO-ALLOW = 11953658
23:18:28.759 [main] INFO  com.cloudframe.app.process.Comput1.process  110 - *MB* LK-RLU3A-ACCT-PLAN-DATA-ALLOW = 11953658
23:18:28.759 [main] INFO  com.cloudframe.app.process.Comput1.process  124 - *GB* LK-RLU3A-TOT-DATA-PROMO-ALLOW = 11953658
23:18:28.759 [main] INFO  com.cloudframe.app.process.Comput1.process  126 - *GB* LK-RLU3A-ACCT-PLAN-DATA-ALLOW = 11953658
23:18:28.759 [main] INFO  com.cloudframe.app.process.Comput1.process   76 - ___________________________________
23:18:28.759 [main] INFO  com.cloudframe.app.process.Comput1.process   78 - 334 . WS-OOSU-SHARED-ALLOW = 110500180
23:18:28.759 [main] INFO  com.cloudframe.app.process.Comput1.process   90 - *KB* LK-RLU3A-TOT-DATA-PROMO-ALLOW = 12061568
23:18:28.760 [main] INFO  com.cloudframe.app.process.Comput1.process   92 - *KB* LK-RLU3A-ACCT-PLAN-DATA-ALLOW = 12061568
23:18:28.760 [main] INFO  com.cloudframe.app.process.Comput1.process  108 - *MB* LK-RLU3A-TOT-DATA-PROMO-ALLOW = 12061673
23:18:28.760 [main] INFO  com.cloudframe.app.process.Comput1.process  110 - *MB* LK-RLU3A-ACCT-PLAN-DATA-ALLOW = 12061673
23:18:28.760 [main] INFO  com.cloudframe.app.process.Comput1.process  124 - *GB* LK-RLU3A-TOT-DATA-PROMO-ALLOW = 12061673
23:18:28.760 [main] INFO  com.cloudframe.app.process.Comput1.process  126 - *GB* LK-RLU3A-ACCT-PLAN-DATA-ALLOW = 12061673
23:18:28.760 [main] INFO  com.cloudframe.app.process.Comput1.process   76 - ___________________________________
23:18:28.760 [main] INFO  com.cloudframe.app.process.Comput1.process   78 - 335 . WS-OOSU-SHARED-ALLOW = 111163838
23:18:28.760 [main] INFO  com.cloudframe.app.process.Comput1.process   90 - *KB* LK-RLU3A-TOT-DATA-PROMO-ALLOW = 12170231
23:18:28.761 [main] INFO  com.cloudframe.app.process.Comput1.process   92 - *KB* LK-RLU3A-ACCT-PLAN-DATA-ALLOW = 12170231
23:18:28.761 [main] INFO  com.cloudframe.app.process.Comput1.process  108 - *MB* LK-RLU3A-TOT-DATA-PROMO-ALLOW = 12170337
23:18:28.761 [main] INFO  com.cloudframe.app.process.Comput1.process  110 - *MB* LK-RLU3A-ACCT-PLAN-DATA-ALLOW = 12170337
23:18:28.761 [main] INFO  com.cloudframe.app.process.Comput1.process  124 - *GB* LK-RLU3A-TOT-DATA-PROMO-ALLOW = 12170337
23:18:28.761 [main] INFO  com.cloudframe.app.process.Comput1.process  126 - *GB* LK-RLU3A-ACCT-PLAN-DATA-ALLOW = 12170337
23:18:28.761 [main] INFO  com.cloudframe.app.process.Comput1.process   76 - ___________________________________
23:18:28.761 [main] INFO  com.cloudframe.app.process.Comput1.process   78 - 336 . WS-OOSU-SHARED-ALLOW = 111829483
23:18:28.761 [main] INFO  com.cloudframe.app.process.Comput1.process   90 - *KB* LK-RLU3A-TOT-DATA-PROMO-ALLOW = 12279545
23:18:28.762 [main] INFO  com.cloudframe.app.process.Comput1.process   92 - *KB* LK-RLU3A-ACCT-PLAN-DATA-ALLOW = 12279545
23:18:28.763 [main] INFO  com.cloudframe.app.process.Comput1.process  108 - *MB* LK-RLU3A-TOT-DATA-PROMO-ALLOW = 12279651
23:18:28.764 [main] INFO  com.cloudframe.app.process.Comput1.process  110 - *MB* LK-RLU3A-ACCT-PLAN-DATA-ALLOW = 12279651
23:18:28.764 [main] INFO  com.cloudframe.app.process.Comput1.process  124 - *GB* LK-RLU3A-TOT-DATA-PROMO-ALLOW = 12279651
23:18:28.764 [main] INFO  com.cloudframe.app.process.Comput1.process  126 - *GB* LK-RLU3A-ACCT-PLAN-DATA-ALLOW = 12279651
23:18:28.764 [main] INFO  com.cloudframe.app.process.Comput1.process   76 - ___________________________________
23:18:28.764 [main] INFO  com.cloudframe.app.process.Comput1.process   78 - 337 . WS-OOSU-SHARED-ALLOW = 112497115
23:18:28.764 [main] INFO  com.cloudframe.app.process.Comput1.process   90 - *KB* LK-RLU3A-TOT-DATA-PROMO-ALLOW = 12389511
23:18:28.764 [main] INFO  com.cloudframe.app.process.Comput1.process   92 - *KB* LK-RLU3A-ACCT-PLAN-DATA-ALLOW = 12389511
23:18:28.764 [main] INFO  com.cloudframe.app.process.Comput1.process  108 - *MB* LK-RLU3A-TOT-DATA-PROMO-ALLOW = 12389618
23:18:28.764 [main] INFO  com.cloudframe.app.process.Comput1.process  110 - *MB* LK-RLU3A-ACCT-PLAN-DATA-ALLOW = 12389618
23:18:28.764 [main] INFO  com.cloudframe.app.process.Comput1.process  124 - *GB* LK-RLU3A-TOT-DATA-PROMO-ALLOW = 12389618
23:18:28.764 [main] INFO  com.cloudframe.app.process.Comput1.process  126 - *GB* LK-RLU3A-ACCT-PLAN-DATA-ALLOW = 12389618
23:18:28.765 [main] INFO  com.cloudframe.app.process.Comput1.process   76 - ___________________________________
23:18:28.765 [main] INFO  com.cloudframe.app.process.Comput1.process   78 - 338 . WS-OOSU-SHARED-ALLOW = 113166734
23:18:28.765 [main] INFO  com.cloudframe.app.process.Comput1.process   90 - *KB* LK-RLU3A-TOT-DATA-PROMO-ALLOW = 12500132
23:18:28.765 [main] INFO  com.cloudframe.app.process.Comput1.process   92 - *KB* LK-RLU3A-ACCT-PLAN-DATA-ALLOW = 12500132
23:18:28.765 [main] INFO  com.cloudframe.app.process.Comput1.process  108 - *MB* LK-RLU3A-TOT-DATA-PROMO-ALLOW = 12500239
23:18:28.765 [main] INFO  com.cloudframe.app.process.Comput1.process  110 - *MB* LK-RLU3A-ACCT-PLAN-DATA-ALLOW = 12500239
23:18:28.765 [main] INFO  com.cloudframe.app.process.Comput1.process  124 - *GB* LK-RLU3A-TOT-DATA-PROMO-ALLOW = 12500239
23:18:28.765 [main] INFO  com.cloudframe.app.process.Comput1.process  126 - *GB* LK-RLU3A-ACCT-PLAN-DATA-ALLOW = 12500239
23:18:28.765 [main] INFO  com.cloudframe.app.process.Comput1.process   76 - ___________________________________
23:18:28.766 [main] INFO  com.cloudframe.app.process.Comput1.process   78 - 339 . WS-OOSU-SHARED-ALLOW = 113838340
23:18:28.766 [main] INFO  com.cloudframe.app.process.Comput1.process   90 - *KB* LK-RLU3A-TOT-DATA-PROMO-ALLOW = 12611409
23:18:28.766 [main] INFO  com.cloudframe.app.process.Comput1.process   92 - *KB* LK-RLU3A-ACCT-PLAN-DATA-ALLOW = 12611409
23:18:28.766 [main] INFO  com.cloudframe.app.process.Comput1.process  108 - *MB* LK-RLU3A-TOT-DATA-PROMO-ALLOW = 12611517
23:18:28.766 [main] INFO  com.cloudframe.app.process.Comput1.process  110 - *MB* LK-RLU3A-ACCT-PLAN-DATA-ALLOW = 12611517
23:18:28.766 [main] INFO  com.cloudframe.app.process.Comput1.process  124 - *GB* LK-RLU3A-TOT-DATA-PROMO-ALLOW = 12611517
23:18:28.766 [main] INFO  com.cloudframe.app.process.Comput1.process  126 - *GB* LK-RLU3A-ACCT-PLAN-DATA-ALLOW = 12611517
23:18:28.766 [main] INFO  com.cloudframe.app.process.Comput1.process   76 - ___________________________________
23:18:28.766 [main] INFO  com.cloudframe.app.process.Comput1.process   78 - 340 . WS-OOSU-SHARED-ALLOW = 114511933
23:18:28.766 [main] INFO  com.cloudframe.app.process.Comput1.process   90 - *KB* LK-RLU3A-TOT-DATA-PROMO-ALLOW = 12723345
23:18:28.766 [main] INFO  com.cloudframe.app.process.Comput1.process   92 - *KB* LK-RLU3A-ACCT-PLAN-DATA-ALLOW = 12723345
23:18:28.766 [main] INFO  com.cloudframe.app.process.Comput1.process  108 - *MB* LK-RLU3A-TOT-DATA-PROMO-ALLOW = 12723454
23:18:28.767 [main] INFO  com.cloudframe.app.process.Comput1.process  110 - *MB* LK-RLU3A-ACCT-PLAN-DATA-ALLOW = 12723454
23:18:28.767 [main] INFO  com.cloudframe.app.process.Comput1.process  124 - *GB* LK-RLU3A-TOT-DATA-PROMO-ALLOW = 12723454
23:18:28.767 [main] INFO  com.cloudframe.app.process.Comput1.process  126 - *GB* LK-RLU3A-ACCT-PLAN-DATA-ALLOW = 12723454
23:18:28.767 [main] INFO  com.cloudframe.app.process.Comput1.process   76 - ___________________________________
23:18:28.767 [main] INFO  com.cloudframe.app.process.Comput1.process   78 - 341 . WS-OOSU-SHARED-ALLOW = 115187513
23:18:28.767 [main] INFO  com.cloudframe.app.process.Comput1.process   90 - *KB* LK-RLU3A-TOT-DATA-PROMO-ALLOW = 12835941
23:18:28.767 [main] INFO  com.cloudframe.app.process.Comput1.process   92 - *KB* LK-RLU3A-ACCT-PLAN-DATA-ALLOW = 12835941
23:18:28.767 [main] INFO  com.cloudframe.app.process.Comput1.process  108 - *MB* LK-RLU3A-TOT-DATA-PROMO-ALLOW = 12836050
23:18:28.767 [main] INFO  com.cloudframe.app.process.Comput1.process  110 - *MB* LK-RLU3A-ACCT-PLAN-DATA-ALLOW = 12836050
23:18:28.767 [main] INFO  com.cloudframe.app.process.Comput1.process  124 - *GB* LK-RLU3A-TOT-DATA-PROMO-ALLOW = 12836050
23:18:28.767 [main] INFO  com.cloudframe.app.process.Comput1.process  126 - *GB* LK-RLU3A-ACCT-PLAN-DATA-ALLOW = 12836050
23:18:28.767 [main] INFO  com.cloudframe.app.process.Comput1.process   76 - ___________________________________
23:18:28.768 [main] INFO  com.cloudframe.app.process.Comput1.process   78 - 342 . WS-OOSU-SHARED-ALLOW = 115865080
23:18:28.768 [main] INFO  com.cloudframe.app.process.Comput1.process   90 - *KB* LK-RLU3A-TOT-DATA-PROMO-ALLOW = 12949199
23:18:28.768 [main] INFO  com.cloudframe.app.process.Comput1.process   92 - *KB* LK-RLU3A-ACCT-PLAN-DATA-ALLOW = 12949199
23:18:28.768 [main] INFO  com.cloudframe.app.process.Comput1.process  108 - *MB* LK-RLU3A-TOT-DATA-PROMO-ALLOW = 12949309
23:18:28.768 [main] INFO  com.cloudframe.app.process.Comput1.process  110 - *MB* LK-RLU3A-ACCT-PLAN-DATA-ALLOW = 12949309
23:18:28.768 [main] INFO  com.cloudframe.app.process.Comput1.process  124 - *GB* LK-RLU3A-TOT-DATA-PROMO-ALLOW = 12949309
23:18:28.768 [main] INFO  com.cloudframe.app.process.Comput1.process  126 - *GB* LK-RLU3A-ACCT-PLAN-DATA-ALLOW = 12949309
23:18:28.768 [main] INFO  com.cloudframe.app.process.Comput1.process   76 - ___________________________________
23:18:28.768 [main] INFO  com.cloudframe.app.process.Comput1.process   78 - 343 . WS-OOSU-SHARED-ALLOW = 116544634
23:18:28.768 [main] INFO  com.cloudframe.app.process.Comput1.process   90 - *KB* LK-RLU3A-TOT-DATA-PROMO-ALLOW = 13063122
23:18:28.768 [main] INFO  com.cloudframe.app.process.Comput1.process   92 - *KB* LK-RLU3A-ACCT-PLAN-DATA-ALLOW = 13063122
23:18:28.769 [main] INFO  com.cloudframe.app.process.Comput1.process  108 - *MB* LK-RLU3A-TOT-DATA-PROMO-ALLOW = 13063233
23:18:28.769 [main] INFO  com.cloudframe.app.process.Comput1.process  110 - *MB* LK-RLU3A-ACCT-PLAN-DATA-ALLOW = 13063233
23:18:28.769 [main] INFO  com.cloudframe.app.process.Comput1.process  124 - *GB* LK-RLU3A-TOT-DATA-PROMO-ALLOW = 13063233
23:18:28.769 [main] INFO  com.cloudframe.app.process.Comput1.process  126 - *GB* LK-RLU3A-ACCT-PLAN-DATA-ALLOW = 13063233
23:18:28.769 [main] INFO  com.cloudframe.app.process.Comput1.process   76 - ___________________________________
23:18:28.769 [main] INFO  com.cloudframe.app.process.Comput1.process   78 - 344 . WS-OOSU-SHARED-ALLOW = 117226175
23:18:28.769 [main] INFO  com.cloudframe.app.process.Comput1.process   90 - *KB* LK-RLU3A-TOT-DATA-PROMO-ALLOW = 13177711
23:18:28.769 [main] INFO  com.cloudframe.app.process.Comput1.process   92 - *KB* LK-RLU3A-ACCT-PLAN-DATA-ALLOW = 13177711
23:18:28.769 [main] INFO  com.cloudframe.app.process.Comput1.process  108 - *MB* LK-RLU3A-TOT-DATA-PROMO-ALLOW = 13177822
23:18:28.769 [main] INFO  com.cloudframe.app.process.Comput1.process  110 - *MB* LK-RLU3A-ACCT-PLAN-DATA-ALLOW = 13177822
23:18:28.769 [main] INFO  com.cloudframe.app.process.Comput1.process  124 - *GB* LK-RLU3A-TOT-DATA-PROMO-ALLOW = 13177822
23:18:28.770 [main] INFO  com.cloudframe.app.process.Comput1.process  126 - *GB* LK-RLU3A-ACCT-PLAN-DATA-ALLOW = 13177822
23:18:28.770 [main] INFO  com.cloudframe.app.process.Comput1.process   76 - ___________________________________
23:18:28.770 [main] INFO  com.cloudframe.app.process.Comput1.process   78 - 345 . WS-OOSU-SHARED-ALLOW = 117909703
23:18:28.770 [main] INFO  com.cloudframe.app.process.Comput1.process   90 - *KB* LK-RLU3A-TOT-DATA-PROMO-ALLOW = 13292968
23:18:28.770 [main] INFO  com.cloudframe.app.process.Comput1.process   92 - *KB* LK-RLU3A-ACCT-PLAN-DATA-ALLOW = 13292968
23:18:28.770 [main] INFO  com.cloudframe.app.process.Comput1.process  108 - *MB* LK-RLU3A-TOT-DATA-PROMO-ALLOW = 13293080
23:18:28.770 [main] INFO  com.cloudframe.app.process.Comput1.process  110 - *MB* LK-RLU3A-ACCT-PLAN-DATA-ALLOW = 13293080
23:18:28.770 [main] INFO  com.cloudframe.app.process.Comput1.process  124 - *GB* LK-RLU3A-TOT-DATA-PROMO-ALLOW = 13293080
23:18:28.770 [main] INFO  com.cloudframe.app.process.Comput1.process  126 - *GB* LK-RLU3A-ACCT-PLAN-DATA-ALLOW = 13293080
23:18:28.770 [main] INFO  com.cloudframe.app.process.Comput1.process   76 - ___________________________________
23:18:28.770 [main] INFO  com.cloudframe.app.process.Comput1.process   78 - 346 . WS-OOSU-SHARED-ALLOW = 118595218
23:18:28.771 [main] INFO  com.cloudframe.app.process.Comput1.process   90 - *KB* LK-RLU3A-TOT-DATA-PROMO-ALLOW = 13408895
23:18:28.771 [main] INFO  com.cloudframe.app.process.Comput1.process   92 - *KB* LK-RLU3A-ACCT-PLAN-DATA-ALLOW = 13408895
23:18:28.771 [main] INFO  com.cloudframe.app.process.Comput1.process  108 - *MB* LK-RLU3A-TOT-DATA-PROMO-ALLOW = 13409008
23:18:28.771 [main] INFO  com.cloudframe.app.process.Comput1.process  110 - *MB* LK-RLU3A-ACCT-PLAN-DATA-ALLOW = 13409008
23:18:28.771 [main] INFO  com.cloudframe.app.process.Comput1.process  124 - *GB* LK-RLU3A-TOT-DATA-PROMO-ALLOW = 13409008
23:18:28.771 [main] INFO  com.cloudframe.app.process.Comput1.process  126 - *GB* LK-RLU3A-ACCT-PLAN-DATA-ALLOW = 13409008
23:18:28.771 [main] INFO  com.cloudframe.app.process.Comput1.process   76 - ___________________________________
23:18:28.771 [main] INFO  com.cloudframe.app.process.Comput1.process   78 - 347 . WS-OOSU-SHARED-ALLOW = 119282720
23:18:28.772 [main] INFO  com.cloudframe.app.process.Comput1.process   90 - *KB* LK-RLU3A-TOT-DATA-PROMO-ALLOW = 13525495
23:18:28.772 [main] INFO  com.cloudframe.app.process.Comput1.process   92 - *KB* LK-RLU3A-ACCT-PLAN-DATA-ALLOW = 13525495
23:18:28.772 [main] INFO  com.cloudframe.app.process.Comput1.process  108 - *MB* LK-RLU3A-TOT-DATA-PROMO-ALLOW = 13525608
23:18:28.772 [main] INFO  com.cloudframe.app.process.Comput1.process  110 - *MB* LK-RLU3A-ACCT-PLAN-DATA-ALLOW = 13525608
23:18:28.772 [main] INFO  com.cloudframe.app.process.Comput1.process  124 - *GB* LK-RLU3A-TOT-DATA-PROMO-ALLOW = 13525608
23:18:28.772 [main] INFO  com.cloudframe.app.process.Comput1.process  126 - *GB* LK-RLU3A-ACCT-PLAN-DATA-ALLOW = 13525608
23:18:28.772 [main] INFO  com.cloudframe.app.process.Comput1.process   76 - ___________________________________
23:18:28.772 [main] INFO  com.cloudframe.app.process.Comput1.process   78 - 348 . WS-OOSU-SHARED-ALLOW = 119972209
23:18:28.773 [main] INFO  com.cloudframe.app.process.Comput1.process   90 - *KB* LK-RLU3A-TOT-DATA-PROMO-ALLOW = 13642768
23:18:28.773 [main] INFO  com.cloudframe.app.process.Comput1.process   92 - *KB* LK-RLU3A-ACCT-PLAN-DATA-ALLOW = 13642768
23:18:28.773 [main] INFO  com.cloudframe.app.process.Comput1.process  108 - *MB* LK-RLU3A-TOT-DATA-PROMO-ALLOW = 13642882
23:18:28.773 [main] INFO  com.cloudframe.app.process.Comput1.process  110 - *MB* LK-RLU3A-ACCT-PLAN-DATA-ALLOW = 13642882
23:18:28.773 [main] INFO  com.cloudframe.app.process.Comput1.process  124 - *GB* LK-RLU3A-TOT-DATA-PROMO-ALLOW = 13642882
23:18:28.773 [main] INFO  com.cloudframe.app.process.Comput1.process  126 - *GB* LK-RLU3A-ACCT-PLAN-DATA-ALLOW = 13642882
23:18:28.773 [main] INFO  com.cloudframe.app.process.Comput1.process   76 - ___________________________________
23:18:28.774 [main] INFO  com.cloudframe.app.process.Comput1.process   78 - 349 . WS-OOSU-SHARED-ALLOW = 120663685
23:18:28.774 [main] INFO  com.cloudframe.app.process.Comput1.process   90 - *KB* LK-RLU3A-TOT-DATA-PROMO-ALLOW = 13760717
23:18:28.774 [main] INFO  com.cloudframe.app.process.Comput1.process   92 - *KB* LK-RLU3A-ACCT-PLAN-DATA-ALLOW = 13760717
23:18:28.774 [main] INFO  com.cloudframe.app.process.Comput1.process  108 - *MB* LK-RLU3A-TOT-DATA-PROMO-ALLOW = 13760832
23:18:28.774 [main] INFO  com.cloudframe.app.process.Comput1.process  110 - *MB* LK-RLU3A-ACCT-PLAN-DATA-ALLOW = 13760832
23:18:28.774 [main] INFO  com.cloudframe.app.process.Comput1.process  124 - *GB* LK-RLU3A-TOT-DATA-PROMO-ALLOW = 13760832
23:18:28.774 [main] INFO  com.cloudframe.app.process.Comput1.process  126 - *GB* LK-RLU3A-ACCT-PLAN-DATA-ALLOW = 13760832
23:18:28.774 [main] INFO  com.cloudframe.app.process.Comput1.process   76 - ___________________________________
23:18:28.774 [main] INFO  com.cloudframe.app.process.Comput1.process   78 - 350 . WS-OOSU-SHARED-ALLOW = 121357148
23:18:28.775 [main] INFO  com.cloudframe.app.process.Comput1.process   90 - *KB* LK-RLU3A-TOT-DATA-PROMO-ALLOW = 13879344
23:18:28.775 [main] INFO  com.cloudframe.app.process.Comput1.process   92 - *KB* LK-RLU3A-ACCT-PLAN-DATA-ALLOW = 13879344
23:18:28.775 [main] INFO  com.cloudframe.app.process.Comput1.process  108 - *MB* LK-RLU3A-TOT-DATA-PROMO-ALLOW = 13879459
23:18:28.775 [main] INFO  com.cloudframe.app.process.Comput1.process  110 - *MB* LK-RLU3A-ACCT-PLAN-DATA-ALLOW = 13879459
23:18:28.775 [main] INFO  com.cloudframe.app.process.Comput1.process  124 - *GB* LK-RLU3A-TOT-DATA-PROMO-ALLOW = 13879459
23:18:28.775 [main] INFO  com.cloudframe.app.process.Comput1.process  126 - *GB* LK-RLU3A-ACCT-PLAN-DATA-ALLOW = 13879459
23:18:28.775 [main] INFO  com.cloudframe.app.process.Comput1.process   76 - ___________________________________
23:18:28.775 [main] INFO  com.cloudframe.app.process.Comput1.process   78 - 351 . WS-OOSU-SHARED-ALLOW = 122052598
23:18:28.776 [main] INFO  com.cloudframe.app.process.Comput1.process   90 - *KB* LK-RLU3A-TOT-DATA-PROMO-ALLOW = 13998650
23:18:28.776 [main] INFO  com.cloudframe.app.process.Comput1.process   92 - *KB* LK-RLU3A-ACCT-PLAN-DATA-ALLOW = 13998650
23:18:28.776 [main] INFO  com.cloudframe.app.process.Comput1.process  108 - *MB* LK-RLU3A-TOT-DATA-PROMO-ALLOW = 13998766
23:18:28.776 [main] INFO  com.cloudframe.app.process.Comput1.process  110 - *MB* LK-RLU3A-ACCT-PLAN-DATA-ALLOW = 13998766
23:18:28.776 [main] INFO  com.cloudframe.app.process.Comput1.process  124 - *GB* LK-RLU3A-TOT-DATA-PROMO-ALLOW = 13998766
23:18:28.776 [main] INFO  com.cloudframe.app.process.Comput1.process  126 - *GB* LK-RLU3A-ACCT-PLAN-DATA-ALLOW = 13998766
23:18:28.776 [main] INFO  com.cloudframe.app.process.Comput1.process   76 - ___________________________________
23:18:28.777 [main] INFO  com.cloudframe.app.process.Comput1.process   78 - 352 . WS-OOSU-SHARED-ALLOW = 122750035
23:18:28.777 [main] INFO  com.cloudframe.app.process.Comput1.process   90 - *KB* LK-RLU3A-TOT-DATA-PROMO-ALLOW = 14118639
23:18:28.777 [main] INFO  com.cloudframe.app.process.Comput1.process   92 - *KB* LK-RLU3A-ACCT-PLAN-DATA-ALLOW = 14118639
23:18:28.777 [main] INFO  com.cloudframe.app.process.Comput1.process  108 - *MB* LK-RLU3A-TOT-DATA-PROMO-ALLOW = 14118756
23:18:28.777 [main] INFO  com.cloudframe.app.process.Comput1.process  110 - *MB* LK-RLU3A-ACCT-PLAN-DATA-ALLOW = 14118756
23:18:28.777 [main] INFO  com.cloudframe.app.process.Comput1.process  124 - *GB* LK-RLU3A-TOT-DATA-PROMO-ALLOW = 14118756
23:18:28.777 [main] INFO  com.cloudframe.app.process.Comput1.process  126 - *GB* LK-RLU3A-ACCT-PLAN-DATA-ALLOW = 14118756
23:18:28.777 [main] INFO  com.cloudframe.app.process.Comput1.process   76 - ___________________________________
23:18:28.778 [main] INFO  com.cloudframe.app.process.Comput1.process   78 - 353 . WS-OOSU-SHARED-ALLOW = 123449459
23:18:28.778 [main] INFO  com.cloudframe.app.process.Comput1.process   90 - *KB* LK-RLU3A-TOT-DATA-PROMO-ALLOW = 14239312
23:18:28.778 [main] INFO  com.cloudframe.app.process.Comput1.process   92 - *KB* LK-RLU3A-ACCT-PLAN-DATA-ALLOW = 14239312
23:18:28.778 [main] INFO  com.cloudframe.app.process.Comput1.process  108 - *MB* LK-RLU3A-TOT-DATA-PROMO-ALLOW = 14239429
23:18:28.778 [main] INFO  com.cloudframe.app.process.Comput1.process  110 - *MB* LK-RLU3A-ACCT-PLAN-DATA-ALLOW = 14239429
23:18:28.778 [main] INFO  com.cloudframe.app.process.Comput1.process  124 - *GB* LK-RLU3A-TOT-DATA-PROMO-ALLOW = 14239429
23:18:28.778 [main] INFO  com.cloudframe.app.process.Comput1.process  126 - *GB* LK-RLU3A-ACCT-PLAN-DATA-ALLOW = 14239429
23:18:28.779 [main] INFO  com.cloudframe.app.process.Comput1.process   76 - ___________________________________
23:18:28.779 [main] INFO  com.cloudframe.app.process.Comput1.process   78 - 354 . WS-OOSU-SHARED-ALLOW = 124150870
23:18:28.779 [main] INFO  com.cloudframe.app.process.Comput1.process   90 - *KB* LK-RLU3A-TOT-DATA-PROMO-ALLOW = 14360670
23:18:28.779 [main] INFO  com.cloudframe.app.process.Comput1.process   92 - *KB* LK-RLU3A-ACCT-PLAN-DATA-ALLOW = 14360670
23:18:28.779 [main] INFO  com.cloudframe.app.process.Comput1.process  108 - *MB* LK-RLU3A-TOT-DATA-PROMO-ALLOW = 14360788
23:18:28.779 [main] INFO  com.cloudframe.app.process.Comput1.process  110 - *MB* LK-RLU3A-ACCT-PLAN-DATA-ALLOW = 14360788
23:18:28.779 [main] INFO  com.cloudframe.app.process.Comput1.process  124 - *GB* LK-RLU3A-TOT-DATA-PROMO-ALLOW = 14360788
23:18:28.779 [main] INFO  com.cloudframe.app.process.Comput1.process  126 - *GB* LK-RLU3A-ACCT-PLAN-DATA-ALLOW = 14360788
23:18:28.780 [main] INFO  com.cloudframe.app.process.Comput1.process   76 - ___________________________________
23:18:28.780 [main] INFO  com.cloudframe.app.process.Comput1.process   78 - 355 . WS-OOSU-SHARED-ALLOW = 124854268
23:18:28.780 [main] INFO  com.cloudframe.app.process.Comput1.process   90 - *KB* LK-RLU3A-TOT-DATA-PROMO-ALLOW = 14482715
23:18:28.780 [main] INFO  com.cloudframe.app.process.Comput1.process   92 - *KB* LK-RLU3A-ACCT-PLAN-DATA-ALLOW = 14482715
23:18:28.780 [main] INFO  com.cloudframe.app.process.Comput1.process  108 - *MB* LK-RLU3A-TOT-DATA-PROMO-ALLOW = 14482834
23:18:28.780 [main] INFO  com.cloudframe.app.process.Comput1.process  110 - *MB* LK-RLU3A-ACCT-PLAN-DATA-ALLOW = 14482834
23:18:28.780 [main] INFO  com.cloudframe.app.process.Comput1.process  124 - *GB* LK-RLU3A-TOT-DATA-PROMO-ALLOW = 14482834
23:18:28.780 [main] INFO  com.cloudframe.app.process.Comput1.process  126 - *GB* LK-RLU3A-ACCT-PLAN-DATA-ALLOW = 14482834
23:18:28.781 [main] INFO  com.cloudframe.app.process.Comput1.process   76 - ___________________________________
23:18:28.781 [main] INFO  com.cloudframe.app.process.Comput1.process   78 - 356 . WS-OOSU-SHARED-ALLOW = 125559653
23:18:28.781 [main] INFO  com.cloudframe.app.process.Comput1.process   90 - *KB* LK-RLU3A-TOT-DATA-PROMO-ALLOW = 14605450
23:18:28.781 [main] INFO  com.cloudframe.app.process.Comput1.process   92 - *KB* LK-RLU3A-ACCT-PLAN-DATA-ALLOW = 14605450
23:18:28.781 [main] INFO  com.cloudframe.app.process.Comput1.process  108 - *MB* LK-RLU3A-TOT-DATA-PROMO-ALLOW = 14605569
23:18:28.781 [main] INFO  com.cloudframe.app.process.Comput1.process  110 - *MB* LK-RLU3A-ACCT-PLAN-DATA-ALLOW = 14605569
23:18:28.781 [main] INFO  com.cloudframe.app.process.Comput1.process  124 - *GB* LK-RLU3A-TOT-DATA-PROMO-ALLOW = 14605569
23:18:28.781 [main] INFO  com.cloudframe.app.process.Comput1.process  126 - *GB* LK-RLU3A-ACCT-PLAN-DATA-ALLOW = 14605569
23:18:28.782 [main] INFO  com.cloudframe.app.process.Comput1.process   76 - ___________________________________
23:18:28.782 [main] INFO  com.cloudframe.app.process.Comput1.process   78 - 357 . WS-OOSU-SHARED-ALLOW = 126267025
23:18:28.782 [main] INFO  com.cloudframe.app.process.Comput1.process   90 - *KB* LK-RLU3A-TOT-DATA-PROMO-ALLOW = 14728876
23:18:28.782 [main] INFO  com.cloudframe.app.process.Comput1.process   92 - *KB* LK-RLU3A-ACCT-PLAN-DATA-ALLOW = 14728876
23:18:28.782 [main] INFO  com.cloudframe.app.process.Comput1.process  108 - *MB* LK-RLU3A-TOT-DATA-PROMO-ALLOW = 14728996
23:18:28.782 [main] INFO  com.cloudframe.app.process.Comput1.process  110 - *MB* LK-RLU3A-ACCT-PLAN-DATA-ALLOW = 14728996
23:18:28.782 [main] INFO  com.cloudframe.app.process.Comput1.process  124 - *GB* LK-RLU3A-TOT-DATA-PROMO-ALLOW = 14728996
23:18:28.782 [main] INFO  com.cloudframe.app.process.Comput1.process  126 - *GB* LK-RLU3A-ACCT-PLAN-DATA-ALLOW = 14728996
23:18:28.783 [main] INFO  com.cloudframe.app.process.Comput1.process   76 - ___________________________________
23:18:28.783 [main] INFO  com.cloudframe.app.process.Comput1.process   78 - 358 . WS-OOSU-SHARED-ALLOW = 126976384
23:18:28.783 [main] INFO  com.cloudframe.app.process.Comput1.process   90 - *KB* LK-RLU3A-TOT-DATA-PROMO-ALLOW = 14852996
23:18:28.783 [main] INFO  com.cloudframe.app.process.Comput1.process   92 - *KB* LK-RLU3A-ACCT-PLAN-DATA-ALLOW = 14852996
23:18:28.783 [main] INFO  com.cloudframe.app.process.Comput1.process  108 - *MB* LK-RLU3A-TOT-DATA-PROMO-ALLOW = 14853117
23:18:28.783 [main] INFO  com.cloudframe.app.process.Comput1.process  110 - *MB* LK-RLU3A-ACCT-PLAN-DATA-ALLOW = 14853117
23:18:28.783 [main] INFO  com.cloudframe.app.process.Comput1.process  124 - *GB* LK-RLU3A-TOT-DATA-PROMO-ALLOW = 14853117
23:18:28.784 [main] INFO  com.cloudframe.app.process.Comput1.process  126 - *GB* LK-RLU3A-ACCT-PLAN-DATA-ALLOW = 14853117
23:18:28.784 [main] INFO  com.cloudframe.app.process.Comput1.process   76 - ___________________________________
23:18:28.784 [main] INFO  com.cloudframe.app.process.Comput1.process   78 - 359 . WS-OOSU-SHARED-ALLOW = 127687730
23:18:28.784 [main] INFO  com.cloudframe.app.process.Comput1.process   90 - *KB* LK-RLU3A-TOT-DATA-PROMO-ALLOW = 14977812
23:18:28.784 [main] INFO  com.cloudframe.app.process.Comput1.process   92 - *KB* LK-RLU3A-ACCT-PLAN-DATA-ALLOW = 14977812
23:18:28.784 [main] INFO  com.cloudframe.app.process.Comput1.process  108 - *MB* LK-RLU3A-TOT-DATA-PROMO-ALLOW = 14977933
23:18:28.784 [main] INFO  com.cloudframe.app.process.Comput1.process  110 - *MB* LK-RLU3A-ACCT-PLAN-DATA-ALLOW = 14977933
23:18:28.785 [main] INFO  com.cloudframe.app.process.Comput1.process  124 - *GB* LK-RLU3A-TOT-DATA-PROMO-ALLOW = 14977933
23:18:28.785 [main] INFO  com.cloudframe.app.process.Comput1.process  126 - *GB* LK-RLU3A-ACCT-PLAN-DATA-ALLOW = 14977933
23:18:28.785 [main] INFO  com.cloudframe.app.process.Comput1.process   76 - ___________________________________
23:18:28.785 [main] INFO  com.cloudframe.app.process.Comput1.process   78 - 360 . WS-OOSU-SHARED-ALLOW = 128401063
23:18:28.785 [main] INFO  com.cloudframe.app.process.Comput1.process   90 - *KB* LK-RLU3A-TOT-DATA-PROMO-ALLOW = 15103324
23:18:28.785 [main] INFO  com.cloudframe.app.process.Comput1.process   92 - *KB* LK-RLU3A-ACCT-PLAN-DATA-ALLOW = 15103324
23:18:28.785 [main] INFO  com.cloudframe.app.process.Comput1.process  108 - *MB* LK-RLU3A-TOT-DATA-PROMO-ALLOW = 15103446
23:18:28.785 [main] INFO  com.cloudframe.app.process.Comput1.process  110 - *MB* LK-RLU3A-ACCT-PLAN-DATA-ALLOW = 15103446
23:18:28.785 [main] INFO  com.cloudframe.app.process.Comput1.process  124 - *GB* LK-RLU3A-TOT-DATA-PROMO-ALLOW = 15103446
23:18:28.786 [main] INFO  com.cloudframe.app.process.Comput1.process  126 - *GB* LK-RLU3A-ACCT-PLAN-DATA-ALLOW = 15103446
23:18:28.786 [main] INFO  com.cloudframe.app.process.Comput1.process   76 - ___________________________________
23:18:28.786 [main] INFO  com.cloudframe.app.process.Comput1.process   78 - 361 . WS-OOSU-SHARED-ALLOW = 129116383
23:18:28.786 [main] INFO  com.cloudframe.app.process.Comput1.process   90 - *KB* LK-RLU3A-TOT-DATA-PROMO-ALLOW = 15229536
23:18:28.786 [main] INFO  com.cloudframe.app.process.Comput1.process   92 - *KB* LK-RLU3A-ACCT-PLAN-DATA-ALLOW = 15229536
23:18:28.786 [main] INFO  com.cloudframe.app.process.Comput1.process  108 - *MB* LK-RLU3A-TOT-DATA-PROMO-ALLOW = 15229659
23:18:28.786 [main] INFO  com.cloudframe.app.process.Comput1.process  110 - *MB* LK-RLU3A-ACCT-PLAN-DATA-ALLOW = 15229659
23:18:28.786 [main] INFO  com.cloudframe.app.process.Comput1.process  124 - *GB* LK-RLU3A-TOT-DATA-PROMO-ALLOW = 15229659
23:18:28.787 [main] INFO  com.cloudframe.app.process.Comput1.process  126 - *GB* LK-RLU3A-ACCT-PLAN-DATA-ALLOW = 15229659
23:18:28.787 [main] INFO  com.cloudframe.app.process.Comput1.process   76 - ___________________________________
23:18:28.787 [main] INFO  com.cloudframe.app.process.Comput1.process   78 - 362 . WS-OOSU-SHARED-ALLOW = 129833690
23:18:28.787 [main] INFO  com.cloudframe.app.process.Comput1.process   90 - *KB* LK-RLU3A-TOT-DATA-PROMO-ALLOW = 15356449
23:18:28.787 [main] INFO  com.cloudframe.app.process.Comput1.process   92 - *KB* LK-RLU3A-ACCT-PLAN-DATA-ALLOW = 15356449
23:18:28.787 [main] INFO  com.cloudframe.app.process.Comput1.process  108 - *MB* LK-RLU3A-TOT-DATA-PROMO-ALLOW = 15356572
23:18:28.787 [main] INFO  com.cloudframe.app.process.Comput1.process  110 - *MB* LK-RLU3A-ACCT-PLAN-DATA-ALLOW = 15356572
23:18:28.787 [main] INFO  com.cloudframe.app.process.Comput1.process  124 - *GB* LK-RLU3A-TOT-DATA-PROMO-ALLOW = 15356572
23:18:28.788 [main] INFO  com.cloudframe.app.process.Comput1.process  126 - *GB* LK-RLU3A-ACCT-PLAN-DATA-ALLOW = 15356572
23:18:28.788 [main] INFO  com.cloudframe.app.process.Comput1.process   76 - ___________________________________
23:18:28.788 [main] INFO  com.cloudframe.app.process.Comput1.process   78 - 363 . WS-OOSU-SHARED-ALLOW = 130552984
23:18:28.788 [main] INFO  com.cloudframe.app.process.Comput1.process   90 - *KB* LK-RLU3A-TOT-DATA-PROMO-ALLOW = 15484065
23:18:28.788 [main] INFO  com.cloudframe.app.process.Comput1.process   92 - *KB* LK-RLU3A-ACCT-PLAN-DATA-ALLOW = 15484065
23:18:28.788 [main] INFO  com.cloudframe.app.process.Comput1.process  108 - *MB* LK-RLU3A-TOT-DATA-PROMO-ALLOW = 15484189
23:18:28.788 [main] INFO  com.cloudframe.app.process.Comput1.process  110 - *MB* LK-RLU3A-ACCT-PLAN-DATA-ALLOW = 15484189
23:18:28.788 [main] INFO  com.cloudframe.app.process.Comput1.process  124 - *GB* LK-RLU3A-TOT-DATA-PROMO-ALLOW = 15484189
23:18:28.789 [main] INFO  com.cloudframe.app.process.Comput1.process  126 - *GB* LK-RLU3A-ACCT-PLAN-DATA-ALLOW = 15484189
23:18:28.789 [main] INFO  com.cloudframe.app.process.Comput1.process   76 - ___________________________________
23:18:28.789 [main] INFO  com.cloudframe.app.process.Comput1.process   78 - 364 . WS-OOSU-SHARED-ALLOW = 131274265
23:18:28.789 [main] INFO  com.cloudframe.app.process.Comput1.process   90 - *KB* LK-RLU3A-TOT-DATA-PROMO-ALLOW = 15612386
23:18:28.789 [main] INFO  com.cloudframe.app.process.Comput1.process   92 - *KB* LK-RLU3A-ACCT-PLAN-DATA-ALLOW = 15612386
23:18:28.789 [main] INFO  com.cloudframe.app.process.Comput1.process  108 - *MB* LK-RLU3A-TOT-DATA-PROMO-ALLOW = 15612511
23:18:28.789 [main] INFO  com.cloudframe.app.process.Comput1.process  110 - *MB* LK-RLU3A-ACCT-PLAN-DATA-ALLOW = 15612511
23:18:28.789 [main] INFO  com.cloudframe.app.process.Comput1.process  124 - *GB* LK-RLU3A-TOT-DATA-PROMO-ALLOW = 15612511
23:18:28.789 [main] INFO  com.cloudframe.app.process.Comput1.process  126 - *GB* LK-RLU3A-ACCT-PLAN-DATA-ALLOW = 15612511
23:18:28.790 [main] INFO  com.cloudframe.app.process.Comput1.process   76 - ___________________________________
23:18:28.790 [main] INFO  com.cloudframe.app.process.Comput1.process   78 - 365 . WS-OOSU-SHARED-ALLOW = 131997533
23:18:28.790 [main] INFO  com.cloudframe.app.process.Comput1.process   90 - *KB* LK-RLU3A-TOT-DATA-PROMO-ALLOW = 15741414
23:18:28.790 [main] INFO  com.cloudframe.app.process.Comput1.process   92 - *KB* LK-RLU3A-ACCT-PLAN-DATA-ALLOW = 15741414
23:18:28.790 [main] INFO  com.cloudframe.app.process.Comput1.process  108 - *MB* LK-RLU3A-TOT-DATA-PROMO-ALLOW = 15741539
23:18:28.790 [main] INFO  com.cloudframe.app.process.Comput1.process  110 - *MB* LK-RLU3A-ACCT-PLAN-DATA-ALLOW = 15741539
23:18:28.790 [main] INFO  com.cloudframe.app.process.Comput1.process  124 - *GB* LK-RLU3A-TOT-DATA-PROMO-ALLOW = 15741539
23:18:28.790 [main] INFO  com.cloudframe.app.process.Comput1.process  126 - *GB* LK-RLU3A-ACCT-PLAN-DATA-ALLOW = 15741539
23:18:28.791 [main] INFO  com.cloudframe.app.process.Comput1.process   76 - ___________________________________
23:18:28.791 [main] INFO  com.cloudframe.app.process.Comput1.process   78 - 366 . WS-OOSU-SHARED-ALLOW = 132722788
23:18:28.791 [main] INFO  com.cloudframe.app.process.Comput1.process   90 - *KB* LK-RLU3A-TOT-DATA-PROMO-ALLOW = 15871151
23:18:28.791 [main] INFO  com.cloudframe.app.process.Comput1.process   92 - *KB* LK-RLU3A-ACCT-PLAN-DATA-ALLOW = 15871151
23:18:28.791 [main] INFO  com.cloudframe.app.process.Comput1.process  108 - *MB* LK-RLU3A-TOT-DATA-PROMO-ALLOW = 15871277
23:18:28.791 [main] INFO  com.cloudframe.app.process.Comput1.process  110 - *MB* LK-RLU3A-ACCT-PLAN-DATA-ALLOW = 15871277
23:18:28.791 [main] INFO  com.cloudframe.app.process.Comput1.process  124 - *GB* LK-RLU3A-TOT-DATA-PROMO-ALLOW = 15871277
23:18:28.791 [main] INFO  com.cloudframe.app.process.Comput1.process  126 - *GB* LK-RLU3A-ACCT-PLAN-DATA-ALLOW = 15871277
23:18:28.791 [main] INFO  com.cloudframe.app.process.Comput1.process   76 - ___________________________________
23:18:28.792 [main] INFO  com.cloudframe.app.process.Comput1.process   78 - 367 . WS-OOSU-SHARED-ALLOW = 133450030
23:18:28.792 [main] INFO  com.cloudframe.app.process.Comput1.process   90 - *KB* LK-RLU3A-TOT-DATA-PROMO-ALLOW = 16001599
23:18:28.792 [main] INFO  com.cloudframe.app.process.Comput1.process   92 - *KB* LK-RLU3A-ACCT-PLAN-DATA-ALLOW = 16001599
23:18:28.792 [main] INFO  com.cloudframe.app.process.Comput1.process  108 - *MB* LK-RLU3A-TOT-DATA-PROMO-ALLOW = 16001726
23:18:28.792 [main] INFO  com.cloudframe.app.process.Comput1.process  110 - *MB* LK-RLU3A-ACCT-PLAN-DATA-ALLOW = 16001726
23:18:28.792 [main] INFO  com.cloudframe.app.process.Comput1.process  124 - *GB* LK-RLU3A-TOT-DATA-PROMO-ALLOW = 16001726
23:18:28.792 [main] INFO  com.cloudframe.app.process.Comput1.process  126 - *GB* LK-RLU3A-ACCT-PLAN-DATA-ALLOW = 16001726
23:18:28.792 [main] INFO  com.cloudframe.app.process.Comput1.process   76 - ___________________________________
23:18:28.793 [main] INFO  com.cloudframe.app.process.Comput1.process   78 - 368 . WS-OOSU-SHARED-ALLOW = 134179259
23:18:28.793 [main] INFO  com.cloudframe.app.process.Comput1.process   90 - *KB* LK-RLU3A-TOT-DATA-PROMO-ALLOW = 16132760
23:18:28.793 [main] INFO  com.cloudframe.app.process.Comput1.process   92 - *KB* LK-RLU3A-ACCT-PLAN-DATA-ALLOW = 16132760
23:18:28.793 [main] INFO  com.cloudframe.app.process.Comput1.process  108 - *MB* LK-RLU3A-TOT-DATA-PROMO-ALLOW = 16132887
23:18:28.793 [main] INFO  com.cloudframe.app.process.Comput1.process  110 - *MB* LK-RLU3A-ACCT-PLAN-DATA-ALLOW = 16132887
23:18:28.793 [main] INFO  com.cloudframe.app.process.Comput1.process  124 - *GB* LK-RLU3A-TOT-DATA-PROMO-ALLOW = 16132887
23:18:28.793 [main] INFO  com.cloudframe.app.process.Comput1.process  126 - *GB* LK-RLU3A-ACCT-PLAN-DATA-ALLOW = 16132887
23:18:28.793 [main] INFO  com.cloudframe.app.process.Comput1.process   76 - ___________________________________
23:18:28.794 [main] INFO  com.cloudframe.app.process.Comput1.process   78 - 369 . WS-OOSU-SHARED-ALLOW = 134910475
23:18:28.794 [main] INFO  com.cloudframe.app.process.Comput1.process   90 - *KB* LK-RLU3A-TOT-DATA-PROMO-ALLOW = 16264635
23:18:28.794 [main] INFO  com.cloudframe.app.process.Comput1.process   92 - *KB* LK-RLU3A-ACCT-PLAN-DATA-ALLOW = 16264635
23:18:28.794 [main] INFO  com.cloudframe.app.process.Comput1.process  108 - *MB* LK-RLU3A-TOT-DATA-PROMO-ALLOW = 16264763
23:18:28.794 [main] INFO  com.cloudframe.app.process.Comput1.process  110 - *MB* LK-RLU3A-ACCT-PLAN-DATA-ALLOW = 16264763
23:18:28.794 [main] INFO  com.cloudframe.app.process.Comput1.process  124 - *GB* LK-RLU3A-TOT-DATA-PROMO-ALLOW = 16264763
23:18:28.794 [main] INFO  com.cloudframe.app.process.Comput1.process  126 - *GB* LK-RLU3A-ACCT-PLAN-DATA-ALLOW = 16264763
23:18:28.794 [main] INFO  com.cloudframe.app.process.Comput1.process   76 - ___________________________________
23:18:28.794 [main] INFO  com.cloudframe.app.process.Comput1.process   78 - 370 . WS-OOSU-SHARED-ALLOW = 135643678
23:18:28.795 [main] INFO  com.cloudframe.app.process.Comput1.process   90 - *KB* LK-RLU3A-TOT-DATA-PROMO-ALLOW = 16397227
23:18:28.795 [main] INFO  com.cloudframe.app.process.Comput1.process   92 - *KB* LK-RLU3A-ACCT-PLAN-DATA-ALLOW = 16397227
23:18:28.795 [main] INFO  com.cloudframe.app.process.Comput1.process  108 - *MB* LK-RLU3A-TOT-DATA-PROMO-ALLOW = 16397356
23:18:28.795 [main] INFO  com.cloudframe.app.process.Comput1.process  110 - *MB* LK-RLU3A-ACCT-PLAN-DATA-ALLOW = 16397356
23:18:28.795 [main] INFO  com.cloudframe.app.process.Comput1.process  124 - *GB* LK-RLU3A-TOT-DATA-PROMO-ALLOW = 16397356
23:18:28.795 [main] INFO  com.cloudframe.app.process.Comput1.process  126 - *GB* LK-RLU3A-ACCT-PLAN-DATA-ALLOW = 16397356
23:18:28.795 [main] INFO  com.cloudframe.app.process.Comput1.process   76 - ___________________________________
23:18:28.795 [main] INFO  com.cloudframe.app.process.Comput1.process   78 - 371 . WS-OOSU-SHARED-ALLOW = 136378868
23:18:28.796 [main] INFO  com.cloudframe.app.process.Comput1.process   90 - *KB* LK-RLU3A-TOT-DATA-PROMO-ALLOW = 16530538
23:18:28.796 [main] INFO  com.cloudframe.app.process.Comput1.process   92 - *KB* LK-RLU3A-ACCT-PLAN-DATA-ALLOW = 16530538
23:18:28.796 [main] INFO  com.cloudframe.app.process.Comput1.process  108 - *MB* LK-RLU3A-TOT-DATA-PROMO-ALLOW = 16530668
23:18:28.796 [main] INFO  com.cloudframe.app.process.Comput1.process  110 - *MB* LK-RLU3A-ACCT-PLAN-DATA-ALLOW = 16530668
23:18:28.796 [main] INFO  com.cloudframe.app.process.Comput1.process  124 - *GB* LK-RLU3A-TOT-DATA-PROMO-ALLOW = 16530668
23:18:28.796 [main] INFO  com.cloudframe.app.process.Comput1.process  126 - *GB* LK-RLU3A-ACCT-PLAN-DATA-ALLOW = 16530668
23:18:28.796 [main] INFO  com.cloudframe.app.process.Comput1.process   76 - ___________________________________
23:18:28.796 [main] INFO  com.cloudframe.app.process.Comput1.process   78 - 372 . WS-OOSU-SHARED-ALLOW = 137116045
23:18:28.797 [main] INFO  com.cloudframe.app.process.Comput1.process   90 - *KB* LK-RLU3A-TOT-DATA-PROMO-ALLOW = 16664570
23:18:28.797 [main] INFO  com.cloudframe.app.process.Comput1.process   92 - *KB* LK-RLU3A-ACCT-PLAN-DATA-ALLOW = 16664570
23:18:28.797 [main] INFO  com.cloudframe.app.process.Comput1.process  108 - *MB* LK-RLU3A-TOT-DATA-PROMO-ALLOW = 16664700
23:18:28.797 [main] INFO  com.cloudframe.app.process.Comput1.process  110 - *MB* LK-RLU3A-ACCT-PLAN-DATA-ALLOW = 16664700
23:18:28.797 [main] INFO  com.cloudframe.app.process.Comput1.process  124 - *GB* LK-RLU3A-TOT-DATA-PROMO-ALLOW = 16664700
23:18:28.797 [main] INFO  com.cloudframe.app.process.Comput1.process  126 - *GB* LK-RLU3A-ACCT-PLAN-DATA-ALLOW = 16664700
23:18:28.797 [main] INFO  com.cloudframe.app.process.Comput1.process   76 - ___________________________________
23:18:28.797 [main] INFO  com.cloudframe.app.process.Comput1.process   78 - 373 . WS-OOSU-SHARED-ALLOW = 137855209
23:18:28.798 [main] INFO  com.cloudframe.app.process.Comput1.process   90 - *KB* LK-RLU3A-TOT-DATA-PROMO-ALLOW = 16799324
23:18:28.798 [main] INFO  com.cloudframe.app.process.Comput1.process   92 - *KB* LK-RLU3A-ACCT-PLAN-DATA-ALLOW = 16799324
23:18:28.798 [main] INFO  com.cloudframe.app.process.Comput1.process  108 - *MB* LK-RLU3A-TOT-DATA-PROMO-ALLOW = 16799455
23:18:28.798 [main] INFO  com.cloudframe.app.process.Comput1.process  110 - *MB* LK-RLU3A-ACCT-PLAN-DATA-ALLOW = 16799455
23:18:28.798 [main] INFO  com.cloudframe.app.process.Comput1.process  124 - *GB* LK-RLU3A-TOT-DATA-PROMO-ALLOW = 16799455
23:18:28.798 [main] INFO  com.cloudframe.app.process.Comput1.process  126 - *GB* LK-RLU3A-ACCT-PLAN-DATA-ALLOW = 16799455
23:18:28.798 [main] INFO  com.cloudframe.app.process.Comput1.process   76 - ___________________________________
23:18:28.798 [main] INFO  com.cloudframe.app.process.Comput1.process   78 - 374 . WS-OOSU-SHARED-ALLOW = 138596360
23:18:28.799 [main] INFO  com.cloudframe.app.process.Comput1.process   90 - *KB* LK-RLU3A-TOT-DATA-PROMO-ALLOW = 16934803
23:18:28.799 [main] INFO  com.cloudframe.app.process.Comput1.process   92 - *KB* LK-RLU3A-ACCT-PLAN-DATA-ALLOW = 16934803
23:18:28.799 [main] INFO  com.cloudframe.app.process.Comput1.process  108 - *MB* LK-RLU3A-TOT-DATA-PROMO-ALLOW = 16934935
23:18:28.799 [main] INFO  com.cloudframe.app.process.Comput1.process  110 - *MB* LK-RLU3A-ACCT-PLAN-DATA-ALLOW = 16934935
23:18:28.799 [main] INFO  com.cloudframe.app.process.Comput1.process  124 - *GB* LK-RLU3A-TOT-DATA-PROMO-ALLOW = 16934935
23:18:28.799 [main] INFO  com.cloudframe.app.process.Comput1.process  126 - *GB* LK-RLU3A-ACCT-PLAN-DATA-ALLOW = 16934935
23:18:28.799 [main] INFO  com.cloudframe.app.process.Comput1.process   76 - ___________________________________
23:18:28.800 [main] INFO  com.cloudframe.app.process.Comput1.process   78 - 375 . WS-OOSU-SHARED-ALLOW = 139339498
23:18:28.800 [main] INFO  com.cloudframe.app.process.Comput1.process   90 - *KB* LK-RLU3A-TOT-DATA-PROMO-ALLOW = 17071008
23:18:28.800 [main] INFO  com.cloudframe.app.process.Comput1.process   92 - *KB* LK-RLU3A-ACCT-PLAN-DATA-ALLOW = 17071008
23:18:28.800 [main] INFO  com.cloudframe.app.process.Comput1.process  108 - *MB* LK-RLU3A-TOT-DATA-PROMO-ALLOW = 17071140
23:18:28.800 [main] INFO  com.cloudframe.app.process.Comput1.process  110 - *MB* LK-RLU3A-ACCT-PLAN-DATA-ALLOW = 17071140
23:18:28.800 [main] INFO  com.cloudframe.app.process.Comput1.process  124 - *GB* LK-RLU3A-TOT-DATA-PROMO-ALLOW = 17071140
23:18:28.800 [main] INFO  com.cloudframe.app.process.Comput1.process  126 - *GB* LK-RLU3A-ACCT-PLAN-DATA-ALLOW = 17071140
23:18:28.800 [main] INFO  com.cloudframe.app.process.Comput1.process   76 - ___________________________________
23:18:28.801 [main] INFO  com.cloudframe.app.process.Comput1.process   78 - 376 . WS-OOSU-SHARED-ALLOW = 140084623
23:18:28.801 [main] INFO  com.cloudframe.app.process.Comput1.process   90 - *KB* LK-RLU3A-TOT-DATA-PROMO-ALLOW = 17207941
23:18:28.801 [main] INFO  com.cloudframe.app.process.Comput1.process   92 - *KB* LK-RLU3A-ACCT-PLAN-DATA-ALLOW = 17207941
23:18:28.801 [main] INFO  com.cloudframe.app.process.Comput1.process  108 - *MB* LK-RLU3A-TOT-DATA-PROMO-ALLOW = 17208074
23:18:28.801 [main] INFO  com.cloudframe.app.process.Comput1.process  110 - *MB* LK-RLU3A-ACCT-PLAN-DATA-ALLOW = 17208074
23:18:28.801 [main] INFO  com.cloudframe.app.process.Comput1.process  124 - *GB* LK-RLU3A-TOT-DATA-PROMO-ALLOW = 17208074
23:18:28.801 [main] INFO  com.cloudframe.app.process.Comput1.process  126 - *GB* LK-RLU3A-ACCT-PLAN-DATA-ALLOW = 17208074
23:18:28.801 [main] INFO  com.cloudframe.app.process.Comput1.process   76 - ___________________________________
23:18:28.802 [main] INFO  com.cloudframe.app.process.Comput1.process   78 - 377 . WS-OOSU-SHARED-ALLOW = 140831735
23:18:28.802 [main] INFO  com.cloudframe.app.process.Comput1.process   90 - *KB* LK-RLU3A-TOT-DATA-PROMO-ALLOW = 17345604
23:18:28.802 [main] INFO  com.cloudframe.app.process.Comput1.process   92 - *KB* LK-RLU3A-ACCT-PLAN-DATA-ALLOW = 17345604
23:18:28.802 [main] INFO  com.cloudframe.app.process.Comput1.process  108 - *MB* LK-RLU3A-TOT-DATA-PROMO-ALLOW = 17345738
23:18:28.802 [main] INFO  com.cloudframe.app.process.Comput1.process  110 - *MB* LK-RLU3A-ACCT-PLAN-DATA-ALLOW = 17345738
23:18:28.802 [main] INFO  com.cloudframe.app.process.Comput1.process  124 - *GB* LK-RLU3A-TOT-DATA-PROMO-ALLOW = 17345738
23:18:28.802 [main] INFO  com.cloudframe.app.process.Comput1.process  126 - *GB* LK-RLU3A-ACCT-PLAN-DATA-ALLOW = 17345738
23:18:28.802 [main] INFO  com.cloudframe.app.process.Comput1.process   76 - ___________________________________
23:18:28.803 [main] INFO  com.cloudframe.app.process.Comput1.process   78 - 378 . WS-OOSU-SHARED-ALLOW = 141580834
23:18:28.803 [main] INFO  com.cloudframe.app.process.Comput1.process   90 - *KB* LK-RLU3A-TOT-DATA-PROMO-ALLOW = 17484000
23:18:28.803 [main] INFO  com.cloudframe.app.process.Comput1.process   92 - *KB* LK-RLU3A-ACCT-PLAN-DATA-ALLOW = 17484000
23:18:28.803 [main] INFO  com.cloudframe.app.process.Comput1.process  108 - *MB* LK-RLU3A-TOT-DATA-PROMO-ALLOW = 17484135
23:18:28.803 [main] INFO  com.cloudframe.app.process.Comput1.process  110 - *MB* LK-RLU3A-ACCT-PLAN-DATA-ALLOW = 17484135
23:18:28.803 [main] INFO  com.cloudframe.app.process.Comput1.process  124 - *GB* LK-RLU3A-TOT-DATA-PROMO-ALLOW = 17484135
23:18:28.803 [main] INFO  com.cloudframe.app.process.Comput1.process  126 - *GB* LK-RLU3A-ACCT-PLAN-DATA-ALLOW = 17484135
23:18:28.803 [main] INFO  com.cloudframe.app.process.Comput1.process   76 - ___________________________________
23:18:28.804 [main] INFO  com.cloudframe.app.process.Comput1.process   78 - 379 . WS-OOSU-SHARED-ALLOW = 142331920
23:18:28.804 [main] INFO  com.cloudframe.app.process.Comput1.process   90 - *KB* LK-RLU3A-TOT-DATA-PROMO-ALLOW = 17623131
23:18:28.804 [main] INFO  com.cloudframe.app.process.Comput1.process   92 - *KB* LK-RLU3A-ACCT-PLAN-DATA-ALLOW = 17623131
23:18:28.804 [main] INFO  com.cloudframe.app.process.Comput1.process  108 - *MB* LK-RLU3A-TOT-DATA-PROMO-ALLOW = 17623266
23:18:28.804 [main] INFO  com.cloudframe.app.process.Comput1.process  110 - *MB* LK-RLU3A-ACCT-PLAN-DATA-ALLOW = 17623266
23:18:28.804 [main] INFO  com.cloudframe.app.process.Comput1.process  124 - *GB* LK-RLU3A-TOT-DATA-PROMO-ALLOW = 17623266
23:18:28.804 [main] INFO  com.cloudframe.app.process.Comput1.process  126 - *GB* LK-RLU3A-ACCT-PLAN-DATA-ALLOW = 17623266
23:18:28.804 [main] INFO  com.cloudframe.app.process.Comput1.process   76 - ___________________________________
23:18:28.805 [main] INFO  com.cloudframe.app.process.Comput1.process   78 - 380 . WS-OOSU-SHARED-ALLOW = 143084993
23:18:28.805 [main] INFO  com.cloudframe.app.process.Comput1.process   90 - *KB* LK-RLU3A-TOT-DATA-PROMO-ALLOW = 17762997
23:18:28.805 [main] INFO  com.cloudframe.app.process.Comput1.process   92 - *KB* LK-RLU3A-ACCT-PLAN-DATA-ALLOW = 17762997
23:18:28.805 [main] INFO  com.cloudframe.app.process.Comput1.process  108 - *MB* LK-RLU3A-TOT-DATA-PROMO-ALLOW = 17763133
23:18:28.805 [main] INFO  com.cloudframe.app.process.Comput1.process  110 - *MB* LK-RLU3A-ACCT-PLAN-DATA-ALLOW = 17763133
23:18:28.805 [main] INFO  com.cloudframe.app.process.Comput1.process  124 - *GB* LK-RLU3A-TOT-DATA-PROMO-ALLOW = 17763133
23:18:28.805 [main] INFO  com.cloudframe.app.process.Comput1.process  126 - *GB* LK-RLU3A-ACCT-PLAN-DATA-ALLOW = 17763133
23:18:28.805 [main] INFO  com.cloudframe.app.process.Comput1.process   76 - ___________________________________
23:18:28.806 [main] INFO  com.cloudframe.app.process.Comput1.process   78 - 381 . WS-OOSU-SHARED-ALLOW = 143840053
23:18:28.806 [main] INFO  com.cloudframe.app.process.Comput1.process   90 - *KB* LK-RLU3A-TOT-DATA-PROMO-ALLOW = 17903601
23:18:28.806 [main] INFO  com.cloudframe.app.process.Comput1.process   92 - *KB* LK-RLU3A-ACCT-PLAN-DATA-ALLOW = 17903601
23:18:28.806 [main] INFO  com.cloudframe.app.process.Comput1.process  108 - *MB* LK-RLU3A-TOT-DATA-PROMO-ALLOW = 17903738
23:18:28.806 [main] INFO  com.cloudframe.app.process.Comput1.process  110 - *MB* LK-RLU3A-ACCT-PLAN-DATA-ALLOW = 17903738
23:18:28.806 [main] INFO  com.cloudframe.app.process.Comput1.process  124 - *GB* LK-RLU3A-TOT-DATA-PROMO-ALLOW = 17903738
23:18:28.806 [main] INFO  com.cloudframe.app.process.Comput1.process  126 - *GB* LK-RLU3A-ACCT-PLAN-DATA-ALLOW = 17903738
23:18:28.806 [main] INFO  com.cloudframe.app.process.Comput1.process   76 - ___________________________________
23:18:28.807 [main] INFO  com.cloudframe.app.process.Comput1.process   78 - 382 . WS-OOSU-SHARED-ALLOW = 144597100
23:18:28.807 [main] INFO  com.cloudframe.app.process.Comput1.process   90 - *KB* LK-RLU3A-TOT-DATA-PROMO-ALLOW = 18044946
23:18:28.807 [main] INFO  com.cloudframe.app.process.Comput1.process   92 - *KB* LK-RLU3A-ACCT-PLAN-DATA-ALLOW = 18044946
23:18:28.807 [main] INFO  com.cloudframe.app.process.Comput1.process  108 - *MB* LK-RLU3A-TOT-DATA-PROMO-ALLOW = 18045083
23:18:28.807 [main] INFO  com.cloudframe.app.process.Comput1.process  110 - *MB* LK-RLU3A-ACCT-PLAN-DATA-ALLOW = 18045083
23:18:28.807 [main] INFO  com.cloudframe.app.process.Comput1.process  124 - *GB* LK-RLU3A-TOT-DATA-PROMO-ALLOW = 18045083
23:18:28.807 [main] INFO  com.cloudframe.app.process.Comput1.process  126 - *GB* LK-RLU3A-ACCT-PLAN-DATA-ALLOW = 18045083
23:18:28.807 [main] INFO  com.cloudframe.app.process.Comput1.process   76 - ___________________________________
23:18:28.807 [main] INFO  com.cloudframe.app.process.Comput1.process   78 - 383 . WS-OOSU-SHARED-ALLOW = 145356134
23:18:28.808 [main] INFO  com.cloudframe.app.process.Comput1.process   90 - *KB* LK-RLU3A-TOT-DATA-PROMO-ALLOW = 18187032
23:18:28.808 [main] INFO  com.cloudframe.app.process.Comput1.process   92 - *KB* LK-RLU3A-ACCT-PLAN-DATA-ALLOW = 18187032
23:18:28.808 [main] INFO  com.cloudframe.app.process.Comput1.process  108 - *MB* LK-RLU3A-TOT-DATA-PROMO-ALLOW = 18187170
23:18:28.808 [main] INFO  com.cloudframe.app.process.Comput1.process  110 - *MB* LK-RLU3A-ACCT-PLAN-DATA-ALLOW = 18187170
23:18:28.808 [main] INFO  com.cloudframe.app.process.Comput1.process  124 - *GB* LK-RLU3A-TOT-DATA-PROMO-ALLOW = 18187170
23:18:28.808 [main] INFO  com.cloudframe.app.process.Comput1.process  126 - *GB* LK-RLU3A-ACCT-PLAN-DATA-ALLOW = 18187170
23:18:28.808 [main] INFO  com.cloudframe.app.process.Comput1.process   76 - ___________________________________
23:18:28.809 [main] INFO  com.cloudframe.app.process.Comput1.process   78 - 384 . WS-OOSU-SHARED-ALLOW = 146117155
23:18:28.809 [main] INFO  com.cloudframe.app.process.Comput1.process   90 - *KB* LK-RLU3A-TOT-DATA-PROMO-ALLOW = 18329862
23:18:28.809 [main] INFO  com.cloudframe.app.process.Comput1.process   92 - *KB* LK-RLU3A-ACCT-PLAN-DATA-ALLOW = 18329862
23:18:28.809 [main] INFO  com.cloudframe.app.process.Comput1.process  108 - *MB* LK-RLU3A-TOT-DATA-PROMO-ALLOW = 18330001
23:18:28.809 [main] INFO  com.cloudframe.app.process.Comput1.process  110 - *MB* LK-RLU3A-ACCT-PLAN-DATA-ALLOW = 18330001
23:18:28.809 [main] INFO  com.cloudframe.app.process.Comput1.process  124 - *GB* LK-RLU3A-TOT-DATA-PROMO-ALLOW = 18330001
23:18:28.809 [main] INFO  com.cloudframe.app.process.Comput1.process  126 - *GB* LK-RLU3A-ACCT-PLAN-DATA-ALLOW = 18330001
23:18:28.810 [main] INFO  com.cloudframe.app.process.Comput1.process   76 - ___________________________________
23:18:28.810 [main] INFO  com.cloudframe.app.process.Comput1.process   78 - 385 . WS-OOSU-SHARED-ALLOW = 146880163
23:18:28.810 [main] INFO  com.cloudframe.app.process.Comput1.process   90 - *KB* LK-RLU3A-TOT-DATA-PROMO-ALLOW = 18473438
23:18:28.810 [main] INFO  com.cloudframe.app.process.Comput1.process   92 - *KB* LK-RLU3A-ACCT-PLAN-DATA-ALLOW = 18473438
23:18:28.810 [main] INFO  com.cloudframe.app.process.Comput1.process  108 - *MB* LK-RLU3A-TOT-DATA-PROMO-ALLOW = 18473578
23:18:28.810 [main] INFO  com.cloudframe.app.process.Comput1.process  110 - *MB* LK-RLU3A-ACCT-PLAN-DATA-ALLOW = 18473578
23:18:28.810 [main] INFO  com.cloudframe.app.process.Comput1.process  124 - *GB* LK-RLU3A-TOT-DATA-PROMO-ALLOW = 18473578
23:18:28.810 [main] INFO  com.cloudframe.app.process.Comput1.process  126 - *GB* LK-RLU3A-ACCT-PLAN-DATA-ALLOW = 18473578
23:18:28.810 [main] INFO  com.cloudframe.app.process.Comput1.process   76 - ___________________________________
23:18:28.811 [main] INFO  com.cloudframe.app.process.Comput1.process   78 - 386 . WS-OOSU-SHARED-ALLOW = 147645158
23:18:28.811 [main] INFO  com.cloudframe.app.process.Comput1.process   90 - *KB* LK-RLU3A-TOT-DATA-PROMO-ALLOW = 18617762
23:18:28.811 [main] INFO  com.cloudframe.app.process.Comput1.process   92 - *KB* LK-RLU3A-ACCT-PLAN-DATA-ALLOW = 18617762
23:18:28.811 [main] INFO  com.cloudframe.app.process.Comput1.process  108 - *MB* LK-RLU3A-TOT-DATA-PROMO-ALLOW = 18617902
23:18:28.811 [main] INFO  com.cloudframe.app.process.Comput1.process  110 - *MB* LK-RLU3A-ACCT-PLAN-DATA-ALLOW = 18617902
23:18:28.811 [main] INFO  com.cloudframe.app.process.Comput1.process  124 - *GB* LK-RLU3A-TOT-DATA-PROMO-ALLOW = 18617902
23:18:28.811 [main] INFO  com.cloudframe.app.process.Comput1.process  126 - *GB* LK-RLU3A-ACCT-PLAN-DATA-ALLOW = 18617902
23:18:28.811 [main] INFO  com.cloudframe.app.process.Comput1.process   76 - ___________________________________
23:18:28.811 [main] INFO  com.cloudframe.app.process.Comput1.process   78 - 387 . WS-OOSU-SHARED-ALLOW = 148412140
23:18:28.811 [main] INFO  com.cloudframe.app.process.Comput1.process   90 - *KB* LK-RLU3A-TOT-DATA-PROMO-ALLOW = 18762835
23:18:28.812 [main] INFO  com.cloudframe.app.process.Comput1.process   92 - *KB* LK-RLU3A-ACCT-PLAN-DATA-ALLOW = 18762835
23:18:28.812 [main] INFO  com.cloudframe.app.process.Comput1.process  108 - *MB* LK-RLU3A-TOT-DATA-PROMO-ALLOW = 18762976
23:18:28.812 [main] INFO  com.cloudframe.app.process.Comput1.process  110 - *MB* LK-RLU3A-ACCT-PLAN-DATA-ALLOW = 18762976
23:18:28.812 [main] INFO  com.cloudframe.app.process.Comput1.process  124 - *GB* LK-RLU3A-TOT-DATA-PROMO-ALLOW = 18762976
23:18:28.812 [main] INFO  com.cloudframe.app.process.Comput1.process  126 - *GB* LK-RLU3A-ACCT-PLAN-DATA-ALLOW = 18762976
23:18:28.812 [main] INFO  com.cloudframe.app.process.Comput1.process   76 - ___________________________________
23:18:28.812 [main] INFO  com.cloudframe.app.process.Comput1.process   78 - 388 . WS-OOSU-SHARED-ALLOW = 149181109
23:18:28.812 [main] INFO  com.cloudframe.app.process.Comput1.process   90 - *KB* LK-RLU3A-TOT-DATA-PROMO-ALLOW = 18908660
23:18:28.812 [main] INFO  com.cloudframe.app.process.Comput1.process   92 - *KB* LK-RLU3A-ACCT-PLAN-DATA-ALLOW = 18908660
23:18:28.813 [main] INFO  com.cloudframe.app.process.Comput1.process  108 - *MB* LK-RLU3A-TOT-DATA-PROMO-ALLOW = 18908802
23:18:28.813 [main] INFO  com.cloudframe.app.process.Comput1.process  110 - *MB* LK-RLU3A-ACCT-PLAN-DATA-ALLOW = 18908802
23:18:28.813 [main] INFO  com.cloudframe.app.process.Comput1.process  124 - *GB* LK-RLU3A-TOT-DATA-PROMO-ALLOW = 18908802
23:18:28.813 [main] INFO  com.cloudframe.app.process.Comput1.process  126 - *GB* LK-RLU3A-ACCT-PLAN-DATA-ALLOW = 18908802
23:18:28.813 [main] INFO  com.cloudframe.app.process.Comput1.process   76 - ___________________________________
23:18:28.813 [main] INFO  com.cloudframe.app.process.Comput1.process   78 - 389 . WS-OOSU-SHARED-ALLOW = 149952065
23:18:28.813 [main] INFO  com.cloudframe.app.process.Comput1.process   90 - *KB* LK-RLU3A-TOT-DATA-PROMO-ALLOW = 19055239
23:18:28.813 [main] INFO  com.cloudframe.app.process.Comput1.process   92 - *KB* LK-RLU3A-ACCT-PLAN-DATA-ALLOW = 19055239
23:18:28.814 [main] INFO  com.cloudframe.app.process.Comput1.process  108 - *MB* LK-RLU3A-TOT-DATA-PROMO-ALLOW = 19055382
23:18:28.814 [main] INFO  com.cloudframe.app.process.Comput1.process  110 - *MB* LK-RLU3A-ACCT-PLAN-DATA-ALLOW = 19055382
23:18:28.814 [main] INFO  com.cloudframe.app.process.Comput1.process  124 - *GB* LK-RLU3A-TOT-DATA-PROMO-ALLOW = 19055382
23:18:28.814 [main] INFO  com.cloudframe.app.process.Comput1.process  126 - *GB* LK-RLU3A-ACCT-PLAN-DATA-ALLOW = 19055382
23:18:28.814 [main] INFO  com.cloudframe.app.process.Comput1.process   76 - ___________________________________
23:18:28.814 [main] INFO  com.cloudframe.app.process.Comput1.process   78 - 390 . WS-OOSU-SHARED-ALLOW = 150725008
23:18:28.814 [main] INFO  com.cloudframe.app.process.Comput1.process   90 - *KB* LK-RLU3A-TOT-DATA-PROMO-ALLOW = 19202574
23:18:28.814 [main] INFO  com.cloudframe.app.process.Comput1.process   92 - *KB* LK-RLU3A-ACCT-PLAN-DATA-ALLOW = 19202574
23:18:28.815 [main] INFO  com.cloudframe.app.process.Comput1.process  108 - *MB* LK-RLU3A-TOT-DATA-PROMO-ALLOW = 19202717
23:18:28.815 [main] INFO  com.cloudframe.app.process.Comput1.process  110 - *MB* LK-RLU3A-ACCT-PLAN-DATA-ALLOW = 19202717
23:18:28.815 [main] INFO  com.cloudframe.app.process.Comput1.process  124 - *GB* LK-RLU3A-TOT-DATA-PROMO-ALLOW = 19202717
23:18:28.815 [main] INFO  com.cloudframe.app.process.Comput1.process  126 - *GB* LK-RLU3A-ACCT-PLAN-DATA-ALLOW = 19202717
23:18:28.815 [main] INFO  com.cloudframe.app.process.Comput1.process   76 - ___________________________________
23:18:28.815 [main] INFO  com.cloudframe.app.process.Comput1.process   78 - 391 . WS-OOSU-SHARED-ALLOW = 151499938
23:18:28.815 [main] INFO  com.cloudframe.app.process.Comput1.process   90 - *KB* LK-RLU3A-TOT-DATA-PROMO-ALLOW = 19350666
23:18:28.815 [main] INFO  com.cloudframe.app.process.Comput1.process   92 - *KB* LK-RLU3A-ACCT-PLAN-DATA-ALLOW = 19350666
23:18:28.815 [main] INFO  com.cloudframe.app.process.Comput1.process  108 - *MB* LK-RLU3A-TOT-DATA-PROMO-ALLOW = 19350810
23:18:28.815 [main] INFO  com.cloudframe.app.process.Comput1.process  110 - *MB* LK-RLU3A-ACCT-PLAN-DATA-ALLOW = 19350810
23:18:28.816 [main] INFO  com.cloudframe.app.process.Comput1.process  124 - *GB* LK-RLU3A-TOT-DATA-PROMO-ALLOW = 19350810
23:18:28.816 [main] INFO  com.cloudframe.app.process.Comput1.process  126 - *GB* LK-RLU3A-ACCT-PLAN-DATA-ALLOW = 19350810
23:18:28.816 [main] INFO  com.cloudframe.app.process.Comput1.process   76 - ___________________________________
23:18:28.816 [main] INFO  com.cloudframe.app.process.Comput1.process   78 - 392 . WS-OOSU-SHARED-ALLOW = 152276855
23:18:28.816 [main] INFO  com.cloudframe.app.process.Comput1.process   90 - *KB* LK-RLU3A-TOT-DATA-PROMO-ALLOW = 19499517
23:18:28.816 [main] INFO  com.cloudframe.app.process.Comput1.process   92 - *KB* LK-RLU3A-ACCT-PLAN-DATA-ALLOW = 19499517
23:18:28.816 [main] INFO  com.cloudframe.app.process.Comput1.process  108 - *MB* LK-RLU3A-TOT-DATA-PROMO-ALLOW = 19499662
23:18:28.816 [main] INFO  com.cloudframe.app.process.Comput1.process  110 - *MB* LK-RLU3A-ACCT-PLAN-DATA-ALLOW = 19499662
23:18:28.816 [main] INFO  com.cloudframe.app.process.Comput1.process  124 - *GB* LK-RLU3A-TOT-DATA-PROMO-ALLOW = 19499662
23:18:28.817 [main] INFO  com.cloudframe.app.process.Comput1.process  126 - *GB* LK-RLU3A-ACCT-PLAN-DATA-ALLOW = 19499662
23:18:28.817 [main] INFO  com.cloudframe.app.process.Comput1.process   76 - ___________________________________
23:18:28.817 [main] INFO  com.cloudframe.app.process.Comput1.process   78 - 393 . WS-OOSU-SHARED-ALLOW = 153055759
23:18:28.817 [main] INFO  com.cloudframe.app.process.Comput1.process   90 - *KB* LK-RLU3A-TOT-DATA-PROMO-ALLOW = 19649130
23:18:28.817 [main] INFO  com.cloudframe.app.process.Comput1.process   92 - *KB* LK-RLU3A-ACCT-PLAN-DATA-ALLOW = 19649130
23:18:28.817 [main] INFO  com.cloudframe.app.process.Comput1.process  108 - *MB* LK-RLU3A-TOT-DATA-PROMO-ALLOW = 19649275
23:18:28.817 [main] INFO  com.cloudframe.app.process.Comput1.process  110 - *MB* LK-RLU3A-ACCT-PLAN-DATA-ALLOW = 19649275
23:18:28.817 [main] INFO  com.cloudframe.app.process.Comput1.process  124 - *GB* LK-RLU3A-TOT-DATA-PROMO-ALLOW = 19649275
23:18:28.817 [main] INFO  com.cloudframe.app.process.Comput1.process  126 - *GB* LK-RLU3A-ACCT-PLAN-DATA-ALLOW = 19649275
23:18:28.818 [main] INFO  com.cloudframe.app.process.Comput1.process   76 - ___________________________________
23:18:28.818 [main] INFO  com.cloudframe.app.process.Comput1.process   78 - 394 . WS-OOSU-SHARED-ALLOW = 153836650
23:18:28.818 [main] INFO  com.cloudframe.app.process.Comput1.process   90 - *KB* LK-RLU3A-TOT-DATA-PROMO-ALLOW = 19799506
23:18:28.818 [main] INFO  com.cloudframe.app.process.Comput1.process   92 - *KB* LK-RLU3A-ACCT-PLAN-DATA-ALLOW = 19799506
23:18:28.818 [main] INFO  com.cloudframe.app.process.Comput1.process  108 - *MB* LK-RLU3A-TOT-DATA-PROMO-ALLOW = 19799652
23:18:28.818 [main] INFO  com.cloudframe.app.process.Comput1.process  110 - *MB* LK-RLU3A-ACCT-PLAN-DATA-ALLOW = 19799652
23:18:28.818 [main] INFO  com.cloudframe.app.process.Comput1.process  124 - *GB* LK-RLU3A-TOT-DATA-PROMO-ALLOW = 19799652
23:18:28.818 [main] INFO  com.cloudframe.app.process.Comput1.process  126 - *GB* LK-RLU3A-ACCT-PLAN-DATA-ALLOW = 19799652
23:18:28.818 [main] INFO  com.cloudframe.app.process.Comput1.process   76 - ___________________________________
23:18:28.819 [main] INFO  com.cloudframe.app.process.Comput1.process   78 - 395 . WS-OOSU-SHARED-ALLOW = 154619528
23:18:28.819 [main] INFO  com.cloudframe.app.process.Comput1.process   90 - *KB* LK-RLU3A-TOT-DATA-PROMO-ALLOW = 19950647
23:18:28.819 [main] INFO  com.cloudframe.app.process.Comput1.process   92 - *KB* LK-RLU3A-ACCT-PLAN-DATA-ALLOW = 19950647
23:18:28.819 [main] INFO  com.cloudframe.app.process.Comput1.process  108 - *MB* LK-RLU3A-TOT-DATA-PROMO-ALLOW = 19950794
23:18:28.819 [main] INFO  com.cloudframe.app.process.Comput1.process  110 - *MB* LK-RLU3A-ACCT-PLAN-DATA-ALLOW = 19950794
23:18:28.819 [main] INFO  com.cloudframe.app.process.Comput1.process  124 - *GB* LK-RLU3A-TOT-DATA-PROMO-ALLOW = 19950794
23:18:28.819 [main] INFO  com.cloudframe.app.process.Comput1.process  126 - *GB* LK-RLU3A-ACCT-PLAN-DATA-ALLOW = 19950794
23:18:28.819 [main] INFO  com.cloudframe.app.process.Comput1.process   76 - ___________________________________
23:18:28.819 [main] INFO  com.cloudframe.app.process.Comput1.process   78 - 396 . WS-OOSU-SHARED-ALLOW = 155404393
23:18:28.820 [main] INFO  com.cloudframe.app.process.Comput1.process   90 - *KB* LK-RLU3A-TOT-DATA-PROMO-ALLOW = 20102556
23:18:28.820 [main] INFO  com.cloudframe.app.process.Comput1.process   92 - *KB* LK-RLU3A-ACCT-PLAN-DATA-ALLOW = 20102556
23:18:28.820 [main] INFO  com.cloudframe.app.process.Comput1.process  108 - *MB* LK-RLU3A-TOT-DATA-PROMO-ALLOW = 20102704
23:18:28.820 [main] INFO  com.cloudframe.app.process.Comput1.process  110 - *MB* LK-RLU3A-ACCT-PLAN-DATA-ALLOW = 20102704
23:18:28.820 [main] INFO  com.cloudframe.app.process.Comput1.process  124 - *GB* LK-RLU3A-TOT-DATA-PROMO-ALLOW = 20102704
23:18:28.820 [main] INFO  com.cloudframe.app.process.Comput1.process  126 - *GB* LK-RLU3A-ACCT-PLAN-DATA-ALLOW = 20102704
23:18:28.820 [main] INFO  com.cloudframe.app.process.Comput1.process   76 - ___________________________________
23:18:28.820 [main] INFO  com.cloudframe.app.process.Comput1.process   78 - 397 . WS-OOSU-SHARED-ALLOW = 156191245
23:18:28.820 [main] INFO  com.cloudframe.app.process.Comput1.process   90 - *KB* LK-RLU3A-TOT-DATA-PROMO-ALLOW = 20255234
23:18:28.821 [main] INFO  com.cloudframe.app.process.Comput1.process   92 - *KB* LK-RLU3A-ACCT-PLAN-DATA-ALLOW = 20255234
23:18:28.821 [main] INFO  com.cloudframe.app.process.Comput1.process  108 - *MB* LK-RLU3A-TOT-DATA-PROMO-ALLOW = 20255382
23:18:28.821 [main] INFO  com.cloudframe.app.process.Comput1.process  110 - *MB* LK-RLU3A-ACCT-PLAN-DATA-ALLOW = 20255382
23:18:28.821 [main] INFO  com.cloudframe.app.process.Comput1.process  124 - *GB* LK-RLU3A-TOT-DATA-PROMO-ALLOW = 20255382
23:18:28.821 [main] INFO  com.cloudframe.app.process.Comput1.process  126 - *GB* LK-RLU3A-ACCT-PLAN-DATA-ALLOW = 20255382
23:18:28.821 [main] INFO  com.cloudframe.app.process.Comput1.process   76 - ___________________________________
23:18:28.821 [main] INFO  com.cloudframe.app.process.Comput1.process   78 - 398 . WS-OOSU-SHARED-ALLOW = 156980084
23:18:28.821 [main] INFO  com.cloudframe.app.process.Comput1.process   90 - *KB* LK-RLU3A-TOT-DATA-PROMO-ALLOW = 20408682
23:18:28.821 [main] INFO  com.cloudframe.app.process.Comput1.process   92 - *KB* LK-RLU3A-ACCT-PLAN-DATA-ALLOW = 20408682
23:18:28.822 [main] INFO  com.cloudframe.app.process.Comput1.process  108 - *MB* LK-RLU3A-TOT-DATA-PROMO-ALLOW = 20408831
23:18:28.822 [main] INFO  com.cloudframe.app.process.Comput1.process  110 - *MB* LK-RLU3A-ACCT-PLAN-DATA-ALLOW = 20408831
23:18:28.822 [main] INFO  com.cloudframe.app.process.Comput1.process  124 - *GB* LK-RLU3A-TOT-DATA-PROMO-ALLOW = 20408831
23:18:28.822 [main] INFO  com.cloudframe.app.process.Comput1.process  126 - *GB* LK-RLU3A-ACCT-PLAN-DATA-ALLOW = 20408831
23:18:28.822 [main] INFO  com.cloudframe.app.process.Comput1.process   76 - ___________________________________
23:18:28.822 [main] INFO  com.cloudframe.app.process.Comput1.process   78 - 399 . WS-OOSU-SHARED-ALLOW = 157770910
23:18:28.822 [main] INFO  com.cloudframe.app.process.Comput1.process   90 - *KB* LK-RLU3A-TOT-DATA-PROMO-ALLOW = 20562904
23:18:28.822 [main] INFO  com.cloudframe.app.process.Comput1.process   92 - *KB* LK-RLU3A-ACCT-PLAN-DATA-ALLOW = 20562904
23:18:28.822 [main] INFO  com.cloudframe.app.process.Comput1.process  108 - *MB* LK-RLU3A-TOT-DATA-PROMO-ALLOW = 20563054
23:18:28.823 [main] INFO  com.cloudframe.app.process.Comput1.process  110 - *MB* LK-RLU3A-ACCT-PLAN-DATA-ALLOW = 20563054
23:18:28.823 [main] INFO  com.cloudframe.app.process.Comput1.process  124 - *GB* LK-RLU3A-TOT-DATA-PROMO-ALLOW = 20563054
23:18:28.823 [main] INFO  com.cloudframe.app.process.Comput1.process  126 - *GB* LK-RLU3A-ACCT-PLAN-DATA-ALLOW = 20563054
23:18:28.823 [main] INFO  com.cloudframe.app.process.Comput1.process   76 - ___________________________________
23:18:28.823 [main] INFO  com.cloudframe.app.process.Comput1.process   78 - 400 . WS-OOSU-SHARED-ALLOW = 158563723
23:18:28.823 [main] INFO  com.cloudframe.app.process.Comput1.process   90 - *KB* LK-RLU3A-TOT-DATA-PROMO-ALLOW = 20717901
23:18:28.823 [main] INFO  com.cloudframe.app.process.Comput1.process   92 - *KB* LK-RLU3A-ACCT-PLAN-DATA-ALLOW = 20717901
23:18:28.823 [main] INFO  com.cloudframe.app.process.Comput1.process  108 - *MB* LK-RLU3A-TOT-DATA-PROMO-ALLOW = 20718052
23:18:28.824 [main] INFO  com.cloudframe.app.process.Comput1.process  110 - *MB* LK-RLU3A-ACCT-PLAN-DATA-ALLOW = 20718052
23:18:28.824 [main] INFO  com.cloudframe.app.process.Comput1.process  124 - *GB* LK-RLU3A-TOT-DATA-PROMO-ALLOW = 20718052
23:18:28.824 [main] INFO  com.cloudframe.app.process.Comput1.process  126 - *GB* LK-RLU3A-ACCT-PLAN-DATA-ALLOW = 20718052
23:18:28.824 [main] INFO  com.cloudframe.app.process.Comput1.process   76 - ___________________________________
23:18:28.824 [main] INFO  com.cloudframe.app.process.Comput1.process   78 - 401 . WS-OOSU-SHARED-ALLOW = 159358523
23:18:28.824 [main] INFO  com.cloudframe.app.process.Comput1.process   90 - *KB* LK-RLU3A-TOT-DATA-PROMO-ALLOW = 20873675
23:18:28.824 [main] INFO  com.cloudframe.app.process.Comput1.process   92 - *KB* LK-RLU3A-ACCT-PLAN-DATA-ALLOW = 20873675
23:18:28.825 [main] INFO  com.cloudframe.app.process.Comput1.process  108 - *MB* LK-RLU3A-TOT-DATA-PROMO-ALLOW = 20873826
23:18:28.825 [main] INFO  com.cloudframe.app.process.Comput1.process  110 - *MB* LK-RLU3A-ACCT-PLAN-DATA-ALLOW = 20873826
23:18:28.825 [main] INFO  com.cloudframe.app.process.Comput1.process  124 - *GB* LK-RLU3A-TOT-DATA-PROMO-ALLOW = 20873826
23:18:28.825 [main] INFO  com.cloudframe.app.process.Comput1.process  126 - *GB* LK-RLU3A-ACCT-PLAN-DATA-ALLOW = 20873826
23:18:28.825 [main] INFO  com.cloudframe.app.process.Comput1.process   76 - ___________________________________
23:18:28.825 [main] INFO  com.cloudframe.app.process.Comput1.process   78 - 402 . WS-OOSU-SHARED-ALLOW = 160155310
23:18:28.825 [main] INFO  com.cloudframe.app.process.Comput1.process   90 - *KB* LK-RLU3A-TOT-DATA-PROMO-ALLOW = 21030227
23:18:28.825 [main] INFO  com.cloudframe.app.process.Comput1.process   92 - *KB* LK-RLU3A-ACCT-PLAN-DATA-ALLOW = 21030227
23:18:28.825 [main] INFO  com.cloudframe.app.process.Comput1.process  108 - *MB* LK-RLU3A-TOT-DATA-PROMO-ALLOW = 21030379
23:18:28.825 [main] INFO  com.cloudframe.app.process.Comput1.process  110 - *MB* LK-RLU3A-ACCT-PLAN-DATA-ALLOW = 21030379
23:18:28.826 [main] INFO  com.cloudframe.app.process.Comput1.process  124 - *GB* LK-RLU3A-TOT-DATA-PROMO-ALLOW = 21030379
23:18:28.826 [main] INFO  com.cloudframe.app.process.Comput1.process  126 - *GB* LK-RLU3A-ACCT-PLAN-DATA-ALLOW = 21030379
23:18:28.826 [main] INFO  com.cloudframe.app.process.Comput1.process   76 - ___________________________________
23:18:28.826 [main] INFO  com.cloudframe.app.process.Comput1.process   78 - 403 . WS-OOSU-SHARED-ALLOW = 160954084
23:18:28.826 [main] INFO  com.cloudframe.app.process.Comput1.process   90 - *KB* LK-RLU3A-TOT-DATA-PROMO-ALLOW = 21187560
23:18:28.826 [main] INFO  com.cloudframe.app.process.Comput1.process   92 - *KB* LK-RLU3A-ACCT-PLAN-DATA-ALLOW = 21187560
23:18:28.826 [main] INFO  com.cloudframe.app.process.Comput1.process  108 - *MB* LK-RLU3A-TOT-DATA-PROMO-ALLOW = 21187713
23:18:28.826 [main] INFO  com.cloudframe.app.process.Comput1.process  110 - *MB* LK-RLU3A-ACCT-PLAN-DATA-ALLOW = 21187713
23:18:28.826 [main] INFO  com.cloudframe.app.process.Comput1.process  124 - *GB* LK-RLU3A-TOT-DATA-PROMO-ALLOW = 21187713
23:18:28.827 [main] INFO  com.cloudframe.app.process.Comput1.process  126 - *GB* LK-RLU3A-ACCT-PLAN-DATA-ALLOW = 21187713
23:18:28.827 [main] INFO  com.cloudframe.app.process.Comput1.process   76 - ___________________________________
23:18:28.827 [main] INFO  com.cloudframe.app.process.Comput1.process   78 - 404 . WS-OOSU-SHARED-ALLOW = 161754845
23:18:28.827 [main] INFO  com.cloudframe.app.process.Comput1.process   90 - *KB* LK-RLU3A-TOT-DATA-PROMO-ALLOW = 21345676
23:18:28.827 [main] INFO  com.cloudframe.app.process.Comput1.process   92 - *KB* LK-RLU3A-ACCT-PLAN-DATA-ALLOW = 21345676
23:18:28.827 [main] INFO  com.cloudframe.app.process.Comput1.process  108 - *MB* LK-RLU3A-TOT-DATA-PROMO-ALLOW = 21345830
23:18:28.827 [main] INFO  com.cloudframe.app.process.Comput1.process  110 - *MB* LK-RLU3A-ACCT-PLAN-DATA-ALLOW = 21345830
23:18:28.827 [main] INFO  com.cloudframe.app.process.Comput1.process  124 - *GB* LK-RLU3A-TOT-DATA-PROMO-ALLOW = 21345830
23:18:28.827 [main] INFO  com.cloudframe.app.process.Comput1.process  126 - *GB* LK-RLU3A-ACCT-PLAN-DATA-ALLOW = 21345830
23:18:28.828 [main] INFO  com.cloudframe.app.process.Comput1.process   76 - ___________________________________
23:18:28.828 [main] INFO  com.cloudframe.app.process.Comput1.process   78 - 405 . WS-OOSU-SHARED-ALLOW = 162557593
23:18:28.828 [main] INFO  com.cloudframe.app.process.Comput1.process   90 - *KB* LK-RLU3A-TOT-DATA-PROMO-ALLOW = 21504577
23:18:28.828 [main] INFO  com.cloudframe.app.process.Comput1.process   92 - *KB* LK-RLU3A-ACCT-PLAN-DATA-ALLOW = 21504577
23:18:28.828 [main] INFO  com.cloudframe.app.process.Comput1.process  108 - *MB* LK-RLU3A-TOT-DATA-PROMO-ALLOW = 21504732
23:18:28.828 [main] INFO  com.cloudframe.app.process.Comput1.process  110 - *MB* LK-RLU3A-ACCT-PLAN-DATA-ALLOW = 21504732
23:18:28.828 [main] INFO  com.cloudframe.app.process.Comput1.process  124 - *GB* LK-RLU3A-TOT-DATA-PROMO-ALLOW = 21504732
23:18:28.828 [main] INFO  com.cloudframe.app.process.Comput1.process  126 - *GB* LK-RLU3A-ACCT-PLAN-DATA-ALLOW = 21504732
23:18:28.828 [main] INFO  com.cloudframe.app.process.Comput1.process   76 - ___________________________________
23:18:28.829 [main] INFO  com.cloudframe.app.process.Comput1.process   78 - 406 . WS-OOSU-SHARED-ALLOW = 163362328
23:18:28.829 [main] INFO  com.cloudframe.app.process.Comput1.process   90 - *KB* LK-RLU3A-TOT-DATA-PROMO-ALLOW = 21664265
23:18:28.829 [main] INFO  com.cloudframe.app.process.Comput1.process   92 - *KB* LK-RLU3A-ACCT-PLAN-DATA-ALLOW = 21664265
23:18:28.829 [main] INFO  com.cloudframe.app.process.Comput1.process  108 - *MB* LK-RLU3A-TOT-DATA-PROMO-ALLOW = 21664420
23:18:28.829 [main] INFO  com.cloudframe.app.process.Comput1.process  110 - *MB* LK-RLU3A-ACCT-PLAN-DATA-ALLOW = 21664420
23:18:28.829 [main] INFO  com.cloudframe.app.process.Comput1.process  124 - *GB* LK-RLU3A-TOT-DATA-PROMO-ALLOW = 21664420
23:18:28.829 [main] INFO  com.cloudframe.app.process.Comput1.process  126 - *GB* LK-RLU3A-ACCT-PLAN-DATA-ALLOW = 21664420
23:18:28.829 [main] INFO  com.cloudframe.app.process.Comput1.process   76 - ___________________________________
23:18:28.829 [main] INFO  com.cloudframe.app.process.Comput1.process   78 - 407 . WS-OOSU-SHARED-ALLOW = 164169050
23:18:28.830 [main] INFO  com.cloudframe.app.process.Comput1.process   90 - *KB* LK-RLU3A-TOT-DATA-PROMO-ALLOW = 21824741
23:18:28.830 [main] INFO  com.cloudframe.app.process.Comput1.process   92 - *KB* LK-RLU3A-ACCT-PLAN-DATA-ALLOW = 21824741
23:18:28.830 [main] INFO  com.cloudframe.app.process.Comput1.process  108 - *MB* LK-RLU3A-TOT-DATA-PROMO-ALLOW = 21824897
23:18:28.830 [main] INFO  com.cloudframe.app.process.Comput1.process  110 - *MB* LK-RLU3A-ACCT-PLAN-DATA-ALLOW = 21824897
23:18:28.830 [main] INFO  com.cloudframe.app.process.Comput1.process  124 - *GB* LK-RLU3A-TOT-DATA-PROMO-ALLOW = 21824897
23:18:28.830 [main] INFO  com.cloudframe.app.process.Comput1.process  126 - *GB* LK-RLU3A-ACCT-PLAN-DATA-ALLOW = 21824897
23:18:28.830 [main] INFO  com.cloudframe.app.process.Comput1.process   76 - ___________________________________
23:18:28.830 [main] INFO  com.cloudframe.app.process.Comput1.process   78 - 408 . WS-OOSU-SHARED-ALLOW = 164977759
23:18:28.831 [main] INFO  com.cloudframe.app.process.Comput1.process   90 - *KB* LK-RLU3A-TOT-DATA-PROMO-ALLOW = 21986008
23:18:28.831 [main] INFO  com.cloudframe.app.process.Comput1.process   92 - *KB* LK-RLU3A-ACCT-PLAN-DATA-ALLOW = 21986008
23:18:28.831 [main] INFO  com.cloudframe.app.process.Comput1.process  108 - *MB* LK-RLU3A-TOT-DATA-PROMO-ALLOW = 21986165
23:18:28.831 [main] INFO  com.cloudframe.app.process.Comput1.process  110 - *MB* LK-RLU3A-ACCT-PLAN-DATA-ALLOW = 21986165
23:18:28.831 [main] INFO  com.cloudframe.app.process.Comput1.process  124 - *GB* LK-RLU3A-TOT-DATA-PROMO-ALLOW = 21986165
23:18:28.831 [main] INFO  com.cloudframe.app.process.Comput1.process  126 - *GB* LK-RLU3A-ACCT-PLAN-DATA-ALLOW = 21986165
23:18:28.832 [main] INFO  com.cloudframe.app.process.Comput1.process   76 - ___________________________________
23:18:28.832 [main] INFO  com.cloudframe.app.process.Comput1.process   78 - 409 . WS-OOSU-SHARED-ALLOW = 165788455
23:18:28.832 [main] INFO  com.cloudframe.app.process.Comput1.process   90 - *KB* LK-RLU3A-TOT-DATA-PROMO-ALLOW = 22148067
23:18:28.832 [main] INFO  com.cloudframe.app.process.Comput1.process   92 - *KB* LK-RLU3A-ACCT-PLAN-DATA-ALLOW = 22148067
23:18:28.832 [main] INFO  com.cloudframe.app.process.Comput1.process  108 - *MB* LK-RLU3A-TOT-DATA-PROMO-ALLOW = 22148225
23:18:28.832 [main] INFO  com.cloudframe.app.process.Comput1.process  110 - *MB* LK-RLU3A-ACCT-PLAN-DATA-ALLOW = 22148225
23:18:28.832 [main] INFO  com.cloudframe.app.process.Comput1.process  124 - *GB* LK-RLU3A-TOT-DATA-PROMO-ALLOW = 22148225
23:18:28.832 [main] INFO  com.cloudframe.app.process.Comput1.process  126 - *GB* LK-RLU3A-ACCT-PLAN-DATA-ALLOW = 22148225
23:18:28.832 [main] INFO  com.cloudframe.app.process.Comput1.process   76 - ___________________________________
23:18:28.833 [main] INFO  com.cloudframe.app.process.Comput1.process   78 - 410 . WS-OOSU-SHARED-ALLOW = 166601138
23:18:28.833 [main] INFO  com.cloudframe.app.process.Comput1.process   90 - *KB* LK-RLU3A-TOT-DATA-PROMO-ALLOW = 22310921
23:18:28.833 [main] INFO  com.cloudframe.app.process.Comput1.process   92 - *KB* LK-RLU3A-ACCT-PLAN-DATA-ALLOW = 22310921
23:18:28.833 [main] INFO  com.cloudframe.app.process.Comput1.process  108 - *MB* LK-RLU3A-TOT-DATA-PROMO-ALLOW = 22311079
23:18:28.833 [main] INFO  com.cloudframe.app.process.Comput1.process  110 - *MB* LK-RLU3A-ACCT-PLAN-DATA-ALLOW = 22311079
23:18:28.833 [main] INFO  com.cloudframe.app.process.Comput1.process  124 - *GB* LK-RLU3A-TOT-DATA-PROMO-ALLOW = 22311079
23:18:28.833 [main] INFO  com.cloudframe.app.process.Comput1.process  126 - *GB* LK-RLU3A-ACCT-PLAN-DATA-ALLOW = 22311079
23:18:28.833 [main] INFO  com.cloudframe.app.process.Comput1.process   76 - ___________________________________
23:18:28.833 [main] INFO  com.cloudframe.app.process.Comput1.process   78 - 411 . WS-OOSU-SHARED-ALLOW = 167415808
23:18:28.834 [main] INFO  com.cloudframe.app.process.Comput1.process   90 - *KB* LK-RLU3A-TOT-DATA-PROMO-ALLOW = 22474571
23:18:28.834 [main] INFO  com.cloudframe.app.process.Comput1.process   92 - *KB* LK-RLU3A-ACCT-PLAN-DATA-ALLOW = 22474571
23:18:28.834 [main] INFO  com.cloudframe.app.process.Comput1.process  108 - *MB* LK-RLU3A-TOT-DATA-PROMO-ALLOW = 22474730
23:18:28.834 [main] INFO  com.cloudframe.app.process.Comput1.process  110 - *MB* LK-RLU3A-ACCT-PLAN-DATA-ALLOW = 22474730
23:18:28.834 [main] INFO  com.cloudframe.app.process.Comput1.process  124 - *GB* LK-RLU3A-TOT-DATA-PROMO-ALLOW = 22474730
23:18:28.834 [main] INFO  com.cloudframe.app.process.Comput1.process  126 - *GB* LK-RLU3A-ACCT-PLAN-DATA-ALLOW = 22474730
23:18:28.834 [main] INFO  com.cloudframe.app.process.Comput1.process   76 - ___________________________________
23:18:28.834 [main] INFO  com.cloudframe.app.process.Comput1.process   78 - 412 . WS-OOSU-SHARED-ALLOW = 168232465
23:18:28.835 [main] INFO  com.cloudframe.app.process.Comput1.process   90 - *KB* LK-RLU3A-TOT-DATA-PROMO-ALLOW = 22639019
23:18:28.835 [main] INFO  com.cloudframe.app.process.Comput1.process   92 - *KB* LK-RLU3A-ACCT-PLAN-DATA-ALLOW = 22639019
23:18:28.835 [main] INFO  com.cloudframe.app.process.Comput1.process  108 - *MB* LK-RLU3A-TOT-DATA-PROMO-ALLOW = 22639179
23:18:28.835 [main] INFO  com.cloudframe.app.process.Comput1.process  110 - *MB* LK-RLU3A-ACCT-PLAN-DATA-ALLOW = 22639179
23:18:28.835 [main] INFO  com.cloudframe.app.process.Comput1.process  124 - *GB* LK-RLU3A-TOT-DATA-PROMO-ALLOW = 22639179
23:18:28.835 [main] INFO  com.cloudframe.app.process.Comput1.process  126 - *GB* LK-RLU3A-ACCT-PLAN-DATA-ALLOW = 22639179
23:18:28.835 [main] INFO  com.cloudframe.app.process.Comput1.process   76 - ___________________________________
23:18:28.835 [main] INFO  com.cloudframe.app.process.Comput1.process   78 - 413 . WS-OOSU-SHARED-ALLOW = 169051109
23:18:28.835 [main] INFO  com.cloudframe.app.process.Comput1.process   90 - *KB* LK-RLU3A-TOT-DATA-PROMO-ALLOW = 22804267
23:18:28.836 [main] INFO  com.cloudframe.app.process.Comput1.process   92 - *KB* LK-RLU3A-ACCT-PLAN-DATA-ALLOW = 22804267
23:18:28.836 [main] INFO  com.cloudframe.app.process.Comput1.process  108 - *MB* LK-RLU3A-TOT-DATA-PROMO-ALLOW = 22804428
23:18:28.836 [main] INFO  com.cloudframe.app.process.Comput1.process  110 - *MB* LK-RLU3A-ACCT-PLAN-DATA-ALLOW = 22804428
23:18:28.836 [main] INFO  com.cloudframe.app.process.Comput1.process  124 - *GB* LK-RLU3A-TOT-DATA-PROMO-ALLOW = 22804428
23:18:28.836 [main] INFO  com.cloudframe.app.process.Comput1.process  126 - *GB* LK-RLU3A-ACCT-PLAN-DATA-ALLOW = 22804428
23:18:28.836 [main] INFO  com.cloudframe.app.process.Comput1.process   76 - ___________________________________
23:18:28.836 [main] INFO  com.cloudframe.app.process.Comput1.process   78 - 414 . WS-OOSU-SHARED-ALLOW = 169871740
23:18:28.836 [main] INFO  com.cloudframe.app.process.Comput1.process   90 - *KB* LK-RLU3A-TOT-DATA-PROMO-ALLOW = 22970318
23:18:28.836 [main] INFO  com.cloudframe.app.process.Comput1.process   92 - *KB* LK-RLU3A-ACCT-PLAN-DATA-ALLOW = 22970318
23:18:28.837 [main] INFO  com.cloudframe.app.process.Comput1.process  108 - *MB* LK-RLU3A-TOT-DATA-PROMO-ALLOW = 22970480
23:18:28.837 [main] INFO  com.cloudframe.app.process.Comput1.process  110 - *MB* LK-RLU3A-ACCT-PLAN-DATA-ALLOW = 22970480
23:18:28.837 [main] INFO  com.cloudframe.app.process.Comput1.process  124 - *GB* LK-RLU3A-TOT-DATA-PROMO-ALLOW = 22970480
23:18:28.837 [main] INFO  com.cloudframe.app.process.Comput1.process  126 - *GB* LK-RLU3A-ACCT-PLAN-DATA-ALLOW = 22970480
23:18:28.837 [main] INFO  com.cloudframe.app.process.Comput1.process   76 - ___________________________________
23:18:28.837 [main] INFO  com.cloudframe.app.process.Comput1.process   78 - 415 . WS-OOSU-SHARED-ALLOW = 170694358
23:18:28.837 [main] INFO  com.cloudframe.app.process.Comput1.process   90 - *KB* LK-RLU3A-TOT-DATA-PROMO-ALLOW = 23137173
23:18:28.837 [main] INFO  com.cloudframe.app.process.Comput1.process   92 - *KB* LK-RLU3A-ACCT-PLAN-DATA-ALLOW = 23137173
23:18:28.837 [main] INFO  com.cloudframe.app.process.Comput1.process  108 - *MB* LK-RLU3A-TOT-DATA-PROMO-ALLOW = 23137335
23:18:28.838 [main] INFO  com.cloudframe.app.process.Comput1.process  110 - *MB* LK-RLU3A-ACCT-PLAN-DATA-ALLOW = 23137335
23:18:28.838 [main] INFO  com.cloudframe.app.process.Comput1.process  124 - *GB* LK-RLU3A-TOT-DATA-PROMO-ALLOW = 23137335
23:18:28.838 [main] INFO  com.cloudframe.app.process.Comput1.process  126 - *GB* LK-RLU3A-ACCT-PLAN-DATA-ALLOW = 23137335
23:18:28.838 [main] INFO  com.cloudframe.app.process.Comput1.process   76 - ___________________________________
23:18:28.838 [main] INFO  com.cloudframe.app.process.Comput1.process   78 - 416 . WS-OOSU-SHARED-ALLOW = 171518963
23:18:28.838 [main] INFO  com.cloudframe.app.process.Comput1.process   90 - *KB* LK-RLU3A-TOT-DATA-PROMO-ALLOW = 23304833
23:18:28.838 [main] INFO  com.cloudframe.app.process.Comput1.process   92 - *KB* LK-RLU3A-ACCT-PLAN-DATA-ALLOW = 23304833
23:18:28.838 [main] INFO  com.cloudframe.app.process.Comput1.process  108 - *MB* LK-RLU3A-TOT-DATA-PROMO-ALLOW = 23304996
23:18:28.838 [main] INFO  com.cloudframe.app.process.Comput1.process  110 - *MB* LK-RLU3A-ACCT-PLAN-DATA-ALLOW = 23304996
23:18:28.839 [main] INFO  com.cloudframe.app.process.Comput1.process  124 - *GB* LK-RLU3A-TOT-DATA-PROMO-ALLOW = 23304996
23:18:28.839 [main] INFO  com.cloudframe.app.process.Comput1.process  126 - *GB* LK-RLU3A-ACCT-PLAN-DATA-ALLOW = 23304996
23:18:28.839 [main] INFO  com.cloudframe.app.process.Comput1.process   76 - ___________________________________
23:18:28.839 [main] INFO  com.cloudframe.app.process.Comput1.process   78 - 417 . WS-OOSU-SHARED-ALLOW = 172345555
23:18:28.839 [main] INFO  com.cloudframe.app.process.Comput1.process   90 - *KB* LK-RLU3A-TOT-DATA-PROMO-ALLOW = 23473302
23:18:28.839 [main] INFO  com.cloudframe.app.process.Comput1.process   92 - *KB* LK-RLU3A-ACCT-PLAN-DATA-ALLOW = 23473302
23:18:28.839 [main] INFO  com.cloudframe.app.process.Comput1.process  108 - *MB* LK-RLU3A-TOT-DATA-PROMO-ALLOW = 23473466
23:18:28.839 [main] INFO  com.cloudframe.app.process.Comput1.process  110 - *MB* LK-RLU3A-ACCT-PLAN-DATA-ALLOW = 23473466
23:18:28.839 [main] INFO  com.cloudframe.app.process.Comput1.process  124 - *GB* LK-RLU3A-TOT-DATA-PROMO-ALLOW = 23473466
23:18:28.839 [main] INFO  com.cloudframe.app.process.Comput1.process  126 - *GB* LK-RLU3A-ACCT-PLAN-DATA-ALLOW = 23473466
23:18:28.840 [main] INFO  com.cloudframe.app.process.Comput1.process   76 - ___________________________________
23:18:28.840 [main] INFO  com.cloudframe.app.process.Comput1.process   78 - 418 . WS-OOSU-SHARED-ALLOW = 173174134
23:18:28.840 [main] INFO  com.cloudframe.app.process.Comput1.process   90 - *KB* LK-RLU3A-TOT-DATA-PROMO-ALLOW = 23642581
23:18:28.840 [main] INFO  com.cloudframe.app.process.Comput1.process   92 - *KB* LK-RLU3A-ACCT-PLAN-DATA-ALLOW = 23642581
23:18:28.840 [main] INFO  com.cloudframe.app.process.Comput1.process  108 - *MB* LK-RLU3A-TOT-DATA-PROMO-ALLOW = 23642746
23:18:28.840 [main] INFO  com.cloudframe.app.process.Comput1.process  110 - *MB* LK-RLU3A-ACCT-PLAN-DATA-ALLOW = 23642746
23:18:28.840 [main] INFO  com.cloudframe.app.process.Comput1.process  124 - *GB* LK-RLU3A-TOT-DATA-PROMO-ALLOW = 23642746
23:18:28.840 [main] INFO  com.cloudframe.app.process.Comput1.process  126 - *GB* LK-RLU3A-ACCT-PLAN-DATA-ALLOW = 23642746
23:18:28.840 [main] INFO  com.cloudframe.app.process.Comput1.process   76 - ___________________________________
23:18:28.841 [main] INFO  com.cloudframe.app.process.Comput1.process   78 - 419 . WS-OOSU-SHARED-ALLOW = 174004700
23:18:28.841 [main] INFO  com.cloudframe.app.process.Comput1.process   90 - *KB* LK-RLU3A-TOT-DATA-PROMO-ALLOW = 23812672
23:18:28.841 [main] INFO  com.cloudframe.app.process.Comput1.process   92 - *KB* LK-RLU3A-ACCT-PLAN-DATA-ALLOW = 23812672
23:18:28.841 [main] INFO  com.cloudframe.app.process.Comput1.process  108 - *MB* LK-RLU3A-TOT-DATA-PROMO-ALLOW = 23812837
23:18:28.841 [main] INFO  com.cloudframe.app.process.Comput1.process  110 - *MB* LK-RLU3A-ACCT-PLAN-DATA-ALLOW = 23812837
23:18:28.841 [main] INFO  com.cloudframe.app.process.Comput1.process  124 - *GB* LK-RLU3A-TOT-DATA-PROMO-ALLOW = 23812837
23:18:28.841 [main] INFO  com.cloudframe.app.process.Comput1.process  126 - *GB* LK-RLU3A-ACCT-PLAN-DATA-ALLOW = 23812837
23:18:28.841 [main] INFO  com.cloudframe.app.process.Comput1.process   76 - ___________________________________
23:18:28.841 [main] INFO  com.cloudframe.app.process.Comput1.process   78 - 420 . WS-OOSU-SHARED-ALLOW = 174837253
23:18:28.842 [main] INFO  com.cloudframe.app.process.Comput1.process   90 - *KB* LK-RLU3A-TOT-DATA-PROMO-ALLOW = 23983576
23:18:28.842 [main] INFO  com.cloudframe.app.process.Comput1.process   92 - *KB* LK-RLU3A-ACCT-PLAN-DATA-ALLOW = 23983576
23:18:28.842 [main] INFO  com.cloudframe.app.process.Comput1.process  108 - *MB* LK-RLU3A-TOT-DATA-PROMO-ALLOW = 23983742
23:18:28.842 [main] INFO  com.cloudframe.app.process.Comput1.process  110 - *MB* LK-RLU3A-ACCT-PLAN-DATA-ALLOW = 23983742
23:18:28.842 [main] INFO  com.cloudframe.app.process.Comput1.process  124 - *GB* LK-RLU3A-TOT-DATA-PROMO-ALLOW = 23983742
23:18:28.842 [main] INFO  com.cloudframe.app.process.Comput1.process  126 - *GB* LK-RLU3A-ACCT-PLAN-DATA-ALLOW = 23983742
23:18:28.842 [main] INFO  com.cloudframe.app.process.Comput1.process   76 - ___________________________________
23:18:28.842 [main] INFO  com.cloudframe.app.process.Comput1.process   78 - 421 . WS-OOSU-SHARED-ALLOW = 175671793
23:18:28.842 [main] INFO  com.cloudframe.app.process.Comput1.process   90 - *KB* LK-RLU3A-TOT-DATA-PROMO-ALLOW = 24155296
23:18:28.842 [main] INFO  com.cloudframe.app.process.Comput1.process   92 - *KB* LK-RLU3A-ACCT-PLAN-DATA-ALLOW = 24155296
23:18:28.843 [main] INFO  com.cloudframe.app.process.Comput1.process  108 - *MB* LK-RLU3A-TOT-DATA-PROMO-ALLOW = 24155463
23:18:28.843 [main] INFO  com.cloudframe.app.process.Comput1.process  110 - *MB* LK-RLU3A-ACCT-PLAN-DATA-ALLOW = 24155463
23:18:28.843 [main] INFO  com.cloudframe.app.process.Comput1.process  124 - *GB* LK-RLU3A-TOT-DATA-PROMO-ALLOW = 24155463
23:18:28.843 [main] INFO  com.cloudframe.app.process.Comput1.process  126 - *GB* LK-RLU3A-ACCT-PLAN-DATA-ALLOW = 24155463
23:18:28.843 [main] INFO  com.cloudframe.app.process.Comput1.process   76 - ___________________________________
23:18:28.843 [main] INFO  com.cloudframe.app.process.Comput1.process   78 - 422 . WS-OOSU-SHARED-ALLOW = 176508320
23:18:28.843 [main] INFO  com.cloudframe.app.process.Comput1.process   90 - *KB* LK-RLU3A-TOT-DATA-PROMO-ALLOW = 24327834
23:18:28.843 [main] INFO  com.cloudframe.app.process.Comput1.process   92 - *KB* LK-RLU3A-ACCT-PLAN-DATA-ALLOW = 24327834
23:18:28.843 [main] INFO  com.cloudframe.app.process.Comput1.process  108 - *MB* LK-RLU3A-TOT-DATA-PROMO-ALLOW = 24328002
23:18:28.844 [main] INFO  com.cloudframe.app.process.Comput1.process  110 - *MB* LK-RLU3A-ACCT-PLAN-DATA-ALLOW = 24328002
23:18:28.844 [main] INFO  com.cloudframe.app.process.Comput1.process  124 - *GB* LK-RLU3A-TOT-DATA-PROMO-ALLOW = 24328002
23:18:28.844 [main] INFO  com.cloudframe.app.process.Comput1.process  126 - *GB* LK-RLU3A-ACCT-PLAN-DATA-ALLOW = 24328002
23:18:28.844 [main] INFO  com.cloudframe.app.process.Comput1.process   76 - ___________________________________
23:18:28.844 [main] INFO  com.cloudframe.app.process.Comput1.process   78 - 423 . WS-OOSU-SHARED-ALLOW = 177346834
23:18:28.844 [main] INFO  com.cloudframe.app.process.Comput1.process   90 - *KB* LK-RLU3A-TOT-DATA-PROMO-ALLOW = 24501192
23:18:28.845 [main] INFO  com.cloudframe.app.process.Comput1.process   92 - *KB* LK-RLU3A-ACCT-PLAN-DATA-ALLOW = 24501192
23:18:28.845 [main] INFO  com.cloudframe.app.process.Comput1.process  108 - *MB* LK-RLU3A-TOT-DATA-PROMO-ALLOW = 24501361
23:18:28.845 [main] INFO  com.cloudframe.app.process.Comput1.process  110 - *MB* LK-RLU3A-ACCT-PLAN-DATA-ALLOW = 24501361
23:18:28.845 [main] INFO  com.cloudframe.app.process.Comput1.process  124 - *GB* LK-RLU3A-TOT-DATA-PROMO-ALLOW = 24501361
23:18:28.845 [main] INFO  com.cloudframe.app.process.Comput1.process  126 - *GB* LK-RLU3A-ACCT-PLAN-DATA-ALLOW = 24501361
23:18:28.845 [main] INFO  com.cloudframe.app.process.Comput1.process   76 - ___________________________________
23:18:28.845 [main] INFO  com.cloudframe.app.process.Comput1.process   78 - 424 . WS-OOSU-SHARED-ALLOW = 178187335
23:18:28.846 [main] INFO  com.cloudframe.app.process.Comput1.process   90 - *KB* LK-RLU3A-TOT-DATA-PROMO-ALLOW = 24675372
23:18:28.846 [main] INFO  com.cloudframe.app.process.Comput1.process   92 - *KB* LK-RLU3A-ACCT-PLAN-DATA-ALLOW = 24675372
23:18:28.846 [main] INFO  com.cloudframe.app.process.Comput1.process  108 - *MB* LK-RLU3A-TOT-DATA-PROMO-ALLOW = 24675541
23:18:28.846 [main] INFO  com.cloudframe.app.process.Comput1.process  110 - *MB* LK-RLU3A-ACCT-PLAN-DATA-ALLOW = 24675541
23:18:28.846 [main] INFO  com.cloudframe.app.process.Comput1.process  124 - *GB* LK-RLU3A-TOT-DATA-PROMO-ALLOW = 24675541
23:18:28.846 [main] INFO  com.cloudframe.app.process.Comput1.process  126 - *GB* LK-RLU3A-ACCT-PLAN-DATA-ALLOW = 24675541
23:18:28.846 [main] INFO  com.cloudframe.app.process.Comput1.process   76 - ___________________________________
23:18:28.846 [main] INFO  com.cloudframe.app.process.Comput1.process   78 - 425 . WS-OOSU-SHARED-ALLOW = 179029823
23:18:28.846 [main] INFO  com.cloudframe.app.process.Comput1.process   90 - *KB* LK-RLU3A-TOT-DATA-PROMO-ALLOW = 24850374
23:18:28.847 [main] INFO  com.cloudframe.app.process.Comput1.process   92 - *KB* LK-RLU3A-ACCT-PLAN-DATA-ALLOW = 24850374
23:18:28.847 [main] INFO  com.cloudframe.app.process.Comput1.process  108 - *MB* LK-RLU3A-TOT-DATA-PROMO-ALLOW = 24850544
23:18:28.847 [main] INFO  com.cloudframe.app.process.Comput1.process  110 - *MB* LK-RLU3A-ACCT-PLAN-DATA-ALLOW = 24850544
23:18:28.847 [main] INFO  com.cloudframe.app.process.Comput1.process  124 - *GB* LK-RLU3A-TOT-DATA-PROMO-ALLOW = 24850544
23:18:28.847 [main] INFO  com.cloudframe.app.process.Comput1.process  126 - *GB* LK-RLU3A-ACCT-PLAN-DATA-ALLOW = 24850544
23:18:28.847 [main] INFO  com.cloudframe.app.process.Comput1.process   76 - ___________________________________
23:18:28.847 [main] INFO  com.cloudframe.app.process.Comput1.process   78 - 426 . WS-OOSU-SHARED-ALLOW = 179874298
23:18:28.847 [main] INFO  com.cloudframe.app.process.Comput1.process   90 - *KB* LK-RLU3A-TOT-DATA-PROMO-ALLOW = 25026202
23:18:28.847 [main] INFO  com.cloudframe.app.process.Comput1.process   92 - *KB* LK-RLU3A-ACCT-PLAN-DATA-ALLOW = 25026202
23:18:28.847 [main] INFO  com.cloudframe.app.process.Comput1.process  108 - *MB* LK-RLU3A-TOT-DATA-PROMO-ALLOW = 25026373
23:18:28.848 [main] INFO  com.cloudframe.app.process.Comput1.process  110 - *MB* LK-RLU3A-ACCT-PLAN-DATA-ALLOW = 25026373
23:18:28.848 [main] INFO  com.cloudframe.app.process.Comput1.process  124 - *GB* LK-RLU3A-TOT-DATA-PROMO-ALLOW = 25026373
23:18:28.848 [main] INFO  com.cloudframe.app.process.Comput1.process  126 - *GB* LK-RLU3A-ACCT-PLAN-DATA-ALLOW = 25026373
23:18:28.848 [main] INFO  com.cloudframe.app.process.Comput1.process   76 - ___________________________________
23:18:28.848 [main] INFO  com.cloudframe.app.process.Comput1.process   78 - 427 . WS-OOSU-SHARED-ALLOW = 180720760
23:18:28.848 [main] INFO  com.cloudframe.app.process.Comput1.process   90 - *KB* LK-RLU3A-TOT-DATA-PROMO-ALLOW = 25202858
23:18:28.848 [main] INFO  com.cloudframe.app.process.Comput1.process   92 - *KB* LK-RLU3A-ACCT-PLAN-DATA-ALLOW = 25202858
23:18:28.848 [main] INFO  com.cloudframe.app.process.Comput1.process  108 - *MB* LK-RLU3A-TOT-DATA-PROMO-ALLOW = 25203030
23:18:28.848 [main] INFO  com.cloudframe.app.process.Comput1.process  110 - *MB* LK-RLU3A-ACCT-PLAN-DATA-ALLOW = 25203030
23:18:28.849 [main] INFO  com.cloudframe.app.process.Comput1.process  124 - *GB* LK-RLU3A-TOT-DATA-PROMO-ALLOW = 25203030
23:18:28.849 [main] INFO  com.cloudframe.app.process.Comput1.process  126 - *GB* LK-RLU3A-ACCT-PLAN-DATA-ALLOW = 25203030
23:18:28.849 [main] INFO  com.cloudframe.app.process.Comput1.process   76 - ___________________________________
23:18:28.849 [main] INFO  com.cloudframe.app.process.Comput1.process   78 - 428 . WS-OOSU-SHARED-ALLOW = 181569209
23:18:28.849 [main] INFO  com.cloudframe.app.process.Comput1.process   90 - *KB* LK-RLU3A-TOT-DATA-PROMO-ALLOW = 25380343
23:18:28.849 [main] INFO  com.cloudframe.app.process.Comput1.process   92 - *KB* LK-RLU3A-ACCT-PLAN-DATA-ALLOW = 25380343
23:18:28.849 [main] INFO  com.cloudframe.app.process.Comput1.process  108 - *MB* LK-RLU3A-TOT-DATA-PROMO-ALLOW = 25380516
23:18:28.849 [main] INFO  com.cloudframe.app.process.Comput1.process  110 - *MB* LK-RLU3A-ACCT-PLAN-DATA-ALLOW = 25380516
23:18:28.849 [main] INFO  com.cloudframe.app.process.Comput1.process  124 - *GB* LK-RLU3A-TOT-DATA-PROMO-ALLOW = 25380516
23:18:28.850 [main] INFO  com.cloudframe.app.process.Comput1.process  126 - *GB* LK-RLU3A-ACCT-PLAN-DATA-ALLOW = 25380516
23:18:28.850 [main] INFO  com.cloudframe.app.process.Comput1.process   76 - ___________________________________
23:18:28.850 [main] INFO  com.cloudframe.app.process.Comput1.process   78 - 429 . WS-OOSU-SHARED-ALLOW = 182419645
23:18:28.850 [main] INFO  com.cloudframe.app.process.Comput1.process   90 - *KB* LK-RLU3A-TOT-DATA-PROMO-ALLOW = 25558660
23:18:28.850 [main] INFO  com.cloudframe.app.process.Comput1.process   92 - *KB* LK-RLU3A-ACCT-PLAN-DATA-ALLOW = 25558660
23:18:28.850 [main] INFO  com.cloudframe.app.process.Comput1.process  108 - *MB* LK-RLU3A-TOT-DATA-PROMO-ALLOW = 25558833
23:18:28.850 [main] INFO  com.cloudframe.app.process.Comput1.process  110 - *MB* LK-RLU3A-ACCT-PLAN-DATA-ALLOW = 25558833
23:18:28.850 [main] INFO  com.cloudframe.app.process.Comput1.process  124 - *GB* LK-RLU3A-TOT-DATA-PROMO-ALLOW = 25558833
23:18:28.850 [main] INFO  com.cloudframe.app.process.Comput1.process  126 - *GB* LK-RLU3A-ACCT-PLAN-DATA-ALLOW = 25558833
23:18:28.850 [main] INFO  com.cloudframe.app.process.Comput1.process   76 - ___________________________________
23:18:28.851 [main] INFO  com.cloudframe.app.process.Comput1.process   78 - 430 . WS-OOSU-SHARED-ALLOW = 183272068
23:18:28.851 [main] INFO  com.cloudframe.app.process.Comput1.process   90 - *KB* LK-RLU3A-TOT-DATA-PROMO-ALLOW = 25737809
23:18:28.851 [main] INFO  com.cloudframe.app.process.Comput1.process   92 - *KB* LK-RLU3A-ACCT-PLAN-DATA-ALLOW = 25737809
23:18:28.851 [main] INFO  com.cloudframe.app.process.Comput1.process  108 - *MB* LK-RLU3A-TOT-DATA-PROMO-ALLOW = 25737983
23:18:28.851 [main] INFO  com.cloudframe.app.process.Comput1.process  110 - *MB* LK-RLU3A-ACCT-PLAN-DATA-ALLOW = 25737983
23:18:28.851 [main] INFO  com.cloudframe.app.process.Comput1.process  124 - *GB* LK-RLU3A-TOT-DATA-PROMO-ALLOW = 25737983
23:18:28.851 [main] INFO  com.cloudframe.app.process.Comput1.process  126 - *GB* LK-RLU3A-ACCT-PLAN-DATA-ALLOW = 25737983
23:18:28.851 [main] INFO  com.cloudframe.app.process.Comput1.process   76 - ___________________________________
23:18:28.851 [main] INFO  com.cloudframe.app.process.Comput1.process   78 - 431 . WS-OOSU-SHARED-ALLOW = 184126478
23:18:28.852 [main] INFO  com.cloudframe.app.process.Comput1.process   90 - *KB* LK-RLU3A-TOT-DATA-PROMO-ALLOW = 25917794
23:18:28.852 [main] INFO  com.cloudframe.app.process.Comput1.process   92 - *KB* LK-RLU3A-ACCT-PLAN-DATA-ALLOW = 25917794
23:18:28.852 [main] INFO  com.cloudframe.app.process.Comput1.process  108 - *MB* LK-RLU3A-TOT-DATA-PROMO-ALLOW = 25917969
23:18:28.852 [main] INFO  com.cloudframe.app.process.Comput1.process  110 - *MB* LK-RLU3A-ACCT-PLAN-DATA-ALLOW = 25917969
23:18:28.852 [main] INFO  com.cloudframe.app.process.Comput1.process  124 - *GB* LK-RLU3A-TOT-DATA-PROMO-ALLOW = 25917969
23:18:28.852 [main] INFO  com.cloudframe.app.process.Comput1.process  126 - *GB* LK-RLU3A-ACCT-PLAN-DATA-ALLOW = 25917969
23:18:28.852 [main] INFO  com.cloudframe.app.process.Comput1.process   76 - ___________________________________
23:18:28.852 [main] INFO  com.cloudframe.app.process.Comput1.process   78 - 432 . WS-OOSU-SHARED-ALLOW = 184982875
23:18:28.852 [main] INFO  com.cloudframe.app.process.Comput1.process   90 - *KB* LK-RLU3A-TOT-DATA-PROMO-ALLOW = 26098616
23:18:28.852 [main] INFO  com.cloudframe.app.process.Comput1.process   92 - *KB* LK-RLU3A-ACCT-PLAN-DATA-ALLOW = 26098616
23:18:28.853 [main] INFO  com.cloudframe.app.process.Comput1.process  108 - *MB* LK-RLU3A-TOT-DATA-PROMO-ALLOW = 26098792
23:18:28.853 [main] INFO  com.cloudframe.app.process.Comput1.process  110 - *MB* LK-RLU3A-ACCT-PLAN-DATA-ALLOW = 26098792
23:18:28.853 [main] INFO  com.cloudframe.app.process.Comput1.process  124 - *GB* LK-RLU3A-TOT-DATA-PROMO-ALLOW = 26098792
23:18:28.853 [main] INFO  com.cloudframe.app.process.Comput1.process  126 - *GB* LK-RLU3A-ACCT-PLAN-DATA-ALLOW = 26098792
23:18:28.853 [main] INFO  com.cloudframe.app.process.Comput1.process   76 - ___________________________________
23:18:28.853 [main] INFO  com.cloudframe.app.process.Comput1.process   78 - 433 . WS-OOSU-SHARED-ALLOW = 185841259
23:18:28.853 [main] INFO  com.cloudframe.app.process.Comput1.process   90 - *KB* LK-RLU3A-TOT-DATA-PROMO-ALLOW = 26280277
23:18:28.853 [main] INFO  com.cloudframe.app.process.Comput1.process   92 - *KB* LK-RLU3A-ACCT-PLAN-DATA-ALLOW = 26280277
23:18:28.853 [main] INFO  com.cloudframe.app.process.Comput1.process  108 - *MB* LK-RLU3A-TOT-DATA-PROMO-ALLOW = 26280454
23:18:28.854 [main] INFO  com.cloudframe.app.process.Comput1.process  110 - *MB* LK-RLU3A-ACCT-PLAN-DATA-ALLOW = 26280454
23:18:28.854 [main] INFO  com.cloudframe.app.process.Comput1.process  124 - *GB* LK-RLU3A-TOT-DATA-PROMO-ALLOW = 26280454
23:18:28.854 [main] INFO  com.cloudframe.app.process.Comput1.process  126 - *GB* LK-RLU3A-ACCT-PLAN-DATA-ALLOW = 26280454
23:18:28.854 [main] INFO  com.cloudframe.app.process.Comput1.process   76 - ___________________________________
23:18:28.854 [main] INFO  com.cloudframe.app.process.Comput1.process   78 - 434 . WS-OOSU-SHARED-ALLOW = 186701630
23:18:28.854 [main] INFO  com.cloudframe.app.process.Comput1.process   90 - *KB* LK-RLU3A-TOT-DATA-PROMO-ALLOW = 26462779
23:18:28.854 [main] INFO  com.cloudframe.app.process.Comput1.process   92 - *KB* LK-RLU3A-ACCT-PLAN-DATA-ALLOW = 26462779
23:18:28.854 [main] INFO  com.cloudframe.app.process.Comput1.process  108 - *MB* LK-RLU3A-TOT-DATA-PROMO-ALLOW = 26462957
23:18:28.854 [main] INFO  com.cloudframe.app.process.Comput1.process  110 - *MB* LK-RLU3A-ACCT-PLAN-DATA-ALLOW = 26462957
23:18:28.854 [main] INFO  com.cloudframe.app.process.Comput1.process  124 - *GB* LK-RLU3A-TOT-DATA-PROMO-ALLOW = 26462957
23:18:28.855 [main] INFO  com.cloudframe.app.process.Comput1.process  126 - *GB* LK-RLU3A-ACCT-PLAN-DATA-ALLOW = 26462957
23:18:28.855 [main] INFO  com.cloudframe.app.process.Comput1.process   76 - ___________________________________
23:18:28.855 [main] INFO  com.cloudframe.app.process.Comput1.process   78 - 435 . WS-OOSU-SHARED-ALLOW = 187563988
23:18:28.855 [main] INFO  com.cloudframe.app.process.Comput1.process   90 - *KB* LK-RLU3A-TOT-DATA-PROMO-ALLOW = 26646124
23:18:28.855 [main] INFO  com.cloudframe.app.process.Comput1.process   92 - *KB* LK-RLU3A-ACCT-PLAN-DATA-ALLOW = 26646124
23:18:28.855 [main] INFO  com.cloudframe.app.process.Comput1.process  108 - *MB* LK-RLU3A-TOT-DATA-PROMO-ALLOW = 26646302
23:18:28.855 [main] INFO  com.cloudframe.app.process.Comput1.process  110 - *MB* LK-RLU3A-ACCT-PLAN-DATA-ALLOW = 26646302
23:18:28.855 [main] INFO  com.cloudframe.app.process.Comput1.process  124 - *GB* LK-RLU3A-TOT-DATA-PROMO-ALLOW = 26646302
23:18:28.855 [main] INFO  com.cloudframe.app.process.Comput1.process  126 - *GB* LK-RLU3A-ACCT-PLAN-DATA-ALLOW = 26646302
23:18:28.856 [main] INFO  com.cloudframe.app.process.Comput1.process   76 - ___________________________________
23:18:28.856 [main] INFO  com.cloudframe.app.process.Comput1.process   78 - 436 . WS-OOSU-SHARED-ALLOW = 188428333
23:18:28.856 [main] INFO  com.cloudframe.app.process.Comput1.process   90 - *KB* LK-RLU3A-TOT-DATA-PROMO-ALLOW = 26830314
23:18:28.856 [main] INFO  com.cloudframe.app.process.Comput1.process   92 - *KB* LK-RLU3A-ACCT-PLAN-DATA-ALLOW = 26830314
23:18:28.856 [main] INFO  com.cloudframe.app.process.Comput1.process  108 - *MB* LK-RLU3A-TOT-DATA-PROMO-ALLOW = 26830493
23:18:28.856 [main] INFO  com.cloudframe.app.process.Comput1.process  110 - *MB* LK-RLU3A-ACCT-PLAN-DATA-ALLOW = 26830493
23:18:28.856 [main] INFO  com.cloudframe.app.process.Comput1.process  124 - *GB* LK-RLU3A-TOT-DATA-PROMO-ALLOW = 26830493
23:18:28.856 [main] INFO  com.cloudframe.app.process.Comput1.process  126 - *GB* LK-RLU3A-ACCT-PLAN-DATA-ALLOW = 26830493
23:18:28.856 [main] INFO  com.cloudframe.app.process.Comput1.process   76 - ___________________________________
23:18:28.856 [main] INFO  com.cloudframe.app.process.Comput1.process   78 - 437 . WS-OOSU-SHARED-ALLOW = 189294665
23:18:28.857 [main] INFO  com.cloudframe.app.process.Comput1.process   90 - *KB* LK-RLU3A-TOT-DATA-PROMO-ALLOW = 27015351
23:18:28.857 [main] INFO  com.cloudframe.app.process.Comput1.process   92 - *KB* LK-RLU3A-ACCT-PLAN-DATA-ALLOW = 27015351
23:18:28.857 [main] INFO  com.cloudframe.app.process.Comput1.process  108 - *MB* LK-RLU3A-TOT-DATA-PROMO-ALLOW = 27015531
23:18:28.857 [main] INFO  com.cloudframe.app.process.Comput1.process  110 - *MB* LK-RLU3A-ACCT-PLAN-DATA-ALLOW = 27015531
23:18:28.857 [main] INFO  com.cloudframe.app.process.Comput1.process  124 - *GB* LK-RLU3A-TOT-DATA-PROMO-ALLOW = 27015531
23:18:28.857 [main] INFO  com.cloudframe.app.process.Comput1.process  126 - *GB* LK-RLU3A-ACCT-PLAN-DATA-ALLOW = 27015531
23:18:28.857 [main] INFO  com.cloudframe.app.process.Comput1.process   76 - ___________________________________
23:18:28.857 [main] INFO  com.cloudframe.app.process.Comput1.process   78 - 438 . WS-OOSU-SHARED-ALLOW = 190162984
23:18:28.857 [main] INFO  com.cloudframe.app.process.Comput1.process   90 - *KB* LK-RLU3A-TOT-DATA-PROMO-ALLOW = 27201237
23:18:28.857 [main] INFO  com.cloudframe.app.process.Comput1.process   92 - *KB* LK-RLU3A-ACCT-PLAN-DATA-ALLOW = 27201237
23:18:28.858 [main] INFO  com.cloudframe.app.process.Comput1.process  108 - *MB* LK-RLU3A-TOT-DATA-PROMO-ALLOW = 27201418
23:18:28.858 [main] INFO  com.cloudframe.app.process.Comput1.process  110 - *MB* LK-RLU3A-ACCT-PLAN-DATA-ALLOW = 27201418
23:18:28.858 [main] INFO  com.cloudframe.app.process.Comput1.process  124 - *GB* LK-RLU3A-TOT-DATA-PROMO-ALLOW = 27201418
23:18:28.858 [main] INFO  com.cloudframe.app.process.Comput1.process  126 - *GB* LK-RLU3A-ACCT-PLAN-DATA-ALLOW = 27201418
23:18:28.858 [main] INFO  com.cloudframe.app.process.Comput1.process   76 - ___________________________________
23:18:28.858 [main] INFO  com.cloudframe.app.process.Comput1.process   78 - 439 . WS-OOSU-SHARED-ALLOW = 191033290
23:18:28.858 [main] INFO  com.cloudframe.app.process.Comput1.process   90 - *KB* LK-RLU3A-TOT-DATA-PROMO-ALLOW = 27387973
23:18:28.858 [main] INFO  com.cloudframe.app.process.Comput1.process   92 - *KB* LK-RLU3A-ACCT-PLAN-DATA-ALLOW = 27387973
23:18:28.858 [main] INFO  com.cloudframe.app.process.Comput1.process  108 - *MB* LK-RLU3A-TOT-DATA-PROMO-ALLOW = 27388155
23:18:28.859 [main] INFO  com.cloudframe.app.process.Comput1.process  110 - *MB* LK-RLU3A-ACCT-PLAN-DATA-ALLOW = 27388155
23:18:28.859 [main] INFO  com.cloudframe.app.process.Comput1.process  124 - *GB* LK-RLU3A-TOT-DATA-PROMO-ALLOW = 27388155
23:18:28.859 [main] INFO  com.cloudframe.app.process.Comput1.process  126 - *GB* LK-RLU3A-ACCT-PLAN-DATA-ALLOW = 27388155
23:18:28.859 [main] INFO  com.cloudframe.app.process.Comput1.process   76 - ___________________________________
23:18:28.859 [main] INFO  com.cloudframe.app.process.Comput1.process   78 - 440 . WS-OOSU-SHARED-ALLOW = 191905583
23:18:28.859 [main] INFO  com.cloudframe.app.process.Comput1.process   90 - *KB* LK-RLU3A-TOT-DATA-PROMO-ALLOW = 27575562
23:18:28.859 [main] INFO  com.cloudframe.app.process.Comput1.process   92 - *KB* LK-RLU3A-ACCT-PLAN-DATA-ALLOW = 27575562
23:18:28.859 [main] INFO  com.cloudframe.app.process.Comput1.process  108 - *MB* LK-RLU3A-TOT-DATA-PROMO-ALLOW = 27575745
23:18:28.859 [main] INFO  com.cloudframe.app.process.Comput1.process  110 - *MB* LK-RLU3A-ACCT-PLAN-DATA-ALLOW = 27575745
23:18:28.860 [main] INFO  com.cloudframe.app.process.Comput1.process  124 - *GB* LK-RLU3A-TOT-DATA-PROMO-ALLOW = 27575745
23:18:28.860 [main] INFO  com.cloudframe.app.process.Comput1.process  126 - *GB* LK-RLU3A-ACCT-PLAN-DATA-ALLOW = 27575745
23:18:28.860 [main] INFO  com.cloudframe.app.process.Comput1.process   76 - ___________________________________
23:18:28.860 [main] INFO  com.cloudframe.app.process.Comput1.process   78 - 441 . WS-OOSU-SHARED-ALLOW = 192779863
23:18:28.860 [main] INFO  com.cloudframe.app.process.Comput1.process   90 - *KB* LK-RLU3A-TOT-DATA-PROMO-ALLOW = 27764006
23:18:28.860 [main] INFO  com.cloudframe.app.process.Comput1.process   92 - *KB* LK-RLU3A-ACCT-PLAN-DATA-ALLOW = 27764006
23:18:28.860 [main] INFO  com.cloudframe.app.process.Comput1.process  108 - *MB* LK-RLU3A-TOT-DATA-PROMO-ALLOW = 27764189
23:18:28.860 [main] INFO  com.cloudframe.app.process.Comput1.process  110 - *MB* LK-RLU3A-ACCT-PLAN-DATA-ALLOW = 27764189
23:18:28.860 [main] INFO  com.cloudframe.app.process.Comput1.process  124 - *GB* LK-RLU3A-TOT-DATA-PROMO-ALLOW = 27764189
23:18:28.860 [main] INFO  com.cloudframe.app.process.Comput1.process  126 - *GB* LK-RLU3A-ACCT-PLAN-DATA-ALLOW = 27764189
23:18:28.861 [main] INFO  com.cloudframe.app.process.Comput1.process   76 - ___________________________________
23:18:28.861 [main] INFO  com.cloudframe.app.process.Comput1.process   78 - 442 . WS-OOSU-SHARED-ALLOW = 193656130
23:18:28.861 [main] INFO  com.cloudframe.app.process.Comput1.process   90 - *KB* LK-RLU3A-TOT-DATA-PROMO-ALLOW = 27953306
23:18:28.861 [main] INFO  com.cloudframe.app.process.Comput1.process   92 - *KB* LK-RLU3A-ACCT-PLAN-DATA-ALLOW = 27953306
23:18:28.861 [main] INFO  com.cloudframe.app.process.Comput1.process  108 - *MB* LK-RLU3A-TOT-DATA-PROMO-ALLOW = 27953490
23:18:28.861 [main] INFO  com.cloudframe.app.process.Comput1.process  110 - *MB* LK-RLU3A-ACCT-PLAN-DATA-ALLOW = 27953490
23:18:28.861 [main] INFO  com.cloudframe.app.process.Comput1.process  124 - *GB* LK-RLU3A-TOT-DATA-PROMO-ALLOW = 27953490
23:18:28.861 [main] INFO  com.cloudframe.app.process.Comput1.process  126 - *GB* LK-RLU3A-ACCT-PLAN-DATA-ALLOW = 27953490
23:18:28.861 [main] INFO  com.cloudframe.app.process.Comput1.process   76 - ___________________________________
23:18:28.861 [main] INFO  com.cloudframe.app.process.Comput1.process   78 - 443 . WS-OOSU-SHARED-ALLOW = 194534384
23:18:28.862 [main] INFO  com.cloudframe.app.process.Comput1.process   90 - *KB* LK-RLU3A-TOT-DATA-PROMO-ALLOW = 28143464
23:18:28.862 [main] INFO  com.cloudframe.app.process.Comput1.process   92 - *KB* LK-RLU3A-ACCT-PLAN-DATA-ALLOW = 28143464
23:18:28.862 [main] INFO  com.cloudframe.app.process.Comput1.process  108 - *MB* LK-RLU3A-TOT-DATA-PROMO-ALLOW = 28143649
23:18:28.862 [main] INFO  com.cloudframe.app.process.Comput1.process  110 - *MB* LK-RLU3A-ACCT-PLAN-DATA-ALLOW = 28143649
23:18:28.862 [main] INFO  com.cloudframe.app.process.Comput1.process  124 - *GB* LK-RLU3A-TOT-DATA-PROMO-ALLOW = 28143649
23:18:28.862 [main] INFO  com.cloudframe.app.process.Comput1.process  126 - *GB* LK-RLU3A-ACCT-PLAN-DATA-ALLOW = 28143649
23:18:28.862 [main] INFO  com.cloudframe.app.process.Comput1.process   76 - ___________________________________
23:18:28.862 [main] INFO  com.cloudframe.app.process.Comput1.process   78 - 444 . WS-OOSU-SHARED-ALLOW = 195414625
23:18:28.863 [main] INFO  com.cloudframe.app.process.Comput1.process   90 - *KB* LK-RLU3A-TOT-DATA-PROMO-ALLOW = 28334483
23:18:28.863 [main] INFO  com.cloudframe.app.process.Comput1.process   92 - *KB* LK-RLU3A-ACCT-PLAN-DATA-ALLOW = 28334483
23:18:28.863 [main] INFO  com.cloudframe.app.process.Comput1.process  108 - *MB* LK-RLU3A-TOT-DATA-PROMO-ALLOW = 28334669
23:18:28.863 [main] INFO  com.cloudframe.app.process.Comput1.process  110 - *MB* LK-RLU3A-ACCT-PLAN-DATA-ALLOW = 28334669
23:18:28.863 [main] INFO  com.cloudframe.app.process.Comput1.process  124 - *GB* LK-RLU3A-TOT-DATA-PROMO-ALLOW = 28334669
23:18:28.863 [main] INFO  com.cloudframe.app.process.Comput1.process  126 - *GB* LK-RLU3A-ACCT-PLAN-DATA-ALLOW = 28334669
23:18:28.863 [main] INFO  com.cloudframe.app.process.Comput1.process   76 - ___________________________________
23:18:28.863 [main] INFO  com.cloudframe.app.process.Comput1.process   78 - 445 . WS-OOSU-SHARED-ALLOW = 196296853
23:18:28.863 [main] INFO  com.cloudframe.app.process.Comput1.process   90 - *KB* LK-RLU3A-TOT-DATA-PROMO-ALLOW = 28526365
23:18:28.863 [main] INFO  com.cloudframe.app.process.Comput1.process   92 - *KB* LK-RLU3A-ACCT-PLAN-DATA-ALLOW = 28526365
23:18:28.864 [main] INFO  com.cloudframe.app.process.Comput1.process  108 - *MB* LK-RLU3A-TOT-DATA-PROMO-ALLOW = 28526552
23:18:28.864 [main] INFO  com.cloudframe.app.process.Comput1.process  110 - *MB* LK-RLU3A-ACCT-PLAN-DATA-ALLOW = 28526552
23:18:28.864 [main] INFO  com.cloudframe.app.process.Comput1.process  124 - *GB* LK-RLU3A-TOT-DATA-PROMO-ALLOW = 28526552
23:18:28.864 [main] INFO  com.cloudframe.app.process.Comput1.process  126 - *GB* LK-RLU3A-ACCT-PLAN-DATA-ALLOW = 28526552
23:18:28.864 [main] INFO  com.cloudframe.app.process.Comput1.process   76 - ___________________________________
23:18:28.864 [main] INFO  com.cloudframe.app.process.Comput1.process   78 - 446 . WS-OOSU-SHARED-ALLOW = 197181068
23:18:28.864 [main] INFO  com.cloudframe.app.process.Comput1.process   90 - *KB* LK-RLU3A-TOT-DATA-PROMO-ALLOW = 28719111
23:18:28.864 [main] INFO  com.cloudframe.app.process.Comput1.process   92 - *KB* LK-RLU3A-ACCT-PLAN-DATA-ALLOW = 28719111
23:18:28.864 [main] INFO  com.cloudframe.app.process.Comput1.process  108 - *MB* LK-RLU3A-TOT-DATA-PROMO-ALLOW = 28719299
23:18:28.864 [main] INFO  com.cloudframe.app.process.Comput1.process  110 - *MB* LK-RLU3A-ACCT-PLAN-DATA-ALLOW = 28719299
23:18:28.865 [main] INFO  com.cloudframe.app.process.Comput1.process  124 - *GB* LK-RLU3A-TOT-DATA-PROMO-ALLOW = 28719299
23:18:28.865 [main] INFO  com.cloudframe.app.process.Comput1.process  126 - *GB* LK-RLU3A-ACCT-PLAN-DATA-ALLOW = 28719299
23:18:28.865 [main] INFO  com.cloudframe.app.process.Comput1.process   76 - ___________________________________
23:18:28.865 [main] INFO  com.cloudframe.app.process.Comput1.process   78 - 447 . WS-OOSU-SHARED-ALLOW = 198067270
23:18:28.865 [main] INFO  com.cloudframe.app.process.Comput1.process   90 - *KB* LK-RLU3A-TOT-DATA-PROMO-ALLOW = 28912724
23:18:28.865 [main] INFO  com.cloudframe.app.process.Comput1.process   92 - *KB* LK-RLU3A-ACCT-PLAN-DATA-ALLOW = 28912724
23:18:28.865 [main] INFO  com.cloudframe.app.process.Comput1.process  108 - *MB* LK-RLU3A-TOT-DATA-PROMO-ALLOW = 28912912
23:18:28.865 [main] INFO  com.cloudframe.app.process.Comput1.process  110 - *MB* LK-RLU3A-ACCT-PLAN-DATA-ALLOW = 28912912
23:18:28.865 [main] INFO  com.cloudframe.app.process.Comput1.process  124 - *GB* LK-RLU3A-TOT-DATA-PROMO-ALLOW = 28912912
23:18:28.865 [main] INFO  com.cloudframe.app.process.Comput1.process  126 - *GB* LK-RLU3A-ACCT-PLAN-DATA-ALLOW = 28912912
23:18:28.866 [main] INFO  com.cloudframe.app.process.Comput1.process   76 - ___________________________________
23:18:28.866 [main] INFO  com.cloudframe.app.process.Comput1.process   78 - 448 . WS-OOSU-SHARED-ALLOW = 198955459
23:18:28.866 [main] INFO  com.cloudframe.app.process.Comput1.process   90 - *KB* LK-RLU3A-TOT-DATA-PROMO-ALLOW = 29107204
23:18:28.866 [main] INFO  com.cloudframe.app.process.Comput1.process   92 - *KB* LK-RLU3A-ACCT-PLAN-DATA-ALLOW = 29107204
23:18:28.866 [main] INFO  com.cloudframe.app.process.Comput1.process  108 - *MB* LK-RLU3A-TOT-DATA-PROMO-ALLOW = 29107393
23:18:28.866 [main] INFO  com.cloudframe.app.process.Comput1.process  110 - *MB* LK-RLU3A-ACCT-PLAN-DATA-ALLOW = 29107393
23:18:28.866 [main] INFO  com.cloudframe.app.process.Comput1.process  124 - *GB* LK-RLU3A-TOT-DATA-PROMO-ALLOW = 29107393
23:18:28.866 [main] INFO  com.cloudframe.app.process.Comput1.process  126 - *GB* LK-RLU3A-ACCT-PLAN-DATA-ALLOW = 29107393
23:18:28.866 [main] INFO  com.cloudframe.app.process.Comput1.process   76 - ___________________________________
23:18:28.867 [main] INFO  com.cloudframe.app.process.Comput1.process   78 - 449 . WS-OOSU-SHARED-ALLOW = 199845635
23:18:28.867 [main] INFO  com.cloudframe.app.process.Comput1.process   90 - *KB* LK-RLU3A-TOT-DATA-PROMO-ALLOW = 29302554
23:18:28.867 [main] INFO  com.cloudframe.app.process.Comput1.process   92 - *KB* LK-RLU3A-ACCT-PLAN-DATA-ALLOW = 29302554
23:18:28.867 [main] INFO  com.cloudframe.app.process.Comput1.process  108 - *MB* LK-RLU3A-TOT-DATA-PROMO-ALLOW = 29302744
23:18:28.867 [main] INFO  com.cloudframe.app.process.Comput1.process  110 - *MB* LK-RLU3A-ACCT-PLAN-DATA-ALLOW = 29302744
23:18:28.867 [main] INFO  com.cloudframe.app.process.Comput1.process  124 - *GB* LK-RLU3A-TOT-DATA-PROMO-ALLOW = 29302744
23:18:28.867 [main] INFO  com.cloudframe.app.process.Comput1.process  126 - *GB* LK-RLU3A-ACCT-PLAN-DATA-ALLOW = 29302744
23:18:28.867 [main] INFO  com.cloudframe.app.process.Comput1.process   76 - ___________________________________
23:18:28.867 [main] INFO  com.cloudframe.app.process.Comput1.process   78 - 450 . WS-OOSU-SHARED-ALLOW = 200737798
23:18:28.868 [main] INFO  com.cloudframe.app.process.Comput1.process   90 - *KB* LK-RLU3A-TOT-DATA-PROMO-ALLOW = 29498777
23:18:28.868 [main] INFO  com.cloudframe.app.process.Comput1.process   92 - *KB* LK-RLU3A-ACCT-PLAN-DATA-ALLOW = 29498777
23:18:28.868 [main] INFO  com.cloudframe.app.process.Comput1.process  108 - *MB* LK-RLU3A-TOT-DATA-PROMO-ALLOW = 29498968
23:18:28.868 [main] INFO  com.cloudframe.app.process.Comput1.process  110 - *MB* LK-RLU3A-ACCT-PLAN-DATA-ALLOW = 29498968
23:18:28.868 [main] INFO  com.cloudframe.app.process.Comput1.process  124 - *GB* LK-RLU3A-TOT-DATA-PROMO-ALLOW = 29498968
23:18:28.868 [main] INFO  com.cloudframe.app.process.Comput1.process  126 - *GB* LK-RLU3A-ACCT-PLAN-DATA-ALLOW = 29498968
23:18:28.868 [main] INFO  com.cloudframe.app.process.Comput1.process   76 - ___________________________________
23:18:28.868 [main] INFO  com.cloudframe.app.process.Comput1.process   78 - 451 . WS-OOSU-SHARED-ALLOW = 201631948
23:18:28.868 [main] INFO  com.cloudframe.app.process.Comput1.process   90 - *KB* LK-RLU3A-TOT-DATA-PROMO-ALLOW = 29695874
23:18:28.868 [main] INFO  com.cloudframe.app.process.Comput1.process   92 - *KB* LK-RLU3A-ACCT-PLAN-DATA-ALLOW = 29695874
23:18:28.869 [main] INFO  com.cloudframe.app.process.Comput1.process  108 - *MB* LK-RLU3A-TOT-DATA-PROMO-ALLOW = 29696066
23:18:28.869 [main] INFO  com.cloudframe.app.process.Comput1.process  110 - *MB* LK-RLU3A-ACCT-PLAN-DATA-ALLOW = 29696066
23:18:28.869 [main] INFO  com.cloudframe.app.process.Comput1.process  124 - *GB* LK-RLU3A-TOT-DATA-PROMO-ALLOW = 29696066
23:18:28.869 [main] INFO  com.cloudframe.app.process.Comput1.process  126 - *GB* LK-RLU3A-ACCT-PLAN-DATA-ALLOW = 29696066
23:18:28.869 [main] INFO  com.cloudframe.app.process.Comput1.process   76 - ___________________________________
23:18:28.869 [main] INFO  com.cloudframe.app.process.Comput1.process   78 - 452 . WS-OOSU-SHARED-ALLOW = 202528085
23:18:28.869 [main] INFO  com.cloudframe.app.process.Comput1.process   90 - *KB* LK-RLU3A-TOT-DATA-PROMO-ALLOW = 29893847
23:18:28.869 [main] INFO  com.cloudframe.app.process.Comput1.process   92 - *KB* LK-RLU3A-ACCT-PLAN-DATA-ALLOW = 29893847
23:18:28.869 [main] INFO  com.cloudframe.app.process.Comput1.process  108 - *MB* LK-RLU3A-TOT-DATA-PROMO-ALLOW = 29894040
23:18:28.869 [main] INFO  com.cloudframe.app.process.Comput1.process  110 - *MB* LK-RLU3A-ACCT-PLAN-DATA-ALLOW = 29894040
23:18:28.870 [main] INFO  com.cloudframe.app.process.Comput1.process  124 - *GB* LK-RLU3A-TOT-DATA-PROMO-ALLOW = 29894040
23:18:28.870 [main] INFO  com.cloudframe.app.process.Comput1.process  126 - *GB* LK-RLU3A-ACCT-PLAN-DATA-ALLOW = 29894040
23:18:28.870 [main] INFO  com.cloudframe.app.process.Comput1.process   76 - ___________________________________
23:18:28.870 [main] INFO  com.cloudframe.app.process.Comput1.process   78 - 453 . WS-OOSU-SHARED-ALLOW = 203426209
23:18:28.870 [main] INFO  com.cloudframe.app.process.Comput1.process   90 - *KB* LK-RLU3A-TOT-DATA-PROMO-ALLOW = 30092698
23:18:28.870 [main] INFO  com.cloudframe.app.process.Comput1.process   92 - *KB* LK-RLU3A-ACCT-PLAN-DATA-ALLOW = 30092698
23:18:28.870 [main] INFO  com.cloudframe.app.process.Comput1.process  108 - *MB* LK-RLU3A-TOT-DATA-PROMO-ALLOW = 30092892
23:18:28.870 [main] INFO  com.cloudframe.app.process.Comput1.process  110 - *MB* LK-RLU3A-ACCT-PLAN-DATA-ALLOW = 30092892
23:18:28.870 [main] INFO  com.cloudframe.app.process.Comput1.process  124 - *GB* LK-RLU3A-TOT-DATA-PROMO-ALLOW = 30092892
23:18:28.870 [main] INFO  com.cloudframe.app.process.Comput1.process  126 - *GB* LK-RLU3A-ACCT-PLAN-DATA-ALLOW = 30092892
23:18:28.871 [main] INFO  com.cloudframe.app.process.Comput1.process   76 - ___________________________________
23:18:28.871 [main] INFO  com.cloudframe.app.process.Comput1.process   78 - 454 . WS-OOSU-SHARED-ALLOW = 204326320
23:18:28.871 [main] INFO  com.cloudframe.app.process.Comput1.process   90 - *KB* LK-RLU3A-TOT-DATA-PROMO-ALLOW = 30292429
23:18:28.871 [main] INFO  com.cloudframe.app.process.Comput1.process   92 - *KB* LK-RLU3A-ACCT-PLAN-DATA-ALLOW = 30292429
23:18:28.871 [main] INFO  com.cloudframe.app.process.Comput1.process  108 - *MB* LK-RLU3A-TOT-DATA-PROMO-ALLOW = 30292623
23:18:28.871 [main] INFO  com.cloudframe.app.process.Comput1.process  110 - *MB* LK-RLU3A-ACCT-PLAN-DATA-ALLOW = 30292623
23:18:28.871 [main] INFO  com.cloudframe.app.process.Comput1.process  124 - *GB* LK-RLU3A-TOT-DATA-PROMO-ALLOW = 30292623
23:18:28.871 [main] INFO  com.cloudframe.app.process.Comput1.process  126 - *GB* LK-RLU3A-ACCT-PLAN-DATA-ALLOW = 30292623
23:18:28.871 [main] INFO  com.cloudframe.app.process.Comput1.process   76 - ___________________________________
23:18:28.871 [main] INFO  com.cloudframe.app.process.Comput1.process   78 - 455 . WS-OOSU-SHARED-ALLOW = 205228418
23:18:28.872 [main] INFO  com.cloudframe.app.process.Comput1.process   90 - *KB* LK-RLU3A-TOT-DATA-PROMO-ALLOW = 30493041
23:18:28.872 [main] INFO  com.cloudframe.app.process.Comput1.process   92 - *KB* LK-RLU3A-ACCT-PLAN-DATA-ALLOW = 30493041
23:18:28.872 [main] INFO  com.cloudframe.app.process.Comput1.process  108 - *MB* LK-RLU3A-TOT-DATA-PROMO-ALLOW = 30493236
23:18:28.872 [main] INFO  com.cloudframe.app.process.Comput1.process  110 - *MB* LK-RLU3A-ACCT-PLAN-DATA-ALLOW = 30493236
23:18:28.872 [main] INFO  com.cloudframe.app.process.Comput1.process  124 - *GB* LK-RLU3A-TOT-DATA-PROMO-ALLOW = 30493236
23:18:28.872 [main] INFO  com.cloudframe.app.process.Comput1.process  126 - *GB* LK-RLU3A-ACCT-PLAN-DATA-ALLOW = 30493236
23:18:28.872 [main] INFO  com.cloudframe.app.process.Comput1.process   76 - ___________________________________
23:18:28.872 [main] INFO  com.cloudframe.app.process.Comput1.process   78 - 456 . WS-OOSU-SHARED-ALLOW = 206132503
23:18:28.872 [main] INFO  com.cloudframe.app.process.Comput1.process   90 - *KB* LK-RLU3A-TOT-DATA-PROMO-ALLOW = 30694537
23:18:28.873 [main] INFO  com.cloudframe.app.process.Comput1.process   92 - *KB* LK-RLU3A-ACCT-PLAN-DATA-ALLOW = 30694537
23:18:28.873 [main] INFO  com.cloudframe.app.process.Comput1.process  108 - *MB* LK-RLU3A-TOT-DATA-PROMO-ALLOW = 30694733
23:18:28.873 [main] INFO  com.cloudframe.app.process.Comput1.process  110 - *MB* LK-RLU3A-ACCT-PLAN-DATA-ALLOW = 30694733
23:18:28.873 [main] INFO  com.cloudframe.app.process.Comput1.process  124 - *GB* LK-RLU3A-TOT-DATA-PROMO-ALLOW = 30694733
23:18:28.873 [main] INFO  com.cloudframe.app.process.Comput1.process  126 - *GB* LK-RLU3A-ACCT-PLAN-DATA-ALLOW = 30694733
23:18:28.873 [main] INFO  com.cloudframe.app.process.Comput1.process   76 - ___________________________________
23:18:28.873 [main] INFO  com.cloudframe.app.process.Comput1.process   78 - 457 . WS-OOSU-SHARED-ALLOW = 207038575
23:18:28.873 [main] INFO  com.cloudframe.app.process.Comput1.process   90 - *KB* LK-RLU3A-TOT-DATA-PROMO-ALLOW = 30896919
23:18:28.873 [main] INFO  com.cloudframe.app.process.Comput1.process   92 - *KB* LK-RLU3A-ACCT-PLAN-DATA-ALLOW = 30896919
23:18:28.873 [main] INFO  com.cloudframe.app.process.Comput1.process  108 - *MB* LK-RLU3A-TOT-DATA-PROMO-ALLOW = 30897116
23:18:28.874 [main] INFO  com.cloudframe.app.process.Comput1.process  110 - *MB* LK-RLU3A-ACCT-PLAN-DATA-ALLOW = 30897116
23:18:28.874 [main] INFO  com.cloudframe.app.process.Comput1.process  124 - *GB* LK-RLU3A-TOT-DATA-PROMO-ALLOW = 30897116
23:18:28.874 [main] INFO  com.cloudframe.app.process.Comput1.process  126 - *GB* LK-RLU3A-ACCT-PLAN-DATA-ALLOW = 30897116
23:18:28.874 [main] INFO  com.cloudframe.app.process.Comput1.process   76 - ___________________________________
23:18:28.874 [main] INFO  com.cloudframe.app.process.Comput1.process   78 - 458 . WS-OOSU-SHARED-ALLOW = 207946634
23:18:28.874 [main] INFO  com.cloudframe.app.process.Comput1.process   90 - *KB* LK-RLU3A-TOT-DATA-PROMO-ALLOW = 31100188
23:18:28.874 [main] INFO  com.cloudframe.app.process.Comput1.process   92 - *KB* LK-RLU3A-ACCT-PLAN-DATA-ALLOW = 31100188
23:18:28.874 [main] INFO  com.cloudframe.app.process.Comput1.process  108 - *MB* LK-RLU3A-TOT-DATA-PROMO-ALLOW = 31100386
23:18:28.874 [main] INFO  com.cloudframe.app.process.Comput1.process  110 - *MB* LK-RLU3A-ACCT-PLAN-DATA-ALLOW = 31100386
23:18:28.874 [main] INFO  com.cloudframe.app.process.Comput1.process  124 - *GB* LK-RLU3A-TOT-DATA-PROMO-ALLOW = 31100386
23:18:28.875 [main] INFO  com.cloudframe.app.process.Comput1.process  126 - *GB* LK-RLU3A-ACCT-PLAN-DATA-ALLOW = 31100386
23:18:28.875 [main] INFO  com.cloudframe.app.process.Comput1.process   76 - ___________________________________
23:18:28.875 [main] INFO  com.cloudframe.app.process.Comput1.process   78 - 459 . WS-OOSU-SHARED-ALLOW = 208856680
23:18:28.875 [main] INFO  com.cloudframe.app.process.Comput1.process   90 - *KB* LK-RLU3A-TOT-DATA-PROMO-ALLOW = 31304347
23:18:28.875 [main] INFO  com.cloudframe.app.process.Comput1.process   92 - *KB* LK-RLU3A-ACCT-PLAN-DATA-ALLOW = 31304347
23:18:28.875 [main] INFO  com.cloudframe.app.process.Comput1.process  108 - *MB* LK-RLU3A-TOT-DATA-PROMO-ALLOW = 31304546
23:18:28.875 [main] INFO  com.cloudframe.app.process.Comput1.process  110 - *MB* LK-RLU3A-ACCT-PLAN-DATA-ALLOW = 31304546
23:18:28.875 [main] INFO  com.cloudframe.app.process.Comput1.process  124 - *GB* LK-RLU3A-TOT-DATA-PROMO-ALLOW = 31304546
23:18:28.875 [main] INFO  com.cloudframe.app.process.Comput1.process  126 - *GB* LK-RLU3A-ACCT-PLAN-DATA-ALLOW = 31304546
23:18:28.876 [main] INFO  com.cloudframe.app.process.Comput1.process   76 - ___________________________________
23:18:28.876 [main] INFO  com.cloudframe.app.process.Comput1.process   78 - 460 . WS-OOSU-SHARED-ALLOW = 209768713
23:18:28.876 [main] INFO  com.cloudframe.app.process.Comput1.process   90 - *KB* LK-RLU3A-TOT-DATA-PROMO-ALLOW = 31509398
23:18:28.876 [main] INFO  com.cloudframe.app.process.Comput1.process   92 - *KB* LK-RLU3A-ACCT-PLAN-DATA-ALLOW = 31509398
23:18:28.876 [main] INFO  com.cloudframe.app.process.Comput1.process  108 - *MB* LK-RLU3A-TOT-DATA-PROMO-ALLOW = 31509598
23:18:28.876 [main] INFO  com.cloudframe.app.process.Comput1.process  110 - *MB* LK-RLU3A-ACCT-PLAN-DATA-ALLOW = 31509598
23:18:28.876 [main] INFO  com.cloudframe.app.process.Comput1.process  124 - *GB* LK-RLU3A-TOT-DATA-PROMO-ALLOW = 31509598
23:18:28.876 [main] INFO  com.cloudframe.app.process.Comput1.process  126 - *GB* LK-RLU3A-ACCT-PLAN-DATA-ALLOW = 31509598
23:18:28.876 [main] INFO  com.cloudframe.app.process.Comput1.process   76 - ___________________________________
23:18:28.876 [main] INFO  com.cloudframe.app.process.Comput1.process   78 - 461 . WS-OOSU-SHARED-ALLOW = 210682733
23:18:28.877 [main] INFO  com.cloudframe.app.process.Comput1.process   90 - *KB* LK-RLU3A-TOT-DATA-PROMO-ALLOW = 31715342
23:18:28.877 [main] INFO  com.cloudframe.app.process.Comput1.process   92 - *KB* LK-RLU3A-ACCT-PLAN-DATA-ALLOW = 31715342
23:18:28.877 [main] INFO  com.cloudframe.app.process.Comput1.process  108 - *MB* LK-RLU3A-TOT-DATA-PROMO-ALLOW = 31715542
23:18:28.877 [main] INFO  com.cloudframe.app.process.Comput1.process  110 - *MB* LK-RLU3A-ACCT-PLAN-DATA-ALLOW = 31715542
23:18:28.877 [main] INFO  com.cloudframe.app.process.Comput1.process  124 - *GB* LK-RLU3A-TOT-DATA-PROMO-ALLOW = 31715542
23:18:28.877 [main] INFO  com.cloudframe.app.process.Comput1.process  126 - *GB* LK-RLU3A-ACCT-PLAN-DATA-ALLOW = 31715542
23:18:28.877 [main] INFO  com.cloudframe.app.process.Comput1.process   76 - ___________________________________
23:18:28.877 [main] INFO  com.cloudframe.app.process.Comput1.process   78 - 462 . WS-OOSU-SHARED-ALLOW = 211598740
23:18:28.877 [main] INFO  com.cloudframe.app.process.Comput1.process   90 - *KB* LK-RLU3A-TOT-DATA-PROMO-ALLOW = 31922181
23:18:28.877 [main] INFO  com.cloudframe.app.process.Comput1.process   92 - *KB* LK-RLU3A-ACCT-PLAN-DATA-ALLOW = 31922181
23:18:28.878 [main] INFO  com.cloudframe.app.process.Comput1.process  108 - *MB* LK-RLU3A-TOT-DATA-PROMO-ALLOW = 31922382
23:18:28.878 [main] INFO  com.cloudframe.app.process.Comput1.process  110 - *MB* LK-RLU3A-ACCT-PLAN-DATA-ALLOW = 31922382
23:18:28.878 [main] INFO  com.cloudframe.app.process.Comput1.process  124 - *GB* LK-RLU3A-TOT-DATA-PROMO-ALLOW = 31922382
23:18:28.878 [main] INFO  com.cloudframe.app.process.Comput1.process  126 - *GB* LK-RLU3A-ACCT-PLAN-DATA-ALLOW = 31922382
23:18:28.878 [main] INFO  com.cloudframe.app.process.Comput1.process   76 - ___________________________________
23:18:28.878 [main] INFO  com.cloudframe.app.process.Comput1.process   78 - 463 . WS-OOSU-SHARED-ALLOW = 212516734
23:18:28.878 [main] INFO  com.cloudframe.app.process.Comput1.process   90 - *KB* LK-RLU3A-TOT-DATA-PROMO-ALLOW = 32129917
23:18:28.878 [main] INFO  com.cloudframe.app.process.Comput1.process   92 - *KB* LK-RLU3A-ACCT-PLAN-DATA-ALLOW = 32129917
23:18:28.878 [main] INFO  com.cloudframe.app.process.Comput1.process  108 - *MB* LK-RLU3A-TOT-DATA-PROMO-ALLOW = 32130119
23:18:28.879 [main] INFO  com.cloudframe.app.process.Comput1.process  110 - *MB* LK-RLU3A-ACCT-PLAN-DATA-ALLOW = 32130119
23:18:28.879 [main] INFO  com.cloudframe.app.process.Comput1.process  124 - *GB* LK-RLU3A-TOT-DATA-PROMO-ALLOW = 32130119
23:18:28.879 [main] INFO  com.cloudframe.app.process.Comput1.process  126 - *GB* LK-RLU3A-ACCT-PLAN-DATA-ALLOW = 32130119
23:18:28.879 [main] INFO  com.cloudframe.app.process.Comput1.process   76 - ___________________________________
23:18:28.879 [main] INFO  com.cloudframe.app.process.Comput1.process   78 - 464 . WS-OOSU-SHARED-ALLOW = 213436715
23:18:28.879 [main] INFO  com.cloudframe.app.process.Comput1.process   90 - *KB* LK-RLU3A-TOT-DATA-PROMO-ALLOW = 32338553
23:18:28.879 [main] INFO  com.cloudframe.app.process.Comput1.process   92 - *KB* LK-RLU3A-ACCT-PLAN-DATA-ALLOW = 32338553
23:18:28.879 [main] INFO  com.cloudframe.app.process.Comput1.process  108 - *MB* LK-RLU3A-TOT-DATA-PROMO-ALLOW = 32338756
23:18:28.879 [main] INFO  com.cloudframe.app.process.Comput1.process  110 - *MB* LK-RLU3A-ACCT-PLAN-DATA-ALLOW = 32338756
23:18:28.879 [main] INFO  com.cloudframe.app.process.Comput1.process  124 - *GB* LK-RLU3A-TOT-DATA-PROMO-ALLOW = 32338756
23:18:28.880 [main] INFO  com.cloudframe.app.process.Comput1.process  126 - *GB* LK-RLU3A-ACCT-PLAN-DATA-ALLOW = 32338756
23:18:28.880 [main] INFO  com.cloudframe.app.process.Comput1.process   76 - ___________________________________
23:18:28.880 [main] INFO  com.cloudframe.app.process.Comput1.process   78 - 465 . WS-OOSU-SHARED-ALLOW = 214358683
23:18:28.880 [main] INFO  com.cloudframe.app.process.Comput1.process   90 - *KB* LK-RLU3A-TOT-DATA-PROMO-ALLOW = 32548090
23:18:28.880 [main] INFO  com.cloudframe.app.process.Comput1.process   92 - *KB* LK-RLU3A-ACCT-PLAN-DATA-ALLOW = 32548090
23:18:28.880 [main] INFO  com.cloudframe.app.process.Comput1.process  108 - *MB* LK-RLU3A-TOT-DATA-PROMO-ALLOW = 32548294
23:18:28.880 [main] INFO  com.cloudframe.app.process.Comput1.process  110 - *MB* LK-RLU3A-ACCT-PLAN-DATA-ALLOW = 32548294
23:18:28.880 [main] INFO  com.cloudframe.app.process.Comput1.process  124 - *GB* LK-RLU3A-TOT-DATA-PROMO-ALLOW = 32548294
23:18:28.880 [main] INFO  com.cloudframe.app.process.Comput1.process  126 - *GB* LK-RLU3A-ACCT-PLAN-DATA-ALLOW = 32548294
23:18:28.880 [main] INFO  com.cloudframe.app.process.Comput1.process   76 - ___________________________________
23:18:28.881 [main] INFO  com.cloudframe.app.process.Comput1.process   78 - 466 . WS-OOSU-SHARED-ALLOW = 215282638
23:18:28.881 [main] INFO  com.cloudframe.app.process.Comput1.process   90 - *KB* LK-RLU3A-TOT-DATA-PROMO-ALLOW = 32758530
23:18:28.881 [main] INFO  com.cloudframe.app.process.Comput1.process   92 - *KB* LK-RLU3A-ACCT-PLAN-DATA-ALLOW = 32758530
23:18:28.881 [main] INFO  com.cloudframe.app.process.Comput1.process  108 - *MB* LK-RLU3A-TOT-DATA-PROMO-ALLOW = 32758735
23:18:28.881 [main] INFO  com.cloudframe.app.process.Comput1.process  110 - *MB* LK-RLU3A-ACCT-PLAN-DATA-ALLOW = 32758735
23:18:28.881 [main] INFO  com.cloudframe.app.process.Comput1.process  124 - *GB* LK-RLU3A-TOT-DATA-PROMO-ALLOW = 32758735
23:18:28.881 [main] INFO  com.cloudframe.app.process.Comput1.process  126 - *GB* LK-RLU3A-ACCT-PLAN-DATA-ALLOW = 32758735
23:18:28.881 [main] INFO  com.cloudframe.app.process.Comput1.process   76 - ___________________________________
23:18:28.881 [main] INFO  com.cloudframe.app.process.Comput1.process   78 - 467 . WS-OOSU-SHARED-ALLOW = 216208580
23:18:28.881 [main] INFO  com.cloudframe.app.process.Comput1.process   90 - *KB* LK-RLU3A-TOT-DATA-PROMO-ALLOW = 32969876
23:18:28.882 [main] INFO  com.cloudframe.app.process.Comput1.process   92 - *KB* LK-RLU3A-ACCT-PLAN-DATA-ALLOW = 32969876
23:18:28.882 [main] INFO  com.cloudframe.app.process.Comput1.process  108 - *MB* LK-RLU3A-TOT-DATA-PROMO-ALLOW = 32970082
23:18:28.882 [main] INFO  com.cloudframe.app.process.Comput1.process  110 - *MB* LK-RLU3A-ACCT-PLAN-DATA-ALLOW = 32970082
23:18:28.882 [main] INFO  com.cloudframe.app.process.Comput1.process  124 - *GB* LK-RLU3A-TOT-DATA-PROMO-ALLOW = 32970082
23:18:28.882 [main] INFO  com.cloudframe.app.process.Comput1.process  126 - *GB* LK-RLU3A-ACCT-PLAN-DATA-ALLOW = 32970082
23:18:28.882 [main] INFO  com.cloudframe.app.process.Comput1.process   76 - ___________________________________
23:18:28.882 [main] INFO  com.cloudframe.app.process.Comput1.process   78 - 468 . WS-OOSU-SHARED-ALLOW = 217136509
23:18:28.882 [main] INFO  com.cloudframe.app.process.Comput1.process   90 - *KB* LK-RLU3A-TOT-DATA-PROMO-ALLOW = 33182129
23:18:28.882 [main] INFO  com.cloudframe.app.process.Comput1.process   92 - *KB* LK-RLU3A-ACCT-PLAN-DATA-ALLOW = 33182129
23:18:28.882 [main] INFO  com.cloudframe.app.process.Comput1.process  108 - *MB* LK-RLU3A-TOT-DATA-PROMO-ALLOW = 33182336
23:18:28.883 [main] INFO  com.cloudframe.app.process.Comput1.process  110 - *MB* LK-RLU3A-ACCT-PLAN-DATA-ALLOW = 33182336
23:18:28.883 [main] INFO  com.cloudframe.app.process.Comput1.process  124 - *GB* LK-RLU3A-TOT-DATA-PROMO-ALLOW = 33182336
23:18:28.883 [main] INFO  com.cloudframe.app.process.Comput1.process  126 - *GB* LK-RLU3A-ACCT-PLAN-DATA-ALLOW = 33182336
23:18:28.883 [main] INFO  com.cloudframe.app.process.Comput1.process   76 - ___________________________________
23:18:28.883 [main] INFO  com.cloudframe.app.process.Comput1.process   78 - 469 . WS-OOSU-SHARED-ALLOW = 218066425
23:18:28.883 [main] INFO  com.cloudframe.app.process.Comput1.process   90 - *KB* LK-RLU3A-TOT-DATA-PROMO-ALLOW = 33395291
23:18:28.883 [main] INFO  com.cloudframe.app.process.Comput1.process   92 - *KB* LK-RLU3A-ACCT-PLAN-DATA-ALLOW = 33395291
23:18:28.883 [main] INFO  com.cloudframe.app.process.Comput1.process  108 - *MB* LK-RLU3A-TOT-DATA-PROMO-ALLOW = 33395498
23:18:28.883 [main] INFO  com.cloudframe.app.process.Comput1.process  110 - *MB* LK-RLU3A-ACCT-PLAN-DATA-ALLOW = 33395498
23:18:28.884 [main] INFO  com.cloudframe.app.process.Comput1.process  124 - *GB* LK-RLU3A-TOT-DATA-PROMO-ALLOW = 33395498
23:18:28.884 [main] INFO  com.cloudframe.app.process.Comput1.process  126 - *GB* LK-RLU3A-ACCT-PLAN-DATA-ALLOW = 33395498
23:18:28.884 [main] INFO  com.cloudframe.app.process.Comput1.process   76 - ___________________________________
23:18:28.884 [main] INFO  com.cloudframe.app.process.Comput1.process   78 - 470 . WS-OOSU-SHARED-ALLOW = 218998328
23:18:28.884 [main] INFO  com.cloudframe.app.process.Comput1.process   90 - *KB* LK-RLU3A-TOT-DATA-PROMO-ALLOW = 33609363
23:18:28.884 [main] INFO  com.cloudframe.app.process.Comput1.process   92 - *KB* LK-RLU3A-ACCT-PLAN-DATA-ALLOW = 33609363
23:18:28.884 [main] INFO  com.cloudframe.app.process.Comput1.process  108 - *MB* LK-RLU3A-TOT-DATA-PROMO-ALLOW = 33609571
23:18:28.884 [main] INFO  com.cloudframe.app.process.Comput1.process  110 - *MB* LK-RLU3A-ACCT-PLAN-DATA-ALLOW = 33609571
23:18:28.884 [main] INFO  com.cloudframe.app.process.Comput1.process  124 - *GB* LK-RLU3A-TOT-DATA-PROMO-ALLOW = 33609571
23:18:28.884 [main] INFO  com.cloudframe.app.process.Comput1.process  126 - *GB* LK-RLU3A-ACCT-PLAN-DATA-ALLOW = 33609571
23:18:28.885 [main] INFO  com.cloudframe.app.process.Comput1.process   76 - ___________________________________
23:18:28.885 [main] INFO  com.cloudframe.app.process.Comput1.process   78 - 471 . WS-OOSU-SHARED-ALLOW = 219932218
23:18:28.885 [main] INFO  com.cloudframe.app.process.Comput1.process   90 - *KB* LK-RLU3A-TOT-DATA-PROMO-ALLOW = 33824348
23:18:28.885 [main] INFO  com.cloudframe.app.process.Comput1.process   92 - *KB* LK-RLU3A-ACCT-PLAN-DATA-ALLOW = 33824348
23:18:28.885 [main] INFO  com.cloudframe.app.process.Comput1.process  108 - *MB* LK-RLU3A-TOT-DATA-PROMO-ALLOW = 33824557
23:18:28.885 [main] INFO  com.cloudframe.app.process.Comput1.process  110 - *MB* LK-RLU3A-ACCT-PLAN-DATA-ALLOW = 33824557
23:18:28.885 [main] INFO  com.cloudframe.app.process.Comput1.process  124 - *GB* LK-RLU3A-TOT-DATA-PROMO-ALLOW = 33824557
23:18:28.885 [main] INFO  com.cloudframe.app.process.Comput1.process  126 - *GB* LK-RLU3A-ACCT-PLAN-DATA-ALLOW = 33824557
23:18:28.886 [main] INFO  com.cloudframe.app.process.Comput1.process   76 - ___________________________________
23:18:28.886 [main] INFO  com.cloudframe.app.process.Comput1.process   78 - 472 . WS-OOSU-SHARED-ALLOW = 220868095
23:18:28.886 [main] INFO  com.cloudframe.app.process.Comput1.process   90 - *KB* LK-RLU3A-TOT-DATA-PROMO-ALLOW = 34040248
23:18:28.886 [main] INFO  com.cloudframe.app.process.Comput1.process   92 - *KB* LK-RLU3A-ACCT-PLAN-DATA-ALLOW = 34040248
23:18:28.886 [main] INFO  com.cloudframe.app.process.Comput1.process  108 - *MB* LK-RLU3A-TOT-DATA-PROMO-ALLOW = 34040458
23:18:28.886 [main] INFO  com.cloudframe.app.process.Comput1.process  110 - *MB* LK-RLU3A-ACCT-PLAN-DATA-ALLOW = 34040458
23:18:28.886 [main] INFO  com.cloudframe.app.process.Comput1.process  124 - *GB* LK-RLU3A-TOT-DATA-PROMO-ALLOW = 34040458
23:18:28.887 [main] INFO  com.cloudframe.app.process.Comput1.process  126 - *GB* LK-RLU3A-ACCT-PLAN-DATA-ALLOW = 34040458
23:18:28.887 [main] INFO  com.cloudframe.app.process.Comput1.process   76 - ___________________________________
23:18:28.887 [main] INFO  com.cloudframe.app.process.Comput1.process   78 - 473 . WS-OOSU-SHARED-ALLOW = 221805959
23:18:28.887 [main] INFO  com.cloudframe.app.process.Comput1.process   90 - *KB* LK-RLU3A-TOT-DATA-PROMO-ALLOW = 34257065
23:18:28.887 [main] INFO  com.cloudframe.app.process.Comput1.process   92 - *KB* LK-RLU3A-ACCT-PLAN-DATA-ALLOW = 34257065
23:18:28.887 [main] INFO  com.cloudframe.app.process.Comput1.process  108 - *MB* LK-RLU3A-TOT-DATA-PROMO-ALLOW = 34257276
23:18:28.887 [main] INFO  com.cloudframe.app.process.Comput1.process  110 - *MB* LK-RLU3A-ACCT-PLAN-DATA-ALLOW = 34257276
23:18:28.887 [main] INFO  com.cloudframe.app.process.Comput1.process  124 - *GB* LK-RLU3A-TOT-DATA-PROMO-ALLOW = 34257276
23:18:28.887 [main] INFO  com.cloudframe.app.process.Comput1.process  126 - *GB* LK-RLU3A-ACCT-PLAN-DATA-ALLOW = 34257276
23:18:28.888 [main] INFO  com.cloudframe.app.process.Comput1.process   76 - ___________________________________
23:18:28.888 [main] INFO  com.cloudframe.app.process.Comput1.process   78 - 474 . WS-OOSU-SHARED-ALLOW = 222745810
23:18:28.888 [main] INFO  com.cloudframe.app.process.Comput1.process   90 - *KB* LK-RLU3A-TOT-DATA-PROMO-ALLOW = 34474801
23:18:28.888 [main] INFO  com.cloudframe.app.process.Comput1.process   92 - *KB* LK-RLU3A-ACCT-PLAN-DATA-ALLOW = 34474801
23:18:28.888 [main] INFO  com.cloudframe.app.process.Comput1.process  108 - *MB* LK-RLU3A-TOT-DATA-PROMO-ALLOW = 34475013
23:18:28.888 [main] INFO  com.cloudframe.app.process.Comput1.process  110 - *MB* LK-RLU3A-ACCT-PLAN-DATA-ALLOW = 34475013
23:18:28.888 [main] INFO  com.cloudframe.app.process.Comput1.process  124 - *GB* LK-RLU3A-TOT-DATA-PROMO-ALLOW = 34475013
23:18:28.889 [main] INFO  com.cloudframe.app.process.Comput1.process  126 - *GB* LK-RLU3A-ACCT-PLAN-DATA-ALLOW = 34475013
23:18:28.889 [main] INFO  com.cloudframe.app.process.Comput1.process   76 - ___________________________________
23:18:28.889 [main] INFO  com.cloudframe.app.process.Comput1.process   78 - 475 . WS-OOSU-SHARED-ALLOW = 223687648
23:18:28.889 [main] INFO  com.cloudframe.app.process.Comput1.process   90 - *KB* LK-RLU3A-TOT-DATA-PROMO-ALLOW = 34693457
23:18:28.889 [main] INFO  com.cloudframe.app.process.Comput1.process   92 - *KB* LK-RLU3A-ACCT-PLAN-DATA-ALLOW = 34693457
23:18:28.889 [main] INFO  com.cloudframe.app.process.Comput1.process  108 - *MB* LK-RLU3A-TOT-DATA-PROMO-ALLOW = 34693670
23:18:28.889 [main] INFO  com.cloudframe.app.process.Comput1.process  110 - *MB* LK-RLU3A-ACCT-PLAN-DATA-ALLOW = 34693670
23:18:28.889 [main] INFO  com.cloudframe.app.process.Comput1.process  124 - *GB* LK-RLU3A-TOT-DATA-PROMO-ALLOW = 34693670
23:18:28.889 [main] INFO  com.cloudframe.app.process.Comput1.process  126 - *GB* LK-RLU3A-ACCT-PLAN-DATA-ALLOW = 34693670
23:18:28.889 [main] INFO  com.cloudframe.app.process.Comput1.process   76 - ___________________________________
23:18:28.889 [main] INFO  com.cloudframe.app.process.Comput1.process   78 - 476 . WS-OOSU-SHARED-ALLOW = 224631473
23:18:28.890 [main] INFO  com.cloudframe.app.process.Comput1.process   90 - *KB* LK-RLU3A-TOT-DATA-PROMO-ALLOW = 34913036
23:18:28.890 [main] INFO  com.cloudframe.app.process.Comput1.process   92 - *KB* LK-RLU3A-ACCT-PLAN-DATA-ALLOW = 34913036
23:18:28.890 [main] INFO  com.cloudframe.app.process.Comput1.process  108 - *MB* LK-RLU3A-TOT-DATA-PROMO-ALLOW = 34913250
23:18:28.890 [main] INFO  com.cloudframe.app.process.Comput1.process  110 - *MB* LK-RLU3A-ACCT-PLAN-DATA-ALLOW = 34913250
23:18:28.890 [main] INFO  com.cloudframe.app.process.Comput1.process  124 - *GB* LK-RLU3A-TOT-DATA-PROMO-ALLOW = 34913250
23:18:28.890 [main] INFO  com.cloudframe.app.process.Comput1.process  126 - *GB* LK-RLU3A-ACCT-PLAN-DATA-ALLOW = 34913250
23:18:28.890 [main] INFO  com.cloudframe.app.process.Comput1.process   76 - ___________________________________
23:18:28.890 [main] INFO  com.cloudframe.app.process.Comput1.process   78 - 477 . WS-OOSU-SHARED-ALLOW = 225577285
23:18:28.890 [main] INFO  com.cloudframe.app.process.Comput1.process   90 - *KB* LK-RLU3A-TOT-DATA-PROMO-ALLOW = 35133540
23:18:28.890 [main] INFO  com.cloudframe.app.process.Comput1.process   92 - *KB* LK-RLU3A-ACCT-PLAN-DATA-ALLOW = 35133540
23:18:28.891 [main] INFO  com.cloudframe.app.process.Comput1.process  108 - *MB* LK-RLU3A-TOT-DATA-PROMO-ALLOW = 35133755
23:18:28.891 [main] INFO  com.cloudframe.app.process.Comput1.process  110 - *MB* LK-RLU3A-ACCT-PLAN-DATA-ALLOW = 35133755
23:18:28.891 [main] INFO  com.cloudframe.app.process.Comput1.process  124 - *GB* LK-RLU3A-TOT-DATA-PROMO-ALLOW = 35133755
23:18:28.891 [main] INFO  com.cloudframe.app.process.Comput1.process  126 - *GB* LK-RLU3A-ACCT-PLAN-DATA-ALLOW = 35133755
23:18:28.891 [main] INFO  com.cloudframe.app.process.Comput1.process   76 - ___________________________________
23:18:28.891 [main] INFO  com.cloudframe.app.process.Comput1.process   78 - 478 . WS-OOSU-SHARED-ALLOW = 226525084
23:18:28.891 [main] INFO  com.cloudframe.app.process.Comput1.process   90 - *KB* LK-RLU3A-TOT-DATA-PROMO-ALLOW = 35354970
23:18:28.891 [main] INFO  com.cloudframe.app.process.Comput1.process   92 - *KB* LK-RLU3A-ACCT-PLAN-DATA-ALLOW = 35354970
23:18:28.891 [main] INFO  com.cloudframe.app.process.Comput1.process  108 - *MB* LK-RLU3A-TOT-DATA-PROMO-ALLOW = 35355186
23:18:28.891 [main] INFO  com.cloudframe.app.process.Comput1.process  110 - *MB* LK-RLU3A-ACCT-PLAN-DATA-ALLOW = 35355186
23:18:28.892 [main] INFO  com.cloudframe.app.process.Comput1.process  124 - *GB* LK-RLU3A-TOT-DATA-PROMO-ALLOW = 35355186
23:18:28.892 [main] INFO  com.cloudframe.app.process.Comput1.process  126 - *GB* LK-RLU3A-ACCT-PLAN-DATA-ALLOW = 35355186
23:18:28.892 [main] INFO  com.cloudframe.app.process.Comput1.process   76 - ___________________________________
23:18:28.892 [main] INFO  com.cloudframe.app.process.Comput1.process   78 - 479 . WS-OOSU-SHARED-ALLOW = 227474870
23:18:28.892 [main] INFO  com.cloudframe.app.process.Comput1.process   90 - *KB* LK-RLU3A-TOT-DATA-PROMO-ALLOW = 35577329
23:18:28.892 [main] INFO  com.cloudframe.app.process.Comput1.process   92 - *KB* LK-RLU3A-ACCT-PLAN-DATA-ALLOW = 35577329
23:18:28.892 [main] INFO  com.cloudframe.app.process.Comput1.process  108 - *MB* LK-RLU3A-TOT-DATA-PROMO-ALLOW = 35577545
23:18:28.892 [main] INFO  com.cloudframe.app.process.Comput1.process  110 - *MB* LK-RLU3A-ACCT-PLAN-DATA-ALLOW = 35577545
23:18:28.893 [main] INFO  com.cloudframe.app.process.Comput1.process  124 - *GB* LK-RLU3A-TOT-DATA-PROMO-ALLOW = 35577545
23:18:28.893 [main] INFO  com.cloudframe.app.process.Comput1.process  126 - *GB* LK-RLU3A-ACCT-PLAN-DATA-ALLOW = 35577545
23:18:28.893 [main] INFO  com.cloudframe.app.process.Comput1.process   76 - ___________________________________
23:18:28.893 [main] INFO  com.cloudframe.app.process.Comput1.process   78 - 480 . WS-OOSU-SHARED-ALLOW = 228426643
23:18:28.893 [main] INFO  com.cloudframe.app.process.Comput1.process   90 - *KB* LK-RLU3A-TOT-DATA-PROMO-ALLOW = 35800617
23:18:28.893 [main] INFO  com.cloudframe.app.process.Comput1.process   92 - *KB* LK-RLU3A-ACCT-PLAN-DATA-ALLOW = 35800617
23:18:28.893 [main] INFO  com.cloudframe.app.process.Comput1.process  108 - *MB* LK-RLU3A-TOT-DATA-PROMO-ALLOW = 35800834
23:18:28.893 [main] INFO  com.cloudframe.app.process.Comput1.process  110 - *MB* LK-RLU3A-ACCT-PLAN-DATA-ALLOW = 35800834
23:18:28.893 [main] INFO  com.cloudframe.app.process.Comput1.process  124 - *GB* LK-RLU3A-TOT-DATA-PROMO-ALLOW = 35800834
23:18:28.893 [main] INFO  com.cloudframe.app.process.Comput1.process  126 - *GB* LK-RLU3A-ACCT-PLAN-DATA-ALLOW = 35800834
23:18:28.894 [main] INFO  com.cloudframe.app.process.Comput1.process   76 - ___________________________________
23:18:28.894 [main] INFO  com.cloudframe.app.process.Comput1.process   78 - 481 . WS-OOSU-SHARED-ALLOW = 229380403
23:18:28.894 [main] INFO  com.cloudframe.app.process.Comput1.process   90 - *KB* LK-RLU3A-TOT-DATA-PROMO-ALLOW = 36024838
23:18:28.894 [main] INFO  com.cloudframe.app.process.Comput1.process   92 - *KB* LK-RLU3A-ACCT-PLAN-DATA-ALLOW = 36024838
23:18:28.894 [main] INFO  com.cloudframe.app.process.Comput1.process  108 - *MB* LK-RLU3A-TOT-DATA-PROMO-ALLOW = 36025056
23:18:28.894 [main] INFO  com.cloudframe.app.process.Comput1.process  110 - *MB* LK-RLU3A-ACCT-PLAN-DATA-ALLOW = 36025056
23:18:28.894 [main] INFO  com.cloudframe.app.process.Comput1.process  124 - *GB* LK-RLU3A-TOT-DATA-PROMO-ALLOW = 36025056
23:18:28.894 [main] INFO  com.cloudframe.app.process.Comput1.process  126 - *GB* LK-RLU3A-ACCT-PLAN-DATA-ALLOW = 36025056
23:18:28.894 [main] INFO  com.cloudframe.app.process.Comput1.process   76 - ___________________________________
23:18:28.894 [main] INFO  com.cloudframe.app.process.Comput1.process   78 - 482 . WS-OOSU-SHARED-ALLOW = 230336150
23:18:28.894 [main] INFO  com.cloudframe.app.process.Comput1.process   90 - *KB* LK-RLU3A-TOT-DATA-PROMO-ALLOW = 36249993
23:18:28.895 [main] INFO  com.cloudframe.app.process.Comput1.process   92 - *KB* LK-RLU3A-ACCT-PLAN-DATA-ALLOW = 36249993
23:18:28.895 [main] INFO  com.cloudframe.app.process.Comput1.process  108 - *MB* LK-RLU3A-TOT-DATA-PROMO-ALLOW = 36250212
23:18:28.895 [main] INFO  com.cloudframe.app.process.Comput1.process  110 - *MB* LK-RLU3A-ACCT-PLAN-DATA-ALLOW = 36250212
23:18:28.895 [main] INFO  com.cloudframe.app.process.Comput1.process  124 - *GB* LK-RLU3A-TOT-DATA-PROMO-ALLOW = 36250212
23:18:28.895 [main] INFO  com.cloudframe.app.process.Comput1.process  126 - *GB* LK-RLU3A-ACCT-PLAN-DATA-ALLOW = 36250212
23:18:28.895 [main] INFO  com.cloudframe.app.process.Comput1.process   76 - ___________________________________
23:18:28.895 [main] INFO  com.cloudframe.app.process.Comput1.process   78 - 483 . WS-OOSU-SHARED-ALLOW = 231293884
23:18:28.895 [main] INFO  com.cloudframe.app.process.Comput1.process   90 - *KB* LK-RLU3A-TOT-DATA-PROMO-ALLOW = 36476084
23:18:28.895 [main] INFO  com.cloudframe.app.process.Comput1.process   92 - *KB* LK-RLU3A-ACCT-PLAN-DATA-ALLOW = 36476084
23:18:28.896 [main] INFO  com.cloudframe.app.process.Comput1.process  108 - *MB* LK-RLU3A-TOT-DATA-PROMO-ALLOW = 36476304
23:18:28.896 [main] INFO  com.cloudframe.app.process.Comput1.process  110 - *MB* LK-RLU3A-ACCT-PLAN-DATA-ALLOW = 36476304
23:18:28.896 [main] INFO  com.cloudframe.app.process.Comput1.process  124 - *GB* LK-RLU3A-TOT-DATA-PROMO-ALLOW = 36476304
23:18:28.896 [main] INFO  com.cloudframe.app.process.Comput1.process  126 - *GB* LK-RLU3A-ACCT-PLAN-DATA-ALLOW = 36476304
23:18:28.896 [main] INFO  com.cloudframe.app.process.Comput1.process   76 - ___________________________________
23:18:28.896 [main] INFO  com.cloudframe.app.process.Comput1.process   78 - 484 . WS-OOSU-SHARED-ALLOW = 232253605
23:18:28.896 [main] INFO  com.cloudframe.app.process.Comput1.process   90 - *KB* LK-RLU3A-TOT-DATA-PROMO-ALLOW = 36703114
23:18:28.896 [main] INFO  com.cloudframe.app.process.Comput1.process   92 - *KB* LK-RLU3A-ACCT-PLAN-DATA-ALLOW = 36703114
23:18:28.896 [main] INFO  com.cloudframe.app.process.Comput1.process  108 - *MB* LK-RLU3A-TOT-DATA-PROMO-ALLOW = 36703335
23:18:28.896 [main] INFO  com.cloudframe.app.process.Comput1.process  110 - *MB* LK-RLU3A-ACCT-PLAN-DATA-ALLOW = 36703335
23:18:28.897 [main] INFO  com.cloudframe.app.process.Comput1.process  124 - *GB* LK-RLU3A-TOT-DATA-PROMO-ALLOW = 36703335
23:18:28.897 [main] INFO  com.cloudframe.app.process.Comput1.process  126 - *GB* LK-RLU3A-ACCT-PLAN-DATA-ALLOW = 36703335
23:18:28.897 [main] INFO  com.cloudframe.app.process.Comput1.process   76 - ___________________________________
23:18:28.897 [main] INFO  com.cloudframe.app.process.Comput1.process   78 - 485 . WS-OOSU-SHARED-ALLOW = 233215313
23:18:28.897 [main] INFO  com.cloudframe.app.process.Comput1.process   90 - *KB* LK-RLU3A-TOT-DATA-PROMO-ALLOW = 36931084
23:18:28.897 [main] INFO  com.cloudframe.app.process.Comput1.process   92 - *KB* LK-RLU3A-ACCT-PLAN-DATA-ALLOW = 36931084
23:18:28.897 [main] INFO  com.cloudframe.app.process.Comput1.process  108 - *MB* LK-RLU3A-TOT-DATA-PROMO-ALLOW = 36931306
23:18:28.897 [main] INFO  com.cloudframe.app.process.Comput1.process  110 - *MB* LK-RLU3A-ACCT-PLAN-DATA-ALLOW = 36931306
23:18:28.897 [main] INFO  com.cloudframe.app.process.Comput1.process  124 - *GB* LK-RLU3A-TOT-DATA-PROMO-ALLOW = 36931306
23:18:28.897 [main] INFO  com.cloudframe.app.process.Comput1.process  126 - *GB* LK-RLU3A-ACCT-PLAN-DATA-ALLOW = 36931306
23:18:28.897 [main] INFO  com.cloudframe.app.process.Comput1.process   76 - ___________________________________
23:18:28.898 [main] INFO  com.cloudframe.app.process.Comput1.process   78 - 486 . WS-OOSU-SHARED-ALLOW = 234179008
23:18:28.898 [main] INFO  com.cloudframe.app.process.Comput1.process   90 - *KB* LK-RLU3A-TOT-DATA-PROMO-ALLOW = 37159996
23:18:28.898 [main] INFO  com.cloudframe.app.process.Comput1.process   92 - *KB* LK-RLU3A-ACCT-PLAN-DATA-ALLOW = 37159996
23:18:28.898 [main] INFO  com.cloudframe.app.process.Comput1.process  108 - *MB* LK-RLU3A-TOT-DATA-PROMO-ALLOW = 37160219
23:18:28.898 [main] INFO  com.cloudframe.app.process.Comput1.process  110 - *MB* LK-RLU3A-ACCT-PLAN-DATA-ALLOW = 37160219
23:18:28.898 [main] INFO  com.cloudframe.app.process.Comput1.process  124 - *GB* LK-RLU3A-TOT-DATA-PROMO-ALLOW = 37160219
23:18:28.898 [main] INFO  com.cloudframe.app.process.Comput1.process  126 - *GB* LK-RLU3A-ACCT-PLAN-DATA-ALLOW = 37160219
23:18:28.898 [main] INFO  com.cloudframe.app.process.Comput1.process   76 - ___________________________________
23:18:28.898 [main] INFO  com.cloudframe.app.process.Comput1.process   78 - 487 . WS-OOSU-SHARED-ALLOW = 235144690
23:18:28.899 [main] INFO  com.cloudframe.app.process.Comput1.process   90 - *KB* LK-RLU3A-TOT-DATA-PROMO-ALLOW = 37389852
23:18:28.899 [main] INFO  com.cloudframe.app.process.Comput1.process   92 - *KB* LK-RLU3A-ACCT-PLAN-DATA-ALLOW = 37389852
23:18:28.899 [main] INFO  com.cloudframe.app.process.Comput1.process  108 - *MB* LK-RLU3A-TOT-DATA-PROMO-ALLOW = 37390076
23:18:28.899 [main] INFO  com.cloudframe.app.process.Comput1.process  110 - *MB* LK-RLU3A-ACCT-PLAN-DATA-ALLOW = 37390076
23:18:28.899 [main] INFO  com.cloudframe.app.process.Comput1.process  124 - *GB* LK-RLU3A-TOT-DATA-PROMO-ALLOW = 37390076
23:18:28.899 [main] INFO  com.cloudframe.app.process.Comput1.process  126 - *GB* LK-RLU3A-ACCT-PLAN-DATA-ALLOW = 37390076
23:18:28.899 [main] INFO  com.cloudframe.app.process.Comput1.process   76 - ___________________________________
23:18:28.899 [main] INFO  com.cloudframe.app.process.Comput1.process   78 - 488 . WS-OOSU-SHARED-ALLOW = 236112359
23:18:28.899 [main] INFO  com.cloudframe.app.process.Comput1.process   90 - *KB* LK-RLU3A-TOT-DATA-PROMO-ALLOW = 37620654
23:18:28.899 [main] INFO  com.cloudframe.app.process.Comput1.process   92 - *KB* LK-RLU3A-ACCT-PLAN-DATA-ALLOW = 37620654
23:18:28.900 [main] INFO  com.cloudframe.app.process.Comput1.process  108 - *MB* LK-RLU3A-TOT-DATA-PROMO-ALLOW = 37620879
23:18:28.900 [main] INFO  com.cloudframe.app.process.Comput1.process  110 - *MB* LK-RLU3A-ACCT-PLAN-DATA-ALLOW = 37620879
23:18:28.900 [main] INFO  com.cloudframe.app.process.Comput1.process  124 - *GB* LK-RLU3A-TOT-DATA-PROMO-ALLOW = 37620879
23:18:28.900 [main] INFO  com.cloudframe.app.process.Comput1.process  126 - *GB* LK-RLU3A-ACCT-PLAN-DATA-ALLOW = 37620879
23:18:28.900 [main] INFO  com.cloudframe.app.process.Comput1.process   76 - ___________________________________
23:18:28.900 [main] INFO  com.cloudframe.app.process.Comput1.process   78 - 489 . WS-OOSU-SHARED-ALLOW = 237082015
23:18:28.900 [main] INFO  com.cloudframe.app.process.Comput1.process   90 - *KB* LK-RLU3A-TOT-DATA-PROMO-ALLOW = 37852404
23:18:28.900 [main] INFO  com.cloudframe.app.process.Comput1.process   92 - *KB* LK-RLU3A-ACCT-PLAN-DATA-ALLOW = 37852404
23:18:28.900 [main] INFO  com.cloudframe.app.process.Comput1.process  108 - *MB* LK-RLU3A-TOT-DATA-PROMO-ALLOW = 37852630
23:18:28.900 [main] INFO  com.cloudframe.app.process.Comput1.process  110 - *MB* LK-RLU3A-ACCT-PLAN-DATA-ALLOW = 37852630
23:18:28.900 [main] INFO  com.cloudframe.app.process.Comput1.process  124 - *GB* LK-RLU3A-TOT-DATA-PROMO-ALLOW = 37852630
23:18:28.901 [main] INFO  com.cloudframe.app.process.Comput1.process  126 - *GB* LK-RLU3A-ACCT-PLAN-DATA-ALLOW = 37852630
23:18:28.901 [main] INFO  com.cloudframe.app.process.Comput1.process   76 - ___________________________________
23:18:28.901 [main] INFO  com.cloudframe.app.process.Comput1.process   78 - 490 . WS-OOSU-SHARED-ALLOW = 238053658
23:18:28.901 [main] INFO  com.cloudframe.app.process.Comput1.process   90 - *KB* LK-RLU3A-TOT-DATA-PROMO-ALLOW = 38085104
23:18:28.901 [main] INFO  com.cloudframe.app.process.Comput1.process   92 - *KB* LK-RLU3A-ACCT-PLAN-DATA-ALLOW = 38085104
23:18:28.901 [main] INFO  com.cloudframe.app.process.Comput1.process  108 - *MB* LK-RLU3A-TOT-DATA-PROMO-ALLOW = 38085331
23:18:28.901 [main] INFO  com.cloudframe.app.process.Comput1.process  110 - *MB* LK-RLU3A-ACCT-PLAN-DATA-ALLOW = 38085331
23:18:28.901 [main] INFO  com.cloudframe.app.process.Comput1.process  124 - *GB* LK-RLU3A-TOT-DATA-PROMO-ALLOW = 38085331
23:18:28.901 [main] INFO  com.cloudframe.app.process.Comput1.process  126 - *GB* LK-RLU3A-ACCT-PLAN-DATA-ALLOW = 38085331
23:18:28.901 [main] INFO  com.cloudframe.app.process.Comput1.process   76 - ___________________________________
23:18:28.902 [main] INFO  com.cloudframe.app.process.Comput1.process   78 - 491 . WS-OOSU-SHARED-ALLOW = 239027288
23:18:28.902 [main] INFO  com.cloudframe.app.process.Comput1.process   90 - *KB* LK-RLU3A-TOT-DATA-PROMO-ALLOW = 38318756
23:18:28.902 [main] INFO  com.cloudframe.app.process.Comput1.process   92 - *KB* LK-RLU3A-ACCT-PLAN-DATA-ALLOW = 38318756
23:18:28.902 [main] INFO  com.cloudframe.app.process.Comput1.process  108 - *MB* LK-RLU3A-TOT-DATA-PROMO-ALLOW = 38318983
23:18:28.902 [main] INFO  com.cloudframe.app.process.Comput1.process  110 - *MB* LK-RLU3A-ACCT-PLAN-DATA-ALLOW = 38318983
23:18:28.902 [main] INFO  com.cloudframe.app.process.Comput1.process  124 - *GB* LK-RLU3A-TOT-DATA-PROMO-ALLOW = 38318983
23:18:28.902 [main] INFO  com.cloudframe.app.process.Comput1.process  126 - *GB* LK-RLU3A-ACCT-PLAN-DATA-ALLOW = 38318983
23:18:28.902 [main] INFO  com.cloudframe.app.process.Comput1.process   76 - ___________________________________
23:18:28.902 [main] INFO  com.cloudframe.app.process.Comput1.process   78 - 492 . WS-OOSU-SHARED-ALLOW = 240002905
23:18:28.902 [main] INFO  com.cloudframe.app.process.Comput1.process   90 - *KB* LK-RLU3A-TOT-DATA-PROMO-ALLOW = 38553360
23:18:28.903 [main] INFO  com.cloudframe.app.process.Comput1.process   92 - *KB* LK-RLU3A-ACCT-PLAN-DATA-ALLOW = 38553360
23:18:28.903 [main] INFO  com.cloudframe.app.process.Comput1.process  108 - *MB* LK-RLU3A-TOT-DATA-PROMO-ALLOW = 38553588
23:18:28.903 [main] INFO  com.cloudframe.app.process.Comput1.process  110 - *MB* LK-RLU3A-ACCT-PLAN-DATA-ALLOW = 38553588
23:18:28.903 [main] INFO  com.cloudframe.app.process.Comput1.process  124 - *GB* LK-RLU3A-TOT-DATA-PROMO-ALLOW = 38553588
23:18:28.903 [main] INFO  com.cloudframe.app.process.Comput1.process  126 - *GB* LK-RLU3A-ACCT-PLAN-DATA-ALLOW = 38553588
23:18:28.903 [main] INFO  com.cloudframe.app.process.Comput1.process   76 - ___________________________________
23:18:28.903 [main] INFO  com.cloudframe.app.process.Comput1.process   78 - 493 . WS-OOSU-SHARED-ALLOW = 240980509
23:18:28.903 [main] INFO  com.cloudframe.app.process.Comput1.process   90 - *KB* LK-RLU3A-TOT-DATA-PROMO-ALLOW = 38788920
23:18:28.903 [main] INFO  com.cloudframe.app.process.Comput1.process   92 - *KB* LK-RLU3A-ACCT-PLAN-DATA-ALLOW = 38788920
23:18:28.903 [main] INFO  com.cloudframe.app.process.Comput1.process  108 - *MB* LK-RLU3A-TOT-DATA-PROMO-ALLOW = 38789149
23:18:28.904 [main] INFO  com.cloudframe.app.process.Comput1.process  110 - *MB* LK-RLU3A-ACCT-PLAN-DATA-ALLOW = 38789149
23:18:28.904 [main] INFO  com.cloudframe.app.process.Comput1.process  124 - *GB* LK-RLU3A-TOT-DATA-PROMO-ALLOW = 38789149
23:18:28.904 [main] INFO  com.cloudframe.app.process.Comput1.process  126 - *GB* LK-RLU3A-ACCT-PLAN-DATA-ALLOW = 38789149
23:18:28.904 [main] INFO  com.cloudframe.app.process.Comput1.process   76 - ___________________________________
23:18:28.904 [main] INFO  com.cloudframe.app.process.Comput1.process   78 - 494 . WS-OOSU-SHARED-ALLOW = 241960100
23:18:28.904 [main] INFO  com.cloudframe.app.process.Comput1.process   90 - *KB* LK-RLU3A-TOT-DATA-PROMO-ALLOW = 39025438
23:18:28.904 [main] INFO  com.cloudframe.app.process.Comput1.process   92 - *KB* LK-RLU3A-ACCT-PLAN-DATA-ALLOW = 39025438
23:18:28.904 [main] INFO  com.cloudframe.app.process.Comput1.process  108 - *MB* LK-RLU3A-TOT-DATA-PROMO-ALLOW = 39025668
23:18:28.904 [main] INFO  com.cloudframe.app.process.Comput1.process  110 - *MB* LK-RLU3A-ACCT-PLAN-DATA-ALLOW = 39025668
23:18:28.905 [main] INFO  com.cloudframe.app.process.Comput1.process  124 - *GB* LK-RLU3A-TOT-DATA-PROMO-ALLOW = 39025668
23:18:28.905 [main] INFO  com.cloudframe.app.process.Comput1.process  126 - *GB* LK-RLU3A-ACCT-PLAN-DATA-ALLOW = 39025668
23:18:28.905 [main] INFO  com.cloudframe.app.process.Comput1.process   76 - ___________________________________
23:18:28.905 [main] INFO  com.cloudframe.app.process.Comput1.process   78 - 495 . WS-OOSU-SHARED-ALLOW = 242941678
23:18:28.905 [main] INFO  com.cloudframe.app.process.Comput1.process   90 - *KB* LK-RLU3A-TOT-DATA-PROMO-ALLOW = 39262915
23:18:28.905 [main] INFO  com.cloudframe.app.process.Comput1.process   92 - *KB* LK-RLU3A-ACCT-PLAN-DATA-ALLOW = 39262915
23:18:28.905 [main] INFO  com.cloudframe.app.process.Comput1.process  108 - *MB* LK-RLU3A-TOT-DATA-PROMO-ALLOW = 39263146
23:18:28.905 [main] INFO  com.cloudframe.app.process.Comput1.process  110 - *MB* LK-RLU3A-ACCT-PLAN-DATA-ALLOW = 39263146
23:18:28.905 [main] INFO  com.cloudframe.app.process.Comput1.process  124 - *GB* LK-RLU3A-TOT-DATA-PROMO-ALLOW = 39263146
23:18:28.905 [main] INFO  com.cloudframe.app.process.Comput1.process  126 - *GB* LK-RLU3A-ACCT-PLAN-DATA-ALLOW = 39263146
23:18:28.905 [main] INFO  com.cloudframe.app.process.Comput1.process   76 - ___________________________________
23:18:28.906 [main] INFO  com.cloudframe.app.process.Comput1.process   78 - 496 . WS-OOSU-SHARED-ALLOW = 243925243
23:18:28.906 [main] INFO  com.cloudframe.app.process.Comput1.process   90 - *KB* LK-RLU3A-TOT-DATA-PROMO-ALLOW = 39501354
23:18:28.906 [main] INFO  com.cloudframe.app.process.Comput1.process   92 - *KB* LK-RLU3A-ACCT-PLAN-DATA-ALLOW = 39501354
23:18:28.906 [main] INFO  com.cloudframe.app.process.Comput1.process  108 - *MB* LK-RLU3A-TOT-DATA-PROMO-ALLOW = 39501586
23:18:28.906 [main] INFO  com.cloudframe.app.process.Comput1.process  110 - *MB* LK-RLU3A-ACCT-PLAN-DATA-ALLOW = 39501586
23:18:28.906 [main] INFO  com.cloudframe.app.process.Comput1.process  124 - *GB* LK-RLU3A-TOT-DATA-PROMO-ALLOW = 39501586
23:18:28.906 [main] INFO  com.cloudframe.app.process.Comput1.process  126 - *GB* LK-RLU3A-ACCT-PLAN-DATA-ALLOW = 39501586
23:18:28.906 [main] INFO  com.cloudframe.app.process.Comput1.process   76 - ___________________________________
23:18:28.906 [main] INFO  com.cloudframe.app.process.Comput1.process   78 - 497 . WS-OOSU-SHARED-ALLOW = 244910795
23:18:28.907 [main] INFO  com.cloudframe.app.process.Comput1.process   90 - *KB* LK-RLU3A-TOT-DATA-PROMO-ALLOW = 39740756
23:18:28.907 [main] INFO  com.cloudframe.app.process.Comput1.process   92 - *KB* LK-RLU3A-ACCT-PLAN-DATA-ALLOW = 39740756
23:18:28.907 [main] INFO  com.cloudframe.app.process.Comput1.process  108 - *MB* LK-RLU3A-TOT-DATA-PROMO-ALLOW = 39740989
23:18:28.907 [main] INFO  com.cloudframe.app.process.Comput1.process  110 - *MB* LK-RLU3A-ACCT-PLAN-DATA-ALLOW = 39740989
23:18:28.907 [main] INFO  com.cloudframe.app.process.Comput1.process  124 - *GB* LK-RLU3A-TOT-DATA-PROMO-ALLOW = 39740989
23:18:28.907 [main] INFO  com.cloudframe.app.process.Comput1.process  126 - *GB* LK-RLU3A-ACCT-PLAN-DATA-ALLOW = 39740989
23:18:28.907 [main] INFO  com.cloudframe.app.process.Comput1.process   76 - ___________________________________
23:18:28.907 [main] INFO  com.cloudframe.app.process.Comput1.process   78 - 498 . WS-OOSU-SHARED-ALLOW = 245898334
23:18:28.907 [main] INFO  com.cloudframe.app.process.Comput1.process   90 - *KB* LK-RLU3A-TOT-DATA-PROMO-ALLOW = 39981124
23:18:28.907 [main] INFO  com.cloudframe.app.process.Comput1.process   92 - *KB* LK-RLU3A-ACCT-PLAN-DATA-ALLOW = 39981124
23:18:28.908 [main] INFO  com.cloudframe.app.process.Comput1.process  108 - *MB* LK-RLU3A-TOT-DATA-PROMO-ALLOW = 39981358
23:18:28.908 [main] INFO  com.cloudframe.app.process.Comput1.process  110 - *MB* LK-RLU3A-ACCT-PLAN-DATA-ALLOW = 39981358
23:18:28.908 [main] INFO  com.cloudframe.app.process.Comput1.process  124 - *GB* LK-RLU3A-TOT-DATA-PROMO-ALLOW = 39981358
23:18:28.908 [main] INFO  com.cloudframe.app.process.Comput1.process  126 - *GB* LK-RLU3A-ACCT-PLAN-DATA-ALLOW = 39981358
23:18:28.908 [main] INFO  com.cloudframe.app.process.Comput1.process   76 - ___________________________________
23:18:28.908 [main] INFO  com.cloudframe.app.process.Comput1.process   78 - 499 . WS-OOSU-SHARED-ALLOW = 246887860
23:18:28.908 [main] INFO  com.cloudframe.app.process.Comput1.process   90 - *KB* LK-RLU3A-TOT-DATA-PROMO-ALLOW = 40222459
23:18:28.908 [main] INFO  com.cloudframe.app.process.Comput1.process   92 - *KB* LK-RLU3A-ACCT-PLAN-DATA-ALLOW = 40222459
23:18:28.908 [main] INFO  com.cloudframe.app.process.Comput1.process  108 - *MB* LK-RLU3A-TOT-DATA-PROMO-ALLOW = 40222694
23:18:28.908 [main] INFO  com.cloudframe.app.process.Comput1.process  110 - *MB* LK-RLU3A-ACCT-PLAN-DATA-ALLOW = 40222694
23:18:28.909 [main] INFO  com.cloudframe.app.process.Comput1.process  124 - *GB* LK-RLU3A-TOT-DATA-PROMO-ALLOW = 40222694
23:18:28.909 [main] INFO  com.cloudframe.app.process.Comput1.process  126 - *GB* LK-RLU3A-ACCT-PLAN-DATA-ALLOW = 40222694
23:18:28.909 [main] INFO  com.cloudframe.app.process.Comput1.process   76 - ___________________________________
23:18:28.909 [main] INFO  com.cloudframe.app.process.Comput1.process   78 - 500 . WS-OOSU-SHARED-ALLOW = 247879373
23:18:28.909 [main] INFO  com.cloudframe.app.process.Comput1.process   90 - *KB* LK-RLU3A-TOT-DATA-PROMO-ALLOW = 40464763
23:18:28.909 [main] INFO  com.cloudframe.app.process.Comput1.process   92 - *KB* LK-RLU3A-ACCT-PLAN-DATA-ALLOW = 40464763
23:18:28.909 [main] INFO  com.cloudframe.app.process.Comput1.process  108 - *MB* LK-RLU3A-TOT-DATA-PROMO-ALLOW = 40464999
23:18:28.909 [main] INFO  com.cloudframe.app.process.Comput1.process  110 - *MB* LK-RLU3A-ACCT-PLAN-DATA-ALLOW = 40464999
23:18:28.909 [main] INFO  com.cloudframe.app.process.Comput1.process  124 - *GB* LK-RLU3A-TOT-DATA-PROMO-ALLOW = 40464999
23:18:28.909 [main] INFO  com.cloudframe.app.process.Comput1.process  126 - *GB* LK-RLU3A-ACCT-PLAN-DATA-ALLOW = 40464999
23:18:28.910 [main] INFO  com.cloudframe.app.process.Comput1.process   76 - ___________________________________
23:18:28.910 [main] INFO  com.cloudframe.app.process.Comput1.process   78 - 501 . WS-OOSU-SHARED-ALLOW = 248872873
23:18:28.910 [main] INFO  com.cloudframe.app.process.Comput1.process   90 - *KB* LK-RLU3A-TOT-DATA-PROMO-ALLOW = 40708038
23:18:28.910 [main] INFO  com.cloudframe.app.process.Comput1.process   92 - *KB* LK-RLU3A-ACCT-PLAN-DATA-ALLOW = 40708038
23:18:28.910 [main] INFO  com.cloudframe.app.process.Comput1.process  108 - *MB* LK-RLU3A-TOT-DATA-PROMO-ALLOW = 40708275
23:18:28.910 [main] INFO  com.cloudframe.app.process.Comput1.process  110 - *MB* LK-RLU3A-ACCT-PLAN-DATA-ALLOW = 40708275
23:18:28.910 [main] INFO  com.cloudframe.app.process.Comput1.process  124 - *GB* LK-RLU3A-TOT-DATA-PROMO-ALLOW = 40708275
23:18:28.910 [main] INFO  com.cloudframe.app.process.Comput1.process  126 - *GB* LK-RLU3A-ACCT-PLAN-DATA-ALLOW = 40708275
23:18:28.910 [main] INFO  com.cloudframe.app.process.Comput1.process   76 - ___________________________________
23:18:28.910 [main] INFO  com.cloudframe.app.process.Comput1.process   78 - 502 . WS-OOSU-SHARED-ALLOW = 249868360
23:18:28.911 [main] INFO  com.cloudframe.app.process.Comput1.process   90 - *KB* LK-RLU3A-TOT-DATA-PROMO-ALLOW = 40952287
23:18:28.911 [main] INFO  com.cloudframe.app.process.Comput1.process   92 - *KB* LK-RLU3A-ACCT-PLAN-DATA-ALLOW = 40952287
23:18:28.911 [main] INFO  com.cloudframe.app.process.Comput1.process  108 - *MB* LK-RLU3A-TOT-DATA-PROMO-ALLOW = 40952525
23:18:28.911 [main] INFO  com.cloudframe.app.process.Comput1.process  110 - *MB* LK-RLU3A-ACCT-PLAN-DATA-ALLOW = 40952525
23:18:28.911 [main] INFO  com.cloudframe.app.process.Comput1.process  124 - *GB* LK-RLU3A-TOT-DATA-PROMO-ALLOW = 40952525
23:18:28.911 [main] INFO  com.cloudframe.app.process.Comput1.process  126 - *GB* LK-RLU3A-ACCT-PLAN-DATA-ALLOW = 40952525
23:18:28.911 [main] INFO  com.cloudframe.app.process.Comput1.process   76 - ___________________________________
23:18:28.911 [main] INFO  com.cloudframe.app.process.Comput1.process   78 - 503 . WS-OOSU-SHARED-ALLOW = 250865834
23:18:28.911 [main] INFO  com.cloudframe.app.process.Comput1.process   90 - *KB* LK-RLU3A-TOT-DATA-PROMO-ALLOW = 41197511
23:18:28.911 [main] INFO  com.cloudframe.app.process.Comput1.process   92 - *KB* LK-RLU3A-ACCT-PLAN-DATA-ALLOW = 41197511
23:18:28.911 [main] INFO  com.cloudframe.app.process.Comput1.process  108 - *MB* LK-RLU3A-TOT-DATA-PROMO-ALLOW = 41197750
23:18:28.912 [main] INFO  com.cloudframe.app.process.Comput1.process  110 - *MB* LK-RLU3A-ACCT-PLAN-DATA-ALLOW = 41197750
23:18:28.912 [main] INFO  com.cloudframe.app.process.Comput1.process  124 - *GB* LK-RLU3A-TOT-DATA-PROMO-ALLOW = 41197750
23:18:28.912 [main] INFO  com.cloudframe.app.process.Comput1.process  126 - *GB* LK-RLU3A-ACCT-PLAN-DATA-ALLOW = 41197750
23:18:28.912 [main] INFO  com.cloudframe.app.process.Comput1.process   76 - ___________________________________
23:18:28.912 [main] INFO  com.cloudframe.app.process.Comput1.process   78 - 504 . WS-OOSU-SHARED-ALLOW = 251865295
23:18:28.912 [main] INFO  com.cloudframe.app.process.Comput1.process   90 - *KB* LK-RLU3A-TOT-DATA-PROMO-ALLOW = 41443712
23:18:28.912 [main] INFO  com.cloudframe.app.process.Comput1.process   92 - *KB* LK-RLU3A-ACCT-PLAN-DATA-ALLOW = 41443712
23:18:28.912 [main] INFO  com.cloudframe.app.process.Comput1.process  108 - *MB* LK-RLU3A-TOT-DATA-PROMO-ALLOW = 41443952
23:18:28.912 [main] INFO  com.cloudframe.app.process.Comput1.process  110 - *MB* LK-RLU3A-ACCT-PLAN-DATA-ALLOW = 41443952
23:18:28.913 [main] INFO  com.cloudframe.app.process.Comput1.process  124 - *GB* LK-RLU3A-TOT-DATA-PROMO-ALLOW = 41443952
23:18:28.913 [main] INFO  com.cloudframe.app.process.Comput1.process  126 - *GB* LK-RLU3A-ACCT-PLAN-DATA-ALLOW = 41443952
23:18:28.913 [main] INFO  com.cloudframe.app.process.Comput1.process   76 - ___________________________________
23:18:28.913 [main] INFO  com.cloudframe.app.process.Comput1.process   78 - 505 . WS-OOSU-SHARED-ALLOW = 252866743
23:18:28.913 [main] INFO  com.cloudframe.app.process.Comput1.process   90 - *KB* LK-RLU3A-TOT-DATA-PROMO-ALLOW = 41690892
23:18:28.913 [main] INFO  com.cloudframe.app.process.Comput1.process   92 - *KB* LK-RLU3A-ACCT-PLAN-DATA-ALLOW = 41690892
23:18:28.913 [main] INFO  com.cloudframe.app.process.Comput1.process  108 - *MB* LK-RLU3A-TOT-DATA-PROMO-ALLOW = 41691133
23:18:28.913 [main] INFO  com.cloudframe.app.process.Comput1.process  110 - *MB* LK-RLU3A-ACCT-PLAN-DATA-ALLOW = 41691133
23:18:28.913 [main] INFO  com.cloudframe.app.process.Comput1.process  124 - *GB* LK-RLU3A-TOT-DATA-PROMO-ALLOW = 41691133
23:18:28.913 [main] INFO  com.cloudframe.app.process.Comput1.process  126 - *GB* LK-RLU3A-ACCT-PLAN-DATA-ALLOW = 41691133
23:18:28.914 [main] INFO  com.cloudframe.app.process.Comput1.process   76 - ___________________________________
23:18:28.914 [main] INFO  com.cloudframe.app.process.Comput1.process   78 - 506 . WS-OOSU-SHARED-ALLOW = 253870178
23:18:28.914 [main] INFO  com.cloudframe.app.process.Comput1.process   90 - *KB* LK-RLU3A-TOT-DATA-PROMO-ALLOW = 41939053
23:18:28.914 [main] INFO  com.cloudframe.app.process.Comput1.process   92 - *KB* LK-RLU3A-ACCT-PLAN-DATA-ALLOW = 41939053
23:18:28.914 [main] INFO  com.cloudframe.app.process.Comput1.process  108 - *MB* LK-RLU3A-TOT-DATA-PROMO-ALLOW = 41939295
23:18:28.914 [main] INFO  com.cloudframe.app.process.Comput1.process  110 - *MB* LK-RLU3A-ACCT-PLAN-DATA-ALLOW = 41939295
23:18:28.914 [main] INFO  com.cloudframe.app.process.Comput1.process  124 - *GB* LK-RLU3A-TOT-DATA-PROMO-ALLOW = 41939295
23:18:28.914 [main] INFO  com.cloudframe.app.process.Comput1.process  126 - *GB* LK-RLU3A-ACCT-PLAN-DATA-ALLOW = 41939295
23:18:28.914 [main] INFO  com.cloudframe.app.process.Comput1.process   76 - ___________________________________
23:18:28.914 [main] INFO  com.cloudframe.app.process.Comput1.process   78 - 507 . WS-OOSU-SHARED-ALLOW = 254875600
23:18:28.915 [main] INFO  com.cloudframe.app.process.Comput1.process   90 - *KB* LK-RLU3A-TOT-DATA-PROMO-ALLOW = 42188196
23:18:28.915 [main] INFO  com.cloudframe.app.process.Comput1.process   92 - *KB* LK-RLU3A-ACCT-PLAN-DATA-ALLOW = 42188196
23:18:28.915 [main] INFO  com.cloudframe.app.process.Comput1.process  108 - *MB* LK-RLU3A-TOT-DATA-PROMO-ALLOW = 42188439
23:18:28.915 [main] INFO  com.cloudframe.app.process.Comput1.process  110 - *MB* LK-RLU3A-ACCT-PLAN-DATA-ALLOW = 42188439
23:18:28.915 [main] INFO  com.cloudframe.app.process.Comput1.process  124 - *GB* LK-RLU3A-TOT-DATA-PROMO-ALLOW = 42188439
23:18:28.915 [main] INFO  com.cloudframe.app.process.Comput1.process  126 - *GB* LK-RLU3A-ACCT-PLAN-DATA-ALLOW = 42188439
23:18:28.915 [main] INFO  com.cloudframe.app.process.Comput1.process   76 - ___________________________________
23:18:28.915 [main] INFO  com.cloudframe.app.process.Comput1.process   78 - 508 . WS-OOSU-SHARED-ALLOW = 255883009
23:18:28.915 [main] INFO  com.cloudframe.app.process.Comput1.process   90 - *KB* LK-RLU3A-TOT-DATA-PROMO-ALLOW = 42438324
23:18:28.915 [main] INFO  com.cloudframe.app.process.Comput1.process   92 - *KB* LK-RLU3A-ACCT-PLAN-DATA-ALLOW = 42438324
23:18:28.915 [main] INFO  com.cloudframe.app.process.Comput1.process  108 - *MB* LK-RLU3A-TOT-DATA-PROMO-ALLOW = 42438568
23:18:28.916 [main] INFO  com.cloudframe.app.process.Comput1.process  110 - *MB* LK-RLU3A-ACCT-PLAN-DATA-ALLOW = 42438568
23:18:28.916 [main] INFO  com.cloudframe.app.process.Comput1.process  124 - *GB* LK-RLU3A-TOT-DATA-PROMO-ALLOW = 42438568
23:18:28.916 [main] INFO  com.cloudframe.app.process.Comput1.process  126 - *GB* LK-RLU3A-ACCT-PLAN-DATA-ALLOW = 42438568
23:18:28.916 [main] INFO  com.cloudframe.app.process.Comput1.process   76 - ___________________________________
23:18:28.916 [main] INFO  com.cloudframe.app.process.Comput1.process   78 - 509 . WS-OOSU-SHARED-ALLOW = 256892405
23:18:28.916 [main] INFO  com.cloudframe.app.process.Comput1.process   90 - *KB* LK-RLU3A-TOT-DATA-PROMO-ALLOW = 42689439
23:18:28.916 [main] INFO  com.cloudframe.app.process.Comput1.process   92 - *KB* LK-RLU3A-ACCT-PLAN-DATA-ALLOW = 42689439
23:18:28.916 [main] INFO  com.cloudframe.app.process.Comput1.process  108 - *MB* LK-RLU3A-TOT-DATA-PROMO-ALLOW = 42689683
23:18:28.916 [main] INFO  com.cloudframe.app.process.Comput1.process  110 - *MB* LK-RLU3A-ACCT-PLAN-DATA-ALLOW = 42689683
23:18:28.916 [main] INFO  com.cloudframe.app.process.Comput1.process  124 - *GB* LK-RLU3A-TOT-DATA-PROMO-ALLOW = 42689683
23:18:28.917 [main] INFO  com.cloudframe.app.process.Comput1.process  126 - *GB* LK-RLU3A-ACCT-PLAN-DATA-ALLOW = 42689683
23:18:28.917 [main] INFO  com.cloudframe.app.process.Comput1.process   76 - ___________________________________
23:18:28.917 [main] INFO  com.cloudframe.app.process.Comput1.process   78 - 510 . WS-OOSU-SHARED-ALLOW = 257903788
23:18:28.917 [main] INFO  com.cloudframe.app.process.Comput1.process   90 - *KB* LK-RLU3A-TOT-DATA-PROMO-ALLOW = 42941542
23:18:28.917 [main] INFO  com.cloudframe.app.process.Comput1.process   92 - *KB* LK-RLU3A-ACCT-PLAN-DATA-ALLOW = 42941542
23:18:28.917 [main] INFO  com.cloudframe.app.process.Comput1.process  108 - *MB* LK-RLU3A-TOT-DATA-PROMO-ALLOW = 42941787
23:18:28.917 [main] INFO  com.cloudframe.app.process.Comput1.process  110 - *MB* LK-RLU3A-ACCT-PLAN-DATA-ALLOW = 42941787
23:18:28.917 [main] INFO  com.cloudframe.app.process.Comput1.process  124 - *GB* LK-RLU3A-TOT-DATA-PROMO-ALLOW = 42941787
23:18:28.917 [main] INFO  com.cloudframe.app.process.Comput1.process  126 - *GB* LK-RLU3A-ACCT-PLAN-DATA-ALLOW = 42941787
23:18:28.917 [main] INFO  com.cloudframe.app.process.Comput1.process   76 - ___________________________________
23:18:28.918 [main] INFO  com.cloudframe.app.process.Comput1.process   78 - 511 . WS-OOSU-SHARED-ALLOW = 258917158
23:18:28.918 [main] INFO  com.cloudframe.app.process.Comput1.process   90 - *KB* LK-RLU3A-TOT-DATA-PROMO-ALLOW = 43194635
23:18:28.918 [main] INFO  com.cloudframe.app.process.Comput1.process   92 - *KB* LK-RLU3A-ACCT-PLAN-DATA-ALLOW = 43194635
23:18:28.918 [main] INFO  com.cloudframe.app.process.Comput1.process  108 - *MB* LK-RLU3A-TOT-DATA-PROMO-ALLOW = 43194881
23:18:28.918 [main] INFO  com.cloudframe.app.process.Comput1.process  110 - *MB* LK-RLU3A-ACCT-PLAN-DATA-ALLOW = 43194881
23:18:28.918 [main] INFO  com.cloudframe.app.process.Comput1.process  124 - *GB* LK-RLU3A-TOT-DATA-PROMO-ALLOW = 43194881
23:18:28.918 [main] INFO  com.cloudframe.app.process.Comput1.process  126 - *GB* LK-RLU3A-ACCT-PLAN-DATA-ALLOW = 43194881
23:18:28.918 [main] INFO  com.cloudframe.app.process.Comput1.process   76 - ___________________________________
23:18:28.918 [main] INFO  com.cloudframe.app.process.Comput1.process   78 - 512 . WS-OOSU-SHARED-ALLOW = 259932515
23:18:28.918 [main] INFO  com.cloudframe.app.process.Comput1.process   90 - *KB* LK-RLU3A-TOT-DATA-PROMO-ALLOW = 43448721
23:18:28.919 [main] INFO  com.cloudframe.app.process.Comput1.process   92 - *KB* LK-RLU3A-ACCT-PLAN-DATA-ALLOW = 43448721
23:18:28.919 [main] INFO  com.cloudframe.app.process.Comput1.process  108 - *MB* LK-RLU3A-TOT-DATA-PROMO-ALLOW = 43448968
23:18:28.919 [main] INFO  com.cloudframe.app.process.Comput1.process  110 - *MB* LK-RLU3A-ACCT-PLAN-DATA-ALLOW = 43448968
23:18:28.919 [main] INFO  com.cloudframe.app.process.Comput1.process  124 - *GB* LK-RLU3A-TOT-DATA-PROMO-ALLOW = 43448968
23:18:28.919 [main] INFO  com.cloudframe.app.process.Comput1.process  126 - *GB* LK-RLU3A-ACCT-PLAN-DATA-ALLOW = 43448968
23:18:28.919 [main] INFO  com.cloudframe.app.process.Comput1.process   76 - ___________________________________
23:18:28.919 [main] INFO  com.cloudframe.app.process.Comput1.process   78 - 513 . WS-OOSU-SHARED-ALLOW = 260949859
23:18:28.919 [main] INFO  com.cloudframe.app.process.Comput1.process   90 - *KB* LK-RLU3A-TOT-DATA-PROMO-ALLOW = 43703801
23:18:28.919 [main] INFO  com.cloudframe.app.process.Comput1.process   92 - *KB* LK-RLU3A-ACCT-PLAN-DATA-ALLOW = 43703801
23:18:28.919 [main] INFO  com.cloudframe.app.process.Comput1.process  108 - *MB* LK-RLU3A-TOT-DATA-PROMO-ALLOW = 43704049
23:18:28.920 [main] INFO  com.cloudframe.app.process.Comput1.process  110 - *MB* LK-RLU3A-ACCT-PLAN-DATA-ALLOW = 43704049
23:18:28.920 [main] INFO  com.cloudframe.app.process.Comput1.process  124 - *GB* LK-RLU3A-TOT-DATA-PROMO-ALLOW = 43704049
23:18:28.920 [main] INFO  com.cloudframe.app.process.Comput1.process  126 - *GB* LK-RLU3A-ACCT-PLAN-DATA-ALLOW = 43704049
23:18:28.920 [main] INFO  com.cloudframe.app.process.Comput1.process   76 - ___________________________________
23:18:28.920 [main] INFO  com.cloudframe.app.process.Comput1.process   78 - 514 . WS-OOSU-SHARED-ALLOW = 261969190
23:18:28.920 [main] INFO  com.cloudframe.app.process.Comput1.process   90 - *KB* LK-RLU3A-TOT-DATA-PROMO-ALLOW = 43959878
23:18:28.920 [main] INFO  com.cloudframe.app.process.Comput1.process   92 - *KB* LK-RLU3A-ACCT-PLAN-DATA-ALLOW = 43959878
23:18:28.920 [main] INFO  com.cloudframe.app.process.Comput1.process  108 - *MB* LK-RLU3A-TOT-DATA-PROMO-ALLOW = 43960127
23:18:28.920 [main] INFO  com.cloudframe.app.process.Comput1.process  110 - *MB* LK-RLU3A-ACCT-PLAN-DATA-ALLOW = 43960127
23:18:28.920 [main] INFO  com.cloudframe.app.process.Comput1.process  124 - *GB* LK-RLU3A-TOT-DATA-PROMO-ALLOW = 43960127
23:18:28.921 [main] INFO  com.cloudframe.app.process.Comput1.process  126 - *GB* LK-RLU3A-ACCT-PLAN-DATA-ALLOW = 43960127
23:18:28.921 [main] INFO  com.cloudframe.app.process.Comput1.process   76 - ___________________________________
23:18:28.921 [main] INFO  com.cloudframe.app.process.Comput1.process   78 - 515 . WS-OOSU-SHARED-ALLOW = 262990508
23:18:28.921 [main] INFO  com.cloudframe.app.process.Comput1.process   90 - *KB* LK-RLU3A-TOT-DATA-PROMO-ALLOW = 44216953
23:18:28.921 [main] INFO  com.cloudframe.app.process.Comput1.process   92 - *KB* LK-RLU3A-ACCT-PLAN-DATA-ALLOW = 44216953
23:18:28.921 [main] INFO  com.cloudframe.app.process.Comput1.process  108 - *MB* LK-RLU3A-TOT-DATA-PROMO-ALLOW = 44217203
23:18:28.921 [main] INFO  com.cloudframe.app.process.Comput1.process  110 - *MB* LK-RLU3A-ACCT-PLAN-DATA-ALLOW = 44217203
23:18:28.921 [main] INFO  com.cloudframe.app.process.Comput1.process  124 - *GB* LK-RLU3A-TOT-DATA-PROMO-ALLOW = 44217203
23:18:28.921 [main] INFO  com.cloudframe.app.process.Comput1.process  126 - *GB* LK-RLU3A-ACCT-PLAN-DATA-ALLOW = 44217203
23:18:28.921 [main] INFO  com.cloudframe.app.process.Comput1.process   76 - ___________________________________
23:18:28.921 [main] INFO  com.cloudframe.app.process.Comput1.process   78 - 516 . WS-OOSU-SHARED-ALLOW = 264013813
23:18:28.922 [main] INFO  com.cloudframe.app.process.Comput1.process   90 - *KB* LK-RLU3A-TOT-DATA-PROMO-ALLOW = 44475028
23:18:28.922 [main] INFO  com.cloudframe.app.process.Comput1.process   92 - *KB* LK-RLU3A-ACCT-PLAN-DATA-ALLOW = 44475028
23:18:28.922 [main] INFO  com.cloudframe.app.process.Comput1.process  108 - *MB* LK-RLU3A-TOT-DATA-PROMO-ALLOW = 44475279
23:18:28.922 [main] INFO  com.cloudframe.app.process.Comput1.process  110 - *MB* LK-RLU3A-ACCT-PLAN-DATA-ALLOW = 44475279
23:18:28.922 [main] INFO  com.cloudframe.app.process.Comput1.process  124 - *GB* LK-RLU3A-TOT-DATA-PROMO-ALLOW = 44475279
23:18:28.922 [main] INFO  com.cloudframe.app.process.Comput1.process  126 - *GB* LK-RLU3A-ACCT-PLAN-DATA-ALLOW = 44475279
23:18:28.922 [main] INFO  com.cloudframe.app.process.Comput1.process   76 - ___________________________________
23:18:28.922 [main] INFO  com.cloudframe.app.process.Comput1.process   78 - 517 . WS-OOSU-SHARED-ALLOW = 265039105
23:18:28.922 [main] INFO  com.cloudframe.app.process.Comput1.process   90 - *KB* LK-RLU3A-TOT-DATA-PROMO-ALLOW = 44734106
23:18:28.923 [main] INFO  com.cloudframe.app.process.Comput1.process   92 - *KB* LK-RLU3A-ACCT-PLAN-DATA-ALLOW = 44734106
23:18:28.923 [main] INFO  com.cloudframe.app.process.Comput1.process  108 - *MB* LK-RLU3A-TOT-DATA-PROMO-ALLOW = 44734358
23:18:28.923 [main] INFO  com.cloudframe.app.process.Comput1.process  110 - *MB* LK-RLU3A-ACCT-PLAN-DATA-ALLOW = 44734358
23:18:28.923 [main] INFO  com.cloudframe.app.process.Comput1.process  124 - *GB* LK-RLU3A-TOT-DATA-PROMO-ALLOW = 44734358
23:18:28.923 [main] INFO  com.cloudframe.app.process.Comput1.process  126 - *GB* LK-RLU3A-ACCT-PLAN-DATA-ALLOW = 44734358
23:18:28.923 [main] INFO  com.cloudframe.app.process.Comput1.process   76 - ___________________________________
23:18:28.923 [main] INFO  com.cloudframe.app.process.Comput1.process   78 - 518 . WS-OOSU-SHARED-ALLOW = 266066384
23:18:28.924 [main] INFO  com.cloudframe.app.process.Comput1.process   90 - *KB* LK-RLU3A-TOT-DATA-PROMO-ALLOW = 44994188
23:18:28.924 [main] INFO  com.cloudframe.app.process.Comput1.process   92 - *KB* LK-RLU3A-ACCT-PLAN-DATA-ALLOW = 44994188
23:18:28.924 [main] INFO  com.cloudframe.app.process.Comput1.process  108 - *MB* LK-RLU3A-TOT-DATA-PROMO-ALLOW = 44994441
23:18:28.924 [main] INFO  com.cloudframe.app.process.Comput1.process  110 - *MB* LK-RLU3A-ACCT-PLAN-DATA-ALLOW = 44994441
23:18:28.924 [main] INFO  com.cloudframe.app.process.Comput1.process  124 - *GB* LK-RLU3A-TOT-DATA-PROMO-ALLOW = 44994441
23:18:28.924 [main] INFO  com.cloudframe.app.process.Comput1.process  126 - *GB* LK-RLU3A-ACCT-PLAN-DATA-ALLOW = 44994441
23:18:28.924 [main] INFO  com.cloudframe.app.process.Comput1.process   76 - ___________________________________
23:18:28.924 [main] INFO  com.cloudframe.app.process.Comput1.process   78 - 519 . WS-OOSU-SHARED-ALLOW = 267095650
23:18:28.924 [main] INFO  com.cloudframe.app.process.Comput1.process   90 - *KB* LK-RLU3A-TOT-DATA-PROMO-ALLOW = 45255276
23:18:28.925 [main] INFO  com.cloudframe.app.process.Comput1.process   92 - *KB* LK-RLU3A-ACCT-PLAN-DATA-ALLOW = 45255276
23:18:28.925 [main] INFO  com.cloudframe.app.process.Comput1.process  108 - *MB* LK-RLU3A-TOT-DATA-PROMO-ALLOW = 45255530
23:18:28.925 [main] INFO  com.cloudframe.app.process.Comput1.process  110 - *MB* LK-RLU3A-ACCT-PLAN-DATA-ALLOW = 45255530
23:18:28.925 [main] INFO  com.cloudframe.app.process.Comput1.process  124 - *GB* LK-RLU3A-TOT-DATA-PROMO-ALLOW = 45255530
23:18:28.925 [main] INFO  com.cloudframe.app.process.Comput1.process  126 - *GB* LK-RLU3A-ACCT-PLAN-DATA-ALLOW = 45255530
23:18:28.925 [main] INFO  com.cloudframe.app.process.Comput1.process   76 - ___________________________________
23:18:28.925 [main] INFO  com.cloudframe.app.process.Comput1.process   78 - 520 . WS-OOSU-SHARED-ALLOW = 268126903
23:18:28.925 [main] INFO  com.cloudframe.app.process.Comput1.process   90 - *KB* LK-RLU3A-TOT-DATA-PROMO-ALLOW = 45517372
23:18:28.925 [main] INFO  com.cloudframe.app.process.Comput1.process   92 - *KB* LK-RLU3A-ACCT-PLAN-DATA-ALLOW = 45517372
23:18:28.926 [main] INFO  com.cloudframe.app.process.Comput1.process  108 - *MB* LK-RLU3A-TOT-DATA-PROMO-ALLOW = 45517627
23:18:28.926 [main] INFO  com.cloudframe.app.process.Comput1.process  110 - *MB* LK-RLU3A-ACCT-PLAN-DATA-ALLOW = 45517627
23:18:28.926 [main] INFO  com.cloudframe.app.process.Comput1.process  124 - *GB* LK-RLU3A-TOT-DATA-PROMO-ALLOW = 45517627
23:18:28.926 [main] INFO  com.cloudframe.app.process.Comput1.process  126 - *GB* LK-RLU3A-ACCT-PLAN-DATA-ALLOW = 45517627
23:18:28.926 [main] INFO  com.cloudframe.app.process.Comput1.process   76 - ___________________________________
23:18:28.926 [main] INFO  com.cloudframe.app.process.Comput1.process   78 - 521 . WS-OOSU-SHARED-ALLOW = 269160143
23:18:28.926 [main] INFO  com.cloudframe.app.process.Comput1.process   90 - *KB* LK-RLU3A-TOT-DATA-PROMO-ALLOW = 45780478
23:18:28.926 [main] INFO  com.cloudframe.app.process.Comput1.process   92 - *KB* LK-RLU3A-ACCT-PLAN-DATA-ALLOW = 45780478
23:18:28.926 [main] INFO  com.cloudframe.app.process.Comput1.process  108 - *MB* LK-RLU3A-TOT-DATA-PROMO-ALLOW = 45780734
23:18:28.926 [main] INFO  com.cloudframe.app.process.Comput1.process  110 - *MB* LK-RLU3A-ACCT-PLAN-DATA-ALLOW = 45780734
23:18:28.927 [main] INFO  com.cloudframe.app.process.Comput1.process  124 - *GB* LK-RLU3A-TOT-DATA-PROMO-ALLOW = 45780734
23:18:28.927 [main] INFO  com.cloudframe.app.process.Comput1.process  126 - *GB* LK-RLU3A-ACCT-PLAN-DATA-ALLOW = 45780734
23:18:28.927 [main] INFO  com.cloudframe.app.process.Comput1.process   76 - ___________________________________
23:18:28.927 [main] INFO  com.cloudframe.app.process.Comput1.process   78 - 522 . WS-OOSU-SHARED-ALLOW = 270195370
23:18:28.927 [main] INFO  com.cloudframe.app.process.Comput1.process   90 - *KB* LK-RLU3A-TOT-DATA-PROMO-ALLOW = 46044596
23:18:28.927 [main] INFO  com.cloudframe.app.process.Comput1.process   92 - *KB* LK-RLU3A-ACCT-PLAN-DATA-ALLOW = 46044596
23:18:28.927 [main] INFO  com.cloudframe.app.process.Comput1.process  108 - *MB* LK-RLU3A-TOT-DATA-PROMO-ALLOW = 46044853
23:18:28.927 [main] INFO  com.cloudframe.app.process.Comput1.process  110 - *MB* LK-RLU3A-ACCT-PLAN-DATA-ALLOW = 46044853
23:18:28.927 [main] INFO  com.cloudframe.app.process.Comput1.process  124 - *GB* LK-RLU3A-TOT-DATA-PROMO-ALLOW = 46044853
23:18:28.927 [main] INFO  com.cloudframe.app.process.Comput1.process  126 - *GB* LK-RLU3A-ACCT-PLAN-DATA-ALLOW = 46044853
23:18:28.928 [main] INFO  com.cloudframe.app.process.Comput1.process   76 - ___________________________________
23:18:28.928 [main] INFO  com.cloudframe.app.process.Comput1.process   78 - 523 . WS-OOSU-SHARED-ALLOW = 271232584
23:18:28.928 [main] INFO  com.cloudframe.app.process.Comput1.process   90 - *KB* LK-RLU3A-TOT-DATA-PROMO-ALLOW = 46309728
23:18:28.928 [main] INFO  com.cloudframe.app.process.Comput1.process   92 - *KB* LK-RLU3A-ACCT-PLAN-DATA-ALLOW = 46309728
23:18:28.928 [main] INFO  com.cloudframe.app.process.Comput1.process  108 - *MB* LK-RLU3A-TOT-DATA-PROMO-ALLOW = 46309986
23:18:28.928 [main] INFO  com.cloudframe.app.process.Comput1.process  110 - *MB* LK-RLU3A-ACCT-PLAN-DATA-ALLOW = 46309986
23:18:28.928 [main] INFO  com.cloudframe.app.process.Comput1.process  124 - *GB* LK-RLU3A-TOT-DATA-PROMO-ALLOW = 46309986
23:18:28.928 [main] INFO  com.cloudframe.app.process.Comput1.process  126 - *GB* LK-RLU3A-ACCT-PLAN-DATA-ALLOW = 46309986
23:18:28.928 [main] INFO  com.cloudframe.app.process.Comput1.process   76 - ___________________________________
23:18:28.929 [main] INFO  com.cloudframe.app.process.Comput1.process   78 - 524 . WS-OOSU-SHARED-ALLOW = 272271785
23:18:28.929 [main] INFO  com.cloudframe.app.process.Comput1.process   90 - *KB* LK-RLU3A-TOT-DATA-PROMO-ALLOW = 46575876
23:18:28.929 [main] INFO  com.cloudframe.app.process.Comput1.process   92 - *KB* LK-RLU3A-ACCT-PLAN-DATA-ALLOW = 46575876
23:18:28.929 [main] INFO  com.cloudframe.app.process.Comput1.process  108 - *MB* LK-RLU3A-TOT-DATA-PROMO-ALLOW = 46576135
23:18:28.929 [main] INFO  com.cloudframe.app.process.Comput1.process  110 - *MB* LK-RLU3A-ACCT-PLAN-DATA-ALLOW = 46576135
23:18:28.929 [main] INFO  com.cloudframe.app.process.Comput1.process  124 - *GB* LK-RLU3A-TOT-DATA-PROMO-ALLOW = 46576135
23:18:28.929 [main] INFO  com.cloudframe.app.process.Comput1.process  126 - *GB* LK-RLU3A-ACCT-PLAN-DATA-ALLOW = 46576135
23:18:28.929 [main] INFO  com.cloudframe.app.process.Comput1.process   76 - ___________________________________
23:18:28.929 [main] INFO  com.cloudframe.app.process.Comput1.process   78 - 525 . WS-OOSU-SHARED-ALLOW = 273312973
23:18:28.929 [main] INFO  com.cloudframe.app.process.Comput1.process   90 - *KB* LK-RLU3A-TOT-DATA-PROMO-ALLOW = 46843042
23:18:28.930 [main] INFO  com.cloudframe.app.process.Comput1.process   92 - *KB* LK-RLU3A-ACCT-PLAN-DATA-ALLOW = 46843042
23:18:28.930 [main] INFO  com.cloudframe.app.process.Comput1.process  108 - *MB* LK-RLU3A-TOT-DATA-PROMO-ALLOW = 46843302
23:18:28.930 [main] INFO  com.cloudframe.app.process.Comput1.process  110 - *MB* LK-RLU3A-ACCT-PLAN-DATA-ALLOW = 46843302
23:18:28.930 [main] INFO  com.cloudframe.app.process.Comput1.process  124 - *GB* LK-RLU3A-TOT-DATA-PROMO-ALLOW = 46843302
23:18:28.930 [main] INFO  com.cloudframe.app.process.Comput1.process  126 - *GB* LK-RLU3A-ACCT-PLAN-DATA-ALLOW = 46843302
23:18:28.930 [main] INFO  com.cloudframe.app.process.Comput1.process   76 - ___________________________________
23:18:28.930 [main] INFO  com.cloudframe.app.process.Comput1.process   78 - 526 . WS-OOSU-SHARED-ALLOW = 274356148
23:18:28.930 [main] INFO  com.cloudframe.app.process.Comput1.process   90 - *KB* LK-RLU3A-TOT-DATA-PROMO-ALLOW = 47111227
23:18:28.930 [main] INFO  com.cloudframe.app.process.Comput1.process   92 - *KB* LK-RLU3A-ACCT-PLAN-DATA-ALLOW = 47111227
23:18:28.931 [main] INFO  com.cloudframe.app.process.Comput1.process  108 - *MB* LK-RLU3A-TOT-DATA-PROMO-ALLOW = 47111488
23:18:28.931 [main] INFO  com.cloudframe.app.process.Comput1.process  110 - *MB* LK-RLU3A-ACCT-PLAN-DATA-ALLOW = 47111488
23:18:28.931 [main] INFO  com.cloudframe.app.process.Comput1.process  124 - *GB* LK-RLU3A-TOT-DATA-PROMO-ALLOW = 47111488
23:18:28.931 [main] INFO  com.cloudframe.app.process.Comput1.process  126 - *GB* LK-RLU3A-ACCT-PLAN-DATA-ALLOW = 47111488
23:18:28.931 [main] INFO  com.cloudframe.app.process.Comput1.process   76 - ___________________________________
23:18:28.931 [main] INFO  com.cloudframe.app.process.Comput1.process   78 - 527 . WS-OOSU-SHARED-ALLOW = 275401310
23:18:28.931 [main] INFO  com.cloudframe.app.process.Comput1.process   90 - *KB* LK-RLU3A-TOT-DATA-PROMO-ALLOW = 47380434
23:18:28.931 [main] INFO  com.cloudframe.app.process.Comput1.process   92 - *KB* LK-RLU3A-ACCT-PLAN-DATA-ALLOW = 47380434
23:18:28.931 [main] INFO  com.cloudframe.app.process.Comput1.process  108 - *MB* LK-RLU3A-TOT-DATA-PROMO-ALLOW = 47380696
23:18:28.931 [main] INFO  com.cloudframe.app.process.Comput1.process  110 - *MB* LK-RLU3A-ACCT-PLAN-DATA-ALLOW = 47380696
23:18:28.932 [main] INFO  com.cloudframe.app.process.Comput1.process  124 - *GB* LK-RLU3A-TOT-DATA-PROMO-ALLOW = 47380696
23:18:28.932 [main] INFO  com.cloudframe.app.process.Comput1.process  126 - *GB* LK-RLU3A-ACCT-PLAN-DATA-ALLOW = 47380696
23:18:28.932 [main] INFO  com.cloudframe.app.process.Comput1.process   76 - ___________________________________
23:18:28.932 [main] INFO  com.cloudframe.app.process.Comput1.process   78 - 528 . WS-OOSU-SHARED-ALLOW = 276448459
23:18:28.932 [main] INFO  com.cloudframe.app.process.Comput1.process   90 - *KB* LK-RLU3A-TOT-DATA-PROMO-ALLOW = 47650665
23:18:28.932 [main] INFO  com.cloudframe.app.process.Comput1.process   92 - *KB* LK-RLU3A-ACCT-PLAN-DATA-ALLOW = 47650665
23:18:28.932 [main] INFO  com.cloudframe.app.process.Comput1.process  108 - *MB* LK-RLU3A-TOT-DATA-PROMO-ALLOW = 47650928
23:18:28.932 [main] INFO  com.cloudframe.app.process.Comput1.process  110 - *MB* LK-RLU3A-ACCT-PLAN-DATA-ALLOW = 47650928
23:18:28.932 [main] INFO  com.cloudframe.app.process.Comput1.process  124 - *GB* LK-RLU3A-TOT-DATA-PROMO-ALLOW = 47650928
23:18:28.932 [main] INFO  com.cloudframe.app.process.Comput1.process  126 - *GB* LK-RLU3A-ACCT-PLAN-DATA-ALLOW = 47650928
23:18:28.932 [main] INFO  com.cloudframe.app.process.Comput1.process   76 - ___________________________________
23:18:28.933 [main] INFO  com.cloudframe.app.process.Comput1.process   78 - 529 . WS-OOSU-SHARED-ALLOW = 277497595
23:18:28.933 [main] INFO  com.cloudframe.app.process.Comput1.process   90 - *KB* LK-RLU3A-TOT-DATA-PROMO-ALLOW = 47921921
23:18:28.933 [main] INFO  com.cloudframe.app.process.Comput1.process   92 - *KB* LK-RLU3A-ACCT-PLAN-DATA-ALLOW = 47921921
23:18:28.933 [main] INFO  com.cloudframe.app.process.Comput1.process  108 - *MB* LK-RLU3A-TOT-DATA-PROMO-ALLOW = 47922185
23:18:28.933 [main] INFO  com.cloudframe.app.process.Comput1.process  110 - *MB* LK-RLU3A-ACCT-PLAN-DATA-ALLOW = 47922185
23:18:28.933 [main] INFO  com.cloudframe.app.process.Comput1.process  124 - *GB* LK-RLU3A-TOT-DATA-PROMO-ALLOW = 47922185
23:18:28.933 [main] INFO  com.cloudframe.app.process.Comput1.process  126 - *GB* LK-RLU3A-ACCT-PLAN-DATA-ALLOW = 47922185
23:18:28.933 [main] INFO  com.cloudframe.app.process.Comput1.process   76 - ___________________________________
23:18:28.933 [main] INFO  com.cloudframe.app.process.Comput1.process   78 - 530 . WS-OOSU-SHARED-ALLOW = 278548718
23:18:28.933 [main] INFO  com.cloudframe.app.process.Comput1.process   90 - *KB* LK-RLU3A-TOT-DATA-PROMO-ALLOW = 48194205
23:18:28.934 [main] INFO  com.cloudframe.app.process.Comput1.process   92 - *KB* LK-RLU3A-ACCT-PLAN-DATA-ALLOW = 48194205
23:18:28.934 [main] INFO  com.cloudframe.app.process.Comput1.process  108 - *MB* LK-RLU3A-TOT-DATA-PROMO-ALLOW = 48194470
23:18:28.934 [main] INFO  com.cloudframe.app.process.Comput1.process  110 - *MB* LK-RLU3A-ACCT-PLAN-DATA-ALLOW = 48194470
23:18:28.934 [main] INFO  com.cloudframe.app.process.Comput1.process  124 - *GB* LK-RLU3A-TOT-DATA-PROMO-ALLOW = 48194470
23:18:28.934 [main] INFO  com.cloudframe.app.process.Comput1.process  126 - *GB* LK-RLU3A-ACCT-PLAN-DATA-ALLOW = 48194470
23:18:28.934 [main] INFO  com.cloudframe.app.process.Comput1.process   76 - ___________________________________
23:18:28.934 [main] INFO  com.cloudframe.app.process.Comput1.process   78 - 531 . WS-OOSU-SHARED-ALLOW = 279601828
23:18:28.934 [main] INFO  com.cloudframe.app.process.Comput1.process   90 - *KB* LK-RLU3A-TOT-DATA-PROMO-ALLOW = 48467518
23:18:28.934 [main] INFO  com.cloudframe.app.process.Comput1.process   92 - *KB* LK-RLU3A-ACCT-PLAN-DATA-ALLOW = 48467518
23:18:28.934 [main] INFO  com.cloudframe.app.process.Comput1.process  108 - *MB* LK-RLU3A-TOT-DATA-PROMO-ALLOW = 48467784
23:18:28.934 [main] INFO  com.cloudframe.app.process.Comput1.process  110 - *MB* LK-RLU3A-ACCT-PLAN-DATA-ALLOW = 48467784
23:18:28.935 [main] INFO  com.cloudframe.app.process.Comput1.process  124 - *GB* LK-RLU3A-TOT-DATA-PROMO-ALLOW = 48467784
23:18:28.935 [main] INFO  com.cloudframe.app.process.Comput1.process  126 - *GB* LK-RLU3A-ACCT-PLAN-DATA-ALLOW = 48467784
23:18:28.935 [main] INFO  com.cloudframe.app.process.Comput1.process   76 - ___________________________________
23:18:28.935 [main] INFO  com.cloudframe.app.process.Comput1.process   78 - 532 . WS-OOSU-SHARED-ALLOW = 280656925
23:18:28.935 [main] INFO  com.cloudframe.app.process.Comput1.process   90 - *KB* LK-RLU3A-TOT-DATA-PROMO-ALLOW = 48741863
23:18:28.935 [main] INFO  com.cloudframe.app.process.Comput1.process   92 - *KB* LK-RLU3A-ACCT-PLAN-DATA-ALLOW = 48741863
23:18:28.935 [main] INFO  com.cloudframe.app.process.Comput1.process  108 - *MB* LK-RLU3A-TOT-DATA-PROMO-ALLOW = 48742130
23:18:28.935 [main] INFO  com.cloudframe.app.process.Comput1.process  110 - *MB* LK-RLU3A-ACCT-PLAN-DATA-ALLOW = 48742130
23:18:28.935 [main] INFO  com.cloudframe.app.process.Comput1.process  124 - *GB* LK-RLU3A-TOT-DATA-PROMO-ALLOW = 48742130
23:18:28.936 [main] INFO  com.cloudframe.app.process.Comput1.process  126 - *GB* LK-RLU3A-ACCT-PLAN-DATA-ALLOW = 48742130
23:18:28.936 [main] INFO  com.cloudframe.app.process.Comput1.process   76 - ___________________________________
23:18:28.936 [main] INFO  com.cloudframe.app.process.Comput1.process   78 - 533 . WS-OOSU-SHARED-ALLOW = 281714009
23:18:28.936 [main] INFO  com.cloudframe.app.process.Comput1.process   90 - *KB* LK-RLU3A-TOT-DATA-PROMO-ALLOW = 49017241
23:18:28.936 [main] INFO  com.cloudframe.app.process.Comput1.process   92 - *KB* LK-RLU3A-ACCT-PLAN-DATA-ALLOW = 49017241
23:18:28.936 [main] INFO  com.cloudframe.app.process.Comput1.process  108 - *MB* LK-RLU3A-TOT-DATA-PROMO-ALLOW = 49017509
23:18:28.936 [main] INFO  com.cloudframe.app.process.Comput1.process  110 - *MB* LK-RLU3A-ACCT-PLAN-DATA-ALLOW = 49017509
23:18:28.936 [main] INFO  com.cloudframe.app.process.Comput1.process  124 - *GB* LK-RLU3A-TOT-DATA-PROMO-ALLOW = 49017509
23:18:28.936 [main] INFO  com.cloudframe.app.process.Comput1.process  126 - *GB* LK-RLU3A-ACCT-PLAN-DATA-ALLOW = 49017509
23:18:28.936 [main] INFO  com.cloudframe.app.process.Comput1.process   76 - ___________________________________
23:18:28.936 [main] INFO  com.cloudframe.app.process.Comput1.process   78 - 534 . WS-OOSU-SHARED-ALLOW = 282773080
23:18:28.937 [main] INFO  com.cloudframe.app.process.Comput1.process   90 - *KB* LK-RLU3A-TOT-DATA-PROMO-ALLOW = 49293654
23:18:28.937 [main] INFO  com.cloudframe.app.process.Comput1.process   92 - *KB* LK-RLU3A-ACCT-PLAN-DATA-ALLOW = 49293654
23:18:28.937 [main] INFO  com.cloudframe.app.process.Comput1.process  108 - *MB* LK-RLU3A-TOT-DATA-PROMO-ALLOW = 49293923
23:18:28.937 [main] INFO  com.cloudframe.app.process.Comput1.process  110 - *MB* LK-RLU3A-ACCT-PLAN-DATA-ALLOW = 49293923
23:18:28.937 [main] INFO  com.cloudframe.app.process.Comput1.process  124 - *GB* LK-RLU3A-TOT-DATA-PROMO-ALLOW = 49293923
23:18:28.937 [main] INFO  com.cloudframe.app.process.Comput1.process  126 - *GB* LK-RLU3A-ACCT-PLAN-DATA-ALLOW = 49293923
23:18:28.937 [main] INFO  com.cloudframe.app.process.Comput1.process   76 - ___________________________________
23:18:28.937 [main] INFO  com.cloudframe.app.process.Comput1.process   78 - 535 . WS-OOSU-SHARED-ALLOW = 283834138
23:18:28.937 [main] INFO  com.cloudframe.app.process.Comput1.process   90 - *KB* LK-RLU3A-TOT-DATA-PROMO-ALLOW = 49571104
23:18:28.937 [main] INFO  com.cloudframe.app.process.Comput1.process   92 - *KB* LK-RLU3A-ACCT-PLAN-DATA-ALLOW = 49571104
23:18:28.938 [main] INFO  com.cloudframe.app.process.Comput1.process  108 - *MB* LK-RLU3A-TOT-DATA-PROMO-ALLOW = 49571374
23:18:28.938 [main] INFO  com.cloudframe.app.process.Comput1.process  110 - *MB* LK-RLU3A-ACCT-PLAN-DATA-ALLOW = 49571374
23:18:28.938 [main] INFO  com.cloudframe.app.process.Comput1.process  124 - *GB* LK-RLU3A-TOT-DATA-PROMO-ALLOW = 49571374
23:18:28.938 [main] INFO  com.cloudframe.app.process.Comput1.process  126 - *GB* LK-RLU3A-ACCT-PLAN-DATA-ALLOW = 49571374
23:18:28.938 [main] INFO  com.cloudframe.app.process.Comput1.process   76 - ___________________________________
23:18:28.938 [main] INFO  com.cloudframe.app.process.Comput1.process   78 - 536 . WS-OOSU-SHARED-ALLOW = 284897183
23:18:28.938 [main] INFO  com.cloudframe.app.process.Comput1.process   90 - *KB* LK-RLU3A-TOT-DATA-PROMO-ALLOW = 49849593
23:18:28.938 [main] INFO  com.cloudframe.app.process.Comput1.process   92 - *KB* LK-RLU3A-ACCT-PLAN-DATA-ALLOW = 49849593
23:18:28.938 [main] INFO  com.cloudframe.app.process.Comput1.process  108 - *MB* LK-RLU3A-TOT-DATA-PROMO-ALLOW = 49849864
23:18:28.939 [main] INFO  com.cloudframe.app.process.Comput1.process  110 - *MB* LK-RLU3A-ACCT-PLAN-DATA-ALLOW = 49849864
23:18:28.939 [main] INFO  com.cloudframe.app.process.Comput1.process  124 - *GB* LK-RLU3A-TOT-DATA-PROMO-ALLOW = 49849864
23:18:28.939 [main] INFO  com.cloudframe.app.process.Comput1.process  126 - *GB* LK-RLU3A-ACCT-PLAN-DATA-ALLOW = 49849864
23:18:28.939 [main] INFO  com.cloudframe.app.process.Comput1.process   76 - ___________________________________
23:18:28.939 [main] INFO  com.cloudframe.app.process.Comput1.process   78 - 537 . WS-OOSU-SHARED-ALLOW = 285962215
23:18:28.939 [main] INFO  com.cloudframe.app.process.Comput1.process   90 - *KB* LK-RLU3A-TOT-DATA-PROMO-ALLOW = 50129123
23:18:28.939 [main] INFO  com.cloudframe.app.process.Comput1.process   92 - *KB* LK-RLU3A-ACCT-PLAN-DATA-ALLOW = 50129123
23:18:28.939 [main] INFO  com.cloudframe.app.process.Comput1.process  108 - *MB* LK-RLU3A-TOT-DATA-PROMO-ALLOW = 50129395
23:18:28.939 [main] INFO  com.cloudframe.app.process.Comput1.process  110 - *MB* LK-RLU3A-ACCT-PLAN-DATA-ALLOW = 50129395
23:18:28.940 [main] INFO  com.cloudframe.app.process.Comput1.process  124 - *GB* LK-RLU3A-TOT-DATA-PROMO-ALLOW = 50129395
23:18:28.940 [main] INFO  com.cloudframe.app.process.Comput1.process  126 - *GB* LK-RLU3A-ACCT-PLAN-DATA-ALLOW = 50129395
23:18:28.940 [main] INFO  com.cloudframe.app.process.Comput1.process   76 - ___________________________________
23:18:28.940 [main] INFO  com.cloudframe.app.process.Comput1.process   78 - 538 . WS-OOSU-SHARED-ALLOW = 287029234
23:18:28.940 [main] INFO  com.cloudframe.app.process.Comput1.process   90 - *KB* LK-RLU3A-TOT-DATA-PROMO-ALLOW = 50409696
23:18:28.940 [main] INFO  com.cloudframe.app.process.Comput1.process   92 - *KB* LK-RLU3A-ACCT-PLAN-DATA-ALLOW = 50409696
23:18:28.940 [main] INFO  com.cloudframe.app.process.Comput1.process  108 - *MB* LK-RLU3A-TOT-DATA-PROMO-ALLOW = 50409969
23:18:28.940 [main] INFO  com.cloudframe.app.process.Comput1.process  110 - *MB* LK-RLU3A-ACCT-PLAN-DATA-ALLOW = 50409969
23:18:28.940 [main] INFO  com.cloudframe.app.process.Comput1.process  124 - *GB* LK-RLU3A-TOT-DATA-PROMO-ALLOW = 50409969
23:18:28.941 [main] INFO  com.cloudframe.app.process.Comput1.process  126 - *GB* LK-RLU3A-ACCT-PLAN-DATA-ALLOW = 50409969
23:18:28.941 [main] INFO  com.cloudframe.app.process.Comput1.process   76 - ___________________________________
23:18:28.941 [main] INFO  com.cloudframe.app.process.Comput1.process   78 - 539 . WS-OOSU-SHARED-ALLOW = 288098240
23:18:28.941 [main] INFO  com.cloudframe.app.process.Comput1.process   90 - *KB* LK-RLU3A-TOT-DATA-PROMO-ALLOW = 50691314
23:18:28.941 [main] INFO  com.cloudframe.app.process.Comput1.process   92 - *KB* LK-RLU3A-ACCT-PLAN-DATA-ALLOW = 50691314
23:18:28.941 [main] INFO  com.cloudframe.app.process.Comput1.process  108 - *MB* LK-RLU3A-TOT-DATA-PROMO-ALLOW = 50691588
23:18:28.941 [main] INFO  com.cloudframe.app.process.Comput1.process  110 - *MB* LK-RLU3A-ACCT-PLAN-DATA-ALLOW = 50691588
23:18:28.941 [main] INFO  com.cloudframe.app.process.Comput1.process  124 - *GB* LK-RLU3A-TOT-DATA-PROMO-ALLOW = 50691588
23:18:28.941 [main] INFO  com.cloudframe.app.process.Comput1.process  126 - *GB* LK-RLU3A-ACCT-PLAN-DATA-ALLOW = 50691588
23:18:28.941 [main] INFO  com.cloudframe.app.process.Comput1.process   76 - ___________________________________
23:18:28.942 [main] INFO  com.cloudframe.app.process.Comput1.process   78 - 540 . WS-OOSU-SHARED-ALLOW = 289169233
23:18:28.942 [main] INFO  com.cloudframe.app.process.Comput1.process   90 - *KB* LK-RLU3A-TOT-DATA-PROMO-ALLOW = 50973979
23:18:28.942 [main] INFO  com.cloudframe.app.process.Comput1.process   92 - *KB* LK-RLU3A-ACCT-PLAN-DATA-ALLOW = 50973979
23:18:28.942 [main] INFO  com.cloudframe.app.process.Comput1.process  108 - *MB* LK-RLU3A-TOT-DATA-PROMO-ALLOW = 50974254
23:18:28.942 [main] INFO  com.cloudframe.app.process.Comput1.process  110 - *MB* LK-RLU3A-ACCT-PLAN-DATA-ALLOW = 50974254
23:18:28.942 [main] INFO  com.cloudframe.app.process.Comput1.process  124 - *GB* LK-RLU3A-TOT-DATA-PROMO-ALLOW = 50974254
23:18:28.942 [main] INFO  com.cloudframe.app.process.Comput1.process  126 - *GB* LK-RLU3A-ACCT-PLAN-DATA-ALLOW = 50974254
23:18:28.942 [main] INFO  com.cloudframe.app.process.Comput1.process   76 - ___________________________________
23:18:28.942 [main] INFO  com.cloudframe.app.process.Comput1.process   78 - 541 . WS-OOSU-SHARED-ALLOW = 290242213
23:18:28.943 [main] INFO  com.cloudframe.app.process.Comput1.process   90 - *KB* LK-RLU3A-TOT-DATA-PROMO-ALLOW = 51257693
23:18:28.943 [main] INFO  com.cloudframe.app.process.Comput1.process   92 - *KB* LK-RLU3A-ACCT-PLAN-DATA-ALLOW = 51257693
23:18:28.943 [main] INFO  com.cloudframe.app.process.Comput1.process  108 - *MB* LK-RLU3A-TOT-DATA-PROMO-ALLOW = 51257969
23:18:28.943 [main] INFO  com.cloudframe.app.process.Comput1.process  110 - *MB* LK-RLU3A-ACCT-PLAN-DATA-ALLOW = 51257969
23:18:28.943 [main] INFO  com.cloudframe.app.process.Comput1.process  124 - *GB* LK-RLU3A-TOT-DATA-PROMO-ALLOW = 51257969
23:18:28.943 [main] INFO  com.cloudframe.app.process.Comput1.process  126 - *GB* LK-RLU3A-ACCT-PLAN-DATA-ALLOW = 51257969
23:18:28.943 [main] INFO  com.cloudframe.app.process.Comput1.process   76 - ___________________________________
23:18:28.943 [main] INFO  com.cloudframe.app.process.Comput1.process   78 - 542 . WS-OOSU-SHARED-ALLOW = 291317180
23:18:28.943 [main] INFO  com.cloudframe.app.process.Comput1.process   90 - *KB* LK-RLU3A-TOT-DATA-PROMO-ALLOW = 51542458
23:18:28.944 [main] INFO  com.cloudframe.app.process.Comput1.process   92 - *KB* LK-RLU3A-ACCT-PLAN-DATA-ALLOW = 51542458
23:18:28.944 [main] INFO  com.cloudframe.app.process.Comput1.process  108 - *MB* LK-RLU3A-TOT-DATA-PROMO-ALLOW = 51542735
23:18:28.944 [main] INFO  com.cloudframe.app.process.Comput1.process  110 - *MB* LK-RLU3A-ACCT-PLAN-DATA-ALLOW = 51542735
23:18:28.944 [main] INFO  com.cloudframe.app.process.Comput1.process  124 - *GB* LK-RLU3A-TOT-DATA-PROMO-ALLOW = 51542735
23:18:28.944 [main] INFO  com.cloudframe.app.process.Comput1.process  126 - *GB* LK-RLU3A-ACCT-PLAN-DATA-ALLOW = 51542735
23:18:28.944 [main] INFO  com.cloudframe.app.process.Comput1.process   76 - ___________________________________
23:18:28.944 [main] INFO  com.cloudframe.app.process.Comput1.process   78 - 543 . WS-OOSU-SHARED-ALLOW = 292394134
23:18:28.944 [main] INFO  com.cloudframe.app.process.Comput1.process   90 - *KB* LK-RLU3A-TOT-DATA-PROMO-ALLOW = 51828276
23:18:28.944 [main] INFO  com.cloudframe.app.process.Comput1.process   92 - *KB* LK-RLU3A-ACCT-PLAN-DATA-ALLOW = 51828276
23:18:28.944 [main] INFO  com.cloudframe.app.process.Comput1.process  108 - *MB* LK-RLU3A-TOT-DATA-PROMO-ALLOW = 51828554
23:18:28.945 [main] INFO  com.cloudframe.app.process.Comput1.process  110 - *MB* LK-RLU3A-ACCT-PLAN-DATA-ALLOW = 51828554
23:18:28.945 [main] INFO  com.cloudframe.app.process.Comput1.process  124 - *GB* LK-RLU3A-TOT-DATA-PROMO-ALLOW = 51828554
23:18:28.945 [main] INFO  com.cloudframe.app.process.Comput1.process  126 - *GB* LK-RLU3A-ACCT-PLAN-DATA-ALLOW = 51828554
23:18:28.945 [main] INFO  com.cloudframe.app.process.Comput1.process   76 - ___________________________________
23:18:28.945 [main] INFO  com.cloudframe.app.process.Comput1.process   78 - 544 . WS-OOSU-SHARED-ALLOW = 293473075
23:18:28.945 [main] INFO  com.cloudframe.app.process.Comput1.process   90 - *KB* LK-RLU3A-TOT-DATA-PROMO-ALLOW = 52115148
23:18:28.945 [main] INFO  com.cloudframe.app.process.Comput1.process   92 - *KB* LK-RLU3A-ACCT-PLAN-DATA-ALLOW = 52115148
23:18:28.945 [main] INFO  com.cloudframe.app.process.Comput1.process  108 - *MB* LK-RLU3A-TOT-DATA-PROMO-ALLOW = 52115427
23:18:28.945 [main] INFO  com.cloudframe.app.process.Comput1.process  110 - *MB* LK-RLU3A-ACCT-PLAN-DATA-ALLOW = 52115427
23:18:28.946 [main] INFO  com.cloudframe.app.process.Comput1.process  124 - *GB* LK-RLU3A-TOT-DATA-PROMO-ALLOW = 52115427
23:18:28.946 [main] INFO  com.cloudframe.app.process.Comput1.process  126 - *GB* LK-RLU3A-ACCT-PLAN-DATA-ALLOW = 52115427
23:18:28.946 [main] INFO  com.cloudframe.app.process.Comput1.process   76 - ___________________________________
23:18:28.946 [main] INFO  com.cloudframe.app.process.Comput1.process   78 - 545 . WS-OOSU-SHARED-ALLOW = 294554003
23:18:28.946 [main] INFO  com.cloudframe.app.process.Comput1.process   90 - *KB* LK-RLU3A-TOT-DATA-PROMO-ALLOW = 52403077
23:18:28.946 [main] INFO  com.cloudframe.app.process.Comput1.process   92 - *KB* LK-RLU3A-ACCT-PLAN-DATA-ALLOW = 52403077
23:18:28.946 [main] INFO  com.cloudframe.app.process.Comput1.process  108 - *MB* LK-RLU3A-TOT-DATA-PROMO-ALLOW = 52403357
23:18:28.946 [main] INFO  com.cloudframe.app.process.Comput1.process  110 - *MB* LK-RLU3A-ACCT-PLAN-DATA-ALLOW = 52403357
23:18:28.946 [main] INFO  com.cloudframe.app.process.Comput1.process  124 - *GB* LK-RLU3A-TOT-DATA-PROMO-ALLOW = 52403357
23:18:28.947 [main] INFO  com.cloudframe.app.process.Comput1.process  126 - *GB* LK-RLU3A-ACCT-PLAN-DATA-ALLOW = 52403357
23:18:28.947 [main] INFO  com.cloudframe.app.process.Comput1.process   76 - ___________________________________
23:18:28.947 [main] INFO  com.cloudframe.app.process.Comput1.process   78 - 546 . WS-OOSU-SHARED-ALLOW = 295636918
23:18:28.947 [main] INFO  com.cloudframe.app.process.Comput1.process   90 - *KB* LK-RLU3A-TOT-DATA-PROMO-ALLOW = 52692064
23:18:28.947 [main] INFO  com.cloudframe.app.process.Comput1.process   92 - *KB* LK-RLU3A-ACCT-PLAN-DATA-ALLOW = 52692064
23:18:28.947 [main] INFO  com.cloudframe.app.process.Comput1.process  108 - *MB* LK-RLU3A-TOT-DATA-PROMO-ALLOW = 52692345
23:18:28.947 [main] INFO  com.cloudframe.app.process.Comput1.process  110 - *MB* LK-RLU3A-ACCT-PLAN-DATA-ALLOW = 52692345
23:18:28.947 [main] INFO  com.cloudframe.app.process.Comput1.process  124 - *GB* LK-RLU3A-TOT-DATA-PROMO-ALLOW = 52692345
23:18:28.947 [main] INFO  com.cloudframe.app.process.Comput1.process  126 - *GB* LK-RLU3A-ACCT-PLAN-DATA-ALLOW = 52692345
23:18:28.948 [main] INFO  com.cloudframe.app.process.Comput1.process   76 - ___________________________________
23:18:28.948 [main] INFO  com.cloudframe.app.process.Comput1.process   78 - 547 . WS-OOSU-SHARED-ALLOW = 296721820
23:18:28.948 [main] INFO  com.cloudframe.app.process.Comput1.process   90 - *KB* LK-RLU3A-TOT-DATA-PROMO-ALLOW = 52982112
23:18:28.948 [main] INFO  com.cloudframe.app.process.Comput1.process   92 - *KB* LK-RLU3A-ACCT-PLAN-DATA-ALLOW = 52982112
23:18:28.948 [main] INFO  com.cloudframe.app.process.Comput1.process  108 - *MB* LK-RLU3A-TOT-DATA-PROMO-ALLOW = 52982394
23:18:28.948 [main] INFO  com.cloudframe.app.process.Comput1.process  110 - *MB* LK-RLU3A-ACCT-PLAN-DATA-ALLOW = 52982394
23:18:28.948 [main] INFO  com.cloudframe.app.process.Comput1.process  124 - *GB* LK-RLU3A-TOT-DATA-PROMO-ALLOW = 52982394
23:18:28.948 [main] INFO  com.cloudframe.app.process.Comput1.process  126 - *GB* LK-RLU3A-ACCT-PLAN-DATA-ALLOW = 52982394
23:18:28.948 [main] INFO  com.cloudframe.app.process.Comput1.process   76 - ___________________________________
23:18:28.948 [main] INFO  com.cloudframe.app.process.Comput1.process   78 - 548 . WS-OOSU-SHARED-ALLOW = 297808709
23:18:28.949 [main] INFO  com.cloudframe.app.process.Comput1.process   90 - *KB* LK-RLU3A-TOT-DATA-PROMO-ALLOW = 53273222
23:18:28.949 [main] INFO  com.cloudframe.app.process.Comput1.process   92 - *KB* LK-RLU3A-ACCT-PLAN-DATA-ALLOW = 53273222
23:18:28.949 [main] INFO  com.cloudframe.app.process.Comput1.process  108 - *MB* LK-RLU3A-TOT-DATA-PROMO-ALLOW = 53273506
23:18:28.949 [main] INFO  com.cloudframe.app.process.Comput1.process  110 - *MB* LK-RLU3A-ACCT-PLAN-DATA-ALLOW = 53273506
23:18:28.949 [main] INFO  com.cloudframe.app.process.Comput1.process  124 - *GB* LK-RLU3A-TOT-DATA-PROMO-ALLOW = 53273506
23:18:28.949 [main] INFO  com.cloudframe.app.process.Comput1.process  126 - *GB* LK-RLU3A-ACCT-PLAN-DATA-ALLOW = 53273506
23:18:28.949 [main] INFO  com.cloudframe.app.process.Comput1.process   76 - ___________________________________
23:18:28.949 [main] INFO  com.cloudframe.app.process.Comput1.process   78 - 549 . WS-OOSU-SHARED-ALLOW = 298897585
23:18:28.949 [main] INFO  com.cloudframe.app.process.Comput1.process   90 - *KB* LK-RLU3A-TOT-DATA-PROMO-ALLOW = 53565398
23:18:28.950 [main] INFO  com.cloudframe.app.process.Comput1.process   92 - *KB* LK-RLU3A-ACCT-PLAN-DATA-ALLOW = 53565398
23:18:28.950 [main] INFO  com.cloudframe.app.process.Comput1.process  108 - *MB* LK-RLU3A-TOT-DATA-PROMO-ALLOW = 53565683
23:18:28.950 [main] INFO  com.cloudframe.app.process.Comput1.process  110 - *MB* LK-RLU3A-ACCT-PLAN-DATA-ALLOW = 53565683
23:18:28.950 [main] INFO  com.cloudframe.app.process.Comput1.process  124 - *GB* LK-RLU3A-TOT-DATA-PROMO-ALLOW = 53565683
23:18:28.950 [main] INFO  com.cloudframe.app.process.Comput1.process  126 - *GB* LK-RLU3A-ACCT-PLAN-DATA-ALLOW = 53565683
23:18:28.950 [main] INFO  com.cloudframe.app.process.Comput1.process   76 - ___________________________________
23:18:28.950 [main] INFO  com.cloudframe.app.process.Comput1.process   78 - 550 . WS-OOSU-SHARED-ALLOW = 299988448
23:18:28.950 [main] INFO  com.cloudframe.app.process.Comput1.process   90 - *KB* LK-RLU3A-TOT-DATA-PROMO-ALLOW = 53858640
23:18:28.950 [main] INFO  com.cloudframe.app.process.Comput1.process   92 - *KB* LK-RLU3A-ACCT-PLAN-DATA-ALLOW = 53858640
23:18:28.951 [main] INFO  com.cloudframe.app.process.Comput1.process  108 - *MB* LK-RLU3A-TOT-DATA-PROMO-ALLOW = 53858926
23:18:28.951 [main] INFO  com.cloudframe.app.process.Comput1.process  110 - *MB* LK-RLU3A-ACCT-PLAN-DATA-ALLOW = 53858926
23:18:28.951 [main] INFO  com.cloudframe.app.process.Comput1.process  124 - *GB* LK-RLU3A-TOT-DATA-PROMO-ALLOW = 53858926
23:18:28.951 [main] INFO  com.cloudframe.app.process.Comput1.process  126 - *GB* LK-RLU3A-ACCT-PLAN-DATA-ALLOW = 53858926
23:18:28.951 [main] INFO  com.cloudframe.app.process.Comput1.process   76 - ___________________________________
23:18:28.951 [main] INFO  com.cloudframe.app.process.Comput1.process   78 - 551 . WS-OOSU-SHARED-ALLOW = 301081298
23:18:28.951 [main] INFO  com.cloudframe.app.process.Comput1.process   90 - *KB* LK-RLU3A-TOT-DATA-PROMO-ALLOW = 54152950
23:18:28.951 [main] INFO  com.cloudframe.app.process.Comput1.process   92 - *KB* LK-RLU3A-ACCT-PLAN-DATA-ALLOW = 54152950
23:18:28.952 [main] INFO  com.cloudframe.app.process.Comput1.process  108 - *MB* LK-RLU3A-TOT-DATA-PROMO-ALLOW = 54153237
23:18:28.952 [main] INFO  com.cloudframe.app.process.Comput1.process  110 - *MB* LK-RLU3A-ACCT-PLAN-DATA-ALLOW = 54153237
23:18:28.952 [main] INFO  com.cloudframe.app.process.Comput1.process  124 - *GB* LK-RLU3A-TOT-DATA-PROMO-ALLOW = 54153237
23:18:28.952 [main] INFO  com.cloudframe.app.process.Comput1.process  126 - *GB* LK-RLU3A-ACCT-PLAN-DATA-ALLOW = 54153237
23:18:28.952 [main] INFO  com.cloudframe.app.process.Comput1.process   76 - ___________________________________
23:18:28.952 [main] INFO  com.cloudframe.app.process.Comput1.process   78 - 552 . WS-OOSU-SHARED-ALLOW = 302176135
23:18:28.952 [main] INFO  com.cloudframe.app.process.Comput1.process   90 - *KB* LK-RLU3A-TOT-DATA-PROMO-ALLOW = 54448330
23:18:28.952 [main] INFO  com.cloudframe.app.process.Comput1.process   92 - *KB* LK-RLU3A-ACCT-PLAN-DATA-ALLOW = 54448330
23:18:28.952 [main] INFO  com.cloudframe.app.process.Comput1.process  108 - *MB* LK-RLU3A-TOT-DATA-PROMO-ALLOW = 54448618
23:18:28.952 [main] INFO  com.cloudframe.app.process.Comput1.process  110 - *MB* LK-RLU3A-ACCT-PLAN-DATA-ALLOW = 54448618
23:18:28.953 [main] INFO  com.cloudframe.app.process.Comput1.process  124 - *GB* LK-RLU3A-TOT-DATA-PROMO-ALLOW = 54448618
23:18:28.953 [main] INFO  com.cloudframe.app.process.Comput1.process  126 - *GB* LK-RLU3A-ACCT-PLAN-DATA-ALLOW = 54448618
23:18:28.953 [main] INFO  com.cloudframe.app.process.Comput1.process   76 - ___________________________________
23:18:28.953 [main] INFO  com.cloudframe.app.process.Comput1.process   78 - 553 . WS-OOSU-SHARED-ALLOW = 303272959
23:18:28.953 [main] INFO  com.cloudframe.app.process.Comput1.process   90 - *KB* LK-RLU3A-TOT-DATA-PROMO-ALLOW = 54744782
23:18:28.953 [main] INFO  com.cloudframe.app.process.Comput1.process   92 - *KB* LK-RLU3A-ACCT-PLAN-DATA-ALLOW = 54744782
23:18:28.953 [main] INFO  com.cloudframe.app.process.Comput1.process  108 - *MB* LK-RLU3A-TOT-DATA-PROMO-ALLOW = 54745071
23:18:28.953 [main] INFO  com.cloudframe.app.process.Comput1.process  110 - *MB* LK-RLU3A-ACCT-PLAN-DATA-ALLOW = 54745071
23:18:28.953 [main] INFO  com.cloudframe.app.process.Comput1.process  124 - *GB* LK-RLU3A-TOT-DATA-PROMO-ALLOW = 54745071
23:18:28.953 [main] INFO  com.cloudframe.app.process.Comput1.process  126 - *GB* LK-RLU3A-ACCT-PLAN-DATA-ALLOW = 54745071
23:18:28.954 [main] INFO  com.cloudframe.app.process.Comput1.process   76 - ___________________________________
23:18:28.954 [main] INFO  com.cloudframe.app.process.Comput1.process   78 - 554 . WS-OOSU-SHARED-ALLOW = 304371770
23:18:28.954 [main] INFO  com.cloudframe.app.process.Comput1.process   90 - *KB* LK-RLU3A-TOT-DATA-PROMO-ALLOW = 55042309
23:18:28.954 [main] INFO  com.cloudframe.app.process.Comput1.process   92 - *KB* LK-RLU3A-ACCT-PLAN-DATA-ALLOW = 55042309
23:18:28.954 [main] INFO  com.cloudframe.app.process.Comput1.process  108 - *MB* LK-RLU3A-TOT-DATA-PROMO-ALLOW = 55042599
23:18:28.954 [main] INFO  com.cloudframe.app.process.Comput1.process  110 - *MB* LK-RLU3A-ACCT-PLAN-DATA-ALLOW = 55042599
23:18:28.954 [main] INFO  com.cloudframe.app.process.Comput1.process  124 - *GB* LK-RLU3A-TOT-DATA-PROMO-ALLOW = 55042599
23:18:28.954 [main] INFO  com.cloudframe.app.process.Comput1.process  126 - *GB* LK-RLU3A-ACCT-PLAN-DATA-ALLOW = 55042599
23:18:28.954 [main] INFO  com.cloudframe.app.process.Comput1.process   76 - ___________________________________
23:18:28.955 [main] INFO  com.cloudframe.app.process.Comput1.process   78 - 555 . WS-OOSU-SHARED-ALLOW = 305472568
23:18:28.955 [main] INFO  com.cloudframe.app.process.Comput1.process   90 - *KB* LK-RLU3A-TOT-DATA-PROMO-ALLOW = 55340912
23:18:28.955 [main] INFO  com.cloudframe.app.process.Comput1.process   92 - *KB* LK-RLU3A-ACCT-PLAN-DATA-ALLOW = 55340912
23:18:28.955 [main] INFO  com.cloudframe.app.process.Comput1.process  108 - *MB* LK-RLU3A-TOT-DATA-PROMO-ALLOW = 55341203
23:18:28.955 [main] INFO  com.cloudframe.app.process.Comput1.process  110 - *MB* LK-RLU3A-ACCT-PLAN-DATA-ALLOW = 55341203
23:18:28.955 [main] INFO  com.cloudframe.app.process.Comput1.process  124 - *GB* LK-RLU3A-TOT-DATA-PROMO-ALLOW = 55341203
23:18:28.955 [main] INFO  com.cloudframe.app.process.Comput1.process  126 - *GB* LK-RLU3A-ACCT-PLAN-DATA-ALLOW = 55341203
23:18:28.955 [main] INFO  com.cloudframe.app.process.Comput1.process   76 - ___________________________________
23:18:28.955 [main] INFO  com.cloudframe.app.process.Comput1.process   78 - 556 . WS-OOSU-SHARED-ALLOW = 306575353
23:18:28.956 [main] INFO  com.cloudframe.app.process.Comput1.process   90 - *KB* LK-RLU3A-TOT-DATA-PROMO-ALLOW = 55640592
23:18:28.956 [main] INFO  com.cloudframe.app.process.Comput1.process   92 - *KB* LK-RLU3A-ACCT-PLAN-DATA-ALLOW = 55640592
23:18:28.956 [main] INFO  com.cloudframe.app.process.Comput1.process  108 - *MB* LK-RLU3A-TOT-DATA-PROMO-ALLOW = 55640884
23:18:28.956 [main] INFO  com.cloudframe.app.process.Comput1.process  110 - *MB* LK-RLU3A-ACCT-PLAN-DATA-ALLOW = 55640884
23:18:28.956 [main] INFO  com.cloudframe.app.process.Comput1.process  124 - *GB* LK-RLU3A-TOT-DATA-PROMO-ALLOW = 55640884
23:18:28.956 [main] INFO  com.cloudframe.app.process.Comput1.process  126 - *GB* LK-RLU3A-ACCT-PLAN-DATA-ALLOW = 55640884
23:18:28.956 [main] INFO  com.cloudframe.app.process.Comput1.process   76 - ___________________________________
23:18:28.956 [main] INFO  com.cloudframe.app.process.Comput1.process   78 - 557 . WS-OOSU-SHARED-ALLOW = 307680125
23:18:28.956 [main] INFO  com.cloudframe.app.process.Comput1.process   90 - *KB* LK-RLU3A-TOT-DATA-PROMO-ALLOW = 55941352
23:18:28.956 [main] INFO  com.cloudframe.app.process.Comput1.process   92 - *KB* LK-RLU3A-ACCT-PLAN-DATA-ALLOW = 55941352
23:18:28.957 [main] INFO  com.cloudframe.app.process.Comput1.process  108 - *MB* LK-RLU3A-TOT-DATA-PROMO-ALLOW = 55941645
23:18:28.957 [main] INFO  com.cloudframe.app.process.Comput1.process  110 - *MB* LK-RLU3A-ACCT-PLAN-DATA-ALLOW = 55941645
23:18:28.957 [main] INFO  com.cloudframe.app.process.Comput1.process  124 - *GB* LK-RLU3A-TOT-DATA-PROMO-ALLOW = 55941645
23:18:28.957 [main] INFO  com.cloudframe.app.process.Comput1.process  126 - *GB* LK-RLU3A-ACCT-PLAN-DATA-ALLOW = 55941645
23:18:28.957 [main] INFO  com.cloudframe.app.process.Comput1.process   76 - ___________________________________
23:18:28.957 [main] INFO  com.cloudframe.app.process.Comput1.process   78 - 558 . WS-OOSU-SHARED-ALLOW = 308786884
23:18:28.957 [main] INFO  com.cloudframe.app.process.Comput1.process   90 - *KB* LK-RLU3A-TOT-DATA-PROMO-ALLOW = 56243194
23:18:28.957 [main] INFO  com.cloudframe.app.process.Comput1.process   92 - *KB* LK-RLU3A-ACCT-PLAN-DATA-ALLOW = 56243194
23:18:28.957 [main] INFO  com.cloudframe.app.process.Comput1.process  108 - *MB* LK-RLU3A-TOT-DATA-PROMO-ALLOW = 56243488
23:18:28.958 [main] INFO  com.cloudframe.app.process.Comput1.process  110 - *MB* LK-RLU3A-ACCT-PLAN-DATA-ALLOW = 56243488
23:18:28.958 [main] INFO  com.cloudframe.app.process.Comput1.process  124 - *GB* LK-RLU3A-TOT-DATA-PROMO-ALLOW = 56243488
23:18:28.958 [main] INFO  com.cloudframe.app.process.Comput1.process  126 - *GB* LK-RLU3A-ACCT-PLAN-DATA-ALLOW = 56243488
23:18:28.958 [main] INFO  com.cloudframe.app.process.Comput1.process   76 - ___________________________________
23:18:28.958 [main] INFO  com.cloudframe.app.process.Comput1.process   78 - 559 . WS-OOSU-SHARED-ALLOW = 309895630
23:18:28.958 [main] INFO  com.cloudframe.app.process.Comput1.process   90 - *KB* LK-RLU3A-TOT-DATA-PROMO-ALLOW = 56546120
23:18:28.958 [main] INFO  com.cloudframe.app.process.Comput1.process   92 - *KB* LK-RLU3A-ACCT-PLAN-DATA-ALLOW = 56546120
23:18:28.958 [main] INFO  com.cloudframe.app.process.Comput1.process  108 - *MB* LK-RLU3A-TOT-DATA-PROMO-ALLOW = 56546415
23:18:28.958 [main] INFO  com.cloudframe.app.process.Comput1.process  110 - *MB* LK-RLU3A-ACCT-PLAN-DATA-ALLOW = 56546415
23:18:28.959 [main] INFO  com.cloudframe.app.process.Comput1.process  124 - *GB* LK-RLU3A-TOT-DATA-PROMO-ALLOW = 56546415
23:18:28.959 [main] INFO  com.cloudframe.app.process.Comput1.process  126 - *GB* LK-RLU3A-ACCT-PLAN-DATA-ALLOW = 56546415
23:18:28.959 [main] INFO  com.cloudframe.app.process.Comput1.process   76 - ___________________________________
23:18:28.959 [main] INFO  com.cloudframe.app.process.Comput1.process   78 - 560 . WS-OOSU-SHARED-ALLOW = 311006363
23:18:28.959 [main] INFO  com.cloudframe.app.process.Comput1.process   90 - *KB* LK-RLU3A-TOT-DATA-PROMO-ALLOW = 56850132
23:18:28.959 [main] INFO  com.cloudframe.app.process.Comput1.process   92 - *KB* LK-RLU3A-ACCT-PLAN-DATA-ALLOW = 56850132
23:18:28.959 [main] INFO  com.cloudframe.app.process.Comput1.process  108 - *MB* LK-RLU3A-TOT-DATA-PROMO-ALLOW = 56850428
23:18:28.959 [main] INFO  com.cloudframe.app.process.Comput1.process  110 - *MB* LK-RLU3A-ACCT-PLAN-DATA-ALLOW = 56850428
23:18:28.959 [main] INFO  com.cloudframe.app.process.Comput1.process  124 - *GB* LK-RLU3A-TOT-DATA-PROMO-ALLOW = 56850428
23:18:28.959 [main] INFO  com.cloudframe.app.process.Comput1.process  126 - *GB* LK-RLU3A-ACCT-PLAN-DATA-ALLOW = 56850428
23:18:28.960 [main] INFO  com.cloudframe.app.process.Comput1.process   76 - ___________________________________
23:18:28.960 [main] INFO  com.cloudframe.app.process.Comput1.process   78 - 561 . WS-OOSU-SHARED-ALLOW = 312119083
23:18:28.960 [main] INFO  com.cloudframe.app.process.Comput1.process   90 - *KB* LK-RLU3A-TOT-DATA-PROMO-ALLOW = 57155231
23:18:28.960 [main] INFO  com.cloudframe.app.process.Comput1.process   92 - *KB* LK-RLU3A-ACCT-PLAN-DATA-ALLOW = 57155231
23:18:28.960 [main] INFO  com.cloudframe.app.process.Comput1.process  108 - *MB* LK-RLU3A-TOT-DATA-PROMO-ALLOW = 57155528
23:18:28.960 [main] INFO  com.cloudframe.app.process.Comput1.process  110 - *MB* LK-RLU3A-ACCT-PLAN-DATA-ALLOW = 57155528
23:18:28.960 [main] INFO  com.cloudframe.app.process.Comput1.process  124 - *GB* LK-RLU3A-TOT-DATA-PROMO-ALLOW = 57155528
23:18:28.960 [main] INFO  com.cloudframe.app.process.Comput1.process  126 - *GB* LK-RLU3A-ACCT-PLAN-DATA-ALLOW = 57155528
23:18:28.960 [main] INFO  com.cloudframe.app.process.Comput1.process   76 - ___________________________________
23:18:28.960 [main] INFO  com.cloudframe.app.process.Comput1.process   78 - 562 . WS-OOSU-SHARED-ALLOW = 313233790
23:18:28.961 [main] INFO  com.cloudframe.app.process.Comput1.process   90 - *KB* LK-RLU3A-TOT-DATA-PROMO-ALLOW = 57461420
23:18:28.961 [main] INFO  com.cloudframe.app.process.Comput1.process   92 - *KB* LK-RLU3A-ACCT-PLAN-DATA-ALLOW = 57461420
23:18:28.961 [main] INFO  com.cloudframe.app.process.Comput1.process  108 - *MB* LK-RLU3A-TOT-DATA-PROMO-ALLOW = 57461718
23:18:28.961 [main] INFO  com.cloudframe.app.process.Comput1.process  110 - *MB* LK-RLU3A-ACCT-PLAN-DATA-ALLOW = 57461718
23:18:28.961 [main] INFO  com.cloudframe.app.process.Comput1.process  124 - *GB* LK-RLU3A-TOT-DATA-PROMO-ALLOW = 57461718
23:18:28.961 [main] INFO  com.cloudframe.app.process.Comput1.process  126 - *GB* LK-RLU3A-ACCT-PLAN-DATA-ALLOW = 57461718
23:18:28.961 [main] INFO  com.cloudframe.app.process.Comput1.process   76 - ___________________________________
23:18:28.961 [main] INFO  com.cloudframe.app.process.Comput1.process   78 - 563 . WS-OOSU-SHARED-ALLOW = 314350484
23:18:28.961 [main] INFO  com.cloudframe.app.process.Comput1.process   90 - *KB* LK-RLU3A-TOT-DATA-PROMO-ALLOW = 57768700
23:18:28.961 [main] INFO  com.cloudframe.app.process.Comput1.process   92 - *KB* LK-RLU3A-ACCT-PLAN-DATA-ALLOW = 57768700
23:18:28.962 [main] INFO  com.cloudframe.app.process.Comput1.process  108 - *MB* LK-RLU3A-TOT-DATA-PROMO-ALLOW = 57768999
23:18:28.962 [main] INFO  com.cloudframe.app.process.Comput1.process  110 - *MB* LK-RLU3A-ACCT-PLAN-DATA-ALLOW = 57768999
23:18:28.962 [main] INFO  com.cloudframe.app.process.Comput1.process  124 - *GB* LK-RLU3A-TOT-DATA-PROMO-ALLOW = 57768999
23:18:28.962 [main] INFO  com.cloudframe.app.process.Comput1.process  126 - *GB* LK-RLU3A-ACCT-PLAN-DATA-ALLOW = 57768999
23:18:28.962 [main] INFO  com.cloudframe.app.process.Comput1.process   76 - ___________________________________
23:18:28.962 [main] INFO  com.cloudframe.app.process.Comput1.process   78 - 564 . WS-OOSU-SHARED-ALLOW = 315469165
23:18:28.962 [main] INFO  com.cloudframe.app.process.Comput1.process   90 - *KB* LK-RLU3A-TOT-DATA-PROMO-ALLOW = 58077074
23:18:28.962 [main] INFO  com.cloudframe.app.process.Comput1.process   92 - *KB* LK-RLU3A-ACCT-PLAN-DATA-ALLOW = 58077074
23:18:28.962 [main] INFO  com.cloudframe.app.process.Comput1.process  108 - *MB* LK-RLU3A-TOT-DATA-PROMO-ALLOW = 58077374
23:18:28.962 [main] INFO  com.cloudframe.app.process.Comput1.process  110 - *MB* LK-RLU3A-ACCT-PLAN-DATA-ALLOW = 58077374
23:18:28.963 [main] INFO  com.cloudframe.app.process.Comput1.process  124 - *GB* LK-RLU3A-TOT-DATA-PROMO-ALLOW = 58077374
23:18:28.963 [main] INFO  com.cloudframe.app.process.Comput1.process  126 - *GB* LK-RLU3A-ACCT-PLAN-DATA-ALLOW = 58077374
23:18:28.963 [main] INFO  com.cloudframe.app.process.Comput1.process   76 - ___________________________________
23:18:28.963 [main] INFO  com.cloudframe.app.process.Comput1.process   78 - 565 . WS-OOSU-SHARED-ALLOW = 316589833
23:18:28.963 [main] INFO  com.cloudframe.app.process.Comput1.process   90 - *KB* LK-RLU3A-TOT-DATA-PROMO-ALLOW = 58386543
23:18:28.963 [main] INFO  com.cloudframe.app.process.Comput1.process   92 - *KB* LK-RLU3A-ACCT-PLAN-DATA-ALLOW = 58386543
23:18:28.963 [main] INFO  com.cloudframe.app.process.Comput1.process  108 - *MB* LK-RLU3A-TOT-DATA-PROMO-ALLOW = 58386844
23:18:28.963 [main] INFO  com.cloudframe.app.process.Comput1.process  110 - *MB* LK-RLU3A-ACCT-PLAN-DATA-ALLOW = 58386844
23:18:28.963 [main] INFO  com.cloudframe.app.process.Comput1.process  124 - *GB* LK-RLU3A-TOT-DATA-PROMO-ALLOW = 58386844
23:18:28.964 [main] INFO  com.cloudframe.app.process.Comput1.process  126 - *GB* LK-RLU3A-ACCT-PLAN-DATA-ALLOW = 58386844
23:18:28.964 [main] INFO  com.cloudframe.app.process.Comput1.process   76 - ___________________________________
23:18:28.964 [main] INFO  com.cloudframe.app.process.Comput1.process   78 - 566 . WS-OOSU-SHARED-ALLOW = 317712488
23:18:28.964 [main] INFO  com.cloudframe.app.process.Comput1.process   90 - *KB* LK-RLU3A-TOT-DATA-PROMO-ALLOW = 58697110
23:18:28.964 [main] INFO  com.cloudframe.app.process.Comput1.process   92 - *KB* LK-RLU3A-ACCT-PLAN-DATA-ALLOW = 58697110
23:18:28.964 [main] INFO  com.cloudframe.app.process.Comput1.process  108 - *MB* LK-RLU3A-TOT-DATA-PROMO-ALLOW = 58697412
23:18:28.964 [main] INFO  com.cloudframe.app.process.Comput1.process  110 - *MB* LK-RLU3A-ACCT-PLAN-DATA-ALLOW = 58697412
23:18:28.964 [main] INFO  com.cloudframe.app.process.Comput1.process  124 - *GB* LK-RLU3A-TOT-DATA-PROMO-ALLOW = 58697412
23:18:28.964 [main] INFO  com.cloudframe.app.process.Comput1.process  126 - *GB* LK-RLU3A-ACCT-PLAN-DATA-ALLOW = 58697412
23:18:28.964 [main] INFO  com.cloudframe.app.process.Comput1.process   76 - ___________________________________
23:18:28.964 [main] INFO  com.cloudframe.app.process.Comput1.process   78 - 567 . WS-OOSU-SHARED-ALLOW = 318837130
23:18:28.965 [main] INFO  com.cloudframe.app.process.Comput1.process   90 - *KB* LK-RLU3A-TOT-DATA-PROMO-ALLOW = 59008776
23:18:28.965 [main] INFO  com.cloudframe.app.process.Comput1.process   92 - *KB* LK-RLU3A-ACCT-PLAN-DATA-ALLOW = 59008776
23:18:28.965 [main] INFO  com.cloudframe.app.process.Comput1.process  108 - *MB* LK-RLU3A-TOT-DATA-PROMO-ALLOW = 59009080
23:18:28.965 [main] INFO  com.cloudframe.app.process.Comput1.process  110 - *MB* LK-RLU3A-ACCT-PLAN-DATA-ALLOW = 59009080
23:18:28.965 [main] INFO  com.cloudframe.app.process.Comput1.process  124 - *GB* LK-RLU3A-TOT-DATA-PROMO-ALLOW = 59009080
23:18:28.965 [main] INFO  com.cloudframe.app.process.Comput1.process  126 - *GB* LK-RLU3A-ACCT-PLAN-DATA-ALLOW = 59009080
23:18:28.965 [main] INFO  com.cloudframe.app.process.Comput1.process   76 - ___________________________________
23:18:28.965 [main] INFO  com.cloudframe.app.process.Comput1.process   78 - 568 . WS-OOSU-SHARED-ALLOW = 319963759
23:18:28.965 [main] INFO  com.cloudframe.app.process.Comput1.process   90 - *KB* LK-RLU3A-TOT-DATA-PROMO-ALLOW = 59321544
23:18:28.965 [main] INFO  com.cloudframe.app.process.Comput1.process   92 - *KB* LK-RLU3A-ACCT-PLAN-DATA-ALLOW = 59321544
23:18:28.966 [main] INFO  com.cloudframe.app.process.Comput1.process  108 - *MB* LK-RLU3A-TOT-DATA-PROMO-ALLOW = 59321849
23:18:28.966 [main] INFO  com.cloudframe.app.process.Comput1.process  110 - *MB* LK-RLU3A-ACCT-PLAN-DATA-ALLOW = 59321849
23:18:28.966 [main] INFO  com.cloudframe.app.process.Comput1.process  124 - *GB* LK-RLU3A-TOT-DATA-PROMO-ALLOW = 59321849
23:18:28.966 [main] INFO  com.cloudframe.app.process.Comput1.process  126 - *GB* LK-RLU3A-ACCT-PLAN-DATA-ALLOW = 59321849
23:18:28.966 [main] INFO  com.cloudframe.app.process.Comput1.process   76 - ___________________________________
23:18:28.966 [main] INFO  com.cloudframe.app.process.Comput1.process   78 - 569 . WS-OOSU-SHARED-ALLOW = 321092375
23:18:28.966 [main] INFO  com.cloudframe.app.process.Comput1.process   90 - *KB* LK-RLU3A-TOT-DATA-PROMO-ALLOW = 59635415
23:18:28.966 [main] INFO  com.cloudframe.app.process.Comput1.process   92 - *KB* LK-RLU3A-ACCT-PLAN-DATA-ALLOW = 59635415
23:18:28.966 [main] INFO  com.cloudframe.app.process.Comput1.process  108 - *MB* LK-RLU3A-TOT-DATA-PROMO-ALLOW = 59635721
23:18:28.966 [main] INFO  com.cloudframe.app.process.Comput1.process  110 - *MB* LK-RLU3A-ACCT-PLAN-DATA-ALLOW = 59635721
23:18:28.967 [main] INFO  com.cloudframe.app.process.Comput1.process  124 - *GB* LK-RLU3A-TOT-DATA-PROMO-ALLOW = 59635721
23:18:28.967 [main] INFO  com.cloudframe.app.process.Comput1.process  126 - *GB* LK-RLU3A-ACCT-PLAN-DATA-ALLOW = 59635721
23:18:28.967 [main] INFO  com.cloudframe.app.process.Comput1.process   76 - ___________________________________
23:18:28.967 [main] INFO  com.cloudframe.app.process.Comput1.process   78 - 570 . WS-OOSU-SHARED-ALLOW = 322222978
23:18:28.967 [main] INFO  com.cloudframe.app.process.Comput1.process   90 - *KB* LK-RLU3A-TOT-DATA-PROMO-ALLOW = 59950391
23:18:28.967 [main] INFO  com.cloudframe.app.process.Comput1.process   92 - *KB* LK-RLU3A-ACCT-PLAN-DATA-ALLOW = 59950391
23:18:28.967 [main] INFO  com.cloudframe.app.process.Comput1.process  108 - *MB* LK-RLU3A-TOT-DATA-PROMO-ALLOW = 59950698
23:18:28.967 [main] INFO  com.cloudframe.app.process.Comput1.process  110 - *MB* LK-RLU3A-ACCT-PLAN-DATA-ALLOW = 59950698
23:18:28.967 [main] INFO  com.cloudframe.app.process.Comput1.process  124 - *GB* LK-RLU3A-TOT-DATA-PROMO-ALLOW = 59950698
23:18:28.967 [main] INFO  com.cloudframe.app.process.Comput1.process  126 - *GB* LK-RLU3A-ACCT-PLAN-DATA-ALLOW = 59950698
23:18:28.967 [main] INFO  com.cloudframe.app.process.Comput1.process   76 - ___________________________________
23:18:28.968 [main] INFO  com.cloudframe.app.process.Comput1.process   78 - 571 . WS-OOSU-SHARED-ALLOW = 323355568
23:18:28.968 [main] INFO  com.cloudframe.app.process.Comput1.process   90 - *KB* LK-RLU3A-TOT-DATA-PROMO-ALLOW = 60266474
23:18:28.968 [main] INFO  com.cloudframe.app.process.Comput1.process   92 - *KB* LK-RLU3A-ACCT-PLAN-DATA-ALLOW = 60266474
23:18:28.968 [main] INFO  com.cloudframe.app.process.Comput1.process  108 - *MB* LK-RLU3A-TOT-DATA-PROMO-ALLOW = 60266782
23:18:28.968 [main] INFO  com.cloudframe.app.process.Comput1.process  110 - *MB* LK-RLU3A-ACCT-PLAN-DATA-ALLOW = 60266782
23:18:28.968 [main] INFO  com.cloudframe.app.process.Comput1.process  124 - *GB* LK-RLU3A-TOT-DATA-PROMO-ALLOW = 60266782
23:18:28.968 [main] INFO  com.cloudframe.app.process.Comput1.process  126 - *GB* LK-RLU3A-ACCT-PLAN-DATA-ALLOW = 60266782
23:18:28.968 [main] INFO  com.cloudframe.app.process.Comput1.process   76 - ___________________________________
23:18:28.968 [main] INFO  com.cloudframe.app.process.Comput1.process   78 - 572 . WS-OOSU-SHARED-ALLOW = 324490145
23:18:28.968 [main] INFO  com.cloudframe.app.process.Comput1.process   90 - *KB* LK-RLU3A-TOT-DATA-PROMO-ALLOW = 60583666
23:18:28.969 [main] INFO  com.cloudframe.app.process.Comput1.process   92 - *KB* LK-RLU3A-ACCT-PLAN-DATA-ALLOW = 60583666
23:18:28.969 [main] INFO  com.cloudframe.app.process.Comput1.process  108 - *MB* LK-RLU3A-TOT-DATA-PROMO-ALLOW = 60583975
23:18:28.969 [main] INFO  com.cloudframe.app.process.Comput1.process  110 - *MB* LK-RLU3A-ACCT-PLAN-DATA-ALLOW = 60583975
23:18:28.969 [main] INFO  com.cloudframe.app.process.Comput1.process  124 - *GB* LK-RLU3A-TOT-DATA-PROMO-ALLOW = 60583975
23:18:28.969 [main] INFO  com.cloudframe.app.process.Comput1.process  126 - *GB* LK-RLU3A-ACCT-PLAN-DATA-ALLOW = 60583975
23:18:28.969 [main] INFO  com.cloudframe.app.process.Comput1.process   76 - ___________________________________
23:18:28.969 [main] INFO  com.cloudframe.app.process.Comput1.process   78 - 573 . WS-OOSU-SHARED-ALLOW = 325626709
23:18:28.969 [main] INFO  com.cloudframe.app.process.Comput1.process   90 - *KB* LK-RLU3A-TOT-DATA-PROMO-ALLOW = 60901969
23:18:28.969 [main] INFO  com.cloudframe.app.process.Comput1.process   92 - *KB* LK-RLU3A-ACCT-PLAN-DATA-ALLOW = 60901969
23:18:28.969 [main] INFO  com.cloudframe.app.process.Comput1.process  108 - *MB* LK-RLU3A-TOT-DATA-PROMO-ALLOW = 60902279
23:18:28.970 [main] INFO  com.cloudframe.app.process.Comput1.process  110 - *MB* LK-RLU3A-ACCT-PLAN-DATA-ALLOW = 60902279
23:18:28.970 [main] INFO  com.cloudframe.app.process.Comput1.process  124 - *GB* LK-RLU3A-TOT-DATA-PROMO-ALLOW = 60902279
23:18:28.970 [main] INFO  com.cloudframe.app.process.Comput1.process  126 - *GB* LK-RLU3A-ACCT-PLAN-DATA-ALLOW = 60902279
23:18:28.970 [main] INFO  com.cloudframe.app.process.Comput1.process   76 - ___________________________________
23:18:28.970 [main] INFO  com.cloudframe.app.process.Comput1.process   78 - 574 . WS-OOSU-SHARED-ALLOW = 326765260
23:18:28.970 [main] INFO  com.cloudframe.app.process.Comput1.process   90 - *KB* LK-RLU3A-TOT-DATA-PROMO-ALLOW = 61221385
23:18:28.970 [main] INFO  com.cloudframe.app.process.Comput1.process   92 - *KB* LK-RLU3A-ACCT-PLAN-DATA-ALLOW = 61221385
23:18:28.970 [main] INFO  com.cloudframe.app.process.Comput1.process  108 - *MB* LK-RLU3A-TOT-DATA-PROMO-ALLOW = 61221696
23:18:28.970 [main] INFO  com.cloudframe.app.process.Comput1.process  110 - *MB* LK-RLU3A-ACCT-PLAN-DATA-ALLOW = 61221696
23:18:28.970 [main] INFO  com.cloudframe.app.process.Comput1.process  124 - *GB* LK-RLU3A-TOT-DATA-PROMO-ALLOW = 61221696
23:18:28.971 [main] INFO  com.cloudframe.app.process.Comput1.process  126 - *GB* LK-RLU3A-ACCT-PLAN-DATA-ALLOW = 61221696
23:18:28.971 [main] INFO  com.cloudframe.app.process.Comput1.process   76 - ___________________________________
23:18:28.971 [main] INFO  com.cloudframe.app.process.Comput1.process   78 - 575 . WS-OOSU-SHARED-ALLOW = 327905798
23:18:28.971 [main] INFO  com.cloudframe.app.process.Comput1.process   90 - *KB* LK-RLU3A-TOT-DATA-PROMO-ALLOW = 61541916
23:18:28.971 [main] INFO  com.cloudframe.app.process.Comput1.process   92 - *KB* LK-RLU3A-ACCT-PLAN-DATA-ALLOW = 61541916
23:18:28.971 [main] INFO  com.cloudframe.app.process.Comput1.process  108 - *MB* LK-RLU3A-TOT-DATA-PROMO-ALLOW = 61542228
23:18:28.971 [main] INFO  com.cloudframe.app.process.Comput1.process  110 - *MB* LK-RLU3A-ACCT-PLAN-DATA-ALLOW = 61542228
23:18:28.971 [main] INFO  com.cloudframe.app.process.Comput1.process  124 - *GB* LK-RLU3A-TOT-DATA-PROMO-ALLOW = 61542228
23:18:28.971 [main] INFO  com.cloudframe.app.process.Comput1.process  126 - *GB* LK-RLU3A-ACCT-PLAN-DATA-ALLOW = 61542228
23:18:28.971 [main] INFO  com.cloudframe.app.process.Comput1.process   76 - ___________________________________
23:18:28.972 [main] INFO  com.cloudframe.app.process.Comput1.process   78 - 576 . WS-OOSU-SHARED-ALLOW = 329048323
23:18:28.972 [main] INFO  com.cloudframe.app.process.Comput1.process   90 - *KB* LK-RLU3A-TOT-DATA-PROMO-ALLOW = 61863564
23:18:28.972 [main] INFO  com.cloudframe.app.process.Comput1.process   92 - *KB* LK-RLU3A-ACCT-PLAN-DATA-ALLOW = 61863564
23:18:28.972 [main] INFO  com.cloudframe.app.process.Comput1.process  108 - *MB* LK-RLU3A-TOT-DATA-PROMO-ALLOW = 61863877
23:18:28.972 [main] INFO  com.cloudframe.app.process.Comput1.process  110 - *MB* LK-RLU3A-ACCT-PLAN-DATA-ALLOW = 61863877
23:18:28.972 [main] INFO  com.cloudframe.app.process.Comput1.process  124 - *GB* LK-RLU3A-TOT-DATA-PROMO-ALLOW = 61863877
23:18:28.972 [main] INFO  com.cloudframe.app.process.Comput1.process  126 - *GB* LK-RLU3A-ACCT-PLAN-DATA-ALLOW = 61863877
23:18:28.972 [main] INFO  com.cloudframe.app.process.Comput1.process   76 - ___________________________________
23:18:28.972 [main] INFO  com.cloudframe.app.process.Comput1.process   78 - 577 . WS-OOSU-SHARED-ALLOW = 330192835
23:18:28.972 [main] INFO  com.cloudframe.app.process.Comput1.process   90 - *KB* LK-RLU3A-TOT-DATA-PROMO-ALLOW = 62186330
23:18:28.973 [main] INFO  com.cloudframe.app.process.Comput1.process   92 - *KB* LK-RLU3A-ACCT-PLAN-DATA-ALLOW = 62186330
23:18:28.973 [main] INFO  com.cloudframe.app.process.Comput1.process  108 - *MB* LK-RLU3A-TOT-DATA-PROMO-ALLOW = 62186644
23:18:28.973 [main] INFO  com.cloudframe.app.process.Comput1.process  110 - *MB* LK-RLU3A-ACCT-PLAN-DATA-ALLOW = 62186644
23:18:28.973 [main] INFO  com.cloudframe.app.process.Comput1.process  124 - *GB* LK-RLU3A-TOT-DATA-PROMO-ALLOW = 62186644
23:18:28.973 [main] INFO  com.cloudframe.app.process.Comput1.process  126 - *GB* LK-RLU3A-ACCT-PLAN-DATA-ALLOW = 62186644
23:18:28.973 [main] INFO  com.cloudframe.app.process.Comput1.process   76 - ___________________________________
23:18:28.973 [main] INFO  com.cloudframe.app.process.Comput1.process   78 - 578 . WS-OOSU-SHARED-ALLOW = 331339334
23:18:28.973 [main] INFO  com.cloudframe.app.process.Comput1.process   90 - *KB* LK-RLU3A-TOT-DATA-PROMO-ALLOW = 62510217
23:18:28.973 [main] INFO  com.cloudframe.app.process.Comput1.process   92 - *KB* LK-RLU3A-ACCT-PLAN-DATA-ALLOW = 62510217
23:18:28.973 [main] INFO  com.cloudframe.app.process.Comput1.process  108 - *MB* LK-RLU3A-TOT-DATA-PROMO-ALLOW = 62510532
23:18:28.973 [main] INFO  com.cloudframe.app.process.Comput1.process  110 - *MB* LK-RLU3A-ACCT-PLAN-DATA-ALLOW = 62510532
23:18:28.974 [main] INFO  com.cloudframe.app.process.Comput1.process  124 - *GB* LK-RLU3A-TOT-DATA-PROMO-ALLOW = 62510532
23:18:28.974 [main] INFO  com.cloudframe.app.process.Comput1.process  126 - *GB* LK-RLU3A-ACCT-PLAN-DATA-ALLOW = 62510532
23:18:28.974 [main] INFO  com.cloudframe.app.process.Comput1.process   76 - ___________________________________
23:18:28.974 [main] INFO  com.cloudframe.app.process.Comput1.process   78 - 579 . WS-OOSU-SHARED-ALLOW = 332487820
23:18:28.974 [main] INFO  com.cloudframe.app.process.Comput1.process   90 - *KB* LK-RLU3A-TOT-DATA-PROMO-ALLOW = 62835227
23:18:28.974 [main] INFO  com.cloudframe.app.process.Comput1.process   92 - *KB* LK-RLU3A-ACCT-PLAN-DATA-ALLOW = 62835227
23:18:28.974 [main] INFO  com.cloudframe.app.process.Comput1.process  108 - *MB* LK-RLU3A-TOT-DATA-PROMO-ALLOW = 62835544
23:18:28.974 [main] INFO  com.cloudframe.app.process.Comput1.process  110 - *MB* LK-RLU3A-ACCT-PLAN-DATA-ALLOW = 62835544
23:18:28.974 [main] INFO  com.cloudframe.app.process.Comput1.process  124 - *GB* LK-RLU3A-TOT-DATA-PROMO-ALLOW = 62835544
23:18:28.974 [main] INFO  com.cloudframe.app.process.Comput1.process  126 - *GB* LK-RLU3A-ACCT-PLAN-DATA-ALLOW = 62835544
23:18:28.975 [main] INFO  com.cloudframe.app.process.Comput1.process   76 - ___________________________________
23:18:28.975 [main] INFO  com.cloudframe.app.process.Comput1.process   78 - 580 . WS-OOSU-SHARED-ALLOW = 333638293
23:18:28.975 [main] INFO  com.cloudframe.app.process.Comput1.process   90 - *KB* LK-RLU3A-TOT-DATA-PROMO-ALLOW = 63161362
23:18:28.975 [main] INFO  com.cloudframe.app.process.Comput1.process   92 - *KB* LK-RLU3A-ACCT-PLAN-DATA-ALLOW = 63161362
23:18:28.975 [main] INFO  com.cloudframe.app.process.Comput1.process  108 - *MB* LK-RLU3A-TOT-DATA-PROMO-ALLOW = 63161680
23:18:28.975 [main] INFO  com.cloudframe.app.process.Comput1.process  110 - *MB* LK-RLU3A-ACCT-PLAN-DATA-ALLOW = 63161680
23:18:28.975 [main] INFO  com.cloudframe.app.process.Comput1.process  124 - *GB* LK-RLU3A-TOT-DATA-PROMO-ALLOW = 63161680
23:18:28.975 [main] INFO  com.cloudframe.app.process.Comput1.process  126 - *GB* LK-RLU3A-ACCT-PLAN-DATA-ALLOW = 63161680
23:18:28.975 [main] INFO  com.cloudframe.app.process.Comput1.process   76 - ___________________________________
23:18:28.975 [main] INFO  com.cloudframe.app.process.Comput1.process   78 - 581 . WS-OOSU-SHARED-ALLOW = 334790753
23:18:28.976 [main] INFO  com.cloudframe.app.process.Comput1.process   90 - *KB* LK-RLU3A-TOT-DATA-PROMO-ALLOW = 63488624
23:18:28.976 [main] INFO  com.cloudframe.app.process.Comput1.process   92 - *KB* LK-RLU3A-ACCT-PLAN-DATA-ALLOW = 63488624
23:18:28.976 [main] INFO  com.cloudframe.app.process.Comput1.process  108 - *MB* LK-RLU3A-TOT-DATA-PROMO-ALLOW = 63488943
23:18:28.976 [main] INFO  com.cloudframe.app.process.Comput1.process  110 - *MB* LK-RLU3A-ACCT-PLAN-DATA-ALLOW = 63488943
23:18:28.976 [main] INFO  com.cloudframe.app.process.Comput1.process  124 - *GB* LK-RLU3A-TOT-DATA-PROMO-ALLOW = 63488943
23:18:28.976 [main] INFO  com.cloudframe.app.process.Comput1.process  126 - *GB* LK-RLU3A-ACCT-PLAN-DATA-ALLOW = 63488943
23:18:28.976 [main] INFO  com.cloudframe.app.process.Comput1.process   76 - ___________________________________
23:18:28.976 [main] INFO  com.cloudframe.app.process.Comput1.process   78 - 582 . WS-OOSU-SHARED-ALLOW = 335945200
23:18:28.976 [main] INFO  com.cloudframe.app.process.Comput1.process   90 - *KB* LK-RLU3A-TOT-DATA-PROMO-ALLOW = 63817014
23:18:28.976 [main] INFO  com.cloudframe.app.process.Comput1.process   92 - *KB* LK-RLU3A-ACCT-PLAN-DATA-ALLOW = 63817014
23:18:28.977 [main] INFO  com.cloudframe.app.process.Comput1.process  108 - *MB* LK-RLU3A-TOT-DATA-PROMO-ALLOW = 63817334
23:18:28.977 [main] INFO  com.cloudframe.app.process.Comput1.process  110 - *MB* LK-RLU3A-ACCT-PLAN-DATA-ALLOW = 63817334
23:18:28.977 [main] INFO  com.cloudframe.app.process.Comput1.process  124 - *GB* LK-RLU3A-TOT-DATA-PROMO-ALLOW = 63817334
23:18:28.977 [main] INFO  com.cloudframe.app.process.Comput1.process  126 - *GB* LK-RLU3A-ACCT-PLAN-DATA-ALLOW = 63817334
23:18:28.977 [main] INFO  com.cloudframe.app.process.Comput1.process   76 - ___________________________________
23:18:28.977 [main] INFO  com.cloudframe.app.process.Comput1.process   78 - 583 . WS-OOSU-SHARED-ALLOW = 337101634
23:18:28.977 [main] INFO  com.cloudframe.app.process.Comput1.process   90 - *KB* LK-RLU3A-TOT-DATA-PROMO-ALLOW = 64146534
23:18:28.977 [main] INFO  com.cloudframe.app.process.Comput1.process   92 - *KB* LK-RLU3A-ACCT-PLAN-DATA-ALLOW = 64146534
23:18:28.977 [main] INFO  com.cloudframe.app.process.Comput1.process  108 - *MB* LK-RLU3A-TOT-DATA-PROMO-ALLOW = 64146855
23:18:28.977 [main] INFO  com.cloudframe.app.process.Comput1.process  110 - *MB* LK-RLU3A-ACCT-PLAN-DATA-ALLOW = 64146855
23:18:28.978 [main] INFO  com.cloudframe.app.process.Comput1.process  124 - *GB* LK-RLU3A-TOT-DATA-PROMO-ALLOW = 64146855
23:18:28.978 [main] INFO  com.cloudframe.app.process.Comput1.process  126 - *GB* LK-RLU3A-ACCT-PLAN-DATA-ALLOW = 64146855
23:18:28.978 [main] INFO  com.cloudframe.app.process.Comput1.process   76 - ___________________________________
23:18:28.978 [main] INFO  com.cloudframe.app.process.Comput1.process   78 - 584 . WS-OOSU-SHARED-ALLOW = 338260055
23:18:28.978 [main] INFO  com.cloudframe.app.process.Comput1.process   90 - *KB* LK-RLU3A-TOT-DATA-PROMO-ALLOW = 64477187
23:18:28.978 [main] INFO  com.cloudframe.app.process.Comput1.process   92 - *KB* LK-RLU3A-ACCT-PLAN-DATA-ALLOW = 64477187
23:18:28.979 [main] INFO  com.cloudframe.app.process.Comput1.process  108 - *MB* LK-RLU3A-TOT-DATA-PROMO-ALLOW = 64477509
23:18:28.979 [main] INFO  com.cloudframe.app.process.Comput1.process  110 - *MB* LK-RLU3A-ACCT-PLAN-DATA-ALLOW = 64477509
23:18:28.979 [main] INFO  com.cloudframe.app.process.Comput1.process  124 - *GB* LK-RLU3A-TOT-DATA-PROMO-ALLOW = 64477509
23:18:28.979 [main] INFO  com.cloudframe.app.process.Comput1.process  126 - *GB* LK-RLU3A-ACCT-PLAN-DATA-ALLOW = 64477509
23:18:28.979 [main] INFO  com.cloudframe.app.process.Comput1.process   76 - ___________________________________
23:18:28.979 [main] INFO  com.cloudframe.app.process.Comput1.process   78 - 585 . WS-OOSU-SHARED-ALLOW = 339420463
23:18:28.979 [main] INFO  com.cloudframe.app.process.Comput1.process   90 - *KB* LK-RLU3A-TOT-DATA-PROMO-ALLOW = 64808974
23:18:28.979 [main] INFO  com.cloudframe.app.process.Comput1.process   92 - *KB* LK-RLU3A-ACCT-PLAN-DATA-ALLOW = 64808974
23:18:28.980 [main] INFO  com.cloudframe.app.process.Comput1.process  108 - *MB* LK-RLU3A-TOT-DATA-PROMO-ALLOW = 64809297
23:18:28.980 [main] INFO  com.cloudframe.app.process.Comput1.process  110 - *MB* LK-RLU3A-ACCT-PLAN-DATA-ALLOW = 64809297
23:18:28.980 [main] INFO  com.cloudframe.app.process.Comput1.process  124 - *GB* LK-RLU3A-TOT-DATA-PROMO-ALLOW = 64809297
23:18:28.980 [main] INFO  com.cloudframe.app.process.Comput1.process  126 - *GB* LK-RLU3A-ACCT-PLAN-DATA-ALLOW = 64809297
23:18:28.980 [main] INFO  com.cloudframe.app.process.Comput1.process   76 - ___________________________________
23:18:28.980 [main] INFO  com.cloudframe.app.process.Comput1.process   78 - 586 . WS-OOSU-SHARED-ALLOW = 340582858
23:18:28.980 [main] INFO  com.cloudframe.app.process.Comput1.process   90 - *KB* LK-RLU3A-TOT-DATA-PROMO-ALLOW = 65141897
23:18:28.980 [main] INFO  com.cloudframe.app.process.Comput1.process   92 - *KB* LK-RLU3A-ACCT-PLAN-DATA-ALLOW = 65141897
23:18:28.980 [main] INFO  com.cloudframe.app.process.Comput1.process  108 - *MB* LK-RLU3A-TOT-DATA-PROMO-ALLOW = 65142221
23:18:28.981 [main] INFO  com.cloudframe.app.process.Comput1.process  110 - *MB* LK-RLU3A-ACCT-PLAN-DATA-ALLOW = 65142221
23:18:28.981 [main] INFO  com.cloudframe.app.process.Comput1.process  124 - *GB* LK-RLU3A-TOT-DATA-PROMO-ALLOW = 65142221
23:18:28.981 [main] INFO  com.cloudframe.app.process.Comput1.process  126 - *GB* LK-RLU3A-ACCT-PLAN-DATA-ALLOW = 65142221
23:18:28.981 [main] INFO  com.cloudframe.app.process.Comput1.process   76 - ___________________________________
23:18:28.981 [main] INFO  com.cloudframe.app.process.Comput1.process   78 - 587 . WS-OOSU-SHARED-ALLOW = 341747240
23:18:28.981 [main] INFO  com.cloudframe.app.process.Comput1.process   90 - *KB* LK-RLU3A-TOT-DATA-PROMO-ALLOW = 65475958
23:18:28.981 [main] INFO  com.cloudframe.app.process.Comput1.process   92 - *KB* LK-RLU3A-ACCT-PLAN-DATA-ALLOW = 65475958
23:18:28.981 [main] INFO  com.cloudframe.app.process.Comput1.process  108 - *MB* LK-RLU3A-TOT-DATA-PROMO-ALLOW = 65476283
23:18:28.981 [main] INFO  com.cloudframe.app.process.Comput1.process  110 - *MB* LK-RLU3A-ACCT-PLAN-DATA-ALLOW = 65476283
23:18:28.982 [main] INFO  com.cloudframe.app.process.Comput1.process  124 - *GB* LK-RLU3A-TOT-DATA-PROMO-ALLOW = 65476283
23:18:28.982 [main] INFO  com.cloudframe.app.process.Comput1.process  126 - *GB* LK-RLU3A-ACCT-PLAN-DATA-ALLOW = 65476283
23:18:28.982 [main] INFO  com.cloudframe.app.process.Comput1.process   76 - ___________________________________
23:18:28.982 [main] INFO  com.cloudframe.app.process.Comput1.process   78 - 588 . WS-OOSU-SHARED-ALLOW = 342913609
23:18:28.982 [main] INFO  com.cloudframe.app.process.Comput1.process   90 - *KB* LK-RLU3A-TOT-DATA-PROMO-ALLOW = 65811159
23:18:28.982 [main] INFO  com.cloudframe.app.process.Comput1.process   92 - *KB* LK-RLU3A-ACCT-PLAN-DATA-ALLOW = 65811159
23:18:28.982 [main] INFO  com.cloudframe.app.process.Comput1.process  108 - *MB* LK-RLU3A-TOT-DATA-PROMO-ALLOW = 65811486
23:18:28.982 [main] INFO  com.cloudframe.app.process.Comput1.process  110 - *MB* LK-RLU3A-ACCT-PLAN-DATA-ALLOW = 65811486
23:18:28.983 [main] INFO  com.cloudframe.app.process.Comput1.process  124 - *GB* LK-RLU3A-TOT-DATA-PROMO-ALLOW = 65811486
23:18:28.983 [main] INFO  com.cloudframe.app.process.Comput1.process  126 - *GB* LK-RLU3A-ACCT-PLAN-DATA-ALLOW = 65811486
23:18:28.983 [main] INFO  com.cloudframe.app.process.Comput1.process   76 - ___________________________________
23:18:28.983 [main] INFO  com.cloudframe.app.process.Comput1.process   78 - 589 . WS-OOSU-SHARED-ALLOW = 344081965
23:18:28.983 [main] INFO  com.cloudframe.app.process.Comput1.process   90 - *KB* LK-RLU3A-TOT-DATA-PROMO-ALLOW = 66147503
23:18:28.983 [main] INFO  com.cloudframe.app.process.Comput1.process   92 - *KB* LK-RLU3A-ACCT-PLAN-DATA-ALLOW = 66147503
23:18:28.983 [main] INFO  com.cloudframe.app.process.Comput1.process  108 - *MB* LK-RLU3A-TOT-DATA-PROMO-ALLOW = 66147831
23:18:28.983 [main] INFO  com.cloudframe.app.process.Comput1.process  110 - *MB* LK-RLU3A-ACCT-PLAN-DATA-ALLOW = 66147831
23:18:28.983 [main] INFO  com.cloudframe.app.process.Comput1.process  124 - *GB* LK-RLU3A-TOT-DATA-PROMO-ALLOW = 66147831
23:18:28.983 [main] INFO  com.cloudframe.app.process.Comput1.process  126 - *GB* LK-RLU3A-ACCT-PLAN-DATA-ALLOW = 66147831
23:18:28.983 [main] INFO  com.cloudframe.app.process.Comput1.process   76 - ___________________________________
23:18:28.984 [main] INFO  com.cloudframe.app.process.Comput1.process   78 - 590 . WS-OOSU-SHARED-ALLOW = 345252308
23:18:28.984 [main] INFO  com.cloudframe.app.process.Comput1.process   90 - *KB* LK-RLU3A-TOT-DATA-PROMO-ALLOW = 66484991
23:18:28.984 [main] INFO  com.cloudframe.app.process.Comput1.process   92 - *KB* LK-RLU3A-ACCT-PLAN-DATA-ALLOW = 66484991
23:18:28.984 [main] INFO  com.cloudframe.app.process.Comput1.process  108 - *MB* LK-RLU3A-TOT-DATA-PROMO-ALLOW = 66485320
23:18:28.984 [main] INFO  com.cloudframe.app.process.Comput1.process  110 - *MB* LK-RLU3A-ACCT-PLAN-DATA-ALLOW = 66485320
23:18:28.984 [main] INFO  com.cloudframe.app.process.Comput1.process  124 - *GB* LK-RLU3A-TOT-DATA-PROMO-ALLOW = 66485320
23:18:28.984 [main] INFO  com.cloudframe.app.process.Comput1.process  126 - *GB* LK-RLU3A-ACCT-PLAN-DATA-ALLOW = 66485320
23:18:28.984 [main] INFO  com.cloudframe.app.process.Comput1.process   76 - ___________________________________
23:18:28.984 [main] INFO  com.cloudframe.app.process.Comput1.process   78 - 591 . WS-OOSU-SHARED-ALLOW = 346424638
23:18:28.984 [main] INFO  com.cloudframe.app.process.Comput1.process   90 - *KB* LK-RLU3A-TOT-DATA-PROMO-ALLOW = 66823625
23:18:28.984 [main] INFO  com.cloudframe.app.process.Comput1.process   92 - *KB* LK-RLU3A-ACCT-PLAN-DATA-ALLOW = 66823625
23:18:28.985 [main] INFO  com.cloudframe.app.process.Comput1.process  108 - *MB* LK-RLU3A-TOT-DATA-PROMO-ALLOW = 66823955
23:18:28.985 [main] INFO  com.cloudframe.app.process.Comput1.process  110 - *MB* LK-RLU3A-ACCT-PLAN-DATA-ALLOW = 66823955
23:18:28.985 [main] INFO  com.cloudframe.app.process.Comput1.process  124 - *GB* LK-RLU3A-TOT-DATA-PROMO-ALLOW = 66823955
23:18:28.985 [main] INFO  com.cloudframe.app.process.Comput1.process  126 - *GB* LK-RLU3A-ACCT-PLAN-DATA-ALLOW = 66823955
23:18:28.985 [main] INFO  com.cloudframe.app.process.Comput1.process   76 - ___________________________________
23:18:28.985 [main] INFO  com.cloudframe.app.process.Comput1.process   78 - 592 . WS-OOSU-SHARED-ALLOW = 347598955
23:18:28.985 [main] INFO  com.cloudframe.app.process.Comput1.process   90 - *KB* LK-RLU3A-TOT-DATA-PROMO-ALLOW = 67163407
23:18:28.985 [main] INFO  com.cloudframe.app.process.Comput1.process   92 - *KB* LK-RLU3A-ACCT-PLAN-DATA-ALLOW = 67163407
23:18:28.985 [main] INFO  com.cloudframe.app.process.Comput1.process  108 - *MB* LK-RLU3A-TOT-DATA-PROMO-ALLOW = 67163738
23:18:28.986 [main] INFO  com.cloudframe.app.process.Comput1.process  110 - *MB* LK-RLU3A-ACCT-PLAN-DATA-ALLOW = 67163738
23:18:28.986 [main] INFO  com.cloudframe.app.process.Comput1.process  124 - *GB* LK-RLU3A-TOT-DATA-PROMO-ALLOW = 67163738
23:18:28.986 [main] INFO  com.cloudframe.app.process.Comput1.process  126 - *GB* LK-RLU3A-ACCT-PLAN-DATA-ALLOW = 67163738
23:18:28.986 [main] INFO  com.cloudframe.app.process.Comput1.process   76 - ___________________________________
23:18:28.986 [main] INFO  com.cloudframe.app.process.Comput1.process   78 - 593 . WS-OOSU-SHARED-ALLOW = 348775259
23:18:28.986 [main] INFO  com.cloudframe.app.process.Comput1.process   90 - *KB* LK-RLU3A-TOT-DATA-PROMO-ALLOW = 67504338
23:18:28.986 [main] INFO  com.cloudframe.app.process.Comput1.process   92 - *KB* LK-RLU3A-ACCT-PLAN-DATA-ALLOW = 67504338
23:18:28.986 [main] INFO  com.cloudframe.app.process.Comput1.process  108 - *MB* LK-RLU3A-TOT-DATA-PROMO-ALLOW = 67504670
23:18:28.987 [main] INFO  com.cloudframe.app.process.Comput1.process  110 - *MB* LK-RLU3A-ACCT-PLAN-DATA-ALLOW = 67504670
23:18:28.987 [main] INFO  com.cloudframe.app.process.Comput1.process  124 - *GB* LK-RLU3A-TOT-DATA-PROMO-ALLOW = 67504670
23:18:28.987 [main] INFO  com.cloudframe.app.process.Comput1.process  126 - *GB* LK-RLU3A-ACCT-PLAN-DATA-ALLOW = 67504670
23:18:28.987 [main] INFO  com.cloudframe.app.process.Comput1.process   76 - ___________________________________
23:18:28.987 [main] INFO  com.cloudframe.app.process.Comput1.process   78 - 594 . WS-OOSU-SHARED-ALLOW = 349953550
23:18:28.987 [main] INFO  com.cloudframe.app.process.Comput1.process   90 - *KB* LK-RLU3A-TOT-DATA-PROMO-ALLOW = 67846421
23:18:28.987 [main] INFO  com.cloudframe.app.process.Comput1.process   92 - *KB* LK-RLU3A-ACCT-PLAN-DATA-ALLOW = 67846421
23:18:28.987 [main] INFO  com.cloudframe.app.process.Comput1.process  108 - *MB* LK-RLU3A-TOT-DATA-PROMO-ALLOW = 67846754
23:18:28.987 [main] INFO  com.cloudframe.app.process.Comput1.process  110 - *MB* LK-RLU3A-ACCT-PLAN-DATA-ALLOW = 67846754
23:18:28.987 [main] INFO  com.cloudframe.app.process.Comput1.process  124 - *GB* LK-RLU3A-TOT-DATA-PROMO-ALLOW = 67846754
23:18:28.987 [main] INFO  com.cloudframe.app.process.Comput1.process  126 - *GB* LK-RLU3A-ACCT-PLAN-DATA-ALLOW = 67846754
23:18:28.988 [main] INFO  com.cloudframe.app.process.Comput1.process   76 - ___________________________________
23:18:28.988 [main] INFO  com.cloudframe.app.process.Comput1.process   78 - 595 . WS-OOSU-SHARED-ALLOW = 351133828
23:18:28.988 [main] INFO  com.cloudframe.app.process.Comput1.process   90 - *KB* LK-RLU3A-TOT-DATA-PROMO-ALLOW = 68189658
23:18:28.988 [main] INFO  com.cloudframe.app.process.Comput1.process   92 - *KB* LK-RLU3A-ACCT-PLAN-DATA-ALLOW = 68189658
23:18:28.988 [main] INFO  com.cloudframe.app.process.Comput1.process  108 - *MB* LK-RLU3A-TOT-DATA-PROMO-ALLOW = 68189992
23:18:28.988 [main] INFO  com.cloudframe.app.process.Comput1.process  110 - *MB* LK-RLU3A-ACCT-PLAN-DATA-ALLOW = 68189992
23:18:28.988 [main] INFO  com.cloudframe.app.process.Comput1.process  124 - *GB* LK-RLU3A-TOT-DATA-PROMO-ALLOW = 68189992
23:18:28.988 [main] INFO  com.cloudframe.app.process.Comput1.process  126 - *GB* LK-RLU3A-ACCT-PLAN-DATA-ALLOW = 68189992
23:18:28.988 [main] INFO  com.cloudframe.app.process.Comput1.process   76 - ___________________________________
23:18:28.988 [main] INFO  com.cloudframe.app.process.Comput1.process   78 - 596 . WS-OOSU-SHARED-ALLOW = 352316093
23:18:28.989 [main] INFO  com.cloudframe.app.process.Comput1.process   90 - *KB* LK-RLU3A-TOT-DATA-PROMO-ALLOW = 68534050
23:18:28.989 [main] INFO  com.cloudframe.app.process.Comput1.process   92 - *KB* LK-RLU3A-ACCT-PLAN-DATA-ALLOW = 68534050
23:18:28.989 [main] INFO  com.cloudframe.app.process.Comput1.process  108 - *MB* LK-RLU3A-TOT-DATA-PROMO-ALLOW = 68534385
23:18:28.989 [main] INFO  com.cloudframe.app.process.Comput1.process  110 - *MB* LK-RLU3A-ACCT-PLAN-DATA-ALLOW = 68534385
23:18:28.989 [main] INFO  com.cloudframe.app.process.Comput1.process  124 - *GB* LK-RLU3A-TOT-DATA-PROMO-ALLOW = 68534385
23:18:28.989 [main] INFO  com.cloudframe.app.process.Comput1.process  126 - *GB* LK-RLU3A-ACCT-PLAN-DATA-ALLOW = 68534385
23:18:28.989 [main] INFO  com.cloudframe.app.process.Comput1.process   76 - ___________________________________
23:18:28.989 [main] INFO  com.cloudframe.app.process.Comput1.process   78 - 597 . WS-OOSU-SHARED-ALLOW = 353500345
23:18:28.989 [main] INFO  com.cloudframe.app.process.Comput1.process   90 - *KB* LK-RLU3A-TOT-DATA-PROMO-ALLOW = 68879600
23:18:28.989 [main] INFO  com.cloudframe.app.process.Comput1.process   92 - *KB* LK-RLU3A-ACCT-PLAN-DATA-ALLOW = 68879600
23:18:28.990 [main] INFO  com.cloudframe.app.process.Comput1.process  108 - *MB* LK-RLU3A-TOT-DATA-PROMO-ALLOW = 68879937
23:18:28.990 [main] INFO  com.cloudframe.app.process.Comput1.process  110 - *MB* LK-RLU3A-ACCT-PLAN-DATA-ALLOW = 68879937
23:18:28.990 [main] INFO  com.cloudframe.app.process.Comput1.process  124 - *GB* LK-RLU3A-TOT-DATA-PROMO-ALLOW = 68879937
23:18:28.990 [main] INFO  com.cloudframe.app.process.Comput1.process  126 - *GB* LK-RLU3A-ACCT-PLAN-DATA-ALLOW = 68879937
23:18:28.990 [main] INFO  com.cloudframe.app.process.Comput1.process   76 - ___________________________________
23:18:28.990 [main] INFO  com.cloudframe.app.process.Comput1.process   78 - 598 . WS-OOSU-SHARED-ALLOW = 354686584
23:18:28.990 [main] INFO  com.cloudframe.app.process.Comput1.process   90 - *KB* LK-RLU3A-TOT-DATA-PROMO-ALLOW = 69226310
23:18:28.990 [main] INFO  com.cloudframe.app.process.Comput1.process   92 - *KB* LK-RLU3A-ACCT-PLAN-DATA-ALLOW = 69226310
23:18:28.990 [main] INFO  com.cloudframe.app.process.Comput1.process  108 - *MB* LK-RLU3A-TOT-DATA-PROMO-ALLOW = 69226648
23:18:28.991 [main] INFO  com.cloudframe.app.process.Comput1.process  110 - *MB* LK-RLU3A-ACCT-PLAN-DATA-ALLOW = 69226648
23:18:28.991 [main] INFO  com.cloudframe.app.process.Comput1.process  124 - *GB* LK-RLU3A-TOT-DATA-PROMO-ALLOW = 69226648
23:18:28.991 [main] INFO  com.cloudframe.app.process.Comput1.process  126 - *GB* LK-RLU3A-ACCT-PLAN-DATA-ALLOW = 69226648
23:18:28.991 [main] INFO  com.cloudframe.app.process.Comput1.process   76 - ___________________________________
23:18:28.991 [main] INFO  com.cloudframe.app.process.Comput1.process   78 - 599 . WS-OOSU-SHARED-ALLOW = 355874810
23:18:28.991 [main] INFO  com.cloudframe.app.process.Comput1.process   90 - *KB* LK-RLU3A-TOT-DATA-PROMO-ALLOW = 69574181
23:18:28.991 [main] INFO  com.cloudframe.app.process.Comput1.process   92 - *KB* LK-RLU3A-ACCT-PLAN-DATA-ALLOW = 69574181
23:18:28.991 [main] INFO  com.cloudframe.app.process.Comput1.process  108 - *MB* LK-RLU3A-TOT-DATA-PROMO-ALLOW = 69574520
23:18:28.991 [main] INFO  com.cloudframe.app.process.Comput1.process  110 - *MB* LK-RLU3A-ACCT-PLAN-DATA-ALLOW = 69574520
23:18:28.991 [main] INFO  com.cloudframe.app.process.Comput1.process  124 - *GB* LK-RLU3A-TOT-DATA-PROMO-ALLOW = 69574520
23:18:28.991 [main] INFO  com.cloudframe.app.process.Comput1.process  126 - *GB* LK-RLU3A-ACCT-PLAN-DATA-ALLOW = 69574520
23:18:28.992 [main] INFO  com.cloudframe.app.process.Comput1.process   76 - ___________________________________
23:18:28.992 [main] INFO  com.cloudframe.app.process.Comput1.process   78 - 600 . WS-OOSU-SHARED-ALLOW = 357065023
23:18:28.992 [main] INFO  com.cloudframe.app.process.Comput1.process   90 - *KB* LK-RLU3A-TOT-DATA-PROMO-ALLOW = 69923216
23:18:28.992 [main] INFO  com.cloudframe.app.process.Comput1.process   92 - *KB* LK-RLU3A-ACCT-PLAN-DATA-ALLOW = 69923216
23:18:28.992 [main] INFO  com.cloudframe.app.process.Comput1.process  108 - *MB* LK-RLU3A-TOT-DATA-PROMO-ALLOW = 69923556
23:18:28.992 [main] INFO  com.cloudframe.app.process.Comput1.process  110 - *MB* LK-RLU3A-ACCT-PLAN-DATA-ALLOW = 69923556
23:18:28.992 [main] INFO  com.cloudframe.app.process.Comput1.process  124 - *GB* LK-RLU3A-TOT-DATA-PROMO-ALLOW = 69923556
23:18:28.992 [main] INFO  com.cloudframe.app.process.Comput1.process  126 - *GB* LK-RLU3A-ACCT-PLAN-DATA-ALLOW = 69923556
23:18:28.992 [main] INFO  com.cloudframe.app.process.Comput1.process   76 - ___________________________________
23:18:28.992 [main] INFO  com.cloudframe.app.process.Comput1.process   78 - 601 . WS-OOSU-SHARED-ALLOW = 358257223
23:18:28.993 [main] INFO  com.cloudframe.app.process.Comput1.process   90 - *KB* LK-RLU3A-TOT-DATA-PROMO-ALLOW = 70273416
23:18:28.993 [main] INFO  com.cloudframe.app.process.Comput1.process   92 - *KB* LK-RLU3A-ACCT-PLAN-DATA-ALLOW = 70273416
23:18:28.993 [main] INFO  com.cloudframe.app.process.Comput1.process  108 - *MB* LK-RLU3A-TOT-DATA-PROMO-ALLOW = 70273757
23:18:28.993 [main] INFO  com.cloudframe.app.process.Comput1.process  110 - *MB* LK-RLU3A-ACCT-PLAN-DATA-ALLOW = 70273757
23:18:28.993 [main] INFO  com.cloudframe.app.process.Comput1.process  124 - *GB* LK-RLU3A-TOT-DATA-PROMO-ALLOW = 70273757
23:18:28.993 [main] INFO  com.cloudframe.app.process.Comput1.process  126 - *GB* LK-RLU3A-ACCT-PLAN-DATA-ALLOW = 70273757
23:18:28.993 [main] INFO  com.cloudframe.app.process.Comput1.process   76 - ___________________________________
23:18:28.993 [main] INFO  com.cloudframe.app.process.Comput1.process   78 - 602 . WS-OOSU-SHARED-ALLOW = 359451410
23:18:28.993 [main] INFO  com.cloudframe.app.process.Comput1.process   90 - *KB* LK-RLU3A-TOT-DATA-PROMO-ALLOW = 70624783
23:18:28.994 [main] INFO  com.cloudframe.app.process.Comput1.process   92 - *KB* LK-RLU3A-ACCT-PLAN-DATA-ALLOW = 70624783
23:18:28.994 [main] INFO  com.cloudframe.app.process.Comput1.process  108 - *MB* LK-RLU3A-TOT-DATA-PROMO-ALLOW = 70625125
23:18:28.994 [main] INFO  com.cloudframe.app.process.Comput1.process  110 - *MB* LK-RLU3A-ACCT-PLAN-DATA-ALLOW = 70625125
23:18:28.994 [main] INFO  com.cloudframe.app.process.Comput1.process  124 - *GB* LK-RLU3A-TOT-DATA-PROMO-ALLOW = 70625125
23:18:28.994 [main] INFO  com.cloudframe.app.process.Comput1.process  126 - *GB* LK-RLU3A-ACCT-PLAN-DATA-ALLOW = 70625125
23:18:28.994 [main] INFO  com.cloudframe.app.process.Comput1.process   76 - ___________________________________
23:18:28.994 [main] INFO  com.cloudframe.app.process.Comput1.process   78 - 603 . WS-OOSU-SHARED-ALLOW = 360647584
23:18:28.994 [main] INFO  com.cloudframe.app.process.Comput1.process   90 - *KB* LK-RLU3A-TOT-DATA-PROMO-ALLOW = 70977319
23:18:28.994 [main] INFO  com.cloudframe.app.process.Comput1.process   92 - *KB* LK-RLU3A-ACCT-PLAN-DATA-ALLOW = 70977319
23:18:28.994 [main] INFO  com.cloudframe.app.process.Comput1.process  108 - *MB* LK-RLU3A-TOT-DATA-PROMO-ALLOW = 70977662
23:18:28.994 [main] INFO  com.cloudframe.app.process.Comput1.process  110 - *MB* LK-RLU3A-ACCT-PLAN-DATA-ALLOW = 70977662
23:18:28.995 [main] INFO  com.cloudframe.app.process.Comput1.process  124 - *GB* LK-RLU3A-TOT-DATA-PROMO-ALLOW = 70977662
23:18:28.995 [main] INFO  com.cloudframe.app.process.Comput1.process  126 - *GB* LK-RLU3A-ACCT-PLAN-DATA-ALLOW = 70977662
23:18:28.995 [main] INFO  com.cloudframe.app.process.Comput1.process   76 - ___________________________________
23:18:28.995 [main] INFO  com.cloudframe.app.process.Comput1.process   78 - 604 . WS-OOSU-SHARED-ALLOW = 361845745
23:18:28.995 [main] INFO  com.cloudframe.app.process.Comput1.process   90 - *KB* LK-RLU3A-TOT-DATA-PROMO-ALLOW = 71331026
23:18:28.995 [main] INFO  com.cloudframe.app.process.Comput1.process   92 - *KB* LK-RLU3A-ACCT-PLAN-DATA-ALLOW = 71331026
23:18:28.995 [main] INFO  com.cloudframe.app.process.Comput1.process  108 - *MB* LK-RLU3A-TOT-DATA-PROMO-ALLOW = 71331371
23:18:28.995 [main] INFO  com.cloudframe.app.process.Comput1.process  110 - *MB* LK-RLU3A-ACCT-PLAN-DATA-ALLOW = 71331371
23:18:28.995 [main] INFO  com.cloudframe.app.process.Comput1.process  124 - *GB* LK-RLU3A-TOT-DATA-PROMO-ALLOW = 71331371
23:18:28.995 [main] INFO  com.cloudframe.app.process.Comput1.process  126 - *GB* LK-RLU3A-ACCT-PLAN-DATA-ALLOW = 71331371
23:18:28.996 [main] INFO  com.cloudframe.app.process.Comput1.process   76 - ___________________________________
23:18:28.996 [main] INFO  com.cloudframe.app.process.Comput1.process   78 - 605 . WS-OOSU-SHARED-ALLOW = 363045893
23:18:28.996 [main] INFO  com.cloudframe.app.process.Comput1.process   90 - *KB* LK-RLU3A-TOT-DATA-PROMO-ALLOW = 71685908
23:18:28.996 [main] INFO  com.cloudframe.app.process.Comput1.process   92 - *KB* LK-RLU3A-ACCT-PLAN-DATA-ALLOW = 71685908
23:18:28.996 [main] INFO  com.cloudframe.app.process.Comput1.process  108 - *MB* LK-RLU3A-TOT-DATA-PROMO-ALLOW = 71686254
23:18:28.996 [main] INFO  com.cloudframe.app.process.Comput1.process  110 - *MB* LK-RLU3A-ACCT-PLAN-DATA-ALLOW = 71686254
23:18:28.996 [main] INFO  com.cloudframe.app.process.Comput1.process  124 - *GB* LK-RLU3A-TOT-DATA-PROMO-ALLOW = 71686254
23:18:28.996 [main] INFO  com.cloudframe.app.process.Comput1.process  126 - *GB* LK-RLU3A-ACCT-PLAN-DATA-ALLOW = 71686254
23:18:28.996 [main] INFO  com.cloudframe.app.process.Comput1.process   76 - ___________________________________
23:18:28.996 [main] INFO  com.cloudframe.app.process.Comput1.process   78 - 606 . WS-OOSU-SHARED-ALLOW = 364248028
23:18:28.997 [main] INFO  com.cloudframe.app.process.Comput1.process   90 - *KB* LK-RLU3A-TOT-DATA-PROMO-ALLOW = 72041964
23:18:28.997 [main] INFO  com.cloudframe.app.process.Comput1.process   92 - *KB* LK-RLU3A-ACCT-PLAN-DATA-ALLOW = 72041964
23:18:28.997 [main] INFO  com.cloudframe.app.process.Comput1.process  108 - *MB* LK-RLU3A-TOT-DATA-PROMO-ALLOW = 72042311
23:18:28.997 [main] INFO  com.cloudframe.app.process.Comput1.process  110 - *MB* LK-RLU3A-ACCT-PLAN-DATA-ALLOW = 72042311
23:18:28.997 [main] INFO  com.cloudframe.app.process.Comput1.process  124 - *GB* LK-RLU3A-TOT-DATA-PROMO-ALLOW = 72042311
23:18:28.997 [main] INFO  com.cloudframe.app.process.Comput1.process  126 - *GB* LK-RLU3A-ACCT-PLAN-DATA-ALLOW = 72042311
23:18:28.997 [main] INFO  com.cloudframe.app.process.Comput1.process   76 - ___________________________________
23:18:28.997 [main] INFO  com.cloudframe.app.process.Comput1.process   78 - 607 . WS-OOSU-SHARED-ALLOW = 365452150
23:18:28.997 [main] INFO  com.cloudframe.app.process.Comput1.process   90 - *KB* LK-RLU3A-TOT-DATA-PROMO-ALLOW = 72399197
23:18:28.997 [main] INFO  com.cloudframe.app.process.Comput1.process   92 - *KB* LK-RLU3A-ACCT-PLAN-DATA-ALLOW = 72399197
23:18:28.997 [main] INFO  com.cloudframe.app.process.Comput1.process  108 - *MB* LK-RLU3A-TOT-DATA-PROMO-ALLOW = 72399545
23:18:28.998 [main] INFO  com.cloudframe.app.process.Comput1.process  110 - *MB* LK-RLU3A-ACCT-PLAN-DATA-ALLOW = 72399545
23:18:28.998 [main] INFO  com.cloudframe.app.process.Comput1.process  124 - *GB* LK-RLU3A-TOT-DATA-PROMO-ALLOW = 72399545
23:18:28.998 [main] INFO  com.cloudframe.app.process.Comput1.process  126 - *GB* LK-RLU3A-ACCT-PLAN-DATA-ALLOW = 72399545
23:18:28.998 [main] INFO  com.cloudframe.app.process.Comput1.process   76 - ___________________________________
23:18:28.998 [main] INFO  com.cloudframe.app.process.Comput1.process   78 - 608 . WS-OOSU-SHARED-ALLOW = 366658259
23:18:28.998 [main] INFO  com.cloudframe.app.process.Comput1.process   90 - *KB* LK-RLU3A-TOT-DATA-PROMO-ALLOW = 72757609
23:18:28.998 [main] INFO  com.cloudframe.app.process.Comput1.process   92 - *KB* LK-RLU3A-ACCT-PLAN-DATA-ALLOW = 72757609
23:18:28.998 [main] INFO  com.cloudframe.app.process.Comput1.process  108 - *MB* LK-RLU3A-TOT-DATA-PROMO-ALLOW = 72757958
23:18:28.998 [main] INFO  com.cloudframe.app.process.Comput1.process  110 - *MB* LK-RLU3A-ACCT-PLAN-DATA-ALLOW = 72757958
23:18:28.998 [main] INFO  com.cloudframe.app.process.Comput1.process  124 - *GB* LK-RLU3A-TOT-DATA-PROMO-ALLOW = 72757958
23:18:28.999 [main] INFO  com.cloudframe.app.process.Comput1.process  126 - *GB* LK-RLU3A-ACCT-PLAN-DATA-ALLOW = 72757958
23:18:28.999 [main] INFO  com.cloudframe.app.process.Comput1.process   76 - ___________________________________
23:18:28.999 [main] INFO  com.cloudframe.app.process.Comput1.process   78 - 609 . WS-OOSU-SHARED-ALLOW = 367866355
23:18:28.999 [main] INFO  com.cloudframe.app.process.Comput1.process   90 - *KB* LK-RLU3A-TOT-DATA-PROMO-ALLOW = 73117202
23:18:28.999 [main] INFO  com.cloudframe.app.process.Comput1.process   92 - *KB* LK-RLU3A-ACCT-PLAN-DATA-ALLOW = 73117202
23:18:28.999 [main] INFO  com.cloudframe.app.process.Comput1.process  108 - *MB* LK-RLU3A-TOT-DATA-PROMO-ALLOW = 73117552
23:18:28.999 [main] INFO  com.cloudframe.app.process.Comput1.process  110 - *MB* LK-RLU3A-ACCT-PLAN-DATA-ALLOW = 73117552
23:18:28.999 [main] INFO  com.cloudframe.app.process.Comput1.process  124 - *GB* LK-RLU3A-TOT-DATA-PROMO-ALLOW = 73117552
23:18:28.999 [main] INFO  com.cloudframe.app.process.Comput1.process  126 - *GB* LK-RLU3A-ACCT-PLAN-DATA-ALLOW = 73117552
23:18:28.999 [main] INFO  com.cloudframe.app.process.Comput1.process   76 - ___________________________________
23:18:28.999 [main] INFO  com.cloudframe.app.process.Comput1.process   78 - 610 . WS-OOSU-SHARED-ALLOW = 369076438
23:18:29.000 [main] INFO  com.cloudframe.app.process.Comput1.process   90 - *KB* LK-RLU3A-TOT-DATA-PROMO-ALLOW = 73477978
23:18:29.000 [main] INFO  com.cloudframe.app.process.Comput1.process   92 - *KB* LK-RLU3A-ACCT-PLAN-DATA-ALLOW = 73477978
23:18:29.000 [main] INFO  com.cloudframe.app.process.Comput1.process  108 - *MB* LK-RLU3A-TOT-DATA-PROMO-ALLOW = 73478329
23:18:29.000 [main] INFO  com.cloudframe.app.process.Comput1.process  110 - *MB* LK-RLU3A-ACCT-PLAN-DATA-ALLOW = 73478329
23:18:29.000 [main] INFO  com.cloudframe.app.process.Comput1.process  124 - *GB* LK-RLU3A-TOT-DATA-PROMO-ALLOW = 73478329
23:18:29.000 [main] INFO  com.cloudframe.app.process.Comput1.process  126 - *GB* LK-RLU3A-ACCT-PLAN-DATA-ALLOW = 73478329
23:18:29.000 [main] INFO  com.cloudframe.app.process.Comput1.process   76 - ___________________________________
23:18:29.000 [main] INFO  com.cloudframe.app.process.Comput1.process   78 - 611 . WS-OOSU-SHARED-ALLOW = 370288508
23:18:29.000 [main] INFO  com.cloudframe.app.process.Comput1.process   90 - *KB* LK-RLU3A-TOT-DATA-PROMO-ALLOW = 73839938
23:18:29.001 [main] INFO  com.cloudframe.app.process.Comput1.process   92 - *KB* LK-RLU3A-ACCT-PLAN-DATA-ALLOW = 73839938
23:18:29.001 [main] INFO  com.cloudframe.app.process.Comput1.process  108 - *MB* LK-RLU3A-TOT-DATA-PROMO-ALLOW = 73840291
23:18:29.001 [main] INFO  com.cloudframe.app.process.Comput1.process  110 - *MB* LK-RLU3A-ACCT-PLAN-DATA-ALLOW = 73840291
23:18:29.001 [main] INFO  com.cloudframe.app.process.Comput1.process  124 - *GB* LK-RLU3A-TOT-DATA-PROMO-ALLOW = 73840291
23:18:29.001 [main] INFO  com.cloudframe.app.process.Comput1.process  126 - *GB* LK-RLU3A-ACCT-PLAN-DATA-ALLOW = 73840291
23:18:29.001 [main] INFO  com.cloudframe.app.process.Comput1.process   76 - ___________________________________
23:18:29.001 [main] INFO  com.cloudframe.app.process.Comput1.process   78 - 612 . WS-OOSU-SHARED-ALLOW = 371502565
23:18:29.001 [main] INFO  com.cloudframe.app.process.Comput1.process   90 - *KB* LK-RLU3A-TOT-DATA-PROMO-ALLOW = 74203086
23:18:29.001 [main] INFO  com.cloudframe.app.process.Comput1.process   92 - *KB* LK-RLU3A-ACCT-PLAN-DATA-ALLOW = 74203086
23:18:29.001 [main] INFO  com.cloudframe.app.process.Comput1.process  108 - *MB* LK-RLU3A-TOT-DATA-PROMO-ALLOW = 74203440
23:18:29.002 [main] INFO  com.cloudframe.app.process.Comput1.process  110 - *MB* LK-RLU3A-ACCT-PLAN-DATA-ALLOW = 74203440
23:18:29.002 [main] INFO  com.cloudframe.app.process.Comput1.process  124 - *GB* LK-RLU3A-TOT-DATA-PROMO-ALLOW = 74203440
23:18:29.002 [main] INFO  com.cloudframe.app.process.Comput1.process  126 - *GB* LK-RLU3A-ACCT-PLAN-DATA-ALLOW = 74203440
23:18:29.002 [main] INFO  com.cloudframe.app.process.Comput1.process   76 - ___________________________________
23:18:29.002 [main] INFO  com.cloudframe.app.process.Comput1.process   78 - 613 . WS-OOSU-SHARED-ALLOW = 372718609
23:18:29.002 [main] INFO  com.cloudframe.app.process.Comput1.process   90 - *KB* LK-RLU3A-TOT-DATA-PROMO-ALLOW = 74567423
23:18:29.002 [main] INFO  com.cloudframe.app.process.Comput1.process   92 - *KB* LK-RLU3A-ACCT-PLAN-DATA-ALLOW = 74567423
23:18:29.002 [main] INFO  com.cloudframe.app.process.Comput1.process  108 - *MB* LK-RLU3A-TOT-DATA-PROMO-ALLOW = 74567778
23:18:29.002 [main] INFO  com.cloudframe.app.process.Comput1.process  110 - *MB* LK-RLU3A-ACCT-PLAN-DATA-ALLOW = 74567778
23:18:29.002 [main] INFO  com.cloudframe.app.process.Comput1.process  124 - *GB* LK-RLU3A-TOT-DATA-PROMO-ALLOW = 74567778
23:18:29.002 [main] INFO  com.cloudframe.app.process.Comput1.process  126 - *GB* LK-RLU3A-ACCT-PLAN-DATA-ALLOW = 74567778
23:18:29.003 [main] INFO  com.cloudframe.app.process.Comput1.process   76 - ___________________________________
23:18:29.003 [main] INFO  com.cloudframe.app.process.Comput1.process   78 - 614 . WS-OOSU-SHARED-ALLOW = 373936640
23:18:29.003 [main] INFO  com.cloudframe.app.process.Comput1.process   90 - *KB* LK-RLU3A-TOT-DATA-PROMO-ALLOW = 74932950
23:18:29.003 [main] INFO  com.cloudframe.app.process.Comput1.process   92 - *KB* LK-RLU3A-ACCT-PLAN-DATA-ALLOW = 74932950
23:18:29.003 [main] INFO  com.cloudframe.app.process.Comput1.process  108 - *MB* LK-RLU3A-TOT-DATA-PROMO-ALLOW = 74933306
23:18:29.003 [main] INFO  com.cloudframe.app.process.Comput1.process  110 - *MB* LK-RLU3A-ACCT-PLAN-DATA-ALLOW = 74933306
23:18:29.003 [main] INFO  com.cloudframe.app.process.Comput1.process  124 - *GB* LK-RLU3A-TOT-DATA-PROMO-ALLOW = 74933306
23:18:29.003 [main] INFO  com.cloudframe.app.process.Comput1.process  126 - *GB* LK-RLU3A-ACCT-PLAN-DATA-ALLOW = 74933306
23:18:29.003 [main] INFO  com.cloudframe.app.process.Comput1.process   76 - ___________________________________
23:18:29.003 [main] INFO  com.cloudframe.app.process.Comput1.process   78 - 615 . WS-OOSU-SHARED-ALLOW = 375156658
23:18:29.004 [main] INFO  com.cloudframe.app.process.Comput1.process   90 - *KB* LK-RLU3A-TOT-DATA-PROMO-ALLOW = 75299669
23:18:29.004 [main] INFO  com.cloudframe.app.process.Comput1.process   92 - *KB* LK-RLU3A-ACCT-PLAN-DATA-ALLOW = 75299669
23:18:29.004 [main] INFO  com.cloudframe.app.process.Comput1.process  108 - *MB* LK-RLU3A-TOT-DATA-PROMO-ALLOW = 75300026
23:18:29.004 [main] INFO  com.cloudframe.app.process.Comput1.process  110 - *MB* LK-RLU3A-ACCT-PLAN-DATA-ALLOW = 75300026
23:18:29.004 [main] INFO  com.cloudframe.app.process.Comput1.process  124 - *GB* LK-RLU3A-TOT-DATA-PROMO-ALLOW = 75300026
23:18:29.004 [main] INFO  com.cloudframe.app.process.Comput1.process  126 - *GB* LK-RLU3A-ACCT-PLAN-DATA-ALLOW = 75300026
23:18:29.004 [main] INFO  com.cloudframe.app.process.Comput1.process   76 - ___________________________________
23:18:29.004 [main] INFO  com.cloudframe.app.process.Comput1.process   78 - 616 . WS-OOSU-SHARED-ALLOW = 376378663
23:18:29.004 [main] INFO  com.cloudframe.app.process.Comput1.process   90 - *KB* LK-RLU3A-TOT-DATA-PROMO-ALLOW = 75667583
23:18:29.004 [main] INFO  com.cloudframe.app.process.Comput1.process   92 - *KB* LK-RLU3A-ACCT-PLAN-DATA-ALLOW = 75667583
23:18:29.005 [main] INFO  com.cloudframe.app.process.Comput1.process  108 - *MB* LK-RLU3A-TOT-DATA-PROMO-ALLOW = 75667941
23:18:29.005 [main] INFO  com.cloudframe.app.process.Comput1.process  110 - *MB* LK-RLU3A-ACCT-PLAN-DATA-ALLOW = 75667941
23:18:29.005 [main] INFO  com.cloudframe.app.process.Comput1.process  124 - *GB* LK-RLU3A-TOT-DATA-PROMO-ALLOW = 75667941
23:18:29.005 [main] INFO  com.cloudframe.app.process.Comput1.process  126 - *GB* LK-RLU3A-ACCT-PLAN-DATA-ALLOW = 75667941
23:18:29.005 [main] INFO  com.cloudframe.app.process.Comput1.process   76 - ___________________________________
23:18:29.005 [main] INFO  com.cloudframe.app.process.Comput1.process   78 - 617 . WS-OOSU-SHARED-ALLOW = 377602655
23:18:29.005 [main] INFO  com.cloudframe.app.process.Comput1.process   90 - *KB* LK-RLU3A-TOT-DATA-PROMO-ALLOW = 76036693
23:18:29.005 [main] INFO  com.cloudframe.app.process.Comput1.process   92 - *KB* LK-RLU3A-ACCT-PLAN-DATA-ALLOW = 76036693
23:18:29.005 [main] INFO  com.cloudframe.app.process.Comput1.process  108 - *MB* LK-RLU3A-TOT-DATA-PROMO-ALLOW = 76037053
23:18:29.005 [main] INFO  com.cloudframe.app.process.Comput1.process  110 - *MB* LK-RLU3A-ACCT-PLAN-DATA-ALLOW = 76037053
23:18:29.005 [main] INFO  com.cloudframe.app.process.Comput1.process  124 - *GB* LK-RLU3A-TOT-DATA-PROMO-ALLOW = 76037053
23:18:29.006 [main] INFO  com.cloudframe.app.process.Comput1.process  126 - *GB* LK-RLU3A-ACCT-PLAN-DATA-ALLOW = 76037053
23:18:29.006 [main] INFO  com.cloudframe.app.process.Comput1.process   76 - ___________________________________
23:18:29.006 [main] INFO  com.cloudframe.app.process.Comput1.process   78 - 618 . WS-OOSU-SHARED-ALLOW = 378828634
23:18:29.006 [main] INFO  com.cloudframe.app.process.Comput1.process   90 - *KB* LK-RLU3A-TOT-DATA-PROMO-ALLOW = 76407002
23:18:29.006 [main] INFO  com.cloudframe.app.process.Comput1.process   92 - *KB* LK-RLU3A-ACCT-PLAN-DATA-ALLOW = 76407002
23:18:29.006 [main] INFO  com.cloudframe.app.process.Comput1.process  108 - *MB* LK-RLU3A-TOT-DATA-PROMO-ALLOW = 76407363
23:18:29.006 [main] INFO  com.cloudframe.app.process.Comput1.process  110 - *MB* LK-RLU3A-ACCT-PLAN-DATA-ALLOW = 76407363
23:18:29.006 [main] INFO  com.cloudframe.app.process.Comput1.process  124 - *GB* LK-RLU3A-TOT-DATA-PROMO-ALLOW = 76407363
23:18:29.006 [main] INFO  com.cloudframe.app.process.Comput1.process  126 - *GB* LK-RLU3A-ACCT-PLAN-DATA-ALLOW = 76407363
23:18:29.006 [main] INFO  com.cloudframe.app.process.Comput1.process   76 - ___________________________________
23:18:29.006 [main] INFO  com.cloudframe.app.process.Comput1.process   78 - 619 . WS-OOSU-SHARED-ALLOW = 380056600
23:18:29.007 [main] INFO  com.cloudframe.app.process.Comput1.process   90 - *KB* LK-RLU3A-TOT-DATA-PROMO-ALLOW = 76778512
23:18:29.007 [main] INFO  com.cloudframe.app.process.Comput1.process   92 - *KB* LK-RLU3A-ACCT-PLAN-DATA-ALLOW = 76778512
23:18:29.007 [main] INFO  com.cloudframe.app.process.Comput1.process  108 - *MB* LK-RLU3A-TOT-DATA-PROMO-ALLOW = 76778874
23:18:29.007 [main] INFO  com.cloudframe.app.process.Comput1.process  110 - *MB* LK-RLU3A-ACCT-PLAN-DATA-ALLOW = 76778874
23:18:29.007 [main] INFO  com.cloudframe.app.process.Comput1.process  124 - *GB* LK-RLU3A-TOT-DATA-PROMO-ALLOW = 76778874
23:18:29.007 [main] INFO  com.cloudframe.app.process.Comput1.process  126 - *GB* LK-RLU3A-ACCT-PLAN-DATA-ALLOW = 76778874
23:18:29.007 [main] INFO  com.cloudframe.app.process.Comput1.process   76 - ___________________________________
23:18:29.007 [main] INFO  com.cloudframe.app.process.Comput1.process   78 - 620 . WS-OOSU-SHARED-ALLOW = 381286553
23:18:29.007 [main] INFO  com.cloudframe.app.process.Comput1.process   90 - *KB* LK-RLU3A-TOT-DATA-PROMO-ALLOW = 77151224
23:18:29.007 [main] INFO  com.cloudframe.app.process.Comput1.process   92 - *KB* LK-RLU3A-ACCT-PLAN-DATA-ALLOW = 77151224
23:18:29.007 [main] INFO  com.cloudframe.app.process.Comput1.process  108 - *MB* LK-RLU3A-TOT-DATA-PROMO-ALLOW = 77151587
23:18:29.008 [main] INFO  com.cloudframe.app.process.Comput1.process  110 - *MB* LK-RLU3A-ACCT-PLAN-DATA-ALLOW = 77151587
23:18:29.008 [main] INFO  com.cloudframe.app.process.Comput1.process  124 - *GB* LK-RLU3A-TOT-DATA-PROMO-ALLOW = 77151587
23:18:29.008 [main] INFO  com.cloudframe.app.process.Comput1.process  126 - *GB* LK-RLU3A-ACCT-PLAN-DATA-ALLOW = 77151587
23:18:29.008 [main] INFO  com.cloudframe.app.process.Comput1.process   76 - ___________________________________
23:18:29.008 [main] INFO  com.cloudframe.app.process.Comput1.process   78 - 621 . WS-OOSU-SHARED-ALLOW = 382518493
23:18:29.008 [main] INFO  com.cloudframe.app.process.Comput1.process   90 - *KB* LK-RLU3A-TOT-DATA-PROMO-ALLOW = 77525140
23:18:29.008 [main] INFO  com.cloudframe.app.process.Comput1.process   92 - *KB* LK-RLU3A-ACCT-PLAN-DATA-ALLOW = 77525140
23:18:29.008 [main] INFO  com.cloudframe.app.process.Comput1.process  108 - *MB* LK-RLU3A-TOT-DATA-PROMO-ALLOW = 77525504
23:18:29.008 [main] INFO  com.cloudframe.app.process.Comput1.process  110 - *MB* LK-RLU3A-ACCT-PLAN-DATA-ALLOW = 77525504
23:18:29.008 [main] INFO  com.cloudframe.app.process.Comput1.process  124 - *GB* LK-RLU3A-TOT-DATA-PROMO-ALLOW = 77525504
23:18:29.008 [main] INFO  com.cloudframe.app.process.Comput1.process  126 - *GB* LK-RLU3A-ACCT-PLAN-DATA-ALLOW = 77525504
23:18:29.009 [main] INFO  com.cloudframe.app.process.Comput1.process   76 - ___________________________________
23:18:29.009 [main] INFO  com.cloudframe.app.process.Comput1.process   78 - 622 . WS-OOSU-SHARED-ALLOW = 383752420
23:18:29.009 [main] INFO  com.cloudframe.app.process.Comput1.process   90 - *KB* LK-RLU3A-TOT-DATA-PROMO-ALLOW = 77900262
23:18:29.009 [main] INFO  com.cloudframe.app.process.Comput1.process   92 - *KB* LK-RLU3A-ACCT-PLAN-DATA-ALLOW = 77900262
23:18:29.009 [main] INFO  com.cloudframe.app.process.Comput1.process  108 - *MB* LK-RLU3A-TOT-DATA-PROMO-ALLOW = 77900627
23:18:29.009 [main] INFO  com.cloudframe.app.process.Comput1.process  110 - *MB* LK-RLU3A-ACCT-PLAN-DATA-ALLOW = 77900627
23:18:29.009 [main] INFO  com.cloudframe.app.process.Comput1.process  124 - *GB* LK-RLU3A-TOT-DATA-PROMO-ALLOW = 77900627
23:18:29.009 [main] INFO  com.cloudframe.app.process.Comput1.process  126 - *GB* LK-RLU3A-ACCT-PLAN-DATA-ALLOW = 77900627
23:18:29.009 [main] INFO  com.cloudframe.app.process.Comput1.process   76 - ___________________________________
23:18:29.009 [main] INFO  com.cloudframe.app.process.Comput1.process   78 - 623 . WS-OOSU-SHARED-ALLOW = 384988334
23:18:29.010 [main] INFO  com.cloudframe.app.process.Comput1.process   90 - *KB* LK-RLU3A-TOT-DATA-PROMO-ALLOW = 78276592
23:18:29.010 [main] INFO  com.cloudframe.app.process.Comput1.process   92 - *KB* LK-RLU3A-ACCT-PLAN-DATA-ALLOW = 78276592
23:18:29.010 [main] INFO  com.cloudframe.app.process.Comput1.process  108 - *MB* LK-RLU3A-TOT-DATA-PROMO-ALLOW = 78276959
23:18:29.010 [main] INFO  com.cloudframe.app.process.Comput1.process  110 - *MB* LK-RLU3A-ACCT-PLAN-DATA-ALLOW = 78276959
23:18:29.010 [main] INFO  com.cloudframe.app.process.Comput1.process  124 - *GB* LK-RLU3A-TOT-DATA-PROMO-ALLOW = 78276959
23:18:29.010 [main] INFO  com.cloudframe.app.process.Comput1.process  126 - *GB* LK-RLU3A-ACCT-PLAN-DATA-ALLOW = 78276959
23:18:29.010 [main] INFO  com.cloudframe.app.process.Comput1.process   76 - ___________________________________
23:18:29.010 [main] INFO  com.cloudframe.app.process.Comput1.process   78 - 624 . WS-OOSU-SHARED-ALLOW = 386226235
23:18:29.010 [main] INFO  com.cloudframe.app.process.Comput1.process   90 - *KB* LK-RLU3A-TOT-DATA-PROMO-ALLOW = 78654133
23:18:29.010 [main] INFO  com.cloudframe.app.process.Comput1.process   92 - *KB* LK-RLU3A-ACCT-PLAN-DATA-ALLOW = 78654133
23:18:29.011 [main] INFO  com.cloudframe.app.process.Comput1.process  108 - *MB* LK-RLU3A-TOT-DATA-PROMO-ALLOW = 78654501
23:18:29.011 [main] INFO  com.cloudframe.app.process.Comput1.process  110 - *MB* LK-RLU3A-ACCT-PLAN-DATA-ALLOW = 78654501
23:18:29.011 [main] INFO  com.cloudframe.app.process.Comput1.process  124 - *GB* LK-RLU3A-TOT-DATA-PROMO-ALLOW = 78654501
23:18:29.011 [main] INFO  com.cloudframe.app.process.Comput1.process  126 - *GB* LK-RLU3A-ACCT-PLAN-DATA-ALLOW = 78654501
23:18:29.011 [main] INFO  com.cloudframe.app.process.Comput1.process   76 - ___________________________________
23:18:29.011 [main] INFO  com.cloudframe.app.process.Comput1.process   78 - 625 . WS-OOSU-SHARED-ALLOW = 387466123
23:18:29.011 [main] INFO  com.cloudframe.app.process.Comput1.process   90 - *KB* LK-RLU3A-TOT-DATA-PROMO-ALLOW = 79032885
23:18:29.011 [main] INFO  com.cloudframe.app.process.Comput1.process   92 - *KB* LK-RLU3A-ACCT-PLAN-DATA-ALLOW = 79032885
23:18:29.011 [main] INFO  com.cloudframe.app.process.Comput1.process  108 - *MB* LK-RLU3A-TOT-DATA-PROMO-ALLOW = 79033254
23:18:29.011 [main] INFO  com.cloudframe.app.process.Comput1.process  110 - *MB* LK-RLU3A-ACCT-PLAN-DATA-ALLOW = 79033254
23:18:29.011 [main] INFO  com.cloudframe.app.process.Comput1.process  124 - *GB* LK-RLU3A-TOT-DATA-PROMO-ALLOW = 79033254
23:18:29.012 [main] INFO  com.cloudframe.app.process.Comput1.process  126 - *GB* LK-RLU3A-ACCT-PLAN-DATA-ALLOW = 79033254
23:18:29.012 [main] INFO  com.cloudframe.app.process.Comput1.process   76 - ___________________________________
23:18:29.012 [main] INFO  com.cloudframe.app.process.Comput1.process   78 - 626 . WS-OOSU-SHARED-ALLOW = 388707998
23:18:29.012 [main] INFO  com.cloudframe.app.process.Comput1.process   90 - *KB* LK-RLU3A-TOT-DATA-PROMO-ALLOW = 79412851
23:18:29.012 [main] INFO  com.cloudframe.app.process.Comput1.process   92 - *KB* LK-RLU3A-ACCT-PLAN-DATA-ALLOW = 79412851
23:18:29.012 [main] INFO  com.cloudframe.app.process.Comput1.process  108 - *MB* LK-RLU3A-TOT-DATA-PROMO-ALLOW = 79413221
23:18:29.012 [main] INFO  com.cloudframe.app.process.Comput1.process  110 - *MB* LK-RLU3A-ACCT-PLAN-DATA-ALLOW = 79413221
23:18:29.012 [main] INFO  com.cloudframe.app.process.Comput1.process  124 - *GB* LK-RLU3A-TOT-DATA-PROMO-ALLOW = 79413221
23:18:29.012 [main] INFO  com.cloudframe.app.process.Comput1.process  126 - *GB* LK-RLU3A-ACCT-PLAN-DATA-ALLOW = 79413221
23:18:29.012 [main] INFO  com.cloudframe.app.process.Comput1.process   76 - ___________________________________
23:18:29.013 [main] INFO  com.cloudframe.app.process.Comput1.process   78 - 627 . WS-OOSU-SHARED-ALLOW = 389951860
23:18:29.013 [main] INFO  com.cloudframe.app.process.Comput1.process   90 - *KB* LK-RLU3A-TOT-DATA-PROMO-ALLOW = 79794033
23:18:29.013 [main] INFO  com.cloudframe.app.process.Comput1.process   92 - *KB* LK-RLU3A-ACCT-PLAN-DATA-ALLOW = 79794033
23:18:29.013 [main] INFO  com.cloudframe.app.process.Comput1.process  108 - *MB* LK-RLU3A-TOT-DATA-PROMO-ALLOW = 79794404
23:18:29.013 [main] INFO  com.cloudframe.app.process.Comput1.process  110 - *MB* LK-RLU3A-ACCT-PLAN-DATA-ALLOW = 79794404
23:18:29.013 [main] INFO  com.cloudframe.app.process.Comput1.process  124 - *GB* LK-RLU3A-TOT-DATA-PROMO-ALLOW = 79794404
23:18:29.013 [main] INFO  com.cloudframe.app.process.Comput1.process  126 - *GB* LK-RLU3A-ACCT-PLAN-DATA-ALLOW = 79794404
23:18:29.013 [main] INFO  com.cloudframe.app.process.Comput1.process   76 - ___________________________________
23:18:29.013 [main] INFO  com.cloudframe.app.process.Comput1.process   78 - 628 . WS-OOSU-SHARED-ALLOW = 391197709
23:18:29.013 [main] INFO  com.cloudframe.app.process.Comput1.process   90 - *KB* LK-RLU3A-TOT-DATA-PROMO-ALLOW = 80176433
23:18:29.014 [main] INFO  com.cloudframe.app.process.Comput1.process   92 - *KB* LK-RLU3A-ACCT-PLAN-DATA-ALLOW = 80176433
23:18:29.014 [main] INFO  com.cloudframe.app.process.Comput1.process  108 - *MB* LK-RLU3A-TOT-DATA-PROMO-ALLOW = 80176806
23:18:29.014 [main] INFO  com.cloudframe.app.process.Comput1.process  110 - *MB* LK-RLU3A-ACCT-PLAN-DATA-ALLOW = 80176806
23:18:29.014 [main] INFO  com.cloudframe.app.process.Comput1.process  124 - *GB* LK-RLU3A-TOT-DATA-PROMO-ALLOW = 80176806
23:18:29.014 [main] INFO  com.cloudframe.app.process.Comput1.process  126 - *GB* LK-RLU3A-ACCT-PLAN-DATA-ALLOW = 80176806
23:18:29.014 [main] INFO  com.cloudframe.app.process.Comput1.process   76 - ___________________________________
23:18:29.014 [main] INFO  com.cloudframe.app.process.Comput1.process   78 - 629 . WS-OOSU-SHARED-ALLOW = 392445545
23:18:29.014 [main] INFO  com.cloudframe.app.process.Comput1.process   90 - *KB* LK-RLU3A-TOT-DATA-PROMO-ALLOW = 80560053
23:18:29.014 [main] INFO  com.cloudframe.app.process.Comput1.process   92 - *KB* LK-RLU3A-ACCT-PLAN-DATA-ALLOW = 80560053
23:18:29.014 [main] INFO  com.cloudframe.app.process.Comput1.process  108 - *MB* LK-RLU3A-TOT-DATA-PROMO-ALLOW = 80560427
23:18:29.014 [main] INFO  com.cloudframe.app.process.Comput1.process  110 - *MB* LK-RLU3A-ACCT-PLAN-DATA-ALLOW = 80560427
23:18:29.015 [main] INFO  com.cloudframe.app.process.Comput1.process  124 - *GB* LK-RLU3A-TOT-DATA-PROMO-ALLOW = 80560427
23:18:29.015 [main] INFO  com.cloudframe.app.process.Comput1.process  126 - *GB* LK-RLU3A-ACCT-PLAN-DATA-ALLOW = 80560427
23:18:29.015 [main] INFO  com.cloudframe.app.process.Comput1.process   76 - ___________________________________
23:18:29.015 [main] INFO  com.cloudframe.app.process.Comput1.process   78 - 630 . WS-OOSU-SHARED-ALLOW = 393695368
23:18:29.015 [main] INFO  com.cloudframe.app.process.Comput1.process   90 - *KB* LK-RLU3A-TOT-DATA-PROMO-ALLOW = 80944895
23:18:29.015 [main] INFO  com.cloudframe.app.process.Comput1.process   92 - *KB* LK-RLU3A-ACCT-PLAN-DATA-ALLOW = 80944895
23:18:29.015 [main] INFO  com.cloudframe.app.process.Comput1.process  108 - *MB* LK-RLU3A-TOT-DATA-PROMO-ALLOW = 80945270
23:18:29.015 [main] INFO  com.cloudframe.app.process.Comput1.process  110 - *MB* LK-RLU3A-ACCT-PLAN-DATA-ALLOW = 80945270
23:18:29.015 [main] INFO  com.cloudframe.app.process.Comput1.process  124 - *GB* LK-RLU3A-TOT-DATA-PROMO-ALLOW = 80945270
23:18:29.015 [main] INFO  com.cloudframe.app.process.Comput1.process  126 - *GB* LK-RLU3A-ACCT-PLAN-DATA-ALLOW = 80945270
23:18:29.016 [main] INFO  com.cloudframe.app.process.Comput1.process   76 - ___________________________________
23:18:29.016 [main] INFO  com.cloudframe.app.process.Comput1.process   78 - 631 . WS-OOSU-SHARED-ALLOW = 394947178
23:18:29.016 [main] INFO  com.cloudframe.app.process.Comput1.process   90 - *KB* LK-RLU3A-TOT-DATA-PROMO-ALLOW = 81330960
23:18:29.016 [main] INFO  com.cloudframe.app.process.Comput1.process   92 - *KB* LK-RLU3A-ACCT-PLAN-DATA-ALLOW = 81330960
23:18:29.016 [main] INFO  com.cloudframe.app.process.Comput1.process  108 - *MB* LK-RLU3A-TOT-DATA-PROMO-ALLOW = 81331336
23:18:29.016 [main] INFO  com.cloudframe.app.process.Comput1.process  110 - *MB* LK-RLU3A-ACCT-PLAN-DATA-ALLOW = 81331336
23:18:29.016 [main] INFO  com.cloudframe.app.process.Comput1.process  124 - *GB* LK-RLU3A-TOT-DATA-PROMO-ALLOW = 81331336
23:18:29.016 [main] INFO  com.cloudframe.app.process.Comput1.process  126 - *GB* LK-RLU3A-ACCT-PLAN-DATA-ALLOW = 81331336
23:18:29.016 [main] INFO  com.cloudframe.app.process.Comput1.process   76 - ___________________________________
23:18:29.016 [main] INFO  com.cloudframe.app.process.Comput1.process   78 - 632 . WS-OOSU-SHARED-ALLOW = 396200975
23:18:29.016 [main] INFO  com.cloudframe.app.process.Comput1.process   90 - *KB* LK-RLU3A-TOT-DATA-PROMO-ALLOW = 81718251
23:18:29.017 [main] INFO  com.cloudframe.app.process.Comput1.process   92 - *KB* LK-RLU3A-ACCT-PLAN-DATA-ALLOW = 81718251
23:18:29.017 [main] INFO  com.cloudframe.app.process.Comput1.process  108 - *MB* LK-RLU3A-TOT-DATA-PROMO-ALLOW = 81718628
23:18:29.017 [main] INFO  com.cloudframe.app.process.Comput1.process  110 - *MB* LK-RLU3A-ACCT-PLAN-DATA-ALLOW = 81718628
23:18:29.017 [main] INFO  com.cloudframe.app.process.Comput1.process  124 - *GB* LK-RLU3A-TOT-DATA-PROMO-ALLOW = 81718628
23:18:29.017 [main] INFO  com.cloudframe.app.process.Comput1.process  126 - *GB* LK-RLU3A-ACCT-PLAN-DATA-ALLOW = 81718628
23:18:29.017 [main] INFO  com.cloudframe.app.process.Comput1.process   76 - ___________________________________
23:18:29.017 [main] INFO  com.cloudframe.app.process.Comput1.process   78 - 633 . WS-OOSU-SHARED-ALLOW = 397456759
23:18:29.017 [main] INFO  com.cloudframe.app.process.Comput1.process   90 - *KB* LK-RLU3A-TOT-DATA-PROMO-ALLOW = 82106769
23:18:29.017 [main] INFO  com.cloudframe.app.process.Comput1.process   92 - *KB* LK-RLU3A-ACCT-PLAN-DATA-ALLOW = 82106769
23:18:29.017 [main] INFO  com.cloudframe.app.process.Comput1.process  108 - *MB* LK-RLU3A-TOT-DATA-PROMO-ALLOW = 82107148
23:18:29.018 [main] INFO  com.cloudframe.app.process.Comput1.process  110 - *MB* LK-RLU3A-ACCT-PLAN-DATA-ALLOW = 82107148
23:18:29.018 [main] INFO  com.cloudframe.app.process.Comput1.process  124 - *GB* LK-RLU3A-TOT-DATA-PROMO-ALLOW = 82107148
23:18:29.018 [main] INFO  com.cloudframe.app.process.Comput1.process  126 - *GB* LK-RLU3A-ACCT-PLAN-DATA-ALLOW = 82107148
23:18:29.018 [main] INFO  com.cloudframe.app.process.Comput1.process   76 - ___________________________________
23:18:29.018 [main] INFO  com.cloudframe.app.process.Comput1.process   78 - 634 . WS-OOSU-SHARED-ALLOW = 398714530
23:18:29.018 [main] INFO  com.cloudframe.app.process.Comput1.process   90 - *KB* LK-RLU3A-TOT-DATA-PROMO-ALLOW = 82496517
23:18:29.018 [main] INFO  com.cloudframe.app.process.Comput1.process   92 - *KB* LK-RLU3A-ACCT-PLAN-DATA-ALLOW = 82496517
23:18:29.018 [main] INFO  com.cloudframe.app.process.Comput1.process  108 - *MB* LK-RLU3A-TOT-DATA-PROMO-ALLOW = 82496897
23:18:29.018 [main] INFO  com.cloudframe.app.process.Comput1.process  110 - *MB* LK-RLU3A-ACCT-PLAN-DATA-ALLOW = 82496897
23:18:29.018 [main] INFO  com.cloudframe.app.process.Comput1.process  124 - *GB* LK-RLU3A-TOT-DATA-PROMO-ALLOW = 82496897
23:18:29.018 [main] INFO  com.cloudframe.app.process.Comput1.process  126 - *GB* LK-RLU3A-ACCT-PLAN-DATA-ALLOW = 82496897
23:18:29.019 [main] INFO  com.cloudframe.app.process.Comput1.process   76 - ___________________________________
23:18:29.019 [main] INFO  com.cloudframe.app.process.Comput1.process   78 - 635 . WS-OOSU-SHARED-ALLOW = 399974288
23:18:29.019 [main] INFO  com.cloudframe.app.process.Comput1.process   90 - *KB* LK-RLU3A-TOT-DATA-PROMO-ALLOW = 82887496
23:18:29.019 [main] INFO  com.cloudframe.app.process.Comput1.process   92 - *KB* LK-RLU3A-ACCT-PLAN-DATA-ALLOW = 82887496
23:18:29.019 [main] INFO  com.cloudframe.app.process.Comput1.process  108 - *MB* LK-RLU3A-TOT-DATA-PROMO-ALLOW = 82887877
23:18:29.019 [main] INFO  com.cloudframe.app.process.Comput1.process  110 - *MB* LK-RLU3A-ACCT-PLAN-DATA-ALLOW = 82887877
23:18:29.019 [main] INFO  com.cloudframe.app.process.Comput1.process  124 - *GB* LK-RLU3A-TOT-DATA-PROMO-ALLOW = 82887877
23:18:29.019 [main] INFO  com.cloudframe.app.process.Comput1.process  126 - *GB* LK-RLU3A-ACCT-PLAN-DATA-ALLOW = 82887877
23:18:29.019 [main] INFO  com.cloudframe.app.process.Comput1.process   76 - ___________________________________
23:18:29.019 [main] INFO  com.cloudframe.app.process.Comput1.process   78 - 636 . WS-OOSU-SHARED-ALLOW = 401236033
23:18:29.019 [main] INFO  com.cloudframe.app.process.Comput1.process   90 - *KB* LK-RLU3A-TOT-DATA-PROMO-ALLOW = 83279709
23:18:29.020 [main] INFO  com.cloudframe.app.process.Comput1.process   92 - *KB* LK-RLU3A-ACCT-PLAN-DATA-ALLOW = 83279709
23:18:29.020 [main] INFO  com.cloudframe.app.process.Comput1.process  108 - *MB* LK-RLU3A-TOT-DATA-PROMO-ALLOW = 83280091
23:18:29.020 [main] INFO  com.cloudframe.app.process.Comput1.process  110 - *MB* LK-RLU3A-ACCT-PLAN-DATA-ALLOW = 83280091
23:18:29.020 [main] INFO  com.cloudframe.app.process.Comput1.process  124 - *GB* LK-RLU3A-TOT-DATA-PROMO-ALLOW = 83280091
23:18:29.020 [main] INFO  com.cloudframe.app.process.Comput1.process  126 - *GB* LK-RLU3A-ACCT-PLAN-DATA-ALLOW = 83280091
23:18:29.020 [main] INFO  com.cloudframe.app.process.Comput1.process   76 - ___________________________________
23:18:29.020 [main] INFO  com.cloudframe.app.process.Comput1.process   78 - 637 . WS-OOSU-SHARED-ALLOW = 402499765
23:18:29.020 [main] INFO  com.cloudframe.app.process.Comput1.process   90 - *KB* LK-RLU3A-TOT-DATA-PROMO-ALLOW = 83673157
23:18:29.020 [main] INFO  com.cloudframe.app.process.Comput1.process   92 - *KB* LK-RLU3A-ACCT-PLAN-DATA-ALLOW = 83673157
23:18:29.020 [main] INFO  com.cloudframe.app.process.Comput1.process  108 - *MB* LK-RLU3A-TOT-DATA-PROMO-ALLOW = 83673540
23:18:29.021 [main] INFO  com.cloudframe.app.process.Comput1.process  110 - *MB* LK-RLU3A-ACCT-PLAN-DATA-ALLOW = 83673540
23:18:29.021 [main] INFO  com.cloudframe.app.process.Comput1.process  124 - *GB* LK-RLU3A-TOT-DATA-PROMO-ALLOW = 83673540
23:18:29.021 [main] INFO  com.cloudframe.app.process.Comput1.process  126 - *GB* LK-RLU3A-ACCT-PLAN-DATA-ALLOW = 83673540
23:18:29.021 [main] INFO  com.cloudframe.app.process.Comput1.process   76 - ___________________________________
23:18:29.021 [main] INFO  com.cloudframe.app.process.Comput1.process   78 - 638 . WS-OOSU-SHARED-ALLOW = 403765484
23:18:29.021 [main] INFO  com.cloudframe.app.process.Comput1.process   90 - *KB* LK-RLU3A-TOT-DATA-PROMO-ALLOW = 84067842
23:18:29.021 [main] INFO  com.cloudframe.app.process.Comput1.process   92 - *KB* LK-RLU3A-ACCT-PLAN-DATA-ALLOW = 84067842
23:18:29.021 [main] INFO  com.cloudframe.app.process.Comput1.process  108 - *MB* LK-RLU3A-TOT-DATA-PROMO-ALLOW = 84068227
23:18:29.021 [main] INFO  com.cloudframe.app.process.Comput1.process  110 - *MB* LK-RLU3A-ACCT-PLAN-DATA-ALLOW = 84068227
23:18:29.021 [main] INFO  com.cloudframe.app.process.Comput1.process  124 - *GB* LK-RLU3A-TOT-DATA-PROMO-ALLOW = 84068227
23:18:29.021 [main] INFO  com.cloudframe.app.process.Comput1.process  126 - *GB* LK-RLU3A-ACCT-PLAN-DATA-ALLOW = 84068227
23:18:29.022 [main] INFO  com.cloudframe.app.process.Comput1.process   76 - ___________________________________
23:18:29.022 [main] INFO  com.cloudframe.app.process.Comput1.process   78 - 639 . WS-OOSU-SHARED-ALLOW = 405033190
23:18:29.022 [main] INFO  com.cloudframe.app.process.Comput1.process   90 - *KB* LK-RLU3A-TOT-DATA-PROMO-ALLOW = 84463767
23:18:29.022 [main] INFO  com.cloudframe.app.process.Comput1.process   92 - *KB* LK-RLU3A-ACCT-PLAN-DATA-ALLOW = 84463767
23:18:29.022 [main] INFO  com.cloudframe.app.process.Comput1.process  108 - *MB* LK-RLU3A-TOT-DATA-PROMO-ALLOW = 84464153
23:18:29.022 [main] INFO  com.cloudframe.app.process.Comput1.process  110 - *MB* LK-RLU3A-ACCT-PLAN-DATA-ALLOW = 84464153
23:18:29.022 [main] INFO  com.cloudframe.app.process.Comput1.process  124 - *GB* LK-RLU3A-TOT-DATA-PROMO-ALLOW = 84464153
23:18:29.022 [main] INFO  com.cloudframe.app.process.Comput1.process  126 - *GB* LK-RLU3A-ACCT-PLAN-DATA-ALLOW = 84464153
23:18:29.022 [main] INFO  com.cloudframe.app.process.Comput1.process   76 - ___________________________________
23:18:29.023 [main] INFO  com.cloudframe.app.process.Comput1.process   78 - 640 . WS-OOSU-SHARED-ALLOW = 406302883
23:18:29.023 [main] INFO  com.cloudframe.app.process.Comput1.process   90 - *KB* LK-RLU3A-TOT-DATA-PROMO-ALLOW = 84860933
23:18:29.023 [main] INFO  com.cloudframe.app.process.Comput1.process   92 - *KB* LK-RLU3A-ACCT-PLAN-DATA-ALLOW = 84860933
23:18:29.023 [main] INFO  com.cloudframe.app.process.Comput1.process  108 - *MB* LK-RLU3A-TOT-DATA-PROMO-ALLOW = 84861320
23:18:29.023 [main] INFO  com.cloudframe.app.process.Comput1.process  110 - *MB* LK-RLU3A-ACCT-PLAN-DATA-ALLOW = 84861320
23:18:29.023 [main] INFO  com.cloudframe.app.process.Comput1.process  124 - *GB* LK-RLU3A-TOT-DATA-PROMO-ALLOW = 84861320
23:18:29.023 [main] INFO  com.cloudframe.app.process.Comput1.process  126 - *GB* LK-RLU3A-ACCT-PLAN-DATA-ALLOW = 84861320
23:18:29.024 [main] INFO  com.cloudframe.app.process.Comput1.process   76 - ___________________________________
23:18:29.024 [main] INFO  com.cloudframe.app.process.Comput1.process   78 - 641 . WS-OOSU-SHARED-ALLOW = 407574563
23:18:29.024 [main] INFO  com.cloudframe.app.process.Comput1.process   90 - *KB* LK-RLU3A-TOT-DATA-PROMO-ALLOW = 85259342
23:18:29.024 [main] INFO  com.cloudframe.app.process.Comput1.process   92 - *KB* LK-RLU3A-ACCT-PLAN-DATA-ALLOW = 85259342
23:18:29.024 [main] INFO  com.cloudframe.app.process.Comput1.process  108 - *MB* LK-RLU3A-TOT-DATA-PROMO-ALLOW = 85259730
23:18:29.024 [main] INFO  com.cloudframe.app.process.Comput1.process  110 - *MB* LK-RLU3A-ACCT-PLAN-DATA-ALLOW = 85259730
23:18:29.024 [main] INFO  com.cloudframe.app.process.Comput1.process  124 - *GB* LK-RLU3A-TOT-DATA-PROMO-ALLOW = 85259730
23:18:29.024 [main] INFO  com.cloudframe.app.process.Comput1.process  126 - *GB* LK-RLU3A-ACCT-PLAN-DATA-ALLOW = 85259730
23:18:29.025 [main] INFO  com.cloudframe.app.process.Comput1.process   76 - ___________________________________
23:18:29.025 [main] INFO  com.cloudframe.app.process.Comput1.process   78 - 642 . WS-OOSU-SHARED-ALLOW = 408848230
23:18:29.025 [main] INFO  com.cloudframe.app.process.Comput1.process   90 - *KB* LK-RLU3A-TOT-DATA-PROMO-ALLOW = 85658995
23:18:29.025 [main] INFO  com.cloudframe.app.process.Comput1.process   92 - *KB* LK-RLU3A-ACCT-PLAN-DATA-ALLOW = 85658995
23:18:29.025 [main] INFO  com.cloudframe.app.process.Comput1.process  108 - *MB* LK-RLU3A-TOT-DATA-PROMO-ALLOW = 85659384
23:18:29.025 [main] INFO  com.cloudframe.app.process.Comput1.process  110 - *MB* LK-RLU3A-ACCT-PLAN-DATA-ALLOW = 85659384
23:18:29.025 [main] INFO  com.cloudframe.app.process.Comput1.process  124 - *GB* LK-RLU3A-TOT-DATA-PROMO-ALLOW = 85659384
23:18:29.025 [main] INFO  com.cloudframe.app.process.Comput1.process  126 - *GB* LK-RLU3A-ACCT-PLAN-DATA-ALLOW = 85659384
23:18:29.025 [main] INFO  com.cloudframe.app.process.Comput1.process   76 - ___________________________________
23:18:29.025 [main] INFO  com.cloudframe.app.process.Comput1.process   78 - 643 . WS-OOSU-SHARED-ALLOW = 410123884
23:18:29.026 [main] INFO  com.cloudframe.app.process.Comput1.process   90 - *KB* LK-RLU3A-TOT-DATA-PROMO-ALLOW = 86059895
23:18:29.026 [main] INFO  com.cloudframe.app.process.Comput1.process   92 - *KB* LK-RLU3A-ACCT-PLAN-DATA-ALLOW = 86059895
23:18:29.026 [main] INFO  com.cloudframe.app.process.Comput1.process  108 - *MB* LK-RLU3A-TOT-DATA-PROMO-ALLOW = 86060286
23:18:29.026 [main] INFO  com.cloudframe.app.process.Comput1.process  110 - *MB* LK-RLU3A-ACCT-PLAN-DATA-ALLOW = 86060286
23:18:29.026 [main] INFO  com.cloudframe.app.process.Comput1.process  124 - *GB* LK-RLU3A-TOT-DATA-PROMO-ALLOW = 86060286
23:18:29.026 [main] INFO  com.cloudframe.app.process.Comput1.process  126 - *GB* LK-RLU3A-ACCT-PLAN-DATA-ALLOW = 86060286
23:18:29.026 [main] INFO  com.cloudframe.app.process.Comput1.process   76 - ___________________________________
23:18:29.026 [main] INFO  com.cloudframe.app.process.Comput1.process   78 - 644 . WS-OOSU-SHARED-ALLOW = 411401525
23:18:29.027 [main] INFO  com.cloudframe.app.process.Comput1.process   90 - *KB* LK-RLU3A-TOT-DATA-PROMO-ALLOW = 86462045
23:18:29.027 [main] INFO  com.cloudframe.app.process.Comput1.process   92 - *KB* LK-RLU3A-ACCT-PLAN-DATA-ALLOW = 86462045
23:18:29.027 [main] INFO  com.cloudframe.app.process.Comput1.process  108 - *MB* LK-RLU3A-TOT-DATA-PROMO-ALLOW = 86462437
23:18:29.027 [main] INFO  com.cloudframe.app.process.Comput1.process  110 - *MB* LK-RLU3A-ACCT-PLAN-DATA-ALLOW = 86462437
23:18:29.027 [main] INFO  com.cloudframe.app.process.Comput1.process  124 - *GB* LK-RLU3A-TOT-DATA-PROMO-ALLOW = 86462437
23:18:29.027 [main] INFO  com.cloudframe.app.process.Comput1.process  126 - *GB* LK-RLU3A-ACCT-PLAN-DATA-ALLOW = 86462437
23:18:29.027 [main] INFO  com.cloudframe.app.process.Comput1.process   76 - ___________________________________
23:18:29.027 [main] INFO  com.cloudframe.app.process.Comput1.process   78 - 645 . WS-OOSU-SHARED-ALLOW = 412681153
23:18:29.027 [main] INFO  com.cloudframe.app.process.Comput1.process   90 - *KB* LK-RLU3A-TOT-DATA-PROMO-ALLOW = 86865445
23:18:29.028 [main] INFO  com.cloudframe.app.process.Comput1.process   92 - *KB* LK-RLU3A-ACCT-PLAN-DATA-ALLOW = 86865445
23:18:29.028 [main] INFO  com.cloudframe.app.process.Comput1.process  108 - *MB* LK-RLU3A-TOT-DATA-PROMO-ALLOW = 86865838
23:18:29.028 [main] INFO  com.cloudframe.app.process.Comput1.process  110 - *MB* LK-RLU3A-ACCT-PLAN-DATA-ALLOW = 86865838
23:18:29.028 [main] INFO  com.cloudframe.app.process.Comput1.process  124 - *GB* LK-RLU3A-TOT-DATA-PROMO-ALLOW = 86865838
23:18:29.028 [main] INFO  com.cloudframe.app.process.Comput1.process  126 - *GB* LK-RLU3A-ACCT-PLAN-DATA-ALLOW = 86865838
23:18:29.028 [main] INFO  com.cloudframe.app.process.Comput1.process   76 - ___________________________________
23:18:29.028 [main] INFO  com.cloudframe.app.process.Comput1.process   78 - 646 . WS-OOSU-SHARED-ALLOW = 413962768
23:18:29.028 [main] INFO  com.cloudframe.app.process.Comput1.process   90 - *KB* LK-RLU3A-TOT-DATA-PROMO-ALLOW = 87270098
23:18:29.028 [main] INFO  com.cloudframe.app.process.Comput1.process   92 - *KB* LK-RLU3A-ACCT-PLAN-DATA-ALLOW = 87270098
23:18:29.029 [main] INFO  com.cloudframe.app.process.Comput1.process  108 - *MB* LK-RLU3A-TOT-DATA-PROMO-ALLOW = 87270492
23:18:29.029 [main] INFO  com.cloudframe.app.process.Comput1.process  110 - *MB* LK-RLU3A-ACCT-PLAN-DATA-ALLOW = 87270492
23:18:29.029 [main] INFO  com.cloudframe.app.process.Comput1.process  124 - *GB* LK-RLU3A-TOT-DATA-PROMO-ALLOW = 87270492
23:18:29.029 [main] INFO  com.cloudframe.app.process.Comput1.process  126 - *GB* LK-RLU3A-ACCT-PLAN-DATA-ALLOW = 87270492
23:18:29.029 [main] INFO  com.cloudframe.app.process.Comput1.process   76 - ___________________________________
23:18:29.029 [main] INFO  com.cloudframe.app.process.Comput1.process   78 - 647 . WS-OOSU-SHARED-ALLOW = 415246370
23:18:29.029 [main] INFO  com.cloudframe.app.process.Comput1.process   90 - *KB* LK-RLU3A-TOT-DATA-PROMO-ALLOW = 87676006
23:18:29.029 [main] INFO  com.cloudframe.app.process.Comput1.process   92 - *KB* LK-RLU3A-ACCT-PLAN-DATA-ALLOW = 87676006
23:18:29.029 [main] INFO  com.cloudframe.app.process.Comput1.process  108 - *MB* LK-RLU3A-TOT-DATA-PROMO-ALLOW = 87676402
23:18:29.030 [main] INFO  com.cloudframe.app.process.Comput1.process  110 - *MB* LK-RLU3A-ACCT-PLAN-DATA-ALLOW = 87676402
23:18:29.030 [main] INFO  com.cloudframe.app.process.Comput1.process  124 - *GB* LK-RLU3A-TOT-DATA-PROMO-ALLOW = 87676402
23:18:29.030 [main] INFO  com.cloudframe.app.process.Comput1.process  126 - *GB* LK-RLU3A-ACCT-PLAN-DATA-ALLOW = 87676402
23:18:29.030 [main] INFO  com.cloudframe.app.process.Comput1.process   76 - ___________________________________
23:18:29.030 [main] INFO  com.cloudframe.app.process.Comput1.process   78 - 648 . WS-OOSU-SHARED-ALLOW = 416531959
23:18:29.030 [main] INFO  com.cloudframe.app.process.Comput1.process   90 - *KB* LK-RLU3A-TOT-DATA-PROMO-ALLOW = 88083171
23:18:29.030 [main] INFO  com.cloudframe.app.process.Comput1.process   92 - *KB* LK-RLU3A-ACCT-PLAN-DATA-ALLOW = 88083171
23:18:29.030 [main] INFO  com.cloudframe.app.process.Comput1.process  108 - *MB* LK-RLU3A-TOT-DATA-PROMO-ALLOW = 88083568
23:18:29.030 [main] INFO  com.cloudframe.app.process.Comput1.process  110 - *MB* LK-RLU3A-ACCT-PLAN-DATA-ALLOW = 88083568
23:18:29.030 [main] INFO  com.cloudframe.app.process.Comput1.process  124 - *GB* LK-RLU3A-TOT-DATA-PROMO-ALLOW = 88083568
23:18:29.031 [main] INFO  com.cloudframe.app.process.Comput1.process  126 - *GB* LK-RLU3A-ACCT-PLAN-DATA-ALLOW = 88083568
23:18:29.031 [main] INFO  com.cloudframe.app.process.Comput1.process   76 - ___________________________________
23:18:29.031 [main] INFO  com.cloudframe.app.process.Comput1.process   78 - 649 . WS-OOSU-SHARED-ALLOW = 417819535
23:18:29.031 [main] INFO  com.cloudframe.app.process.Comput1.process   90 - *KB* LK-RLU3A-TOT-DATA-PROMO-ALLOW = 88491594
23:18:29.031 [main] INFO  com.cloudframe.app.process.Comput1.process   92 - *KB* LK-RLU3A-ACCT-PLAN-DATA-ALLOW = 88491594
23:18:29.031 [main] INFO  com.cloudframe.app.process.Comput1.process  108 - *MB* LK-RLU3A-TOT-DATA-PROMO-ALLOW = 88491992
23:18:29.031 [main] INFO  com.cloudframe.app.process.Comput1.process  110 - *MB* LK-RLU3A-ACCT-PLAN-DATA-ALLOW = 88491992
23:18:29.031 [main] INFO  com.cloudframe.app.process.Comput1.process  124 - *GB* LK-RLU3A-TOT-DATA-PROMO-ALLOW = 88491992
23:18:29.031 [main] INFO  com.cloudframe.app.process.Comput1.process  126 - *GB* LK-RLU3A-ACCT-PLAN-DATA-ALLOW = 88491992
23:18:29.031 [main] INFO  com.cloudframe.app.process.Comput1.process   76 - ___________________________________
23:18:29.032 [main] INFO  com.cloudframe.app.process.Comput1.process   78 - 650 . WS-OOSU-SHARED-ALLOW = 419109098
23:18:29.032 [main] INFO  com.cloudframe.app.process.Comput1.process   90 - *KB* LK-RLU3A-TOT-DATA-PROMO-ALLOW = 88901278
23:18:29.032 [main] INFO  com.cloudframe.app.process.Comput1.process   92 - *KB* LK-RLU3A-ACCT-PLAN-DATA-ALLOW = 88901278
23:18:29.032 [main] INFO  com.cloudframe.app.process.Comput1.process  108 - *MB* LK-RLU3A-TOT-DATA-PROMO-ALLOW = 88901677
23:18:29.032 [main] INFO  com.cloudframe.app.process.Comput1.process  110 - *MB* LK-RLU3A-ACCT-PLAN-DATA-ALLOW = 88901677
23:18:29.032 [main] INFO  com.cloudframe.app.process.Comput1.process  124 - *GB* LK-RLU3A-TOT-DATA-PROMO-ALLOW = 88901677
23:18:29.032 [main] INFO  com.cloudframe.app.process.Comput1.process  126 - *GB* LK-RLU3A-ACCT-PLAN-DATA-ALLOW = 88901677
23:18:29.032 [main] INFO  com.cloudframe.app.process.Comput1.process   76 - ___________________________________
23:18:29.032 [main] INFO  com.cloudframe.app.process.Comput1.process   78 - 651 . WS-OOSU-SHARED-ALLOW = 420400648
23:18:29.032 [main] INFO  com.cloudframe.app.process.Comput1.process   90 - *KB* LK-RLU3A-TOT-DATA-PROMO-ALLOW = 89312224
23:18:29.032 [main] INFO  com.cloudframe.app.process.Comput1.process   92 - *KB* LK-RLU3A-ACCT-PLAN-DATA-ALLOW = 89312224
23:18:29.033 [main] INFO  com.cloudframe.app.process.Comput1.process  108 - *MB* LK-RLU3A-TOT-DATA-PROMO-ALLOW = 89312624
23:18:29.033 [main] INFO  com.cloudframe.app.process.Comput1.process  110 - *MB* LK-RLU3A-ACCT-PLAN-DATA-ALLOW = 89312624
23:18:29.033 [main] INFO  com.cloudframe.app.process.Comput1.process  124 - *GB* LK-RLU3A-TOT-DATA-PROMO-ALLOW = 89312624
23:18:29.033 [main] INFO  com.cloudframe.app.process.Comput1.process  126 - *GB* LK-RLU3A-ACCT-PLAN-DATA-ALLOW = 89312624
23:18:29.033 [main] INFO  com.cloudframe.app.process.Comput1.process   76 - ___________________________________
23:18:29.033 [main] INFO  com.cloudframe.app.process.Comput1.process   78 - 652 . WS-OOSU-SHARED-ALLOW = 421694185
23:18:29.033 [main] INFO  com.cloudframe.app.process.Comput1.process   90 - *KB* LK-RLU3A-TOT-DATA-PROMO-ALLOW = 89724434
23:18:29.033 [main] INFO  com.cloudframe.app.process.Comput1.process   92 - *KB* LK-RLU3A-ACCT-PLAN-DATA-ALLOW = 89724434
23:18:29.033 [main] INFO  com.cloudframe.app.process.Comput1.process  108 - *MB* LK-RLU3A-TOT-DATA-PROMO-ALLOW = 89724836
23:18:29.033 [main] INFO  com.cloudframe.app.process.Comput1.process  110 - *MB* LK-RLU3A-ACCT-PLAN-DATA-ALLOW = 89724836
23:18:29.034 [main] INFO  com.cloudframe.app.process.Comput1.process  124 - *GB* LK-RLU3A-TOT-DATA-PROMO-ALLOW = 89724836
23:18:29.034 [main] INFO  com.cloudframe.app.process.Comput1.process  126 - *GB* LK-RLU3A-ACCT-PLAN-DATA-ALLOW = 89724836
23:18:29.034 [main] INFO  com.cloudframe.app.process.Comput1.process   76 - ___________________________________
23:18:29.034 [main] INFO  com.cloudframe.app.process.Comput1.process   78 - 653 . WS-OOSU-SHARED-ALLOW = 422989709
23:18:29.034 [main] INFO  com.cloudframe.app.process.Comput1.process   90 - *KB* LK-RLU3A-TOT-DATA-PROMO-ALLOW = 90137911
23:18:29.034 [main] INFO  com.cloudframe.app.process.Comput1.process   92 - *KB* LK-RLU3A-ACCT-PLAN-DATA-ALLOW = 90137911
23:18:29.034 [main] INFO  com.cloudframe.app.process.Comput1.process  108 - *MB* LK-RLU3A-TOT-DATA-PROMO-ALLOW = 90138314
23:18:29.034 [main] INFO  com.cloudframe.app.process.Comput1.process  110 - *MB* LK-RLU3A-ACCT-PLAN-DATA-ALLOW = 90138314
23:18:29.034 [main] INFO  com.cloudframe.app.process.Comput1.process  124 - *GB* LK-RLU3A-TOT-DATA-PROMO-ALLOW = 90138314
23:18:29.034 [main] INFO  com.cloudframe.app.process.Comput1.process  126 - *GB* LK-RLU3A-ACCT-PLAN-DATA-ALLOW = 90138314
23:18:29.035 [main] INFO  com.cloudframe.app.process.Comput1.process   76 - ___________________________________
23:18:29.035 [main] INFO  com.cloudframe.app.process.Comput1.process   78 - 654 . WS-OOSU-SHARED-ALLOW = 424287220
23:18:29.035 [main] INFO  com.cloudframe.app.process.Comput1.process   90 - *KB* LK-RLU3A-TOT-DATA-PROMO-ALLOW = 90552656
23:18:29.035 [main] INFO  com.cloudframe.app.process.Comput1.process   92 - *KB* LK-RLU3A-ACCT-PLAN-DATA-ALLOW = 90552656
23:18:29.035 [main] INFO  com.cloudframe.app.process.Comput1.process  108 - *MB* LK-RLU3A-TOT-DATA-PROMO-ALLOW = 90553060
23:18:29.035 [main] INFO  com.cloudframe.app.process.Comput1.process  110 - *MB* LK-RLU3A-ACCT-PLAN-DATA-ALLOW = 90553060
23:18:29.035 [main] INFO  com.cloudframe.app.process.Comput1.process  124 - *GB* LK-RLU3A-TOT-DATA-PROMO-ALLOW = 90553060
23:18:29.035 [main] INFO  com.cloudframe.app.process.Comput1.process  126 - *GB* LK-RLU3A-ACCT-PLAN-DATA-ALLOW = 90553060
23:18:29.035 [main] INFO  com.cloudframe.app.process.Comput1.process   76 - ___________________________________
23:18:29.035 [main] INFO  com.cloudframe.app.process.Comput1.process   78 - 655 . WS-OOSU-SHARED-ALLOW = 425586718
23:18:29.035 [main] INFO  com.cloudframe.app.process.Comput1.process   90 - *KB* LK-RLU3A-TOT-DATA-PROMO-ALLOW = 90968672
23:18:29.036 [main] INFO  com.cloudframe.app.process.Comput1.process   92 - *KB* LK-RLU3A-ACCT-PLAN-DATA-ALLOW = 90968672
23:18:29.036 [main] INFO  com.cloudframe.app.process.Comput1.process  108 - *MB* LK-RLU3A-TOT-DATA-PROMO-ALLOW = 90969077
23:18:29.036 [main] INFO  com.cloudframe.app.process.Comput1.process  110 - *MB* LK-RLU3A-ACCT-PLAN-DATA-ALLOW = 90969077
23:18:29.036 [main] INFO  com.cloudframe.app.process.Comput1.process  124 - *GB* LK-RLU3A-TOT-DATA-PROMO-ALLOW = 90969077
23:18:29.036 [main] INFO  com.cloudframe.app.process.Comput1.process  126 - *GB* LK-RLU3A-ACCT-PLAN-DATA-ALLOW = 90969077
23:18:29.036 [main] INFO  com.cloudframe.app.process.Comput1.process   76 - ___________________________________
23:18:29.036 [main] INFO  com.cloudframe.app.process.Comput1.process   78 - 656 . WS-OOSU-SHARED-ALLOW = 426888203
23:18:29.036 [main] INFO  com.cloudframe.app.process.Comput1.process   90 - *KB* LK-RLU3A-TOT-DATA-PROMO-ALLOW = 91385960
23:18:29.036 [main] INFO  com.cloudframe.app.process.Comput1.process   92 - *KB* LK-RLU3A-ACCT-PLAN-DATA-ALLOW = 91385960
23:18:29.036 [main] INFO  com.cloudframe.app.process.Comput1.process  108 - *MB* LK-RLU3A-TOT-DATA-PROMO-ALLOW = 91386367
23:18:29.036 [main] INFO  com.cloudframe.app.process.Comput1.process  110 - *MB* LK-RLU3A-ACCT-PLAN-DATA-ALLOW = 91386367
23:18:29.037 [main] INFO  com.cloudframe.app.process.Comput1.process  124 - *GB* LK-RLU3A-TOT-DATA-PROMO-ALLOW = 91386367
23:18:29.037 [main] INFO  com.cloudframe.app.process.Comput1.process  126 - *GB* LK-RLU3A-ACCT-PLAN-DATA-ALLOW = 91386367
23:18:29.037 [main] INFO  com.cloudframe.app.process.Comput1.process   76 - ___________________________________
23:18:29.037 [main] INFO  com.cloudframe.app.process.Comput1.process   78 - 657 . WS-OOSU-SHARED-ALLOW = 428191675
23:18:29.037 [main] INFO  com.cloudframe.app.process.Comput1.process   90 - *KB* LK-RLU3A-TOT-DATA-PROMO-ALLOW = 91804522
23:18:29.037 [main] INFO  com.cloudframe.app.process.Comput1.process   92 - *KB* LK-RLU3A-ACCT-PLAN-DATA-ALLOW = 91804522
23:18:29.037 [main] INFO  com.cloudframe.app.process.Comput1.process  108 - *MB* LK-RLU3A-TOT-DATA-PROMO-ALLOW = 91804930
23:18:29.037 [main] INFO  com.cloudframe.app.process.Comput1.process  110 - *MB* LK-RLU3A-ACCT-PLAN-DATA-ALLOW = 91804930
23:18:29.037 [main] INFO  com.cloudframe.app.process.Comput1.process  124 - *GB* LK-RLU3A-TOT-DATA-PROMO-ALLOW = 91804930
23:18:29.037 [main] INFO  com.cloudframe.app.process.Comput1.process  126 - *GB* LK-RLU3A-ACCT-PLAN-DATA-ALLOW = 91804930
23:18:29.038 [main] INFO  com.cloudframe.app.process.Comput1.process   76 - ___________________________________
23:18:29.038 [main] INFO  com.cloudframe.app.process.Comput1.process   78 - 658 . WS-OOSU-SHARED-ALLOW = 429497134
23:18:29.038 [main] INFO  com.cloudframe.app.process.Comput1.process   90 - *KB* LK-RLU3A-TOT-DATA-PROMO-ALLOW = 92224360
23:18:29.038 [main] INFO  com.cloudframe.app.process.Comput1.process   92 - *KB* LK-RLU3A-ACCT-PLAN-DATA-ALLOW = 92224360
23:18:29.038 [main] INFO  com.cloudframe.app.process.Comput1.process  108 - *MB* LK-RLU3A-TOT-DATA-PROMO-ALLOW = 92224769
23:18:29.038 [main] INFO  com.cloudframe.app.process.Comput1.process  110 - *MB* LK-RLU3A-ACCT-PLAN-DATA-ALLOW = 92224769
23:18:29.038 [main] INFO  com.cloudframe.app.process.Comput1.process  124 - *GB* LK-RLU3A-TOT-DATA-PROMO-ALLOW = 92224769
23:18:29.038 [main] INFO  com.cloudframe.app.process.Comput1.process  126 - *GB* LK-RLU3A-ACCT-PLAN-DATA-ALLOW = 92224769
23:18:29.038 [main] INFO  com.cloudframe.app.process.Comput1.process   76 - ___________________________________
23:18:29.038 [main] INFO  com.cloudframe.app.process.Comput1.process   78 - 659 . WS-OOSU-SHARED-ALLOW = 430804580
23:18:29.038 [main] INFO  com.cloudframe.app.process.Comput1.process   90 - *KB* LK-RLU3A-TOT-DATA-PROMO-ALLOW = 92645476
23:18:29.039 [main] INFO  com.cloudframe.app.process.Comput1.process   92 - *KB* LK-RLU3A-ACCT-PLAN-DATA-ALLOW = 92645476
23:18:29.039 [main] INFO  com.cloudframe.app.process.Comput1.process  108 - *MB* LK-RLU3A-TOT-DATA-PROMO-ALLOW = 92645886
23:18:29.039 [main] INFO  com.cloudframe.app.process.Comput1.process  110 - *MB* LK-RLU3A-ACCT-PLAN-DATA-ALLOW = 92645886
23:18:29.039 [main] INFO  com.cloudframe.app.process.Comput1.process  124 - *GB* LK-RLU3A-TOT-DATA-PROMO-ALLOW = 92645886
23:18:29.039 [main] INFO  com.cloudframe.app.process.Comput1.process  126 - *GB* LK-RLU3A-ACCT-PLAN-DATA-ALLOW = 92645886
23:18:29.039 [main] INFO  com.cloudframe.app.process.Comput1.process   76 - ___________________________________
23:18:29.039 [main] INFO  com.cloudframe.app.process.Comput1.process   78 - 660 . WS-OOSU-SHARED-ALLOW = 432114013
23:18:29.039 [main] INFO  com.cloudframe.app.process.Comput1.process   90 - *KB* LK-RLU3A-TOT-DATA-PROMO-ALLOW = 93067872
23:18:29.039 [main] INFO  com.cloudframe.app.process.Comput1.process   92 - *KB* LK-RLU3A-ACCT-PLAN-DATA-ALLOW = 93067872
23:18:29.039 [main] INFO  com.cloudframe.app.process.Comput1.process  108 - *MB* LK-RLU3A-TOT-DATA-PROMO-ALLOW = 93068284
23:18:29.040 [main] INFO  com.cloudframe.app.process.Comput1.process  110 - *MB* LK-RLU3A-ACCT-PLAN-DATA-ALLOW = 93068284
23:18:29.040 [main] INFO  com.cloudframe.app.process.Comput1.process  124 - *GB* LK-RLU3A-TOT-DATA-PROMO-ALLOW = 93068284
23:18:29.040 [main] INFO  com.cloudframe.app.process.Comput1.process  126 - *GB* LK-RLU3A-ACCT-PLAN-DATA-ALLOW = 93068284
23:18:29.040 [main] INFO  com.cloudframe.app.process.Comput1.process   76 - ___________________________________
23:18:29.040 [main] INFO  com.cloudframe.app.process.Comput1.process   78 - 661 . WS-OOSU-SHARED-ALLOW = 433425433
23:18:29.040 [main] INFO  com.cloudframe.app.process.Comput1.process   90 - *KB* LK-RLU3A-TOT-DATA-PROMO-ALLOW = 93491551
23:18:29.040 [main] INFO  com.cloudframe.app.process.Comput1.process   92 - *KB* LK-RLU3A-ACCT-PLAN-DATA-ALLOW = 93491551
23:18:29.040 [main] INFO  com.cloudframe.app.process.Comput1.process  108 - *MB* LK-RLU3A-TOT-DATA-PROMO-ALLOW = 93491964
23:18:29.040 [main] INFO  com.cloudframe.app.process.Comput1.process  110 - *MB* LK-RLU3A-ACCT-PLAN-DATA-ALLOW = 93491964
23:18:29.040 [main] INFO  com.cloudframe.app.process.Comput1.process  124 - *GB* LK-RLU3A-TOT-DATA-PROMO-ALLOW = 93491964
23:18:29.040 [main] INFO  com.cloudframe.app.process.Comput1.process  126 - *GB* LK-RLU3A-ACCT-PLAN-DATA-ALLOW = 93491964
23:18:29.041 [main] INFO  com.cloudframe.app.process.Comput1.process   76 - ___________________________________
23:18:29.041 [main] INFO  com.cloudframe.app.process.Comput1.process   78 - 662 . WS-OOSU-SHARED-ALLOW = 434738840
23:18:29.041 [main] INFO  com.cloudframe.app.process.Comput1.process   90 - *KB* LK-RLU3A-TOT-DATA-PROMO-ALLOW = 93916513
23:18:29.041 [main] INFO  com.cloudframe.app.process.Comput1.process   92 - *KB* LK-RLU3A-ACCT-PLAN-DATA-ALLOW = 93916513
23:18:29.041 [main] INFO  com.cloudframe.app.process.Comput1.process  108 - *MB* LK-RLU3A-TOT-DATA-PROMO-ALLOW = 93916927
23:18:29.041 [main] INFO  com.cloudframe.app.process.Comput1.process  110 - *MB* LK-RLU3A-ACCT-PLAN-DATA-ALLOW = 93916927
23:18:29.041 [main] INFO  com.cloudframe.app.process.Comput1.process  124 - *GB* LK-RLU3A-TOT-DATA-PROMO-ALLOW = 93916927
23:18:29.041 [main] INFO  com.cloudframe.app.process.Comput1.process  126 - *GB* LK-RLU3A-ACCT-PLAN-DATA-ALLOW = 93916927
23:18:29.041 [main] INFO  com.cloudframe.app.process.Comput1.process   76 - ___________________________________
23:18:29.041 [main] INFO  com.cloudframe.app.process.Comput1.process   78 - 663 . WS-OOSU-SHARED-ALLOW = 436054234
23:18:29.041 [main] INFO  com.cloudframe.app.process.Comput1.process   90 - *KB* LK-RLU3A-TOT-DATA-PROMO-ALLOW = 94342761
23:18:29.042 [main] INFO  com.cloudframe.app.process.Comput1.process   92 - *KB* LK-RLU3A-ACCT-PLAN-DATA-ALLOW = 94342761
23:18:29.042 [main] INFO  com.cloudframe.app.process.Comput1.process  108 - *MB* LK-RLU3A-TOT-DATA-PROMO-ALLOW = 94343176
23:18:29.042 [main] INFO  com.cloudframe.app.process.Comput1.process  110 - *MB* LK-RLU3A-ACCT-PLAN-DATA-ALLOW = 94343176
23:18:29.042 [main] INFO  com.cloudframe.app.process.Comput1.process  124 - *GB* LK-RLU3A-TOT-DATA-PROMO-ALLOW = 94343176
23:18:29.042 [main] INFO  com.cloudframe.app.process.Comput1.process  126 - *GB* LK-RLU3A-ACCT-PLAN-DATA-ALLOW = 94343176
23:18:29.042 [main] INFO  com.cloudframe.app.process.Comput1.process   76 - ___________________________________
23:18:29.042 [main] INFO  com.cloudframe.app.process.Comput1.process   78 - 664 . WS-OOSU-SHARED-ALLOW = 437371615
23:18:29.042 [main] INFO  com.cloudframe.app.process.Comput1.process   90 - *KB* LK-RLU3A-TOT-DATA-PROMO-ALLOW = 94770296
23:18:29.042 [main] INFO  com.cloudframe.app.process.Comput1.process   92 - *KB* LK-RLU3A-ACCT-PLAN-DATA-ALLOW = 94770296
23:18:29.042 [main] INFO  com.cloudframe.app.process.Comput1.process  108 - *MB* LK-RLU3A-TOT-DATA-PROMO-ALLOW = 94770713
23:18:29.042 [main] INFO  com.cloudframe.app.process.Comput1.process  110 - *MB* LK-RLU3A-ACCT-PLAN-DATA-ALLOW = 94770713
23:18:29.043 [main] INFO  com.cloudframe.app.process.Comput1.process  124 - *GB* LK-RLU3A-TOT-DATA-PROMO-ALLOW = 94770713
23:18:29.043 [main] INFO  com.cloudframe.app.process.Comput1.process  126 - *GB* LK-RLU3A-ACCT-PLAN-DATA-ALLOW = 94770713
23:18:29.043 [main] INFO  com.cloudframe.app.process.Comput1.process   76 - ___________________________________
23:18:29.043 [main] INFO  com.cloudframe.app.process.Comput1.process   78 - 665 . WS-OOSU-SHARED-ALLOW = 438690983
23:18:29.043 [main] INFO  com.cloudframe.app.process.Comput1.process   90 - *KB* LK-RLU3A-TOT-DATA-PROMO-ALLOW = 95199122
23:18:29.043 [main] INFO  com.cloudframe.app.process.Comput1.process   92 - *KB* LK-RLU3A-ACCT-PLAN-DATA-ALLOW = 95199122
23:18:29.043 [main] INFO  com.cloudframe.app.process.Comput1.process  108 - *MB* LK-RLU3A-TOT-DATA-PROMO-ALLOW = 95199540
23:18:29.043 [main] INFO  com.cloudframe.app.process.Comput1.process  110 - *MB* LK-RLU3A-ACCT-PLAN-DATA-ALLOW = 95199540
23:18:29.043 [main] INFO  com.cloudframe.app.process.Comput1.process  124 - *GB* LK-RLU3A-TOT-DATA-PROMO-ALLOW = 95199540
23:18:29.043 [main] INFO  com.cloudframe.app.process.Comput1.process  126 - *GB* LK-RLU3A-ACCT-PLAN-DATA-ALLOW = 95199540
23:18:29.044 [main] INFO  com.cloudframe.app.process.Comput1.process   76 - ___________________________________
23:18:29.044 [main] INFO  com.cloudframe.app.process.Comput1.process   78 - 666 . WS-OOSU-SHARED-ALLOW = 440012338
23:18:29.044 [main] INFO  com.cloudframe.app.process.Comput1.process   90 - *KB* LK-RLU3A-TOT-DATA-PROMO-ALLOW = 95629239
23:18:29.044 [main] INFO  com.cloudframe.app.process.Comput1.process   92 - *KB* LK-RLU3A-ACCT-PLAN-DATA-ALLOW = 95629239
23:18:29.044 [main] INFO  com.cloudframe.app.process.Comput1.process  108 - *MB* LK-RLU3A-TOT-DATA-PROMO-ALLOW = 95629658
23:18:29.044 [main] INFO  com.cloudframe.app.process.Comput1.process  110 - *MB* LK-RLU3A-ACCT-PLAN-DATA-ALLOW = 95629658
23:18:29.044 [main] INFO  com.cloudframe.app.process.Comput1.process  124 - *GB* LK-RLU3A-TOT-DATA-PROMO-ALLOW = 95629658
23:18:29.044 [main] INFO  com.cloudframe.app.process.Comput1.process  126 - *GB* LK-RLU3A-ACCT-PLAN-DATA-ALLOW = 95629658
23:18:29.044 [main] INFO  com.cloudframe.app.process.Comput1.process   76 - ___________________________________
23:18:29.044 [main] INFO  com.cloudframe.app.process.Comput1.process   78 - 667 . WS-OOSU-SHARED-ALLOW = 441335680
23:18:29.044 [main] INFO  com.cloudframe.app.process.Comput1.process   90 - *KB* LK-RLU3A-TOT-DATA-PROMO-ALLOW = 96060649
23:18:29.045 [main] INFO  com.cloudframe.app.process.Comput1.process   92 - *KB* LK-RLU3A-ACCT-PLAN-DATA-ALLOW = 96060649
23:18:29.045 [main] INFO  com.cloudframe.app.process.Comput1.process  108 - *MB* LK-RLU3A-TOT-DATA-PROMO-ALLOW = 96061069
23:18:29.045 [main] INFO  com.cloudframe.app.process.Comput1.process  110 - *MB* LK-RLU3A-ACCT-PLAN-DATA-ALLOW = 96061069
23:18:29.045 [main] INFO  com.cloudframe.app.process.Comput1.process  124 - *GB* LK-RLU3A-TOT-DATA-PROMO-ALLOW = 96061069
23:18:29.045 [main] INFO  com.cloudframe.app.process.Comput1.process  126 - *GB* LK-RLU3A-ACCT-PLAN-DATA-ALLOW = 96061069
23:18:29.045 [main] INFO  com.cloudframe.app.process.Comput1.process   76 - ___________________________________
23:18:29.045 [main] INFO  com.cloudframe.app.process.Comput1.process   78 - 668 . WS-OOSU-SHARED-ALLOW = 442661009
23:18:29.045 [main] INFO  com.cloudframe.app.process.Comput1.process   90 - *KB* LK-RLU3A-TOT-DATA-PROMO-ALLOW = 96493355
23:18:29.045 [main] INFO  com.cloudframe.app.process.Comput1.process   92 - *KB* LK-RLU3A-ACCT-PLAN-DATA-ALLOW = 96493355
23:18:29.045 [main] INFO  com.cloudframe.app.process.Comput1.process  108 - *MB* LK-RLU3A-TOT-DATA-PROMO-ALLOW = 96493777
23:18:29.045 [main] INFO  com.cloudframe.app.process.Comput1.process  110 - *MB* LK-RLU3A-ACCT-PLAN-DATA-ALLOW = 96493777
23:18:29.046 [main] INFO  com.cloudframe.app.process.Comput1.process  124 - *GB* LK-RLU3A-TOT-DATA-PROMO-ALLOW = 96493777
23:18:29.046 [main] INFO  com.cloudframe.app.process.Comput1.process  126 - *GB* LK-RLU3A-ACCT-PLAN-DATA-ALLOW = 96493777
23:18:29.046 [main] INFO  com.cloudframe.app.process.Comput1.process   76 - ___________________________________
23:18:29.046 [main] INFO  com.cloudframe.app.process.Comput1.process   78 - 669 . WS-OOSU-SHARED-ALLOW = 443988325
23:18:29.046 [main] INFO  com.cloudframe.app.process.Comput1.process   90 - *KB* LK-RLU3A-TOT-DATA-PROMO-ALLOW = 96927359
23:18:29.046 [main] INFO  com.cloudframe.app.process.Comput1.process   92 - *KB* LK-RLU3A-ACCT-PLAN-DATA-ALLOW = 96927359
23:18:29.046 [main] INFO  com.cloudframe.app.process.Comput1.process  108 - *MB* LK-RLU3A-TOT-DATA-PROMO-ALLOW = 96927782
23:18:29.046 [main] INFO  com.cloudframe.app.process.Comput1.process  110 - *MB* LK-RLU3A-ACCT-PLAN-DATA-ALLOW = 96927782
23:18:29.046 [main] INFO  com.cloudframe.app.process.Comput1.process  124 - *GB* LK-RLU3A-TOT-DATA-PROMO-ALLOW = 96927782
23:18:29.046 [main] INFO  com.cloudframe.app.process.Comput1.process  126 - *GB* LK-RLU3A-ACCT-PLAN-DATA-ALLOW = 96927782
23:18:29.046 [main] INFO  com.cloudframe.app.process.Comput1.process   76 - ___________________________________
23:18:29.047 [main] INFO  com.cloudframe.app.process.Comput1.process   78 - 670 . WS-OOSU-SHARED-ALLOW = 445317628
23:18:29.047 [main] INFO  com.cloudframe.app.process.Comput1.process   90 - *KB* LK-RLU3A-TOT-DATA-PROMO-ALLOW = 97362662
23:18:29.047 [main] INFO  com.cloudframe.app.process.Comput1.process   92 - *KB* LK-RLU3A-ACCT-PLAN-DATA-ALLOW = 97362662
23:18:29.047 [main] INFO  com.cloudframe.app.process.Comput1.process  108 - *MB* LK-RLU3A-TOT-DATA-PROMO-ALLOW = 97363086
23:18:29.047 [main] INFO  com.cloudframe.app.process.Comput1.process  110 - *MB* LK-RLU3A-ACCT-PLAN-DATA-ALLOW = 97363086
23:18:29.047 [main] INFO  com.cloudframe.app.process.Comput1.process  124 - *GB* LK-RLU3A-TOT-DATA-PROMO-ALLOW = 97363086
23:18:29.047 [main] INFO  com.cloudframe.app.process.Comput1.process  126 - *GB* LK-RLU3A-ACCT-PLAN-DATA-ALLOW = 97363086
23:18:29.047 [main] INFO  com.cloudframe.app.process.Comput1.process   76 - ___________________________________
23:18:29.047 [main] INFO  com.cloudframe.app.process.Comput1.process   78 - 671 . WS-OOSU-SHARED-ALLOW = 446648918
23:18:29.047 [main] INFO  com.cloudframe.app.process.Comput1.process   90 - *KB* LK-RLU3A-TOT-DATA-PROMO-ALLOW = 97799266
23:18:29.047 [main] INFO  com.cloudframe.app.process.Comput1.process   92 - *KB* LK-RLU3A-ACCT-PLAN-DATA-ALLOW = 97799266
23:18:29.048 [main] INFO  com.cloudframe.app.process.Comput1.process  108 - *MB* LK-RLU3A-TOT-DATA-PROMO-ALLOW = 97799691
23:18:29.048 [main] INFO  com.cloudframe.app.process.Comput1.process  110 - *MB* LK-RLU3A-ACCT-PLAN-DATA-ALLOW = 97799691
23:18:29.048 [main] INFO  com.cloudframe.app.process.Comput1.process  124 - *GB* LK-RLU3A-TOT-DATA-PROMO-ALLOW = 97799691
23:18:29.048 [main] INFO  com.cloudframe.app.process.Comput1.process  126 - *GB* LK-RLU3A-ACCT-PLAN-DATA-ALLOW = 97799691
23:18:29.048 [main] INFO  com.cloudframe.app.process.Comput1.process   76 - ___________________________________
23:18:29.048 [main] INFO  com.cloudframe.app.process.Comput1.process   78 - 672 . WS-OOSU-SHARED-ALLOW = 447982195
23:18:29.048 [main] INFO  com.cloudframe.app.process.Comput1.process   90 - *KB* LK-RLU3A-TOT-DATA-PROMO-ALLOW = 98237173
23:18:29.048 [main] INFO  com.cloudframe.app.process.Comput1.process   92 - *KB* LK-RLU3A-ACCT-PLAN-DATA-ALLOW = 98237173
23:18:29.048 [main] INFO  com.cloudframe.app.process.Comput1.process  108 - *MB* LK-RLU3A-TOT-DATA-PROMO-ALLOW = 98237600
23:18:29.048 [main] INFO  com.cloudframe.app.process.Comput1.process  110 - *MB* LK-RLU3A-ACCT-PLAN-DATA-ALLOW = 98237600
23:18:29.048 [main] INFO  com.cloudframe.app.process.Comput1.process  124 - *GB* LK-RLU3A-TOT-DATA-PROMO-ALLOW = 98237600
23:18:29.049 [main] INFO  com.cloudframe.app.process.Comput1.process  126 - *GB* LK-RLU3A-ACCT-PLAN-DATA-ALLOW = 98237600
23:18:29.049 [main] INFO  com.cloudframe.app.process.Comput1.process   76 - ___________________________________
23:18:29.049 [main] INFO  com.cloudframe.app.process.Comput1.process   78 - 673 . WS-OOSU-SHARED-ALLOW = 449317459
23:18:29.049 [main] INFO  com.cloudframe.app.process.Comput1.process   90 - *KB* LK-RLU3A-TOT-DATA-PROMO-ALLOW = 98676386
23:18:29.049 [main] INFO  com.cloudframe.app.process.Comput1.process   92 - *KB* LK-RLU3A-ACCT-PLAN-DATA-ALLOW = 98676386
23:18:29.049 [main] INFO  com.cloudframe.app.process.Comput1.process  108 - *MB* LK-RLU3A-TOT-DATA-PROMO-ALLOW = 98676814
23:18:29.049 [main] INFO  com.cloudframe.app.process.Comput1.process  110 - *MB* LK-RLU3A-ACCT-PLAN-DATA-ALLOW = 98676814
23:18:29.049 [main] INFO  com.cloudframe.app.process.Comput1.process  124 - *GB* LK-RLU3A-TOT-DATA-PROMO-ALLOW = 98676814
23:18:29.049 [main] INFO  com.cloudframe.app.process.Comput1.process  126 - *GB* LK-RLU3A-ACCT-PLAN-DATA-ALLOW = 98676814
23:18:29.050 [main] INFO  com.cloudframe.app.process.Comput1.process   76 - ___________________________________
23:18:29.050 [main] INFO  com.cloudframe.app.process.Comput1.process   78 - 674 . WS-OOSU-SHARED-ALLOW = 450654710
23:18:29.050 [main] INFO  com.cloudframe.app.process.Comput1.process   90 - *KB* LK-RLU3A-TOT-DATA-PROMO-ALLOW = 99116906
23:18:29.050 [main] INFO  com.cloudframe.app.process.Comput1.process   92 - *KB* LK-RLU3A-ACCT-PLAN-DATA-ALLOW = 99116906
23:18:29.050 [main] INFO  com.cloudframe.app.process.Comput1.process  108 - *MB* LK-RLU3A-TOT-DATA-PROMO-ALLOW = 99117335
23:18:29.050 [main] INFO  com.cloudframe.app.process.Comput1.process  110 - *MB* LK-RLU3A-ACCT-PLAN-DATA-ALLOW = 99117335
23:18:29.050 [main] INFO  com.cloudframe.app.process.Comput1.process  124 - *GB* LK-RLU3A-TOT-DATA-PROMO-ALLOW = 99117335
23:18:29.050 [main] INFO  com.cloudframe.app.process.Comput1.process  126 - *GB* LK-RLU3A-ACCT-PLAN-DATA-ALLOW = 99117335
23:18:29.050 [main] INFO  com.cloudframe.app.process.Comput1.process   76 - ___________________________________
23:18:29.051 [main] INFO  com.cloudframe.app.process.Comput1.process   78 - 675 . WS-OOSU-SHARED-ALLOW = 451993948
23:18:29.051 [main] INFO  com.cloudframe.app.process.Comput1.process   90 - *KB* LK-RLU3A-TOT-DATA-PROMO-ALLOW = 99558735
23:18:29.051 [main] INFO  com.cloudframe.app.process.Comput1.process   92 - *KB* LK-RLU3A-ACCT-PLAN-DATA-ALLOW = 99558735
23:18:29.051 [main] INFO  com.cloudframe.app.process.Comput1.process  108 - *MB* LK-RLU3A-TOT-DATA-PROMO-ALLOW = 99559166
23:18:29.051 [main] INFO  com.cloudframe.app.process.Comput1.process  110 - *MB* LK-RLU3A-ACCT-PLAN-DATA-ALLOW = 99559166
23:18:29.051 [main] INFO  com.cloudframe.app.process.Comput1.process  124 - *GB* LK-RLU3A-TOT-DATA-PROMO-ALLOW = 99559166
23:18:29.051 [main] INFO  com.cloudframe.app.process.Comput1.process  126 - *GB* LK-RLU3A-ACCT-PLAN-DATA-ALLOW = 99559166
23:18:29.051 [main] INFO  com.cloudframe.app.process.Comput1.process   76 - ___________________________________
23:18:29.051 [main] INFO  com.cloudframe.app.process.Comput1.process   78 - 676 . WS-OOSU-SHARED-ALLOW = 453335173
23:18:29.052 [main] INFO  com.cloudframe.app.process.Comput1.process   90 - *KB* LK-RLU3A-TOT-DATA-PROMO-ALLOW = 1876
23:18:29.052 [main] INFO  com.cloudframe.app.process.Comput1.process   92 - *KB* LK-RLU3A-ACCT-PLAN-DATA-ALLOW = 100001876
23:18:29.052 [main] INFO  com.cloudframe.app.process.Comput1.process  108 - *MB* LK-RLU3A-TOT-DATA-PROMO-ALLOW = 2308
23:18:29.052 [main] INFO  com.cloudframe.app.process.Comput1.process  110 - *MB* LK-RLU3A-ACCT-PLAN-DATA-ALLOW = 100002308
23:18:29.052 [main] INFO  com.cloudframe.app.process.Comput1.process  124 - *GB* LK-RLU3A-TOT-DATA-PROMO-ALLOW = 2308
23:18:29.052 [main] INFO  com.cloudframe.app.process.Comput1.process  126 - *GB* LK-RLU3A-ACCT-PLAN-DATA-ALLOW = 100002308
23:18:29.052 [main] INFO  com.cloudframe.app.process.Comput1.process   76 - ___________________________________
23:18:29.052 [main] INFO  com.cloudframe.app.process.Comput1.process   78 - 677 . WS-OOSU-SHARED-ALLOW = 454678385
23:18:29.052 [main] INFO  com.cloudframe.app.process.Comput1.process   90 - *KB* LK-RLU3A-TOT-DATA-PROMO-ALLOW = 446329
23:18:29.052 [main] INFO  com.cloudframe.app.process.Comput1.process   92 - *KB* LK-RLU3A-ACCT-PLAN-DATA-ALLOW = 100446329
23:18:29.053 [main] INFO  com.cloudframe.app.process.Comput1.process  108 - *MB* LK-RLU3A-TOT-DATA-PROMO-ALLOW = 446762
23:18:29.053 [main] INFO  com.cloudframe.app.process.Comput1.process  110 - *MB* LK-RLU3A-ACCT-PLAN-DATA-ALLOW = 100446762
23:18:29.053 [main] INFO  com.cloudframe.app.process.Comput1.process  124 - *GB* LK-RLU3A-TOT-DATA-PROMO-ALLOW = 446762
23:18:29.053 [main] INFO  com.cloudframe.app.process.Comput1.process  126 - *GB* LK-RLU3A-ACCT-PLAN-DATA-ALLOW = 100446762
23:18:29.053 [main] INFO  com.cloudframe.app.process.Comput1.process   76 - ___________________________________
23:18:29.053 [main] INFO  com.cloudframe.app.process.Comput1.process   78 - 678 . WS-OOSU-SHARED-ALLOW = 456023584
23:18:29.053 [main] INFO  com.cloudframe.app.process.Comput1.process   90 - *KB* LK-RLU3A-TOT-DATA-PROMO-ALLOW = 892097
23:18:29.053 [main] INFO  com.cloudframe.app.process.Comput1.process   92 - *KB* LK-RLU3A-ACCT-PLAN-DATA-ALLOW = 100892097
23:18:29.053 [main] INFO  com.cloudframe.app.process.Comput1.process  108 - *MB* LK-RLU3A-TOT-DATA-PROMO-ALLOW = 892531
23:18:29.053 [main] INFO  com.cloudframe.app.process.Comput1.process  110 - *MB* LK-RLU3A-ACCT-PLAN-DATA-ALLOW = 100892531
23:18:29.053 [main] INFO  com.cloudframe.app.process.Comput1.process  124 - *GB* LK-RLU3A-TOT-DATA-PROMO-ALLOW = 892531
23:18:29.054 [main] INFO  com.cloudframe.app.process.Comput1.process  126 - *GB* LK-RLU3A-ACCT-PLAN-DATA-ALLOW = 100892531
23:18:29.054 [main] INFO  com.cloudframe.app.process.Comput1.process   76 - ___________________________________
23:18:29.054 [main] INFO  com.cloudframe.app.process.Comput1.process   78 - 679 . WS-OOSU-SHARED-ALLOW = 457370770
23:18:29.054 [main] INFO  com.cloudframe.app.process.Comput1.process   90 - *KB* LK-RLU3A-TOT-DATA-PROMO-ALLOW = 1339182
23:18:29.054 [main] INFO  com.cloudframe.app.process.Comput1.process   92 - *KB* LK-RLU3A-ACCT-PLAN-DATA-ALLOW = 101339182
23:18:29.054 [main] INFO  com.cloudframe.app.process.Comput1.process  108 - *MB* LK-RLU3A-TOT-DATA-PROMO-ALLOW = 1339618
23:18:29.054 [main] INFO  com.cloudframe.app.process.Comput1.process  110 - *MB* LK-RLU3A-ACCT-PLAN-DATA-ALLOW = 101339618
23:18:29.054 [main] INFO  com.cloudframe.app.process.Comput1.process  124 - *GB* LK-RLU3A-TOT-DATA-PROMO-ALLOW = 1339618
23:18:29.054 [main] INFO  com.cloudframe.app.process.Comput1.process  126 - *GB* LK-RLU3A-ACCT-PLAN-DATA-ALLOW = 101339618
23:18:29.054 [main] INFO  com.cloudframe.app.process.Comput1.process   76 - ___________________________________
23:18:29.055 [main] INFO  com.cloudframe.app.process.Comput1.process   78 - 680 . WS-OOSU-SHARED-ALLOW = 458719943
23:18:29.055 [main] INFO  com.cloudframe.app.process.Comput1.process   90 - *KB* LK-RLU3A-TOT-DATA-PROMO-ALLOW = 1787586
23:18:29.055 [main] INFO  com.cloudframe.app.process.Comput1.process   92 - *KB* LK-RLU3A-ACCT-PLAN-DATA-ALLOW = 101787586
23:18:29.055 [main] INFO  com.cloudframe.app.process.Comput1.process  108 - *MB* LK-RLU3A-TOT-DATA-PROMO-ALLOW = 1788023
23:18:29.055 [main] INFO  com.cloudframe.app.process.Comput1.process  110 - *MB* LK-RLU3A-ACCT-PLAN-DATA-ALLOW = 101788023
23:18:29.055 [main] INFO  com.cloudframe.app.process.Comput1.process  124 - *GB* LK-RLU3A-TOT-DATA-PROMO-ALLOW = 1788023
23:18:29.055 [main] INFO  com.cloudframe.app.process.Comput1.process  126 - *GB* LK-RLU3A-ACCT-PLAN-DATA-ALLOW = 101788023
23:18:29.055 [main] INFO  com.cloudframe.app.process.Comput1.process   76 - ___________________________________
23:18:29.055 [main] INFO  com.cloudframe.app.process.Comput1.process   78 - 681 . WS-OOSU-SHARED-ALLOW = 460071103
23:18:29.055 [main] INFO  com.cloudframe.app.process.Comput1.process   90 - *KB* LK-RLU3A-TOT-DATA-PROMO-ALLOW = 2237311
23:18:29.055 [main] INFO  com.cloudframe.app.process.Comput1.process   92 - *KB* LK-RLU3A-ACCT-PLAN-DATA-ALLOW = 102237311
23:18:29.056 [main] INFO  com.cloudframe.app.process.Comput1.process  108 - *MB* LK-RLU3A-TOT-DATA-PROMO-ALLOW = 2237749
23:18:29.056 [main] INFO  com.cloudframe.app.process.Comput1.process  110 - *MB* LK-RLU3A-ACCT-PLAN-DATA-ALLOW = 102237749
23:18:29.056 [main] INFO  com.cloudframe.app.process.Comput1.process  124 - *GB* LK-RLU3A-TOT-DATA-PROMO-ALLOW = 2237749
23:18:29.056 [main] INFO  com.cloudframe.app.process.Comput1.process  126 - *GB* LK-RLU3A-ACCT-PLAN-DATA-ALLOW = 102237749
23:18:29.056 [main] INFO  com.cloudframe.app.process.Comput1.process   76 - ___________________________________
23:18:29.056 [main] INFO  com.cloudframe.app.process.Comput1.process   78 - 682 . WS-OOSU-SHARED-ALLOW = 461424250
23:18:29.056 [main] INFO  com.cloudframe.app.process.Comput1.process   90 - *KB* LK-RLU3A-TOT-DATA-PROMO-ALLOW = 2688358
23:18:29.056 [main] INFO  com.cloudframe.app.process.Comput1.process   92 - *KB* LK-RLU3A-ACCT-PLAN-DATA-ALLOW = 102688358
23:18:29.056 [main] INFO  com.cloudframe.app.process.Comput1.process  108 - *MB* LK-RLU3A-TOT-DATA-PROMO-ALLOW = 2688798
23:18:29.056 [main] INFO  com.cloudframe.app.process.Comput1.process  110 - *MB* LK-RLU3A-ACCT-PLAN-DATA-ALLOW = 102688798
23:18:29.057 [main] INFO  com.cloudframe.app.process.Comput1.process  124 - *GB* LK-RLU3A-TOT-DATA-PROMO-ALLOW = 2688798
23:18:29.057 [main] INFO  com.cloudframe.app.process.Comput1.process  126 - *GB* LK-RLU3A-ACCT-PLAN-DATA-ALLOW = 102688798
23:18:29.057 [main] INFO  com.cloudframe.app.process.Comput1.process   76 - ___________________________________
23:18:29.057 [main] INFO  com.cloudframe.app.process.Comput1.process   78 - 683 . WS-OOSU-SHARED-ALLOW = 462779384
23:18:29.057 [main] INFO  com.cloudframe.app.process.Comput1.process   90 - *KB* LK-RLU3A-TOT-DATA-PROMO-ALLOW = 3140730
23:18:29.057 [main] INFO  com.cloudframe.app.process.Comput1.process   92 - *KB* LK-RLU3A-ACCT-PLAN-DATA-ALLOW = 103140730
23:18:29.057 [main] INFO  com.cloudframe.app.process.Comput1.process  108 - *MB* LK-RLU3A-TOT-DATA-PROMO-ALLOW = 3141171
23:18:29.057 [main] INFO  com.cloudframe.app.process.Comput1.process  110 - *MB* LK-RLU3A-ACCT-PLAN-DATA-ALLOW = 103141171
23:18:29.057 [main] INFO  com.cloudframe.app.process.Comput1.process  124 - *GB* LK-RLU3A-TOT-DATA-PROMO-ALLOW = 3141171
23:18:29.057 [main] INFO  com.cloudframe.app.process.Comput1.process  126 - *GB* LK-RLU3A-ACCT-PLAN-DATA-ALLOW = 103141171
23:18:29.057 [main] INFO  com.cloudframe.app.process.Comput1.process   76 - ___________________________________
23:18:29.058 [main] INFO  com.cloudframe.app.process.Comput1.process   78 - 684 . WS-OOSU-SHARED-ALLOW = 464136505
23:18:29.058 [main] INFO  com.cloudframe.app.process.Comput1.process   90 - *KB* LK-RLU3A-TOT-DATA-PROMO-ALLOW = 3594429
23:18:29.058 [main] INFO  com.cloudframe.app.process.Comput1.process   92 - *KB* LK-RLU3A-ACCT-PLAN-DATA-ALLOW = 103594429
23:18:29.058 [main] INFO  com.cloudframe.app.process.Comput1.process  108 - *MB* LK-RLU3A-TOT-DATA-PROMO-ALLOW = 3594871
23:18:29.058 [main] INFO  com.cloudframe.app.process.Comput1.process  110 - *MB* LK-RLU3A-ACCT-PLAN-DATA-ALLOW = 103594871
23:18:29.058 [main] INFO  com.cloudframe.app.process.Comput1.process  124 - *GB* LK-RLU3A-TOT-DATA-PROMO-ALLOW = 3594871
23:18:29.058 [main] INFO  com.cloudframe.app.process.Comput1.process  126 - *GB* LK-RLU3A-ACCT-PLAN-DATA-ALLOW = 103594871
23:18:29.058 [main] INFO  com.cloudframe.app.process.Comput1.process   76 - ___________________________________
23:18:29.058 [main] INFO  com.cloudframe.app.process.Comput1.process   78 - 685 . WS-OOSU-SHARED-ALLOW = 465495613
23:18:29.058 [main] INFO  com.cloudframe.app.process.Comput1.process   90 - *KB* LK-RLU3A-TOT-DATA-PROMO-ALLOW = 4049456
23:18:29.059 [main] INFO  com.cloudframe.app.process.Comput1.process   92 - *KB* LK-RLU3A-ACCT-PLAN-DATA-ALLOW = 104049456
23:18:29.059 [main] INFO  com.cloudframe.app.process.Comput1.process  108 - *MB* LK-RLU3A-TOT-DATA-PROMO-ALLOW = 4049899
23:18:29.059 [main] INFO  com.cloudframe.app.process.Comput1.process  110 - *MB* LK-RLU3A-ACCT-PLAN-DATA-ALLOW = 104049899
23:18:29.059 [main] INFO  com.cloudframe.app.process.Comput1.process  124 - *GB* LK-RLU3A-TOT-DATA-PROMO-ALLOW = 4049899
23:18:29.059 [main] INFO  com.cloudframe.app.process.Comput1.process  126 - *GB* LK-RLU3A-ACCT-PLAN-DATA-ALLOW = 104049899
23:18:29.059 [main] INFO  com.cloudframe.app.process.Comput1.process   76 - ___________________________________
23:18:29.059 [main] INFO  com.cloudframe.app.process.Comput1.process   78 - 686 . WS-OOSU-SHARED-ALLOW = 466856708
23:18:29.059 [main] INFO  com.cloudframe.app.process.Comput1.process   90 - *KB* LK-RLU3A-TOT-DATA-PROMO-ALLOW = 4505813
23:18:29.059 [main] INFO  com.cloudframe.app.process.Comput1.process   92 - *KB* LK-RLU3A-ACCT-PLAN-DATA-ALLOW = 104505813
23:18:29.059 [main] INFO  com.cloudframe.app.process.Comput1.process  108 - *MB* LK-RLU3A-TOT-DATA-PROMO-ALLOW = 4506258
23:18:29.059 [main] INFO  com.cloudframe.app.process.Comput1.process  110 - *MB* LK-RLU3A-ACCT-PLAN-DATA-ALLOW = 104506258
23:18:29.060 [main] INFO  com.cloudframe.app.process.Comput1.process  124 - *GB* LK-RLU3A-TOT-DATA-PROMO-ALLOW = 4506258
23:18:29.060 [main] INFO  com.cloudframe.app.process.Comput1.process  126 - *GB* LK-RLU3A-ACCT-PLAN-DATA-ALLOW = 104506258
23:18:29.060 [main] INFO  com.cloudframe.app.process.Comput1.process   76 - ___________________________________
23:18:29.060 [main] INFO  com.cloudframe.app.process.Comput1.process   78 - 687 . WS-OOSU-SHARED-ALLOW = 468219790
23:18:29.060 [main] INFO  com.cloudframe.app.process.Comput1.process   90 - *KB* LK-RLU3A-TOT-DATA-PROMO-ALLOW = 4963503
23:18:29.060 [main] INFO  com.cloudframe.app.process.Comput1.process   92 - *KB* LK-RLU3A-ACCT-PLAN-DATA-ALLOW = 104963503
23:18:29.060 [main] INFO  com.cloudframe.app.process.Comput1.process  108 - *MB* LK-RLU3A-TOT-DATA-PROMO-ALLOW = 4963949
23:18:29.060 [main] INFO  com.cloudframe.app.process.Comput1.process  110 - *MB* LK-RLU3A-ACCT-PLAN-DATA-ALLOW = 104963949
23:18:29.060 [main] INFO  com.cloudframe.app.process.Comput1.process  124 - *GB* LK-RLU3A-TOT-DATA-PROMO-ALLOW = 4963949
23:18:29.060 [main] INFO  com.cloudframe.app.process.Comput1.process  126 - *GB* LK-RLU3A-ACCT-PLAN-DATA-ALLOW = 104963949
23:18:29.061 [main] INFO  com.cloudframe.app.process.Comput1.process   76 - ___________________________________
23:18:29.061 [main] INFO  com.cloudframe.app.process.Comput1.process   78 - 688 . WS-OOSU-SHARED-ALLOW = 469584859
23:18:29.061 [main] INFO  com.cloudframe.app.process.Comput1.process   90 - *KB* LK-RLU3A-TOT-DATA-PROMO-ALLOW = 5422527
23:18:29.061 [main] INFO  com.cloudframe.app.process.Comput1.process   92 - *KB* LK-RLU3A-ACCT-PLAN-DATA-ALLOW = 105422527
23:18:29.061 [main] INFO  com.cloudframe.app.process.Comput1.process  108 - *MB* LK-RLU3A-TOT-DATA-PROMO-ALLOW = 5422974
23:18:29.061 [main] INFO  com.cloudframe.app.process.Comput1.process  110 - *MB* LK-RLU3A-ACCT-PLAN-DATA-ALLOW = 105422974
23:18:29.061 [main] INFO  com.cloudframe.app.process.Comput1.process  124 - *GB* LK-RLU3A-TOT-DATA-PROMO-ALLOW = 5422974
23:18:29.061 [main] INFO  com.cloudframe.app.process.Comput1.process  126 - *GB* LK-RLU3A-ACCT-PLAN-DATA-ALLOW = 105422974
23:18:29.061 [main] INFO  com.cloudframe.app.process.Comput1.process   76 - ___________________________________
23:18:29.061 [main] INFO  com.cloudframe.app.process.Comput1.process   78 - 689 . WS-OOSU-SHARED-ALLOW = 470951915
23:18:29.062 [main] INFO  com.cloudframe.app.process.Comput1.process   90 - *KB* LK-RLU3A-TOT-DATA-PROMO-ALLOW = 5882887
23:18:29.062 [main] INFO  com.cloudframe.app.process.Comput1.process   92 - *KB* LK-RLU3A-ACCT-PLAN-DATA-ALLOW = 105882887
23:18:29.062 [main] INFO  com.cloudframe.app.process.Comput1.process  108 - *MB* LK-RLU3A-TOT-DATA-PROMO-ALLOW = 5883336
23:18:29.062 [main] INFO  com.cloudframe.app.process.Comput1.process  110 - *MB* LK-RLU3A-ACCT-PLAN-DATA-ALLOW = 105883336
23:18:29.062 [main] INFO  com.cloudframe.app.process.Comput1.process  124 - *GB* LK-RLU3A-TOT-DATA-PROMO-ALLOW = 5883336
23:18:29.062 [main] INFO  com.cloudframe.app.process.Comput1.process  126 - *GB* LK-RLU3A-ACCT-PLAN-DATA-ALLOW = 105883336
23:18:29.062 [main] INFO  com.cloudframe.app.process.Comput1.process   76 - ___________________________________
23:18:29.062 [main] INFO  com.cloudframe.app.process.Comput1.process   78 - 690 . WS-OOSU-SHARED-ALLOW = 472320958
23:18:29.062 [main] INFO  com.cloudframe.app.process.Comput1.process   90 - *KB* LK-RLU3A-TOT-DATA-PROMO-ALLOW = 6344586
23:18:29.062 [main] INFO  com.cloudframe.app.process.Comput1.process   92 - *KB* LK-RLU3A-ACCT-PLAN-DATA-ALLOW = 106344586
23:18:29.062 [main] INFO  com.cloudframe.app.process.Comput1.process  108 - *MB* LK-RLU3A-TOT-DATA-PROMO-ALLOW = 6345036
23:18:29.063 [main] INFO  com.cloudframe.app.process.Comput1.process  110 - *MB* LK-RLU3A-ACCT-PLAN-DATA-ALLOW = 106345036
23:18:29.063 [main] INFO  com.cloudframe.app.process.Comput1.process  124 - *GB* LK-RLU3A-TOT-DATA-PROMO-ALLOW = 6345036
23:18:29.063 [main] INFO  com.cloudframe.app.process.Comput1.process  126 - *GB* LK-RLU3A-ACCT-PLAN-DATA-ALLOW = 106345036
23:18:29.063 [main] INFO  com.cloudframe.app.process.Comput1.process   76 - ___________________________________
23:18:29.063 [main] INFO  com.cloudframe.app.process.Comput1.process   78 - 691 . WS-OOSU-SHARED-ALLOW = 473691988
23:18:29.063 [main] INFO  com.cloudframe.app.process.Comput1.process   90 - *KB* LK-RLU3A-TOT-DATA-PROMO-ALLOW = 6807625
23:18:29.063 [main] INFO  com.cloudframe.app.process.Comput1.process   92 - *KB* LK-RLU3A-ACCT-PLAN-DATA-ALLOW = 106807625
23:18:29.063 [main] INFO  com.cloudframe.app.process.Comput1.process  108 - *MB* LK-RLU3A-TOT-DATA-PROMO-ALLOW = 6808076
23:18:29.063 [main] INFO  com.cloudframe.app.process.Comput1.process  110 - *MB* LK-RLU3A-ACCT-PLAN-DATA-ALLOW = 106808076
23:18:29.063 [main] INFO  com.cloudframe.app.process.Comput1.process  124 - *GB* LK-RLU3A-TOT-DATA-PROMO-ALLOW = 6808076
23:18:29.064 [main] INFO  com.cloudframe.app.process.Comput1.process  126 - *GB* LK-RLU3A-ACCT-PLAN-DATA-ALLOW = 106808076
23:18:29.064 [main] INFO  com.cloudframe.app.process.Comput1.process   76 - ___________________________________
23:18:29.064 [main] INFO  com.cloudframe.app.process.Comput1.process   78 - 692 . WS-OOSU-SHARED-ALLOW = 475065005
23:18:29.064 [main] INFO  com.cloudframe.app.process.Comput1.process   90 - *KB* LK-RLU3A-TOT-DATA-PROMO-ALLOW = 7272006
23:18:29.064 [main] INFO  com.cloudframe.app.process.Comput1.process   92 - *KB* LK-RLU3A-ACCT-PLAN-DATA-ALLOW = 107272006
23:18:29.064 [main] INFO  com.cloudframe.app.process.Comput1.process  108 - *MB* LK-RLU3A-TOT-DATA-PROMO-ALLOW = 7272459
23:18:29.064 [main] INFO  com.cloudframe.app.process.Comput1.process  110 - *MB* LK-RLU3A-ACCT-PLAN-DATA-ALLOW = 107272459
23:18:29.064 [main] INFO  com.cloudframe.app.process.Comput1.process  124 - *GB* LK-RLU3A-TOT-DATA-PROMO-ALLOW = 7272459
23:18:29.064 [main] INFO  com.cloudframe.app.process.Comput1.process  126 - *GB* LK-RLU3A-ACCT-PLAN-DATA-ALLOW = 107272459
23:18:29.064 [main] INFO  com.cloudframe.app.process.Comput1.process   76 - ___________________________________
23:18:29.064 [main] INFO  com.cloudframe.app.process.Comput1.process   78 - 693 . WS-OOSU-SHARED-ALLOW = 476440009
23:18:29.065 [main] INFO  com.cloudframe.app.process.Comput1.process   90 - *KB* LK-RLU3A-TOT-DATA-PROMO-ALLOW = 7737732
23:18:29.065 [main] INFO  com.cloudframe.app.process.Comput1.process   92 - *KB* LK-RLU3A-ACCT-PLAN-DATA-ALLOW = 107737732
23:18:29.065 [main] INFO  com.cloudframe.app.process.Comput1.process  108 - *MB* LK-RLU3A-TOT-DATA-PROMO-ALLOW = 7738186
23:18:29.065 [main] INFO  com.cloudframe.app.process.Comput1.process  110 - *MB* LK-RLU3A-ACCT-PLAN-DATA-ALLOW = 107738186
23:18:29.065 [main] INFO  com.cloudframe.app.process.Comput1.process  124 - *GB* LK-RLU3A-TOT-DATA-PROMO-ALLOW = 7738186
23:18:29.065 [main] INFO  com.cloudframe.app.process.Comput1.process  126 - *GB* LK-RLU3A-ACCT-PLAN-DATA-ALLOW = 107738186
23:18:29.065 [main] INFO  com.cloudframe.app.process.Comput1.process   76 - ___________________________________
23:18:29.065 [main] INFO  com.cloudframe.app.process.Comput1.process   78 - 694 . WS-OOSU-SHARED-ALLOW = 477817000
23:18:29.065 [main] INFO  com.cloudframe.app.process.Comput1.process   90 - *KB* LK-RLU3A-TOT-DATA-PROMO-ALLOW = 8204804
23:18:29.065 [main] INFO  com.cloudframe.app.process.Comput1.process   92 - *KB* LK-RLU3A-ACCT-PLAN-DATA-ALLOW = 108204804
23:18:29.066 [main] INFO  com.cloudframe.app.process.Comput1.process  108 - *MB* LK-RLU3A-TOT-DATA-PROMO-ALLOW = 8205259
23:18:29.066 [main] INFO  com.cloudframe.app.process.Comput1.process  110 - *MB* LK-RLU3A-ACCT-PLAN-DATA-ALLOW = 108205259
23:18:29.066 [main] INFO  com.cloudframe.app.process.Comput1.process  124 - *GB* LK-RLU3A-TOT-DATA-PROMO-ALLOW = 8205259
23:18:29.066 [main] INFO  com.cloudframe.app.process.Comput1.process  126 - *GB* LK-RLU3A-ACCT-PLAN-DATA-ALLOW = 108205259
23:18:29.066 [main] INFO  com.cloudframe.app.process.Comput1.process   76 - ___________________________________
23:18:29.066 [main] INFO  com.cloudframe.app.process.Comput1.process   78 - 695 . WS-OOSU-SHARED-ALLOW = 479195978
23:18:29.066 [main] INFO  com.cloudframe.app.process.Comput1.process   90 - *KB* LK-RLU3A-TOT-DATA-PROMO-ALLOW = 8673223
23:18:29.066 [main] INFO  com.cloudframe.app.process.Comput1.process   92 - *KB* LK-RLU3A-ACCT-PLAN-DATA-ALLOW = 108673223
23:18:29.066 [main] INFO  com.cloudframe.app.process.Comput1.process  108 - *MB* LK-RLU3A-TOT-DATA-PROMO-ALLOW = 8673679
23:18:29.066 [main] INFO  com.cloudframe.app.process.Comput1.process  110 - *MB* LK-RLU3A-ACCT-PLAN-DATA-ALLOW = 108673679
23:18:29.066 [main] INFO  com.cloudframe.app.process.Comput1.process  124 - *GB* LK-RLU3A-TOT-DATA-PROMO-ALLOW = 8673679
23:18:29.067 [main] INFO  com.cloudframe.app.process.Comput1.process  126 - *GB* LK-RLU3A-ACCT-PLAN-DATA-ALLOW = 108673679
23:18:29.067 [main] INFO  com.cloudframe.app.process.Comput1.process   76 - ___________________________________
23:18:29.067 [main] INFO  com.cloudframe.app.process.Comput1.process   78 - 696 . WS-OOSU-SHARED-ALLOW = 480576943
23:18:29.067 [main] INFO  com.cloudframe.app.process.Comput1.process   90 - *KB* LK-RLU3A-TOT-DATA-PROMO-ALLOW = 9142992
23:18:29.067 [main] INFO  com.cloudframe.app.process.Comput1.process   92 - *KB* LK-RLU3A-ACCT-PLAN-DATA-ALLOW = 109142992
23:18:29.067 [main] INFO  com.cloudframe.app.process.Comput1.process  108 - *MB* LK-RLU3A-TOT-DATA-PROMO-ALLOW = 9143450
23:18:29.067 [main] INFO  com.cloudframe.app.process.Comput1.process  110 - *MB* LK-RLU3A-ACCT-PLAN-DATA-ALLOW = 109143450
23:18:29.067 [main] INFO  com.cloudframe.app.process.Comput1.process  124 - *GB* LK-RLU3A-TOT-DATA-PROMO-ALLOW = 9143450
23:18:29.067 [main] INFO  com.cloudframe.app.process.Comput1.process  126 - *GB* LK-RLU3A-ACCT-PLAN-DATA-ALLOW = 109143450
23:18:29.067 [main] INFO  com.cloudframe.app.process.Comput1.process   76 - ___________________________________
23:18:29.067 [main] INFO  com.cloudframe.app.process.Comput1.process   78 - 697 . WS-OOSU-SHARED-ALLOW = 481959895
23:18:29.068 [main] INFO  com.cloudframe.app.process.Comput1.process   90 - *KB* LK-RLU3A-TOT-DATA-PROMO-ALLOW = 9614113
23:18:29.068 [main] INFO  com.cloudframe.app.process.Comput1.process   92 - *KB* LK-RLU3A-ACCT-PLAN-DATA-ALLOW = 109614113
23:18:29.068 [main] INFO  com.cloudframe.app.process.Comput1.process  108 - *MB* LK-RLU3A-TOT-DATA-PROMO-ALLOW = 9614572
23:18:29.068 [main] INFO  com.cloudframe.app.process.Comput1.process  110 - *MB* LK-RLU3A-ACCT-PLAN-DATA-ALLOW = 109614572
23:18:29.068 [main] INFO  com.cloudframe.app.process.Comput1.process  124 - *GB* LK-RLU3A-TOT-DATA-PROMO-ALLOW = 9614572
23:18:29.068 [main] INFO  com.cloudframe.app.process.Comput1.process  126 - *GB* LK-RLU3A-ACCT-PLAN-DATA-ALLOW = 109614572
23:18:29.068 [main] INFO  com.cloudframe.app.process.Comput1.process   76 - ___________________________________
23:18:29.068 [main] INFO  com.cloudframe.app.process.Comput1.process   78 - 698 . WS-OOSU-SHARED-ALLOW = 483344834
23:18:29.068 [main] INFO  com.cloudframe.app.process.Comput1.process   90 - *KB* LK-RLU3A-TOT-DATA-PROMO-ALLOW = 10086588
23:18:29.068 [main] INFO  com.cloudframe.app.process.Comput1.process   92 - *KB* LK-RLU3A-ACCT-PLAN-DATA-ALLOW = 110086588
23:18:29.069 [main] INFO  com.cloudframe.app.process.Comput1.process  108 - *MB* LK-RLU3A-TOT-DATA-PROMO-ALLOW = 10087048
23:18:29.069 [main] INFO  com.cloudframe.app.process.Comput1.process  110 - *MB* LK-RLU3A-ACCT-PLAN-DATA-ALLOW = 110087048
23:18:29.069 [main] INFO  com.cloudframe.app.process.Comput1.process  124 - *GB* LK-RLU3A-TOT-DATA-PROMO-ALLOW = 10087048
23:18:29.069 [main] INFO  com.cloudframe.app.process.Comput1.process  126 - *GB* LK-RLU3A-ACCT-PLAN-DATA-ALLOW = 110087048
23:18:29.069 [main] INFO  com.cloudframe.app.process.Comput1.process   76 - ___________________________________
23:18:29.069 [main] INFO  com.cloudframe.app.process.Comput1.process   78 - 699 . WS-OOSU-SHARED-ALLOW = 484731760
23:18:29.069 [main] INFO  com.cloudframe.app.process.Comput1.process   90 - *KB* LK-RLU3A-TOT-DATA-PROMO-ALLOW = 10560418
23:18:29.069 [main] INFO  com.cloudframe.app.process.Comput1.process   92 - *KB* LK-RLU3A-ACCT-PLAN-DATA-ALLOW = 110560418
23:18:29.069 [main] INFO  com.cloudframe.app.process.Comput1.process  108 - *MB* LK-RLU3A-TOT-DATA-PROMO-ALLOW = 10560880
23:18:29.069 [main] INFO  com.cloudframe.app.process.Comput1.process  110 - *MB* LK-RLU3A-ACCT-PLAN-DATA-ALLOW = 110560880
23:18:29.070 [main] INFO  com.cloudframe.app.process.Comput1.process  124 - *GB* LK-RLU3A-TOT-DATA-PROMO-ALLOW = 10560880
23:18:29.070 [main] INFO  com.cloudframe.app.process.Comput1.process  126 - *GB* LK-RLU3A-ACCT-PLAN-DATA-ALLOW = 110560880
23:18:29.070 [main] INFO  com.cloudframe.app.process.Comput1.process   76 - ___________________________________
23:18:29.070 [main] INFO  com.cloudframe.app.process.Comput1.process   78 - 700 . WS-OOSU-SHARED-ALLOW = 486120673
23:18:29.070 [main] INFO  com.cloudframe.app.process.Comput1.process   90 - *KB* LK-RLU3A-TOT-DATA-PROMO-ALLOW = 11035607
23:18:29.070 [main] INFO  com.cloudframe.app.process.Comput1.process   92 - *KB* LK-RLU3A-ACCT-PLAN-DATA-ALLOW = 111035607
23:18:29.070 [main] INFO  com.cloudframe.app.process.Comput1.process  108 - *MB* LK-RLU3A-TOT-DATA-PROMO-ALLOW = 11036070
23:18:29.070 [main] INFO  com.cloudframe.app.process.Comput1.process  110 - *MB* LK-RLU3A-ACCT-PLAN-DATA-ALLOW = 111036070
23:18:29.070 [main] INFO  com.cloudframe.app.process.Comput1.process  124 - *GB* LK-RLU3A-TOT-DATA-PROMO-ALLOW = 11036070
23:18:29.070 [main] INFO  com.cloudframe.app.process.Comput1.process  126 - *GB* LK-RLU3A-ACCT-PLAN-DATA-ALLOW = 111036070
23:18:29.071 [main] INFO  com.cloudframe.app.process.Comput1.process   76 - ___________________________________
23:18:29.071 [main] INFO  com.cloudframe.app.process.Comput1.process   78 - 701 . WS-OOSU-SHARED-ALLOW = 487511573
23:18:29.071 [main] INFO  com.cloudframe.app.process.Comput1.process   90 - *KB* LK-RLU3A-TOT-DATA-PROMO-ALLOW = 11512155
23:18:29.071 [main] INFO  com.cloudframe.app.process.Comput1.process   92 - *KB* LK-RLU3A-ACCT-PLAN-DATA-ALLOW = 111512155
23:18:29.071 [main] INFO  com.cloudframe.app.process.Comput1.process  108 - *MB* LK-RLU3A-TOT-DATA-PROMO-ALLOW = 11512619
23:18:29.071 [main] INFO  com.cloudframe.app.process.Comput1.process  110 - *MB* LK-RLU3A-ACCT-PLAN-DATA-ALLOW = 111512619
23:18:29.071 [main] INFO  com.cloudframe.app.process.Comput1.process  124 - *GB* LK-RLU3A-TOT-DATA-PROMO-ALLOW = 11512619
23:18:29.071 [main] INFO  com.cloudframe.app.process.Comput1.process  126 - *GB* LK-RLU3A-ACCT-PLAN-DATA-ALLOW = 111512619
23:18:29.071 [main] INFO  com.cloudframe.app.process.Comput1.process   76 - ___________________________________
23:18:29.071 [main] INFO  com.cloudframe.app.process.Comput1.process   78 - 702 . WS-OOSU-SHARED-ALLOW = 488904460
23:18:29.071 [main] INFO  com.cloudframe.app.process.Comput1.process   90 - *KB* LK-RLU3A-TOT-DATA-PROMO-ALLOW = 11990064
23:18:29.072 [main] INFO  com.cloudframe.app.process.Comput1.process   92 - *KB* LK-RLU3A-ACCT-PLAN-DATA-ALLOW = 111990064
23:18:29.072 [main] INFO  com.cloudframe.app.process.Comput1.process  108 - *MB* LK-RLU3A-TOT-DATA-PROMO-ALLOW = 11990530
23:18:29.072 [main] INFO  com.cloudframe.app.process.Comput1.process  110 - *MB* LK-RLU3A-ACCT-PLAN-DATA-ALLOW = 111990530
23:18:29.072 [main] INFO  com.cloudframe.app.process.Comput1.process  124 - *GB* LK-RLU3A-TOT-DATA-PROMO-ALLOW = 11990530
23:18:29.072 [main] INFO  com.cloudframe.app.process.Comput1.process  126 - *GB* LK-RLU3A-ACCT-PLAN-DATA-ALLOW = 111990530
23:18:29.072 [main] INFO  com.cloudframe.app.process.Comput1.process   76 - ___________________________________
23:18:29.072 [main] INFO  com.cloudframe.app.process.Comput1.process   78 - 703 . WS-OOSU-SHARED-ALLOW = 490299334
23:18:29.073 [main] INFO  com.cloudframe.app.process.Comput1.process   90 - *KB* LK-RLU3A-TOT-DATA-PROMO-ALLOW = 12469337
23:18:29.073 [main] INFO  com.cloudframe.app.process.Comput1.process   92 - *KB* LK-RLU3A-ACCT-PLAN-DATA-ALLOW = 112469337
23:18:29.073 [main] INFO  com.cloudframe.app.process.Comput1.process  108 - *MB* LK-RLU3A-TOT-DATA-PROMO-ALLOW = 12469804
23:18:29.073 [main] INFO  com.cloudframe.app.process.Comput1.process  110 - *MB* LK-RLU3A-ACCT-PLAN-DATA-ALLOW = 112469804
23:18:29.073 [main] INFO  com.cloudframe.app.process.Comput1.process  124 - *GB* LK-RLU3A-TOT-DATA-PROMO-ALLOW = 12469804
23:18:29.073 [main] INFO  com.cloudframe.app.process.Comput1.process  126 - *GB* LK-RLU3A-ACCT-PLAN-DATA-ALLOW = 112469804
23:18:29.073 [main] INFO  com.cloudframe.app.process.Comput1.process   76 - ___________________________________
23:18:29.073 [main] INFO  com.cloudframe.app.process.Comput1.process   78 - 704 . WS-OOSU-SHARED-ALLOW = 491696195
23:18:29.073 [main] INFO  com.cloudframe.app.process.Comput1.process   90 - *KB* LK-RLU3A-TOT-DATA-PROMO-ALLOW = 12949976
23:18:29.073 [main] INFO  com.cloudframe.app.process.Comput1.process   92 - *KB* LK-RLU3A-ACCT-PLAN-DATA-ALLOW = 112949976
23:18:29.073 [main] INFO  com.cloudframe.app.process.Comput1.process  108 - *MB* LK-RLU3A-TOT-DATA-PROMO-ALLOW = 12950444
23:18:29.074 [main] INFO  com.cloudframe.app.process.Comput1.process  110 - *MB* LK-RLU3A-ACCT-PLAN-DATA-ALLOW = 112950444
23:18:29.074 [main] INFO  com.cloudframe.app.process.Comput1.process  124 - *GB* LK-RLU3A-TOT-DATA-PROMO-ALLOW = 12950444
23:18:29.074 [main] INFO  com.cloudframe.app.process.Comput1.process  126 - *GB* LK-RLU3A-ACCT-PLAN-DATA-ALLOW = 112950444
23:18:29.074 [main] INFO  com.cloudframe.app.process.Comput1.process   76 - ___________________________________
23:18:29.074 [main] INFO  com.cloudframe.app.process.Comput1.process   78 - 705 . WS-OOSU-SHARED-ALLOW = 493095043
23:18:29.074 [main] INFO  com.cloudframe.app.process.Comput1.process   90 - *KB* LK-RLU3A-TOT-DATA-PROMO-ALLOW = 13431982
23:18:29.074 [main] INFO  com.cloudframe.app.process.Comput1.process   92 - *KB* LK-RLU3A-ACCT-PLAN-DATA-ALLOW = 113431982
23:18:29.074 [main] INFO  com.cloudframe.app.process.Comput1.process  108 - *MB* LK-RLU3A-TOT-DATA-PROMO-ALLOW = 13432452
23:18:29.074 [main] INFO  com.cloudframe.app.process.Comput1.process  110 - *MB* LK-RLU3A-ACCT-PLAN-DATA-ALLOW = 113432452
23:18:29.074 [main] INFO  com.cloudframe.app.process.Comput1.process  124 - *GB* LK-RLU3A-TOT-DATA-PROMO-ALLOW = 13432452
23:18:29.075 [main] INFO  com.cloudframe.app.process.Comput1.process  126 - *GB* LK-RLU3A-ACCT-PLAN-DATA-ALLOW = 113432452
23:18:29.075 [main] INFO  com.cloudframe.app.process.Comput1.process   76 - ___________________________________
23:18:29.075 [main] INFO  com.cloudframe.app.process.Comput1.process   78 - 706 . WS-OOSU-SHARED-ALLOW = 494495878
23:18:29.075 [main] INFO  com.cloudframe.app.process.Comput1.process   90 - *KB* LK-RLU3A-TOT-DATA-PROMO-ALLOW = 13915358
23:18:29.075 [main] INFO  com.cloudframe.app.process.Comput1.process   92 - *KB* LK-RLU3A-ACCT-PLAN-DATA-ALLOW = 113915358
23:18:29.075 [main] INFO  com.cloudframe.app.process.Comput1.process  108 - *MB* LK-RLU3A-TOT-DATA-PROMO-ALLOW = 13915829
23:18:29.075 [main] INFO  com.cloudframe.app.process.Comput1.process  110 - *MB* LK-RLU3A-ACCT-PLAN-DATA-ALLOW = 113915829
23:18:29.075 [main] INFO  com.cloudframe.app.process.Comput1.process  124 - *GB* LK-RLU3A-TOT-DATA-PROMO-ALLOW = 13915829
23:18:29.075 [main] INFO  com.cloudframe.app.process.Comput1.process  126 - *GB* LK-RLU3A-ACCT-PLAN-DATA-ALLOW = 113915829
23:18:29.075 [main] INFO  com.cloudframe.app.process.Comput1.process   76 - ___________________________________
23:18:29.075 [main] INFO  com.cloudframe.app.process.Comput1.process   78 - 707 . WS-OOSU-SHARED-ALLOW = 495898700
23:18:29.076 [main] INFO  com.cloudframe.app.process.Comput1.process   90 - *KB* LK-RLU3A-TOT-DATA-PROMO-ALLOW = 14400105
23:18:29.076 [main] INFO  com.cloudframe.app.process.Comput1.process   92 - *KB* LK-RLU3A-ACCT-PLAN-DATA-ALLOW = 114400105
23:18:29.076 [main] INFO  com.cloudframe.app.process.Comput1.process  108 - *MB* LK-RLU3A-TOT-DATA-PROMO-ALLOW = 14400577
23:18:29.076 [main] INFO  com.cloudframe.app.process.Comput1.process  110 - *MB* LK-RLU3A-ACCT-PLAN-DATA-ALLOW = 114400577
23:18:29.076 [main] INFO  com.cloudframe.app.process.Comput1.process  124 - *GB* LK-RLU3A-TOT-DATA-PROMO-ALLOW = 14400577
23:18:29.076 [main] INFO  com.cloudframe.app.process.Comput1.process  126 - *GB* LK-RLU3A-ACCT-PLAN-DATA-ALLOW = 114400577
23:18:29.076 [main] INFO  com.cloudframe.app.process.Comput1.process   76 - ___________________________________
23:18:29.076 [main] INFO  com.cloudframe.app.process.Comput1.process   78 - 708 . WS-OOSU-SHARED-ALLOW = 497303509
23:18:29.076 [main] INFO  com.cloudframe.app.process.Comput1.process   90 - *KB* LK-RLU3A-TOT-DATA-PROMO-ALLOW = 14886224
23:18:29.076 [main] INFO  com.cloudframe.app.process.Comput1.process   92 - *KB* LK-RLU3A-ACCT-PLAN-DATA-ALLOW = 114886224
23:18:29.077 [main] INFO  com.cloudframe.app.process.Comput1.process  108 - *MB* LK-RLU3A-TOT-DATA-PROMO-ALLOW = 14886698
23:18:29.077 [main] INFO  com.cloudframe.app.process.Comput1.process  110 - *MB* LK-RLU3A-ACCT-PLAN-DATA-ALLOW = 114886698
23:18:29.077 [main] INFO  com.cloudframe.app.process.Comput1.process  124 - *GB* LK-RLU3A-TOT-DATA-PROMO-ALLOW = 14886698
23:18:29.077 [main] INFO  com.cloudframe.app.process.Comput1.process  126 - *GB* LK-RLU3A-ACCT-PLAN-DATA-ALLOW = 114886698
23:18:29.077 [main] INFO  com.cloudframe.app.process.Comput1.process   76 - ___________________________________
23:18:29.077 [main] INFO  com.cloudframe.app.process.Comput1.process   78 - 709 . WS-OOSU-SHARED-ALLOW = 498710305
23:18:29.077 [main] INFO  com.cloudframe.app.process.Comput1.process   90 - *KB* LK-RLU3A-TOT-DATA-PROMO-ALLOW = 15373719
23:18:29.077 [main] INFO  com.cloudframe.app.process.Comput1.process   92 - *KB* LK-RLU3A-ACCT-PLAN-DATA-ALLOW = 115373719
23:18:29.077 [main] INFO  com.cloudframe.app.process.Comput1.process  108 - *MB* LK-RLU3A-TOT-DATA-PROMO-ALLOW = 15374194
23:18:29.077 [main] INFO  com.cloudframe.app.process.Comput1.process  110 - *MB* LK-RLU3A-ACCT-PLAN-DATA-ALLOW = 115374194
23:18:29.078 [main] INFO  com.cloudframe.app.process.Comput1.process  124 - *GB* LK-RLU3A-TOT-DATA-PROMO-ALLOW = 15374194
23:18:29.078 [main] INFO  com.cloudframe.app.process.Comput1.process  126 - *GB* LK-RLU3A-ACCT-PLAN-DATA-ALLOW = 115374194
23:18:29.078 [main] INFO  com.cloudframe.app.process.Comput1.process   76 - ___________________________________
23:18:29.078 [main] INFO  com.cloudframe.app.process.Comput1.process   78 - 710 . WS-OOSU-SHARED-ALLOW = 500119088
23:18:29.078 [main] INFO  com.cloudframe.app.process.Comput1.process   90 - *KB* LK-RLU3A-TOT-DATA-PROMO-ALLOW = 15862591
23:18:29.078 [main] INFO  com.cloudframe.app.process.Comput1.process   92 - *KB* LK-RLU3A-ACCT-PLAN-DATA-ALLOW = 115862591
23:18:29.078 [main] INFO  com.cloudframe.app.process.Comput1.process  108 - *MB* LK-RLU3A-TOT-DATA-PROMO-ALLOW = 15863067
23:18:29.078 [main] INFO  com.cloudframe.app.process.Comput1.process  110 - *MB* LK-RLU3A-ACCT-PLAN-DATA-ALLOW = 115863067
23:18:29.078 [main] INFO  com.cloudframe.app.process.Comput1.process  124 - *GB* LK-RLU3A-TOT-DATA-PROMO-ALLOW = 15863067
23:18:29.078 [main] INFO  com.cloudframe.app.process.Comput1.process  126 - *GB* LK-RLU3A-ACCT-PLAN-DATA-ALLOW = 115863067
23:18:29.079 [main] INFO  com.cloudframe.app.process.Comput1.process   76 - ___________________________________
23:18:29.079 [main] INFO  com.cloudframe.app.process.Comput1.process   78 - 711 . WS-OOSU-SHARED-ALLOW = 501529858
23:18:29.079 [main] INFO  com.cloudframe.app.process.Comput1.process   90 - *KB* LK-RLU3A-TOT-DATA-PROMO-ALLOW = 16352842
23:18:29.079 [main] INFO  com.cloudframe.app.process.Comput1.process   92 - *KB* LK-RLU3A-ACCT-PLAN-DATA-ALLOW = 116352842
23:18:29.079 [main] INFO  com.cloudframe.app.process.Comput1.process  108 - *MB* LK-RLU3A-TOT-DATA-PROMO-ALLOW = 16353320
23:18:29.079 [main] INFO  com.cloudframe.app.process.Comput1.process  110 - *MB* LK-RLU3A-ACCT-PLAN-DATA-ALLOW = 116353320
23:18:29.079 [main] INFO  com.cloudframe.app.process.Comput1.process  124 - *GB* LK-RLU3A-TOT-DATA-PROMO-ALLOW = 16353320
23:18:29.079 [main] INFO  com.cloudframe.app.process.Comput1.process  126 - *GB* LK-RLU3A-ACCT-PLAN-DATA-ALLOW = 116353320
23:18:29.079 [main] INFO  com.cloudframe.app.process.Comput1.process   76 - ___________________________________
23:18:29.079 [main] INFO  com.cloudframe.app.process.Comput1.process   78 - 712 . WS-OOSU-SHARED-ALLOW = 502942615
23:18:29.080 [main] INFO  com.cloudframe.app.process.Comput1.process   90 - *KB* LK-RLU3A-TOT-DATA-PROMO-ALLOW = 16844474
23:18:29.080 [main] INFO  com.cloudframe.app.process.Comput1.process   92 - *KB* LK-RLU3A-ACCT-PLAN-DATA-ALLOW = 116844474
23:18:29.080 [main] INFO  com.cloudframe.app.process.Comput1.process  108 - *MB* LK-RLU3A-TOT-DATA-PROMO-ALLOW = 16844953
23:18:29.080 [main] INFO  com.cloudframe.app.process.Comput1.process  110 - *MB* LK-RLU3A-ACCT-PLAN-DATA-ALLOW = 116844953
23:18:29.080 [main] INFO  com.cloudframe.app.process.Comput1.process  124 - *GB* LK-RLU3A-TOT-DATA-PROMO-ALLOW = 16844953
23:18:29.080 [main] INFO  com.cloudframe.app.process.Comput1.process  126 - *GB* LK-RLU3A-ACCT-PLAN-DATA-ALLOW = 116844953
23:18:29.080 [main] INFO  com.cloudframe.app.process.Comput1.process   76 - ___________________________________
23:18:29.080 [main] INFO  com.cloudframe.app.process.Comput1.process   78 - 713 . WS-OOSU-SHARED-ALLOW = 504357359
23:18:29.080 [main] INFO  com.cloudframe.app.process.Comput1.process   90 - *KB* LK-RLU3A-TOT-DATA-PROMO-ALLOW = 17337489
23:18:29.080 [main] INFO  com.cloudframe.app.process.Comput1.process   92 - *KB* LK-RLU3A-ACCT-PLAN-DATA-ALLOW = 117337489
23:18:29.081 [main] INFO  com.cloudframe.app.process.Comput1.process  108 - *MB* LK-RLU3A-TOT-DATA-PROMO-ALLOW = 17337969
23:18:29.081 [main] INFO  com.cloudframe.app.process.Comput1.process  110 - *MB* LK-RLU3A-ACCT-PLAN-DATA-ALLOW = 117337969
23:18:29.081 [main] INFO  com.cloudframe.app.process.Comput1.process  124 - *GB* LK-RLU3A-TOT-DATA-PROMO-ALLOW = 17337969
23:18:29.081 [main] INFO  com.cloudframe.app.process.Comput1.process  126 - *GB* LK-RLU3A-ACCT-PLAN-DATA-ALLOW = 117337969
23:18:29.081 [main] INFO  com.cloudframe.app.process.Comput1.process   76 - ___________________________________
23:18:29.081 [main] INFO  com.cloudframe.app.process.Comput1.process   78 - 714 . WS-OOSU-SHARED-ALLOW = 505774090
23:18:29.081 [main] INFO  com.cloudframe.app.process.Comput1.process   90 - *KB* LK-RLU3A-TOT-DATA-PROMO-ALLOW = 17831889
23:18:29.081 [main] INFO  com.cloudframe.app.process.Comput1.process   92 - *KB* LK-RLU3A-ACCT-PLAN-DATA-ALLOW = 117831889
23:18:29.081 [main] INFO  com.cloudframe.app.process.Comput1.process  108 - *MB* LK-RLU3A-TOT-DATA-PROMO-ALLOW = 17832371
23:18:29.081 [main] INFO  com.cloudframe.app.process.Comput1.process  110 - *MB* LK-RLU3A-ACCT-PLAN-DATA-ALLOW = 117832371
23:18:29.081 [main] INFO  com.cloudframe.app.process.Comput1.process  124 - *GB* LK-RLU3A-TOT-DATA-PROMO-ALLOW = 17832371
23:18:29.082 [main] INFO  com.cloudframe.app.process.Comput1.process  126 - *GB* LK-RLU3A-ACCT-PLAN-DATA-ALLOW = 117832371
23:18:29.082 [main] INFO  com.cloudframe.app.process.Comput1.process   76 - ___________________________________
23:18:29.082 [main] INFO  com.cloudframe.app.process.Comput1.process   78 - 715 . WS-OOSU-SHARED-ALLOW = 507192808
23:18:29.082 [main] INFO  com.cloudframe.app.process.Comput1.process   90 - *KB* LK-RLU3A-TOT-DATA-PROMO-ALLOW = 18327676
23:18:29.082 [main] INFO  com.cloudframe.app.process.Comput1.process   92 - *KB* LK-RLU3A-ACCT-PLAN-DATA-ALLOW = 118327676
23:18:29.082 [main] INFO  com.cloudframe.app.process.Comput1.process  108 - *MB* LK-RLU3A-TOT-DATA-PROMO-ALLOW = 18328159
23:18:29.082 [main] INFO  com.cloudframe.app.process.Comput1.process  110 - *MB* LK-RLU3A-ACCT-PLAN-DATA-ALLOW = 118328159
23:18:29.082 [main] INFO  com.cloudframe.app.process.Comput1.process  124 - *GB* LK-RLU3A-TOT-DATA-PROMO-ALLOW = 18328159
23:18:29.082 [main] INFO  com.cloudframe.app.process.Comput1.process  126 - *GB* LK-RLU3A-ACCT-PLAN-DATA-ALLOW = 118328159
23:18:29.082 [main] INFO  com.cloudframe.app.process.Comput1.process   76 - ___________________________________
23:18:29.082 [main] INFO  com.cloudframe.app.process.Comput1.process   78 - 716 . WS-OOSU-SHARED-ALLOW = 508613513
23:18:29.083 [main] INFO  com.cloudframe.app.process.Comput1.process   90 - *KB* LK-RLU3A-TOT-DATA-PROMO-ALLOW = 18824851
23:18:29.083 [main] INFO  com.cloudframe.app.process.Comput1.process   92 - *KB* LK-RLU3A-ACCT-PLAN-DATA-ALLOW = 118824851
23:18:29.083 [main] INFO  com.cloudframe.app.process.Comput1.process  108 - *MB* LK-RLU3A-TOT-DATA-PROMO-ALLOW = 18825336
23:18:29.083 [main] INFO  com.cloudframe.app.process.Comput1.process  110 - *MB* LK-RLU3A-ACCT-PLAN-DATA-ALLOW = 118825336
23:18:29.083 [main] INFO  com.cloudframe.app.process.Comput1.process  124 - *GB* LK-RLU3A-TOT-DATA-PROMO-ALLOW = 18825336
23:18:29.083 [main] INFO  com.cloudframe.app.process.Comput1.process  126 - *GB* LK-RLU3A-ACCT-PLAN-DATA-ALLOW = 118825336
23:18:29.083 [main] INFO  com.cloudframe.app.process.Comput1.process   76 - ___________________________________
23:18:29.083 [main] INFO  com.cloudframe.app.process.Comput1.process   78 - 717 . WS-OOSU-SHARED-ALLOW = 510036205
23:18:29.083 [main] INFO  com.cloudframe.app.process.Comput1.process   90 - *KB* LK-RLU3A-TOT-DATA-PROMO-ALLOW = 19323418
23:18:29.083 [main] INFO  com.cloudframe.app.process.Comput1.process   92 - *KB* LK-RLU3A-ACCT-PLAN-DATA-ALLOW = 119323418
23:18:29.084 [main] INFO  com.cloudframe.app.process.Comput1.process  108 - *MB* LK-RLU3A-TOT-DATA-PROMO-ALLOW = 19323904
23:18:29.084 [main] INFO  com.cloudframe.app.process.Comput1.process  110 - *MB* LK-RLU3A-ACCT-PLAN-DATA-ALLOW = 119323904
23:18:29.084 [main] INFO  com.cloudframe.app.process.Comput1.process  124 - *GB* LK-RLU3A-TOT-DATA-PROMO-ALLOW = 19323904
23:18:29.084 [main] INFO  com.cloudframe.app.process.Comput1.process  126 - *GB* LK-RLU3A-ACCT-PLAN-DATA-ALLOW = 119323904
23:18:29.084 [main] INFO  com.cloudframe.app.process.Comput1.process   76 - ___________________________________
23:18:29.084 [main] INFO  com.cloudframe.app.process.Comput1.process   78 - 718 . WS-OOSU-SHARED-ALLOW = 511460884
23:18:29.084 [main] INFO  com.cloudframe.app.process.Comput1.process   90 - *KB* LK-RLU3A-TOT-DATA-PROMO-ALLOW = 19823377
23:18:29.084 [main] INFO  com.cloudframe.app.process.Comput1.process   92 - *KB* LK-RLU3A-ACCT-PLAN-DATA-ALLOW = 119823377
23:18:29.084 [main] INFO  com.cloudframe.app.process.Comput1.process  108 - *MB* LK-RLU3A-TOT-DATA-PROMO-ALLOW = 19823864
23:18:29.084 [main] INFO  com.cloudframe.app.process.Comput1.process  110 - *MB* LK-RLU3A-ACCT-PLAN-DATA-ALLOW = 119823864
23:18:29.084 [main] INFO  com.cloudframe.app.process.Comput1.process  124 - *GB* LK-RLU3A-TOT-DATA-PROMO-ALLOW = 19823864
23:18:29.085 [main] INFO  com.cloudframe.app.process.Comput1.process  126 - *GB* LK-RLU3A-ACCT-PLAN-DATA-ALLOW = 119823864
23:18:29.085 [main] INFO  com.cloudframe.app.process.Comput1.process   76 - ___________________________________
23:18:29.085 [main] INFO  com.cloudframe.app.process.Comput1.process   78 - 719 . WS-OOSU-SHARED-ALLOW = 512887550
23:18:29.085 [main] INFO  com.cloudframe.app.process.Comput1.process   90 - *KB* LK-RLU3A-TOT-DATA-PROMO-ALLOW = 20324730
23:18:29.085 [main] INFO  com.cloudframe.app.process.Comput1.process   92 - *KB* LK-RLU3A-ACCT-PLAN-DATA-ALLOW = 120324730
23:18:29.085 [main] INFO  com.cloudframe.app.process.Comput1.process  108 - *MB* LK-RLU3A-TOT-DATA-PROMO-ALLOW = 20325219
23:18:29.085 [main] INFO  com.cloudframe.app.process.Comput1.process  110 - *MB* LK-RLU3A-ACCT-PLAN-DATA-ALLOW = 120325219
23:18:29.085 [main] INFO  com.cloudframe.app.process.Comput1.process  124 - *GB* LK-RLU3A-TOT-DATA-PROMO-ALLOW = 20325219
23:18:29.085 [main] INFO  com.cloudframe.app.process.Comput1.process  126 - *GB* LK-RLU3A-ACCT-PLAN-DATA-ALLOW = 120325219
23:18:29.085 [main] INFO  com.cloudframe.app.process.Comput1.process   76 - ___________________________________
23:18:29.085 [main] INFO  com.cloudframe.app.process.Comput1.process   78 - 720 . WS-OOSU-SHARED-ALLOW = 514316203
23:18:29.086 [main] INFO  com.cloudframe.app.process.Comput1.process   90 - *KB* LK-RLU3A-TOT-DATA-PROMO-ALLOW = 20827480
23:18:29.086 [main] INFO  com.cloudframe.app.process.Comput1.process   92 - *KB* LK-RLU3A-ACCT-PLAN-DATA-ALLOW = 120827480
23:18:29.086 [main] INFO  com.cloudframe.app.process.Comput1.process  108 - *MB* LK-RLU3A-TOT-DATA-PROMO-ALLOW = 20827970
23:18:29.086 [main] INFO  com.cloudframe.app.process.Comput1.process  110 - *MB* LK-RLU3A-ACCT-PLAN-DATA-ALLOW = 120827970
23:18:29.086 [main] INFO  com.cloudframe.app.process.Comput1.process  124 - *GB* LK-RLU3A-TOT-DATA-PROMO-ALLOW = 20827970
23:18:29.086 [main] INFO  com.cloudframe.app.process.Comput1.process  126 - *GB* LK-RLU3A-ACCT-PLAN-DATA-ALLOW = 120827970
23:18:29.086 [main] INFO  com.cloudframe.app.process.Comput1.process   76 - ___________________________________
23:18:29.086 [main] INFO  com.cloudframe.app.process.Comput1.process   78 - 721 . WS-OOSU-SHARED-ALLOW = 515746843
23:18:29.086 [main] INFO  com.cloudframe.app.process.Comput1.process   90 - *KB* LK-RLU3A-TOT-DATA-PROMO-ALLOW = 21331629
23:18:29.086 [main] INFO  com.cloudframe.app.process.Comput1.process   92 - *KB* LK-RLU3A-ACCT-PLAN-DATA-ALLOW = 121331629
23:18:29.087 [main] INFO  com.cloudframe.app.process.Comput1.process  108 - *MB* LK-RLU3A-TOT-DATA-PROMO-ALLOW = 21332120
23:18:29.087 [main] INFO  com.cloudframe.app.process.Comput1.process  110 - *MB* LK-RLU3A-ACCT-PLAN-DATA-ALLOW = 121332120
23:18:29.087 [main] INFO  com.cloudframe.app.process.Comput1.process  124 - *GB* LK-RLU3A-TOT-DATA-PROMO-ALLOW = 21332120
23:18:29.087 [main] INFO  com.cloudframe.app.process.Comput1.process  126 - *GB* LK-RLU3A-ACCT-PLAN-DATA-ALLOW = 121332120
23:18:29.087 [main] INFO  com.cloudframe.app.process.Comput1.process   76 - ___________________________________
23:18:29.087 [main] INFO  com.cloudframe.app.process.Comput1.process   78 - 722 . WS-OOSU-SHARED-ALLOW = 517179470
23:18:29.087 [main] INFO  com.cloudframe.app.process.Comput1.process   90 - *KB* LK-RLU3A-TOT-DATA-PROMO-ALLOW = 21837178
23:18:29.087 [main] INFO  com.cloudframe.app.process.Comput1.process   92 - *KB* LK-RLU3A-ACCT-PLAN-DATA-ALLOW = 121837178
23:18:29.087 [main] INFO  com.cloudframe.app.process.Comput1.process  108 - *MB* LK-RLU3A-TOT-DATA-PROMO-ALLOW = 21837671
23:18:29.087 [main] INFO  com.cloudframe.app.process.Comput1.process  110 - *MB* LK-RLU3A-ACCT-PLAN-DATA-ALLOW = 121837671
23:18:29.087 [main] INFO  com.cloudframe.app.process.Comput1.process  124 - *GB* LK-RLU3A-TOT-DATA-PROMO-ALLOW = 21837671
23:18:29.088 [main] INFO  com.cloudframe.app.process.Comput1.process  126 - *GB* LK-RLU3A-ACCT-PLAN-DATA-ALLOW = 121837671
23:18:29.088 [main] INFO  com.cloudframe.app.process.Comput1.process   76 - ___________________________________
23:18:29.088 [main] INFO  com.cloudframe.app.process.Comput1.process   78 - 723 . WS-OOSU-SHARED-ALLOW = 518614084
23:18:29.088 [main] INFO  com.cloudframe.app.process.Comput1.process   90 - *KB* LK-RLU3A-TOT-DATA-PROMO-ALLOW = 22344130
23:18:29.088 [main] INFO  com.cloudframe.app.process.Comput1.process   92 - *KB* LK-RLU3A-ACCT-PLAN-DATA-ALLOW = 122344130
23:18:29.088 [main] INFO  com.cloudframe.app.process.Comput1.process  108 - *MB* LK-RLU3A-TOT-DATA-PROMO-ALLOW = 22344624
23:18:29.088 [main] INFO  com.cloudframe.app.process.Comput1.process  110 - *MB* LK-RLU3A-ACCT-PLAN-DATA-ALLOW = 122344624
23:18:29.088 [main] INFO  com.cloudframe.app.process.Comput1.process  124 - *GB* LK-RLU3A-TOT-DATA-PROMO-ALLOW = 22344624
23:18:29.088 [main] INFO  com.cloudframe.app.process.Comput1.process  126 - *GB* LK-RLU3A-ACCT-PLAN-DATA-ALLOW = 122344624
23:18:29.088 [main] INFO  com.cloudframe.app.process.Comput1.process   76 - ___________________________________
23:18:29.088 [main] INFO  com.cloudframe.app.process.Comput1.process   78 - 724 . WS-OOSU-SHARED-ALLOW = 520050685
23:18:29.089 [main] INFO  com.cloudframe.app.process.Comput1.process   90 - *KB* LK-RLU3A-TOT-DATA-PROMO-ALLOW = 22852485
23:18:29.089 [main] INFO  com.cloudframe.app.process.Comput1.process   92 - *KB* LK-RLU3A-ACCT-PLAN-DATA-ALLOW = 122852485
23:18:29.089 [main] INFO  com.cloudframe.app.process.Comput1.process  108 - *MB* LK-RLU3A-TOT-DATA-PROMO-ALLOW = 22852980
23:18:29.089 [main] INFO  com.cloudframe.app.process.Comput1.process  110 - *MB* LK-RLU3A-ACCT-PLAN-DATA-ALLOW = 122852980
23:18:29.089 [main] INFO  com.cloudframe.app.process.Comput1.process  124 - *GB* LK-RLU3A-TOT-DATA-PROMO-ALLOW = 22852980
23:18:29.089 [main] INFO  com.cloudframe.app.process.Comput1.process  126 - *GB* LK-RLU3A-ACCT-PLAN-DATA-ALLOW = 122852980
23:18:29.089 [main] INFO  com.cloudframe.app.process.Comput1.process   76 - ___________________________________
23:18:29.089 [main] INFO  com.cloudframe.app.process.Comput1.process   78 - 725 . WS-OOSU-SHARED-ALLOW = 521489273
23:18:29.089 [main] INFO  com.cloudframe.app.process.Comput1.process   90 - *KB* LK-RLU3A-TOT-DATA-PROMO-ALLOW = 23362246
23:18:29.089 [main] INFO  com.cloudframe.app.process.Comput1.process   92 - *KB* LK-RLU3A-ACCT-PLAN-DATA-ALLOW = 123362246
23:18:29.090 [main] INFO  com.cloudframe.app.process.Comput1.process  108 - *MB* LK-RLU3A-TOT-DATA-PROMO-ALLOW = 23362743
23:18:29.090 [main] INFO  com.cloudframe.app.process.Comput1.process  110 - *MB* LK-RLU3A-ACCT-PLAN-DATA-ALLOW = 123362743
23:18:29.090 [main] INFO  com.cloudframe.app.process.Comput1.process  124 - *GB* LK-RLU3A-TOT-DATA-PROMO-ALLOW = 23362743
23:18:29.090 [main] INFO  com.cloudframe.app.process.Comput1.process  126 - *GB* LK-RLU3A-ACCT-PLAN-DATA-ALLOW = 123362743
23:18:29.090 [main] INFO  com.cloudframe.app.process.Comput1.process   76 - ___________________________________
23:18:29.090 [main] INFO  com.cloudframe.app.process.Comput1.process   78 - 726 . WS-OOSU-SHARED-ALLOW = 522929848
23:18:29.090 [main] INFO  com.cloudframe.app.process.Comput1.process   90 - *KB* LK-RLU3A-TOT-DATA-PROMO-ALLOW = 23873416
23:18:29.090 [main] INFO  com.cloudframe.app.process.Comput1.process   92 - *KB* LK-RLU3A-ACCT-PLAN-DATA-ALLOW = 123873416
23:18:29.090 [main] INFO  com.cloudframe.app.process.Comput1.process  108 - *MB* LK-RLU3A-TOT-DATA-PROMO-ALLOW = 23873914
23:18:29.090 [main] INFO  com.cloudframe.app.process.Comput1.process  110 - *MB* LK-RLU3A-ACCT-PLAN-DATA-ALLOW = 123873914
23:18:29.091 [main] INFO  com.cloudframe.app.process.Comput1.process  124 - *GB* LK-RLU3A-TOT-DATA-PROMO-ALLOW = 23873914
23:18:29.091 [main] INFO  com.cloudframe.app.process.Comput1.process  126 - *GB* LK-RLU3A-ACCT-PLAN-DATA-ALLOW = 123873914
23:18:29.091 [main] INFO  com.cloudframe.app.process.Comput1.process   76 - ___________________________________
23:18:29.091 [main] INFO  com.cloudframe.app.process.Comput1.process   78 - 727 . WS-OOSU-SHARED-ALLOW = 524372410
23:18:29.091 [main] INFO  com.cloudframe.app.process.Comput1.process   90 - *KB* LK-RLU3A-TOT-DATA-PROMO-ALLOW = 24385996
23:18:29.091 [main] INFO  com.cloudframe.app.process.Comput1.process   92 - *KB* LK-RLU3A-ACCT-PLAN-DATA-ALLOW = 124385996
23:18:29.091 [main] INFO  com.cloudframe.app.process.Comput1.process  108 - *MB* LK-RLU3A-TOT-DATA-PROMO-ALLOW = 24386496
23:18:29.091 [main] INFO  com.cloudframe.app.process.Comput1.process  110 - *MB* LK-RLU3A-ACCT-PLAN-DATA-ALLOW = 124386496
23:18:29.091 [main] INFO  com.cloudframe.app.process.Comput1.process  124 - *GB* LK-RLU3A-TOT-DATA-PROMO-ALLOW = 24386496
23:18:29.091 [main] INFO  com.cloudframe.app.process.Comput1.process  126 - *GB* LK-RLU3A-ACCT-PLAN-DATA-ALLOW = 124386496
23:18:29.091 [main] INFO  com.cloudframe.app.process.Comput1.process   76 - ___________________________________
23:18:29.092 [main] INFO  com.cloudframe.app.process.Comput1.process   78 - 728 . WS-OOSU-SHARED-ALLOW = 525816959
23:18:29.092 [main] INFO  com.cloudframe.app.process.Comput1.process   90 - *KB* LK-RLU3A-TOT-DATA-PROMO-ALLOW = 24899989
23:18:29.092 [main] INFO  com.cloudframe.app.process.Comput1.process   92 - *KB* LK-RLU3A-ACCT-PLAN-DATA-ALLOW = 124899989
23:18:29.092 [main] INFO  com.cloudframe.app.process.Comput1.process  108 - *MB* LK-RLU3A-TOT-DATA-PROMO-ALLOW = 24900490
23:18:29.092 [main] INFO  com.cloudframe.app.process.Comput1.process  110 - *MB* LK-RLU3A-ACCT-PLAN-DATA-ALLOW = 124900490
23:18:29.092 [main] INFO  com.cloudframe.app.process.Comput1.process  124 - *GB* LK-RLU3A-TOT-DATA-PROMO-ALLOW = 24900490
23:18:29.092 [main] INFO  com.cloudframe.app.process.Comput1.process  126 - *GB* LK-RLU3A-ACCT-PLAN-DATA-ALLOW = 124900490
23:18:29.092 [main] INFO  com.cloudframe.app.process.Comput1.process   76 - ___________________________________
23:18:29.092 [main] INFO  com.cloudframe.app.process.Comput1.process   78 - 729 . WS-OOSU-SHARED-ALLOW = 527263495
23:18:29.092 [main] INFO  com.cloudframe.app.process.Comput1.process   90 - *KB* LK-RLU3A-TOT-DATA-PROMO-ALLOW = 25415395
23:18:29.092 [main] INFO  com.cloudframe.app.process.Comput1.process   92 - *KB* LK-RLU3A-ACCT-PLAN-DATA-ALLOW = 125415395
23:18:29.093 [main] INFO  com.cloudframe.app.process.Comput1.process  108 - *MB* LK-RLU3A-TOT-DATA-PROMO-ALLOW = 25415897
23:18:29.093 [main] INFO  com.cloudframe.app.process.Comput1.process  110 - *MB* LK-RLU3A-ACCT-PLAN-DATA-ALLOW = 125415897
23:18:29.093 [main] INFO  com.cloudframe.app.process.Comput1.process  124 - *GB* LK-RLU3A-TOT-DATA-PROMO-ALLOW = 25415897
23:18:29.093 [main] INFO  com.cloudframe.app.process.Comput1.process  126 - *GB* LK-RLU3A-ACCT-PLAN-DATA-ALLOW = 125415897
23:18:29.093 [main] INFO  com.cloudframe.app.process.Comput1.process   76 - ___________________________________
23:18:29.093 [main] INFO  com.cloudframe.app.process.Comput1.process   78 - 730 . WS-OOSU-SHARED-ALLOW = 528712018
23:18:29.093 [main] INFO  com.cloudframe.app.process.Comput1.process   90 - *KB* LK-RLU3A-TOT-DATA-PROMO-ALLOW = 25932217
23:18:29.093 [main] INFO  com.cloudframe.app.process.Comput1.process   92 - *KB* LK-RLU3A-ACCT-PLAN-DATA-ALLOW = 125932217
23:18:29.093 [main] INFO  com.cloudframe.app.process.Comput1.process  108 - *MB* LK-RLU3A-TOT-DATA-PROMO-ALLOW = 25932721
23:18:29.093 [main] INFO  com.cloudframe.app.process.Comput1.process  110 - *MB* LK-RLU3A-ACCT-PLAN-DATA-ALLOW = 125932721
23:18:29.093 [main] INFO  com.cloudframe.app.process.Comput1.process  124 - *GB* LK-RLU3A-TOT-DATA-PROMO-ALLOW = 25932721
23:18:29.094 [main] INFO  com.cloudframe.app.process.Comput1.process  126 - *GB* LK-RLU3A-ACCT-PLAN-DATA-ALLOW = 125932721
23:18:29.094 [main] INFO  com.cloudframe.app.process.Comput1.process   76 - ___________________________________
23:18:29.094 [main] INFO  com.cloudframe.app.process.Comput1.process   78 - 731 . WS-OOSU-SHARED-ALLOW = 530162528
23:18:29.094 [main] INFO  com.cloudframe.app.process.Comput1.process   90 - *KB* LK-RLU3A-TOT-DATA-PROMO-ALLOW = 26450457
23:18:29.094 [main] INFO  com.cloudframe.app.process.Comput1.process   92 - *KB* LK-RLU3A-ACCT-PLAN-DATA-ALLOW = 126450457
23:18:29.094 [main] INFO  com.cloudframe.app.process.Comput1.process  108 - *MB* LK-RLU3A-TOT-DATA-PROMO-ALLOW = 26450962
23:18:29.094 [main] INFO  com.cloudframe.app.process.Comput1.process  110 - *MB* LK-RLU3A-ACCT-PLAN-DATA-ALLOW = 126450962
23:18:29.094 [main] INFO  com.cloudframe.app.process.Comput1.process  124 - *GB* LK-RLU3A-TOT-DATA-PROMO-ALLOW = 26450962
23:18:29.094 [main] INFO  com.cloudframe.app.process.Comput1.process  126 - *GB* LK-RLU3A-ACCT-PLAN-DATA-ALLOW = 126450962
23:18:29.094 [main] INFO  com.cloudframe.app.process.Comput1.process   76 - ___________________________________
23:18:29.094 [main] INFO  com.cloudframe.app.process.Comput1.process   78 - 732 . WS-OOSU-SHARED-ALLOW = 531615025
23:18:29.095 [main] INFO  com.cloudframe.app.process.Comput1.process   90 - *KB* LK-RLU3A-TOT-DATA-PROMO-ALLOW = 26970117
23:18:29.095 [main] INFO  com.cloudframe.app.process.Comput1.process   92 - *KB* LK-RLU3A-ACCT-PLAN-DATA-ALLOW = 126970117
23:18:29.095 [main] INFO  com.cloudframe.app.process.Comput1.process  108 - *MB* LK-RLU3A-TOT-DATA-PROMO-ALLOW = 26970623
23:18:29.095 [main] INFO  com.cloudframe.app.process.Comput1.process  110 - *MB* LK-RLU3A-ACCT-PLAN-DATA-ALLOW = 126970623
23:18:29.095 [main] INFO  com.cloudframe.app.process.Comput1.process  124 - *GB* LK-RLU3A-TOT-DATA-PROMO-ALLOW = 26970623
23:18:29.095 [main] INFO  com.cloudframe.app.process.Comput1.process  126 - *GB* LK-RLU3A-ACCT-PLAN-DATA-ALLOW = 126970623
23:18:29.095 [main] INFO  com.cloudframe.app.process.Comput1.process   76 - ___________________________________
23:18:29.095 [main] INFO  com.cloudframe.app.process.Comput1.process   78 - 733 . WS-OOSU-SHARED-ALLOW = 533069509
23:18:29.095 [main] INFO  com.cloudframe.app.process.Comput1.process   90 - *KB* LK-RLU3A-TOT-DATA-PROMO-ALLOW = 27491198
23:18:29.095 [main] INFO  com.cloudframe.app.process.Comput1.process   92 - *KB* LK-RLU3A-ACCT-PLAN-DATA-ALLOW = 127491198
23:18:29.095 [main] INFO  com.cloudframe.app.process.Comput1.process  108 - *MB* LK-RLU3A-TOT-DATA-PROMO-ALLOW = 27491706
23:18:29.096 [main] INFO  com.cloudframe.app.process.Comput1.process  110 - *MB* LK-RLU3A-ACCT-PLAN-DATA-ALLOW = 127491706
23:18:29.096 [main] INFO  com.cloudframe.app.process.Comput1.process  124 - *GB* LK-RLU3A-TOT-DATA-PROMO-ALLOW = 27491706
23:18:29.096 [main] INFO  com.cloudframe.app.process.Comput1.process  126 - *GB* LK-RLU3A-ACCT-PLAN-DATA-ALLOW = 127491706
23:18:29.096 [main] INFO  com.cloudframe.app.process.Comput1.process   76 - ___________________________________
23:18:29.096 [main] INFO  com.cloudframe.app.process.Comput1.process   78 - 734 . WS-OOSU-SHARED-ALLOW = 534525980
23:18:29.096 [main] INFO  com.cloudframe.app.process.Comput1.process   90 - *KB* LK-RLU3A-TOT-DATA-PROMO-ALLOW = 28013704
23:18:29.096 [main] INFO  com.cloudframe.app.process.Comput1.process   92 - *KB* LK-RLU3A-ACCT-PLAN-DATA-ALLOW = 128013704
23:18:29.096 [main] INFO  com.cloudframe.app.process.Comput1.process  108 - *MB* LK-RLU3A-TOT-DATA-PROMO-ALLOW = 28014213
23:18:29.096 [main] INFO  com.cloudframe.app.process.Comput1.process  110 - *MB* LK-RLU3A-ACCT-PLAN-DATA-ALLOW = 128014213
23:18:29.096 [main] INFO  com.cloudframe.app.process.Comput1.process  124 - *GB* LK-RLU3A-TOT-DATA-PROMO-ALLOW = 28014213
23:18:29.096 [main] INFO  com.cloudframe.app.process.Comput1.process  126 - *GB* LK-RLU3A-ACCT-PLAN-DATA-ALLOW = 128014213
23:18:29.097 [main] INFO  com.cloudframe.app.process.Comput1.process   76 - ___________________________________
23:18:29.097 [main] INFO  com.cloudframe.app.process.Comput1.process   78 - 735 . WS-OOSU-SHARED-ALLOW = 535984438
23:18:29.097 [main] INFO  com.cloudframe.app.process.Comput1.process   90 - *KB* LK-RLU3A-TOT-DATA-PROMO-ALLOW = 28537635
23:18:29.097 [main] INFO  com.cloudframe.app.process.Comput1.process   92 - *KB* LK-RLU3A-ACCT-PLAN-DATA-ALLOW = 128537635
23:18:29.097 [main] INFO  com.cloudframe.app.process.Comput1.process  108 - *MB* LK-RLU3A-TOT-DATA-PROMO-ALLOW = 28538146
23:18:29.097 [main] INFO  com.cloudframe.app.process.Comput1.process  110 - *MB* LK-RLU3A-ACCT-PLAN-DATA-ALLOW = 128538146
23:18:29.097 [main] INFO  com.cloudframe.app.process.Comput1.process  124 - *GB* LK-RLU3A-TOT-DATA-PROMO-ALLOW = 28538146
23:18:29.097 [main] INFO  com.cloudframe.app.process.Comput1.process  126 - *GB* LK-RLU3A-ACCT-PLAN-DATA-ALLOW = 128538146
23:18:29.097 [main] INFO  com.cloudframe.app.process.Comput1.process   76 - ___________________________________
23:18:29.097 [main] INFO  com.cloudframe.app.process.Comput1.process   78 - 736 . WS-OOSU-SHARED-ALLOW = 537444883
23:18:29.097 [main] INFO  com.cloudframe.app.process.Comput1.process   90 - *KB* LK-RLU3A-TOT-DATA-PROMO-ALLOW = 29062994
23:18:29.097 [main] INFO  com.cloudframe.app.process.Comput1.process   92 - *KB* LK-RLU3A-ACCT-PLAN-DATA-ALLOW = 129062994
23:18:29.098 [main] INFO  com.cloudframe.app.process.Comput1.process  108 - *MB* LK-RLU3A-TOT-DATA-PROMO-ALLOW = 29063506
23:18:29.098 [main] INFO  com.cloudframe.app.process.Comput1.process  110 - *MB* LK-RLU3A-ACCT-PLAN-DATA-ALLOW = 129063506
23:18:29.098 [main] INFO  com.cloudframe.app.process.Comput1.process  124 - *GB* LK-RLU3A-TOT-DATA-PROMO-ALLOW = 29063506
23:18:29.098 [main] INFO  com.cloudframe.app.process.Comput1.process  126 - *GB* LK-RLU3A-ACCT-PLAN-DATA-ALLOW = 129063506
23:18:29.098 [main] INFO  com.cloudframe.app.process.Comput1.process   76 - ___________________________________
23:18:29.098 [main] INFO  com.cloudframe.app.process.Comput1.process   78 - 737 . WS-OOSU-SHARED-ALLOW = 538907315
23:18:29.098 [main] INFO  com.cloudframe.app.process.Comput1.process   90 - *KB* LK-RLU3A-TOT-DATA-PROMO-ALLOW = 29589782
23:18:29.098 [main] INFO  com.cloudframe.app.process.Comput1.process   92 - *KB* LK-RLU3A-ACCT-PLAN-DATA-ALLOW = 129589782
23:18:29.098 [main] INFO  com.cloudframe.app.process.Comput1.process  108 - *MB* LK-RLU3A-TOT-DATA-PROMO-ALLOW = 29590295
23:18:29.098 [main] INFO  com.cloudframe.app.process.Comput1.process  110 - *MB* LK-RLU3A-ACCT-PLAN-DATA-ALLOW = 129590295
23:18:29.098 [main] INFO  com.cloudframe.app.process.Comput1.process  124 - *GB* LK-RLU3A-TOT-DATA-PROMO-ALLOW = 29590295
23:18:29.099 [main] INFO  com.cloudframe.app.process.Comput1.process  126 - *GB* LK-RLU3A-ACCT-PLAN-DATA-ALLOW = 129590295
23:18:29.099 [main] INFO  com.cloudframe.app.process.Comput1.process   76 - ___________________________________
23:18:29.099 [main] INFO  com.cloudframe.app.process.Comput1.process   78 - 738 . WS-OOSU-SHARED-ALLOW = 540371734
23:18:29.099 [main] INFO  com.cloudframe.app.process.Comput1.process   90 - *KB* LK-RLU3A-TOT-DATA-PROMO-ALLOW = 30118001
23:18:29.099 [main] INFO  com.cloudframe.app.process.Comput1.process   92 - *KB* LK-RLU3A-ACCT-PLAN-DATA-ALLOW = 130118001
23:18:29.099 [main] INFO  com.cloudframe.app.process.Comput1.process  108 - *MB* LK-RLU3A-TOT-DATA-PROMO-ALLOW = 30118516
23:18:29.099 [main] INFO  com.cloudframe.app.process.Comput1.process  110 - *MB* LK-RLU3A-ACCT-PLAN-DATA-ALLOW = 130118516
23:18:29.099 [main] INFO  com.cloudframe.app.process.Comput1.process  124 - *GB* LK-RLU3A-TOT-DATA-PROMO-ALLOW = 30118516
23:18:29.099 [main] INFO  com.cloudframe.app.process.Comput1.process  126 - *GB* LK-RLU3A-ACCT-PLAN-DATA-ALLOW = 130118516
23:18:29.099 [main] INFO  com.cloudframe.app.process.Comput1.process   76 - ___________________________________
23:18:29.099 [main] INFO  com.cloudframe.app.process.Comput1.process   78 - 739 . WS-OOSU-SHARED-ALLOW = 541838140
23:18:29.100 [main] INFO  com.cloudframe.app.process.Comput1.process   90 - *KB* LK-RLU3A-TOT-DATA-PROMO-ALLOW = 30647654
23:18:29.100 [main] INFO  com.cloudframe.app.process.Comput1.process   92 - *KB* LK-RLU3A-ACCT-PLAN-DATA-ALLOW = 130647654
23:18:29.100 [main] INFO  com.cloudframe.app.process.Comput1.process  108 - *MB* LK-RLU3A-TOT-DATA-PROMO-ALLOW = 30648170
23:18:29.100 [main] INFO  com.cloudframe.app.process.Comput1.process  110 - *MB* LK-RLU3A-ACCT-PLAN-DATA-ALLOW = 130648170
23:18:29.100 [main] INFO  com.cloudframe.app.process.Comput1.process  124 - *GB* LK-RLU3A-TOT-DATA-PROMO-ALLOW = 30648170
23:18:29.100 [main] INFO  com.cloudframe.app.process.Comput1.process  126 - *GB* LK-RLU3A-ACCT-PLAN-DATA-ALLOW = 130648170
23:18:29.100 [main] INFO  com.cloudframe.app.process.Comput1.process   76 - ___________________________________
23:18:29.100 [main] INFO  com.cloudframe.app.process.Comput1.process   78 - 740 . WS-OOSU-SHARED-ALLOW = 543306533
23:18:29.100 [main] INFO  com.cloudframe.app.process.Comput1.process   90 - *KB* LK-RLU3A-TOT-DATA-PROMO-ALLOW = 31178742
23:18:29.100 [main] INFO  com.cloudframe.app.process.Comput1.process   92 - *KB* LK-RLU3A-ACCT-PLAN-DATA-ALLOW = 131178742
23:18:29.101 [main] INFO  com.cloudframe.app.process.Comput1.process  108 - *MB* LK-RLU3A-TOT-DATA-PROMO-ALLOW = 31179260
23:18:29.101 [main] INFO  com.cloudframe.app.process.Comput1.process  110 - *MB* LK-RLU3A-ACCT-PLAN-DATA-ALLOW = 131179260
23:18:29.101 [main] INFO  com.cloudframe.app.process.Comput1.process  124 - *GB* LK-RLU3A-TOT-DATA-PROMO-ALLOW = 31179260
23:18:29.101 [main] INFO  com.cloudframe.app.process.Comput1.process  126 - *GB* LK-RLU3A-ACCT-PLAN-DATA-ALLOW = 131179260
23:18:29.101 [main] INFO  com.cloudframe.app.process.Comput1.process   76 - ___________________________________
23:18:29.101 [main] INFO  com.cloudframe.app.process.Comput1.process   78 - 741 . WS-OOSU-SHARED-ALLOW = 544776913
23:18:29.101 [main] INFO  com.cloudframe.app.process.Comput1.process   90 - *KB* LK-RLU3A-TOT-DATA-PROMO-ALLOW = 31711268
23:18:29.101 [main] INFO  com.cloudframe.app.process.Comput1.process   92 - *KB* LK-RLU3A-ACCT-PLAN-DATA-ALLOW = 131711268
23:18:29.101 [main] INFO  com.cloudframe.app.process.Comput1.process  108 - *MB* LK-RLU3A-TOT-DATA-PROMO-ALLOW = 31711787
23:18:29.101 [main] INFO  com.cloudframe.app.process.Comput1.process  110 - *MB* LK-RLU3A-ACCT-PLAN-DATA-ALLOW = 131711787
23:18:29.101 [main] INFO  com.cloudframe.app.process.Comput1.process  124 - *GB* LK-RLU3A-TOT-DATA-PROMO-ALLOW = 31711787
23:18:29.101 [main] INFO  com.cloudframe.app.process.Comput1.process  126 - *GB* LK-RLU3A-ACCT-PLAN-DATA-ALLOW = 131711787
23:18:29.102 [main] INFO  com.cloudframe.app.process.Comput1.process   76 - ___________________________________
23:18:29.104 [main] INFO  com.cloudframe.app.process.Comput1.process   78 - 742 . WS-OOSU-SHARED-ALLOW = 546249280
23:18:29.104 [main] INFO  com.cloudframe.app.process.Comput1.process   90 - *KB* LK-RLU3A-TOT-DATA-PROMO-ALLOW = 32245233
23:18:29.104 [main] INFO  com.cloudframe.app.process.Comput1.process   92 - *KB* LK-RLU3A-ACCT-PLAN-DATA-ALLOW = 132245233
23:18:29.104 [main] INFO  com.cloudframe.app.process.Comput1.process  108 - *MB* LK-RLU3A-TOT-DATA-PROMO-ALLOW = 32245753
23:18:29.104 [main] INFO  com.cloudframe.app.process.Comput1.process  110 - *MB* LK-RLU3A-ACCT-PLAN-DATA-ALLOW = 132245753
23:18:29.104 [main] INFO  com.cloudframe.app.process.Comput1.process  124 - *GB* LK-RLU3A-TOT-DATA-PROMO-ALLOW = 32245753
23:18:29.104 [main] INFO  com.cloudframe.app.process.Comput1.process  126 - *GB* LK-RLU3A-ACCT-PLAN-DATA-ALLOW = 132245753
23:18:29.104 [main] INFO  com.cloudframe.app.process.Comput1.process   76 - ___________________________________
23:18:29.105 [main] INFO  com.cloudframe.app.process.Comput1.process   78 - 743 . WS-OOSU-SHARED-ALLOW = 547723634
23:18:29.105 [main] INFO  com.cloudframe.app.process.Comput1.process   90 - *KB* LK-RLU3A-TOT-DATA-PROMO-ALLOW = 32780639
23:18:29.105 [main] INFO  com.cloudframe.app.process.Comput1.process   92 - *KB* LK-RLU3A-ACCT-PLAN-DATA-ALLOW = 132780639
23:18:29.105 [main] INFO  com.cloudframe.app.process.Comput1.process  108 - *MB* LK-RLU3A-TOT-DATA-PROMO-ALLOW = 32781161
23:18:29.105 [main] INFO  com.cloudframe.app.process.Comput1.process  110 - *MB* LK-RLU3A-ACCT-PLAN-DATA-ALLOW = 132781161
23:18:29.105 [main] INFO  com.cloudframe.app.process.Comput1.process  124 - *GB* LK-RLU3A-TOT-DATA-PROMO-ALLOW = 32781161
23:18:29.105 [main] INFO  com.cloudframe.app.process.Comput1.process  126 - *GB* LK-RLU3A-ACCT-PLAN-DATA-ALLOW = 132781161
23:18:29.105 [main] INFO  com.cloudframe.app.process.Comput1.process   76 - ___________________________________
23:18:29.106 [main] INFO  com.cloudframe.app.process.Comput1.process   78 - 744 . WS-OOSU-SHARED-ALLOW = 549199975
23:18:29.107 [main] INFO  com.cloudframe.app.process.Comput1.process   90 - *KB* LK-RLU3A-TOT-DATA-PROMO-ALLOW = 33317489
23:18:29.107 [main] INFO  com.cloudframe.app.process.Comput1.process   92 - *KB* LK-RLU3A-ACCT-PLAN-DATA-ALLOW = 133317489
23:18:29.107 [main] INFO  com.cloudframe.app.process.Comput1.process  108 - *MB* LK-RLU3A-TOT-DATA-PROMO-ALLOW = 33318012
23:18:29.107 [main] INFO  com.cloudframe.app.process.Comput1.process  110 - *MB* LK-RLU3A-ACCT-PLAN-DATA-ALLOW = 133318012
23:18:29.107 [main] INFO  com.cloudframe.app.process.Comput1.process  124 - *GB* LK-RLU3A-TOT-DATA-PROMO-ALLOW = 33318012
23:18:29.107 [main] INFO  com.cloudframe.app.process.Comput1.process  126 - *GB* LK-RLU3A-ACCT-PLAN-DATA-ALLOW = 133318012
23:18:29.107 [main] INFO  com.cloudframe.app.process.Comput1.process   76 - ___________________________________
23:18:29.108 [main] INFO  com.cloudframe.app.process.Comput1.process   78 - 745 . WS-OOSU-SHARED-ALLOW = 550678303
23:18:29.108 [main] INFO  com.cloudframe.app.process.Comput1.process   90 - *KB* LK-RLU3A-TOT-DATA-PROMO-ALLOW = 33855783
23:18:29.108 [main] INFO  com.cloudframe.app.process.Comput1.process   92 - *KB* LK-RLU3A-ACCT-PLAN-DATA-ALLOW = 133855783
23:18:29.108 [main] INFO  com.cloudframe.app.process.Comput1.process  108 - *MB* LK-RLU3A-TOT-DATA-PROMO-ALLOW = 33856308
23:18:29.108 [main] INFO  com.cloudframe.app.process.Comput1.process  110 - *MB* LK-RLU3A-ACCT-PLAN-DATA-ALLOW = 133856308
23:18:29.108 [main] INFO  com.cloudframe.app.process.Comput1.process  124 - *GB* LK-RLU3A-TOT-DATA-PROMO-ALLOW = 33856308
23:18:29.108 [main] INFO  com.cloudframe.app.process.Comput1.process  126 - *GB* LK-RLU3A-ACCT-PLAN-DATA-ALLOW = 133856308
23:18:29.108 [main] INFO  com.cloudframe.app.process.Comput1.process   76 - ___________________________________
23:18:29.108 [main] INFO  com.cloudframe.app.process.Comput1.process   78 - 746 . WS-OOSU-SHARED-ALLOW = 552158618
23:18:29.108 [main] INFO  com.cloudframe.app.process.Comput1.process   90 - *KB* LK-RLU3A-TOT-DATA-PROMO-ALLOW = 34395525
23:18:29.108 [main] INFO  com.cloudframe.app.process.Comput1.process   92 - *KB* LK-RLU3A-ACCT-PLAN-DATA-ALLOW = 134395525
23:18:29.109 [main] INFO  com.cloudframe.app.process.Comput1.process  108 - *MB* LK-RLU3A-TOT-DATA-PROMO-ALLOW = 34396051
23:18:29.109 [main] INFO  com.cloudframe.app.process.Comput1.process  110 - *MB* LK-RLU3A-ACCT-PLAN-DATA-ALLOW = 134396051
23:18:29.109 [main] INFO  com.cloudframe.app.process.Comput1.process  124 - *GB* LK-RLU3A-TOT-DATA-PROMO-ALLOW = 34396051
23:18:29.109 [main] INFO  com.cloudframe.app.process.Comput1.process  126 - *GB* LK-RLU3A-ACCT-PLAN-DATA-ALLOW = 134396051
23:18:29.109 [main] INFO  com.cloudframe.app.process.Comput1.process   76 - ___________________________________
23:18:29.109 [main] INFO  com.cloudframe.app.process.Comput1.process   78 - 747 . WS-OOSU-SHARED-ALLOW = 553640920
23:18:29.109 [main] INFO  com.cloudframe.app.process.Comput1.process   90 - *KB* LK-RLU3A-TOT-DATA-PROMO-ALLOW = 34936715
23:18:29.109 [main] INFO  com.cloudframe.app.process.Comput1.process   92 - *KB* LK-RLU3A-ACCT-PLAN-DATA-ALLOW = 134936715
23:18:29.109 [main] INFO  com.cloudframe.app.process.Comput1.process  108 - *MB* LK-RLU3A-TOT-DATA-PROMO-ALLOW = 34937242
23:18:29.109 [main] INFO  com.cloudframe.app.process.Comput1.process  110 - *MB* LK-RLU3A-ACCT-PLAN-DATA-ALLOW = 134937242
23:18:29.110 [main] INFO  com.cloudframe.app.process.Comput1.process  124 - *GB* LK-RLU3A-TOT-DATA-PROMO-ALLOW = 34937242
23:18:29.110 [main] INFO  com.cloudframe.app.process.Comput1.process  126 - *GB* LK-RLU3A-ACCT-PLAN-DATA-ALLOW = 134937242
23:18:29.110 [main] INFO  com.cloudframe.app.process.Comput1.process   76 - ___________________________________
23:18:29.110 [main] INFO  com.cloudframe.app.process.Comput1.process   78 - 748 . WS-OOSU-SHARED-ALLOW = 555125209
23:18:29.110 [main] INFO  com.cloudframe.app.process.Comput1.process   90 - *KB* LK-RLU3A-TOT-DATA-PROMO-ALLOW = 35479356
23:18:29.110 [main] INFO  com.cloudframe.app.process.Comput1.process   92 - *KB* LK-RLU3A-ACCT-PLAN-DATA-ALLOW = 135479356
23:18:29.110 [main] INFO  com.cloudframe.app.process.Comput1.process  108 - *MB* LK-RLU3A-TOT-DATA-PROMO-ALLOW = 35479885
23:18:29.110 [main] INFO  com.cloudframe.app.process.Comput1.process  110 - *MB* LK-RLU3A-ACCT-PLAN-DATA-ALLOW = 135479885
23:18:29.110 [main] INFO  com.cloudframe.app.process.Comput1.process  124 - *GB* LK-RLU3A-TOT-DATA-PROMO-ALLOW = 35479885
23:18:29.110 [main] INFO  com.cloudframe.app.process.Comput1.process  126 - *GB* LK-RLU3A-ACCT-PLAN-DATA-ALLOW = 135479885
23:18:29.110 [main] INFO  com.cloudframe.app.process.Comput1.process   76 - ___________________________________
23:18:29.110 [main] INFO  com.cloudframe.app.process.Comput1.process   78 - 749 . WS-OOSU-SHARED-ALLOW = 556611485
23:18:29.111 [main] INFO  com.cloudframe.app.process.Comput1.process   90 - *KB* LK-RLU3A-TOT-DATA-PROMO-ALLOW = 36023450
23:18:29.111 [main] INFO  com.cloudframe.app.process.Comput1.process   92 - *KB* LK-RLU3A-ACCT-PLAN-DATA-ALLOW = 136023450
23:18:29.111 [main] INFO  com.cloudframe.app.process.Comput1.process  108 - *MB* LK-RLU3A-TOT-DATA-PROMO-ALLOW = 36023980
23:18:29.111 [main] INFO  com.cloudframe.app.process.Comput1.process  110 - *MB* LK-RLU3A-ACCT-PLAN-DATA-ALLOW = 136023980
23:18:29.111 [main] INFO  com.cloudframe.app.process.Comput1.process  124 - *GB* LK-RLU3A-TOT-DATA-PROMO-ALLOW = 36023980
23:18:29.111 [main] INFO  com.cloudframe.app.process.Comput1.process  126 - *GB* LK-RLU3A-ACCT-PLAN-DATA-ALLOW = 136023980
23:18:29.111 [main] INFO  com.cloudframe.app.process.Comput1.process   76 - ___________________________________
23:18:29.111 [main] INFO  com.cloudframe.app.process.Comput1.process   78 - 750 . WS-OOSU-SHARED-ALLOW = 558099748
23:18:29.111 [main] INFO  com.cloudframe.app.process.Comput1.process   90 - *KB* LK-RLU3A-TOT-DATA-PROMO-ALLOW = 36568999
23:18:29.111 [main] INFO  com.cloudframe.app.process.Comput1.process   92 - *KB* LK-RLU3A-ACCT-PLAN-DATA-ALLOW = 136568999
23:18:29.112 [main] INFO  com.cloudframe.app.process.Comput1.process  108 - *MB* LK-RLU3A-TOT-DATA-PROMO-ALLOW = 36569531
23:18:29.112 [main] INFO  com.cloudframe.app.process.Comput1.process  110 - *MB* LK-RLU3A-ACCT-PLAN-DATA-ALLOW = 136569531
23:18:29.112 [main] INFO  com.cloudframe.app.process.Comput1.process  124 - *GB* LK-RLU3A-TOT-DATA-PROMO-ALLOW = 36569531
23:18:29.112 [main] INFO  com.cloudframe.app.process.Comput1.process  126 - *GB* LK-RLU3A-ACCT-PLAN-DATA-ALLOW = 136569531
23:18:29.112 [main] INFO  com.cloudframe.app.process.Comput1.process   76 - ___________________________________
23:18:29.112 [main] INFO  com.cloudframe.app.process.Comput1.process   78 - 751 . WS-OOSU-SHARED-ALLOW = 559589998
23:18:29.112 [main] INFO  com.cloudframe.app.process.Comput1.process   90 - *KB* LK-RLU3A-TOT-DATA-PROMO-ALLOW = 37116005
23:18:29.112 [main] INFO  com.cloudframe.app.process.Comput1.process   92 - *KB* LK-RLU3A-ACCT-PLAN-DATA-ALLOW = 137116005
23:18:29.112 [main] INFO  com.cloudframe.app.process.Comput1.process  108 - *MB* LK-RLU3A-TOT-DATA-PROMO-ALLOW = 37116538
23:18:29.112 [main] INFO  com.cloudframe.app.process.Comput1.process  110 - *MB* LK-RLU3A-ACCT-PLAN-DATA-ALLOW = 137116538
23:18:29.113 [main] INFO  com.cloudframe.app.process.Comput1.process  124 - *GB* LK-RLU3A-TOT-DATA-PROMO-ALLOW = 37116538
23:18:29.113 [main] INFO  com.cloudframe.app.process.Comput1.process  126 - *GB* LK-RLU3A-ACCT-PLAN-DATA-ALLOW = 137116538
23:18:29.113 [main] INFO  com.cloudframe.app.process.Comput1.process   76 - ___________________________________
23:18:29.113 [main] INFO  com.cloudframe.app.process.Comput1.process   78 - 752 . WS-OOSU-SHARED-ALLOW = 561082235
23:18:29.113 [main] INFO  com.cloudframe.app.process.Comput1.process   90 - *KB* LK-RLU3A-TOT-DATA-PROMO-ALLOW = 37664469
23:18:29.113 [main] INFO  com.cloudframe.app.process.Comput1.process   92 - *KB* LK-RLU3A-ACCT-PLAN-DATA-ALLOW = 137664469
23:18:29.113 [main] INFO  com.cloudframe.app.process.Comput1.process  108 - *MB* LK-RLU3A-TOT-DATA-PROMO-ALLOW = 37665004
23:18:29.113 [main] INFO  com.cloudframe.app.process.Comput1.process  110 - *MB* LK-RLU3A-ACCT-PLAN-DATA-ALLOW = 137665004
23:18:29.113 [main] INFO  com.cloudframe.app.process.Comput1.process  124 - *GB* LK-RLU3A-TOT-DATA-PROMO-ALLOW = 37665004
23:18:29.113 [main] INFO  com.cloudframe.app.process.Comput1.process  126 - *GB* LK-RLU3A-ACCT-PLAN-DATA-ALLOW = 137665004
23:18:29.113 [main] INFO  com.cloudframe.app.process.Comput1.process   76 - ___________________________________
23:18:29.114 [main] INFO  com.cloudframe.app.process.Comput1.process   78 - 753 . WS-OOSU-SHARED-ALLOW = 562576459
23:18:29.114 [main] INFO  com.cloudframe.app.process.Comput1.process   90 - *KB* LK-RLU3A-TOT-DATA-PROMO-ALLOW = 38214395
23:18:29.114 [main] INFO  com.cloudframe.app.process.Comput1.process   92 - *KB* LK-RLU3A-ACCT-PLAN-DATA-ALLOW = 138214395
23:18:29.114 [main] INFO  com.cloudframe.app.process.Comput1.process  108 - *MB* LK-RLU3A-TOT-DATA-PROMO-ALLOW = 38214931
23:18:29.114 [main] INFO  com.cloudframe.app.process.Comput1.process  110 - *MB* LK-RLU3A-ACCT-PLAN-DATA-ALLOW = 138214931
23:18:29.114 [main] INFO  com.cloudframe.app.process.Comput1.process  124 - *GB* LK-RLU3A-TOT-DATA-PROMO-ALLOW = 38214931
23:18:29.114 [main] INFO  com.cloudframe.app.process.Comput1.process  126 - *GB* LK-RLU3A-ACCT-PLAN-DATA-ALLOW = 138214931
23:18:29.114 [main] INFO  com.cloudframe.app.process.Comput1.process   76 - ___________________________________
23:18:29.114 [main] INFO  com.cloudframe.app.process.Comput1.process   78 - 754 . WS-OOSU-SHARED-ALLOW = 564072670
23:18:29.114 [main] INFO  com.cloudframe.app.process.Comput1.process   90 - *KB* LK-RLU3A-TOT-DATA-PROMO-ALLOW = 38765783
23:18:29.114 [main] INFO  com.cloudframe.app.process.Comput1.process   92 - *KB* LK-RLU3A-ACCT-PLAN-DATA-ALLOW = 138765783
23:18:29.115 [main] INFO  com.cloudframe.app.process.Comput1.process  108 - *MB* LK-RLU3A-TOT-DATA-PROMO-ALLOW = 38766320
23:18:29.115 [main] INFO  com.cloudframe.app.process.Comput1.process  110 - *MB* LK-RLU3A-ACCT-PLAN-DATA-ALLOW = 138766320
23:18:29.115 [main] INFO  com.cloudframe.app.process.Comput1.process  124 - *GB* LK-RLU3A-TOT-DATA-PROMO-ALLOW = 38766320
23:18:29.115 [main] INFO  com.cloudframe.app.process.Comput1.process  126 - *GB* LK-RLU3A-ACCT-PLAN-DATA-ALLOW = 138766320
23:18:29.115 [main] INFO  com.cloudframe.app.process.Comput1.process   76 - ___________________________________
23:18:29.115 [main] INFO  com.cloudframe.app.process.Comput1.process   78 - 755 . WS-OOSU-SHARED-ALLOW = 565570868
23:18:29.115 [main] INFO  com.cloudframe.app.process.Comput1.process   90 - *KB* LK-RLU3A-TOT-DATA-PROMO-ALLOW = 39318635
23:18:29.115 [main] INFO  com.cloudframe.app.process.Comput1.process   92 - *KB* LK-RLU3A-ACCT-PLAN-DATA-ALLOW = 139318635
23:18:29.115 [main] INFO  com.cloudframe.app.process.Comput1.process  108 - *MB* LK-RLU3A-TOT-DATA-PROMO-ALLOW = 39319174
23:18:29.115 [main] INFO  com.cloudframe.app.process.Comput1.process  110 - *MB* LK-RLU3A-ACCT-PLAN-DATA-ALLOW = 139319174
23:18:29.115 [main] INFO  com.cloudframe.app.process.Comput1.process  124 - *GB* LK-RLU3A-TOT-DATA-PROMO-ALLOW = 39319174
23:18:29.115 [main] INFO  com.cloudframe.app.process.Comput1.process  126 - *GB* LK-RLU3A-ACCT-PLAN-DATA-ALLOW = 139319174
23:18:29.116 [main] INFO  com.cloudframe.app.process.Comput1.process   76 - ___________________________________
23:18:29.116 [main] INFO  com.cloudframe.app.process.Comput1.process   78 - 756 . WS-OOSU-SHARED-ALLOW = 567071053
23:18:29.116 [main] INFO  com.cloudframe.app.process.Comput1.process   90 - *KB* LK-RLU3A-TOT-DATA-PROMO-ALLOW = 39872954
23:18:29.116 [main] INFO  com.cloudframe.app.process.Comput1.process   92 - *KB* LK-RLU3A-ACCT-PLAN-DATA-ALLOW = 139872954
23:18:29.116 [main] INFO  com.cloudframe.app.process.Comput1.process  108 - *MB* LK-RLU3A-TOT-DATA-PROMO-ALLOW = 39873494
23:18:29.116 [main] INFO  com.cloudframe.app.process.Comput1.process  110 - *MB* LK-RLU3A-ACCT-PLAN-DATA-ALLOW = 139873494
23:18:29.116 [main] INFO  com.cloudframe.app.process.Comput1.process  124 - *GB* LK-RLU3A-TOT-DATA-PROMO-ALLOW = 39873494
23:18:29.116 [main] INFO  com.cloudframe.app.process.Comput1.process  126 - *GB* LK-RLU3A-ACCT-PLAN-DATA-ALLOW = 139873494
23:18:29.116 [main] INFO  com.cloudframe.app.process.Comput1.process   76 - ___________________________________
23:18:29.116 [main] INFO  com.cloudframe.app.process.Comput1.process   78 - 757 . WS-OOSU-SHARED-ALLOW = 568573225
23:18:29.117 [main] INFO  com.cloudframe.app.process.Comput1.process   90 - *KB* LK-RLU3A-TOT-DATA-PROMO-ALLOW = 40428741
23:18:29.117 [main] INFO  com.cloudframe.app.process.Comput1.process   92 - *KB* LK-RLU3A-ACCT-PLAN-DATA-ALLOW = 140428741
23:18:29.117 [main] INFO  com.cloudframe.app.process.Comput1.process  108 - *MB* LK-RLU3A-TOT-DATA-PROMO-ALLOW = 40429283
23:18:29.117 [main] INFO  com.cloudframe.app.process.Comput1.process  110 - *MB* LK-RLU3A-ACCT-PLAN-DATA-ALLOW = 140429283
23:18:29.117 [main] INFO  com.cloudframe.app.process.Comput1.process  124 - *GB* LK-RLU3A-TOT-DATA-PROMO-ALLOW = 40429283
23:18:29.117 [main] INFO  com.cloudframe.app.process.Comput1.process  126 - *GB* LK-RLU3A-ACCT-PLAN-DATA-ALLOW = 140429283
23:18:29.117 [main] INFO  com.cloudframe.app.process.Comput1.process   76 - ___________________________________
23:18:29.117 [main] INFO  com.cloudframe.app.process.Comput1.process   78 - 758 . WS-OOSU-SHARED-ALLOW = 570077384
23:18:29.117 [main] INFO  com.cloudframe.app.process.Comput1.process   90 - *KB* LK-RLU3A-TOT-DATA-PROMO-ALLOW = 40985999
23:18:29.117 [main] INFO  com.cloudframe.app.process.Comput1.process   92 - *KB* LK-RLU3A-ACCT-PLAN-DATA-ALLOW = 140985999
23:18:29.117 [main] INFO  com.cloudframe.app.process.Comput1.process  108 - *MB* LK-RLU3A-TOT-DATA-PROMO-ALLOW = 40986542
23:18:29.118 [main] INFO  com.cloudframe.app.process.Comput1.process  110 - *MB* LK-RLU3A-ACCT-PLAN-DATA-ALLOW = 140986542
23:18:29.118 [main] INFO  com.cloudframe.app.process.Comput1.process  124 - *GB* LK-RLU3A-TOT-DATA-PROMO-ALLOW = 40986542
23:18:29.118 [main] INFO  com.cloudframe.app.process.Comput1.process  126 - *GB* LK-RLU3A-ACCT-PLAN-DATA-ALLOW = 140986542
23:18:29.118 [main] INFO  com.cloudframe.app.process.Comput1.process   76 - ___________________________________
23:18:29.118 [main] INFO  com.cloudframe.app.process.Comput1.process   78 - 759 . WS-OOSU-SHARED-ALLOW = 571583530
23:18:29.118 [main] INFO  com.cloudframe.app.process.Comput1.process   90 - *KB* LK-RLU3A-TOT-DATA-PROMO-ALLOW = 41544729
23:18:29.118 [main] INFO  com.cloudframe.app.process.Comput1.process   92 - *KB* LK-RLU3A-ACCT-PLAN-DATA-ALLOW = 141544729
23:18:29.118 [main] INFO  com.cloudframe.app.process.Comput1.process  108 - *MB* LK-RLU3A-TOT-DATA-PROMO-ALLOW = 41545274
23:18:29.118 [main] INFO  com.cloudframe.app.process.Comput1.process  110 - *MB* LK-RLU3A-ACCT-PLAN-DATA-ALLOW = 141545274
23:18:29.118 [main] INFO  com.cloudframe.app.process.Comput1.process  124 - *GB* LK-RLU3A-TOT-DATA-PROMO-ALLOW = 41545274
23:18:29.118 [main] INFO  com.cloudframe.app.process.Comput1.process  126 - *GB* LK-RLU3A-ACCT-PLAN-DATA-ALLOW = 141545274
23:18:29.119 [main] INFO  com.cloudframe.app.process.Comput1.process   76 - ___________________________________
23:18:29.119 [main] INFO  com.cloudframe.app.process.Comput1.process   78 - 760 . WS-OOSU-SHARED-ALLOW = 573091663
23:18:29.119 [main] INFO  com.cloudframe.app.process.Comput1.process   90 - *KB* LK-RLU3A-TOT-DATA-PROMO-ALLOW = 42104933
23:18:29.119 [main] INFO  com.cloudframe.app.process.Comput1.process   92 - *KB* LK-RLU3A-ACCT-PLAN-DATA-ALLOW = 142104933
23:18:29.119 [main] INFO  com.cloudframe.app.process.Comput1.process  108 - *MB* LK-RLU3A-TOT-DATA-PROMO-ALLOW = 42105479
23:18:29.119 [main] INFO  com.cloudframe.app.process.Comput1.process  110 - *MB* LK-RLU3A-ACCT-PLAN-DATA-ALLOW = 142105479
23:18:29.119 [main] INFO  com.cloudframe.app.process.Comput1.process  124 - *GB* LK-RLU3A-TOT-DATA-PROMO-ALLOW = 42105479
23:18:29.119 [main] INFO  com.cloudframe.app.process.Comput1.process  126 - *GB* LK-RLU3A-ACCT-PLAN-DATA-ALLOW = 142105479
23:18:29.119 [main] INFO  com.cloudframe.app.process.Comput1.process   76 - ___________________________________
23:18:29.119 [main] INFO  com.cloudframe.app.process.Comput1.process   78 - 761 . WS-OOSU-SHARED-ALLOW = 574601783
23:18:29.120 [main] INFO  com.cloudframe.app.process.Comput1.process   90 - *KB* LK-RLU3A-TOT-DATA-PROMO-ALLOW = 42666613
23:18:29.120 [main] INFO  com.cloudframe.app.process.Comput1.process   92 - *KB* LK-RLU3A-ACCT-PLAN-DATA-ALLOW = 142666613
23:18:29.120 [main] INFO  com.cloudframe.app.process.Comput1.process  108 - *MB* LK-RLU3A-TOT-DATA-PROMO-ALLOW = 42667160
23:18:29.120 [main] INFO  com.cloudframe.app.process.Comput1.process  110 - *MB* LK-RLU3A-ACCT-PLAN-DATA-ALLOW = 142667160
23:18:29.120 [main] INFO  com.cloudframe.app.process.Comput1.process  124 - *GB* LK-RLU3A-TOT-DATA-PROMO-ALLOW = 42667160
23:18:29.120 [main] INFO  com.cloudframe.app.process.Comput1.process  126 - *GB* LK-RLU3A-ACCT-PLAN-DATA-ALLOW = 142667160
23:18:29.120 [main] INFO  com.cloudframe.app.process.Comput1.process   76 - ___________________________________
23:18:29.120 [main] INFO  com.cloudframe.app.process.Comput1.process   78 - 762 . WS-OOSU-SHARED-ALLOW = 576113890
23:18:29.120 [main] INFO  com.cloudframe.app.process.Comput1.process   90 - *KB* LK-RLU3A-TOT-DATA-PROMO-ALLOW = 43229771
23:18:29.120 [main] INFO  com.cloudframe.app.process.Comput1.process   92 - *KB* LK-RLU3A-ACCT-PLAN-DATA-ALLOW = 143229771
23:18:29.120 [main] INFO  com.cloudframe.app.process.Comput1.process  108 - *MB* LK-RLU3A-TOT-DATA-PROMO-ALLOW = 43230320
23:18:29.121 [main] INFO  com.cloudframe.app.process.Comput1.process  110 - *MB* LK-RLU3A-ACCT-PLAN-DATA-ALLOW = 143230320
23:18:29.121 [main] INFO  com.cloudframe.app.process.Comput1.process  124 - *GB* LK-RLU3A-TOT-DATA-PROMO-ALLOW = 43230320
23:18:29.121 [main] INFO  com.cloudframe.app.process.Comput1.process  126 - *GB* LK-RLU3A-ACCT-PLAN-DATA-ALLOW = 143230320
23:18:29.121 [main] INFO  com.cloudframe.app.process.Comput1.process   76 - ___________________________________
23:18:29.121 [main] INFO  com.cloudframe.app.process.Comput1.process   78 - 763 . WS-OOSU-SHARED-ALLOW = 577627984
23:18:29.121 [main] INFO  com.cloudframe.app.process.Comput1.process   90 - *KB* LK-RLU3A-TOT-DATA-PROMO-ALLOW = 43794409
23:18:29.121 [main] INFO  com.cloudframe.app.process.Comput1.process   92 - *KB* LK-RLU3A-ACCT-PLAN-DATA-ALLOW = 143794409
23:18:29.121 [main] INFO  com.cloudframe.app.process.Comput1.process  108 - *MB* LK-RLU3A-TOT-DATA-PROMO-ALLOW = 43794959
23:18:29.121 [main] INFO  com.cloudframe.app.process.Comput1.process  110 - *MB* LK-RLU3A-ACCT-PLAN-DATA-ALLOW = 143794959
23:18:29.121 [main] INFO  com.cloudframe.app.process.Comput1.process  124 - *GB* LK-RLU3A-TOT-DATA-PROMO-ALLOW = 43794959
23:18:29.122 [main] INFO  com.cloudframe.app.process.Comput1.process  126 - *GB* LK-RLU3A-ACCT-PLAN-DATA-ALLOW = 143794959
23:18:29.122 [main] INFO  com.cloudframe.app.process.Comput1.process   76 - ___________________________________
23:18:29.122 [main] INFO  com.cloudframe.app.process.Comput1.process   78 - 764 . WS-OOSU-SHARED-ALLOW = 579144065
23:18:29.122 [main] INFO  com.cloudframe.app.process.Comput1.process   90 - *KB* LK-RLU3A-TOT-DATA-PROMO-ALLOW = 44360529
23:18:29.122 [main] INFO  com.cloudframe.app.process.Comput1.process   92 - *KB* LK-RLU3A-ACCT-PLAN-DATA-ALLOW = 144360529
23:18:29.122 [main] INFO  com.cloudframe.app.process.Comput1.process  108 - *MB* LK-RLU3A-TOT-DATA-PROMO-ALLOW = 44361081
23:18:29.122 [main] INFO  com.cloudframe.app.process.Comput1.process  110 - *MB* LK-RLU3A-ACCT-PLAN-DATA-ALLOW = 144361081
23:18:29.122 [main] INFO  com.cloudframe.app.process.Comput1.process  124 - *GB* LK-RLU3A-TOT-DATA-PROMO-ALLOW = 44361081
23:18:29.122 [main] INFO  com.cloudframe.app.process.Comput1.process  126 - *GB* LK-RLU3A-ACCT-PLAN-DATA-ALLOW = 144361081
23:18:29.122 [main] INFO  com.cloudframe.app.process.Comput1.process   76 - ___________________________________
23:18:29.122 [main] INFO  com.cloudframe.app.process.Comput1.process   78 - 765 . WS-OOSU-SHARED-ALLOW = 580662133
23:18:29.123 [main] INFO  com.cloudframe.app.process.Comput1.process   90 - *KB* LK-RLU3A-TOT-DATA-PROMO-ALLOW = 44928133
23:18:29.123 [main] INFO  com.cloudframe.app.process.Comput1.process   92 - *KB* LK-RLU3A-ACCT-PLAN-DATA-ALLOW = 144928133
23:18:29.123 [main] INFO  com.cloudframe.app.process.Comput1.process  108 - *MB* LK-RLU3A-TOT-DATA-PROMO-ALLOW = 44928686
23:18:29.123 [main] INFO  com.cloudframe.app.process.Comput1.process  110 - *MB* LK-RLU3A-ACCT-PLAN-DATA-ALLOW = 144928686
23:18:29.123 [main] INFO  com.cloudframe.app.process.Comput1.process  124 - *GB* LK-RLU3A-TOT-DATA-PROMO-ALLOW = 44928686
23:18:29.123 [main] INFO  com.cloudframe.app.process.Comput1.process  126 - *GB* LK-RLU3A-ACCT-PLAN-DATA-ALLOW = 144928686
23:18:29.123 [main] INFO  com.cloudframe.app.process.Comput1.process   76 - ___________________________________
23:18:29.123 [main] INFO  com.cloudframe.app.process.Comput1.process   78 - 766 . WS-OOSU-SHARED-ALLOW = 582182188
23:18:29.123 [main] INFO  com.cloudframe.app.process.Comput1.process   90 - *KB* LK-RLU3A-TOT-DATA-PROMO-ALLOW = 45497223
23:18:29.123 [main] INFO  com.cloudframe.app.process.Comput1.process   92 - *KB* LK-RLU3A-ACCT-PLAN-DATA-ALLOW = 145497223
23:18:29.123 [main] INFO  com.cloudframe.app.process.Comput1.process  108 - *MB* LK-RLU3A-TOT-DATA-PROMO-ALLOW = 45497778
23:18:29.124 [main] INFO  com.cloudframe.app.process.Comput1.process  110 - *MB* LK-RLU3A-ACCT-PLAN-DATA-ALLOW = 145497778
23:18:29.124 [main] INFO  com.cloudframe.app.process.Comput1.process  124 - *GB* LK-RLU3A-TOT-DATA-PROMO-ALLOW = 45497778
23:18:29.124 [main] INFO  com.cloudframe.app.process.Comput1.process  126 - *GB* LK-RLU3A-ACCT-PLAN-DATA-ALLOW = 145497778
23:18:29.124 [main] INFO  com.cloudframe.app.process.Comput1.process   76 - ___________________________________
23:18:29.124 [main] INFO  com.cloudframe.app.process.Comput1.process   78 - 767 . WS-OOSU-SHARED-ALLOW = 583704230
23:18:29.124 [main] INFO  com.cloudframe.app.process.Comput1.process   90 - *KB* LK-RLU3A-TOT-DATA-PROMO-ALLOW = 46067801
23:18:29.124 [main] INFO  com.cloudframe.app.process.Comput1.process   92 - *KB* LK-RLU3A-ACCT-PLAN-DATA-ALLOW = 146067801
23:18:29.124 [main] INFO  com.cloudframe.app.process.Comput1.process  108 - *MB* LK-RLU3A-TOT-DATA-PROMO-ALLOW = 46068357
23:18:29.124 [main] INFO  com.cloudframe.app.process.Comput1.process  110 - *MB* LK-RLU3A-ACCT-PLAN-DATA-ALLOW = 146068357
23:18:29.124 [main] INFO  com.cloudframe.app.process.Comput1.process  124 - *GB* LK-RLU3A-TOT-DATA-PROMO-ALLOW = 46068357
23:18:29.124 [main] INFO  com.cloudframe.app.process.Comput1.process  126 - *GB* LK-RLU3A-ACCT-PLAN-DATA-ALLOW = 146068357
23:18:29.125 [main] INFO  com.cloudframe.app.process.Comput1.process   76 - ___________________________________
23:18:29.125 [main] INFO  com.cloudframe.app.process.Comput1.process   78 - 768 . WS-OOSU-SHARED-ALLOW = 585228259
23:18:29.125 [main] INFO  com.cloudframe.app.process.Comput1.process   90 - *KB* LK-RLU3A-TOT-DATA-PROMO-ALLOW = 46639868
23:18:29.125 [main] INFO  com.cloudframe.app.process.Comput1.process   92 - *KB* LK-RLU3A-ACCT-PLAN-DATA-ALLOW = 146639868
23:18:29.125 [main] INFO  com.cloudframe.app.process.Comput1.process  108 - *MB* LK-RLU3A-TOT-DATA-PROMO-ALLOW = 46640426
23:18:29.125 [main] INFO  com.cloudframe.app.process.Comput1.process  110 - *MB* LK-RLU3A-ACCT-PLAN-DATA-ALLOW = 146640426
23:18:29.125 [main] INFO  com.cloudframe.app.process.Comput1.process  124 - *GB* LK-RLU3A-TOT-DATA-PROMO-ALLOW = 46640426
23:18:29.125 [main] INFO  com.cloudframe.app.process.Comput1.process  126 - *GB* LK-RLU3A-ACCT-PLAN-DATA-ALLOW = 146640426
23:18:29.125 [main] INFO  com.cloudframe.app.process.Comput1.process   76 - ___________________________________
23:18:29.126 [main] INFO  com.cloudframe.app.process.Comput1.process   78 - 769 . WS-OOSU-SHARED-ALLOW = 586754275
23:18:29.126 [main] INFO  com.cloudframe.app.process.Comput1.process   90 - *KB* LK-RLU3A-TOT-DATA-PROMO-ALLOW = 47213428
23:18:29.126 [main] INFO  com.cloudframe.app.process.Comput1.process   92 - *KB* LK-RLU3A-ACCT-PLAN-DATA-ALLOW = 147213428
23:18:29.126 [main] INFO  com.cloudframe.app.process.Comput1.process  108 - *MB* LK-RLU3A-TOT-DATA-PROMO-ALLOW = 47213987
23:18:29.126 [main] INFO  com.cloudframe.app.process.Comput1.process  110 - *MB* LK-RLU3A-ACCT-PLAN-DATA-ALLOW = 147213987
23:18:29.126 [main] INFO  com.cloudframe.app.process.Comput1.process  124 - *GB* LK-RLU3A-TOT-DATA-PROMO-ALLOW = 47213987
23:18:29.126 [main] INFO  com.cloudframe.app.process.Comput1.process  126 - *GB* LK-RLU3A-ACCT-PLAN-DATA-ALLOW = 147213987
23:18:29.126 [main] INFO  com.cloudframe.app.process.Comput1.process   76 - ___________________________________
23:18:29.126 [main] INFO  com.cloudframe.app.process.Comput1.process   78 - 770 . WS-OOSU-SHARED-ALLOW = 588282278
23:18:29.126 [main] INFO  com.cloudframe.app.process.Comput1.process   90 - *KB* LK-RLU3A-TOT-DATA-PROMO-ALLOW = 47788481
23:18:29.127 [main] INFO  com.cloudframe.app.process.Comput1.process   92 - *KB* LK-RLU3A-ACCT-PLAN-DATA-ALLOW = 147788481
23:18:29.127 [main] INFO  com.cloudframe.app.process.Comput1.process  108 - *MB* LK-RLU3A-TOT-DATA-PROMO-ALLOW = 47789042
23:18:29.127 [main] INFO  com.cloudframe.app.process.Comput1.process  110 - *MB* LK-RLU3A-ACCT-PLAN-DATA-ALLOW = 147789042
23:18:29.127 [main] INFO  com.cloudframe.app.process.Comput1.process  124 - *GB* LK-RLU3A-TOT-DATA-PROMO-ALLOW = 47789042
23:18:29.127 [main] INFO  com.cloudframe.app.process.Comput1.process  126 - *GB* LK-RLU3A-ACCT-PLAN-DATA-ALLOW = 147789042
23:18:29.127 [main] INFO  com.cloudframe.app.process.Comput1.process   76 - ___________________________________
23:18:29.127 [main] INFO  com.cloudframe.app.process.Comput1.process   78 - 771 . WS-OOSU-SHARED-ALLOW = 589812268
23:18:29.127 [main] INFO  com.cloudframe.app.process.Comput1.process   90 - *KB* LK-RLU3A-TOT-DATA-PROMO-ALLOW = 48365030
23:18:29.127 [main] INFO  com.cloudframe.app.process.Comput1.process   92 - *KB* LK-RLU3A-ACCT-PLAN-DATA-ALLOW = 148365030
23:18:29.127 [main] INFO  com.cloudframe.app.process.Comput1.process  108 - *MB* LK-RLU3A-TOT-DATA-PROMO-ALLOW = 48365592
23:18:29.127 [main] INFO  com.cloudframe.app.process.Comput1.process  110 - *MB* LK-RLU3A-ACCT-PLAN-DATA-ALLOW = 148365592
23:18:29.128 [main] INFO  com.cloudframe.app.process.Comput1.process  124 - *GB* LK-RLU3A-TOT-DATA-PROMO-ALLOW = 48365592
23:18:29.128 [main] INFO  com.cloudframe.app.process.Comput1.process  126 - *GB* LK-RLU3A-ACCT-PLAN-DATA-ALLOW = 148365592
23:18:29.128 [main] INFO  com.cloudframe.app.process.Comput1.process   76 - ___________________________________
23:18:29.128 [main] INFO  com.cloudframe.app.process.Comput1.process   78 - 772 . WS-OOSU-SHARED-ALLOW = 591344245
23:18:29.128 [main] INFO  com.cloudframe.app.process.Comput1.process   90 - *KB* LK-RLU3A-TOT-DATA-PROMO-ALLOW = 48943076
23:18:29.128 [main] INFO  com.cloudframe.app.process.Comput1.process   92 - *KB* LK-RLU3A-ACCT-PLAN-DATA-ALLOW = 148943076
23:18:29.128 [main] INFO  com.cloudframe.app.process.Comput1.process  108 - *MB* LK-RLU3A-TOT-DATA-PROMO-ALLOW = 48943639
23:18:29.128 [main] INFO  com.cloudframe.app.process.Comput1.process  110 - *MB* LK-RLU3A-ACCT-PLAN-DATA-ALLOW = 148943639
23:18:29.128 [main] INFO  com.cloudframe.app.process.Comput1.process  124 - *GB* LK-RLU3A-TOT-DATA-PROMO-ALLOW = 48943639
23:18:29.128 [main] INFO  com.cloudframe.app.process.Comput1.process  126 - *GB* LK-RLU3A-ACCT-PLAN-DATA-ALLOW = 148943639
23:18:29.128 [main] INFO  com.cloudframe.app.process.Comput1.process   76 - ___________________________________
23:18:29.128 [main] INFO  com.cloudframe.app.process.Comput1.process   78 - 773 . WS-OOSU-SHARED-ALLOW = 592878209
23:18:29.129 [main] INFO  com.cloudframe.app.process.Comput1.process   90 - *KB* LK-RLU3A-TOT-DATA-PROMO-ALLOW = 49522621
23:18:29.129 [main] INFO  com.cloudframe.app.process.Comput1.process   92 - *KB* LK-RLU3A-ACCT-PLAN-DATA-ALLOW = 149522621
23:18:29.129 [main] INFO  com.cloudframe.app.process.Comput1.process  108 - *MB* LK-RLU3A-TOT-DATA-PROMO-ALLOW = 49523186
23:18:29.129 [main] INFO  com.cloudframe.app.process.Comput1.process  110 - *MB* LK-RLU3A-ACCT-PLAN-DATA-ALLOW = 149523186
23:18:29.129 [main] INFO  com.cloudframe.app.process.Comput1.process  124 - *GB* LK-RLU3A-TOT-DATA-PROMO-ALLOW = 49523186
23:18:29.129 [main] INFO  com.cloudframe.app.process.Comput1.process  126 - *GB* LK-RLU3A-ACCT-PLAN-DATA-ALLOW = 149523186
23:18:29.129 [main] INFO  com.cloudframe.app.process.Comput1.process   76 - ___________________________________
23:18:29.129 [main] INFO  com.cloudframe.app.process.Comput1.process   78 - 774 . WS-OOSU-SHARED-ALLOW = 594414160
23:18:29.129 [main] INFO  com.cloudframe.app.process.Comput1.process   90 - *KB* LK-RLU3A-TOT-DATA-PROMO-ALLOW = 50103668
23:18:29.130 [main] INFO  com.cloudframe.app.process.Comput1.process   92 - *KB* LK-RLU3A-ACCT-PLAN-DATA-ALLOW = 150103668
23:18:29.130 [main] INFO  com.cloudframe.app.process.Comput1.process  108 - *MB* LK-RLU3A-TOT-DATA-PROMO-ALLOW = 50104234
23:18:29.130 [main] INFO  com.cloudframe.app.process.Comput1.process  110 - *MB* LK-RLU3A-ACCT-PLAN-DATA-ALLOW = 150104234
23:18:29.130 [main] INFO  com.cloudframe.app.process.Comput1.process  124 - *GB* LK-RLU3A-TOT-DATA-PROMO-ALLOW = 50104234
23:18:29.130 [main] INFO  com.cloudframe.app.process.Comput1.process  126 - *GB* LK-RLU3A-ACCT-PLAN-DATA-ALLOW = 150104234
23:18:29.130 [main] INFO  com.cloudframe.app.process.Comput1.process   76 - ___________________________________
23:18:29.130 [main] INFO  com.cloudframe.app.process.Comput1.process   78 - 775 . WS-OOSU-SHARED-ALLOW = 595952098
23:18:29.130 [main] INFO  com.cloudframe.app.process.Comput1.process   90 - *KB* LK-RLU3A-TOT-DATA-PROMO-ALLOW = 50686218
23:18:29.130 [main] INFO  com.cloudframe.app.process.Comput1.process   92 - *KB* LK-RLU3A-ACCT-PLAN-DATA-ALLOW = 150686218
23:18:29.130 [main] INFO  com.cloudframe.app.process.Comput1.process  108 - *MB* LK-RLU3A-TOT-DATA-PROMO-ALLOW = 50686786
23:18:29.130 [main] INFO  com.cloudframe.app.process.Comput1.process  110 - *MB* LK-RLU3A-ACCT-PLAN-DATA-ALLOW = 150686786
23:18:29.131 [main] INFO  com.cloudframe.app.process.Comput1.process  124 - *GB* LK-RLU3A-TOT-DATA-PROMO-ALLOW = 50686786
23:18:29.131 [main] INFO  com.cloudframe.app.process.Comput1.process  126 - *GB* LK-RLU3A-ACCT-PLAN-DATA-ALLOW = 150686786
23:18:29.131 [main] INFO  com.cloudframe.app.process.Comput1.process   76 - ___________________________________
23:18:29.131 [main] INFO  com.cloudframe.app.process.Comput1.process   78 - 776 . WS-OOSU-SHARED-ALLOW = 597492023
23:18:29.131 [main] INFO  com.cloudframe.app.process.Comput1.process   90 - *KB* LK-RLU3A-TOT-DATA-PROMO-ALLOW = 51270274
23:18:29.131 [main] INFO  com.cloudframe.app.process.Comput1.process   92 - *KB* LK-RLU3A-ACCT-PLAN-DATA-ALLOW = 151270274
23:18:29.131 [main] INFO  com.cloudframe.app.process.Comput1.process  108 - *MB* LK-RLU3A-TOT-DATA-PROMO-ALLOW = 51270843
23:18:29.131 [main] INFO  com.cloudframe.app.process.Comput1.process  110 - *MB* LK-RLU3A-ACCT-PLAN-DATA-ALLOW = 151270843
23:18:29.131 [main] INFO  com.cloudframe.app.process.Comput1.process  124 - *GB* LK-RLU3A-TOT-DATA-PROMO-ALLOW = 51270843
23:18:29.131 [main] INFO  com.cloudframe.app.process.Comput1.process  126 - *GB* LK-RLU3A-ACCT-PLAN-DATA-ALLOW = 151270843
23:18:29.131 [main] INFO  com.cloudframe.app.process.Comput1.process   76 - ___________________________________
23:18:29.131 [main] INFO  com.cloudframe.app.process.Comput1.process   78 - 777 . WS-OOSU-SHARED-ALLOW = 599033935
23:18:29.132 [main] INFO  com.cloudframe.app.process.Comput1.process   90 - *KB* LK-RLU3A-TOT-DATA-PROMO-ALLOW = 51855837
23:18:29.132 [main] INFO  com.cloudframe.app.process.Comput1.process   92 - *KB* LK-RLU3A-ACCT-PLAN-DATA-ALLOW = 151855837
23:18:29.132 [main] INFO  com.cloudframe.app.process.Comput1.process  108 - *MB* LK-RLU3A-TOT-DATA-PROMO-ALLOW = 51856408
23:18:29.132 [main] INFO  com.cloudframe.app.process.Comput1.process  110 - *MB* LK-RLU3A-ACCT-PLAN-DATA-ALLOW = 151856408
23:18:29.132 [main] INFO  com.cloudframe.app.process.Comput1.process  124 - *GB* LK-RLU3A-TOT-DATA-PROMO-ALLOW = 51856408
23:18:29.132 [main] INFO  com.cloudframe.app.process.Comput1.process  126 - *GB* LK-RLU3A-ACCT-PLAN-DATA-ALLOW = 151856408
23:18:29.132 [main] INFO  com.cloudframe.app.process.Comput1.process   76 - ___________________________________
23:18:29.132 [main] INFO  com.cloudframe.app.process.Comput1.process   78 - 778 . WS-OOSU-SHARED-ALLOW = 600577834
23:18:29.132 [main] INFO  com.cloudframe.app.process.Comput1.process   90 - *KB* LK-RLU3A-TOT-DATA-PROMO-ALLOW = 52442909
23:18:29.132 [main] INFO  com.cloudframe.app.process.Comput1.process   92 - *KB* LK-RLU3A-ACCT-PLAN-DATA-ALLOW = 152442909
23:18:29.133 [main] INFO  com.cloudframe.app.process.Comput1.process  108 - *MB* LK-RLU3A-TOT-DATA-PROMO-ALLOW = 52443481
23:18:29.133 [main] INFO  com.cloudframe.app.process.Comput1.process  110 - *MB* LK-RLU3A-ACCT-PLAN-DATA-ALLOW = 152443481
23:18:29.133 [main] INFO  com.cloudframe.app.process.Comput1.process  124 - *GB* LK-RLU3A-TOT-DATA-PROMO-ALLOW = 52443481
23:18:29.133 [main] INFO  com.cloudframe.app.process.Comput1.process  126 - *GB* LK-RLU3A-ACCT-PLAN-DATA-ALLOW = 152443481
23:18:29.133 [main] INFO  com.cloudframe.app.process.Comput1.process   76 - ___________________________________
23:18:29.133 [main] INFO  com.cloudframe.app.process.Comput1.process   78 - 779 . WS-OOSU-SHARED-ALLOW = 602123720
23:18:29.133 [main] INFO  com.cloudframe.app.process.Comput1.process   90 - *KB* LK-RLU3A-TOT-DATA-PROMO-ALLOW = 53031492
23:18:29.133 [main] INFO  com.cloudframe.app.process.Comput1.process   92 - *KB* LK-RLU3A-ACCT-PLAN-DATA-ALLOW = 153031492
23:18:29.133 [main] INFO  com.cloudframe.app.process.Comput1.process  108 - *MB* LK-RLU3A-TOT-DATA-PROMO-ALLOW = 53032066
23:18:29.133 [main] INFO  com.cloudframe.app.process.Comput1.process  110 - *MB* LK-RLU3A-ACCT-PLAN-DATA-ALLOW = 153032066
23:18:29.134 [main] INFO  com.cloudframe.app.process.Comput1.process  124 - *GB* LK-RLU3A-TOT-DATA-PROMO-ALLOW = 53032066
23:18:29.134 [main] INFO  com.cloudframe.app.process.Comput1.process  126 - *GB* LK-RLU3A-ACCT-PLAN-DATA-ALLOW = 153032066
23:18:29.134 [main] INFO  com.cloudframe.app.process.Comput1.process   76 - ___________________________________
23:18:29.134 [main] INFO  com.cloudframe.app.process.Comput1.process   78 - 780 . WS-OOSU-SHARED-ALLOW = 603671593
23:18:29.134 [main] INFO  com.cloudframe.app.process.Comput1.process   90 - *KB* LK-RLU3A-TOT-DATA-PROMO-ALLOW = 53621589
23:18:29.134 [main] INFO  com.cloudframe.app.process.Comput1.process   92 - *KB* LK-RLU3A-ACCT-PLAN-DATA-ALLOW = 153621589
23:18:29.134 [main] INFO  com.cloudframe.app.process.Comput1.process  108 - *MB* LK-RLU3A-TOT-DATA-PROMO-ALLOW = 53622164
23:18:29.134 [main] INFO  com.cloudframe.app.process.Comput1.process  110 - *MB* LK-RLU3A-ACCT-PLAN-DATA-ALLOW = 153622164
23:18:29.134 [main] INFO  com.cloudframe.app.process.Comput1.process  124 - *GB* LK-RLU3A-TOT-DATA-PROMO-ALLOW = 53622164
23:18:29.134 [main] INFO  com.cloudframe.app.process.Comput1.process  126 - *GB* LK-RLU3A-ACCT-PLAN-DATA-ALLOW = 153622164
23:18:29.134 [main] INFO  com.cloudframe.app.process.Comput1.process   76 - ___________________________________
23:18:29.135 [main] INFO  com.cloudframe.app.process.Comput1.process   78 - 781 . WS-OOSU-SHARED-ALLOW = 605221453
23:18:29.135 [main] INFO  com.cloudframe.app.process.Comput1.process   90 - *KB* LK-RLU3A-TOT-DATA-PROMO-ALLOW = 54213200
23:18:29.135 [main] INFO  com.cloudframe.app.process.Comput1.process   92 - *KB* LK-RLU3A-ACCT-PLAN-DATA-ALLOW = 154213200
23:18:29.135 [main] INFO  com.cloudframe.app.process.Comput1.process  108 - *MB* LK-RLU3A-TOT-DATA-PROMO-ALLOW = 54213777
23:18:29.135 [main] INFO  com.cloudframe.app.process.Comput1.process  110 - *MB* LK-RLU3A-ACCT-PLAN-DATA-ALLOW = 154213777
23:18:29.135 [main] INFO  com.cloudframe.app.process.Comput1.process  124 - *GB* LK-RLU3A-TOT-DATA-PROMO-ALLOW = 54213777
23:18:29.135 [main] INFO  com.cloudframe.app.process.Comput1.process  126 - *GB* LK-RLU3A-ACCT-PLAN-DATA-ALLOW = 154213777
23:18:29.135 [main] INFO  com.cloudframe.app.process.Comput1.process   76 - ___________________________________
23:18:29.135 [main] INFO  com.cloudframe.app.process.Comput1.process   78 - 782 . WS-OOSU-SHARED-ALLOW = 606773300
23:18:29.135 [main] INFO  com.cloudframe.app.process.Comput1.process   90 - *KB* LK-RLU3A-TOT-DATA-PROMO-ALLOW = 54806329
23:18:29.135 [main] INFO  com.cloudframe.app.process.Comput1.process   92 - *KB* LK-RLU3A-ACCT-PLAN-DATA-ALLOW = 154806329
23:18:29.136 [main] INFO  com.cloudframe.app.process.Comput1.process  108 - *MB* LK-RLU3A-TOT-DATA-PROMO-ALLOW = 54806907
23:18:29.136 [main] INFO  com.cloudframe.app.process.Comput1.process  110 - *MB* LK-RLU3A-ACCT-PLAN-DATA-ALLOW = 154806907
23:18:29.136 [main] INFO  com.cloudframe.app.process.Comput1.process  124 - *GB* LK-RLU3A-TOT-DATA-PROMO-ALLOW = 54806907
23:18:29.136 [main] INFO  com.cloudframe.app.process.Comput1.process  126 - *GB* LK-RLU3A-ACCT-PLAN-DATA-ALLOW = 154806907
23:18:29.136 [main] INFO  com.cloudframe.app.process.Comput1.process   76 - ___________________________________
23:18:29.136 [main] INFO  com.cloudframe.app.process.Comput1.process   78 - 783 . WS-OOSU-SHARED-ALLOW = 608327134
23:18:29.136 [main] INFO  com.cloudframe.app.process.Comput1.process   90 - *KB* LK-RLU3A-TOT-DATA-PROMO-ALLOW = 55400976
23:18:29.136 [main] INFO  com.cloudframe.app.process.Comput1.process   92 - *KB* LK-RLU3A-ACCT-PLAN-DATA-ALLOW = 155400976
23:18:29.136 [main] INFO  com.cloudframe.app.process.Comput1.process  108 - *MB* LK-RLU3A-TOT-DATA-PROMO-ALLOW = 55401556
23:18:29.136 [main] INFO  com.cloudframe.app.process.Comput1.process  110 - *MB* LK-RLU3A-ACCT-PLAN-DATA-ALLOW = 155401556
23:18:29.137 [main] INFO  com.cloudframe.app.process.Comput1.process  124 - *GB* LK-RLU3A-TOT-DATA-PROMO-ALLOW = 55401556
23:18:29.137 [main] INFO  com.cloudframe.app.process.Comput1.process  126 - *GB* LK-RLU3A-ACCT-PLAN-DATA-ALLOW = 155401556
23:18:29.137 [main] INFO  com.cloudframe.app.process.Comput1.process   76 - ___________________________________
23:18:29.137 [main] INFO  com.cloudframe.app.process.Comput1.process   78 - 784 . WS-OOSU-SHARED-ALLOW = 609882955
23:18:29.137 [main] INFO  com.cloudframe.app.process.Comput1.process   90 - *KB* LK-RLU3A-TOT-DATA-PROMO-ALLOW = 55997144
23:18:29.137 [main] INFO  com.cloudframe.app.process.Comput1.process   92 - *KB* LK-RLU3A-ACCT-PLAN-DATA-ALLOW = 155997144
23:18:29.137 [main] INFO  com.cloudframe.app.process.Comput1.process  108 - *MB* LK-RLU3A-TOT-DATA-PROMO-ALLOW = 55997725
23:18:29.137 [main] INFO  com.cloudframe.app.process.Comput1.process  110 - *MB* LK-RLU3A-ACCT-PLAN-DATA-ALLOW = 155997725
23:18:29.137 [main] INFO  com.cloudframe.app.process.Comput1.process  124 - *GB* LK-RLU3A-TOT-DATA-PROMO-ALLOW = 55997725
23:18:29.137 [main] INFO  com.cloudframe.app.process.Comput1.process  126 - *GB* LK-RLU3A-ACCT-PLAN-DATA-ALLOW = 155997725
23:18:29.137 [main] INFO  com.cloudframe.app.process.Comput1.process   76 - ___________________________________
23:18:29.138 [main] INFO  com.cloudframe.app.process.Comput1.process   78 - 785 . WS-OOSU-SHARED-ALLOW = 611440763
23:18:29.138 [main] INFO  com.cloudframe.app.process.Comput1.process   90 - *KB* LK-RLU3A-TOT-DATA-PROMO-ALLOW = 56594835
23:18:29.138 [main] INFO  com.cloudframe.app.process.Comput1.process   92 - *KB* LK-RLU3A-ACCT-PLAN-DATA-ALLOW = 156594835
23:18:29.138 [main] INFO  com.cloudframe.app.process.Comput1.process  108 - *MB* LK-RLU3A-TOT-DATA-PROMO-ALLOW = 56595418
23:18:29.138 [main] INFO  com.cloudframe.app.process.Comput1.process  110 - *MB* LK-RLU3A-ACCT-PLAN-DATA-ALLOW = 156595418
23:18:29.138 [main] INFO  com.cloudframe.app.process.Comput1.process  124 - *GB* LK-RLU3A-TOT-DATA-PROMO-ALLOW = 56595418
23:18:29.138 [main] INFO  com.cloudframe.app.process.Comput1.process  126 - *GB* LK-RLU3A-ACCT-PLAN-DATA-ALLOW = 156595418
23:18:29.138 [main] INFO  com.cloudframe.app.process.Comput1.process   76 - ___________________________________
23:18:29.138 [main] INFO  com.cloudframe.app.process.Comput1.process   78 - 786 . WS-OOSU-SHARED-ALLOW = 613000558
23:18:29.138 [main] INFO  com.cloudframe.app.process.Comput1.process   90 - *KB* LK-RLU3A-TOT-DATA-PROMO-ALLOW = 57194051
23:18:29.139 [main] INFO  com.cloudframe.app.process.Comput1.process   92 - *KB* LK-RLU3A-ACCT-PLAN-DATA-ALLOW = 157194051
23:18:29.139 [main] INFO  com.cloudframe.app.process.Comput1.process  108 - *MB* LK-RLU3A-TOT-DATA-PROMO-ALLOW = 57194635
23:18:29.139 [main] INFO  com.cloudframe.app.process.Comput1.process  110 - *MB* LK-RLU3A-ACCT-PLAN-DATA-ALLOW = 157194635
23:18:29.139 [main] INFO  com.cloudframe.app.process.Comput1.process  124 - *GB* LK-RLU3A-TOT-DATA-PROMO-ALLOW = 57194635
23:18:29.139 [main] INFO  com.cloudframe.app.process.Comput1.process  126 - *GB* LK-RLU3A-ACCT-PLAN-DATA-ALLOW = 157194635
23:18:29.139 [main] INFO  com.cloudframe.app.process.Comput1.process   76 - ___________________________________
23:18:29.139 [main] INFO  com.cloudframe.app.process.Comput1.process   78 - 787 . WS-OOSU-SHARED-ALLOW = 614562340
23:18:29.139 [main] INFO  com.cloudframe.app.process.Comput1.process   90 - *KB* LK-RLU3A-TOT-DATA-PROMO-ALLOW = 57794793
23:18:29.139 [main] INFO  com.cloudframe.app.process.Comput1.process   92 - *KB* LK-RLU3A-ACCT-PLAN-DATA-ALLOW = 157794793
23:18:29.139 [main] INFO  com.cloudframe.app.process.Comput1.process  108 - *MB* LK-RLU3A-TOT-DATA-PROMO-ALLOW = 57795379
23:18:29.139 [main] INFO  com.cloudframe.app.process.Comput1.process  110 - *MB* LK-RLU3A-ACCT-PLAN-DATA-ALLOW = 157795379
23:18:29.140 [main] INFO  com.cloudframe.app.process.Comput1.process  124 - *GB* LK-RLU3A-TOT-DATA-PROMO-ALLOW = 57795379
23:18:29.140 [main] INFO  com.cloudframe.app.process.Comput1.process  126 - *GB* LK-RLU3A-ACCT-PLAN-DATA-ALLOW = 157795379
23:18:29.140 [main] INFO  com.cloudframe.app.process.Comput1.process   76 - ___________________________________
23:18:29.140 [main] INFO  com.cloudframe.app.process.Comput1.process   78 - 788 . WS-OOSU-SHARED-ALLOW = 616126109
23:18:29.140 [main] INFO  com.cloudframe.app.process.Comput1.process   90 - *KB* LK-RLU3A-TOT-DATA-PROMO-ALLOW = 58397064
23:18:29.140 [main] INFO  com.cloudframe.app.process.Comput1.process   92 - *KB* LK-RLU3A-ACCT-PLAN-DATA-ALLOW = 158397064
23:18:29.140 [main] INFO  com.cloudframe.app.process.Comput1.process  108 - *MB* LK-RLU3A-TOT-DATA-PROMO-ALLOW = 58397651
23:18:29.140 [main] INFO  com.cloudframe.app.process.Comput1.process  110 - *MB* LK-RLU3A-ACCT-PLAN-DATA-ALLOW = 158397651
23:18:29.140 [main] INFO  com.cloudframe.app.process.Comput1.process  124 - *GB* LK-RLU3A-TOT-DATA-PROMO-ALLOW = 58397651
23:18:29.140 [main] INFO  com.cloudframe.app.process.Comput1.process  126 - *GB* LK-RLU3A-ACCT-PLAN-DATA-ALLOW = 158397651
23:18:29.140 [main] INFO  com.cloudframe.app.process.Comput1.process   76 - ___________________________________
23:18:29.141 [main] INFO  com.cloudframe.app.process.Comput1.process   78 - 789 . WS-OOSU-SHARED-ALLOW = 617691865
23:18:29.141 [main] INFO  com.cloudframe.app.process.Comput1.process   90 - *KB* LK-RLU3A-TOT-DATA-PROMO-ALLOW = 59000865
23:18:29.141 [main] INFO  com.cloudframe.app.process.Comput1.process   92 - *KB* LK-RLU3A-ACCT-PLAN-DATA-ALLOW = 159000865
23:18:29.141 [main] INFO  com.cloudframe.app.process.Comput1.process  108 - *MB* LK-RLU3A-TOT-DATA-PROMO-ALLOW = 59001454
23:18:29.141 [main] INFO  com.cloudframe.app.process.Comput1.process  110 - *MB* LK-RLU3A-ACCT-PLAN-DATA-ALLOW = 159001454
23:18:29.141 [main] INFO  com.cloudframe.app.process.Comput1.process  124 - *GB* LK-RLU3A-TOT-DATA-PROMO-ALLOW = 59001454
23:18:29.141 [main] INFO  com.cloudframe.app.process.Comput1.process  126 - *GB* LK-RLU3A-ACCT-PLAN-DATA-ALLOW = 159001454
23:18:29.141 [main] INFO  com.cloudframe.app.process.Comput1.process   76 - ___________________________________
23:18:29.141 [main] INFO  com.cloudframe.app.process.Comput1.process   78 - 790 . WS-OOSU-SHARED-ALLOW = 619259608
23:18:29.141 [main] INFO  com.cloudframe.app.process.Comput1.process   90 - *KB* LK-RLU3A-TOT-DATA-PROMO-ALLOW = 59606199
23:18:29.141 [main] INFO  com.cloudframe.app.process.Comput1.process   92 - *KB* LK-RLU3A-ACCT-PLAN-DATA-ALLOW = 159606199
23:18:29.142 [main] INFO  com.cloudframe.app.process.Comput1.process  108 - *MB* LK-RLU3A-TOT-DATA-PROMO-ALLOW = 59606789
23:18:29.142 [main] INFO  com.cloudframe.app.process.Comput1.process  110 - *MB* LK-RLU3A-ACCT-PLAN-DATA-ALLOW = 159606789
23:18:29.142 [main] INFO  com.cloudframe.app.process.Comput1.process  124 - *GB* LK-RLU3A-TOT-DATA-PROMO-ALLOW = 59606789
23:18:29.142 [main] INFO  com.cloudframe.app.process.Comput1.process  126 - *GB* LK-RLU3A-ACCT-PLAN-DATA-ALLOW = 159606789
23:18:29.142 [main] INFO  com.cloudframe.app.process.Comput1.process   76 - ___________________________________
23:18:29.142 [main] INFO  com.cloudframe.app.process.Comput1.process   78 - 791 . WS-OOSU-SHARED-ALLOW = 620829338
23:18:29.142 [main] INFO  com.cloudframe.app.process.Comput1.process   90 - *KB* LK-RLU3A-TOT-DATA-PROMO-ALLOW = 60213067
23:18:29.142 [main] INFO  com.cloudframe.app.process.Comput1.process   92 - *KB* LK-RLU3A-ACCT-PLAN-DATA-ALLOW = 160213067
23:18:29.142 [main] INFO  com.cloudframe.app.process.Comput1.process  108 - *MB* LK-RLU3A-TOT-DATA-PROMO-ALLOW = 60213659
23:18:29.142 [main] INFO  com.cloudframe.app.process.Comput1.process  110 - *MB* LK-RLU3A-ACCT-PLAN-DATA-ALLOW = 160213659
23:18:29.142 [main] INFO  com.cloudframe.app.process.Comput1.process  124 - *GB* LK-RLU3A-TOT-DATA-PROMO-ALLOW = 60213659
23:18:29.142 [main] INFO  com.cloudframe.app.process.Comput1.process  126 - *GB* LK-RLU3A-ACCT-PLAN-DATA-ALLOW = 160213659
23:18:29.143 [main] INFO  com.cloudframe.app.process.Comput1.process   76 - ___________________________________
23:18:29.143 [main] INFO  com.cloudframe.app.process.Comput1.process   78 - 792 . WS-OOSU-SHARED-ALLOW = 622401055
23:18:29.143 [main] INFO  com.cloudframe.app.process.Comput1.process   90 - *KB* LK-RLU3A-TOT-DATA-PROMO-ALLOW = 60821472
23:18:29.143 [main] INFO  com.cloudframe.app.process.Comput1.process   92 - *KB* LK-RLU3A-ACCT-PLAN-DATA-ALLOW = 160821472
23:18:29.143 [main] INFO  com.cloudframe.app.process.Comput1.process  108 - *MB* LK-RLU3A-TOT-DATA-PROMO-ALLOW = 60822065
23:18:29.143 [main] INFO  com.cloudframe.app.process.Comput1.process  110 - *MB* LK-RLU3A-ACCT-PLAN-DATA-ALLOW = 160822065
23:18:29.143 [main] INFO  com.cloudframe.app.process.Comput1.process  124 - *GB* LK-RLU3A-TOT-DATA-PROMO-ALLOW = 60822065
23:18:29.143 [main] INFO  com.cloudframe.app.process.Comput1.process  126 - *GB* LK-RLU3A-ACCT-PLAN-DATA-ALLOW = 160822065
23:18:29.143 [main] INFO  com.cloudframe.app.process.Comput1.process   76 - ___________________________________
23:18:29.143 [main] INFO  com.cloudframe.app.process.Comput1.process   78 - 793 . WS-OOSU-SHARED-ALLOW = 623974759
23:18:29.143 [main] INFO  com.cloudframe.app.process.Comput1.process   90 - *KB* LK-RLU3A-TOT-DATA-PROMO-ALLOW = 61431415
23:18:29.144 [main] INFO  com.cloudframe.app.process.Comput1.process   92 - *KB* LK-RLU3A-ACCT-PLAN-DATA-ALLOW = 161431415
23:18:29.144 [main] INFO  com.cloudframe.app.process.Comput1.process  108 - *MB* LK-RLU3A-TOT-DATA-PROMO-ALLOW = 61432010
23:18:29.144 [main] INFO  com.cloudframe.app.process.Comput1.process  110 - *MB* LK-RLU3A-ACCT-PLAN-DATA-ALLOW = 161432010
23:18:29.144 [main] INFO  com.cloudframe.app.process.Comput1.process  124 - *GB* LK-RLU3A-TOT-DATA-PROMO-ALLOW = 61432010
23:18:29.144 [main] INFO  com.cloudframe.app.process.Comput1.process  126 - *GB* LK-RLU3A-ACCT-PLAN-DATA-ALLOW = 161432010
23:18:29.144 [main] INFO  com.cloudframe.app.process.Comput1.process   76 - ___________________________________
23:18:29.144 [main] INFO  com.cloudframe.app.process.Comput1.process   78 - 794 . WS-OOSU-SHARED-ALLOW = 625550450
23:18:29.144 [main] INFO  com.cloudframe.app.process.Comput1.process   90 - *KB* LK-RLU3A-TOT-DATA-PROMO-ALLOW = 62042899
23:18:29.144 [main] INFO  com.cloudframe.app.process.Comput1.process   92 - *KB* LK-RLU3A-ACCT-PLAN-DATA-ALLOW = 162042899
23:18:29.144 [main] INFO  com.cloudframe.app.process.Comput1.process  108 - *MB* LK-RLU3A-TOT-DATA-PROMO-ALLOW = 62043495
23:18:29.144 [main] INFO  com.cloudframe.app.process.Comput1.process  110 - *MB* LK-RLU3A-ACCT-PLAN-DATA-ALLOW = 162043495
23:18:29.145 [main] INFO  com.cloudframe.app.process.Comput1.process  124 - *GB* LK-RLU3A-TOT-DATA-PROMO-ALLOW = 62043495
23:18:29.145 [main] INFO  com.cloudframe.app.process.Comput1.process  126 - *GB* LK-RLU3A-ACCT-PLAN-DATA-ALLOW = 162043495
23:18:29.145 [main] INFO  com.cloudframe.app.process.Comput1.process   76 - ___________________________________
23:18:29.145 [main] INFO  com.cloudframe.app.process.Comput1.process   78 - 795 . WS-OOSU-SHARED-ALLOW = 627128128
23:18:29.145 [main] INFO  com.cloudframe.app.process.Comput1.process   90 - *KB* LK-RLU3A-TOT-DATA-PROMO-ALLOW = 62655924
23:18:29.145 [main] INFO  com.cloudframe.app.process.Comput1.process   92 - *KB* LK-RLU3A-ACCT-PLAN-DATA-ALLOW = 162655924
23:18:29.145 [main] INFO  com.cloudframe.app.process.Comput1.process  108 - *MB* LK-RLU3A-TOT-DATA-PROMO-ALLOW = 62656522
23:18:29.145 [main] INFO  com.cloudframe.app.process.Comput1.process  110 - *MB* LK-RLU3A-ACCT-PLAN-DATA-ALLOW = 162656522
23:18:29.145 [main] INFO  com.cloudframe.app.process.Comput1.process  124 - *GB* LK-RLU3A-TOT-DATA-PROMO-ALLOW = 62656522
23:18:29.145 [main] INFO  com.cloudframe.app.process.Comput1.process  126 - *GB* LK-RLU3A-ACCT-PLAN-DATA-ALLOW = 162656522
23:18:29.145 [main] INFO  com.cloudframe.app.process.Comput1.process   76 - ___________________________________
23:18:29.145 [main] INFO  com.cloudframe.app.process.Comput1.process   78 - 796 . WS-OOSU-SHARED-ALLOW = 628707793
23:18:29.146 [main] INFO  com.cloudframe.app.process.Comput1.process   90 - *KB* LK-RLU3A-TOT-DATA-PROMO-ALLOW = 63270494
23:18:29.146 [main] INFO  com.cloudframe.app.process.Comput1.process   92 - *KB* LK-RLU3A-ACCT-PLAN-DATA-ALLOW = 163270494
23:18:29.146 [main] INFO  com.cloudframe.app.process.Comput1.process  108 - *MB* LK-RLU3A-TOT-DATA-PROMO-ALLOW = 63271093
23:18:29.146 [main] INFO  com.cloudframe.app.process.Comput1.process  110 - *MB* LK-RLU3A-ACCT-PLAN-DATA-ALLOW = 163271093
23:18:29.146 [main] INFO  com.cloudframe.app.process.Comput1.process  124 - *GB* LK-RLU3A-TOT-DATA-PROMO-ALLOW = 63271093
23:18:29.146 [main] INFO  com.cloudframe.app.process.Comput1.process  126 - *GB* LK-RLU3A-ACCT-PLAN-DATA-ALLOW = 163271093
23:18:29.146 [main] INFO  com.cloudframe.app.process.Comput1.process   76 - ___________________________________
23:18:29.146 [main] INFO  com.cloudframe.app.process.Comput1.process   78 - 797 . WS-OOSU-SHARED-ALLOW = 630289445
23:18:29.146 [main] INFO  com.cloudframe.app.process.Comput1.process   90 - *KB* LK-RLU3A-TOT-DATA-PROMO-ALLOW = 63886610
23:18:29.146 [main] INFO  com.cloudframe.app.process.Comput1.process   92 - *KB* LK-RLU3A-ACCT-PLAN-DATA-ALLOW = 163886610
23:18:29.147 [main] INFO  com.cloudframe.app.process.Comput1.process  108 - *MB* LK-RLU3A-TOT-DATA-PROMO-ALLOW = 63887211
23:18:29.147 [main] INFO  com.cloudframe.app.process.Comput1.process  110 - *MB* LK-RLU3A-ACCT-PLAN-DATA-ALLOW = 163887211
23:18:29.147 [main] INFO  com.cloudframe.app.process.Comput1.process  124 - *GB* LK-RLU3A-TOT-DATA-PROMO-ALLOW = 63887211
23:18:29.147 [main] INFO  com.cloudframe.app.process.Comput1.process  126 - *GB* LK-RLU3A-ACCT-PLAN-DATA-ALLOW = 163887211
23:18:29.147 [main] INFO  com.cloudframe.app.process.Comput1.process   76 - ___________________________________
23:18:29.147 [main] INFO  com.cloudframe.app.process.Comput1.process   78 - 798 . WS-OOSU-SHARED-ALLOW = 631873084
23:18:29.147 [main] INFO  com.cloudframe.app.process.Comput1.process   90 - *KB* LK-RLU3A-TOT-DATA-PROMO-ALLOW = 64504274
23:18:29.147 [main] INFO  com.cloudframe.app.process.Comput1.process   92 - *KB* LK-RLU3A-ACCT-PLAN-DATA-ALLOW = 164504274
23:18:29.147 [main] INFO  com.cloudframe.app.process.Comput1.process  108 - *MB* LK-RLU3A-TOT-DATA-PROMO-ALLOW = 64504876
23:18:29.147 [main] INFO  com.cloudframe.app.process.Comput1.process  110 - *MB* LK-RLU3A-ACCT-PLAN-DATA-ALLOW = 164504876
23:18:29.147 [main] INFO  com.cloudframe.app.process.Comput1.process  124 - *GB* LK-RLU3A-TOT-DATA-PROMO-ALLOW = 64504876
23:18:29.148 [main] INFO  com.cloudframe.app.process.Comput1.process  126 - *GB* LK-RLU3A-ACCT-PLAN-DATA-ALLOW = 164504876
23:18:29.148 [main] INFO  com.cloudframe.app.process.Comput1.process   76 - ___________________________________
23:18:29.148 [main] INFO  com.cloudframe.app.process.Comput1.process   78 - 799 . WS-OOSU-SHARED-ALLOW = 633458710
23:18:29.148 [main] INFO  com.cloudframe.app.process.Comput1.process   90 - *KB* LK-RLU3A-TOT-DATA-PROMO-ALLOW = 65123488
23:18:29.148 [main] INFO  com.cloudframe.app.process.Comput1.process   92 - *KB* LK-RLU3A-ACCT-PLAN-DATA-ALLOW = 165123488
23:18:29.148 [main] INFO  com.cloudframe.app.process.Comput1.process  108 - *MB* LK-RLU3A-TOT-DATA-PROMO-ALLOW = 65124092
23:18:29.148 [main] INFO  com.cloudframe.app.process.Comput1.process  110 - *MB* LK-RLU3A-ACCT-PLAN-DATA-ALLOW = 165124092
23:18:29.148 [main] INFO  com.cloudframe.app.process.Comput1.process  124 - *GB* LK-RLU3A-TOT-DATA-PROMO-ALLOW = 65124092
23:18:29.148 [main] INFO  com.cloudframe.app.process.Comput1.process  126 - *GB* LK-RLU3A-ACCT-PLAN-DATA-ALLOW = 165124092
23:18:29.148 [main] INFO  com.cloudframe.app.process.Comput1.process   76 - ___________________________________
23:18:29.148 [main] INFO  com.cloudframe.app.process.Comput1.process   78 - 800 . WS-OOSU-SHARED-ALLOW = 635046323
23:18:29.149 [main] INFO  com.cloudframe.app.process.Comput1.process   90 - *KB* LK-RLU3A-TOT-DATA-PROMO-ALLOW = 65744254
23:18:29.149 [main] INFO  com.cloudframe.app.process.Comput1.process   92 - *KB* LK-RLU3A-ACCT-PLAN-DATA-ALLOW = 165744254
23:18:29.149 [main] INFO  com.cloudframe.app.process.Comput1.process  108 - *MB* LK-RLU3A-TOT-DATA-PROMO-ALLOW = 65744859
23:18:29.149 [main] INFO  com.cloudframe.app.process.Comput1.process  110 - *MB* LK-RLU3A-ACCT-PLAN-DATA-ALLOW = 165744859
23:18:29.149 [main] INFO  com.cloudframe.app.process.Comput1.process  124 - *GB* LK-RLU3A-TOT-DATA-PROMO-ALLOW = 65744859
23:18:29.149 [main] INFO  com.cloudframe.app.process.Comput1.process  126 - *GB* LK-RLU3A-ACCT-PLAN-DATA-ALLOW = 165744859
23:18:29.149 [main] INFO  com.cloudframe.app.process.Comput1.process   76 - ___________________________________
23:18:29.150 [main] INFO  com.cloudframe.app.process.Comput1.process   78 - 801 . WS-OOSU-SHARED-ALLOW = 636635923
23:18:29.150 [main] INFO  com.cloudframe.app.process.Comput1.process   90 - *KB* LK-RLU3A-TOT-DATA-PROMO-ALLOW = 66366573
23:18:29.150 [main] INFO  com.cloudframe.app.process.Comput1.process   92 - *KB* LK-RLU3A-ACCT-PLAN-DATA-ALLOW = 166366573
23:18:29.150 [main] INFO  com.cloudframe.app.process.Comput1.process  108 - *MB* LK-RLU3A-TOT-DATA-PROMO-ALLOW = 66367180
23:18:29.150 [main] INFO  com.cloudframe.app.process.Comput1.process  110 - *MB* LK-RLU3A-ACCT-PLAN-DATA-ALLOW = 166367180
23:18:29.150 [main] INFO  com.cloudframe.app.process.Comput1.process  124 - *GB* LK-RLU3A-TOT-DATA-PROMO-ALLOW = 66367180
23:18:29.150 [main] INFO  com.cloudframe.app.process.Comput1.process  126 - *GB* LK-RLU3A-ACCT-PLAN-DATA-ALLOW = 166367180
23:18:29.150 [main] INFO  com.cloudframe.app.process.Comput1.process   76 - ___________________________________
23:18:29.150 [main] INFO  com.cloudframe.app.process.Comput1.process   78 - 802 . WS-OOSU-SHARED-ALLOW = 638227510
23:18:29.150 [main] INFO  com.cloudframe.app.process.Comput1.process   90 - *KB* LK-RLU3A-TOT-DATA-PROMO-ALLOW = 66990449
23:18:29.150 [main] INFO  com.cloudframe.app.process.Comput1.process   92 - *KB* LK-RLU3A-ACCT-PLAN-DATA-ALLOW = 166990449
23:18:29.151 [main] INFO  com.cloudframe.app.process.Comput1.process  108 - *MB* LK-RLU3A-TOT-DATA-PROMO-ALLOW = 66991057
23:18:29.151 [main] INFO  com.cloudframe.app.process.Comput1.process  110 - *MB* LK-RLU3A-ACCT-PLAN-DATA-ALLOW = 166991057
23:18:29.151 [main] INFO  com.cloudframe.app.process.Comput1.process  124 - *GB* LK-RLU3A-TOT-DATA-PROMO-ALLOW = 66991057
23:18:29.151 [main] INFO  com.cloudframe.app.process.Comput1.process  126 - *GB* LK-RLU3A-ACCT-PLAN-DATA-ALLOW = 166991057
23:18:29.151 [main] INFO  com.cloudframe.app.process.Comput1.process   76 - ___________________________________
23:18:29.151 [main] INFO  com.cloudframe.app.process.Comput1.process   78 - 803 . WS-OOSU-SHARED-ALLOW = 639821084
23:18:29.151 [main] INFO  com.cloudframe.app.process.Comput1.process   90 - *KB* LK-RLU3A-TOT-DATA-PROMO-ALLOW = 67615882
23:18:29.151 [main] INFO  com.cloudframe.app.process.Comput1.process   92 - *KB* LK-RLU3A-ACCT-PLAN-DATA-ALLOW = 167615882
23:18:29.151 [main] INFO  com.cloudframe.app.process.Comput1.process  108 - *MB* LK-RLU3A-TOT-DATA-PROMO-ALLOW = 67616492
23:18:29.151 [main] INFO  com.cloudframe.app.process.Comput1.process  110 - *MB* LK-RLU3A-ACCT-PLAN-DATA-ALLOW = 167616492
23:18:29.151 [main] INFO  com.cloudframe.app.process.Comput1.process  124 - *GB* LK-RLU3A-TOT-DATA-PROMO-ALLOW = 67616492
23:18:29.152 [main] INFO  com.cloudframe.app.process.Comput1.process  126 - *GB* LK-RLU3A-ACCT-PLAN-DATA-ALLOW = 167616492
23:18:29.152 [main] INFO  com.cloudframe.app.process.Comput1.process   76 - ___________________________________
23:18:29.152 [main] INFO  com.cloudframe.app.process.Comput1.process   78 - 804 . WS-OOSU-SHARED-ALLOW = 641416645
23:18:29.152 [main] INFO  com.cloudframe.app.process.Comput1.process   90 - *KB* LK-RLU3A-TOT-DATA-PROMO-ALLOW = 68242875
23:18:29.152 [main] INFO  com.cloudframe.app.process.Comput1.process   92 - *KB* LK-RLU3A-ACCT-PLAN-DATA-ALLOW = 168242875
23:18:29.152 [main] INFO  com.cloudframe.app.process.Comput1.process  108 - *MB* LK-RLU3A-TOT-DATA-PROMO-ALLOW = 68243486
23:18:29.152 [main] INFO  com.cloudframe.app.process.Comput1.process  110 - *MB* LK-RLU3A-ACCT-PLAN-DATA-ALLOW = 168243486
23:18:29.152 [main] INFO  com.cloudframe.app.process.Comput1.process  124 - *GB* LK-RLU3A-TOT-DATA-PROMO-ALLOW = 68243486
23:18:29.152 [main] INFO  com.cloudframe.app.process.Comput1.process  126 - *GB* LK-RLU3A-ACCT-PLAN-DATA-ALLOW = 168243486
23:18:29.152 [main] INFO  com.cloudframe.app.process.Comput1.process   76 - ___________________________________
23:18:29.152 [main] INFO  com.cloudframe.app.process.Comput1.process   78 - 805 . WS-OOSU-SHARED-ALLOW = 643014193
23:18:29.153 [main] INFO  com.cloudframe.app.process.Comput1.process   90 - *KB* LK-RLU3A-TOT-DATA-PROMO-ALLOW = 68871429
23:18:29.153 [main] INFO  com.cloudframe.app.process.Comput1.process   92 - *KB* LK-RLU3A-ACCT-PLAN-DATA-ALLOW = 168871429
23:18:29.153 [main] INFO  com.cloudframe.app.process.Comput1.process  108 - *MB* LK-RLU3A-TOT-DATA-PROMO-ALLOW = 68872042
23:18:29.153 [main] INFO  com.cloudframe.app.process.Comput1.process  110 - *MB* LK-RLU3A-ACCT-PLAN-DATA-ALLOW = 168872042
23:18:29.153 [main] INFO  com.cloudframe.app.process.Comput1.process  124 - *GB* LK-RLU3A-TOT-DATA-PROMO-ALLOW = 68872042
23:18:29.153 [main] INFO  com.cloudframe.app.process.Comput1.process  126 - *GB* LK-RLU3A-ACCT-PLAN-DATA-ALLOW = 168872042
23:18:29.153 [main] INFO  com.cloudframe.app.process.Comput1.process   76 - ___________________________________
23:18:29.153 [main] INFO  com.cloudframe.app.process.Comput1.process   78 - 806 . WS-OOSU-SHARED-ALLOW = 644613728
23:18:29.153 [main] INFO  com.cloudframe.app.process.Comput1.process   90 - *KB* LK-RLU3A-TOT-DATA-PROMO-ALLOW = 69501547
23:18:29.153 [main] INFO  com.cloudframe.app.process.Comput1.process   92 - *KB* LK-RLU3A-ACCT-PLAN-DATA-ALLOW = 169501547
23:18:29.153 [main] INFO  com.cloudframe.app.process.Comput1.process  108 - *MB* LK-RLU3A-TOT-DATA-PROMO-ALLOW = 69502161
23:18:29.154 [main] INFO  com.cloudframe.app.process.Comput1.process  110 - *MB* LK-RLU3A-ACCT-PLAN-DATA-ALLOW = 169502161
23:18:29.154 [main] INFO  com.cloudframe.app.process.Comput1.process  124 - *GB* LK-RLU3A-TOT-DATA-PROMO-ALLOW = 69502161
23:18:29.154 [main] INFO  com.cloudframe.app.process.Comput1.process  126 - *GB* LK-RLU3A-ACCT-PLAN-DATA-ALLOW = 169502161
23:18:29.154 [main] INFO  com.cloudframe.app.process.Comput1.process   76 - ___________________________________
23:18:29.154 [main] INFO  com.cloudframe.app.process.Comput1.process   78 - 807 . WS-OOSU-SHARED-ALLOW = 646215250
23:18:29.154 [main] INFO  com.cloudframe.app.process.Comput1.process   90 - *KB* LK-RLU3A-TOT-DATA-PROMO-ALLOW = 70133230
23:18:29.154 [main] INFO  com.cloudframe.app.process.Comput1.process   92 - *KB* LK-RLU3A-ACCT-PLAN-DATA-ALLOW = 170133230
23:18:29.154 [main] INFO  com.cloudframe.app.process.Comput1.process  108 - *MB* LK-RLU3A-TOT-DATA-PROMO-ALLOW = 70133846
23:18:29.154 [main] INFO  com.cloudframe.app.process.Comput1.process  110 - *MB* LK-RLU3A-ACCT-PLAN-DATA-ALLOW = 170133846
23:18:29.154 [main] INFO  com.cloudframe.app.process.Comput1.process  124 - *GB* LK-RLU3A-TOT-DATA-PROMO-ALLOW = 70133846
23:18:29.154 [main] INFO  com.cloudframe.app.process.Comput1.process  126 - *GB* LK-RLU3A-ACCT-PLAN-DATA-ALLOW = 170133846
23:18:29.155 [main] INFO  com.cloudframe.app.process.Comput1.process   76 - ___________________________________
23:18:29.155 [main] INFO  com.cloudframe.app.process.Comput1.process   78 - 808 . WS-OOSU-SHARED-ALLOW = 647818759
23:18:29.155 [main] INFO  com.cloudframe.app.process.Comput1.process   90 - *KB* LK-RLU3A-TOT-DATA-PROMO-ALLOW = 70766481
23:18:29.155 [main] INFO  com.cloudframe.app.process.Comput1.process   92 - *KB* LK-RLU3A-ACCT-PLAN-DATA-ALLOW = 170766481
23:18:29.155 [main] INFO  com.cloudframe.app.process.Comput1.process  108 - *MB* LK-RLU3A-TOT-DATA-PROMO-ALLOW = 70767098
23:18:29.155 [main] INFO  com.cloudframe.app.process.Comput1.process  110 - *MB* LK-RLU3A-ACCT-PLAN-DATA-ALLOW = 170767098
23:18:29.155 [main] INFO  com.cloudframe.app.process.Comput1.process  124 - *GB* LK-RLU3A-TOT-DATA-PROMO-ALLOW = 70767098
23:18:29.155 [main] INFO  com.cloudframe.app.process.Comput1.process  126 - *GB* LK-RLU3A-ACCT-PLAN-DATA-ALLOW = 170767098
23:18:29.155 [main] INFO  com.cloudframe.app.process.Comput1.process   76 - ___________________________________
23:18:29.155 [main] INFO  com.cloudframe.app.process.Comput1.process   78 - 809 . WS-OOSU-SHARED-ALLOW = 649424255
23:18:29.155 [main] INFO  com.cloudframe.app.process.Comput1.process   90 - *KB* LK-RLU3A-TOT-DATA-PROMO-ALLOW = 71401301
23:18:29.155 [main] INFO  com.cloudframe.app.process.Comput1.process   92 - *KB* LK-RLU3A-ACCT-PLAN-DATA-ALLOW = 171401301
23:18:29.156 [main] INFO  com.cloudframe.app.process.Comput1.process  108 - *MB* LK-RLU3A-TOT-DATA-PROMO-ALLOW = 71401920
23:18:29.156 [main] INFO  com.cloudframe.app.process.Comput1.process  110 - *MB* LK-RLU3A-ACCT-PLAN-DATA-ALLOW = 171401920
23:18:29.156 [main] INFO  com.cloudframe.app.process.Comput1.process  124 - *GB* LK-RLU3A-TOT-DATA-PROMO-ALLOW = 71401920
23:18:29.156 [main] INFO  com.cloudframe.app.process.Comput1.process  126 - *GB* LK-RLU3A-ACCT-PLAN-DATA-ALLOW = 171401920
23:18:29.156 [main] INFO  com.cloudframe.app.process.Comput1.process   76 - ___________________________________
23:18:29.156 [main] INFO  com.cloudframe.app.process.Comput1.process   78 - 810 . WS-OOSU-SHARED-ALLOW = 651031738
23:18:29.156 [main] INFO  com.cloudframe.app.process.Comput1.process   90 - *KB* LK-RLU3A-TOT-DATA-PROMO-ALLOW = 72037693
23:18:29.156 [main] INFO  com.cloudframe.app.process.Comput1.process   92 - *KB* LK-RLU3A-ACCT-PLAN-DATA-ALLOW = 172037693
23:18:29.156 [main] INFO  com.cloudframe.app.process.Comput1.process  108 - *MB* LK-RLU3A-TOT-DATA-PROMO-ALLOW = 72038313
23:18:29.156 [main] INFO  com.cloudframe.app.process.Comput1.process  110 - *MB* LK-RLU3A-ACCT-PLAN-DATA-ALLOW = 172038313
23:18:29.156 [main] INFO  com.cloudframe.app.process.Comput1.process  124 - *GB* LK-RLU3A-TOT-DATA-PROMO-ALLOW = 72038313
23:18:29.157 [main] INFO  com.cloudframe.app.process.Comput1.process  126 - *GB* LK-RLU3A-ACCT-PLAN-DATA-ALLOW = 172038313
23:18:29.157 [main] INFO  com.cloudframe.app.process.Comput1.process   76 - ___________________________________
23:18:29.157 [main] INFO  com.cloudframe.app.process.Comput1.process   78 - 811 . WS-OOSU-SHARED-ALLOW = 652641208
23:18:29.157 [main] INFO  com.cloudframe.app.process.Comput1.process   90 - *KB* LK-RLU3A-TOT-DATA-PROMO-ALLOW = 72675657
23:18:29.157 [main] INFO  com.cloudframe.app.process.Comput1.process   92 - *KB* LK-RLU3A-ACCT-PLAN-DATA-ALLOW = 172675657
23:18:29.157 [main] INFO  com.cloudframe.app.process.Comput1.process  108 - *MB* LK-RLU3A-TOT-DATA-PROMO-ALLOW = 72676279
23:18:29.157 [main] INFO  com.cloudframe.app.process.Comput1.process  110 - *MB* LK-RLU3A-ACCT-PLAN-DATA-ALLOW = 172676279
23:18:29.157 [main] INFO  com.cloudframe.app.process.Comput1.process  124 - *GB* LK-RLU3A-TOT-DATA-PROMO-ALLOW = 72676279
23:18:29.157 [main] INFO  com.cloudframe.app.process.Comput1.process  126 - *GB* LK-RLU3A-ACCT-PLAN-DATA-ALLOW = 172676279
23:18:29.157 [main] INFO  com.cloudframe.app.process.Comput1.process   76 - ___________________________________
23:18:29.157 [main] INFO  com.cloudframe.app.process.Comput1.process   78 - 812 . WS-OOSU-SHARED-ALLOW = 654252665
23:18:29.158 [main] INFO  com.cloudframe.app.process.Comput1.process   90 - *KB* LK-RLU3A-TOT-DATA-PROMO-ALLOW = 73315197
23:18:29.158 [main] INFO  com.cloudframe.app.process.Comput1.process   92 - *KB* LK-RLU3A-ACCT-PLAN-DATA-ALLOW = 173315197
23:18:29.158 [main] INFO  com.cloudframe.app.process.Comput1.process  108 - *MB* LK-RLU3A-TOT-DATA-PROMO-ALLOW = 73315820
23:18:29.158 [main] INFO  com.cloudframe.app.process.Comput1.process  110 - *MB* LK-RLU3A-ACCT-PLAN-DATA-ALLOW = 173315820
23:18:29.158 [main] INFO  com.cloudframe.app.process.Comput1.process  124 - *GB* LK-RLU3A-TOT-DATA-PROMO-ALLOW = 73315820
23:18:29.158 [main] INFO  com.cloudframe.app.process.Comput1.process  126 - *GB* LK-RLU3A-ACCT-PLAN-DATA-ALLOW = 173315820
23:18:29.158 [main] INFO  com.cloudframe.app.process.Comput1.process   76 - ___________________________________
23:18:29.158 [main] INFO  com.cloudframe.app.process.Comput1.process   78 - 813 . WS-OOSU-SHARED-ALLOW = 655866109
23:18:29.158 [main] INFO  com.cloudframe.app.process.Comput1.process   90 - *KB* LK-RLU3A-TOT-DATA-PROMO-ALLOW = 73956314
23:18:29.158 [main] INFO  com.cloudframe.app.process.Comput1.process   92 - *KB* LK-RLU3A-ACCT-PLAN-DATA-ALLOW = 173956314
23:18:29.158 [main] INFO  com.cloudframe.app.process.Comput1.process  108 - *MB* LK-RLU3A-TOT-DATA-PROMO-ALLOW = 73956939
23:18:29.159 [main] INFO  com.cloudframe.app.process.Comput1.process  110 - *MB* LK-RLU3A-ACCT-PLAN-DATA-ALLOW = 173956939
23:18:29.159 [main] INFO  com.cloudframe.app.process.Comput1.process  124 - *GB* LK-RLU3A-TOT-DATA-PROMO-ALLOW = 73956939
23:18:29.159 [main] INFO  com.cloudframe.app.process.Comput1.process  126 - *GB* LK-RLU3A-ACCT-PLAN-DATA-ALLOW = 173956939
23:18:29.159 [main] INFO  com.cloudframe.app.process.Comput1.process   76 - ___________________________________
23:18:29.159 [main] INFO  com.cloudframe.app.process.Comput1.process   78 - 814 . WS-OOSU-SHARED-ALLOW = 657481540
23:18:29.159 [main] INFO  com.cloudframe.app.process.Comput1.process   90 - *KB* LK-RLU3A-TOT-DATA-PROMO-ALLOW = 74599010
23:18:29.159 [main] INFO  com.cloudframe.app.process.Comput1.process   92 - *KB* LK-RLU3A-ACCT-PLAN-DATA-ALLOW = 174599010
23:18:29.159 [main] INFO  com.cloudframe.app.process.Comput1.process  108 - *MB* LK-RLU3A-TOT-DATA-PROMO-ALLOW = 74599637
23:18:29.159 [main] INFO  com.cloudframe.app.process.Comput1.process  110 - *MB* LK-RLU3A-ACCT-PLAN-DATA-ALLOW = 174599637
23:18:29.159 [main] INFO  com.cloudframe.app.process.Comput1.process  124 - *GB* LK-RLU3A-TOT-DATA-PROMO-ALLOW = 74599637
23:18:29.159 [main] INFO  com.cloudframe.app.process.Comput1.process  126 - *GB* LK-RLU3A-ACCT-PLAN-DATA-ALLOW = 174599637
23:18:29.160 [main] INFO  com.cloudframe.app.process.Comput1.process   76 - ___________________________________
23:18:29.160 [main] INFO  com.cloudframe.app.process.Comput1.process   78 - 815 . WS-OOSU-SHARED-ALLOW = 659098958
23:18:29.160 [main] INFO  com.cloudframe.app.process.Comput1.process   90 - *KB* LK-RLU3A-TOT-DATA-PROMO-ALLOW = 75243288
23:18:29.160 [main] INFO  com.cloudframe.app.process.Comput1.process   92 - *KB* LK-RLU3A-ACCT-PLAN-DATA-ALLOW = 175243288
23:18:29.160 [main] INFO  com.cloudframe.app.process.Comput1.process  108 - *MB* LK-RLU3A-TOT-DATA-PROMO-ALLOW = 75243916
23:18:29.160 [main] INFO  com.cloudframe.app.process.Comput1.process  110 - *MB* LK-RLU3A-ACCT-PLAN-DATA-ALLOW = 175243916
23:18:29.160 [main] INFO  com.cloudframe.app.process.Comput1.process  124 - *GB* LK-RLU3A-TOT-DATA-PROMO-ALLOW = 75243916
23:18:29.160 [main] INFO  com.cloudframe.app.process.Comput1.process  126 - *GB* LK-RLU3A-ACCT-PLAN-DATA-ALLOW = 175243916
23:18:29.160 [main] INFO  com.cloudframe.app.process.Comput1.process   76 - ___________________________________
23:18:29.160 [main] INFO  com.cloudframe.app.process.Comput1.process   78 - 816 . WS-OOSU-SHARED-ALLOW = 660718363
23:18:29.160 [main] INFO  com.cloudframe.app.process.Comput1.process   90 - *KB* LK-RLU3A-TOT-DATA-PROMO-ALLOW = 75889148
23:18:29.160 [main] INFO  com.cloudframe.app.process.Comput1.process   92 - *KB* LK-RLU3A-ACCT-PLAN-DATA-ALLOW = 175889148
23:18:29.161 [main] INFO  com.cloudframe.app.process.Comput1.process  108 - *MB* LK-RLU3A-TOT-DATA-PROMO-ALLOW = 75889778
23:18:29.161 [main] INFO  com.cloudframe.app.process.Comput1.process  110 - *MB* LK-RLU3A-ACCT-PLAN-DATA-ALLOW = 175889778
23:18:29.161 [main] INFO  com.cloudframe.app.process.Comput1.process  124 - *GB* LK-RLU3A-TOT-DATA-PROMO-ALLOW = 75889778
23:18:29.161 [main] INFO  com.cloudframe.app.process.Comput1.process  126 - *GB* LK-RLU3A-ACCT-PLAN-DATA-ALLOW = 175889778
23:18:29.161 [main] INFO  com.cloudframe.app.process.Comput1.process   76 - ___________________________________
23:18:29.161 [main] INFO  com.cloudframe.app.process.Comput1.process   78 - 817 . WS-OOSU-SHARED-ALLOW = 662339755
23:18:29.161 [main] INFO  com.cloudframe.app.process.Comput1.process   90 - *KB* LK-RLU3A-TOT-DATA-PROMO-ALLOW = 76536594
23:18:29.161 [main] INFO  com.cloudframe.app.process.Comput1.process   92 - *KB* LK-RLU3A-ACCT-PLAN-DATA-ALLOW = 176536594
23:18:29.162 [main] INFO  com.cloudframe.app.process.Comput1.process  108 - *MB* LK-RLU3A-TOT-DATA-PROMO-ALLOW = 76537225
23:18:29.162 [main] INFO  com.cloudframe.app.process.Comput1.process  110 - *MB* LK-RLU3A-ACCT-PLAN-DATA-ALLOW = 176537225
23:18:29.162 [main] INFO  com.cloudframe.app.process.Comput1.process  124 - *GB* LK-RLU3A-TOT-DATA-PROMO-ALLOW = 76537225
23:18:29.162 [main] INFO  com.cloudframe.app.process.Comput1.process  126 - *GB* LK-RLU3A-ACCT-PLAN-DATA-ALLOW = 176537225
23:18:29.162 [main] INFO  com.cloudframe.app.process.Comput1.process   76 - ___________________________________
23:18:29.162 [main] INFO  com.cloudframe.app.process.Comput1.process   78 - 818 . WS-OOSU-SHARED-ALLOW = 663963134
23:18:29.162 [main] INFO  com.cloudframe.app.process.Comput1.process   90 - *KB* LK-RLU3A-TOT-DATA-PROMO-ALLOW = 77185626
23:18:29.162 [main] INFO  com.cloudframe.app.process.Comput1.process   92 - *KB* LK-RLU3A-ACCT-PLAN-DATA-ALLOW = 177185626
23:18:29.162 [main] INFO  com.cloudframe.app.process.Comput1.process  108 - *MB* LK-RLU3A-TOT-DATA-PROMO-ALLOW = 77186259
23:18:29.162 [main] INFO  com.cloudframe.app.process.Comput1.process  110 - *MB* LK-RLU3A-ACCT-PLAN-DATA-ALLOW = 177186259
23:18:29.162 [main] INFO  com.cloudframe.app.process.Comput1.process  124 - *GB* LK-RLU3A-TOT-DATA-PROMO-ALLOW = 77186259
23:18:29.163 [main] INFO  com.cloudframe.app.process.Comput1.process  126 - *GB* LK-RLU3A-ACCT-PLAN-DATA-ALLOW = 177186259
23:18:29.163 [main] INFO  com.cloudframe.app.process.Comput1.process   76 - ___________________________________
23:18:29.163 [main] INFO  com.cloudframe.app.process.Comput1.process   78 - 819 . WS-OOSU-SHARED-ALLOW = 665588500
23:18:29.163 [main] INFO  com.cloudframe.app.process.Comput1.process   90 - *KB* LK-RLU3A-TOT-DATA-PROMO-ALLOW = 77836247
23:18:29.163 [main] INFO  com.cloudframe.app.process.Comput1.process   92 - *KB* LK-RLU3A-ACCT-PLAN-DATA-ALLOW = 177836247
23:18:29.163 [main] INFO  com.cloudframe.app.process.Comput1.process  108 - *MB* LK-RLU3A-TOT-DATA-PROMO-ALLOW = 77836881
23:18:29.163 [main] INFO  com.cloudframe.app.process.Comput1.process  110 - *MB* LK-RLU3A-ACCT-PLAN-DATA-ALLOW = 177836881
23:18:29.163 [main] INFO  com.cloudframe.app.process.Comput1.process  124 - *GB* LK-RLU3A-TOT-DATA-PROMO-ALLOW = 77836881
23:18:29.163 [main] INFO  com.cloudframe.app.process.Comput1.process  126 - *GB* LK-RLU3A-ACCT-PLAN-DATA-ALLOW = 177836881
23:18:29.163 [main] INFO  com.cloudframe.app.process.Comput1.process   76 - ___________________________________
23:18:29.163 [main] INFO  com.cloudframe.app.process.Comput1.process   78 - 820 . WS-OOSU-SHARED-ALLOW = 667215853
23:18:29.164 [main] INFO  com.cloudframe.app.process.Comput1.process   90 - *KB* LK-RLU3A-TOT-DATA-PROMO-ALLOW = 78488458
23:18:29.164 [main] INFO  com.cloudframe.app.process.Comput1.process   92 - *KB* LK-RLU3A-ACCT-PLAN-DATA-ALLOW = 178488458
23:18:29.164 [main] INFO  com.cloudframe.app.process.Comput1.process  108 - *MB* LK-RLU3A-TOT-DATA-PROMO-ALLOW = 78489094
23:18:29.164 [main] INFO  com.cloudframe.app.process.Comput1.process  110 - *MB* LK-RLU3A-ACCT-PLAN-DATA-ALLOW = 178489094
23:18:29.164 [main] INFO  com.cloudframe.app.process.Comput1.process  124 - *GB* LK-RLU3A-TOT-DATA-PROMO-ALLOW = 78489094
23:18:29.164 [main] INFO  com.cloudframe.app.process.Comput1.process  126 - *GB* LK-RLU3A-ACCT-PLAN-DATA-ALLOW = 178489094
23:18:29.164 [main] INFO  com.cloudframe.app.process.Comput1.process   76 - ___________________________________
23:18:29.164 [main] INFO  com.cloudframe.app.process.Comput1.process   78 - 821 . WS-OOSU-SHARED-ALLOW = 668845193
23:18:29.164 [main] INFO  com.cloudframe.app.process.Comput1.process   90 - *KB* LK-RLU3A-TOT-DATA-PROMO-ALLOW = 79142263
23:18:29.164 [main] INFO  com.cloudframe.app.process.Comput1.process   92 - *KB* LK-RLU3A-ACCT-PLAN-DATA-ALLOW = 179142263
23:18:29.164 [main] INFO  com.cloudframe.app.process.Comput1.process  108 - *MB* LK-RLU3A-TOT-DATA-PROMO-ALLOW = 79142900
23:18:29.165 [main] INFO  com.cloudframe.app.process.Comput1.process  110 - *MB* LK-RLU3A-ACCT-PLAN-DATA-ALLOW = 179142900
23:18:29.165 [main] INFO  com.cloudframe.app.process.Comput1.process  124 - *GB* LK-RLU3A-TOT-DATA-PROMO-ALLOW = 79142900
23:18:29.165 [main] INFO  com.cloudframe.app.process.Comput1.process  126 - *GB* LK-RLU3A-ACCT-PLAN-DATA-ALLOW = 179142900
23:18:29.165 [main] INFO  com.cloudframe.app.process.Comput1.process   76 - ___________________________________
23:18:29.165 [main] INFO  com.cloudframe.app.process.Comput1.process   78 - 822 . WS-OOSU-SHARED-ALLOW = 670476520
23:18:29.165 [main] INFO  com.cloudframe.app.process.Comput1.process   90 - *KB* LK-RLU3A-TOT-DATA-PROMO-ALLOW = 79797662
23:18:29.165 [main] INFO  com.cloudframe.app.process.Comput1.process   92 - *KB* LK-RLU3A-ACCT-PLAN-DATA-ALLOW = 179797662
23:18:29.165 [main] INFO  com.cloudframe.app.process.Comput1.process  108 - *MB* LK-RLU3A-TOT-DATA-PROMO-ALLOW = 79798301
23:18:29.165 [main] INFO  com.cloudframe.app.process.Comput1.process  110 - *MB* LK-RLU3A-ACCT-PLAN-DATA-ALLOW = 179798301
23:18:29.165 [main] INFO  com.cloudframe.app.process.Comput1.process  124 - *GB* LK-RLU3A-TOT-DATA-PROMO-ALLOW = 79798301
23:18:29.165 [main] INFO  com.cloudframe.app.process.Comput1.process  126 - *GB* LK-RLU3A-ACCT-PLAN-DATA-ALLOW = 179798301
23:18:29.165 [main] INFO  com.cloudframe.app.process.Comput1.process   76 - ___________________________________
23:18:29.166 [main] INFO  com.cloudframe.app.process.Comput1.process   78 - 823 . WS-OOSU-SHARED-ALLOW = 672109834
23:18:29.166 [main] INFO  com.cloudframe.app.process.Comput1.process   90 - *KB* LK-RLU3A-TOT-DATA-PROMO-ALLOW = 80454658
23:18:29.166 [main] INFO  com.cloudframe.app.process.Comput1.process   92 - *KB* LK-RLU3A-ACCT-PLAN-DATA-ALLOW = 180454658
23:18:29.166 [main] INFO  com.cloudframe.app.process.Comput1.process  108 - *MB* LK-RLU3A-TOT-DATA-PROMO-ALLOW = 80455298
23:18:29.166 [main] INFO  com.cloudframe.app.process.Comput1.process  110 - *MB* LK-RLU3A-ACCT-PLAN-DATA-ALLOW = 180455298
23:18:29.166 [main] INFO  com.cloudframe.app.process.Comput1.process  124 - *GB* LK-RLU3A-TOT-DATA-PROMO-ALLOW = 80455298
23:18:29.166 [main] INFO  com.cloudframe.app.process.Comput1.process  126 - *GB* LK-RLU3A-ACCT-PLAN-DATA-ALLOW = 180455298
23:18:29.166 [main] INFO  com.cloudframe.app.process.Comput1.process   76 - ___________________________________
23:18:29.166 [main] INFO  com.cloudframe.app.process.Comput1.process   78 - 824 . WS-OOSU-SHARED-ALLOW = 673745135
23:18:29.166 [main] INFO  com.cloudframe.app.process.Comput1.process   90 - *KB* LK-RLU3A-TOT-DATA-PROMO-ALLOW = 81113252
23:18:29.166 [main] INFO  com.cloudframe.app.process.Comput1.process   92 - *KB* LK-RLU3A-ACCT-PLAN-DATA-ALLOW = 181113252
23:18:29.167 [main] INFO  com.cloudframe.app.process.Comput1.process  108 - *MB* LK-RLU3A-TOT-DATA-PROMO-ALLOW = 81113894
23:18:29.167 [main] INFO  com.cloudframe.app.process.Comput1.process  110 - *MB* LK-RLU3A-ACCT-PLAN-DATA-ALLOW = 181113894
23:18:29.167 [main] INFO  com.cloudframe.app.process.Comput1.process  124 - *GB* LK-RLU3A-TOT-DATA-PROMO-ALLOW = 81113894
23:18:29.167 [main] INFO  com.cloudframe.app.process.Comput1.process  126 - *GB* LK-RLU3A-ACCT-PLAN-DATA-ALLOW = 181113894
23:18:29.167 [main] INFO  com.cloudframe.app.process.Comput1.process   76 - ___________________________________
23:18:29.167 [main] INFO  com.cloudframe.app.process.Comput1.process   78 - 825 . WS-OOSU-SHARED-ALLOW = 675382423
23:18:29.167 [main] INFO  com.cloudframe.app.process.Comput1.process   90 - *KB* LK-RLU3A-TOT-DATA-PROMO-ALLOW = 81773447
23:18:29.167 [main] INFO  com.cloudframe.app.process.Comput1.process   92 - *KB* LK-RLU3A-ACCT-PLAN-DATA-ALLOW = 181773447
23:18:29.167 [main] INFO  com.cloudframe.app.process.Comput1.process  108 - *MB* LK-RLU3A-TOT-DATA-PROMO-ALLOW = 81774091
23:18:29.167 [main] INFO  com.cloudframe.app.process.Comput1.process  110 - *MB* LK-RLU3A-ACCT-PLAN-DATA-ALLOW = 181774091
23:18:29.167 [main] INFO  com.cloudframe.app.process.Comput1.process  124 - *GB* LK-RLU3A-TOT-DATA-PROMO-ALLOW = 81774091
23:18:29.167 [main] INFO  com.cloudframe.app.process.Comput1.process  126 - *GB* LK-RLU3A-ACCT-PLAN-DATA-ALLOW = 181774091
23:18:29.168 [main] INFO  com.cloudframe.app.process.Comput1.process   76 - ___________________________________
23:18:29.168 [main] INFO  com.cloudframe.app.process.Comput1.process   78 - 826 . WS-OOSU-SHARED-ALLOW = 677021698
23:18:29.168 [main] INFO  com.cloudframe.app.process.Comput1.process   90 - *KB* LK-RLU3A-TOT-DATA-PROMO-ALLOW = 82435245
23:18:29.168 [main] INFO  com.cloudframe.app.process.Comput1.process   92 - *KB* LK-RLU3A-ACCT-PLAN-DATA-ALLOW = 182435245
23:18:29.168 [main] INFO  com.cloudframe.app.process.Comput1.process  108 - *MB* LK-RLU3A-TOT-DATA-PROMO-ALLOW = 82435890
23:18:29.168 [main] INFO  com.cloudframe.app.process.Comput1.process  110 - *MB* LK-RLU3A-ACCT-PLAN-DATA-ALLOW = 182435890
23:18:29.168 [main] INFO  com.cloudframe.app.process.Comput1.process  124 - *GB* LK-RLU3A-TOT-DATA-PROMO-ALLOW = 82435890
23:18:29.168 [main] INFO  com.cloudframe.app.process.Comput1.process  126 - *GB* LK-RLU3A-ACCT-PLAN-DATA-ALLOW = 182435890
23:18:29.168 [main] INFO  com.cloudframe.app.process.Comput1.process   76 - ___________________________________
23:18:29.168 [main] INFO  com.cloudframe.app.process.Comput1.process   78 - 827 . WS-OOSU-SHARED-ALLOW = 678662960
23:18:29.168 [main] INFO  com.cloudframe.app.process.Comput1.process   90 - *KB* LK-RLU3A-TOT-DATA-PROMO-ALLOW = 83098646
23:18:29.168 [main] INFO  com.cloudframe.app.process.Comput1.process   92 - *KB* LK-RLU3A-ACCT-PLAN-DATA-ALLOW = 183098646
23:18:29.169 [main] INFO  com.cloudframe.app.process.Comput1.process  108 - *MB* LK-RLU3A-TOT-DATA-PROMO-ALLOW = 83099293
23:18:29.169 [main] INFO  com.cloudframe.app.process.Comput1.process  110 - *MB* LK-RLU3A-ACCT-PLAN-DATA-ALLOW = 183099293
23:18:29.169 [main] INFO  com.cloudframe.app.process.Comput1.process  124 - *GB* LK-RLU3A-TOT-DATA-PROMO-ALLOW = 83099293
23:18:29.169 [main] INFO  com.cloudframe.app.process.Comput1.process  126 - *GB* LK-RLU3A-ACCT-PLAN-DATA-ALLOW = 183099293
23:18:29.169 [main] INFO  com.cloudframe.app.process.Comput1.process   76 - ___________________________________
23:18:29.169 [main] INFO  com.cloudframe.app.process.Comput1.process   78 - 828 . WS-OOSU-SHARED-ALLOW = 680306209
23:18:29.169 [main] INFO  com.cloudframe.app.process.Comput1.process   90 - *KB* LK-RLU3A-TOT-DATA-PROMO-ALLOW = 83763654
23:18:29.169 [main] INFO  com.cloudframe.app.process.Comput1.process   92 - *KB* LK-RLU3A-ACCT-PLAN-DATA-ALLOW = 183763654
23:18:29.169 [main] INFO  com.cloudframe.app.process.Comput1.process  108 - *MB* LK-RLU3A-TOT-DATA-PROMO-ALLOW = 83764302
23:18:29.169 [main] INFO  com.cloudframe.app.process.Comput1.process  110 - *MB* LK-RLU3A-ACCT-PLAN-DATA-ALLOW = 183764302
23:18:29.170 [main] INFO  com.cloudframe.app.process.Comput1.process  124 - *GB* LK-RLU3A-TOT-DATA-PROMO-ALLOW = 83764302
23:18:29.170 [main] INFO  com.cloudframe.app.process.Comput1.process  126 - *GB* LK-RLU3A-ACCT-PLAN-DATA-ALLOW = 183764302
23:18:29.170 [main] INFO  com.cloudframe.app.process.Comput1.process   76 - ___________________________________
23:18:29.170 [main] INFO  com.cloudframe.app.process.Comput1.process   78 - 829 . WS-OOSU-SHARED-ALLOW = 681951445
23:18:29.170 [main] INFO  com.cloudframe.app.process.Comput1.process   90 - *KB* LK-RLU3A-TOT-DATA-PROMO-ALLOW = 84430270
23:18:29.170 [main] INFO  com.cloudframe.app.process.Comput1.process   92 - *KB* LK-RLU3A-ACCT-PLAN-DATA-ALLOW = 184430270
23:18:29.170 [main] INFO  com.cloudframe.app.process.Comput1.process  108 - *MB* LK-RLU3A-TOT-DATA-PROMO-ALLOW = 84430920
23:18:29.170 [main] INFO  com.cloudframe.app.process.Comput1.process  110 - *MB* LK-RLU3A-ACCT-PLAN-DATA-ALLOW = 184430920
23:18:29.170 [main] INFO  com.cloudframe.app.process.Comput1.process  124 - *GB* LK-RLU3A-TOT-DATA-PROMO-ALLOW = 84430920
23:18:29.170 [main] INFO  com.cloudframe.app.process.Comput1.process  126 - *GB* LK-RLU3A-ACCT-PLAN-DATA-ALLOW = 184430920
23:18:29.170 [main] INFO  com.cloudframe.app.process.Comput1.process   76 - ___________________________________
23:18:29.170 [main] INFO  com.cloudframe.app.process.Comput1.process   78 - 830 . WS-OOSU-SHARED-ALLOW = 683598668
23:18:29.171 [main] INFO  com.cloudframe.app.process.Comput1.process   90 - *KB* LK-RLU3A-TOT-DATA-PROMO-ALLOW = 85098496
23:18:29.171 [main] INFO  com.cloudframe.app.process.Comput1.process   92 - *KB* LK-RLU3A-ACCT-PLAN-DATA-ALLOW = 185098496
23:18:29.171 [main] INFO  com.cloudframe.app.process.Comput1.process  108 - *MB* LK-RLU3A-TOT-DATA-PROMO-ALLOW = 85099147
23:18:29.171 [main] INFO  com.cloudframe.app.process.Comput1.process  110 - *MB* LK-RLU3A-ACCT-PLAN-DATA-ALLOW = 185099147
23:18:29.171 [main] INFO  com.cloudframe.app.process.Comput1.process  124 - *GB* LK-RLU3A-TOT-DATA-PROMO-ALLOW = 85099147
23:18:29.171 [main] INFO  com.cloudframe.app.process.Comput1.process  126 - *GB* LK-RLU3A-ACCT-PLAN-DATA-ALLOW = 185099147
23:18:29.171 [main] INFO  com.cloudframe.app.process.Comput1.process   76 - ___________________________________
23:18:29.171 [main] INFO  com.cloudframe.app.process.Comput1.process   78 - 831 . WS-OOSU-SHARED-ALLOW = 685247878
23:18:29.171 [main] INFO  com.cloudframe.app.process.Comput1.process   90 - *KB* LK-RLU3A-TOT-DATA-PROMO-ALLOW = 85768334
23:18:29.171 [main] INFO  com.cloudframe.app.process.Comput1.process   92 - *KB* LK-RLU3A-ACCT-PLAN-DATA-ALLOW = 185768334
23:18:29.171 [main] INFO  com.cloudframe.app.process.Comput1.process  108 - *MB* LK-RLU3A-TOT-DATA-PROMO-ALLOW = 85768987
23:18:29.172 [main] INFO  com.cloudframe.app.process.Comput1.process  110 - *MB* LK-RLU3A-ACCT-PLAN-DATA-ALLOW = 185768987
23:18:29.172 [main] INFO  com.cloudframe.app.process.Comput1.process  124 - *GB* LK-RLU3A-TOT-DATA-PROMO-ALLOW = 85768987
23:18:29.172 [main] INFO  com.cloudframe.app.process.Comput1.process  126 - *GB* LK-RLU3A-ACCT-PLAN-DATA-ALLOW = 185768987
23:18:29.172 [main] INFO  com.cloudframe.app.process.Comput1.process   76 - ___________________________________
23:18:29.172 [main] INFO  com.cloudframe.app.process.Comput1.process   78 - 832 . WS-OOSU-SHARED-ALLOW = 686899075
23:18:29.172 [main] INFO  com.cloudframe.app.process.Comput1.process   90 - *KB* LK-RLU3A-TOT-DATA-PROMO-ALLOW = 86439786
23:18:29.172 [main] INFO  com.cloudframe.app.process.Comput1.process   92 - *KB* LK-RLU3A-ACCT-PLAN-DATA-ALLOW = 186439786
23:18:29.172 [main] INFO  com.cloudframe.app.process.Comput1.process  108 - *MB* LK-RLU3A-TOT-DATA-PROMO-ALLOW = 86440441
23:18:29.172 [main] INFO  com.cloudframe.app.process.Comput1.process  110 - *MB* LK-RLU3A-ACCT-PLAN-DATA-ALLOW = 186440441
23:18:29.172 [main] INFO  com.cloudframe.app.process.Comput1.process  124 - *GB* LK-RLU3A-TOT-DATA-PROMO-ALLOW = 86440441
23:18:29.172 [main] INFO  com.cloudframe.app.process.Comput1.process  126 - *GB* LK-RLU3A-ACCT-PLAN-DATA-ALLOW = 186440441
23:18:29.173 [main] INFO  com.cloudframe.app.process.Comput1.process   76 - ___________________________________
23:18:29.173 [main] INFO  com.cloudframe.app.process.Comput1.process   78 - 833 . WS-OOSU-SHARED-ALLOW = 688552259
23:18:29.173 [main] INFO  com.cloudframe.app.process.Comput1.process   90 - *KB* LK-RLU3A-TOT-DATA-PROMO-ALLOW = 87112855
23:18:29.173 [main] INFO  com.cloudframe.app.process.Comput1.process   92 - *KB* LK-RLU3A-ACCT-PLAN-DATA-ALLOW = 187112855
23:18:29.173 [main] INFO  com.cloudframe.app.process.Comput1.process  108 - *MB* LK-RLU3A-TOT-DATA-PROMO-ALLOW = 87113511
23:18:29.173 [main] INFO  com.cloudframe.app.process.Comput1.process  110 - *MB* LK-RLU3A-ACCT-PLAN-DATA-ALLOW = 187113511
23:18:29.173 [main] INFO  com.cloudframe.app.process.Comput1.process  124 - *GB* LK-RLU3A-TOT-DATA-PROMO-ALLOW = 87113511
23:18:29.173 [main] INFO  com.cloudframe.app.process.Comput1.process  126 - *GB* LK-RLU3A-ACCT-PLAN-DATA-ALLOW = 187113511
23:18:29.173 [main] INFO  com.cloudframe.app.process.Comput1.process   76 - ___________________________________
23:18:29.173 [main] INFO  com.cloudframe.app.process.Comput1.process   78 - 834 . WS-OOSU-SHARED-ALLOW = 690207430
23:18:29.173 [main] INFO  com.cloudframe.app.process.Comput1.process   90 - *KB* LK-RLU3A-TOT-DATA-PROMO-ALLOW = 87787541
23:18:29.173 [main] INFO  com.cloudframe.app.process.Comput1.process   92 - *KB* LK-RLU3A-ACCT-PLAN-DATA-ALLOW = 187787541
23:18:29.174 [main] INFO  com.cloudframe.app.process.Comput1.process  108 - *MB* LK-RLU3A-TOT-DATA-PROMO-ALLOW = 87788199
23:18:29.174 [main] INFO  com.cloudframe.app.process.Comput1.process  110 - *MB* LK-RLU3A-ACCT-PLAN-DATA-ALLOW = 187788199
23:18:29.174 [main] INFO  com.cloudframe.app.process.Comput1.process  124 - *GB* LK-RLU3A-TOT-DATA-PROMO-ALLOW = 87788199
23:18:29.174 [main] INFO  com.cloudframe.app.process.Comput1.process  126 - *GB* LK-RLU3A-ACCT-PLAN-DATA-ALLOW = 187788199
23:18:29.174 [main] INFO  com.cloudframe.app.process.Comput1.process   76 - ___________________________________
23:18:29.174 [main] INFO  com.cloudframe.app.process.Comput1.process   78 - 835 . WS-OOSU-SHARED-ALLOW = 691864588
23:18:29.174 [main] INFO  com.cloudframe.app.process.Comput1.process   90 - *KB* LK-RLU3A-TOT-DATA-PROMO-ALLOW = 88463848
23:18:29.174 [main] INFO  com.cloudframe.app.process.Comput1.process   92 - *KB* LK-RLU3A-ACCT-PLAN-DATA-ALLOW = 188463848
23:18:29.174 [main] INFO  com.cloudframe.app.process.Comput1.process  108 - *MB* LK-RLU3A-TOT-DATA-PROMO-ALLOW = 88464507
23:18:29.174 [main] INFO  com.cloudframe.app.process.Comput1.process  110 - *MB* LK-RLU3A-ACCT-PLAN-DATA-ALLOW = 188464507
23:18:29.174 [main] INFO  com.cloudframe.app.process.Comput1.process  124 - *GB* LK-RLU3A-TOT-DATA-PROMO-ALLOW = 88464507
23:18:29.175 [main] INFO  com.cloudframe.app.process.Comput1.process  126 - *GB* LK-RLU3A-ACCT-PLAN-DATA-ALLOW = 188464507
23:18:29.175 [main] INFO  com.cloudframe.app.process.Comput1.process   76 - ___________________________________
23:18:29.175 [main] INFO  com.cloudframe.app.process.Comput1.process   78 - 836 . WS-OOSU-SHARED-ALLOW = 693523733
23:18:29.175 [main] INFO  com.cloudframe.app.process.Comput1.process   90 - *KB* LK-RLU3A-TOT-DATA-PROMO-ALLOW = 89141776
23:18:29.175 [main] INFO  com.cloudframe.app.process.Comput1.process   92 - *KB* LK-RLU3A-ACCT-PLAN-DATA-ALLOW = 189141776
23:18:29.175 [main] INFO  com.cloudframe.app.process.Comput1.process  108 - *MB* LK-RLU3A-TOT-DATA-PROMO-ALLOW = 89142437
23:18:29.175 [main] INFO  com.cloudframe.app.process.Comput1.process  110 - *MB* LK-RLU3A-ACCT-PLAN-DATA-ALLOW = 189142437
23:18:29.175 [main] INFO  com.cloudframe.app.process.Comput1.process  124 - *GB* LK-RLU3A-TOT-DATA-PROMO-ALLOW = 89142437
23:18:29.175 [main] INFO  com.cloudframe.app.process.Comput1.process  126 - *GB* LK-RLU3A-ACCT-PLAN-DATA-ALLOW = 189142437
23:18:29.175 [main] INFO  com.cloudframe.app.process.Comput1.process   76 - ___________________________________
23:18:29.175 [main] INFO  com.cloudframe.app.process.Comput1.process   78 - 837 . WS-OOSU-SHARED-ALLOW = 695184865
23:18:29.175 [main] INFO  com.cloudframe.app.process.Comput1.process   90 - *KB* LK-RLU3A-TOT-DATA-PROMO-ALLOW = 89821328
23:18:29.176 [main] INFO  com.cloudframe.app.process.Comput1.process   92 - *KB* LK-RLU3A-ACCT-PLAN-DATA-ALLOW = 189821328
23:18:29.176 [main] INFO  com.cloudframe.app.process.Comput1.process  108 - *MB* LK-RLU3A-TOT-DATA-PROMO-ALLOW = 89821990
23:18:29.176 [main] INFO  com.cloudframe.app.process.Comput1.process  110 - *MB* LK-RLU3A-ACCT-PLAN-DATA-ALLOW = 189821990
23:18:29.176 [main] INFO  com.cloudframe.app.process.Comput1.process  124 - *GB* LK-RLU3A-TOT-DATA-PROMO-ALLOW = 89821990
23:18:29.176 [main] INFO  com.cloudframe.app.process.Comput1.process  126 - *GB* LK-RLU3A-ACCT-PLAN-DATA-ALLOW = 189821990
23:18:29.176 [main] INFO  com.cloudframe.app.process.Comput1.process   76 - ___________________________________
23:18:29.176 [main] INFO  com.cloudframe.app.process.Comput1.process   78 - 838 . WS-OOSU-SHARED-ALLOW = 696847984
23:18:29.176 [main] INFO  com.cloudframe.app.process.Comput1.process   90 - *KB* LK-RLU3A-TOT-DATA-PROMO-ALLOW = 90502505
23:18:29.176 [main] INFO  com.cloudframe.app.process.Comput1.process   92 - *KB* LK-RLU3A-ACCT-PLAN-DATA-ALLOW = 190502505
23:18:29.176 [main] INFO  com.cloudframe.app.process.Comput1.process  108 - *MB* LK-RLU3A-TOT-DATA-PROMO-ALLOW = 90503169
23:18:29.176 [main] INFO  com.cloudframe.app.process.Comput1.process  110 - *MB* LK-RLU3A-ACCT-PLAN-DATA-ALLOW = 190503169
23:18:29.177 [main] INFO  com.cloudframe.app.process.Comput1.process  124 - *GB* LK-RLU3A-TOT-DATA-PROMO-ALLOW = 90503169
23:18:29.177 [main] INFO  com.cloudframe.app.process.Comput1.process  126 - *GB* LK-RLU3A-ACCT-PLAN-DATA-ALLOW = 190503169
23:18:29.177 [main] INFO  com.cloudframe.app.process.Comput1.process   76 - ___________________________________
23:18:29.177 [main] INFO  com.cloudframe.app.process.Comput1.process   78 - 839 . WS-OOSU-SHARED-ALLOW = 698513090
23:18:29.177 [main] INFO  com.cloudframe.app.process.Comput1.process   90 - *KB* LK-RLU3A-TOT-DATA-PROMO-ALLOW = 91185310
23:18:29.177 [main] INFO  com.cloudframe.app.process.Comput1.process   92 - *KB* LK-RLU3A-ACCT-PLAN-DATA-ALLOW = 191185310
23:18:29.177 [main] INFO  com.cloudframe.app.process.Comput1.process  108 - *MB* LK-RLU3A-TOT-DATA-PROMO-ALLOW = 91185976
23:18:29.177 [main] INFO  com.cloudframe.app.process.Comput1.process  110 - *MB* LK-RLU3A-ACCT-PLAN-DATA-ALLOW = 191185976
23:18:29.177 [main] INFO  com.cloudframe.app.process.Comput1.process  124 - *GB* LK-RLU3A-TOT-DATA-PROMO-ALLOW = 91185976
23:18:29.177 [main] INFO  com.cloudframe.app.process.Comput1.process  126 - *GB* LK-RLU3A-ACCT-PLAN-DATA-ALLOW = 191185976
23:18:29.177 [main] INFO  com.cloudframe.app.process.Comput1.process   76 - ___________________________________
23:18:29.177 [main] INFO  com.cloudframe.app.process.Comput1.process   78 - 840 . WS-OOSU-SHARED-ALLOW = 700180183
23:18:29.178 [main] INFO  com.cloudframe.app.process.Comput1.process   90 - *KB* LK-RLU3A-TOT-DATA-PROMO-ALLOW = 91869745
23:18:29.178 [main] INFO  com.cloudframe.app.process.Comput1.process   92 - *KB* LK-RLU3A-ACCT-PLAN-DATA-ALLOW = 191869745
23:18:29.178 [main] INFO  com.cloudframe.app.process.Comput1.process  108 - *MB* LK-RLU3A-TOT-DATA-PROMO-ALLOW = 91870412
23:18:29.178 [main] INFO  com.cloudframe.app.process.Comput1.process  110 - *MB* LK-RLU3A-ACCT-PLAN-DATA-ALLOW = 191870412
23:18:29.178 [main] INFO  com.cloudframe.app.process.Comput1.process  124 - *GB* LK-RLU3A-TOT-DATA-PROMO-ALLOW = 91870412
23:18:29.178 [main] INFO  com.cloudframe.app.process.Comput1.process  126 - *GB* LK-RLU3A-ACCT-PLAN-DATA-ALLOW = 191870412
23:18:29.178 [main] INFO  com.cloudframe.app.process.Comput1.process   76 - ___________________________________
23:18:29.178 [main] INFO  com.cloudframe.app.process.Comput1.process   78 - 841 . WS-OOSU-SHARED-ALLOW = 701849263
23:18:29.178 [main] INFO  com.cloudframe.app.process.Comput1.process   90 - *KB* LK-RLU3A-TOT-DATA-PROMO-ALLOW = 92555811
23:18:29.178 [main] INFO  com.cloudframe.app.process.Comput1.process   92 - *KB* LK-RLU3A-ACCT-PLAN-DATA-ALLOW = 192555811
23:18:29.178 [main] INFO  com.cloudframe.app.process.Comput1.process  108 - *MB* LK-RLU3A-TOT-DATA-PROMO-ALLOW = 92556480
23:18:29.179 [main] INFO  com.cloudframe.app.process.Comput1.process  110 - *MB* LK-RLU3A-ACCT-PLAN-DATA-ALLOW = 192556480
23:18:29.179 [main] INFO  com.cloudframe.app.process.Comput1.process  124 - *GB* LK-RLU3A-TOT-DATA-PROMO-ALLOW = 92556480
23:18:29.179 [main] INFO  com.cloudframe.app.process.Comput1.process  126 - *GB* LK-RLU3A-ACCT-PLAN-DATA-ALLOW = 192556480
23:18:29.179 [main] INFO  com.cloudframe.app.process.Comput1.process   76 - ___________________________________
23:18:29.179 [main] INFO  com.cloudframe.app.process.Comput1.process   78 - 842 . WS-OOSU-SHARED-ALLOW = 703520330
23:18:29.179 [main] INFO  com.cloudframe.app.process.Comput1.process   90 - *KB* LK-RLU3A-TOT-DATA-PROMO-ALLOW = 93243511
23:18:29.179 [main] INFO  com.cloudframe.app.process.Comput1.process   92 - *KB* LK-RLU3A-ACCT-PLAN-DATA-ALLOW = 193243511
23:18:29.179 [main] INFO  com.cloudframe.app.process.Comput1.process  108 - *MB* LK-RLU3A-TOT-DATA-PROMO-ALLOW = 93244181
23:18:29.179 [main] INFO  com.cloudframe.app.process.Comput1.process  110 - *MB* LK-RLU3A-ACCT-PLAN-DATA-ALLOW = 193244181
23:18:29.179 [main] INFO  com.cloudframe.app.process.Comput1.process  124 - *GB* LK-RLU3A-TOT-DATA-PROMO-ALLOW = 93244181
23:18:29.179 [main] INFO  com.cloudframe.app.process.Comput1.process  126 - *GB* LK-RLU3A-ACCT-PLAN-DATA-ALLOW = 193244181
23:18:29.179 [main] INFO  com.cloudframe.app.process.Comput1.process   76 - ___________________________________
23:18:29.180 [main] INFO  com.cloudframe.app.process.Comput1.process   78 - 843 . WS-OOSU-SHARED-ALLOW = 705193384
23:18:29.180 [main] INFO  com.cloudframe.app.process.Comput1.process   90 - *KB* LK-RLU3A-TOT-DATA-PROMO-ALLOW = 93932846
23:18:29.180 [main] INFO  com.cloudframe.app.process.Comput1.process   92 - *KB* LK-RLU3A-ACCT-PLAN-DATA-ALLOW = 193932846
23:18:29.180 [main] INFO  com.cloudframe.app.process.Comput1.process  108 - *MB* LK-RLU3A-TOT-DATA-PROMO-ALLOW = 93933518
23:18:29.180 [main] INFO  com.cloudframe.app.process.Comput1.process  110 - *MB* LK-RLU3A-ACCT-PLAN-DATA-ALLOW = 193933518
23:18:29.180 [main] INFO  com.cloudframe.app.process.Comput1.process  124 - *GB* LK-RLU3A-TOT-DATA-PROMO-ALLOW = 93933518
23:18:29.180 [main] INFO  com.cloudframe.app.process.Comput1.process  126 - *GB* LK-RLU3A-ACCT-PLAN-DATA-ALLOW = 193933518
23:18:29.180 [main] INFO  com.cloudframe.app.process.Comput1.process   76 - ___________________________________
23:18:29.180 [main] INFO  com.cloudframe.app.process.Comput1.process   78 - 844 . WS-OOSU-SHARED-ALLOW = 706868425
23:18:29.181 [main] INFO  com.cloudframe.app.process.Comput1.process   90 - *KB* LK-RLU3A-TOT-DATA-PROMO-ALLOW = 94623819
23:18:29.181 [main] INFO  com.cloudframe.app.process.Comput1.process   92 - *KB* LK-RLU3A-ACCT-PLAN-DATA-ALLOW = 194623819
23:18:29.181 [main] INFO  com.cloudframe.app.process.Comput1.process  108 - *MB* LK-RLU3A-TOT-DATA-PROMO-ALLOW = 94624493
23:18:29.181 [main] INFO  com.cloudframe.app.process.Comput1.process  110 - *MB* LK-RLU3A-ACCT-PLAN-DATA-ALLOW = 194624493
23:18:29.181 [main] INFO  com.cloudframe.app.process.Comput1.process  124 - *GB* LK-RLU3A-TOT-DATA-PROMO-ALLOW = 94624493
23:18:29.181 [main] INFO  com.cloudframe.app.process.Comput1.process  126 - *GB* LK-RLU3A-ACCT-PLAN-DATA-ALLOW = 194624493
23:18:29.181 [main] INFO  com.cloudframe.app.process.Comput1.process   76 - ___________________________________
23:18:29.181 [main] INFO  com.cloudframe.app.process.Comput1.process   78 - 845 . WS-OOSU-SHARED-ALLOW = 708545453
23:18:29.182 [main] INFO  com.cloudframe.app.process.Comput1.process   90 - *KB* LK-RLU3A-TOT-DATA-PROMO-ALLOW = 95316431
23:18:29.182 [main] INFO  com.cloudframe.app.process.Comput1.process   92 - *KB* LK-RLU3A-ACCT-PLAN-DATA-ALLOW = 195316431
23:18:29.182 [main] INFO  com.cloudframe.app.process.Comput1.process  108 - *MB* LK-RLU3A-TOT-DATA-PROMO-ALLOW = 95317106
23:18:29.182 [main] INFO  com.cloudframe.app.process.Comput1.process  110 - *MB* LK-RLU3A-ACCT-PLAN-DATA-ALLOW = 195317106
23:18:29.182 [main] INFO  com.cloudframe.app.process.Comput1.process  124 - *GB* LK-RLU3A-TOT-DATA-PROMO-ALLOW = 95317106
23:18:29.182 [main] INFO  com.cloudframe.app.process.Comput1.process  126 - *GB* LK-RLU3A-ACCT-PLAN-DATA-ALLOW = 195317106
23:18:29.182 [main] INFO  com.cloudframe.app.process.Comput1.process   76 - ___________________________________
23:18:29.182 [main] INFO  com.cloudframe.app.process.Comput1.process   78 - 846 . WS-OOSU-SHARED-ALLOW = 710224468
23:18:29.182 [main] INFO  com.cloudframe.app.process.Comput1.process   90 - *KB* LK-RLU3A-TOT-DATA-PROMO-ALLOW = 96010684
23:18:29.182 [main] INFO  com.cloudframe.app.process.Comput1.process   92 - *KB* LK-RLU3A-ACCT-PLAN-DATA-ALLOW = 196010684
23:18:29.182 [main] INFO  com.cloudframe.app.process.Comput1.process  108 - *MB* LK-RLU3A-TOT-DATA-PROMO-ALLOW = 96011361
23:18:29.183 [main] INFO  com.cloudframe.app.process.Comput1.process  110 - *MB* LK-RLU3A-ACCT-PLAN-DATA-ALLOW = 196011361
23:18:29.183 [main] INFO  com.cloudframe.app.process.Comput1.process  124 - *GB* LK-RLU3A-TOT-DATA-PROMO-ALLOW = 96011361
23:18:29.183 [main] INFO  com.cloudframe.app.process.Comput1.process  126 - *GB* LK-RLU3A-ACCT-PLAN-DATA-ALLOW = 196011361
23:18:29.183 [main] INFO  com.cloudframe.app.process.Comput1.process   76 - ___________________________________
23:18:29.183 [main] INFO  com.cloudframe.app.process.Comput1.process   78 - 847 . WS-OOSU-SHARED-ALLOW = 711905470
23:18:29.183 [main] INFO  com.cloudframe.app.process.Comput1.process   90 - *KB* LK-RLU3A-TOT-DATA-PROMO-ALLOW = 96706581
23:18:29.183 [main] INFO  com.cloudframe.app.process.Comput1.process   92 - *KB* LK-RLU3A-ACCT-PLAN-DATA-ALLOW = 196706581
23:18:29.183 [main] INFO  com.cloudframe.app.process.Comput1.process  108 - *MB* LK-RLU3A-TOT-DATA-PROMO-ALLOW = 96707259
23:18:29.183 [main] INFO  com.cloudframe.app.process.Comput1.process  110 - *MB* LK-RLU3A-ACCT-PLAN-DATA-ALLOW = 196707259
23:18:29.183 [main] INFO  com.cloudframe.app.process.Comput1.process  124 - *GB* LK-RLU3A-TOT-DATA-PROMO-ALLOW = 96707259
23:18:29.184 [main] INFO  com.cloudframe.app.process.Comput1.process  126 - *GB* LK-RLU3A-ACCT-PLAN-DATA-ALLOW = 196707259
23:18:29.184 [main] INFO  com.cloudframe.app.process.Comput1.process   76 - ___________________________________
23:18:29.184 [main] INFO  com.cloudframe.app.process.Comput1.process   78 - 848 . WS-OOSU-SHARED-ALLOW = 713588459
23:18:29.184 [main] INFO  com.cloudframe.app.process.Comput1.process   90 - *KB* LK-RLU3A-TOT-DATA-PROMO-ALLOW = 97404122
23:18:29.184 [main] INFO  com.cloudframe.app.process.Comput1.process   92 - *KB* LK-RLU3A-ACCT-PLAN-DATA-ALLOW = 197404122
23:18:29.184 [main] INFO  com.cloudframe.app.process.Comput1.process  108 - *MB* LK-RLU3A-TOT-DATA-PROMO-ALLOW = 97404802
23:18:29.184 [main] INFO  com.cloudframe.app.process.Comput1.process  110 - *MB* LK-RLU3A-ACCT-PLAN-DATA-ALLOW = 197404802
23:18:29.184 [main] INFO  com.cloudframe.app.process.Comput1.process  124 - *GB* LK-RLU3A-TOT-DATA-PROMO-ALLOW = 97404802
23:18:29.184 [main] INFO  com.cloudframe.app.process.Comput1.process  126 - *GB* LK-RLU3A-ACCT-PLAN-DATA-ALLOW = 197404802
23:18:29.184 [main] INFO  com.cloudframe.app.process.Comput1.process   76 - ___________________________________
23:18:29.184 [main] INFO  com.cloudframe.app.process.Comput1.process   78 - 849 . WS-OOSU-SHARED-ALLOW = 715273435
23:18:29.185 [main] INFO  com.cloudframe.app.process.Comput1.process   90 - *KB* LK-RLU3A-TOT-DATA-PROMO-ALLOW = 98103311
23:18:29.185 [main] INFO  com.cloudframe.app.process.Comput1.process   92 - *KB* LK-RLU3A-ACCT-PLAN-DATA-ALLOW = 198103311
23:18:29.185 [main] INFO  com.cloudframe.app.process.Comput1.process  108 - *MB* LK-RLU3A-TOT-DATA-PROMO-ALLOW = 98103993
23:18:29.185 [main] INFO  com.cloudframe.app.process.Comput1.process  110 - *MB* LK-RLU3A-ACCT-PLAN-DATA-ALLOW = 198103993
23:18:29.185 [main] INFO  com.cloudframe.app.process.Comput1.process  124 - *GB* LK-RLU3A-TOT-DATA-PROMO-ALLOW = 98103993
23:18:29.185 [main] INFO  com.cloudframe.app.process.Comput1.process  126 - *GB* LK-RLU3A-ACCT-PLAN-DATA-ALLOW = 198103993
23:18:29.185 [main] INFO  com.cloudframe.app.process.Comput1.process   76 - ___________________________________
23:18:29.185 [main] INFO  com.cloudframe.app.process.Comput1.process   78 - 850 . WS-OOSU-SHARED-ALLOW = 716960398
23:18:29.185 [main] INFO  com.cloudframe.app.process.Comput1.process   90 - *KB* LK-RLU3A-TOT-DATA-PROMO-ALLOW = 98804149
23:18:29.185 [main] INFO  com.cloudframe.app.process.Comput1.process   92 - *KB* LK-RLU3A-ACCT-PLAN-DATA-ALLOW = 198804149
23:18:29.185 [main] INFO  com.cloudframe.app.process.Comput1.process  108 - *MB* LK-RLU3A-TOT-DATA-PROMO-ALLOW = 98804832
23:18:29.186 [main] INFO  com.cloudframe.app.process.Comput1.process  110 - *MB* LK-RLU3A-ACCT-PLAN-DATA-ALLOW = 198804832
23:18:29.186 [main] INFO  com.cloudframe.app.process.Comput1.process  124 - *GB* LK-RLU3A-TOT-DATA-PROMO-ALLOW = 98804832
23:18:29.186 [main] INFO  com.cloudframe.app.process.Comput1.process  126 - *GB* LK-RLU3A-ACCT-PLAN-DATA-ALLOW = 198804832
23:18:29.186 [main] INFO  com.cloudframe.app.process.Comput1.process   76 - ___________________________________
23:18:29.186 [main] INFO  com.cloudframe.app.process.Comput1.process   78 - 851 . WS-OOSU-SHARED-ALLOW = 718649348
23:18:29.186 [main] INFO  com.cloudframe.app.process.Comput1.process   90 - *KB* LK-RLU3A-TOT-DATA-PROMO-ALLOW = 99506638
23:18:29.186 [main] INFO  com.cloudframe.app.process.Comput1.process   92 - *KB* LK-RLU3A-ACCT-PLAN-DATA-ALLOW = 199506638
23:18:29.186 [main] INFO  com.cloudframe.app.process.Comput1.process  108 - *MB* LK-RLU3A-TOT-DATA-PROMO-ALLOW = 99507323
23:18:29.186 [main] INFO  com.cloudframe.app.process.Comput1.process  110 - *MB* LK-RLU3A-ACCT-PLAN-DATA-ALLOW = 199507323
23:18:29.186 [main] INFO  com.cloudframe.app.process.Comput1.process  124 - *GB* LK-RLU3A-TOT-DATA-PROMO-ALLOW = 99507323
23:18:29.187 [main] INFO  com.cloudframe.app.process.Comput1.process  126 - *GB* LK-RLU3A-ACCT-PLAN-DATA-ALLOW = 199507323
23:18:29.187 [main] INFO  com.cloudframe.app.process.Comput1.process   76 - ___________________________________
23:18:29.187 [main] INFO  com.cloudframe.app.process.Comput1.process   78 - 852 . WS-OOSU-SHARED-ALLOW = 720340285
23:18:29.187 [main] INFO  com.cloudframe.app.process.Comput1.process   90 - *KB* LK-RLU3A-TOT-DATA-PROMO-ALLOW = 210780
23:18:29.187 [main] INFO  com.cloudframe.app.process.Comput1.process   92 - *KB* LK-RLU3A-ACCT-PLAN-DATA-ALLOW = 200210780
23:18:29.187 [main] INFO  com.cloudframe.app.process.Comput1.process  108 - *MB* LK-RLU3A-TOT-DATA-PROMO-ALLOW = 211466
23:18:29.187 [main] INFO  com.cloudframe.app.process.Comput1.process  110 - *MB* LK-RLU3A-ACCT-PLAN-DATA-ALLOW = 200211466
23:18:29.187 [main] INFO  com.cloudframe.app.process.Comput1.process  124 - *GB* LK-RLU3A-TOT-DATA-PROMO-ALLOW = 211466
23:18:29.187 [main] INFO  com.cloudframe.app.process.Comput1.process  126 - *GB* LK-RLU3A-ACCT-PLAN-DATA-ALLOW = 200211466
23:18:29.188 [main] INFO  com.cloudframe.app.process.Comput1.process   76 - ___________________________________
23:18:29.188 [main] INFO  com.cloudframe.app.process.Comput1.process   78 - 853 . WS-OOSU-SHARED-ALLOW = 722033209
23:18:29.188 [main] INFO  com.cloudframe.app.process.Comput1.process   90 - *KB* LK-RLU3A-TOT-DATA-PROMO-ALLOW = 916576
23:18:29.188 [main] INFO  com.cloudframe.app.process.Comput1.process   92 - *KB* LK-RLU3A-ACCT-PLAN-DATA-ALLOW = 200916576
23:18:29.188 [main] INFO  com.cloudframe.app.process.Comput1.process  108 - *MB* LK-RLU3A-TOT-DATA-PROMO-ALLOW = 917264
23:18:29.188 [main] INFO  com.cloudframe.app.process.Comput1.process  110 - *MB* LK-RLU3A-ACCT-PLAN-DATA-ALLOW = 200917264
23:18:29.188 [main] INFO  com.cloudframe.app.process.Comput1.process  124 - *GB* LK-RLU3A-TOT-DATA-PROMO-ALLOW = 917264
23:18:29.189 [main] INFO  com.cloudframe.app.process.Comput1.process  126 - *GB* LK-RLU3A-ACCT-PLAN-DATA-ALLOW = 200917264
23:18:29.189 [main] INFO  com.cloudframe.app.process.Comput1.process   76 - ___________________________________
23:18:29.189 [main] INFO  com.cloudframe.app.process.Comput1.process   78 - 854 . WS-OOSU-SHARED-ALLOW = 723728120
23:18:29.189 [main] INFO  com.cloudframe.app.process.Comput1.process   90 - *KB* LK-RLU3A-TOT-DATA-PROMO-ALLOW = 1624029
23:18:29.189 [main] INFO  com.cloudframe.app.process.Comput1.process   92 - *KB* LK-RLU3A-ACCT-PLAN-DATA-ALLOW = 201624029
23:18:29.189 [main] INFO  com.cloudframe.app.process.Comput1.process  108 - *MB* LK-RLU3A-TOT-DATA-PROMO-ALLOW = 1624719
23:18:29.190 [main] INFO  com.cloudframe.app.process.Comput1.process  110 - *MB* LK-RLU3A-ACCT-PLAN-DATA-ALLOW = 201624719
23:18:29.190 [main] INFO  com.cloudframe.app.process.Comput1.process  124 - *GB* LK-RLU3A-TOT-DATA-PROMO-ALLOW = 1624719
23:18:29.190 [main] INFO  com.cloudframe.app.process.Comput1.process  126 - *GB* LK-RLU3A-ACCT-PLAN-DATA-ALLOW = 201624719
23:18:29.190 [main] INFO  com.cloudframe.app.process.Comput1.process   76 - ___________________________________
23:18:29.190 [main] INFO  com.cloudframe.app.process.Comput1.process   78 - 855 . WS-OOSU-SHARED-ALLOW = 725425018
23:18:29.190 [main] INFO  com.cloudframe.app.process.Comput1.process   90 - *KB* LK-RLU3A-TOT-DATA-PROMO-ALLOW = 2333141
23:18:29.190 [main] INFO  com.cloudframe.app.process.Comput1.process   92 - *KB* LK-RLU3A-ACCT-PLAN-DATA-ALLOW = 202333141
23:18:29.190 [main] INFO  com.cloudframe.app.process.Comput1.process  108 - *MB* LK-RLU3A-TOT-DATA-PROMO-ALLOW = 2333832
23:18:29.190 [main] INFO  com.cloudframe.app.process.Comput1.process  110 - *MB* LK-RLU3A-ACCT-PLAN-DATA-ALLOW = 202333832
23:18:29.190 [main] INFO  com.cloudframe.app.process.Comput1.process  124 - *GB* LK-RLU3A-TOT-DATA-PROMO-ALLOW = 2333832
23:18:29.191 [main] INFO  com.cloudframe.app.process.Comput1.process  126 - *GB* LK-RLU3A-ACCT-PLAN-DATA-ALLOW = 202333832
23:18:29.191 [main] INFO  com.cloudframe.app.process.Comput1.process   76 - ___________________________________
23:18:29.191 [main] INFO  com.cloudframe.app.process.Comput1.process   78 - 856 . WS-OOSU-SHARED-ALLOW = 727123903
23:18:29.191 [main] INFO  com.cloudframe.app.process.Comput1.process   90 - *KB* LK-RLU3A-TOT-DATA-PROMO-ALLOW = 3043913
23:18:29.191 [main] INFO  com.cloudframe.app.process.Comput1.process   92 - *KB* LK-RLU3A-ACCT-PLAN-DATA-ALLOW = 203043913
23:18:29.191 [main] INFO  com.cloudframe.app.process.Comput1.process  108 - *MB* LK-RLU3A-TOT-DATA-PROMO-ALLOW = 3044606
23:18:29.191 [main] INFO  com.cloudframe.app.process.Comput1.process  110 - *MB* LK-RLU3A-ACCT-PLAN-DATA-ALLOW = 203044606
23:18:29.191 [main] INFO  com.cloudframe.app.process.Comput1.process  124 - *GB* LK-RLU3A-TOT-DATA-PROMO-ALLOW = 3044606
23:18:29.191 [main] INFO  com.cloudframe.app.process.Comput1.process  126 - *GB* LK-RLU3A-ACCT-PLAN-DATA-ALLOW = 203044606
23:18:29.191 [main] INFO  com.cloudframe.app.process.Comput1.process   76 - ___________________________________
23:18:29.192 [main] INFO  com.cloudframe.app.process.Comput1.process   78 - 857 . WS-OOSU-SHARED-ALLOW = 728824775
23:18:29.192 [main] INFO  com.cloudframe.app.process.Comput1.process   90 - *KB* LK-RLU3A-TOT-DATA-PROMO-ALLOW = 3756348
23:18:29.192 [main] INFO  com.cloudframe.app.process.Comput1.process   92 - *KB* LK-RLU3A-ACCT-PLAN-DATA-ALLOW = 203756348
23:18:29.192 [main] INFO  com.cloudframe.app.process.Comput1.process  108 - *MB* LK-RLU3A-TOT-DATA-PROMO-ALLOW = 3757043
23:18:29.192 [main] INFO  com.cloudframe.app.process.Comput1.process  110 - *MB* LK-RLU3A-ACCT-PLAN-DATA-ALLOW = 203757043
23:18:29.192 [main] INFO  com.cloudframe.app.process.Comput1.process  124 - *GB* LK-RLU3A-TOT-DATA-PROMO-ALLOW = 3757043
23:18:29.192 [main] INFO  com.cloudframe.app.process.Comput1.process  126 - *GB* LK-RLU3A-ACCT-PLAN-DATA-ALLOW = 203757043
23:18:29.192 [main] INFO  com.cloudframe.app.process.Comput1.process   76 - ___________________________________
23:18:29.192 [main] INFO  com.cloudframe.app.process.Comput1.process   78 - 858 . WS-OOSU-SHARED-ALLOW = 730527634
23:18:29.193 [main] INFO  com.cloudframe.app.process.Comput1.process   90 - *KB* LK-RLU3A-TOT-DATA-PROMO-ALLOW = 4470448
23:18:29.193 [main] INFO  com.cloudframe.app.process.Comput1.process   92 - *KB* LK-RLU3A-ACCT-PLAN-DATA-ALLOW = 204470448
23:18:29.193 [main] INFO  com.cloudframe.app.process.Comput1.process  108 - *MB* LK-RLU3A-TOT-DATA-PROMO-ALLOW = 4471144
23:18:29.193 [main] INFO  com.cloudframe.app.process.Comput1.process  110 - *MB* LK-RLU3A-ACCT-PLAN-DATA-ALLOW = 204471144
23:18:29.193 [main] INFO  com.cloudframe.app.process.Comput1.process  124 - *GB* LK-RLU3A-TOT-DATA-PROMO-ALLOW = 4471144
23:18:29.193 [main] INFO  com.cloudframe.app.process.Comput1.process  126 - *GB* LK-RLU3A-ACCT-PLAN-DATA-ALLOW = 204471144
23:18:29.193 [main] INFO  com.cloudframe.app.process.Comput1.process   76 - ___________________________________
23:18:29.193 [main] INFO  com.cloudframe.app.process.Comput1.process   78 - 859 . WS-OOSU-SHARED-ALLOW = 732232480
23:18:29.193 [main] INFO  com.cloudframe.app.process.Comput1.process   90 - *KB* LK-RLU3A-TOT-DATA-PROMO-ALLOW = 5186214
23:18:29.193 [main] INFO  com.cloudframe.app.process.Comput1.process   92 - *KB* LK-RLU3A-ACCT-PLAN-DATA-ALLOW = 205186214
23:18:29.194 [main] INFO  com.cloudframe.app.process.Comput1.process  108 - *MB* LK-RLU3A-TOT-DATA-PROMO-ALLOW = 5186912
23:18:29.194 [main] INFO  com.cloudframe.app.process.Comput1.process  110 - *MB* LK-RLU3A-ACCT-PLAN-DATA-ALLOW = 205186912
23:18:29.194 [main] INFO  com.cloudframe.app.process.Comput1.process  124 - *GB* LK-RLU3A-TOT-DATA-PROMO-ALLOW = 5186912
23:18:29.194 [main] INFO  com.cloudframe.app.process.Comput1.process  126 - *GB* LK-RLU3A-ACCT-PLAN-DATA-ALLOW = 205186912
23:18:29.194 [main] INFO  com.cloudframe.app.process.Comput1.process   76 - ___________________________________
23:18:29.194 [main] INFO  com.cloudframe.app.process.Comput1.process   78 - 860 . WS-OOSU-SHARED-ALLOW = 733939313
23:18:29.194 [main] INFO  com.cloudframe.app.process.Comput1.process   90 - *KB* LK-RLU3A-TOT-DATA-PROMO-ALLOW = 5903649
23:18:29.194 [main] INFO  com.cloudframe.app.process.Comput1.process   92 - *KB* LK-RLU3A-ACCT-PLAN-DATA-ALLOW = 205903649
23:18:29.194 [main] INFO  com.cloudframe.app.process.Comput1.process  108 - *MB* LK-RLU3A-TOT-DATA-PROMO-ALLOW = 5904348
23:18:29.195 [main] INFO  com.cloudframe.app.process.Comput1.process  110 - *MB* LK-RLU3A-ACCT-PLAN-DATA-ALLOW = 205904348
23:18:29.195 [main] INFO  com.cloudframe.app.process.Comput1.process  124 - *GB* LK-RLU3A-TOT-DATA-PROMO-ALLOW = 5904348
23:18:29.195 [main] INFO  com.cloudframe.app.process.Comput1.process  126 - *GB* LK-RLU3A-ACCT-PLAN-DATA-ALLOW = 205904348
23:18:29.195 [main] INFO  com.cloudframe.app.process.Comput1.process   76 - ___________________________________
23:18:29.195 [main] INFO  com.cloudframe.app.process.Comput1.process   78 - 861 . WS-OOSU-SHARED-ALLOW = 735648133
23:18:29.195 [main] INFO  com.cloudframe.app.process.Comput1.process   90 - *KB* LK-RLU3A-TOT-DATA-PROMO-ALLOW = 6622754
23:18:29.195 [main] INFO  com.cloudframe.app.process.Comput1.process   92 - *KB* LK-RLU3A-ACCT-PLAN-DATA-ALLOW = 206622754
23:18:29.195 [main] INFO  com.cloudframe.app.process.Comput1.process  108 - *MB* LK-RLU3A-TOT-DATA-PROMO-ALLOW = 6623455
23:18:29.195 [main] INFO  com.cloudframe.app.process.Comput1.process  110 - *MB* LK-RLU3A-ACCT-PLAN-DATA-ALLOW = 206623455
23:18:29.195 [main] INFO  com.cloudframe.app.process.Comput1.process  124 - *GB* LK-RLU3A-TOT-DATA-PROMO-ALLOW = 6623455
23:18:29.196 [main] INFO  com.cloudframe.app.process.Comput1.process  126 - *GB* LK-RLU3A-ACCT-PLAN-DATA-ALLOW = 206623455
23:18:29.196 [main] INFO  com.cloudframe.app.process.Comput1.process   76 - ___________________________________
23:18:29.196 [main] INFO  com.cloudframe.app.process.Comput1.process   78 - 862 . WS-OOSU-SHARED-ALLOW = 737358940
23:18:29.196 [main] INFO  com.cloudframe.app.process.Comput1.process   90 - *KB* LK-RLU3A-TOT-DATA-PROMO-ALLOW = 7343532
23:18:29.196 [main] INFO  com.cloudframe.app.process.Comput1.process   92 - *KB* LK-RLU3A-ACCT-PLAN-DATA-ALLOW = 207343532
23:18:29.196 [main] INFO  com.cloudframe.app.process.Comput1.process  108 - *MB* LK-RLU3A-TOT-DATA-PROMO-ALLOW = 7344235
23:18:29.196 [main] INFO  com.cloudframe.app.process.Comput1.process  110 - *MB* LK-RLU3A-ACCT-PLAN-DATA-ALLOW = 207344235
23:18:29.196 [main] INFO  com.cloudframe.app.process.Comput1.process  124 - *GB* LK-RLU3A-TOT-DATA-PROMO-ALLOW = 7344235
23:18:29.196 [main] INFO  com.cloudframe.app.process.Comput1.process  126 - *GB* LK-RLU3A-ACCT-PLAN-DATA-ALLOW = 207344235
23:18:29.197 [main] INFO  com.cloudframe.app.process.Comput1.process   76 - ___________________________________
23:18:29.197 [main] INFO  com.cloudframe.app.process.Comput1.process   78 - 863 . WS-OOSU-SHARED-ALLOW = 739071734
23:18:29.197 [main] INFO  com.cloudframe.app.process.Comput1.process   90 - *KB* LK-RLU3A-TOT-DATA-PROMO-ALLOW = 8065984
23:18:29.197 [main] INFO  com.cloudframe.app.process.Comput1.process   92 - *KB* LK-RLU3A-ACCT-PLAN-DATA-ALLOW = 208065984
23:18:29.197 [main] INFO  com.cloudframe.app.process.Comput1.process  108 - *MB* LK-RLU3A-TOT-DATA-PROMO-ALLOW = 8066688
23:18:29.197 [main] INFO  com.cloudframe.app.process.Comput1.process  110 - *MB* LK-RLU3A-ACCT-PLAN-DATA-ALLOW = 208066688
23:18:29.197 [main] INFO  com.cloudframe.app.process.Comput1.process  124 - *GB* LK-RLU3A-TOT-DATA-PROMO-ALLOW = 8066688
23:18:29.197 [main] INFO  com.cloudframe.app.process.Comput1.process  126 - *GB* LK-RLU3A-ACCT-PLAN-DATA-ALLOW = 208066688
23:18:29.197 [main] INFO  com.cloudframe.app.process.Comput1.process   76 - ___________________________________
23:18:29.197 [main] INFO  com.cloudframe.app.process.Comput1.process   78 - 864 . WS-OOSU-SHARED-ALLOW = 740786515
23:18:29.197 [main] INFO  com.cloudframe.app.process.Comput1.process   90 - *KB* LK-RLU3A-TOT-DATA-PROMO-ALLOW = 8790112
23:18:29.198 [main] INFO  com.cloudframe.app.process.Comput1.process   92 - *KB* LK-RLU3A-ACCT-PLAN-DATA-ALLOW = 208790112
23:18:29.198 [main] INFO  com.cloudframe.app.process.Comput1.process  108 - *MB* LK-RLU3A-TOT-DATA-PROMO-ALLOW = 8790818
23:18:29.198 [main] INFO  com.cloudframe.app.process.Comput1.process  110 - *MB* LK-RLU3A-ACCT-PLAN-DATA-ALLOW = 208790818
23:18:29.198 [main] INFO  com.cloudframe.app.process.Comput1.process  124 - *GB* LK-RLU3A-TOT-DATA-PROMO-ALLOW = 8790818
23:18:29.198 [main] INFO  com.cloudframe.app.process.Comput1.process  126 - *GB* LK-RLU3A-ACCT-PLAN-DATA-ALLOW = 208790818
23:18:29.198 [main] INFO  com.cloudframe.app.process.Comput1.process   76 - ___________________________________
23:18:29.198 [main] INFO  com.cloudframe.app.process.Comput1.process   78 - 865 . WS-OOSU-SHARED-ALLOW = 742503283
23:18:29.198 [main] INFO  com.cloudframe.app.process.Comput1.process   90 - *KB* LK-RLU3A-TOT-DATA-PROMO-ALLOW = 9515918
23:18:29.198 [main] INFO  com.cloudframe.app.process.Comput1.process   92 - *KB* LK-RLU3A-ACCT-PLAN-DATA-ALLOW = 209515918
23:18:29.198 [main] INFO  com.cloudframe.app.process.Comput1.process  108 - *MB* LK-RLU3A-TOT-DATA-PROMO-ALLOW = 9516626
23:18:29.198 [main] INFO  com.cloudframe.app.process.Comput1.process  110 - *MB* LK-RLU3A-ACCT-PLAN-DATA-ALLOW = 209516626
23:18:29.199 [main] INFO  com.cloudframe.app.process.Comput1.process  124 - *GB* LK-RLU3A-TOT-DATA-PROMO-ALLOW = 9516626
23:18:29.199 [main] INFO  com.cloudframe.app.process.Comput1.process  126 - *GB* LK-RLU3A-ACCT-PLAN-DATA-ALLOW = 209516626
23:18:29.199 [main] INFO  com.cloudframe.app.process.Comput1.process   76 - ___________________________________
23:18:29.199 [main] INFO  com.cloudframe.app.process.Comput1.process   78 - 866 . WS-OOSU-SHARED-ALLOW = 744222038
23:18:29.199 [main] INFO  com.cloudframe.app.process.Comput1.process   90 - *KB* LK-RLU3A-TOT-DATA-PROMO-ALLOW = 10243405
23:18:29.199 [main] INFO  com.cloudframe.app.process.Comput1.process   92 - *KB* LK-RLU3A-ACCT-PLAN-DATA-ALLOW = 210243405
23:18:29.199 [main] INFO  com.cloudframe.app.process.Comput1.process  108 - *MB* LK-RLU3A-TOT-DATA-PROMO-ALLOW = 10244114
23:18:29.199 [main] INFO  com.cloudframe.app.process.Comput1.process  110 - *MB* LK-RLU3A-ACCT-PLAN-DATA-ALLOW = 210244114
23:18:29.199 [main] INFO  com.cloudframe.app.process.Comput1.process  124 - *GB* LK-RLU3A-TOT-DATA-PROMO-ALLOW = 10244114
23:18:29.199 [main] INFO  com.cloudframe.app.process.Comput1.process  126 - *GB* LK-RLU3A-ACCT-PLAN-DATA-ALLOW = 210244114
23:18:29.199 [main] INFO  com.cloudframe.app.process.Comput1.process   76 - ___________________________________
23:18:29.200 [main] INFO  com.cloudframe.app.process.Comput1.process   78 - 867 . WS-OOSU-SHARED-ALLOW = 745942780
23:18:29.200 [main] INFO  com.cloudframe.app.process.Comput1.process   90 - *KB* LK-RLU3A-TOT-DATA-PROMO-ALLOW = 10972573
23:18:29.200 [main] INFO  com.cloudframe.app.process.Comput1.process   92 - *KB* LK-RLU3A-ACCT-PLAN-DATA-ALLOW = 210972573
23:18:29.200 [main] INFO  com.cloudframe.app.process.Comput1.process  108 - *MB* LK-RLU3A-TOT-DATA-PROMO-ALLOW = 10973284
23:18:29.200 [main] INFO  com.cloudframe.app.process.Comput1.process  110 - *MB* LK-RLU3A-ACCT-PLAN-DATA-ALLOW = 210973284
23:18:29.200 [main] INFO  com.cloudframe.app.process.Comput1.process  124 - *GB* LK-RLU3A-TOT-DATA-PROMO-ALLOW = 10973284
23:18:29.200 [main] INFO  com.cloudframe.app.process.Comput1.process  126 - *GB* LK-RLU3A-ACCT-PLAN-DATA-ALLOW = 210973284
23:18:29.200 [main] INFO  com.cloudframe.app.process.Comput1.process   76 - ___________________________________
23:18:29.200 [main] INFO  com.cloudframe.app.process.Comput1.process   78 - 868 . WS-OOSU-SHARED-ALLOW = 747665509
23:18:29.200 [main] INFO  com.cloudframe.app.process.Comput1.process   90 - *KB* LK-RLU3A-TOT-DATA-PROMO-ALLOW = 11703426
23:18:29.200 [main] INFO  com.cloudframe.app.process.Comput1.process   92 - *KB* LK-RLU3A-ACCT-PLAN-DATA-ALLOW = 211703426
23:18:29.201 [main] INFO  com.cloudframe.app.process.Comput1.process  108 - *MB* LK-RLU3A-TOT-DATA-PROMO-ALLOW = 11704139
23:18:29.201 [main] INFO  com.cloudframe.app.process.Comput1.process  110 - *MB* LK-RLU3A-ACCT-PLAN-DATA-ALLOW = 211704139
23:18:29.201 [main] INFO  com.cloudframe.app.process.Comput1.process  124 - *GB* LK-RLU3A-TOT-DATA-PROMO-ALLOW = 11704139
23:18:29.201 [main] INFO  com.cloudframe.app.process.Comput1.process  126 - *GB* LK-RLU3A-ACCT-PLAN-DATA-ALLOW = 211704139
23:18:29.201 [main] INFO  com.cloudframe.app.process.Comput1.process   76 - ___________________________________
23:18:29.201 [main] INFO  com.cloudframe.app.process.Comput1.process   78 - 869 . WS-OOSU-SHARED-ALLOW = 749390225
23:18:29.201 [main] INFO  com.cloudframe.app.process.Comput1.process   90 - *KB* LK-RLU3A-TOT-DATA-PROMO-ALLOW = 12435965
23:18:29.201 [main] INFO  com.cloudframe.app.process.Comput1.process   92 - *KB* LK-RLU3A-ACCT-PLAN-DATA-ALLOW = 212435965
23:18:29.201 [main] INFO  com.cloudframe.app.process.Comput1.process  108 - *MB* LK-RLU3A-TOT-DATA-PROMO-ALLOW = 12436679
23:18:29.201 [main] INFO  com.cloudframe.app.process.Comput1.process  110 - *MB* LK-RLU3A-ACCT-PLAN-DATA-ALLOW = 212436679
23:18:29.201 [main] INFO  com.cloudframe.app.process.Comput1.process  124 - *GB* LK-RLU3A-TOT-DATA-PROMO-ALLOW = 12436679
23:18:29.202 [main] INFO  com.cloudframe.app.process.Comput1.process  126 - *GB* LK-RLU3A-ACCT-PLAN-DATA-ALLOW = 212436679
23:18:29.202 [main] INFO  com.cloudframe.app.process.Comput1.process   76 - ___________________________________
23:18:29.202 [main] INFO  com.cloudframe.app.process.Comput1.process   78 - 870 . WS-OOSU-SHARED-ALLOW = 751116928
23:18:29.202 [main] INFO  com.cloudframe.app.process.Comput1.process   90 - *KB* LK-RLU3A-TOT-DATA-PROMO-ALLOW = 13170191
23:18:29.202 [main] INFO  com.cloudframe.app.process.Comput1.process   92 - *KB* LK-RLU3A-ACCT-PLAN-DATA-ALLOW = 213170191
23:18:29.202 [main] INFO  com.cloudframe.app.process.Comput1.process  108 - *MB* LK-RLU3A-TOT-DATA-PROMO-ALLOW = 13170907
23:18:29.202 [main] INFO  com.cloudframe.app.process.Comput1.process  110 - *MB* LK-RLU3A-ACCT-PLAN-DATA-ALLOW = 213170907
23:18:29.202 [main] INFO  com.cloudframe.app.process.Comput1.process  124 - *GB* LK-RLU3A-TOT-DATA-PROMO-ALLOW = 13170907
23:18:29.202 [main] INFO  com.cloudframe.app.process.Comput1.process  126 - *GB* LK-RLU3A-ACCT-PLAN-DATA-ALLOW = 213170907
23:18:29.202 [main] INFO  com.cloudframe.app.process.Comput1.process   76 - ___________________________________
23:18:29.202 [main] INFO  com.cloudframe.app.process.Comput1.process   78 - 871 . WS-OOSU-SHARED-ALLOW = 752845618
23:18:29.203 [main] INFO  com.cloudframe.app.process.Comput1.process   90 - *KB* LK-RLU3A-TOT-DATA-PROMO-ALLOW = 13906107
23:18:29.203 [main] INFO  com.cloudframe.app.process.Comput1.process   92 - *KB* LK-RLU3A-ACCT-PLAN-DATA-ALLOW = 213906107
23:18:29.203 [main] INFO  com.cloudframe.app.process.Comput1.process  108 - *MB* LK-RLU3A-TOT-DATA-PROMO-ALLOW = 13906824
23:18:29.203 [main] INFO  com.cloudframe.app.process.Comput1.process  110 - *MB* LK-RLU3A-ACCT-PLAN-DATA-ALLOW = 213906824
23:18:29.203 [main] INFO  com.cloudframe.app.process.Comput1.process  124 - *GB* LK-RLU3A-TOT-DATA-PROMO-ALLOW = 13906824
23:18:29.203 [main] INFO  com.cloudframe.app.process.Comput1.process  126 - *GB* LK-RLU3A-ACCT-PLAN-DATA-ALLOW = 213906824
23:18:29.203 [main] INFO  com.cloudframe.app.process.Comput1.process   76 - ___________________________________
23:18:29.203 [main] INFO  com.cloudframe.app.process.Comput1.process   78 - 872 . WS-OOSU-SHARED-ALLOW = 754576295
23:18:29.203 [main] INFO  com.cloudframe.app.process.Comput1.process   90 - *KB* LK-RLU3A-TOT-DATA-PROMO-ALLOW = 14643714
23:18:29.203 [main] INFO  com.cloudframe.app.process.Comput1.process   92 - *KB* LK-RLU3A-ACCT-PLAN-DATA-ALLOW = 214643714
23:18:29.203 [main] INFO  com.cloudframe.app.process.Comput1.process  108 - *MB* LK-RLU3A-TOT-DATA-PROMO-ALLOW = 14644433
23:18:29.204 [main] INFO  com.cloudframe.app.process.Comput1.process  110 - *MB* LK-RLU3A-ACCT-PLAN-DATA-ALLOW = 214644433
23:18:29.204 [main] INFO  com.cloudframe.app.process.Comput1.process  124 - *GB* LK-RLU3A-TOT-DATA-PROMO-ALLOW = 14644433
23:18:29.204 [main] INFO  com.cloudframe.app.process.Comput1.process  126 - *GB* LK-RLU3A-ACCT-PLAN-DATA-ALLOW = 214644433
23:18:29.204 [main] INFO  com.cloudframe.app.process.Comput1.process   76 - ___________________________________
23:18:29.204 [main] INFO  com.cloudframe.app.process.Comput1.process   78 - 873 . WS-OOSU-SHARED-ALLOW = 756308959
23:18:29.204 [main] INFO  com.cloudframe.app.process.Comput1.process   90 - *KB* LK-RLU3A-TOT-DATA-PROMO-ALLOW = 15383015
23:18:29.204 [main] INFO  com.cloudframe.app.process.Comput1.process   92 - *KB* LK-RLU3A-ACCT-PLAN-DATA-ALLOW = 215383015
23:18:29.204 [main] INFO  com.cloudframe.app.process.Comput1.process  108 - *MB* LK-RLU3A-TOT-DATA-PROMO-ALLOW = 15383736
23:18:29.204 [main] INFO  com.cloudframe.app.process.Comput1.process  110 - *MB* LK-RLU3A-ACCT-PLAN-DATA-ALLOW = 215383736
23:18:29.204 [main] INFO  com.cloudframe.app.process.Comput1.process  124 - *GB* LK-RLU3A-TOT-DATA-PROMO-ALLOW = 15383736
23:18:29.204 [main] INFO  com.cloudframe.app.process.Comput1.process  126 - *GB* LK-RLU3A-ACCT-PLAN-DATA-ALLOW = 215383736
23:18:29.205 [main] INFO  com.cloudframe.app.process.Comput1.process   76 - ___________________________________
23:18:29.205 [main] INFO  com.cloudframe.app.process.Comput1.process   78 - 874 . WS-OOSU-SHARED-ALLOW = 758043610
23:18:29.205 [main] INFO  com.cloudframe.app.process.Comput1.process   90 - *KB* LK-RLU3A-TOT-DATA-PROMO-ALLOW = 16124012
23:18:29.205 [main] INFO  com.cloudframe.app.process.Comput1.process   92 - *KB* LK-RLU3A-ACCT-PLAN-DATA-ALLOW = 216124012
23:18:29.205 [main] INFO  com.cloudframe.app.process.Comput1.process  108 - *MB* LK-RLU3A-TOT-DATA-PROMO-ALLOW = 16124734
23:18:29.205 [main] INFO  com.cloudframe.app.process.Comput1.process  110 - *MB* LK-RLU3A-ACCT-PLAN-DATA-ALLOW = 216124734
23:18:29.205 [main] INFO  com.cloudframe.app.process.Comput1.process  124 - *GB* LK-RLU3A-TOT-DATA-PROMO-ALLOW = 16124734
23:18:29.205 [main] INFO  com.cloudframe.app.process.Comput1.process  126 - *GB* LK-RLU3A-ACCT-PLAN-DATA-ALLOW = 216124734
23:18:29.205 [main] INFO  com.cloudframe.app.process.Comput1.process   76 - ___________________________________
23:18:29.205 [main] INFO  com.cloudframe.app.process.Comput1.process   78 - 875 . WS-OOSU-SHARED-ALLOW = 759780248
23:18:29.206 [main] INFO  com.cloudframe.app.process.Comput1.process   90 - *KB* LK-RLU3A-TOT-DATA-PROMO-ALLOW = 16866706
23:18:29.206 [main] INFO  com.cloudframe.app.process.Comput1.process   92 - *KB* LK-RLU3A-ACCT-PLAN-DATA-ALLOW = 216866706
23:18:29.206 [main] INFO  com.cloudframe.app.process.Comput1.process  108 - *MB* LK-RLU3A-TOT-DATA-PROMO-ALLOW = 16867430
23:18:29.206 [main] INFO  com.cloudframe.app.process.Comput1.process  110 - *MB* LK-RLU3A-ACCT-PLAN-DATA-ALLOW = 216867430
23:18:29.206 [main] INFO  com.cloudframe.app.process.Comput1.process  124 - *GB* LK-RLU3A-TOT-DATA-PROMO-ALLOW = 16867430
23:18:29.206 [main] INFO  com.cloudframe.app.process.Comput1.process  126 - *GB* LK-RLU3A-ACCT-PLAN-DATA-ALLOW = 216867430
23:18:29.206 [main] INFO  com.cloudframe.app.process.Comput1.process   76 - ___________________________________
23:18:29.206 [main] INFO  com.cloudframe.app.process.Comput1.process   78 - 876 . WS-OOSU-SHARED-ALLOW = 761518873
23:18:29.206 [main] INFO  com.cloudframe.app.process.Comput1.process   90 - *KB* LK-RLU3A-TOT-DATA-PROMO-ALLOW = 17611100
23:18:29.206 [main] INFO  com.cloudframe.app.process.Comput1.process   92 - *KB* LK-RLU3A-ACCT-PLAN-DATA-ALLOW = 217611100
23:18:29.206 [main] INFO  com.cloudframe.app.process.Comput1.process  108 - *MB* LK-RLU3A-TOT-DATA-PROMO-ALLOW = 17611826
23:18:29.206 [main] INFO  com.cloudframe.app.process.Comput1.process  110 - *MB* LK-RLU3A-ACCT-PLAN-DATA-ALLOW = 217611826
23:18:29.207 [main] INFO  com.cloudframe.app.process.Comput1.process  124 - *GB* LK-RLU3A-TOT-DATA-PROMO-ALLOW = 17611826
23:18:29.207 [main] INFO  com.cloudframe.app.process.Comput1.process  126 - *GB* LK-RLU3A-ACCT-PLAN-DATA-ALLOW = 217611826
23:18:29.207 [main] INFO  com.cloudframe.app.process.Comput1.process   76 - ___________________________________
23:18:29.207 [main] INFO  com.cloudframe.app.process.Comput1.process   78 - 877 . WS-OOSU-SHARED-ALLOW = 763259485
23:18:29.207 [main] INFO  com.cloudframe.app.process.Comput1.process   90 - *KB* LK-RLU3A-TOT-DATA-PROMO-ALLOW = 18357196
23:18:29.207 [main] INFO  com.cloudframe.app.process.Comput1.process   92 - *KB* LK-RLU3A-ACCT-PLAN-DATA-ALLOW = 218357196
23:18:29.207 [main] INFO  com.cloudframe.app.process.Comput1.process  108 - *MB* LK-RLU3A-TOT-DATA-PROMO-ALLOW = 18357923
23:18:29.207 [main] INFO  com.cloudframe.app.process.Comput1.process  110 - *MB* LK-RLU3A-ACCT-PLAN-DATA-ALLOW = 218357923
23:18:29.207 [main] INFO  com.cloudframe.app.process.Comput1.process  124 - *GB* LK-RLU3A-TOT-DATA-PROMO-ALLOW = 18357923
23:18:29.207 [main] INFO  com.cloudframe.app.process.Comput1.process  126 - *GB* LK-RLU3A-ACCT-PLAN-DATA-ALLOW = 218357923
23:18:29.208 [main] INFO  com.cloudframe.app.process.Comput1.process   76 - ___________________________________
23:18:29.208 [main] INFO  com.cloudframe.app.process.Comput1.process   78 - 878 . WS-OOSU-SHARED-ALLOW = 765002084
23:18:29.208 [main] INFO  com.cloudframe.app.process.Comput1.process   90 - *KB* LK-RLU3A-TOT-DATA-PROMO-ALLOW = 19104995
23:18:29.208 [main] INFO  com.cloudframe.app.process.Comput1.process   92 - *KB* LK-RLU3A-ACCT-PLAN-DATA-ALLOW = 219104995
23:18:29.208 [main] INFO  com.cloudframe.app.process.Comput1.process  108 - *MB* LK-RLU3A-TOT-DATA-PROMO-ALLOW = 19105724
23:18:29.208 [main] INFO  com.cloudframe.app.process.Comput1.process  110 - *MB* LK-RLU3A-ACCT-PLAN-DATA-ALLOW = 219105724
23:18:29.208 [main] INFO  com.cloudframe.app.process.Comput1.process  124 - *GB* LK-RLU3A-TOT-DATA-PROMO-ALLOW = 19105724
23:18:29.208 [main] INFO  com.cloudframe.app.process.Comput1.process  126 - *GB* LK-RLU3A-ACCT-PLAN-DATA-ALLOW = 219105724
23:18:29.208 [main] INFO  com.cloudframe.app.process.Comput1.process   76 - ___________________________________
23:18:29.208 [main] INFO  com.cloudframe.app.process.Comput1.process   78 - 879 . WS-OOSU-SHARED-ALLOW = 766746670
23:18:29.209 [main] INFO  com.cloudframe.app.process.Comput1.process   90 - *KB* LK-RLU3A-TOT-DATA-PROMO-ALLOW = 19854500
23:18:29.209 [main] INFO  com.cloudframe.app.process.Comput1.process   92 - *KB* LK-RLU3A-ACCT-PLAN-DATA-ALLOW = 219854500
23:18:29.209 [main] INFO  com.cloudframe.app.process.Comput1.process  108 - *MB* LK-RLU3A-TOT-DATA-PROMO-ALLOW = 19855231
23:18:29.209 [main] INFO  com.cloudframe.app.process.Comput1.process  110 - *MB* LK-RLU3A-ACCT-PLAN-DATA-ALLOW = 219855231
23:18:29.209 [main] INFO  com.cloudframe.app.process.Comput1.process  124 - *GB* LK-RLU3A-TOT-DATA-PROMO-ALLOW = 19855231
23:18:29.209 [main] INFO  com.cloudframe.app.process.Comput1.process  126 - *GB* LK-RLU3A-ACCT-PLAN-DATA-ALLOW = 219855231
23:18:29.209 [main] INFO  com.cloudframe.app.process.Comput1.process   76 - ___________________________________
23:18:29.209 [main] INFO  com.cloudframe.app.process.Comput1.process   78 - 880 . WS-OOSU-SHARED-ALLOW = 768493243
23:18:29.209 [main] INFO  com.cloudframe.app.process.Comput1.process   90 - *KB* LK-RLU3A-TOT-DATA-PROMO-ALLOW = 20605712
23:18:29.209 [main] INFO  com.cloudframe.app.process.Comput1.process   92 - *KB* LK-RLU3A-ACCT-PLAN-DATA-ALLOW = 220605712
23:18:29.210 [main] INFO  com.cloudframe.app.process.Comput1.process  108 - *MB* LK-RLU3A-TOT-DATA-PROMO-ALLOW = 20606444
23:18:29.210 [main] INFO  com.cloudframe.app.process.Comput1.process  110 - *MB* LK-RLU3A-ACCT-PLAN-DATA-ALLOW = 220606444
23:18:29.210 [main] INFO  com.cloudframe.app.process.Comput1.process  124 - *GB* LK-RLU3A-TOT-DATA-PROMO-ALLOW = 20606444
23:18:29.210 [main] INFO  com.cloudframe.app.process.Comput1.process  126 - *GB* LK-RLU3A-ACCT-PLAN-DATA-ALLOW = 220606444
23:18:29.210 [main] INFO  com.cloudframe.app.process.Comput1.process   76 - ___________________________________
23:18:29.210 [main] INFO  com.cloudframe.app.process.Comput1.process   78 - 881 . WS-OOSU-SHARED-ALLOW = 770241803
23:18:29.210 [main] INFO  com.cloudframe.app.process.Comput1.process   90 - *KB* LK-RLU3A-TOT-DATA-PROMO-ALLOW = 21358633
23:18:29.210 [main] INFO  com.cloudframe.app.process.Comput1.process   92 - *KB* LK-RLU3A-ACCT-PLAN-DATA-ALLOW = 221358633
23:18:29.210 [main] INFO  com.cloudframe.app.process.Comput1.process  108 - *MB* LK-RLU3A-TOT-DATA-PROMO-ALLOW = 21359367
23:18:29.210 [main] INFO  com.cloudframe.app.process.Comput1.process  110 - *MB* LK-RLU3A-ACCT-PLAN-DATA-ALLOW = 221359367
23:18:29.210 [main] INFO  com.cloudframe.app.process.Comput1.process  124 - *GB* LK-RLU3A-TOT-DATA-PROMO-ALLOW = 21359367
23:18:29.211 [main] INFO  com.cloudframe.app.process.Comput1.process  126 - *GB* LK-RLU3A-ACCT-PLAN-DATA-ALLOW = 221359367
23:18:29.211 [main] INFO  com.cloudframe.app.process.Comput1.process   76 - ___________________________________
23:18:29.211 [main] INFO  com.cloudframe.app.process.Comput1.process   78 - 882 . WS-OOSU-SHARED-ALLOW = 771992350
23:18:29.211 [main] INFO  com.cloudframe.app.process.Comput1.process   90 - *KB* LK-RLU3A-TOT-DATA-PROMO-ALLOW = 22113265
23:18:29.211 [main] INFO  com.cloudframe.app.process.Comput1.process   92 - *KB* LK-RLU3A-ACCT-PLAN-DATA-ALLOW = 222113265
23:18:29.211 [main] INFO  com.cloudframe.app.process.Comput1.process  108 - *MB* LK-RLU3A-TOT-DATA-PROMO-ALLOW = 22114001
23:18:29.211 [main] INFO  com.cloudframe.app.process.Comput1.process  110 - *MB* LK-RLU3A-ACCT-PLAN-DATA-ALLOW = 222114001
23:18:29.211 [main] INFO  com.cloudframe.app.process.Comput1.process  124 - *GB* LK-RLU3A-TOT-DATA-PROMO-ALLOW = 22114001
23:18:29.211 [main] INFO  com.cloudframe.app.process.Comput1.process  126 - *GB* LK-RLU3A-ACCT-PLAN-DATA-ALLOW = 222114001
23:18:29.211 [main] INFO  com.cloudframe.app.process.Comput1.process   76 - ___________________________________
23:18:29.211 [main] INFO  com.cloudframe.app.process.Comput1.process   78 - 883 . WS-OOSU-SHARED-ALLOW = 773744884
23:18:29.212 [main] INFO  com.cloudframe.app.process.Comput1.process   90 - *KB* LK-RLU3A-TOT-DATA-PROMO-ALLOW = 22869611
23:18:29.212 [main] INFO  com.cloudframe.app.process.Comput1.process   92 - *KB* LK-RLU3A-ACCT-PLAN-DATA-ALLOW = 222869611
23:18:29.212 [main] INFO  com.cloudframe.app.process.Comput1.process  108 - *MB* LK-RLU3A-TOT-DATA-PROMO-ALLOW = 22870348
23:18:29.212 [main] INFO  com.cloudframe.app.process.Comput1.process  110 - *MB* LK-RLU3A-ACCT-PLAN-DATA-ALLOW = 222870348
23:18:29.212 [main] INFO  com.cloudframe.app.process.Comput1.process  124 - *GB* LK-RLU3A-TOT-DATA-PROMO-ALLOW = 22870348
23:18:29.212 [main] INFO  com.cloudframe.app.process.Comput1.process  126 - *GB* LK-RLU3A-ACCT-PLAN-DATA-ALLOW = 222870348
23:18:29.212 [main] INFO  com.cloudframe.app.process.Comput1.process   76 - ___________________________________
23:18:29.212 [main] INFO  com.cloudframe.app.process.Comput1.process   78 - 884 . WS-OOSU-SHARED-ALLOW = 775499405
23:18:29.212 [main] INFO  com.cloudframe.app.process.Comput1.process   90 - *KB* LK-RLU3A-TOT-DATA-PROMO-ALLOW = 23627671
23:18:29.212 [main] INFO  com.cloudframe.app.process.Comput1.process   92 - *KB* LK-RLU3A-ACCT-PLAN-DATA-ALLOW = 223627671
23:18:29.213 [main] INFO  com.cloudframe.app.process.Comput1.process  108 - *MB* LK-RLU3A-TOT-DATA-PROMO-ALLOW = 23628410
23:18:29.213 [main] INFO  com.cloudframe.app.process.Comput1.process  110 - *MB* LK-RLU3A-ACCT-PLAN-DATA-ALLOW = 223628410
23:18:29.213 [main] INFO  com.cloudframe.app.process.Comput1.process  124 - *GB* LK-RLU3A-TOT-DATA-PROMO-ALLOW = 23628410
23:18:29.213 [main] INFO  com.cloudframe.app.process.Comput1.process  126 - *GB* LK-RLU3A-ACCT-PLAN-DATA-ALLOW = 223628410
23:18:29.213 [main] INFO  com.cloudframe.app.process.Comput1.process   76 - ___________________________________
23:18:29.213 [main] INFO  com.cloudframe.app.process.Comput1.process   78 - 885 . WS-OOSU-SHARED-ALLOW = 777255913
23:18:29.213 [main] INFO  com.cloudframe.app.process.Comput1.process   90 - *KB* LK-RLU3A-TOT-DATA-PROMO-ALLOW = 24387448
23:18:29.213 [main] INFO  com.cloudframe.app.process.Comput1.process   92 - *KB* LK-RLU3A-ACCT-PLAN-DATA-ALLOW = 224387448
23:18:29.213 [main] INFO  com.cloudframe.app.process.Comput1.process  108 - *MB* LK-RLU3A-TOT-DATA-PROMO-ALLOW = 24388189
23:18:29.213 [main] INFO  com.cloudframe.app.process.Comput1.process  110 - *MB* LK-RLU3A-ACCT-PLAN-DATA-ALLOW = 224388189
23:18:29.213 [main] INFO  com.cloudframe.app.process.Comput1.process  124 - *GB* LK-RLU3A-TOT-DATA-PROMO-ALLOW = 24388189
23:18:29.213 [main] INFO  com.cloudframe.app.process.Comput1.process  126 - *GB* LK-RLU3A-ACCT-PLAN-DATA-ALLOW = 224388189
23:18:29.214 [main] INFO  com.cloudframe.app.process.Comput1.process   76 - ___________________________________
23:18:29.214 [main] INFO  com.cloudframe.app.process.Comput1.process   78 - 886 . WS-OOSU-SHARED-ALLOW = 779014408
23:18:29.214 [main] INFO  com.cloudframe.app.process.Comput1.process   90 - *KB* LK-RLU3A-TOT-DATA-PROMO-ALLOW = 25148945
23:18:29.214 [main] INFO  com.cloudframe.app.process.Comput1.process   92 - *KB* LK-RLU3A-ACCT-PLAN-DATA-ALLOW = 225148945
23:18:29.214 [main] INFO  com.cloudframe.app.process.Comput1.process  108 - *MB* LK-RLU3A-TOT-DATA-PROMO-ALLOW = 25149687
23:18:29.214 [main] INFO  com.cloudframe.app.process.Comput1.process  110 - *MB* LK-RLU3A-ACCT-PLAN-DATA-ALLOW = 225149687
23:18:29.214 [main] INFO  com.cloudframe.app.process.Comput1.process  124 - *GB* LK-RLU3A-TOT-DATA-PROMO-ALLOW = 25149687
23:18:29.214 [main] INFO  com.cloudframe.app.process.Comput1.process  126 - *GB* LK-RLU3A-ACCT-PLAN-DATA-ALLOW = 225149687
23:18:29.214 [main] INFO  com.cloudframe.app.process.Comput1.process   76 - ___________________________________
23:18:29.214 [main] INFO  com.cloudframe.app.process.Comput1.process   78 - 887 . WS-OOSU-SHARED-ALLOW = 780774890
23:18:29.214 [main] INFO  com.cloudframe.app.process.Comput1.process   90 - *KB* LK-RLU3A-TOT-DATA-PROMO-ALLOW = 25912162
23:18:29.215 [main] INFO  com.cloudframe.app.process.Comput1.process   92 - *KB* LK-RLU3A-ACCT-PLAN-DATA-ALLOW = 225912162
23:18:29.215 [main] INFO  com.cloudframe.app.process.Comput1.process  108 - *MB* LK-RLU3A-TOT-DATA-PROMO-ALLOW = 25912906
23:18:29.215 [main] INFO  com.cloudframe.app.process.Comput1.process  110 - *MB* LK-RLU3A-ACCT-PLAN-DATA-ALLOW = 225912906
23:18:29.215 [main] INFO  com.cloudframe.app.process.Comput1.process  124 - *GB* LK-RLU3A-TOT-DATA-PROMO-ALLOW = 25912906
23:18:29.215 [main] INFO  com.cloudframe.app.process.Comput1.process  126 - *GB* LK-RLU3A-ACCT-PLAN-DATA-ALLOW = 225912906
23:18:29.215 [main] INFO  com.cloudframe.app.process.Comput1.process   76 - ___________________________________
23:18:29.215 [main] INFO  com.cloudframe.app.process.Comput1.process   78 - 888 . WS-OOSU-SHARED-ALLOW = 782537359
23:18:29.215 [main] INFO  com.cloudframe.app.process.Comput1.process   90 - *KB* LK-RLU3A-TOT-DATA-PROMO-ALLOW = 26677102
23:18:29.215 [main] INFO  com.cloudframe.app.process.Comput1.process   92 - *KB* LK-RLU3A-ACCT-PLAN-DATA-ALLOW = 226677102
23:18:29.215 [main] INFO  com.cloudframe.app.process.Comput1.process  108 - *MB* LK-RLU3A-TOT-DATA-PROMO-ALLOW = 26677848
23:18:29.215 [main] INFO  com.cloudframe.app.process.Comput1.process  110 - *MB* LK-RLU3A-ACCT-PLAN-DATA-ALLOW = 226677848
23:18:29.216 [main] INFO  com.cloudframe.app.process.Comput1.process  124 - *GB* LK-RLU3A-TOT-DATA-PROMO-ALLOW = 26677848
23:18:29.216 [main] INFO  com.cloudframe.app.process.Comput1.process  126 - *GB* LK-RLU3A-ACCT-PLAN-DATA-ALLOW = 226677848
23:18:29.216 [main] INFO  com.cloudframe.app.process.Comput1.process   76 - ___________________________________
23:18:29.216 [main] INFO  com.cloudframe.app.process.Comput1.process   78 - 889 . WS-OOSU-SHARED-ALLOW = 784301815
23:18:29.216 [main] INFO  com.cloudframe.app.process.Comput1.process   90 - *KB* LK-RLU3A-TOT-DATA-PROMO-ALLOW = 27443767
23:18:29.216 [main] INFO  com.cloudframe.app.process.Comput1.process   92 - *KB* LK-RLU3A-ACCT-PLAN-DATA-ALLOW = 227443767
23:18:29.216 [main] INFO  com.cloudframe.app.process.Comput1.process  108 - *MB* LK-RLU3A-TOT-DATA-PROMO-ALLOW = 27444514
23:18:29.216 [main] INFO  com.cloudframe.app.process.Comput1.process  110 - *MB* LK-RLU3A-ACCT-PLAN-DATA-ALLOW = 227444514
23:18:29.216 [main] INFO  com.cloudframe.app.process.Comput1.process  124 - *GB* LK-RLU3A-TOT-DATA-PROMO-ALLOW = 27444514
23:18:29.216 [main] INFO  com.cloudframe.app.process.Comput1.process  126 - *GB* LK-RLU3A-ACCT-PLAN-DATA-ALLOW = 227444514
23:18:29.216 [main] INFO  com.cloudframe.app.process.Comput1.process   76 - ___________________________________
23:18:29.216 [main] INFO  com.cloudframe.app.process.Comput1.process   78 - 890 . WS-OOSU-SHARED-ALLOW = 786068258
23:18:29.217 [main] INFO  com.cloudframe.app.process.Comput1.process   90 - *KB* LK-RLU3A-TOT-DATA-PROMO-ALLOW = 28212158
23:18:29.217 [main] INFO  com.cloudframe.app.process.Comput1.process   92 - *KB* LK-RLU3A-ACCT-PLAN-DATA-ALLOW = 228212158
23:18:29.217 [main] INFO  com.cloudframe.app.process.Comput1.process  108 - *MB* LK-RLU3A-TOT-DATA-PROMO-ALLOW = 28212907
23:18:29.217 [main] INFO  com.cloudframe.app.process.Comput1.process  110 - *MB* LK-RLU3A-ACCT-PLAN-DATA-ALLOW = 228212907
23:18:29.217 [main] INFO  com.cloudframe.app.process.Comput1.process  124 - *GB* LK-RLU3A-TOT-DATA-PROMO-ALLOW = 28212907
23:18:29.217 [main] INFO  com.cloudframe.app.process.Comput1.process  126 - *GB* LK-RLU3A-ACCT-PLAN-DATA-ALLOW = 228212907
23:18:29.217 [main] INFO  com.cloudframe.app.process.Comput1.process   76 - ___________________________________
23:18:29.217 [main] INFO  com.cloudframe.app.process.Comput1.process   78 - 891 . WS-OOSU-SHARED-ALLOW = 787836688
23:18:29.217 [main] INFO  com.cloudframe.app.process.Comput1.process   90 - *KB* LK-RLU3A-TOT-DATA-PROMO-ALLOW = 28982278
23:18:29.217 [main] INFO  com.cloudframe.app.process.Comput1.process   92 - *KB* LK-RLU3A-ACCT-PLAN-DATA-ALLOW = 228982278
23:18:29.217 [main] INFO  com.cloudframe.app.process.Comput1.process  108 - *MB* LK-RLU3A-TOT-DATA-PROMO-ALLOW = 28983029
23:18:29.217 [main] INFO  com.cloudframe.app.process.Comput1.process  110 - *MB* LK-RLU3A-ACCT-PLAN-DATA-ALLOW = 228983029
23:18:29.218 [main] INFO  com.cloudframe.app.process.Comput1.process  124 - *GB* LK-RLU3A-TOT-DATA-PROMO-ALLOW = 28983029
23:18:29.218 [main] INFO  com.cloudframe.app.process.Comput1.process  126 - *GB* LK-RLU3A-ACCT-PLAN-DATA-ALLOW = 228983029
23:18:29.218 [main] INFO  com.cloudframe.app.process.Comput1.process   76 - ___________________________________
23:18:29.218 [main] INFO  com.cloudframe.app.process.Comput1.process   78 - 892 . WS-OOSU-SHARED-ALLOW = 789607105
23:18:29.218 [main] INFO  com.cloudframe.app.process.Comput1.process   90 - *KB* LK-RLU3A-TOT-DATA-PROMO-ALLOW = 29754129
23:18:29.218 [main] INFO  com.cloudframe.app.process.Comput1.process   92 - *KB* LK-RLU3A-ACCT-PLAN-DATA-ALLOW = 229754129
23:18:29.218 [main] INFO  com.cloudframe.app.process.Comput1.process  108 - *MB* LK-RLU3A-TOT-DATA-PROMO-ALLOW = 29754882
23:18:29.218 [main] INFO  com.cloudframe.app.process.Comput1.process  110 - *MB* LK-RLU3A-ACCT-PLAN-DATA-ALLOW = 229754882
23:18:29.218 [main] INFO  com.cloudframe.app.process.Comput1.process  124 - *GB* LK-RLU3A-TOT-DATA-PROMO-ALLOW = 29754882
23:18:29.218 [main] INFO  com.cloudframe.app.process.Comput1.process  126 - *GB* LK-RLU3A-ACCT-PLAN-DATA-ALLOW = 229754882
23:18:29.219 [main] INFO  com.cloudframe.app.process.Comput1.process   76 - ___________________________________
23:18:29.219 [main] INFO  com.cloudframe.app.process.Comput1.process   78 - 893 . WS-OOSU-SHARED-ALLOW = 791379509
23:18:29.219 [main] INFO  com.cloudframe.app.process.Comput1.process   90 - *KB* LK-RLU3A-TOT-DATA-PROMO-ALLOW = 30527713
23:18:29.219 [main] INFO  com.cloudframe.app.process.Comput1.process   92 - *KB* LK-RLU3A-ACCT-PLAN-DATA-ALLOW = 230527713
23:18:29.219 [main] INFO  com.cloudframe.app.process.Comput1.process  108 - *MB* LK-RLU3A-TOT-DATA-PROMO-ALLOW = 30528467
23:18:29.219 [main] INFO  com.cloudframe.app.process.Comput1.process  110 - *MB* LK-RLU3A-ACCT-PLAN-DATA-ALLOW = 230528467
23:18:29.219 [main] INFO  com.cloudframe.app.process.Comput1.process  124 - *GB* LK-RLU3A-TOT-DATA-PROMO-ALLOW = 30528467
23:18:29.219 [main] INFO  com.cloudframe.app.process.Comput1.process  126 - *GB* LK-RLU3A-ACCT-PLAN-DATA-ALLOW = 230528467
23:18:29.219 [main] INFO  com.cloudframe.app.process.Comput1.process   76 - ___________________________________
23:18:29.219 [main] INFO  com.cloudframe.app.process.Comput1.process   78 - 894 . WS-OOSU-SHARED-ALLOW = 793153900
23:18:29.219 [main] INFO  com.cloudframe.app.process.Comput1.process   90 - *KB* LK-RLU3A-TOT-DATA-PROMO-ALLOW = 31303031
23:18:29.220 [main] INFO  com.cloudframe.app.process.Comput1.process   92 - *KB* LK-RLU3A-ACCT-PLAN-DATA-ALLOW = 231303031
23:18:29.220 [main] INFO  com.cloudframe.app.process.Comput1.process  108 - *MB* LK-RLU3A-TOT-DATA-PROMO-ALLOW = 31303787
23:18:29.220 [main] INFO  com.cloudframe.app.process.Comput1.process  110 - *MB* LK-RLU3A-ACCT-PLAN-DATA-ALLOW = 231303787
23:18:29.220 [main] INFO  com.cloudframe.app.process.Comput1.process  124 - *GB* LK-RLU3A-TOT-DATA-PROMO-ALLOW = 31303787
23:18:29.220 [main] INFO  com.cloudframe.app.process.Comput1.process  126 - *GB* LK-RLU3A-ACCT-PLAN-DATA-ALLOW = 231303787
23:18:29.220 [main] INFO  com.cloudframe.app.process.Comput1.process   76 - ___________________________________
23:18:29.220 [main] INFO  com.cloudframe.app.process.Comput1.process   78 - 895 . WS-OOSU-SHARED-ALLOW = 794930278
23:18:29.220 [main] INFO  com.cloudframe.app.process.Comput1.process   90 - *KB* LK-RLU3A-TOT-DATA-PROMO-ALLOW = 32080086
23:18:29.220 [main] INFO  com.cloudframe.app.process.Comput1.process   92 - *KB* LK-RLU3A-ACCT-PLAN-DATA-ALLOW = 232080086
23:18:29.220 [main] INFO  com.cloudframe.app.process.Comput1.process  108 - *MB* LK-RLU3A-TOT-DATA-PROMO-ALLOW = 32080844
23:18:29.220 [main] INFO  com.cloudframe.app.process.Comput1.process  110 - *MB* LK-RLU3A-ACCT-PLAN-DATA-ALLOW = 232080844
23:18:29.221 [main] INFO  com.cloudframe.app.process.Comput1.process  124 - *GB* LK-RLU3A-TOT-DATA-PROMO-ALLOW = 32080844
23:18:29.221 [main] INFO  com.cloudframe.app.process.Comput1.process  126 - *GB* LK-RLU3A-ACCT-PLAN-DATA-ALLOW = 232080844
23:18:29.221 [main] INFO  com.cloudframe.app.process.Comput1.process   76 - ___________________________________
23:18:29.221 [main] INFO  com.cloudframe.app.process.Comput1.process   78 - 896 . WS-OOSU-SHARED-ALLOW = 796708643
23:18:29.221 [main] INFO  com.cloudframe.app.process.Comput1.process   90 - *KB* LK-RLU3A-TOT-DATA-PROMO-ALLOW = 32858879
23:18:29.221 [main] INFO  com.cloudframe.app.process.Comput1.process   92 - *KB* LK-RLU3A-ACCT-PLAN-DATA-ALLOW = 232858879
23:18:29.221 [main] INFO  com.cloudframe.app.process.Comput1.process  108 - *MB* LK-RLU3A-TOT-DATA-PROMO-ALLOW = 32859638
23:18:29.221 [main] INFO  com.cloudframe.app.process.Comput1.process  110 - *MB* LK-RLU3A-ACCT-PLAN-DATA-ALLOW = 232859638
23:18:29.221 [main] INFO  com.cloudframe.app.process.Comput1.process  124 - *GB* LK-RLU3A-TOT-DATA-PROMO-ALLOW = 32859638
23:18:29.221 [main] INFO  com.cloudframe.app.process.Comput1.process  126 - *GB* LK-RLU3A-ACCT-PLAN-DATA-ALLOW = 232859638
23:18:29.221 [main] INFO  com.cloudframe.app.process.Comput1.process   76 - ___________________________________
23:18:29.222 [main] INFO  com.cloudframe.app.process.Comput1.process   78 - 897 . WS-OOSU-SHARED-ALLOW = 798488995
23:18:29.222 [main] INFO  com.cloudframe.app.process.Comput1.process   90 - *KB* LK-RLU3A-TOT-DATA-PROMO-ALLOW = 33639412
23:18:29.222 [main] INFO  com.cloudframe.app.process.Comput1.process   92 - *KB* LK-RLU3A-ACCT-PLAN-DATA-ALLOW = 233639412
23:18:29.222 [main] INFO  com.cloudframe.app.process.Comput1.process  108 - *MB* LK-RLU3A-TOT-DATA-PROMO-ALLOW = 33640173
23:18:29.222 [main] INFO  com.cloudframe.app.process.Comput1.process  110 - *MB* LK-RLU3A-ACCT-PLAN-DATA-ALLOW = 233640173
23:18:29.222 [main] INFO  com.cloudframe.app.process.Comput1.process  124 - *GB* LK-RLU3A-TOT-DATA-PROMO-ALLOW = 33640173
23:18:29.222 [main] INFO  com.cloudframe.app.process.Comput1.process  126 - *GB* LK-RLU3A-ACCT-PLAN-DATA-ALLOW = 233640173
23:18:29.222 [main] INFO  com.cloudframe.app.process.Comput1.process   76 - ___________________________________
23:18:29.222 [main] INFO  com.cloudframe.app.process.Comput1.process   78 - 898 . WS-OOSU-SHARED-ALLOW = 800271334
23:18:29.222 [main] INFO  com.cloudframe.app.process.Comput1.process   90 - *KB* LK-RLU3A-TOT-DATA-PROMO-ALLOW = 34421687
23:18:29.222 [main] INFO  com.cloudframe.app.process.Comput1.process   92 - *KB* LK-RLU3A-ACCT-PLAN-DATA-ALLOW = 234421687
23:18:29.223 [main] INFO  com.cloudframe.app.process.Comput1.process  108 - *MB* LK-RLU3A-TOT-DATA-PROMO-ALLOW = 34422450
23:18:29.223 [main] INFO  com.cloudframe.app.process.Comput1.process  110 - *MB* LK-RLU3A-ACCT-PLAN-DATA-ALLOW = 234422450
23:18:29.223 [main] INFO  com.cloudframe.app.process.Comput1.process  124 - *GB* LK-RLU3A-TOT-DATA-PROMO-ALLOW = 34422450
23:18:29.223 [main] INFO  com.cloudframe.app.process.Comput1.process  126 - *GB* LK-RLU3A-ACCT-PLAN-DATA-ALLOW = 234422450
23:18:29.223 [main] INFO  com.cloudframe.app.process.Comput1.process   76 - ___________________________________
23:18:29.223 [main] INFO  com.cloudframe.app.process.Comput1.process   78 - 899 . WS-OOSU-SHARED-ALLOW = 802055660
23:18:29.223 [main] INFO  com.cloudframe.app.process.Comput1.process   90 - *KB* LK-RLU3A-TOT-DATA-PROMO-ALLOW = 35205707
23:18:29.223 [main] INFO  com.cloudframe.app.process.Comput1.process   92 - *KB* LK-RLU3A-ACCT-PLAN-DATA-ALLOW = 235205707
23:18:29.223 [main] INFO  com.cloudframe.app.process.Comput1.process  108 - *MB* LK-RLU3A-TOT-DATA-PROMO-ALLOW = 35206471
23:18:29.223 [main] INFO  com.cloudframe.app.process.Comput1.process  110 - *MB* LK-RLU3A-ACCT-PLAN-DATA-ALLOW = 235206471
23:18:29.224 [main] INFO  com.cloudframe.app.process.Comput1.process  124 - *GB* LK-RLU3A-TOT-DATA-PROMO-ALLOW = 35206471
23:18:29.224 [main] INFO  com.cloudframe.app.process.Comput1.process  126 - *GB* LK-RLU3A-ACCT-PLAN-DATA-ALLOW = 235206471
23:18:29.224 [main] INFO  com.cloudframe.app.process.Comput1.process   76 - ___________________________________
23:18:29.224 [main] INFO  com.cloudframe.app.process.Comput1.process   78 - 900 . WS-OOSU-SHARED-ALLOW = 803841973
23:18:29.224 [main] INFO  com.cloudframe.app.process.Comput1.process   90 - *KB* LK-RLU3A-TOT-DATA-PROMO-ALLOW = 35991472
23:18:29.224 [main] INFO  com.cloudframe.app.process.Comput1.process   92 - *KB* LK-RLU3A-ACCT-PLAN-DATA-ALLOW = 235991472
23:18:29.224 [main] INFO  com.cloudframe.app.process.Comput1.process  108 - *MB* LK-RLU3A-TOT-DATA-PROMO-ALLOW = 35992238
23:18:29.224 [main] INFO  com.cloudframe.app.process.Comput1.process  110 - *MB* LK-RLU3A-ACCT-PLAN-DATA-ALLOW = 235992238
23:18:29.224 [main] INFO  com.cloudframe.app.process.Comput1.process  124 - *GB* LK-RLU3A-TOT-DATA-PROMO-ALLOW = 35992238
23:18:29.224 [main] INFO  com.cloudframe.app.process.Comput1.process  126 - *GB* LK-RLU3A-ACCT-PLAN-DATA-ALLOW = 235992238
23:18:29.225 [main] INFO  com.cloudframe.app.process.Comput1.process   76 - ___________________________________
23:18:29.225 [main] INFO  com.cloudframe.app.process.Comput1.process   78 - 901 . WS-OOSU-SHARED-ALLOW = 805630273
23:18:29.225 [main] INFO  com.cloudframe.app.process.Comput1.process   90 - *KB* LK-RLU3A-TOT-DATA-PROMO-ALLOW = 36778986
23:18:29.225 [main] INFO  com.cloudframe.app.process.Comput1.process   92 - *KB* LK-RLU3A-ACCT-PLAN-DATA-ALLOW = 236778986
23:18:29.225 [main] INFO  com.cloudframe.app.process.Comput1.process  108 - *MB* LK-RLU3A-TOT-DATA-PROMO-ALLOW = 36779754
23:18:29.225 [main] INFO  com.cloudframe.app.process.Comput1.process  110 - *MB* LK-RLU3A-ACCT-PLAN-DATA-ALLOW = 236779754
23:18:29.225 [main] INFO  com.cloudframe.app.process.Comput1.process  124 - *GB* LK-RLU3A-TOT-DATA-PROMO-ALLOW = 36779754
23:18:29.225 [main] INFO  com.cloudframe.app.process.Comput1.process  126 - *GB* LK-RLU3A-ACCT-PLAN-DATA-ALLOW = 236779754
23:18:29.225 [main] INFO  com.cloudframe.app.process.Comput1.process   76 - ___________________________________
23:18:29.226 [main] INFO  com.cloudframe.app.process.Comput1.process   78 - 902 . WS-OOSU-SHARED-ALLOW = 807420560
23:18:29.226 [main] INFO  com.cloudframe.app.process.Comput1.process   90 - *KB* LK-RLU3A-TOT-DATA-PROMO-ALLOW = 37568250
23:18:29.226 [main] INFO  com.cloudframe.app.process.Comput1.process   92 - *KB* LK-RLU3A-ACCT-PLAN-DATA-ALLOW = 237568250
23:18:29.226 [main] INFO  com.cloudframe.app.process.Comput1.process  108 - *MB* LK-RLU3A-TOT-DATA-PROMO-ALLOW = 37569020
23:18:29.226 [main] INFO  com.cloudframe.app.process.Comput1.process  110 - *MB* LK-RLU3A-ACCT-PLAN-DATA-ALLOW = 237569020
23:18:29.226 [main] INFO  com.cloudframe.app.process.Comput1.process  124 - *GB* LK-RLU3A-TOT-DATA-PROMO-ALLOW = 37569020
23:18:29.226 [main] INFO  com.cloudframe.app.process.Comput1.process  126 - *GB* LK-RLU3A-ACCT-PLAN-DATA-ALLOW = 237569020
23:18:29.226 [main] INFO  com.cloudframe.app.process.Comput1.process   76 - ___________________________________
23:18:29.226 [main] INFO  com.cloudframe.app.process.Comput1.process   78 - 903 . WS-OOSU-SHARED-ALLOW = 809212834
23:18:29.227 [main] INFO  com.cloudframe.app.process.Comput1.process   90 - *KB* LK-RLU3A-TOT-DATA-PROMO-ALLOW = 38359266
23:18:29.227 [main] INFO  com.cloudframe.app.process.Comput1.process   92 - *KB* LK-RLU3A-ACCT-PLAN-DATA-ALLOW = 238359266
23:18:29.227 [main] INFO  com.cloudframe.app.process.Comput1.process  108 - *MB* LK-RLU3A-TOT-DATA-PROMO-ALLOW = 38360037
23:18:29.227 [main] INFO  com.cloudframe.app.process.Comput1.process  110 - *MB* LK-RLU3A-ACCT-PLAN-DATA-ALLOW = 238360037
23:18:29.227 [main] INFO  com.cloudframe.app.process.Comput1.process  124 - *GB* LK-RLU3A-TOT-DATA-PROMO-ALLOW = 38360037
23:18:29.227 [main] INFO  com.cloudframe.app.process.Comput1.process  126 - *GB* LK-RLU3A-ACCT-PLAN-DATA-ALLOW = 238360037
23:18:29.227 [main] INFO  com.cloudframe.app.process.Comput1.process   76 - ___________________________________
23:18:29.227 [main] INFO  com.cloudframe.app.process.Comput1.process   78 - 904 . WS-OOSU-SHARED-ALLOW = 811007095
23:18:29.227 [main] INFO  com.cloudframe.app.process.Comput1.process   90 - *KB* LK-RLU3A-TOT-DATA-PROMO-ALLOW = 39152036
23:18:29.227 [main] INFO  com.cloudframe.app.process.Comput1.process   92 - *KB* LK-RLU3A-ACCT-PLAN-DATA-ALLOW = 239152036
23:18:29.227 [main] INFO  com.cloudframe.app.process.Comput1.process  108 - *MB* LK-RLU3A-TOT-DATA-PROMO-ALLOW = 39152809
23:18:29.228 [main] INFO  com.cloudframe.app.process.Comput1.process  110 - *MB* LK-RLU3A-ACCT-PLAN-DATA-ALLOW = 239152809
23:18:29.228 [main] INFO  com.cloudframe.app.process.Comput1.process  124 - *GB* LK-RLU3A-TOT-DATA-PROMO-ALLOW = 39152809
23:18:29.228 [main] INFO  com.cloudframe.app.process.Comput1.process  126 - *GB* LK-RLU3A-ACCT-PLAN-DATA-ALLOW = 239152809
23:18:29.228 [main] INFO  com.cloudframe.app.process.Comput1.process   76 - ___________________________________
23:18:29.228 [main] INFO  com.cloudframe.app.process.Comput1.process   78 - 905 . WS-OOSU-SHARED-ALLOW = 812803343
23:18:29.228 [main] INFO  com.cloudframe.app.process.Comput1.process   90 - *KB* LK-RLU3A-TOT-DATA-PROMO-ALLOW = 39946562
23:18:29.228 [main] INFO  com.cloudframe.app.process.Comput1.process   92 - *KB* LK-RLU3A-ACCT-PLAN-DATA-ALLOW = 239946562
23:18:29.228 [main] INFO  com.cloudframe.app.process.Comput1.process  108 - *MB* LK-RLU3A-TOT-DATA-PROMO-ALLOW = 39947337
23:18:29.229 [main] INFO  com.cloudframe.app.process.Comput1.process  110 - *MB* LK-RLU3A-ACCT-PLAN-DATA-ALLOW = 239947337
23:18:29.229 [main] INFO  com.cloudframe.app.process.Comput1.process  124 - *GB* LK-RLU3A-TOT-DATA-PROMO-ALLOW = 39947337
23:18:29.229 [main] INFO  com.cloudframe.app.process.Comput1.process  126 - *GB* LK-RLU3A-ACCT-PLAN-DATA-ALLOW = 239947337
23:18:29.229 [main] INFO  com.cloudframe.app.process.Comput1.process   76 - ___________________________________
23:18:29.229 [main] INFO  com.cloudframe.app.process.Comput1.process   78 - 906 . WS-OOSU-SHARED-ALLOW = 814601578
23:18:29.229 [main] INFO  com.cloudframe.app.process.Comput1.process   90 - *KB* LK-RLU3A-TOT-DATA-PROMO-ALLOW = 40742846
23:18:29.229 [main] INFO  com.cloudframe.app.process.Comput1.process   92 - *KB* LK-RLU3A-ACCT-PLAN-DATA-ALLOW = 240742846
23:18:29.229 [main] INFO  com.cloudframe.app.process.Comput1.process  108 - *MB* LK-RLU3A-TOT-DATA-PROMO-ALLOW = 40743622
23:18:29.229 [main] INFO  com.cloudframe.app.process.Comput1.process  110 - *MB* LK-RLU3A-ACCT-PLAN-DATA-ALLOW = 240743622
23:18:29.229 [main] INFO  com.cloudframe.app.process.Comput1.process  124 - *GB* LK-RLU3A-TOT-DATA-PROMO-ALLOW = 40743622
23:18:29.230 [main] INFO  com.cloudframe.app.process.Comput1.process  126 - *GB* LK-RLU3A-ACCT-PLAN-DATA-ALLOW = 240743622
23:18:29.230 [main] INFO  com.cloudframe.app.process.Comput1.process   76 - ___________________________________
23:18:29.230 [main] INFO  com.cloudframe.app.process.Comput1.process   78 - 907 . WS-OOSU-SHARED-ALLOW = 816401800
23:18:29.230 [main] INFO  com.cloudframe.app.process.Comput1.process   90 - *KB* LK-RLU3A-TOT-DATA-PROMO-ALLOW = 41540889
23:18:29.230 [main] INFO  com.cloudframe.app.process.Comput1.process   92 - *KB* LK-RLU3A-ACCT-PLAN-DATA-ALLOW = 241540889
23:18:29.230 [main] INFO  com.cloudframe.app.process.Comput1.process  108 - *MB* LK-RLU3A-TOT-DATA-PROMO-ALLOW = 41541667
23:18:29.232 [main] INFO  com.cloudframe.app.process.Comput1.process  110 - *MB* LK-RLU3A-ACCT-PLAN-DATA-ALLOW = 241541667
23:18:29.233 [main] INFO  com.cloudframe.app.process.Comput1.process  124 - *GB* LK-RLU3A-TOT-DATA-PROMO-ALLOW = 41541667
23:18:29.233 [main] INFO  com.cloudframe.app.process.Comput1.process  126 - *GB* LK-RLU3A-ACCT-PLAN-DATA-ALLOW = 241541667
23:18:29.233 [main] INFO  com.cloudframe.app.process.Comput1.process   76 - ___________________________________
23:18:29.233 [main] INFO  com.cloudframe.app.process.Comput1.process   78 - 908 . WS-OOSU-SHARED-ALLOW = 818204009
23:18:29.233 [main] INFO  com.cloudframe.app.process.Comput1.process   90 - *KB* LK-RLU3A-TOT-DATA-PROMO-ALLOW = 42340694
23:18:29.233 [main] INFO  com.cloudframe.app.process.Comput1.process   92 - *KB* LK-RLU3A-ACCT-PLAN-DATA-ALLOW = 242340694
23:18:29.233 [main] INFO  com.cloudframe.app.process.Comput1.process  108 - *MB* LK-RLU3A-TOT-DATA-PROMO-ALLOW = 42341474
23:18:29.233 [main] INFO  com.cloudframe.app.process.Comput1.process  110 - *MB* LK-RLU3A-ACCT-PLAN-DATA-ALLOW = 242341474
23:18:29.233 [main] INFO  com.cloudframe.app.process.Comput1.process  124 - *GB* LK-RLU3A-TOT-DATA-PROMO-ALLOW = 42341474
23:18:29.233 [main] INFO  com.cloudframe.app.process.Comput1.process  126 - *GB* LK-RLU3A-ACCT-PLAN-DATA-ALLOW = 242341474
23:18:29.234 [main] INFO  com.cloudframe.app.process.Comput1.process   76 - ___________________________________
23:18:29.234 [main] INFO  com.cloudframe.app.process.Comput1.process   78 - 909 . WS-OOSU-SHARED-ALLOW = 820008205
23:18:29.234 [main] INFO  com.cloudframe.app.process.Comput1.process   90 - *KB* LK-RLU3A-TOT-DATA-PROMO-ALLOW = 43142263
23:18:29.234 [main] INFO  com.cloudframe.app.process.Comput1.process   92 - *KB* LK-RLU3A-ACCT-PLAN-DATA-ALLOW = 243142263
23:18:29.234 [main] INFO  com.cloudframe.app.process.Comput1.process  108 - *MB* LK-RLU3A-TOT-DATA-PROMO-ALLOW = 43143045
23:18:29.234 [main] INFO  com.cloudframe.app.process.Comput1.process  110 - *MB* LK-RLU3A-ACCT-PLAN-DATA-ALLOW = 243143045
23:18:29.234 [main] INFO  com.cloudframe.app.process.Comput1.process  124 - *GB* LK-RLU3A-TOT-DATA-PROMO-ALLOW = 43143045
23:18:29.234 [main] INFO  com.cloudframe.app.process.Comput1.process  126 - *GB* LK-RLU3A-ACCT-PLAN-DATA-ALLOW = 243143045
23:18:29.234 [main] INFO  com.cloudframe.app.process.Comput1.process   76 - ___________________________________
23:18:29.234 [main] INFO  com.cloudframe.app.process.Comput1.process   78 - 910 . WS-OOSU-SHARED-ALLOW = 821814388
23:18:29.234 [main] INFO  com.cloudframe.app.process.Comput1.process   90 - *KB* LK-RLU3A-TOT-DATA-PROMO-ALLOW = 43945598
23:18:29.235 [main] INFO  com.cloudframe.app.process.Comput1.process   92 - *KB* LK-RLU3A-ACCT-PLAN-DATA-ALLOW = 243945598
23:18:29.235 [main] INFO  com.cloudframe.app.process.Comput1.process  108 - *MB* LK-RLU3A-TOT-DATA-PROMO-ALLOW = 43946381
23:18:29.235 [main] INFO  com.cloudframe.app.process.Comput1.process  110 - *MB* LK-RLU3A-ACCT-PLAN-DATA-ALLOW = 243946381
23:18:29.235 [main] INFO  com.cloudframe.app.process.Comput1.process  124 - *GB* LK-RLU3A-TOT-DATA-PROMO-ALLOW = 43946381
23:18:29.235 [main] INFO  com.cloudframe.app.process.Comput1.process  126 - *GB* LK-RLU3A-ACCT-PLAN-DATA-ALLOW = 243946381
23:18:29.235 [main] INFO  com.cloudframe.app.process.Comput1.process   76 - ___________________________________
23:18:29.235 [main] INFO  com.cloudframe.app.process.Comput1.process   78 - 911 . WS-OOSU-SHARED-ALLOW = 823622558
23:18:29.235 [main] INFO  com.cloudframe.app.process.Comput1.process   90 - *KB* LK-RLU3A-TOT-DATA-PROMO-ALLOW = 44750699
23:18:29.235 [main] INFO  com.cloudframe.app.process.Comput1.process   92 - *KB* LK-RLU3A-ACCT-PLAN-DATA-ALLOW = 244750699
23:18:29.235 [main] INFO  com.cloudframe.app.process.Comput1.process  108 - *MB* LK-RLU3A-TOT-DATA-PROMO-ALLOW = 44751484
23:18:29.235 [main] INFO  com.cloudframe.app.process.Comput1.process  110 - *MB* LK-RLU3A-ACCT-PLAN-DATA-ALLOW = 244751484
23:18:29.236 [main] INFO  com.cloudframe.app.process.Comput1.process  124 - *GB* LK-RLU3A-TOT-DATA-PROMO-ALLOW = 44751484
23:18:29.236 [main] INFO  com.cloudframe.app.process.Comput1.process  126 - *GB* LK-RLU3A-ACCT-PLAN-DATA-ALLOW = 244751484
23:18:29.236 [main] INFO  com.cloudframe.app.process.Comput1.process   76 - ___________________________________
23:18:29.236 [main] INFO  com.cloudframe.app.process.Comput1.process   78 - 912 . WS-OOSU-SHARED-ALLOW = 825432715
23:18:29.236 [main] INFO  com.cloudframe.app.process.Comput1.process   90 - *KB* LK-RLU3A-TOT-DATA-PROMO-ALLOW = 45557570
23:18:29.236 [main] INFO  com.cloudframe.app.process.Comput1.process   92 - *KB* LK-RLU3A-ACCT-PLAN-DATA-ALLOW = 245557570
23:18:29.236 [main] INFO  com.cloudframe.app.process.Comput1.process  108 - *MB* LK-RLU3A-TOT-DATA-PROMO-ALLOW = 45558357
23:18:29.236 [main] INFO  com.cloudframe.app.process.Comput1.process  110 - *MB* LK-RLU3A-ACCT-PLAN-DATA-ALLOW = 245558357
23:18:29.236 [main] INFO  com.cloudframe.app.process.Comput1.process  124 - *GB* LK-RLU3A-TOT-DATA-PROMO-ALLOW = 45558357
23:18:29.236 [main] INFO  com.cloudframe.app.process.Comput1.process  126 - *GB* LK-RLU3A-ACCT-PLAN-DATA-ALLOW = 245558357
23:18:29.237 [main] INFO  com.cloudframe.app.process.Comput1.process   76 - ___________________________________
23:18:29.237 [main] INFO  com.cloudframe.app.process.Comput1.process   78 - 913 . WS-OOSU-SHARED-ALLOW = 827244859
23:18:29.237 [main] INFO  com.cloudframe.app.process.Comput1.process   90 - *KB* LK-RLU3A-TOT-DATA-PROMO-ALLOW = 46366213
23:18:29.237 [main] INFO  com.cloudframe.app.process.Comput1.process   92 - *KB* LK-RLU3A-ACCT-PLAN-DATA-ALLOW = 246366213
23:18:29.237 [main] INFO  com.cloudframe.app.process.Comput1.process  108 - *MB* LK-RLU3A-TOT-DATA-PROMO-ALLOW = 46367001
23:18:29.237 [main] INFO  com.cloudframe.app.process.Comput1.process  110 - *MB* LK-RLU3A-ACCT-PLAN-DATA-ALLOW = 246367001
23:18:29.237 [main] INFO  com.cloudframe.app.process.Comput1.process  124 - *GB* LK-RLU3A-TOT-DATA-PROMO-ALLOW = 46367001
23:18:29.237 [main] INFO  com.cloudframe.app.process.Comput1.process  126 - *GB* LK-RLU3A-ACCT-PLAN-DATA-ALLOW = 246367001
23:18:29.237 [main] INFO  com.cloudframe.app.process.Comput1.process   76 - ___________________________________
23:18:29.237 [main] INFO  com.cloudframe.app.process.Comput1.process   78 - 914 . WS-OOSU-SHARED-ALLOW = 829058990
23:18:29.237 [main] INFO  com.cloudframe.app.process.Comput1.process   90 - *KB* LK-RLU3A-TOT-DATA-PROMO-ALLOW = 47176628
23:18:29.238 [main] INFO  com.cloudframe.app.process.Comput1.process   92 - *KB* LK-RLU3A-ACCT-PLAN-DATA-ALLOW = 247176628
23:18:29.238 [main] INFO  com.cloudframe.app.process.Comput1.process  108 - *MB* LK-RLU3A-TOT-DATA-PROMO-ALLOW = 47177418
23:18:29.238 [main] INFO  com.cloudframe.app.process.Comput1.process  110 - *MB* LK-RLU3A-ACCT-PLAN-DATA-ALLOW = 247177418
23:18:29.238 [main] INFO  com.cloudframe.app.process.Comput1.process  124 - *GB* LK-RLU3A-TOT-DATA-PROMO-ALLOW = 47177418
23:18:29.238 [main] INFO  com.cloudframe.app.process.Comput1.process  126 - *GB* LK-RLU3A-ACCT-PLAN-DATA-ALLOW = 247177418
23:18:29.238 [main] INFO  com.cloudframe.app.process.Comput1.process   76 - ___________________________________
23:18:29.238 [main] INFO  com.cloudframe.app.process.Comput1.process   78 - 915 . WS-OOSU-SHARED-ALLOW = 830875108
23:18:29.238 [main] INFO  com.cloudframe.app.process.Comput1.process   90 - *KB* LK-RLU3A-TOT-DATA-PROMO-ALLOW = 47988819
23:18:29.238 [main] INFO  com.cloudframe.app.process.Comput1.process   92 - *KB* LK-RLU3A-ACCT-PLAN-DATA-ALLOW = 247988819
23:18:29.239 [main] INFO  com.cloudframe.app.process.Comput1.process  108 - *MB* LK-RLU3A-TOT-DATA-PROMO-ALLOW = 47989611
23:18:29.239 [main] INFO  com.cloudframe.app.process.Comput1.process  110 - *MB* LK-RLU3A-ACCT-PLAN-DATA-ALLOW = 247989611
23:18:29.239 [main] INFO  com.cloudframe.app.process.Comput1.process  124 - *GB* LK-RLU3A-TOT-DATA-PROMO-ALLOW = 47989611
23:18:29.239 [main] INFO  com.cloudframe.app.process.Comput1.process  126 - *GB* LK-RLU3A-ACCT-PLAN-DATA-ALLOW = 247989611
23:18:29.239 [main] INFO  com.cloudframe.app.process.Comput1.process   76 - ___________________________________
23:18:29.239 [main] INFO  com.cloudframe.app.process.Comput1.process   78 - 916 . WS-OOSU-SHARED-ALLOW = 832693213
23:18:29.239 [main] INFO  com.cloudframe.app.process.Comput1.process   90 - *KB* LK-RLU3A-TOT-DATA-PROMO-ALLOW = 48802787
23:18:29.239 [main] INFO  com.cloudframe.app.process.Comput1.process   92 - *KB* LK-RLU3A-ACCT-PLAN-DATA-ALLOW = 248802787
23:18:29.239 [main] INFO  com.cloudframe.app.process.Comput1.process  108 - *MB* LK-RLU3A-TOT-DATA-PROMO-ALLOW = 48803581
23:18:29.239 [main] INFO  com.cloudframe.app.process.Comput1.process  110 - *MB* LK-RLU3A-ACCT-PLAN-DATA-ALLOW = 248803581
23:18:29.239 [main] INFO  com.cloudframe.app.process.Comput1.process  124 - *GB* LK-RLU3A-TOT-DATA-PROMO-ALLOW = 48803581
23:18:29.240 [main] INFO  com.cloudframe.app.process.Comput1.process  126 - *GB* LK-RLU3A-ACCT-PLAN-DATA-ALLOW = 248803581
23:18:29.240 [main] INFO  com.cloudframe.app.process.Comput1.process   76 - ___________________________________
23:18:29.240 [main] INFO  com.cloudframe.app.process.Comput1.process   78 - 917 . WS-OOSU-SHARED-ALLOW = 834513305
23:18:29.240 [main] INFO  com.cloudframe.app.process.Comput1.process   90 - *KB* LK-RLU3A-TOT-DATA-PROMO-ALLOW = 49618535
23:18:29.240 [main] INFO  com.cloudframe.app.process.Comput1.process   92 - *KB* LK-RLU3A-ACCT-PLAN-DATA-ALLOW = 249618535
23:18:29.240 [main] INFO  com.cloudframe.app.process.Comput1.process  108 - *MB* LK-RLU3A-TOT-DATA-PROMO-ALLOW = 49619330
23:18:29.240 [main] INFO  com.cloudframe.app.process.Comput1.process  110 - *MB* LK-RLU3A-ACCT-PLAN-DATA-ALLOW = 249619330
23:18:29.240 [main] INFO  com.cloudframe.app.process.Comput1.process  124 - *GB* LK-RLU3A-TOT-DATA-PROMO-ALLOW = 49619330
23:18:29.240 [main] INFO  com.cloudframe.app.process.Comput1.process  126 - *GB* LK-RLU3A-ACCT-PLAN-DATA-ALLOW = 249619330
23:18:29.241 [main] INFO  com.cloudframe.app.process.Comput1.process   76 - ___________________________________
23:18:29.241 [main] INFO  com.cloudframe.app.process.Comput1.process   78 - 918 . WS-OOSU-SHARED-ALLOW = 836335384
23:18:29.241 [main] INFO  com.cloudframe.app.process.Comput1.process   90 - *KB* LK-RLU3A-TOT-DATA-PROMO-ALLOW = 50436063
23:18:29.241 [main] INFO  com.cloudframe.app.process.Comput1.process   92 - *KB* LK-RLU3A-ACCT-PLAN-DATA-ALLOW = 250436063
23:18:29.241 [main] INFO  com.cloudframe.app.process.Comput1.process  108 - *MB* LK-RLU3A-TOT-DATA-PROMO-ALLOW = 50436860
23:18:29.241 [main] INFO  com.cloudframe.app.process.Comput1.process  110 - *MB* LK-RLU3A-ACCT-PLAN-DATA-ALLOW = 250436860
23:18:29.241 [main] INFO  com.cloudframe.app.process.Comput1.process  124 - *GB* LK-RLU3A-TOT-DATA-PROMO-ALLOW = 50436860
23:18:29.241 [main] INFO  com.cloudframe.app.process.Comput1.process  126 - *GB* LK-RLU3A-ACCT-PLAN-DATA-ALLOW = 250436860
23:18:29.241 [main] INFO  com.cloudframe.app.process.Comput1.process   76 - ___________________________________
23:18:29.241 [main] INFO  com.cloudframe.app.process.Comput1.process   78 - 919 . WS-OOSU-SHARED-ALLOW = 838159450
23:18:29.242 [main] INFO  com.cloudframe.app.process.Comput1.process   90 - *KB* LK-RLU3A-TOT-DATA-PROMO-ALLOW = 51255375
23:18:29.242 [main] INFO  com.cloudframe.app.process.Comput1.process   92 - *KB* LK-RLU3A-ACCT-PLAN-DATA-ALLOW = 251255375
23:18:29.242 [main] INFO  com.cloudframe.app.process.Comput1.process  108 - *MB* LK-RLU3A-TOT-DATA-PROMO-ALLOW = 51256174
23:18:29.242 [main] INFO  com.cloudframe.app.process.Comput1.process  110 - *MB* LK-RLU3A-ACCT-PLAN-DATA-ALLOW = 251256174
23:18:29.242 [main] INFO  com.cloudframe.app.process.Comput1.process  124 - *GB* LK-RLU3A-TOT-DATA-PROMO-ALLOW = 51256174
23:18:29.242 [main] INFO  com.cloudframe.app.process.Comput1.process  126 - *GB* LK-RLU3A-ACCT-PLAN-DATA-ALLOW = 251256174
23:18:29.242 [main] INFO  com.cloudframe.app.process.Comput1.process   76 - ___________________________________
23:18:29.242 [main] INFO  com.cloudframe.app.process.Comput1.process   78 - 920 . WS-OOSU-SHARED-ALLOW = 839985503
23:18:29.242 [main] INFO  com.cloudframe.app.process.Comput1.process   90 - *KB* LK-RLU3A-TOT-DATA-PROMO-ALLOW = 52076472
23:18:29.242 [main] INFO  com.cloudframe.app.process.Comput1.process   92 - *KB* LK-RLU3A-ACCT-PLAN-DATA-ALLOW = 252076472
23:18:29.243 [main] INFO  com.cloudframe.app.process.Comput1.process  108 - *MB* LK-RLU3A-TOT-DATA-PROMO-ALLOW = 52077273
23:18:29.243 [main] INFO  com.cloudframe.app.process.Comput1.process  110 - *MB* LK-RLU3A-ACCT-PLAN-DATA-ALLOW = 252077273
23:18:29.243 [main] INFO  com.cloudframe.app.process.Comput1.process  124 - *GB* LK-RLU3A-TOT-DATA-PROMO-ALLOW = 52077273
23:18:29.243 [main] INFO  com.cloudframe.app.process.Comput1.process  126 - *GB* LK-RLU3A-ACCT-PLAN-DATA-ALLOW = 252077273
23:18:29.243 [main] INFO  com.cloudframe.app.process.Comput1.process   76 - ___________________________________
23:18:29.243 [main] INFO  com.cloudframe.app.process.Comput1.process   78 - 921 . WS-OOSU-SHARED-ALLOW = 841813543
23:18:29.243 [main] INFO  com.cloudframe.app.process.Comput1.process   90 - *KB* LK-RLU3A-TOT-DATA-PROMO-ALLOW = 52899356
23:18:29.243 [main] INFO  com.cloudframe.app.process.Comput1.process   92 - *KB* LK-RLU3A-ACCT-PLAN-DATA-ALLOW = 252899356
23:18:29.243 [main] INFO  com.cloudframe.app.process.Comput1.process  108 - *MB* LK-RLU3A-TOT-DATA-PROMO-ALLOW = 52900158
23:18:29.243 [main] INFO  com.cloudframe.app.process.Comput1.process  110 - *MB* LK-RLU3A-ACCT-PLAN-DATA-ALLOW = 252900158
23:18:29.244 [main] INFO  com.cloudframe.app.process.Comput1.process  124 - *GB* LK-RLU3A-TOT-DATA-PROMO-ALLOW = 52900158
23:18:29.244 [main] INFO  com.cloudframe.app.process.Comput1.process  126 - *GB* LK-RLU3A-ACCT-PLAN-DATA-ALLOW = 252900158
23:18:29.244 [main] INFO  com.cloudframe.app.process.Comput1.process   76 - ___________________________________
23:18:29.244 [main] INFO  com.cloudframe.app.process.Comput1.process   78 - 922 . WS-OOSU-SHARED-ALLOW = 843643570
23:18:29.244 [main] INFO  com.cloudframe.app.process.Comput1.process   90 - *KB* LK-RLU3A-TOT-DATA-PROMO-ALLOW = 53724028
23:18:29.244 [main] INFO  com.cloudframe.app.process.Comput1.process   92 - *KB* LK-RLU3A-ACCT-PLAN-DATA-ALLOW = 253724028
23:18:29.244 [main] INFO  com.cloudframe.app.process.Comput1.process  108 - *MB* LK-RLU3A-TOT-DATA-PROMO-ALLOW = 53724832
23:18:29.244 [main] INFO  com.cloudframe.app.process.Comput1.process  110 - *MB* LK-RLU3A-ACCT-PLAN-DATA-ALLOW = 253724832
23:18:29.244 [main] INFO  com.cloudframe.app.process.Comput1.process  124 - *GB* LK-RLU3A-TOT-DATA-PROMO-ALLOW = 53724832
23:18:29.244 [main] INFO  com.cloudframe.app.process.Comput1.process  126 - *GB* LK-RLU3A-ACCT-PLAN-DATA-ALLOW = 253724832
23:18:29.244 [main] INFO  com.cloudframe.app.process.Comput1.process   76 - ___________________________________
23:18:29.245 [main] INFO  com.cloudframe.app.process.Comput1.process   78 - 923 . WS-OOSU-SHARED-ALLOW = 845475584
23:18:29.245 [main] INFO  com.cloudframe.app.process.Comput1.process   90 - *KB* LK-RLU3A-TOT-DATA-PROMO-ALLOW = 54550491
23:18:29.245 [main] INFO  com.cloudframe.app.process.Comput1.process   92 - *KB* LK-RLU3A-ACCT-PLAN-DATA-ALLOW = 254550491
23:18:29.245 [main] INFO  com.cloudframe.app.process.Comput1.process  108 - *MB* LK-RLU3A-TOT-DATA-PROMO-ALLOW = 54551297
23:18:29.245 [main] INFO  com.cloudframe.app.process.Comput1.process  110 - *MB* LK-RLU3A-ACCT-PLAN-DATA-ALLOW = 254551297
23:18:29.245 [main] INFO  com.cloudframe.app.process.Comput1.process  124 - *GB* LK-RLU3A-TOT-DATA-PROMO-ALLOW = 54551297
23:18:29.245 [main] INFO  com.cloudframe.app.process.Comput1.process  126 - *GB* LK-RLU3A-ACCT-PLAN-DATA-ALLOW = 254551297
23:18:29.245 [main] INFO  com.cloudframe.app.process.Comput1.process   76 - ___________________________________
23:18:29.245 [main] INFO  com.cloudframe.app.process.Comput1.process   78 - 924 . WS-OOSU-SHARED-ALLOW = 847309585
23:18:29.245 [main] INFO  com.cloudframe.app.process.Comput1.process   90 - *KB* LK-RLU3A-TOT-DATA-PROMO-ALLOW = 55378747
23:18:29.245 [main] INFO  com.cloudframe.app.process.Comput1.process   92 - *KB* LK-RLU3A-ACCT-PLAN-DATA-ALLOW = 255378747
23:18:29.246 [main] INFO  com.cloudframe.app.process.Comput1.process  108 - *MB* LK-RLU3A-TOT-DATA-PROMO-ALLOW = 55379555
23:18:29.246 [main] INFO  com.cloudframe.app.process.Comput1.process  110 - *MB* LK-RLU3A-ACCT-PLAN-DATA-ALLOW = 255379555
23:18:29.246 [main] INFO  com.cloudframe.app.process.Comput1.process  124 - *GB* LK-RLU3A-TOT-DATA-PROMO-ALLOW = 55379555
23:18:29.246 [main] INFO  com.cloudframe.app.process.Comput1.process  126 - *GB* LK-RLU3A-ACCT-PLAN-DATA-ALLOW = 255379555
23:18:29.249 [main] INFO  com.cloudframe.app.process.Comput1.process   76 - ___________________________________
23:18:29.250 [main] INFO  com.cloudframe.app.process.Comput1.process   78 - 925 . WS-OOSU-SHARED-ALLOW = 849145573
23:18:29.250 [main] INFO  com.cloudframe.app.process.Comput1.process   90 - *KB* LK-RLU3A-TOT-DATA-PROMO-ALLOW = 56208798
23:18:29.251 [main] INFO  com.cloudframe.app.process.Comput1.process   92 - *KB* LK-RLU3A-ACCT-PLAN-DATA-ALLOW = 256208798
23:18:29.251 [main] INFO  com.cloudframe.app.process.Comput1.process  108 - *MB* LK-RLU3A-TOT-DATA-PROMO-ALLOW = 56209607
23:18:29.251 [main] INFO  com.cloudframe.app.process.Comput1.process  110 - *MB* LK-RLU3A-ACCT-PLAN-DATA-ALLOW = 256209607
23:18:29.251 [main] INFO  com.cloudframe.app.process.Comput1.process  124 - *GB* LK-RLU3A-TOT-DATA-PROMO-ALLOW = 56209607
23:18:29.251 [main] INFO  com.cloudframe.app.process.Comput1.process  126 - *GB* LK-RLU3A-ACCT-PLAN-DATA-ALLOW = 256209607
23:18:29.251 [main] INFO  com.cloudframe.app.process.Comput1.process   76 - ___________________________________
23:18:29.251 [main] INFO  com.cloudframe.app.process.Comput1.process   78 - 926 . WS-OOSU-SHARED-ALLOW = 850983548
23:18:29.251 [main] INFO  com.cloudframe.app.process.Comput1.process   90 - *KB* LK-RLU3A-TOT-DATA-PROMO-ALLOW = 57040645
23:18:29.251 [main] INFO  com.cloudframe.app.process.Comput1.process   92 - *KB* LK-RLU3A-ACCT-PLAN-DATA-ALLOW = 257040645
23:18:29.252 [main] INFO  com.cloudframe.app.process.Comput1.process  108 - *MB* LK-RLU3A-TOT-DATA-PROMO-ALLOW = 57041456
23:18:29.252 [main] INFO  com.cloudframe.app.process.Comput1.process  110 - *MB* LK-RLU3A-ACCT-PLAN-DATA-ALLOW = 257041456
23:18:29.252 [main] INFO  com.cloudframe.app.process.Comput1.process  124 - *GB* LK-RLU3A-TOT-DATA-PROMO-ALLOW = 57041456
23:18:29.252 [main] INFO  com.cloudframe.app.process.Comput1.process  126 - *GB* LK-RLU3A-ACCT-PLAN-DATA-ALLOW = 257041456
23:18:29.252 [main] INFO  com.cloudframe.app.process.Comput1.process   76 - ___________________________________
23:18:29.252 [main] INFO  com.cloudframe.app.process.Comput1.process   78 - 927 . WS-OOSU-SHARED-ALLOW = 852823510
23:18:29.252 [main] INFO  com.cloudframe.app.process.Comput1.process   90 - *KB* LK-RLU3A-TOT-DATA-PROMO-ALLOW = 57874291
23:18:29.252 [main] INFO  com.cloudframe.app.process.Comput1.process   92 - *KB* LK-RLU3A-ACCT-PLAN-DATA-ALLOW = 257874291
23:18:29.252 [main] INFO  com.cloudframe.app.process.Comput1.process  108 - *MB* LK-RLU3A-TOT-DATA-PROMO-ALLOW = 57875104
23:18:29.253 [main] INFO  com.cloudframe.app.process.Comput1.process  110 - *MB* LK-RLU3A-ACCT-PLAN-DATA-ALLOW = 257875104
23:18:29.253 [main] INFO  com.cloudframe.app.process.Comput1.process  124 - *GB* LK-RLU3A-TOT-DATA-PROMO-ALLOW = 57875104
23:18:29.253 [main] INFO  com.cloudframe.app.process.Comput1.process  126 - *GB* LK-RLU3A-ACCT-PLAN-DATA-ALLOW = 257875104
23:18:29.253 [main] INFO  com.cloudframe.app.process.Comput1.process   76 - ___________________________________
23:18:29.253 [main] INFO  com.cloudframe.app.process.Comput1.process   78 - 928 . WS-OOSU-SHARED-ALLOW = 854665459
23:18:29.253 [main] INFO  com.cloudframe.app.process.Comput1.process   90 - *KB* LK-RLU3A-TOT-DATA-PROMO-ALLOW = 58709738
23:18:29.253 [main] INFO  com.cloudframe.app.process.Comput1.process   92 - *KB* LK-RLU3A-ACCT-PLAN-DATA-ALLOW = 258709738
23:18:29.253 [main] INFO  com.cloudframe.app.process.Comput1.process  108 - *MB* LK-RLU3A-TOT-DATA-PROMO-ALLOW = 58710553
23:18:29.253 [main] INFO  com.cloudframe.app.process.Comput1.process  110 - *MB* LK-RLU3A-ACCT-PLAN-DATA-ALLOW = 258710553
23:18:29.254 [main] INFO  com.cloudframe.app.process.Comput1.process  124 - *GB* LK-RLU3A-TOT-DATA-PROMO-ALLOW = 58710553
23:18:29.254 [main] INFO  com.cloudframe.app.process.Comput1.process  126 - *GB* LK-RLU3A-ACCT-PLAN-DATA-ALLOW = 258710553
23:18:29.254 [main] INFO  com.cloudframe.app.process.Comput1.process   76 - ___________________________________
23:18:29.254 [main] INFO  com.cloudframe.app.process.Comput1.process   78 - 929 . WS-OOSU-SHARED-ALLOW = 856509395
23:18:29.254 [main] INFO  com.cloudframe.app.process.Comput1.process   90 - *KB* LK-RLU3A-TOT-DATA-PROMO-ALLOW = 59546987
23:18:29.254 [main] INFO  com.cloudframe.app.process.Comput1.process   92 - *KB* LK-RLU3A-ACCT-PLAN-DATA-ALLOW = 259546987
23:18:29.254 [main] INFO  com.cloudframe.app.process.Comput1.process  108 - *MB* LK-RLU3A-TOT-DATA-PROMO-ALLOW = 59547803
23:18:29.254 [main] INFO  com.cloudframe.app.process.Comput1.process  110 - *MB* LK-RLU3A-ACCT-PLAN-DATA-ALLOW = 259547803
23:18:29.254 [main] INFO  com.cloudframe.app.process.Comput1.process  124 - *GB* LK-RLU3A-TOT-DATA-PROMO-ALLOW = 59547803
23:18:29.254 [main] INFO  com.cloudframe.app.process.Comput1.process  126 - *GB* LK-RLU3A-ACCT-PLAN-DATA-ALLOW = 259547803
23:18:29.255 [main] INFO  com.cloudframe.app.process.Comput1.process   76 - ___________________________________
23:18:29.255 [main] INFO  com.cloudframe.app.process.Comput1.process   78 - 930 . WS-OOSU-SHARED-ALLOW = 858355318
23:18:29.255 [main] INFO  com.cloudframe.app.process.Comput1.process   90 - *KB* LK-RLU3A-TOT-DATA-PROMO-ALLOW = 60386040
23:18:29.255 [main] INFO  com.cloudframe.app.process.Comput1.process   92 - *KB* LK-RLU3A-ACCT-PLAN-DATA-ALLOW = 260386040
23:18:29.255 [main] INFO  com.cloudframe.app.process.Comput1.process  108 - *MB* LK-RLU3A-TOT-DATA-PROMO-ALLOW = 60386858
23:18:29.255 [main] INFO  com.cloudframe.app.process.Comput1.process  110 - *MB* LK-RLU3A-ACCT-PLAN-DATA-ALLOW = 260386858
23:18:29.255 [main] INFO  com.cloudframe.app.process.Comput1.process  124 - *GB* LK-RLU3A-TOT-DATA-PROMO-ALLOW = 60386858
23:18:29.255 [main] INFO  com.cloudframe.app.process.Comput1.process  126 - *GB* LK-RLU3A-ACCT-PLAN-DATA-ALLOW = 260386858
23:18:29.255 [main] INFO  com.cloudframe.app.process.Comput1.process   76 - ___________________________________
23:18:29.255 [main] INFO  com.cloudframe.app.process.Comput1.process   78 - 931 . WS-OOSU-SHARED-ALLOW = 860203228
23:18:29.256 [main] INFO  com.cloudframe.app.process.Comput1.process   90 - *KB* LK-RLU3A-TOT-DATA-PROMO-ALLOW = 61226900
23:18:29.256 [main] INFO  com.cloudframe.app.process.Comput1.process   92 - *KB* LK-RLU3A-ACCT-PLAN-DATA-ALLOW = 261226900
23:18:29.256 [main] INFO  com.cloudframe.app.process.Comput1.process  108 - *MB* LK-RLU3A-TOT-DATA-PROMO-ALLOW = 61227720
23:18:29.256 [main] INFO  com.cloudframe.app.process.Comput1.process  110 - *MB* LK-RLU3A-ACCT-PLAN-DATA-ALLOW = 261227720
23:18:29.256 [main] INFO  com.cloudframe.app.process.Comput1.process  124 - *GB* LK-RLU3A-TOT-DATA-PROMO-ALLOW = 61227720
23:18:29.256 [main] INFO  com.cloudframe.app.process.Comput1.process  126 - *GB* LK-RLU3A-ACCT-PLAN-DATA-ALLOW = 261227720
23:18:29.256 [main] INFO  com.cloudframe.app.process.Comput1.process   76 - ___________________________________
23:18:29.256 [main] INFO  com.cloudframe.app.process.Comput1.process   78 - 932 . WS-OOSU-SHARED-ALLOW = 862053125
23:18:29.256 [main] INFO  com.cloudframe.app.process.Comput1.process   90 - *KB* LK-RLU3A-TOT-DATA-PROMO-ALLOW = 62069568
23:18:29.257 [main] INFO  com.cloudframe.app.process.Comput1.process   92 - *KB* LK-RLU3A-ACCT-PLAN-DATA-ALLOW = 262069568
23:18:29.257 [main] INFO  com.cloudframe.app.process.Comput1.process  108 - *MB* LK-RLU3A-TOT-DATA-PROMO-ALLOW = 62070390
23:18:29.257 [main] INFO  com.cloudframe.app.process.Comput1.process  110 - *MB* LK-RLU3A-ACCT-PLAN-DATA-ALLOW = 262070390
23:18:29.257 [main] INFO  com.cloudframe.app.process.Comput1.process  124 - *GB* LK-RLU3A-TOT-DATA-PROMO-ALLOW = 62070390
23:18:29.257 [main] INFO  com.cloudframe.app.process.Comput1.process  126 - *GB* LK-RLU3A-ACCT-PLAN-DATA-ALLOW = 262070390
23:18:29.257 [main] INFO  com.cloudframe.app.process.Comput1.process   76 - ___________________________________
23:18:29.257 [main] INFO  com.cloudframe.app.process.Comput1.process   78 - 933 . WS-OOSU-SHARED-ALLOW = 863905009
23:18:29.257 [main] INFO  com.cloudframe.app.process.Comput1.process   90 - *KB* LK-RLU3A-TOT-DATA-PROMO-ALLOW = 62914047
23:18:29.257 [main] INFO  com.cloudframe.app.process.Comput1.process   92 - *KB* LK-RLU3A-ACCT-PLAN-DATA-ALLOW = 262914047
23:18:29.258 [main] INFO  com.cloudframe.app.process.Comput1.process  108 - *MB* LK-RLU3A-TOT-DATA-PROMO-ALLOW = 62914870
23:18:29.258 [main] INFO  com.cloudframe.app.process.Comput1.process  110 - *MB* LK-RLU3A-ACCT-PLAN-DATA-ALLOW = 262914870
23:18:29.258 [main] INFO  com.cloudframe.app.process.Comput1.process  124 - *GB* LK-RLU3A-TOT-DATA-PROMO-ALLOW = 62914870
23:18:29.258 [main] INFO  com.cloudframe.app.process.Comput1.process  126 - *GB* LK-RLU3A-ACCT-PLAN-DATA-ALLOW = 262914870
23:18:29.258 [main] INFO  com.cloudframe.app.process.Comput1.process   76 - ___________________________________
23:18:29.258 [main] INFO  com.cloudframe.app.process.Comput1.process   78 - 934 . WS-OOSU-SHARED-ALLOW = 865758880
23:18:29.258 [main] INFO  com.cloudframe.app.process.Comput1.process   90 - *KB* LK-RLU3A-TOT-DATA-PROMO-ALLOW = 63760337
23:18:29.258 [main] INFO  com.cloudframe.app.process.Comput1.process   92 - *KB* LK-RLU3A-ACCT-PLAN-DATA-ALLOW = 263760337
23:18:29.258 [main] INFO  com.cloudframe.app.process.Comput1.process  108 - *MB* LK-RLU3A-TOT-DATA-PROMO-ALLOW = 63761162
23:18:29.259 [main] INFO  com.cloudframe.app.process.Comput1.process  110 - *MB* LK-RLU3A-ACCT-PLAN-DATA-ALLOW = 263761162
23:18:29.259 [main] INFO  com.cloudframe.app.process.Comput1.process  124 - *GB* LK-RLU3A-TOT-DATA-PROMO-ALLOW = 63761162
23:18:29.259 [main] INFO  com.cloudframe.app.process.Comput1.process  126 - *GB* LK-RLU3A-ACCT-PLAN-DATA-ALLOW = 263761162
23:18:29.259 [main] INFO  com.cloudframe.app.process.Comput1.process   76 - ___________________________________
23:18:29.259 [main] INFO  com.cloudframe.app.process.Comput1.process   78 - 935 . WS-OOSU-SHARED-ALLOW = 867614738
23:18:29.259 [main] INFO  com.cloudframe.app.process.Comput1.process   90 - *KB* LK-RLU3A-TOT-DATA-PROMO-ALLOW = 64608442
23:18:29.259 [main] INFO  com.cloudframe.app.process.Comput1.process   92 - *KB* LK-RLU3A-ACCT-PLAN-DATA-ALLOW = 264608442
23:18:29.259 [main] INFO  com.cloudframe.app.process.Comput1.process  108 - *MB* LK-RLU3A-TOT-DATA-PROMO-ALLOW = 64609269
23:18:29.259 [main] INFO  com.cloudframe.app.process.Comput1.process  110 - *MB* LK-RLU3A-ACCT-PLAN-DATA-ALLOW = 264609269
23:18:29.260 [main] INFO  com.cloudframe.app.process.Comput1.process  124 - *GB* LK-RLU3A-TOT-DATA-PROMO-ALLOW = 64609269
23:18:29.260 [main] INFO  com.cloudframe.app.process.Comput1.process  126 - *GB* LK-RLU3A-ACCT-PLAN-DATA-ALLOW = 264609269
23:18:29.260 [main] INFO  com.cloudframe.app.process.Comput1.process   76 - ___________________________________
23:18:29.260 [main] INFO  com.cloudframe.app.process.Comput1.process   78 - 936 . WS-OOSU-SHARED-ALLOW = 869472583
23:18:29.260 [main] INFO  com.cloudframe.app.process.Comput1.process   90 - *KB* LK-RLU3A-TOT-DATA-PROMO-ALLOW = 65458363
23:18:29.260 [main] INFO  com.cloudframe.app.process.Comput1.process   92 - *KB* LK-RLU3A-ACCT-PLAN-DATA-ALLOW = 265458363
23:18:29.260 [main] INFO  com.cloudframe.app.process.Comput1.process  108 - *MB* LK-RLU3A-TOT-DATA-PROMO-ALLOW = 65459192
23:18:29.260 [main] INFO  com.cloudframe.app.process.Comput1.process  110 - *MB* LK-RLU3A-ACCT-PLAN-DATA-ALLOW = 265459192
23:18:29.260 [main] INFO  com.cloudframe.app.process.Comput1.process  124 - *GB* LK-RLU3A-TOT-DATA-PROMO-ALLOW = 65459192
23:18:29.260 [main] INFO  com.cloudframe.app.process.Comput1.process  126 - *GB* LK-RLU3A-ACCT-PLAN-DATA-ALLOW = 265459192
23:18:29.261 [main] INFO  com.cloudframe.app.process.Comput1.process   76 - ___________________________________
23:18:29.261 [main] INFO  com.cloudframe.app.process.Comput1.process   78 - 937 . WS-OOSU-SHARED-ALLOW = 871332415
23:18:29.261 [main] INFO  com.cloudframe.app.process.Comput1.process   90 - *KB* LK-RLU3A-TOT-DATA-PROMO-ALLOW = 66310102
23:18:29.261 [main] INFO  com.cloudframe.app.process.Comput1.process   92 - *KB* LK-RLU3A-ACCT-PLAN-DATA-ALLOW = 266310102
23:18:29.261 [main] INFO  com.cloudframe.app.process.Comput1.process  108 - *MB* LK-RLU3A-TOT-DATA-PROMO-ALLOW = 66310932
23:18:29.261 [main] INFO  com.cloudframe.app.process.Comput1.process  110 - *MB* LK-RLU3A-ACCT-PLAN-DATA-ALLOW = 266310932
23:18:29.261 [main] INFO  com.cloudframe.app.process.Comput1.process  124 - *GB* LK-RLU3A-TOT-DATA-PROMO-ALLOW = 66310932
23:18:29.261 [main] INFO  com.cloudframe.app.process.Comput1.process  126 - *GB* LK-RLU3A-ACCT-PLAN-DATA-ALLOW = 266310932
23:18:29.261 [main] INFO  com.cloudframe.app.process.Comput1.process   76 - ___________________________________
23:18:29.262 [main] INFO  com.cloudframe.app.process.Comput1.process   78 - 938 . WS-OOSU-SHARED-ALLOW = 873194234
23:18:29.262 [main] INFO  com.cloudframe.app.process.Comput1.process   90 - *KB* LK-RLU3A-TOT-DATA-PROMO-ALLOW = 67163660
23:18:29.262 [main] INFO  com.cloudframe.app.process.Comput1.process   92 - *KB* LK-RLU3A-ACCT-PLAN-DATA-ALLOW = 267163660
23:18:29.262 [main] INFO  com.cloudframe.app.process.Comput1.process  108 - *MB* LK-RLU3A-TOT-DATA-PROMO-ALLOW = 67164492
23:18:29.262 [main] INFO  com.cloudframe.app.process.Comput1.process  110 - *MB* LK-RLU3A-ACCT-PLAN-DATA-ALLOW = 267164492
23:18:29.262 [main] INFO  com.cloudframe.app.process.Comput1.process  124 - *GB* LK-RLU3A-TOT-DATA-PROMO-ALLOW = 67164492
23:18:29.262 [main] INFO  com.cloudframe.app.process.Comput1.process  126 - *GB* LK-RLU3A-ACCT-PLAN-DATA-ALLOW = 267164492
23:18:29.262 [main] INFO  com.cloudframe.app.process.Comput1.process   76 - ___________________________________
23:18:29.262 [main] INFO  com.cloudframe.app.process.Comput1.process   78 - 939 . WS-OOSU-SHARED-ALLOW = 875058040
23:18:29.263 [main] INFO  com.cloudframe.app.process.Comput1.process   90 - *KB* LK-RLU3A-TOT-DATA-PROMO-ALLOW = 68019040
23:18:29.263 [main] INFO  com.cloudframe.app.process.Comput1.process   92 - *KB* LK-RLU3A-ACCT-PLAN-DATA-ALLOW = 268019040
23:18:29.263 [main] INFO  com.cloudframe.app.process.Comput1.process  108 - *MB* LK-RLU3A-TOT-DATA-PROMO-ALLOW = 68019874
23:18:29.263 [main] INFO  com.cloudframe.app.process.Comput1.process  110 - *MB* LK-RLU3A-ACCT-PLAN-DATA-ALLOW = 268019874
23:18:29.263 [main] INFO  com.cloudframe.app.process.Comput1.process  124 - *GB* LK-RLU3A-TOT-DATA-PROMO-ALLOW = 68019874
23:18:29.263 [main] INFO  com.cloudframe.app.process.Comput1.process  126 - *GB* LK-RLU3A-ACCT-PLAN-DATA-ALLOW = 268019874
23:18:29.263 [main] INFO  com.cloudframe.app.process.Comput1.process   76 - ___________________________________
23:18:29.263 [main] INFO  com.cloudframe.app.process.Comput1.process   78 - 940 . WS-OOSU-SHARED-ALLOW = 876923833
23:18:29.263 [main] INFO  com.cloudframe.app.process.Comput1.process   90 - *KB* LK-RLU3A-TOT-DATA-PROMO-ALLOW = 68876244
23:18:29.264 [main] INFO  com.cloudframe.app.process.Comput1.process   92 - *KB* LK-RLU3A-ACCT-PLAN-DATA-ALLOW = 268876244
23:18:29.264 [main] INFO  com.cloudframe.app.process.Comput1.process  108 - *MB* LK-RLU3A-TOT-DATA-PROMO-ALLOW = 68877080
23:18:29.264 [main] INFO  com.cloudframe.app.process.Comput1.process  110 - *MB* LK-RLU3A-ACCT-PLAN-DATA-ALLOW = 268877080
23:18:29.264 [main] INFO  com.cloudframe.app.process.Comput1.process  124 - *GB* LK-RLU3A-TOT-DATA-PROMO-ALLOW = 68877080
23:18:29.264 [main] INFO  com.cloudframe.app.process.Comput1.process  126 - *GB* LK-RLU3A-ACCT-PLAN-DATA-ALLOW = 268877080
23:18:29.264 [main] INFO  com.cloudframe.app.process.Comput1.process   76 - ___________________________________
23:18:29.264 [main] INFO  com.cloudframe.app.process.Comput1.process   78 - 941 . WS-OOSU-SHARED-ALLOW = 878791613
23:18:29.264 [main] INFO  com.cloudframe.app.process.Comput1.process   90 - *KB* LK-RLU3A-TOT-DATA-PROMO-ALLOW = 69735274
23:18:29.264 [main] INFO  com.cloudframe.app.process.Comput1.process   92 - *KB* LK-RLU3A-ACCT-PLAN-DATA-ALLOW = 269735274
23:18:29.264 [main] INFO  com.cloudframe.app.process.Comput1.process  108 - *MB* LK-RLU3A-TOT-DATA-PROMO-ALLOW = 69736112
23:18:29.265 [main] INFO  com.cloudframe.app.process.Comput1.process  110 - *MB* LK-RLU3A-ACCT-PLAN-DATA-ALLOW = 269736112
23:18:29.265 [main] INFO  com.cloudframe.app.process.Comput1.process  124 - *GB* LK-RLU3A-TOT-DATA-PROMO-ALLOW = 69736112
23:18:29.265 [main] INFO  com.cloudframe.app.process.Comput1.process  126 - *GB* LK-RLU3A-ACCT-PLAN-DATA-ALLOW = 269736112
23:18:29.265 [main] INFO  com.cloudframe.app.process.Comput1.process   76 - ___________________________________
23:18:29.265 [main] INFO  com.cloudframe.app.process.Comput1.process   78 - 942 . WS-OOSU-SHARED-ALLOW = 880661380
23:18:29.265 [main] INFO  com.cloudframe.app.process.Comput1.process   90 - *KB* LK-RLU3A-TOT-DATA-PROMO-ALLOW = 70596132
23:18:29.265 [main] INFO  com.cloudframe.app.process.Comput1.process   92 - *KB* LK-RLU3A-ACCT-PLAN-DATA-ALLOW = 270596132
23:18:29.265 [main] INFO  com.cloudframe.app.process.Comput1.process  108 - *MB* LK-RLU3A-TOT-DATA-PROMO-ALLOW = 70596971
23:18:29.265 [main] INFO  com.cloudframe.app.process.Comput1.process  110 - *MB* LK-RLU3A-ACCT-PLAN-DATA-ALLOW = 270596971
23:18:29.266 [main] INFO  com.cloudframe.app.process.Comput1.process  124 - *GB* LK-RLU3A-TOT-DATA-PROMO-ALLOW = 70596971
23:18:29.266 [main] INFO  com.cloudframe.app.process.Comput1.process  126 - *GB* LK-RLU3A-ACCT-PLAN-DATA-ALLOW = 270596971
23:18:29.266 [main] INFO  com.cloudframe.app.process.Comput1.process   76 - ___________________________________
23:18:29.266 [main] INFO  com.cloudframe.app.process.Comput1.process   78 - 943 . WS-OOSU-SHARED-ALLOW = 882533134
23:18:29.266 [main] INFO  com.cloudframe.app.process.Comput1.process   90 - *KB* LK-RLU3A-TOT-DATA-PROMO-ALLOW = 71458819
23:18:29.266 [main] INFO  com.cloudframe.app.process.Comput1.process   92 - *KB* LK-RLU3A-ACCT-PLAN-DATA-ALLOW = 271458819
23:18:29.266 [main] INFO  com.cloudframe.app.process.Comput1.process  108 - *MB* LK-RLU3A-TOT-DATA-PROMO-ALLOW = 71459660
23:18:29.266 [main] INFO  com.cloudframe.app.process.Comput1.process  110 - *MB* LK-RLU3A-ACCT-PLAN-DATA-ALLOW = 271459660
23:18:29.266 [main] INFO  com.cloudframe.app.process.Comput1.process  124 - *GB* LK-RLU3A-TOT-DATA-PROMO-ALLOW = 71459660
23:18:29.266 [main] INFO  com.cloudframe.app.process.Comput1.process  126 - *GB* LK-RLU3A-ACCT-PLAN-DATA-ALLOW = 271459660
23:18:29.267 [main] INFO  com.cloudframe.app.process.Comput1.process   76 - ___________________________________
23:18:29.267 [main] INFO  com.cloudframe.app.process.Comput1.process   78 - 944 . WS-OOSU-SHARED-ALLOW = 884406875
23:18:29.267 [main] INFO  com.cloudframe.app.process.Comput1.process   90 - *KB* LK-RLU3A-TOT-DATA-PROMO-ALLOW = 72323338
23:18:29.267 [main] INFO  com.cloudframe.app.process.Comput1.process   92 - *KB* LK-RLU3A-ACCT-PLAN-DATA-ALLOW = 272323338
23:18:29.267 [main] INFO  com.cloudframe.app.process.Comput1.process  108 - *MB* LK-RLU3A-TOT-DATA-PROMO-ALLOW = 72324181
23:18:29.267 [main] INFO  com.cloudframe.app.process.Comput1.process  110 - *MB* LK-RLU3A-ACCT-PLAN-DATA-ALLOW = 272324181
23:18:29.267 [main] INFO  com.cloudframe.app.process.Comput1.process  124 - *GB* LK-RLU3A-TOT-DATA-PROMO-ALLOW = 72324181
23:18:29.267 [main] INFO  com.cloudframe.app.process.Comput1.process  126 - *GB* LK-RLU3A-ACCT-PLAN-DATA-ALLOW = 272324181
23:18:29.268 [main] INFO  com.cloudframe.app.process.Comput1.process   76 - ___________________________________
23:18:29.268 [main] INFO  com.cloudframe.app.process.Comput1.process   78 - 945 . WS-OOSU-SHARED-ALLOW = 886282603
23:18:29.268 [main] INFO  com.cloudframe.app.process.Comput1.process   90 - *KB* LK-RLU3A-TOT-DATA-PROMO-ALLOW = 73189691
23:18:29.268 [main] INFO  com.cloudframe.app.process.Comput1.process   92 - *KB* LK-RLU3A-ACCT-PLAN-DATA-ALLOW = 273189691
23:18:29.268 [main] INFO  com.cloudframe.app.process.Comput1.process  108 - *MB* LK-RLU3A-TOT-DATA-PROMO-ALLOW = 73190536
23:18:29.268 [main] INFO  com.cloudframe.app.process.Comput1.process  110 - *MB* LK-RLU3A-ACCT-PLAN-DATA-ALLOW = 273190536
23:18:29.268 [main] INFO  com.cloudframe.app.process.Comput1.process  124 - *GB* LK-RLU3A-TOT-DATA-PROMO-ALLOW = 73190536
23:18:29.268 [main] INFO  com.cloudframe.app.process.Comput1.process  126 - *GB* LK-RLU3A-ACCT-PLAN-DATA-ALLOW = 273190536
23:18:29.268 [main] INFO  com.cloudframe.app.process.Comput1.process   76 - ___________________________________
23:18:29.268 [main] INFO  com.cloudframe.app.process.Comput1.process   78 - 946 . WS-OOSU-SHARED-ALLOW = 888160318
23:18:29.269 [main] INFO  com.cloudframe.app.process.Comput1.process   90 - *KB* LK-RLU3A-TOT-DATA-PROMO-ALLOW = 74057880
23:18:29.269 [main] INFO  com.cloudframe.app.process.Comput1.process   92 - *KB* LK-RLU3A-ACCT-PLAN-DATA-ALLOW = 274057880
23:18:29.269 [main] INFO  com.cloudframe.app.process.Comput1.process  108 - *MB* LK-RLU3A-TOT-DATA-PROMO-ALLOW = 74058727
23:18:29.269 [main] INFO  com.cloudframe.app.process.Comput1.process  110 - *MB* LK-RLU3A-ACCT-PLAN-DATA-ALLOW = 274058727
23:18:29.269 [main] INFO  com.cloudframe.app.process.Comput1.process  124 - *GB* LK-RLU3A-TOT-DATA-PROMO-ALLOW = 74058727
23:18:29.269 [main] INFO  com.cloudframe.app.process.Comput1.process  126 - *GB* LK-RLU3A-ACCT-PLAN-DATA-ALLOW = 274058727
23:18:29.269 [main] INFO  com.cloudframe.app.process.Comput1.process   76 - ___________________________________
23:18:29.269 [main] INFO  com.cloudframe.app.process.Comput1.process   78 - 947 . WS-OOSU-SHARED-ALLOW = 890040020
23:18:29.269 [main] INFO  com.cloudframe.app.process.Comput1.process   90 - *KB* LK-RLU3A-TOT-DATA-PROMO-ALLOW = 74927906
23:18:29.270 [main] INFO  com.cloudframe.app.process.Comput1.process   92 - *KB* LK-RLU3A-ACCT-PLAN-DATA-ALLOW = 274927906
23:18:29.270 [main] INFO  com.cloudframe.app.process.Comput1.process  108 - *MB* LK-RLU3A-TOT-DATA-PROMO-ALLOW = 74928754
23:18:29.270 [main] INFO  com.cloudframe.app.process.Comput1.process  110 - *MB* LK-RLU3A-ACCT-PLAN-DATA-ALLOW = 274928754
23:18:29.270 [main] INFO  com.cloudframe.app.process.Comput1.process  124 - *GB* LK-RLU3A-TOT-DATA-PROMO-ALLOW = 74928754
23:18:29.270 [main] INFO  com.cloudframe.app.process.Comput1.process  126 - *GB* LK-RLU3A-ACCT-PLAN-DATA-ALLOW = 274928754
23:18:29.270 [main] INFO  com.cloudframe.app.process.Comput1.process   76 - ___________________________________
23:18:29.270 [main] INFO  com.cloudframe.app.process.Comput1.process   78 - 948 . WS-OOSU-SHARED-ALLOW = 891921709
23:18:29.270 [main] INFO  com.cloudframe.app.process.Comput1.process   90 - *KB* LK-RLU3A-TOT-DATA-PROMO-ALLOW = 75799771
23:18:29.270 [main] INFO  com.cloudframe.app.process.Comput1.process   92 - *KB* LK-RLU3A-ACCT-PLAN-DATA-ALLOW = 275799771
23:18:29.271 [main] INFO  com.cloudframe.app.process.Comput1.process  108 - *MB* LK-RLU3A-TOT-DATA-PROMO-ALLOW = 75800621
23:18:29.271 [main] INFO  com.cloudframe.app.process.Comput1.process  110 - *MB* LK-RLU3A-ACCT-PLAN-DATA-ALLOW = 275800621
23:18:29.271 [main] INFO  com.cloudframe.app.process.Comput1.process  124 - *GB* LK-RLU3A-TOT-DATA-PROMO-ALLOW = 75800621
23:18:29.271 [main] INFO  com.cloudframe.app.process.Comput1.process  126 - *GB* LK-RLU3A-ACCT-PLAN-DATA-ALLOW = 275800621
23:18:29.271 [main] INFO  com.cloudframe.app.process.Comput1.process   76 - ___________________________________
23:18:29.271 [main] INFO  com.cloudframe.app.process.Comput1.process   78 - 949 . WS-OOSU-SHARED-ALLOW = 893805385
23:18:29.271 [main] INFO  com.cloudframe.app.process.Comput1.process   90 - *KB* LK-RLU3A-TOT-DATA-PROMO-ALLOW = 76673477
23:18:29.271 [main] INFO  com.cloudframe.app.process.Comput1.process   92 - *KB* LK-RLU3A-ACCT-PLAN-DATA-ALLOW = 276673477
23:18:29.271 [main] INFO  com.cloudframe.app.process.Comput1.process  108 - *MB* LK-RLU3A-TOT-DATA-PROMO-ALLOW = 76674329
23:18:29.271 [main] INFO  com.cloudframe.app.process.Comput1.process  110 - *MB* LK-RLU3A-ACCT-PLAN-DATA-ALLOW = 276674329
23:18:29.272 [main] INFO  com.cloudframe.app.process.Comput1.process  124 - *GB* LK-RLU3A-TOT-DATA-PROMO-ALLOW = 76674329
23:18:29.272 [main] INFO  com.cloudframe.app.process.Comput1.process  126 - *GB* LK-RLU3A-ACCT-PLAN-DATA-ALLOW = 276674329
23:18:29.272 [main] INFO  com.cloudframe.app.process.Comput1.process   76 - ___________________________________
23:18:29.272 [main] INFO  com.cloudframe.app.process.Comput1.process   78 - 950 . WS-OOSU-SHARED-ALLOW = 895691048
23:18:29.272 [main] INFO  com.cloudframe.app.process.Comput1.process   90 - *KB* LK-RLU3A-TOT-DATA-PROMO-ALLOW = 77549027
23:18:29.272 [main] INFO  com.cloudframe.app.process.Comput1.process   92 - *KB* LK-RLU3A-ACCT-PLAN-DATA-ALLOW = 277549027
23:18:29.272 [main] INFO  com.cloudframe.app.process.Comput1.process  108 - *MB* LK-RLU3A-TOT-DATA-PROMO-ALLOW = 77549881
23:18:29.272 [main] INFO  com.cloudframe.app.process.Comput1.process  110 - *MB* LK-RLU3A-ACCT-PLAN-DATA-ALLOW = 277549881
23:18:29.272 [main] INFO  com.cloudframe.app.process.Comput1.process  124 - *GB* LK-RLU3A-TOT-DATA-PROMO-ALLOW = 77549881
23:18:29.272 [main] INFO  com.cloudframe.app.process.Comput1.process  126 - *GB* LK-RLU3A-ACCT-PLAN-DATA-ALLOW = 277549881
23:18:29.273 [main] INFO  com.cloudframe.app.process.Comput1.process   76 - ___________________________________
23:18:29.273 [main] INFO  com.cloudframe.app.process.Comput1.process   78 - 951 . WS-OOSU-SHARED-ALLOW = 897578698
23:18:29.273 [main] INFO  com.cloudframe.app.process.Comput1.process   90 - *KB* LK-RLU3A-TOT-DATA-PROMO-ALLOW = 78426422
23:18:29.273 [main] INFO  com.cloudframe.app.process.Comput1.process   92 - *KB* LK-RLU3A-ACCT-PLAN-DATA-ALLOW = 278426422
23:18:29.273 [main] INFO  com.cloudframe.app.process.Comput1.process  108 - *MB* LK-RLU3A-TOT-DATA-PROMO-ALLOW = 78427277
23:18:29.273 [main] INFO  com.cloudframe.app.process.Comput1.process  110 - *MB* LK-RLU3A-ACCT-PLAN-DATA-ALLOW = 278427277
23:18:29.273 [main] INFO  com.cloudframe.app.process.Comput1.process  124 - *GB* LK-RLU3A-TOT-DATA-PROMO-ALLOW = 78427277
23:18:29.273 [main] INFO  com.cloudframe.app.process.Comput1.process  126 - *GB* LK-RLU3A-ACCT-PLAN-DATA-ALLOW = 278427277
23:18:29.273 [main] INFO  com.cloudframe.app.process.Comput1.process   76 - ___________________________________
23:18:29.274 [main] INFO  com.cloudframe.app.process.Comput1.process   78 - 952 . WS-OOSU-SHARED-ALLOW = 899468335
23:18:29.274 [main] INFO  com.cloudframe.app.process.Comput1.process   90 - *KB* LK-RLU3A-TOT-DATA-PROMO-ALLOW = 79305664
23:18:29.274 [main] INFO  com.cloudframe.app.process.Comput1.process   92 - *KB* LK-RLU3A-ACCT-PLAN-DATA-ALLOW = 279305664
23:18:29.274 [main] INFO  com.cloudframe.app.process.Comput1.process  108 - *MB* LK-RLU3A-TOT-DATA-PROMO-ALLOW = 79306521
23:18:29.274 [main] INFO  com.cloudframe.app.process.Comput1.process  110 - *MB* LK-RLU3A-ACCT-PLAN-DATA-ALLOW = 279306521
23:18:29.274 [main] INFO  com.cloudframe.app.process.Comput1.process  124 - *GB* LK-RLU3A-TOT-DATA-PROMO-ALLOW = 79306521
23:18:29.274 [main] INFO  com.cloudframe.app.process.Comput1.process  126 - *GB* LK-RLU3A-ACCT-PLAN-DATA-ALLOW = 279306521
23:18:29.275 [main] INFO  com.cloudframe.app.process.Comput1.process   76 - ___________________________________
23:18:29.275 [main] INFO  com.cloudframe.app.process.Comput1.process   78 - 953 . WS-OOSU-SHARED-ALLOW = 901359959
23:18:29.275 [main] INFO  com.cloudframe.app.process.Comput1.process   90 - *KB* LK-RLU3A-TOT-DATA-PROMO-ALLOW = 80186755
23:18:29.275 [main] INFO  com.cloudframe.app.process.Comput1.process   92 - *KB* LK-RLU3A-ACCT-PLAN-DATA-ALLOW = 280186755
23:18:29.275 [main] INFO  com.cloudframe.app.process.Comput1.process  108 - *MB* LK-RLU3A-TOT-DATA-PROMO-ALLOW = 80187614
23:18:29.275 [main] INFO  com.cloudframe.app.process.Comput1.process  110 - *MB* LK-RLU3A-ACCT-PLAN-DATA-ALLOW = 280187614
23:18:29.275 [main] INFO  com.cloudframe.app.process.Comput1.process  124 - *GB* LK-RLU3A-TOT-DATA-PROMO-ALLOW = 80187614
23:18:29.275 [main] INFO  com.cloudframe.app.process.Comput1.process  126 - *GB* LK-RLU3A-ACCT-PLAN-DATA-ALLOW = 280187614
23:18:29.275 [main] INFO  com.cloudframe.app.process.Comput1.process   76 - ___________________________________
23:18:29.275 [main] INFO  com.cloudframe.app.process.Comput1.process   78 - 954 . WS-OOSU-SHARED-ALLOW = 903253570
23:18:29.276 [main] INFO  com.cloudframe.app.process.Comput1.process   90 - *KB* LK-RLU3A-TOT-DATA-PROMO-ALLOW = 81069697
23:18:29.276 [main] INFO  com.cloudframe.app.process.Comput1.process   92 - *KB* LK-RLU3A-ACCT-PLAN-DATA-ALLOW = 281069697
23:18:29.276 [main] INFO  com.cloudframe.app.process.Comput1.process  108 - *MB* LK-RLU3A-TOT-DATA-PROMO-ALLOW = 81070558
23:18:29.276 [main] INFO  com.cloudframe.app.process.Comput1.process  110 - *MB* LK-RLU3A-ACCT-PLAN-DATA-ALLOW = 281070558
23:18:29.276 [main] INFO  com.cloudframe.app.process.Comput1.process  124 - *GB* LK-RLU3A-TOT-DATA-PROMO-ALLOW = 81070558
23:18:29.276 [main] INFO  com.cloudframe.app.process.Comput1.process  126 - *GB* LK-RLU3A-ACCT-PLAN-DATA-ALLOW = 281070558
23:18:29.276 [main] INFO  com.cloudframe.app.process.Comput1.process   76 - ___________________________________
23:18:29.276 [main] INFO  com.cloudframe.app.process.Comput1.process   78 - 955 . WS-OOSU-SHARED-ALLOW = 905149168
23:18:29.277 [main] INFO  com.cloudframe.app.process.Comput1.process   90 - *KB* LK-RLU3A-TOT-DATA-PROMO-ALLOW = 81954492
23:18:29.277 [main] INFO  com.cloudframe.app.process.Comput1.process   92 - *KB* LK-RLU3A-ACCT-PLAN-DATA-ALLOW = 281954492
23:18:29.277 [main] INFO  com.cloudframe.app.process.Comput1.process  108 - *MB* LK-RLU3A-TOT-DATA-PROMO-ALLOW = 81955355
23:18:29.277 [main] INFO  com.cloudframe.app.process.Comput1.process  110 - *MB* LK-RLU3A-ACCT-PLAN-DATA-ALLOW = 281955355
23:18:29.277 [main] INFO  com.cloudframe.app.process.Comput1.process  124 - *GB* LK-RLU3A-TOT-DATA-PROMO-ALLOW = 81955355
23:18:29.277 [main] INFO  com.cloudframe.app.process.Comput1.process  126 - *GB* LK-RLU3A-ACCT-PLAN-DATA-ALLOW = 281955355
23:18:29.277 [main] INFO  com.cloudframe.app.process.Comput1.process   76 - ___________________________________
23:18:29.277 [main] INFO  com.cloudframe.app.process.Comput1.process   78 - 956 . WS-OOSU-SHARED-ALLOW = 907046753
23:18:29.277 [main] INFO  com.cloudframe.app.process.Comput1.process   90 - *KB* LK-RLU3A-TOT-DATA-PROMO-ALLOW = 82841142
23:18:29.278 [main] INFO  com.cloudframe.app.process.Comput1.process   92 - *KB* LK-RLU3A-ACCT-PLAN-DATA-ALLOW = 282841142
23:18:29.278 [main] INFO  com.cloudframe.app.process.Comput1.process  108 - *MB* LK-RLU3A-TOT-DATA-PROMO-ALLOW = 82842007
23:18:29.278 [main] INFO  com.cloudframe.app.process.Comput1.process  110 - *MB* LK-RLU3A-ACCT-PLAN-DATA-ALLOW = 282842007
23:18:29.278 [main] INFO  com.cloudframe.app.process.Comput1.process  124 - *GB* LK-RLU3A-TOT-DATA-PROMO-ALLOW = 82842007
23:18:29.278 [main] INFO  com.cloudframe.app.process.Comput1.process  126 - *GB* LK-RLU3A-ACCT-PLAN-DATA-ALLOW = 282842007
23:18:29.278 [main] INFO  com.cloudframe.app.process.Comput1.process   76 - ___________________________________
23:18:29.278 [main] INFO  com.cloudframe.app.process.Comput1.process   78 - 957 . WS-OOSU-SHARED-ALLOW = 908946325
23:18:29.278 [main] INFO  com.cloudframe.app.process.Comput1.process   90 - *KB* LK-RLU3A-TOT-DATA-PROMO-ALLOW = 83729649
23:18:29.278 [main] INFO  com.cloudframe.app.process.Comput1.process   92 - *KB* LK-RLU3A-ACCT-PLAN-DATA-ALLOW = 283729649
23:18:29.279 [main] INFO  com.cloudframe.app.process.Comput1.process  108 - *MB* LK-RLU3A-TOT-DATA-PROMO-ALLOW = 83730515
23:18:29.279 [main] INFO  com.cloudframe.app.process.Comput1.process  110 - *MB* LK-RLU3A-ACCT-PLAN-DATA-ALLOW = 283730515
23:18:29.279 [main] INFO  com.cloudframe.app.process.Comput1.process  124 - *GB* LK-RLU3A-TOT-DATA-PROMO-ALLOW = 83730515
23:18:29.279 [main] INFO  com.cloudframe.app.process.Comput1.process  126 - *GB* LK-RLU3A-ACCT-PLAN-DATA-ALLOW = 283730515
23:18:29.279 [main] INFO  com.cloudframe.app.process.Comput1.process   76 - ___________________________________
23:18:29.279 [main] INFO  com.cloudframe.app.process.Comput1.process   78 - 958 . WS-OOSU-SHARED-ALLOW = 910847884
23:18:29.279 [main] INFO  com.cloudframe.app.process.Comput1.process   90 - *KB* LK-RLU3A-TOT-DATA-PROMO-ALLOW = 84620014
23:18:29.279 [main] INFO  com.cloudframe.app.process.Comput1.process   92 - *KB* LK-RLU3A-ACCT-PLAN-DATA-ALLOW = 284620014
23:18:29.279 [main] INFO  com.cloudframe.app.process.Comput1.process  108 - *MB* LK-RLU3A-TOT-DATA-PROMO-ALLOW = 84620882
23:18:29.279 [main] INFO  com.cloudframe.app.process.Comput1.process  110 - *MB* LK-RLU3A-ACCT-PLAN-DATA-ALLOW = 284620882
23:18:29.280 [main] INFO  com.cloudframe.app.process.Comput1.process  124 - *GB* LK-RLU3A-TOT-DATA-PROMO-ALLOW = 84620882
23:18:29.280 [main] INFO  com.cloudframe.app.process.Comput1.process  126 - *GB* LK-RLU3A-ACCT-PLAN-DATA-ALLOW = 284620882
23:18:29.280 [main] INFO  com.cloudframe.app.process.Comput1.process   76 - ___________________________________
23:18:29.280 [main] INFO  com.cloudframe.app.process.Comput1.process   78 - 959 . WS-OOSU-SHARED-ALLOW = 912751430
23:18:29.280 [main] INFO  com.cloudframe.app.process.Comput1.process   90 - *KB* LK-RLU3A-TOT-DATA-PROMO-ALLOW = 85512240
23:18:29.280 [main] INFO  com.cloudframe.app.process.Comput1.process   92 - *KB* LK-RLU3A-ACCT-PLAN-DATA-ALLOW = 285512240
23:18:29.280 [main] INFO  com.cloudframe.app.process.Comput1.process  108 - *MB* LK-RLU3A-TOT-DATA-PROMO-ALLOW = 85513110
23:18:29.280 [main] INFO  com.cloudframe.app.process.Comput1.process  110 - *MB* LK-RLU3A-ACCT-PLAN-DATA-ALLOW = 285513110
23:18:29.280 [main] INFO  com.cloudframe.app.process.Comput1.process  124 - *GB* LK-RLU3A-TOT-DATA-PROMO-ALLOW = 85513110
23:18:29.281 [main] INFO  com.cloudframe.app.process.Comput1.process  126 - *GB* LK-RLU3A-ACCT-PLAN-DATA-ALLOW = 285513110
23:18:29.281 [main] INFO  com.cloudframe.app.process.Comput1.process   76 - ___________________________________
23:18:29.281 [main] INFO  com.cloudframe.app.process.Comput1.process   78 - 960 . WS-OOSU-SHARED-ALLOW = 914656963
23:18:29.281 [main] INFO  com.cloudframe.app.process.Comput1.process   90 - *KB* LK-RLU3A-TOT-DATA-PROMO-ALLOW = 86406329
23:18:29.281 [main] INFO  com.cloudframe.app.process.Comput1.process   92 - *KB* LK-RLU3A-ACCT-PLAN-DATA-ALLOW = 286406329
23:18:29.281 [main] INFO  com.cloudframe.app.process.Comput1.process  108 - *MB* LK-RLU3A-TOT-DATA-PROMO-ALLOW = 86407201
23:18:29.281 [main] INFO  com.cloudframe.app.process.Comput1.process  110 - *MB* LK-RLU3A-ACCT-PLAN-DATA-ALLOW = 286407201
23:18:29.281 [main] INFO  com.cloudframe.app.process.Comput1.process  124 - *GB* LK-RLU3A-TOT-DATA-PROMO-ALLOW = 86407201
23:18:29.281 [main] INFO  com.cloudframe.app.process.Comput1.process  126 - *GB* LK-RLU3A-ACCT-PLAN-DATA-ALLOW = 286407201
23:18:29.281 [main] INFO  com.cloudframe.app.process.Comput1.process   76 - ___________________________________
23:18:29.281 [main] INFO  com.cloudframe.app.process.Comput1.process   78 - 961 . WS-OOSU-SHARED-ALLOW = 916564483
23:18:29.282 [main] INFO  com.cloudframe.app.process.Comput1.process   90 - *KB* LK-RLU3A-TOT-DATA-PROMO-ALLOW = 87302283
23:18:29.282 [main] INFO  com.cloudframe.app.process.Comput1.process   92 - *KB* LK-RLU3A-ACCT-PLAN-DATA-ALLOW = 287302283
23:18:29.282 [main] INFO  com.cloudframe.app.process.Comput1.process  108 - *MB* LK-RLU3A-TOT-DATA-PROMO-ALLOW = 87303157
23:18:29.282 [main] INFO  com.cloudframe.app.process.Comput1.process  110 - *MB* LK-RLU3A-ACCT-PLAN-DATA-ALLOW = 287303157
23:18:29.282 [main] INFO  com.cloudframe.app.process.Comput1.process  124 - *GB* LK-RLU3A-TOT-DATA-PROMO-ALLOW = 87303157
23:18:29.282 [main] INFO  com.cloudframe.app.process.Comput1.process  126 - *GB* LK-RLU3A-ACCT-PLAN-DATA-ALLOW = 287303157
23:18:29.282 [main] INFO  com.cloudframe.app.process.Comput1.process   76 - ___________________________________
23:18:29.282 [main] INFO  com.cloudframe.app.process.Comput1.process   78 - 962 . WS-OOSU-SHARED-ALLOW = 918473990
23:18:29.282 [main] INFO  com.cloudframe.app.process.Comput1.process   90 - *KB* LK-RLU3A-TOT-DATA-PROMO-ALLOW = 88200104
23:18:29.282 [main] INFO  com.cloudframe.app.process.Comput1.process   92 - *KB* LK-RLU3A-ACCT-PLAN-DATA-ALLOW = 288200104
23:18:29.283 [main] INFO  com.cloudframe.app.process.Comput1.process  108 - *MB* LK-RLU3A-TOT-DATA-PROMO-ALLOW = 88200979
23:18:29.283 [main] INFO  com.cloudframe.app.process.Comput1.process  110 - *MB* LK-RLU3A-ACCT-PLAN-DATA-ALLOW = 288200979
23:18:29.283 [main] INFO  com.cloudframe.app.process.Comput1.process  124 - *GB* LK-RLU3A-TOT-DATA-PROMO-ALLOW = 88200979
23:18:29.283 [main] INFO  com.cloudframe.app.process.Comput1.process  126 - *GB* LK-RLU3A-ACCT-PLAN-DATA-ALLOW = 288200979
23:18:29.283 [main] INFO  com.cloudframe.app.process.Comput1.process   76 - ___________________________________
23:18:29.283 [main] INFO  com.cloudframe.app.process.Comput1.process   78 - 963 . WS-OOSU-SHARED-ALLOW = 920385484
23:18:29.283 [main] INFO  com.cloudframe.app.process.Comput1.process   90 - *KB* LK-RLU3A-TOT-DATA-PROMO-ALLOW = 89099792
23:18:29.283 [main] INFO  com.cloudframe.app.process.Comput1.process   92 - *KB* LK-RLU3A-ACCT-PLAN-DATA-ALLOW = 289099792
23:18:29.283 [main] INFO  com.cloudframe.app.process.Comput1.process  108 - *MB* LK-RLU3A-TOT-DATA-PROMO-ALLOW = 89100669
23:18:29.283 [main] INFO  com.cloudframe.app.process.Comput1.process  110 - *MB* LK-RLU3A-ACCT-PLAN-DATA-ALLOW = 289100669
23:18:29.284 [main] INFO  com.cloudframe.app.process.Comput1.process  124 - *GB* LK-RLU3A-TOT-DATA-PROMO-ALLOW = 89100669
23:18:29.284 [main] INFO  com.cloudframe.app.process.Comput1.process  126 - *GB* LK-RLU3A-ACCT-PLAN-DATA-ALLOW = 289100669
23:18:29.284 [main] INFO  com.cloudframe.app.process.Comput1.process   76 - ___________________________________
23:18:29.284 [main] INFO  com.cloudframe.app.process.Comput1.process   78 - 964 . WS-OOSU-SHARED-ALLOW = 922298965
23:18:29.284 [main] INFO  com.cloudframe.app.process.Comput1.process   90 - *KB* LK-RLU3A-TOT-DATA-PROMO-ALLOW = 90001351
23:18:29.284 [main] INFO  com.cloudframe.app.process.Comput1.process   92 - *KB* LK-RLU3A-ACCT-PLAN-DATA-ALLOW = 290001351
23:18:29.284 [main] INFO  com.cloudframe.app.process.Comput1.process  108 - *MB* LK-RLU3A-TOT-DATA-PROMO-ALLOW = 90002230
23:18:29.284 [main] INFO  com.cloudframe.app.process.Comput1.process  110 - *MB* LK-RLU3A-ACCT-PLAN-DATA-ALLOW = 290002230
23:18:29.284 [main] INFO  com.cloudframe.app.process.Comput1.process  124 - *GB* LK-RLU3A-TOT-DATA-PROMO-ALLOW = 90002230
23:18:29.284 [main] INFO  com.cloudframe.app.process.Comput1.process  126 - *GB* LK-RLU3A-ACCT-PLAN-DATA-ALLOW = 290002230
23:18:29.284 [main] INFO  com.cloudframe.app.process.Comput1.process   76 - ___________________________________
23:18:29.285 [main] INFO  com.cloudframe.app.process.Comput1.process   78 - 965 . WS-OOSU-SHARED-ALLOW = 924214433
23:18:29.285 [main] INFO  com.cloudframe.app.process.Comput1.process   90 - *KB* LK-RLU3A-TOT-DATA-PROMO-ALLOW = 90904783
23:18:29.285 [main] INFO  com.cloudframe.app.process.Comput1.process   92 - *KB* LK-RLU3A-ACCT-PLAN-DATA-ALLOW = 290904783
23:18:29.285 [main] INFO  com.cloudframe.app.process.Comput1.process  108 - *MB* LK-RLU3A-TOT-DATA-PROMO-ALLOW = 90905664
23:18:29.285 [main] INFO  com.cloudframe.app.process.Comput1.process  110 - *MB* LK-RLU3A-ACCT-PLAN-DATA-ALLOW = 290905664
23:18:29.285 [main] INFO  com.cloudframe.app.process.Comput1.process  124 - *GB* LK-RLU3A-TOT-DATA-PROMO-ALLOW = 90905664
23:18:29.285 [main] INFO  com.cloudframe.app.process.Comput1.process  126 - *GB* LK-RLU3A-ACCT-PLAN-DATA-ALLOW = 290905664
23:18:29.285 [main] INFO  com.cloudframe.app.process.Comput1.process   76 - ___________________________________
23:18:29.285 [main] INFO  com.cloudframe.app.process.Comput1.process   78 - 966 . WS-OOSU-SHARED-ALLOW = 926131888
23:18:29.286 [main] INFO  com.cloudframe.app.process.Comput1.process   90 - *KB* LK-RLU3A-TOT-DATA-PROMO-ALLOW = 91810089
23:18:29.286 [main] INFO  com.cloudframe.app.process.Comput1.process   92 - *KB* LK-RLU3A-ACCT-PLAN-DATA-ALLOW = 291810089
23:18:29.286 [main] INFO  com.cloudframe.app.process.Comput1.process  108 - *MB* LK-RLU3A-TOT-DATA-PROMO-ALLOW = 91810972
23:18:29.286 [main] INFO  com.cloudframe.app.process.Comput1.process  110 - *MB* LK-RLU3A-ACCT-PLAN-DATA-ALLOW = 291810972
23:18:29.286 [main] INFO  com.cloudframe.app.process.Comput1.process  124 - *GB* LK-RLU3A-TOT-DATA-PROMO-ALLOW = 91810972
23:18:29.286 [main] INFO  com.cloudframe.app.process.Comput1.process  126 - *GB* LK-RLU3A-ACCT-PLAN-DATA-ALLOW = 291810972
23:18:29.286 [main] INFO  com.cloudframe.app.process.Comput1.process   76 - ___________________________________
23:18:29.286 [main] INFO  com.cloudframe.app.process.Comput1.process   78 - 967 . WS-OOSU-SHARED-ALLOW = 928051330
23:18:29.286 [main] INFO  com.cloudframe.app.process.Comput1.process   90 - *KB* LK-RLU3A-TOT-DATA-PROMO-ALLOW = 92717272
23:18:29.286 [main] INFO  com.cloudframe.app.process.Comput1.process   92 - *KB* LK-RLU3A-ACCT-PLAN-DATA-ALLOW = 292717272
23:18:29.286 [main] INFO  com.cloudframe.app.process.Comput1.process  108 - *MB* LK-RLU3A-TOT-DATA-PROMO-ALLOW = 92718157
23:18:29.286 [main] INFO  com.cloudframe.app.process.Comput1.process  110 - *MB* LK-RLU3A-ACCT-PLAN-DATA-ALLOW = 292718157
23:18:29.287 [main] INFO  com.cloudframe.app.process.Comput1.process  124 - *GB* LK-RLU3A-TOT-DATA-PROMO-ALLOW = 92718157
23:18:29.287 [main] INFO  com.cloudframe.app.process.Comput1.process  126 - *GB* LK-RLU3A-ACCT-PLAN-DATA-ALLOW = 292718157
23:18:29.287 [main] INFO  com.cloudframe.app.process.Comput1.process   76 - ___________________________________
23:18:29.287 [main] INFO  com.cloudframe.app.process.Comput1.process   78 - 968 . WS-OOSU-SHARED-ALLOW = 929972759
23:18:29.287 [main] INFO  com.cloudframe.app.process.Comput1.process   90 - *KB* LK-RLU3A-TOT-DATA-PROMO-ALLOW = 93626333
23:18:29.287 [main] INFO  com.cloudframe.app.process.Comput1.process   92 - *KB* LK-RLU3A-ACCT-PLAN-DATA-ALLOW = 293626333
23:18:29.287 [main] INFO  com.cloudframe.app.process.Comput1.process  108 - *MB* LK-RLU3A-TOT-DATA-PROMO-ALLOW = 93627219
23:18:29.287 [main] INFO  com.cloudframe.app.process.Comput1.process  110 - *MB* LK-RLU3A-ACCT-PLAN-DATA-ALLOW = 293627219
23:18:29.287 [main] INFO  com.cloudframe.app.process.Comput1.process  124 - *GB* LK-RLU3A-TOT-DATA-PROMO-ALLOW = 93627219
23:18:29.287 [main] INFO  com.cloudframe.app.process.Comput1.process  126 - *GB* LK-RLU3A-ACCT-PLAN-DATA-ALLOW = 293627219
23:18:29.288 [main] INFO  com.cloudframe.app.process.Comput1.process   76 - ___________________________________
23:18:29.288 [main] INFO  com.cloudframe.app.process.Comput1.process   78 - 969 . WS-OOSU-SHARED-ALLOW = 931896175
23:18:29.288 [main] INFO  com.cloudframe.app.process.Comput1.process   90 - *KB* LK-RLU3A-TOT-DATA-PROMO-ALLOW = 94537273
23:18:29.288 [main] INFO  com.cloudframe.app.process.Comput1.process   92 - *KB* LK-RLU3A-ACCT-PLAN-DATA-ALLOW = 294537273
23:18:29.288 [main] INFO  com.cloudframe.app.process.Comput1.process  108 - *MB* LK-RLU3A-TOT-DATA-PROMO-ALLOW = 94538161
23:18:29.288 [main] INFO  com.cloudframe.app.process.Comput1.process  110 - *MB* LK-RLU3A-ACCT-PLAN-DATA-ALLOW = 294538161
23:18:29.288 [main] INFO  com.cloudframe.app.process.Comput1.process  124 - *GB* LK-RLU3A-TOT-DATA-PROMO-ALLOW = 94538161
23:18:29.288 [main] INFO  com.cloudframe.app.process.Comput1.process  126 - *GB* LK-RLU3A-ACCT-PLAN-DATA-ALLOW = 294538161
23:18:29.288 [main] INFO  com.cloudframe.app.process.Comput1.process   76 - ___________________________________
23:18:29.288 [main] INFO  com.cloudframe.app.process.Comput1.process   78 - 970 . WS-OOSU-SHARED-ALLOW = 933821578
23:18:29.288 [main] INFO  com.cloudframe.app.process.Comput1.process   90 - *KB* LK-RLU3A-TOT-DATA-PROMO-ALLOW = 95450096
23:18:29.288 [main] INFO  com.cloudframe.app.process.Comput1.process   92 - *KB* LK-RLU3A-ACCT-PLAN-DATA-ALLOW = 295450096
23:18:29.289 [main] INFO  com.cloudframe.app.process.Comput1.process  108 - *MB* LK-RLU3A-TOT-DATA-PROMO-ALLOW = 95450986
23:18:29.289 [main] INFO  com.cloudframe.app.process.Comput1.process  110 - *MB* LK-RLU3A-ACCT-PLAN-DATA-ALLOW = 295450986
23:18:29.289 [main] INFO  com.cloudframe.app.process.Comput1.process  124 - *GB* LK-RLU3A-TOT-DATA-PROMO-ALLOW = 95450986
23:18:29.289 [main] INFO  com.cloudframe.app.process.Comput1.process  126 - *GB* LK-RLU3A-ACCT-PLAN-DATA-ALLOW = 295450986
23:18:29.289 [main] INFO  com.cloudframe.app.process.Comput1.process   76 - ___________________________________
23:18:29.289 [main] INFO  com.cloudframe.app.process.Comput1.process   78 - 971 . WS-OOSU-SHARED-ALLOW = 935748968
23:18:29.289 [main] INFO  com.cloudframe.app.process.Comput1.process   90 - *KB* LK-RLU3A-TOT-DATA-PROMO-ALLOW = 96364803
23:18:29.289 [main] INFO  com.cloudframe.app.process.Comput1.process   92 - *KB* LK-RLU3A-ACCT-PLAN-DATA-ALLOW = 296364803
23:18:29.289 [main] INFO  com.cloudframe.app.process.Comput1.process  108 - *MB* LK-RLU3A-TOT-DATA-PROMO-ALLOW = 96365695
23:18:29.289 [main] INFO  com.cloudframe.app.process.Comput1.process  110 - *MB* LK-RLU3A-ACCT-PLAN-DATA-ALLOW = 296365695
23:18:29.290 [main] INFO  com.cloudframe.app.process.Comput1.process  124 - *GB* LK-RLU3A-TOT-DATA-PROMO-ALLOW = 96365695
23:18:29.290 [main] INFO  com.cloudframe.app.process.Comput1.process  126 - *GB* LK-RLU3A-ACCT-PLAN-DATA-ALLOW = 296365695
23:18:29.290 [main] INFO  com.cloudframe.app.process.Comput1.process   76 - ___________________________________
23:18:29.290 [main] INFO  com.cloudframe.app.process.Comput1.process   78 - 972 . WS-OOSU-SHARED-ALLOW = 937678345
23:18:29.290 [main] INFO  com.cloudframe.app.process.Comput1.process   90 - *KB* LK-RLU3A-TOT-DATA-PROMO-ALLOW = 97281396
23:18:29.290 [main] INFO  com.cloudframe.app.process.Comput1.process   92 - *KB* LK-RLU3A-ACCT-PLAN-DATA-ALLOW = 297281396
23:18:29.290 [main] INFO  com.cloudframe.app.process.Comput1.process  108 - *MB* LK-RLU3A-TOT-DATA-PROMO-ALLOW = 97282290
23:18:29.291 [main] INFO  com.cloudframe.app.process.Comput1.process  110 - *MB* LK-RLU3A-ACCT-PLAN-DATA-ALLOW = 297282290
23:18:29.291 [main] INFO  com.cloudframe.app.process.Comput1.process  124 - *GB* LK-RLU3A-TOT-DATA-PROMO-ALLOW = 97282290
23:18:29.291 [main] INFO  com.cloudframe.app.process.Comput1.process  126 - *GB* LK-RLU3A-ACCT-PLAN-DATA-ALLOW = 297282290
23:18:29.291 [main] INFO  com.cloudframe.app.process.Comput1.process   76 - ___________________________________
23:18:29.291 [main] INFO  com.cloudframe.app.process.Comput1.process   78 - 973 . WS-OOSU-SHARED-ALLOW = 939609709
23:18:29.291 [main] INFO  com.cloudframe.app.process.Comput1.process   90 - *KB* LK-RLU3A-TOT-DATA-PROMO-ALLOW = 98199877
23:18:29.292 [main] INFO  com.cloudframe.app.process.Comput1.process   92 - *KB* LK-RLU3A-ACCT-PLAN-DATA-ALLOW = 298199877
23:18:29.292 [main] INFO  com.cloudframe.app.process.Comput1.process  108 - *MB* LK-RLU3A-TOT-DATA-PROMO-ALLOW = 98200773
23:18:29.292 [main] INFO  com.cloudframe.app.process.Comput1.process  110 - *MB* LK-RLU3A-ACCT-PLAN-DATA-ALLOW = 298200773
23:18:29.292 [main] INFO  com.cloudframe.app.process.Comput1.process  124 - *GB* LK-RLU3A-TOT-DATA-PROMO-ALLOW = 98200773
23:18:29.292 [main] INFO  com.cloudframe.app.process.Comput1.process  126 - *GB* LK-RLU3A-ACCT-PLAN-DATA-ALLOW = 298200773
23:18:29.292 [main] INFO  com.cloudframe.app.process.Comput1.process   76 - ___________________________________
23:18:29.292 [main] INFO  com.cloudframe.app.process.Comput1.process   78 - 974 . WS-OOSU-SHARED-ALLOW = 941543060
23:18:29.293 [main] INFO  com.cloudframe.app.process.Comput1.process   90 - *KB* LK-RLU3A-TOT-DATA-PROMO-ALLOW = 99120248
23:18:29.293 [main] INFO  com.cloudframe.app.process.Comput1.process   92 - *KB* LK-RLU3A-ACCT-PLAN-DATA-ALLOW = 299120248
23:18:29.293 [main] INFO  com.cloudframe.app.process.Comput1.process  108 - *MB* LK-RLU3A-TOT-DATA-PROMO-ALLOW = 99121145
23:18:29.293 [main] INFO  com.cloudframe.app.process.Comput1.process  110 - *MB* LK-RLU3A-ACCT-PLAN-DATA-ALLOW = 299121145
23:18:29.293 [main] INFO  com.cloudframe.app.process.Comput1.process  124 - *GB* LK-RLU3A-TOT-DATA-PROMO-ALLOW = 99121145
23:18:29.293 [main] INFO  com.cloudframe.app.process.Comput1.process  126 - *GB* LK-RLU3A-ACCT-PLAN-DATA-ALLOW = 299121145
23:18:29.293 [main] INFO  com.cloudframe.app.process.Comput1.process   76 - ___________________________________
23:18:29.293 [main] INFO  com.cloudframe.app.process.Comput1.process   78 - 975 . WS-OOSU-SHARED-ALLOW = 943478398
23:18:29.293 [main] INFO  com.cloudframe.app.process.Comput1.process   90 - *KB* LK-RLU3A-TOT-DATA-PROMO-ALLOW = 42510
23:18:29.293 [main] INFO  com.cloudframe.app.process.Comput1.process   92 - *KB* LK-RLU3A-ACCT-PLAN-DATA-ALLOW = 300042510
23:18:29.293 [main] INFO  com.cloudframe.app.process.Comput1.process  108 - *MB* LK-RLU3A-TOT-DATA-PROMO-ALLOW = 43409
23:18:29.294 [main] INFO  com.cloudframe.app.process.Comput1.process  110 - *MB* LK-RLU3A-ACCT-PLAN-DATA-ALLOW = 300043409
23:18:29.294 [main] INFO  com.cloudframe.app.process.Comput1.process  124 - *GB* LK-RLU3A-TOT-DATA-PROMO-ALLOW = 43409
23:18:29.294 [main] INFO  com.cloudframe.app.process.Comput1.process  126 - *GB* LK-RLU3A-ACCT-PLAN-DATA-ALLOW = 300043409
23:18:29.294 [main] INFO  com.cloudframe.app.process.Comput1.process   76 - ___________________________________
23:18:29.294 [main] INFO  com.cloudframe.app.process.Comput1.process   78 - 976 . WS-OOSU-SHARED-ALLOW = 945415723
23:18:29.294 [main] INFO  com.cloudframe.app.process.Comput1.process   90 - *KB* LK-RLU3A-TOT-DATA-PROMO-ALLOW = 966666
23:18:29.294 [main] INFO  com.cloudframe.app.process.Comput1.process   92 - *KB* LK-RLU3A-ACCT-PLAN-DATA-ALLOW = 300966666
23:18:29.294 [main] INFO  com.cloudframe.app.process.Comput1.process  108 - *MB* LK-RLU3A-TOT-DATA-PROMO-ALLOW = 967567
23:18:29.294 [main] INFO  com.cloudframe.app.process.Comput1.process  110 - *MB* LK-RLU3A-ACCT-PLAN-DATA-ALLOW = 300967567
23:18:29.294 [main] INFO  com.cloudframe.app.process.Comput1.process  124 - *GB* LK-RLU3A-TOT-DATA-PROMO-ALLOW = 967567
23:18:29.294 [main] INFO  com.cloudframe.app.process.Comput1.process  126 - *GB* LK-RLU3A-ACCT-PLAN-DATA-ALLOW = 300967567
23:18:29.295 [main] INFO  com.cloudframe.app.process.Comput1.process   76 - ___________________________________
23:18:29.295 [main] INFO  com.cloudframe.app.process.Comput1.process   78 - 977 . WS-OOSU-SHARED-ALLOW = 947355035
23:18:29.295 [main] INFO  com.cloudframe.app.process.Comput1.process   90 - *KB* LK-RLU3A-TOT-DATA-PROMO-ALLOW = 1892718
23:18:29.295 [main] INFO  com.cloudframe.app.process.Comput1.process   92 - *KB* LK-RLU3A-ACCT-PLAN-DATA-ALLOW = 301892718
23:18:29.295 [main] INFO  com.cloudframe.app.process.Comput1.process  108 - *MB* LK-RLU3A-TOT-DATA-PROMO-ALLOW = 1893621
23:18:29.295 [main] INFO  com.cloudframe.app.process.Comput1.process  110 - *MB* LK-RLU3A-ACCT-PLAN-DATA-ALLOW = 301893621
23:18:29.295 [main] INFO  com.cloudframe.app.process.Comput1.process  124 - *GB* LK-RLU3A-TOT-DATA-PROMO-ALLOW = 1893621
23:18:29.295 [main] INFO  com.cloudframe.app.process.Comput1.process  126 - *GB* LK-RLU3A-ACCT-PLAN-DATA-ALLOW = 301893621
23:18:29.295 [main] INFO  com.cloudframe.app.process.Comput1.process   76 - ___________________________________
23:18:29.295 [main] INFO  com.cloudframe.app.process.Comput1.process   78 - 978 . WS-OOSU-SHARED-ALLOW = 949296334
23:18:29.296 [main] INFO  com.cloudframe.app.process.Comput1.process   90 - *KB* LK-RLU3A-TOT-DATA-PROMO-ALLOW = 2820668
23:18:29.296 [main] INFO  com.cloudframe.app.process.Comput1.process   92 - *KB* LK-RLU3A-ACCT-PLAN-DATA-ALLOW = 302820668
23:18:29.296 [main] INFO  com.cloudframe.app.process.Comput1.process  108 - *MB* LK-RLU3A-TOT-DATA-PROMO-ALLOW = 2821573
23:18:29.296 [main] INFO  com.cloudframe.app.process.Comput1.process  110 - *MB* LK-RLU3A-ACCT-PLAN-DATA-ALLOW = 302821573
23:18:29.296 [main] INFO  com.cloudframe.app.process.Comput1.process  124 - *GB* LK-RLU3A-TOT-DATA-PROMO-ALLOW = 2821573
23:18:29.296 [main] INFO  com.cloudframe.app.process.Comput1.process  126 - *GB* LK-RLU3A-ACCT-PLAN-DATA-ALLOW = 302821573
23:18:29.296 [main] INFO  com.cloudframe.app.process.Comput1.process   76 - ___________________________________
23:18:29.296 [main] INFO  com.cloudframe.app.process.Comput1.process   78 - 979 . WS-OOSU-SHARED-ALLOW = 951239620
23:18:29.296 [main] INFO  com.cloudframe.app.process.Comput1.process   90 - *KB* LK-RLU3A-TOT-DATA-PROMO-ALLOW = 3750517
23:18:29.297 [main] INFO  com.cloudframe.app.process.Comput1.process   92 - *KB* LK-RLU3A-ACCT-PLAN-DATA-ALLOW = 303750517
23:18:29.297 [main] INFO  com.cloudframe.app.process.Comput1.process  108 - *MB* LK-RLU3A-TOT-DATA-PROMO-ALLOW = 3751424
23:18:29.297 [main] INFO  com.cloudframe.app.process.Comput1.process  110 - *MB* LK-RLU3A-ACCT-PLAN-DATA-ALLOW = 303751424
23:18:29.297 [main] INFO  com.cloudframe.app.process.Comput1.process  124 - *GB* LK-RLU3A-TOT-DATA-PROMO-ALLOW = 3751424
23:18:29.297 [main] INFO  com.cloudframe.app.process.Comput1.process  126 - *GB* LK-RLU3A-ACCT-PLAN-DATA-ALLOW = 303751424
23:18:29.297 [main] INFO  com.cloudframe.app.process.Comput1.process   76 - ___________________________________
23:18:29.297 [main] INFO  com.cloudframe.app.process.Comput1.process   78 - 980 . WS-OOSU-SHARED-ALLOW = 953184893
23:18:29.297 [main] INFO  com.cloudframe.app.process.Comput1.process   90 - *KB* LK-RLU3A-TOT-DATA-PROMO-ALLOW = 4682268
23:18:29.297 [main] INFO  com.cloudframe.app.process.Comput1.process   92 - *KB* LK-RLU3A-ACCT-PLAN-DATA-ALLOW = 304682268
23:18:29.297 [main] INFO  com.cloudframe.app.process.Comput1.process  108 - *MB* LK-RLU3A-TOT-DATA-PROMO-ALLOW = 4683177
23:18:29.298 [main] INFO  com.cloudframe.app.process.Comput1.process  110 - *MB* LK-RLU3A-ACCT-PLAN-DATA-ALLOW = 304683177
23:18:29.298 [main] INFO  com.cloudframe.app.process.Comput1.process  124 - *GB* LK-RLU3A-TOT-DATA-PROMO-ALLOW = 4683177
23:18:29.298 [main] INFO  com.cloudframe.app.process.Comput1.process  126 - *GB* LK-RLU3A-ACCT-PLAN-DATA-ALLOW = 304683177
23:18:29.298 [main] INFO  com.cloudframe.app.process.Comput1.process   76 - ___________________________________
23:18:29.298 [main] INFO  com.cloudframe.app.process.Comput1.process   78 - 981 . WS-OOSU-SHARED-ALLOW = 955132153
23:18:29.298 [main] INFO  com.cloudframe.app.process.Comput1.process   90 - *KB* LK-RLU3A-TOT-DATA-PROMO-ALLOW = 5615923
23:18:29.298 [main] INFO  com.cloudframe.app.process.Comput1.process   92 - *KB* LK-RLU3A-ACCT-PLAN-DATA-ALLOW = 305615923
23:18:29.298 [main] INFO  com.cloudframe.app.process.Comput1.process  108 - *MB* LK-RLU3A-TOT-DATA-PROMO-ALLOW = 5616833
23:18:29.298 [main] INFO  com.cloudframe.app.process.Comput1.process  110 - *MB* LK-RLU3A-ACCT-PLAN-DATA-ALLOW = 305616833
23:18:29.298 [main] INFO  com.cloudframe.app.process.Comput1.process  124 - *GB* LK-RLU3A-TOT-DATA-PROMO-ALLOW = 5616833
23:18:29.299 [main] INFO  com.cloudframe.app.process.Comput1.process  126 - *GB* LK-RLU3A-ACCT-PLAN-DATA-ALLOW = 305616833
23:18:29.299 [main] INFO  com.cloudframe.app.process.Comput1.process   76 - ___________________________________
23:18:29.299 [main] INFO  com.cloudframe.app.process.Comput1.process   78 - 982 . WS-OOSU-SHARED-ALLOW = 957081400
23:18:29.299 [main] INFO  com.cloudframe.app.process.Comput1.process   90 - *KB* LK-RLU3A-TOT-DATA-PROMO-ALLOW = 6551482
23:18:29.299 [main] INFO  com.cloudframe.app.process.Comput1.process   92 - *KB* LK-RLU3A-ACCT-PLAN-DATA-ALLOW = 306551482
23:18:29.299 [main] INFO  com.cloudframe.app.process.Comput1.process  108 - *MB* LK-RLU3A-TOT-DATA-PROMO-ALLOW = 6552394
23:18:29.299 [main] INFO  com.cloudframe.app.process.Comput1.process  110 - *MB* LK-RLU3A-ACCT-PLAN-DATA-ALLOW = 306552394
23:18:29.299 [main] INFO  com.cloudframe.app.process.Comput1.process  124 - *GB* LK-RLU3A-TOT-DATA-PROMO-ALLOW = 6552394
23:18:29.299 [main] INFO  com.cloudframe.app.process.Comput1.process  126 - *GB* LK-RLU3A-ACCT-PLAN-DATA-ALLOW = 306552394
23:18:29.299 [main] INFO  com.cloudframe.app.process.Comput1.process   76 - ___________________________________
23:18:29.300 [main] INFO  com.cloudframe.app.process.Comput1.process   78 - 983 . WS-OOSU-SHARED-ALLOW = 959032634
23:18:29.300 [main] INFO  com.cloudframe.app.process.Comput1.process   90 - *KB* LK-RLU3A-TOT-DATA-PROMO-ALLOW = 7488949
23:18:29.300 [main] INFO  com.cloudframe.app.process.Comput1.process   92 - *KB* LK-RLU3A-ACCT-PLAN-DATA-ALLOW = 307488949
23:18:29.300 [main] INFO  com.cloudframe.app.process.Comput1.process  108 - *MB* LK-RLU3A-TOT-DATA-PROMO-ALLOW = 7489863
23:18:29.300 [main] INFO  com.cloudframe.app.process.Comput1.process  110 - *MB* LK-RLU3A-ACCT-PLAN-DATA-ALLOW = 307489863
23:18:29.300 [main] INFO  com.cloudframe.app.process.Comput1.process  124 - *GB* LK-RLU3A-TOT-DATA-PROMO-ALLOW = 7489863
23:18:29.300 [main] INFO  com.cloudframe.app.process.Comput1.process  126 - *GB* LK-RLU3A-ACCT-PLAN-DATA-ALLOW = 307489863
23:18:29.300 [main] INFO  com.cloudframe.app.process.Comput1.process   76 - ___________________________________
23:18:29.300 [main] INFO  com.cloudframe.app.process.Comput1.process   78 - 984 . WS-OOSU-SHARED-ALLOW = 960985855
23:18:29.300 [main] INFO  com.cloudframe.app.process.Comput1.process   90 - *KB* LK-RLU3A-TOT-DATA-PROMO-ALLOW = 8428325
23:18:29.300 [main] INFO  com.cloudframe.app.process.Comput1.process   92 - *KB* LK-RLU3A-ACCT-PLAN-DATA-ALLOW = 308428325
23:18:29.301 [main] INFO  com.cloudframe.app.process.Comput1.process  108 - *MB* LK-RLU3A-TOT-DATA-PROMO-ALLOW = 8429241
23:18:29.301 [main] INFO  com.cloudframe.app.process.Comput1.process  110 - *MB* LK-RLU3A-ACCT-PLAN-DATA-ALLOW = 308429241
23:18:29.301 [main] INFO  com.cloudframe.app.process.Comput1.process  124 - *GB* LK-RLU3A-TOT-DATA-PROMO-ALLOW = 8429241
23:18:29.301 [main] INFO  com.cloudframe.app.process.Comput1.process  126 - *GB* LK-RLU3A-ACCT-PLAN-DATA-ALLOW = 308429241
23:18:29.301 [main] INFO  com.cloudframe.app.process.Comput1.process   76 - ___________________________________
23:18:29.301 [main] INFO  com.cloudframe.app.process.Comput1.process   78 - 985 . WS-OOSU-SHARED-ALLOW = 962941063
23:18:29.301 [main] INFO  com.cloudframe.app.process.Comput1.process   90 - *KB* LK-RLU3A-TOT-DATA-PROMO-ALLOW = 9369613
23:18:29.301 [main] INFO  com.cloudframe.app.process.Comput1.process   92 - *KB* LK-RLU3A-ACCT-PLAN-DATA-ALLOW = 309369613
23:18:29.301 [main] INFO  com.cloudframe.app.process.Comput1.process  108 - *MB* LK-RLU3A-TOT-DATA-PROMO-ALLOW = 9370531
23:18:29.301 [main] INFO  com.cloudframe.app.process.Comput1.process  110 - *MB* LK-RLU3A-ACCT-PLAN-DATA-ALLOW = 309370531
23:18:29.302 [main] INFO  com.cloudframe.app.process.Comput1.process  124 - *GB* LK-RLU3A-TOT-DATA-PROMO-ALLOW = 9370531
23:18:29.302 [main] INFO  com.cloudframe.app.process.Comput1.process  126 - *GB* LK-RLU3A-ACCT-PLAN-DATA-ALLOW = 309370531
23:18:29.302 [main] INFO  com.cloudframe.app.process.Comput1.process   76 - ___________________________________
23:18:29.302 [main] INFO  com.cloudframe.app.process.Comput1.process   78 - 986 . WS-OOSU-SHARED-ALLOW = 964898258
23:18:29.302 [main] INFO  com.cloudframe.app.process.Comput1.process   90 - *KB* LK-RLU3A-TOT-DATA-PROMO-ALLOW = 10312814
23:18:29.302 [main] INFO  com.cloudframe.app.process.Comput1.process   92 - *KB* LK-RLU3A-ACCT-PLAN-DATA-ALLOW = 310312814
23:18:29.302 [main] INFO  com.cloudframe.app.process.Comput1.process  108 - *MB* LK-RLU3A-TOT-DATA-PROMO-ALLOW = 10313734
23:18:29.302 [main] INFO  com.cloudframe.app.process.Comput1.process  110 - *MB* LK-RLU3A-ACCT-PLAN-DATA-ALLOW = 310313734
23:18:29.302 [main] INFO  com.cloudframe.app.process.Comput1.process  124 - *GB* LK-RLU3A-TOT-DATA-PROMO-ALLOW = 10313734
23:18:29.302 [main] INFO  com.cloudframe.app.process.Comput1.process  126 - *GB* LK-RLU3A-ACCT-PLAN-DATA-ALLOW = 310313734
23:18:29.303 [main] INFO  com.cloudframe.app.process.Comput1.process   76 - ___________________________________
23:18:29.303 [main] INFO  com.cloudframe.app.process.Comput1.process   78 - 987 . WS-OOSU-SHARED-ALLOW = 966857440
23:18:29.303 [main] INFO  com.cloudframe.app.process.Comput1.process   90 - *KB* LK-RLU3A-TOT-DATA-PROMO-ALLOW = 11257930
23:18:29.303 [main] INFO  com.cloudframe.app.process.Comput1.process   92 - *KB* LK-RLU3A-ACCT-PLAN-DATA-ALLOW = 311257930
23:18:29.303 [main] INFO  com.cloudframe.app.process.Comput1.process  108 - *MB* LK-RLU3A-TOT-DATA-PROMO-ALLOW = 11258852
23:18:29.303 [main] INFO  com.cloudframe.app.process.Comput1.process  110 - *MB* LK-RLU3A-ACCT-PLAN-DATA-ALLOW = 311258852
23:18:29.303 [main] INFO  com.cloudframe.app.process.Comput1.process  124 - *GB* LK-RLU3A-TOT-DATA-PROMO-ALLOW = 11258852
23:18:29.303 [main] INFO  com.cloudframe.app.process.Comput1.process  126 - *GB* LK-RLU3A-ACCT-PLAN-DATA-ALLOW = 311258852
23:18:29.303 [main] INFO  com.cloudframe.app.process.Comput1.process   76 - ___________________________________
23:18:29.303 [main] INFO  com.cloudframe.app.process.Comput1.process   78 - 988 . WS-OOSU-SHARED-ALLOW = 968818609
23:18:29.304 [main] INFO  com.cloudframe.app.process.Comput1.process   90 - *KB* LK-RLU3A-TOT-DATA-PROMO-ALLOW = 12204963
23:18:29.304 [main] INFO  com.cloudframe.app.process.Comput1.process   92 - *KB* LK-RLU3A-ACCT-PLAN-DATA-ALLOW = 312204963
23:18:29.304 [main] INFO  com.cloudframe.app.process.Comput1.process  108 - *MB* LK-RLU3A-TOT-DATA-PROMO-ALLOW = 12205886
23:18:29.304 [main] INFO  com.cloudframe.app.process.Comput1.process  110 - *MB* LK-RLU3A-ACCT-PLAN-DATA-ALLOW = 312205886
23:18:29.304 [main] INFO  com.cloudframe.app.process.Comput1.process  124 - *GB* LK-RLU3A-TOT-DATA-PROMO-ALLOW = 12205886
23:18:29.304 [main] INFO  com.cloudframe.app.process.Comput1.process  126 - *GB* LK-RLU3A-ACCT-PLAN-DATA-ALLOW = 312205886
23:18:29.304 [main] INFO  com.cloudframe.app.process.Comput1.process   76 - ___________________________________
23:18:29.304 [main] INFO  com.cloudframe.app.process.Comput1.process   78 - 989 . WS-OOSU-SHARED-ALLOW = 970781765
23:18:29.304 [main] INFO  com.cloudframe.app.process.Comput1.process   90 - *KB* LK-RLU3A-TOT-DATA-PROMO-ALLOW = 13153915
23:18:29.304 [main] INFO  com.cloudframe.app.process.Comput1.process   92 - *KB* LK-RLU3A-ACCT-PLAN-DATA-ALLOW = 313153915
23:18:29.305 [main] INFO  com.cloudframe.app.process.Comput1.process  108 - *MB* LK-RLU3A-TOT-DATA-PROMO-ALLOW = 13154840
23:18:29.305 [main] INFO  com.cloudframe.app.process.Comput1.process  110 - *MB* LK-RLU3A-ACCT-PLAN-DATA-ALLOW = 313154840
23:18:29.305 [main] INFO  com.cloudframe.app.process.Comput1.process  124 - *GB* LK-RLU3A-TOT-DATA-PROMO-ALLOW = 13154840
23:18:29.305 [main] INFO  com.cloudframe.app.process.Comput1.process  126 - *GB* LK-RLU3A-ACCT-PLAN-DATA-ALLOW = 313154840
23:18:29.305 [main] INFO  com.cloudframe.app.process.Comput1.process   76 - ___________________________________
23:18:29.305 [main] INFO  com.cloudframe.app.process.Comput1.process   78 - 990 . WS-OOSU-SHARED-ALLOW = 972746908
23:18:29.305 [main] INFO  com.cloudframe.app.process.Comput1.process   90 - *KB* LK-RLU3A-TOT-DATA-PROMO-ALLOW = 14104788
23:18:29.305 [main] INFO  com.cloudframe.app.process.Comput1.process   92 - *KB* LK-RLU3A-ACCT-PLAN-DATA-ALLOW = 314104788
23:18:29.305 [main] INFO  com.cloudframe.app.process.Comput1.process  108 - *MB* LK-RLU3A-TOT-DATA-PROMO-ALLOW = 14105715
23:18:29.306 [main] INFO  com.cloudframe.app.process.Comput1.process  110 - *MB* LK-RLU3A-ACCT-PLAN-DATA-ALLOW = 314105715
23:18:29.306 [main] INFO  com.cloudframe.app.process.Comput1.process  124 - *GB* LK-RLU3A-TOT-DATA-PROMO-ALLOW = 14105715
23:18:29.306 [main] INFO  com.cloudframe.app.process.Comput1.process  126 - *GB* LK-RLU3A-ACCT-PLAN-DATA-ALLOW = 314105715
23:18:29.306 [main] INFO  com.cloudframe.app.process.Comput1.process   76 - ___________________________________
23:18:29.306 [main] INFO  com.cloudframe.app.process.Comput1.process   78 - 991 . WS-OOSU-SHARED-ALLOW = 974714038
23:18:29.306 [main] INFO  com.cloudframe.app.process.Comput1.process   90 - *KB* LK-RLU3A-TOT-DATA-PROMO-ALLOW = 15057584
23:18:29.306 [main] INFO  com.cloudframe.app.process.Comput1.process   92 - *KB* LK-RLU3A-ACCT-PLAN-DATA-ALLOW = 315057584
23:18:29.306 [main] INFO  com.cloudframe.app.process.Comput1.process  108 - *MB* LK-RLU3A-TOT-DATA-PROMO-ALLOW = 15058513
23:18:29.306 [main] INFO  com.cloudframe.app.process.Comput1.process  110 - *MB* LK-RLU3A-ACCT-PLAN-DATA-ALLOW = 315058513
23:18:29.306 [main] INFO  com.cloudframe.app.process.Comput1.process  124 - *GB* LK-RLU3A-TOT-DATA-PROMO-ALLOW = 15058513
23:18:29.306 [main] INFO  com.cloudframe.app.process.Comput1.process  126 - *GB* LK-RLU3A-ACCT-PLAN-DATA-ALLOW = 315058513
23:18:29.306 [main] INFO  com.cloudframe.app.process.Comput1.process   76 - ___________________________________
23:18:29.306 [main] INFO  com.cloudframe.app.process.Comput1.process   78 - 992 . WS-OOSU-SHARED-ALLOW = 976683155
23:18:29.307 [main] INFO  com.cloudframe.app.process.Comput1.process   90 - *KB* LK-RLU3A-TOT-DATA-PROMO-ALLOW = 16012305
23:18:29.307 [main] INFO  com.cloudframe.app.process.Comput1.process   92 - *KB* LK-RLU3A-ACCT-PLAN-DATA-ALLOW = 316012305
23:18:29.307 [main] INFO  com.cloudframe.app.process.Comput1.process  108 - *MB* LK-RLU3A-TOT-DATA-PROMO-ALLOW = 16013236
23:18:29.307 [main] INFO  com.cloudframe.app.process.Comput1.process  110 - *MB* LK-RLU3A-ACCT-PLAN-DATA-ALLOW = 316013236
23:18:29.307 [main] INFO  com.cloudframe.app.process.Comput1.process  124 - *GB* LK-RLU3A-TOT-DATA-PROMO-ALLOW = 16013236
23:18:29.307 [main] INFO  com.cloudframe.app.process.Comput1.process  126 - *GB* LK-RLU3A-ACCT-PLAN-DATA-ALLOW = 316013236
23:18:29.307 [main] INFO  com.cloudframe.app.process.Comput1.process   76 - ___________________________________
23:18:29.307 [main] INFO  com.cloudframe.app.process.Comput1.process   78 - 993 . WS-OOSU-SHARED-ALLOW = 978654259
23:18:29.307 [main] INFO  com.cloudframe.app.process.Comput1.process   90 - *KB* LK-RLU3A-TOT-DATA-PROMO-ALLOW = 16968953
23:18:29.307 [main] INFO  com.cloudframe.app.process.Comput1.process   92 - *KB* LK-RLU3A-ACCT-PLAN-DATA-ALLOW = 316968953
23:18:29.308 [main] INFO  com.cloudframe.app.process.Comput1.process  108 - *MB* LK-RLU3A-TOT-DATA-PROMO-ALLOW = 16969886
23:18:29.308 [main] INFO  com.cloudframe.app.process.Comput1.process  110 - *MB* LK-RLU3A-ACCT-PLAN-DATA-ALLOW = 316969886
23:18:29.308 [main] INFO  com.cloudframe.app.process.Comput1.process  124 - *GB* LK-RLU3A-TOT-DATA-PROMO-ALLOW = 16969886
23:18:29.308 [main] INFO  com.cloudframe.app.process.Comput1.process  126 - *GB* LK-RLU3A-ACCT-PLAN-DATA-ALLOW = 316969886
23:18:29.308 [main] INFO  com.cloudframe.app.process.Comput1.process   76 - ___________________________________
23:18:29.308 [main] INFO  com.cloudframe.app.process.Comput1.process   78 - 994 . WS-OOSU-SHARED-ALLOW = 980627350
23:18:29.308 [main] INFO  com.cloudframe.app.process.Comput1.process   90 - *KB* LK-RLU3A-TOT-DATA-PROMO-ALLOW = 17927529
23:18:29.308 [main] INFO  com.cloudframe.app.process.Comput1.process   92 - *KB* LK-RLU3A-ACCT-PLAN-DATA-ALLOW = 317927529
23:18:29.308 [main] INFO  com.cloudframe.app.process.Comput1.process  108 - *MB* LK-RLU3A-TOT-DATA-PROMO-ALLOW = 17928464
23:18:29.308 [main] INFO  com.cloudframe.app.process.Comput1.process  110 - *MB* LK-RLU3A-ACCT-PLAN-DATA-ALLOW = 317928464
23:18:29.309 [main] INFO  com.cloudframe.app.process.Comput1.process  124 - *GB* LK-RLU3A-TOT-DATA-PROMO-ALLOW = 17928464
23:18:29.309 [main] INFO  com.cloudframe.app.process.Comput1.process  126 - *GB* LK-RLU3A-ACCT-PLAN-DATA-ALLOW = 317928464
23:18:29.309 [main] INFO  com.cloudframe.app.process.Comput1.process   76 - ___________________________________
23:18:29.309 [main] INFO  com.cloudframe.app.process.Comput1.process   78 - 995 . WS-OOSU-SHARED-ALLOW = 982602428
23:18:29.309 [main] INFO  com.cloudframe.app.process.Comput1.process   90 - *KB* LK-RLU3A-TOT-DATA-PROMO-ALLOW = 18888036
23:18:29.309 [main] INFO  com.cloudframe.app.process.Comput1.process   92 - *KB* LK-RLU3A-ACCT-PLAN-DATA-ALLOW = 318888036
23:18:29.309 [main] INFO  com.cloudframe.app.process.Comput1.process  108 - *MB* LK-RLU3A-TOT-DATA-PROMO-ALLOW = 18888973
23:18:29.309 [main] INFO  com.cloudframe.app.process.Comput1.process  110 - *MB* LK-RLU3A-ACCT-PLAN-DATA-ALLOW = 318888973
23:18:29.309 [main] INFO  com.cloudframe.app.process.Comput1.process  124 - *GB* LK-RLU3A-TOT-DATA-PROMO-ALLOW = 18888973
23:18:29.309 [main] INFO  com.cloudframe.app.process.Comput1.process  126 - *GB* LK-RLU3A-ACCT-PLAN-DATA-ALLOW = 318888973
23:18:29.309 [main] INFO  com.cloudframe.app.process.Comput1.process   76 - ___________________________________
23:18:29.309 [main] INFO  com.cloudframe.app.process.Comput1.process   78 - 996 . WS-OOSU-SHARED-ALLOW = 984579493
23:18:29.309 [main] INFO  com.cloudframe.app.process.Comput1.process   90 - *KB* LK-RLU3A-TOT-DATA-PROMO-ALLOW = 19850476
23:18:29.309 [main] INFO  com.cloudframe.app.process.Comput1.process   92 - *KB* LK-RLU3A-ACCT-PLAN-DATA-ALLOW = 319850476
23:18:29.309 [main] INFO  com.cloudframe.app.process.Comput1.process  108 - *MB* LK-RLU3A-TOT-DATA-PROMO-ALLOW = 19851414
23:18:29.309 [main] INFO  com.cloudframe.app.process.Comput1.process  110 - *MB* LK-RLU3A-ACCT-PLAN-DATA-ALLOW = 319851414
23:18:29.309 [main] INFO  com.cloudframe.app.process.Comput1.process  124 - *GB* LK-RLU3A-TOT-DATA-PROMO-ALLOW = 19851414
23:18:29.310 [main] INFO  com.cloudframe.app.process.Comput1.process  126 - *GB* LK-RLU3A-ACCT-PLAN-DATA-ALLOW = 319851414
23:18:29.310 [main] INFO  com.cloudframe.app.process.Comput1.process   76 - ___________________________________
23:18:29.310 [main] INFO  com.cloudframe.app.process.Comput1.process   78 - 997 . WS-OOSU-SHARED-ALLOW = 986558545
23:18:29.310 [main] INFO  com.cloudframe.app.process.Comput1.process   90 - *KB* LK-RLU3A-TOT-DATA-PROMO-ALLOW = 20814850
23:18:29.310 [main] INFO  com.cloudframe.app.process.Comput1.process   92 - *KB* LK-RLU3A-ACCT-PLAN-DATA-ALLOW = 320814850
23:18:29.310 [main] INFO  com.cloudframe.app.process.Comput1.process  108 - *MB* LK-RLU3A-TOT-DATA-PROMO-ALLOW = 20815790
23:18:29.310 [main] INFO  com.cloudframe.app.process.Comput1.process  110 - *MB* LK-RLU3A-ACCT-PLAN-DATA-ALLOW = 320815790
23:18:29.310 [main] INFO  com.cloudframe.app.process.Comput1.process  124 - *GB* LK-RLU3A-TOT-DATA-PROMO-ALLOW = 20815790
23:18:29.310 [main] INFO  com.cloudframe.app.process.Comput1.process  126 - *GB* LK-RLU3A-ACCT-PLAN-DATA-ALLOW = 320815790
23:18:29.310 [main] INFO  com.cloudframe.app.process.Comput1.process   76 - ___________________________________
23:18:29.311 [main] INFO  com.cloudframe.app.process.Comput1.process   78 - 998 . WS-OOSU-SHARED-ALLOW = 988539584
23:18:29.311 [main] INFO  com.cloudframe.app.process.Comput1.process   90 - *KB* LK-RLU3A-TOT-DATA-PROMO-ALLOW = 21781160
23:18:29.311 [main] INFO  com.cloudframe.app.process.Comput1.process   92 - *KB* LK-RLU3A-ACCT-PLAN-DATA-ALLOW = 321781160
23:18:29.311 [main] INFO  com.cloudframe.app.process.Comput1.process  108 - *MB* LK-RLU3A-TOT-DATA-PROMO-ALLOW = 21782102
23:18:29.311 [main] INFO  com.cloudframe.app.process.Comput1.process  110 - *MB* LK-RLU3A-ACCT-PLAN-DATA-ALLOW = 321782102
23:18:29.311 [main] INFO  com.cloudframe.app.process.Comput1.process  124 - *GB* LK-RLU3A-TOT-DATA-PROMO-ALLOW = 21782102
23:18:29.311 [main] INFO  com.cloudframe.app.process.Comput1.process  126 - *GB* LK-RLU3A-ACCT-PLAN-DATA-ALLOW = 321782102
23:18:29.311 [main] INFO  com.cloudframe.app.process.Comput1.process   76 - ___________________________________
23:18:29.311 [main] INFO  com.cloudframe.app.process.Comput1.process   78 - 999 . WS-OOSU-SHARED-ALLOW = 990522610
23:18:29.312 [main] INFO  com.cloudframe.app.process.Comput1.process   90 - *KB* LK-RLU3A-TOT-DATA-PROMO-ALLOW = 22749409
23:18:29.312 [main] INFO  com.cloudframe.app.process.Comput1.process   92 - *KB* LK-RLU3A-ACCT-PLAN-DATA-ALLOW = 322749409
23:18:29.312 [main] INFO  com.cloudframe.app.process.Comput1.process  108 - *MB* LK-RLU3A-TOT-DATA-PROMO-ALLOW = 22750353
23:18:29.312 [main] INFO  com.cloudframe.app.process.Comput1.process  110 - *MB* LK-RLU3A-ACCT-PLAN-DATA-ALLOW = 322750353
23:18:29.312 [main] INFO  com.cloudframe.app.process.Comput1.process  124 - *GB* LK-RLU3A-TOT-DATA-PROMO-ALLOW = 22750353
23:18:29.312 [main] INFO  com.cloudframe.app.process.Comput1.process  126 - *GB* LK-RLU3A-ACCT-PLAN-DATA-ALLOW = 322750353
23:18:29.312 [main] INFO  com.cloudframe.app.process.Comput1.process   76 - ___________________________________
23:18:29.312 [main] INFO  com.cloudframe.app.process.Comput1.process   78 - 1000 . WS-OOSU-SHARED-ALLOW = 992507623
23:18:29.312 [main] INFO  com.cloudframe.app.process.Comput1.process   90 - *KB* LK-RLU3A-TOT-DATA-PROMO-ALLOW = 23719598
23:18:29.312 [main] INFO  com.cloudframe.app.process.Comput1.process   92 - *KB* LK-RLU3A-ACCT-PLAN-DATA-ALLOW = 323719598
23:18:29.312 [main] INFO  com.cloudframe.app.process.Comput1.process  108 - *MB* LK-RLU3A-TOT-DATA-PROMO-ALLOW = 23720544
23:18:29.313 [main] INFO  com.cloudframe.app.process.Comput1.process  110 - *MB* LK-RLU3A-ACCT-PLAN-DATA-ALLOW = 323720544
23:18:29.313 [main] INFO  com.cloudframe.app.process.Comput1.process  124 - *GB* LK-RLU3A-TOT-DATA-PROMO-ALLOW = 23720544
23:18:29.313 [main] INFO  com.cloudframe.app.process.Comput1.process  126 - *GB* LK-RLU3A-ACCT-PLAN-DATA-ALLOW = 323720544
