05:38:19.701 [main] INFO  o.s.boot.StartupInfoLogger.logStarting   50 - Starting CFApplication v0.0.1-SNAPSHOT using Java 17.0.14 with PID 3944178 (/home/jenkins/workspace/CFTestAutomation_Release/Testing/results/sgr/WM001/WM001/target/WM001-0.0.1-SNAPSHOT.jar started by root in /home/jenkins/workspace/CFTestAutomation_Release/Testing/results/sgr/WM001/WM001)
05:38:19.708 [main] INFO  o.s.boot.SpringApplication.logStartupProfileInfo  654 - No active profile set, falling back to 1 default profile: "default"
05:38:21.670 [main] INFO  o.s.boot.StartupInfoLogger.logStarted   56 - Started CFApplication in 3.513 seconds (process running for 4.737)
05:38:21.686 [main] INFO  c.c.app.utility.CFConfiguration.cfDataConnectIOInfo  107 - CFDataConnectIO version : 5.0.0.21
05:38:21.776 [main] INFO  com.cloudframe.app.process.Wm001.startPgm   92 - *----------------------------------- 01 -----------------------------------*
05:38:21.776 [main] INFO  com.cloudframe.app.process.Wm002.startPgm  602 - IN 000-START-PGM : WS-CALL-COUNT = 1
05:38:21.777 [main] INFO  com.cloudframe.app.process.Wm002.notifyAnalyst 3269 - 900-NOTIFY-ANALYST              
05:38:21.777 [main] INFO  com.cloudframe.app.process.Wm002.getCpm  672 - IN 005-GET-CPM
05:38:21.778 [main] INFO  com.cloudframe.app.process.Wm002.getCutoffTime  687 - IN 006-GET-CUTOFF-TIME
05:38:21.778 [main] INFO  com.cloudframe.app.process.Wm002.checkForEemAndBeq  657 - IN 004-CHECK-FOR-EEM-AND-BEQ
05:38:21.778 [main] INFO  com.cloudframe.app.process.Wm002.openFiles  702 - IN 010-OPEN-FILES
05:38:21.778 [main] INFO  com.cloudframe.app.process.Wm002.verifyHeader  723 - IN 020-VERIFY-HEADER
05:38:21.779 [main] INFO  com.cloudframe.app.process.Wm002.processResponse 3407 - B100-PROCESS-RESPONSE           
05:38:21.779 [main] INFO  com.cloudframe.app.process.Wm002.rejectInputFile  817 - 030-REJECT-INPUT-FILE
05:38:21.779 [main] INFO  com.cloudframe.app.process.Wm002.processInputFile  902 - 030-PROCESS-INPUT-FILE
05:38:21.779 [main] INFO  com.cloudframe.app.process.Wm002.notifyAnalyst 3269 - 900-NOTIFY-ANALYST              
05:38:21.780 [main] INFO  com.cloudframe.app.process.Wm002.endOfJob 1548 - 099-END-OF-JOB
05:38:21.780 [main] INFO  com.cloudframe.app.process.Wm002.writeGoodRecords 3437 - F100-WRITE-GOOD-RECORDS         
05:38:21.780 [main] INFO  com.cloudframe.app.process.Wm002.writeResponseHold 3457 - F120-WRITE-RESPONSE-HOLD        
05:38:21.780 [main] INFO  com.cloudframe.app.process.Wm002.writeSummary 3472 - F200-WRITE-SUMMARY              
05:38:21.780 [main] INFO  com.cloudframe.app.process.Wm002.writeAllInputRecords 3749 - H100-WRITE-ALL-INPUT-RECORDS    
05:38:21.781 [main] INFO  com.cloudframe.app.process.Wm002.writeAllResponses 3764 - H300-WRITE-ALL-RESPONSES        
05:38:21.781 [main] INFO  com.cloudframe.app.process.Wm002.badPlanidCheck 1103 - 030-BAD-PLANID-CHECK
05:38:21.781 [main] INFO  com.cloudframe.app.process.Wm002.continue030 1522 - 030-CONTINUE
05:38:21.782 [main] INFO  com.cloudframe.app.process.Wm002.processResponse 3407 - B100-PROCESS-RESPONSE           
05:38:21.782 [main] INFO  com.cloudframe.app.process.Wm001.startPgm   97 -  
05:38:21.782 [main] INFO  com.cloudframe.app.process.Wm001.startPgm   92 - *----------------------------------- 02 -----------------------------------*
05:38:21.782 [main] INFO  com.cloudframe.app.process.Wm002.startPgm  602 - IN 000-START-PGM : WS-CALL-COUNT = 2
05:38:21.782 [main] INFO  com.cloudframe.app.process.Wm002.notifyAnalyst 3269 - 900-NOTIFY-ANALYST              
05:38:21.783 [main] INFO  com.cloudframe.app.process.Wm002.getCpm  672 - IN 005-GET-CPM
05:38:21.783 [main] INFO  com.cloudframe.app.process.Wm002.getCutoffTime  687 - IN 006-GET-CUTOFF-TIME
05:38:21.783 [main] INFO  com.cloudframe.app.process.Wm002.checkForEemAndBeq  657 - IN 004-CHECK-FOR-EEM-AND-BEQ
05:38:21.783 [main] INFO  com.cloudframe.app.process.Wm002.openFiles  702 - IN 010-OPEN-FILES
05:38:21.783 [main] INFO  com.cloudframe.app.process.Wm002.verifyHeader  723 - IN 020-VERIFY-HEADER
05:38:21.784 [main] INFO  com.cloudframe.app.process.Wm002.validateBatchFileTypeA301 3392 - A301-VALIDATE-BATCH-FILE-TYPE   
05:38:21.784 [main] INFO  com.cloudframe.app.process.Wm002.rejectInputFile  817 - 030-REJECT-INPUT-FILE
05:38:21.784 [main] INFO  com.cloudframe.app.process.Wm002.processInputFile  902 - 030-PROCESS-INPUT-FILE
05:38:21.784 [main] INFO  com.cloudframe.app.process.Wm002.chkIfMbi 4055 - Z666-CHK-IF-MBI                 
05:38:21.784 [main] INFO  com.cloudframe.app.process.Wm002.notifyAnalyst 3269 - 900-NOTIFY-ANALYST              
05:38:21.785 [main] INFO  com.cloudframe.app.process.Wm002.endOfJob 1548 - 099-END-OF-JOB
05:38:21.785 [main] INFO  com.cloudframe.app.process.Wm002.writeGoodRecords 3437 - F100-WRITE-GOOD-RECORDS         
05:38:21.785 [main] INFO  com.cloudframe.app.process.Wm002.writeResponseHold 3457 - F120-WRITE-RESPONSE-HOLD        
05:38:21.785 [main] INFO  com.cloudframe.app.process.Wm002.writeSummary 3472 - F200-WRITE-SUMMARY              
05:38:21.785 [main] INFO  com.cloudframe.app.process.Wm002.writeAllInputRecords 3749 - H100-WRITE-ALL-INPUT-RECORDS    
05:38:21.786 [main] INFO  com.cloudframe.app.process.Wm002.writeAllResponses 3764 - H300-WRITE-ALL-RESPONSES        
05:38:21.786 [main] INFO  com.cloudframe.app.process.Wm002.badPlanidCheck 1103 - 030-BAD-PLANID-CHECK
05:38:21.787 [main] INFO  com.cloudframe.app.process.Wm002.editAccretionTrans 1576 - 200-EDIT-ACCRETION-TRANS
05:38:21.787 [main] INFO  com.cloudframe.app.process.Wm002.editCommonFields 2134 - 400-EDIT-COMMON-FIELDS
05:38:21.787 [main] INFO  com.cloudframe.app.process.Wm002.editSex 2149 - 430-EDIT-SEX
05:38:21.787 [main] INFO  com.cloudframe.app.process.Wm002.editBday 2164 - 432-EDIT-BDAY
05:38:21.788 [main] INFO  com.cloudframe.app.process.Wm002.editPlan 2179 - 435-EDIT-PLAN
05:38:21.788 [main] INFO  com.cloudframe.app.process.Wm002.editEffdte440 2194 - 440-EDIT-EFFDTE
05:38:21.788 [main] INFO  com.cloudframe.app.process.Wm002.editEffdteExit 2209 - 440-EDIT-EFFDTE-EXIT
05:38:21.788 [main] INFO  com.cloudframe.app.process.Wm002.processResponse 3407 - B100-PROCESS-RESPONSE           
05:38:21.789 [main] INFO  com.cloudframe.app.process.Wm002.beqrElig 3971 - O300-BEQR-ELIG                  
05:38:21.789 [main] INFO  com.cloudframe.app.process.Wm002.mbdElig 3862 - O105-MBD-ELIG                   
05:38:21.789 [main] INFO  com.cloudframe.app.process.Wm002.rxEditType606171 2716 - 472-RX-EDIT-TYPE-60-61-71       
05:38:21.790 [main] INFO  com.cloudframe.app.process.Wm002.maElectionLimits 2587 - 450-MA-ELECTION-LIMITS          
05:38:21.790 [main] INFO  com.cloudframe.app.process.Wm002.calcIcepPADate 3284 - 1000-CALC-ICEP-P-A-DATE         
05:38:21.790 [main] INFO  com.cloudframe.app.process.Wm002.calcIcepPBDate 3299 - 1001-CALC-ICEP-P-B-DATE         
05:38:21.790 [main] INFO  com.cloudframe.app.process.Wm002.calcIepDobDate 3314 - 1002-CALC-IEP-DOB-DATE          
05:38:21.791 [main] INFO  com.cloudframe.app.process.Wm002.calcIepPDDate 3329 - 1003-CALC-IEP-P-D-DATE          
05:38:21.791 [main] INFO  com.cloudframe.app.process.Wm002.editMaFields 2686 - 460-EDIT-MA-FIELDS              
05:38:21.791 [main] INFO  com.cloudframe.app.process.Wm002.maElectionLimits 2587 - 450-MA-ELECTION-LIMITS          
05:38:21.792 [main] INFO  com.cloudframe.app.process.Wm002.calcIcepPADate 3284 - 1000-CALC-ICEP-P-A-DATE         
05:38:21.792 [main] INFO  com.cloudframe.app.process.Wm002.calcIcepPBDate 3299 - 1001-CALC-ICEP-P-B-DATE         
05:38:21.793 [main] INFO  com.cloudframe.app.process.Wm002.calcIepDobDate 3314 - 1002-CALC-IEP-DOB-DATE          
05:38:21.793 [main] INFO  com.cloudframe.app.process.Wm002.calcIepPDDate 3329 - 1003-CALC-IEP-P-D-DATE          
05:38:21.793 [main] INFO  com.cloudframe.app.process.Wm002.editMaFields 2686 - 460-EDIT-MA-FIELDS              
05:38:21.793 [main] INFO  com.cloudframe.app.process.Wm002.editPdFields 2701 - 470-EDIT-PD-FIELDS              
05:38:21.794 [main] INFO  com.cloudframe.app.process.Wm002.pdElectionLimits 2671 - 455-PD-ELECTION-LIMITS          
05:38:21.794 [main] INFO  com.cloudframe.app.process.Wm002.editPdFields 2701 - 470-EDIT-PD-FIELDS              
05:38:21.794 [main] INFO  com.cloudframe.app.process.Wm002.pdElectionLimits 2671 - 455-PD-ELECTION-LIMITS          
05:38:21.794 [main] INFO  com.cloudframe.app.process.Wm002.editMaFields 2686 - 460-EDIT-MA-FIELDS              
05:38:21.795 [main] INFO  com.cloudframe.app.process.Wm002.editPdFields 2701 - 470-EDIT-PD-FIELDS              
05:38:21.795 [main] INFO  com.cloudframe.app.process.Wm002.processResponse 3407 - B100-PROCESS-RESPONSE           
05:38:21.795 [main] INFO  com.cloudframe.app.process.Wm002.editEffdte 1643 - 210-EDIT-EFFDTE
05:38:21.795 [main] INFO  com.cloudframe.app.process.Wm002.verifyWithMbdMaster 1664 - 220-VERIFY-WITH-MBD-MASTER
05:38:21.796 [main] INFO  com.cloudframe.app.process.Wm002.readMbd 3779 - O100-READ-MBD                   
05:38:21.796 [main] INFO  com.cloudframe.app.process.Wm002.readBeqr 3995 - O305-READ-BEQR                  
05:38:21.796 [main] INFO  com.cloudframe.app.process.Wm002.readMbdO200 3910 - O200-READ-MBD                   
05:38:21.797 [main] INFO  com.cloudframe.app.process.Wm002.checkKeyConversion 3807 - O100-CHECK-KEY-CONVERSION       
05:38:21.797 [main] INFO  com.cloudframe.app.process.Wm002.bypassPaceDobCheck 1710 - BYPASS-PACE-DOB-CHECK
05:38:21.797 [main] INFO  com.cloudframe.app.process.Wm002.paceHospiceCheckEnd 1741 - PACE-HOSPICE-CHECK-END
05:38:21.797 [main] INFO  com.cloudframe.app.process.Wm002.vfyTc61Rollover 2542 - 440-VFY-TC61-ROLLOVER           
05:38:21.798 [main] INFO  com.cloudframe.app.process.Wm002.verifyWithMbdMaster250 1759 - 250-VERIFY-WITH-MBD-MASTER
05:38:21.798 [main] INFO  com.cloudframe.app.process.Wm002.readMbd 3779 - O100-READ-MBD                   
05:38:21.798 [main] INFO  com.cloudframe.app.process.Wm002.readBeqr 3995 - O305-READ-BEQR                  
05:38:21.799 [main] INFO  com.cloudframe.app.process.Wm002.readMbdO200 3910 - O200-READ-MBD                   
05:38:21.799 [main] INFO  com.cloudframe.app.process.Wm002.checkKeyConversion 3807 - O100-CHECK-KEY-CONVERSION       
05:38:21.799 [main] INFO  com.cloudframe.app.process.Wm002.processAccretionTrans 1372 - 030-PROCESS-ACCRETION-TRANS
05:38:21.799 [main] INFO  com.cloudframe.app.process.Wm002.writeTransaction 2731 - 500-WRITE-TRANSACTION           
05:38:21.800 [main] INFO  com.cloudframe.app.process.Wm002.editDeletionTrans 1780 - 300-EDIT-DELETION-TRANS
05:38:21.800 [main] INFO  com.cloudframe.app.process.Wm002.editCommonFields 2134 - 400-EDIT-COMMON-FIELDS
05:38:21.800 [main] INFO  com.cloudframe.app.process.Wm002.editSex 2149 - 430-EDIT-SEX
05:38:21.800 [main] INFO  com.cloudframe.app.process.Wm002.editBday 2164 - 432-EDIT-BDAY
05:38:21.801 [main] INFO  com.cloudframe.app.process.Wm002.editPlan 2179 - 435-EDIT-PLAN
05:38:21.801 [main] INFO  com.cloudframe.app.process.Wm002.editEffdte440 2194 - 440-EDIT-EFFDTE
05:38:21.801 [main] INFO  com.cloudframe.app.process.Wm002.editEffdteExit 2209 - 440-EDIT-EFFDTE-EXIT
05:38:21.801 [main] INFO  com.cloudframe.app.process.Wm002.readMbd 3779 - O100-READ-MBD                   
05:38:21.802 [main] INFO  com.cloudframe.app.process.Wm002.readBeqr 3995 - O305-READ-BEQR                  
05:38:21.802 [main] INFO  com.cloudframe.app.process.Wm002.readMbdO200 3910 - O200-READ-MBD                   
05:38:21.802 [main] INFO  com.cloudframe.app.process.Wm002.checkKeyConversion 3807 - O100-CHECK-KEY-CONVERSION       
05:38:21.802 [main] INFO  com.cloudframe.app.process.Wm002.processDeletionTrans 1390 - 030-PROCESS-DELETION-TRANS
05:38:21.802 [main] INFO  com.cloudframe.app.process.Wm002.writeTransaction 2731 - 500-WRITE-TRANSACTION           
05:38:21.803 [main] INFO  com.cloudframe.app.process.Wm002.editChangeTrans 1849 - 300-EDIT-CHANGE-TRANS
05:38:21.803 [main] INFO  com.cloudframe.app.process.Wm002.editCommonFields 2134 - 400-EDIT-COMMON-FIELDS
05:38:21.803 [main] INFO  com.cloudframe.app.process.Wm002.editSex 2149 - 430-EDIT-SEX
05:38:21.804 [main] INFO  com.cloudframe.app.process.Wm002.editBday 2164 - 432-EDIT-BDAY
05:38:21.804 [main] INFO  com.cloudframe.app.process.Wm002.editPlan 2179 - 435-EDIT-PLAN
05:38:21.804 [main] INFO  com.cloudframe.app.process.Wm002.editEffdte440 2194 - 440-EDIT-EFFDTE
05:38:21.804 [main] INFO  com.cloudframe.app.process.Wm002.editEffdteExit 2209 - 440-EDIT-EFFDTE-EXIT
05:38:21.804 [main] INFO  com.cloudframe.app.process.Wm002.verifyWithMbdMaster1 1872 - 320-VERIFY-WITH-MBD-MASTER-1
05:38:21.805 [main] INFO  com.cloudframe.app.process.Wm002.bypassMbdCheck1 1890 - 320-BYPASS-MBD-CHECK-1
05:38:21.805 [main] INFO  com.cloudframe.app.process.Wm002.processChangeTrans 1408 - 030-PROCESS-CHANGE-TRANS
05:38:21.806 [main] INFO  com.cloudframe.app.process.Wm002.writeTransaction 2731 - 500-WRITE-TRANSACTION           
05:38:21.806 [main] INFO  com.cloudframe.app.process.Wm002.editCancelTrans 1905 - 300-EDIT-CANCEL-TRANS
05:38:21.806 [main] INFO  com.cloudframe.app.process.Wm002.editCommonFields 2134 - 400-EDIT-COMMON-FIELDS
05:38:21.806 [main] INFO  com.cloudframe.app.process.Wm002.editSex 2149 - 430-EDIT-SEX
05:38:21.806 [main] INFO  com.cloudframe.app.process.Wm002.editBday 2164 - 432-EDIT-BDAY
05:38:21.807 [main] INFO  com.cloudframe.app.process.Wm002.editPlan 2179 - 435-EDIT-PLAN
05:38:21.807 [main] INFO  com.cloudframe.app.process.Wm002.editEffdte440 2194 - 440-EDIT-EFFDTE
05:38:21.807 [main] INFO  com.cloudframe.app.process.Wm002.editEffdteExit 2209 - 440-EDIT-EFFDTE-EXIT
05:38:21.807 [main] INFO  com.cloudframe.app.process.Wm002.verifyWithMbdMaster2 1928 - 320-VERIFY-WITH-MBD-MASTER-2
05:38:21.808 [main] INFO  com.cloudframe.app.process.Wm002.processCancelTrans 1426 - 030-PROCESS-CANCEL-TRANS
05:38:21.808 [main] INFO  com.cloudframe.app.process.Wm002.writeTransaction 2731 - 500-WRITE-TRANSACTION           
05:38:21.808 [main] INFO  com.cloudframe.app.process.Wm002.editFaTrans 1943 - 300-EDIT-FA-TRANS
05:38:21.809 [main] INFO  com.cloudframe.app.process.Wm002.editCommonFields 2134 - 400-EDIT-COMMON-FIELDS
05:38:21.809 [main] INFO  com.cloudframe.app.process.Wm002.editSex 2149 - 430-EDIT-SEX
05:38:21.809 [main] INFO  com.cloudframe.app.process.Wm002.editBday 2164 - 432-EDIT-BDAY
05:38:21.809 [main] INFO  com.cloudframe.app.process.Wm002.editPlan 2179 - 435-EDIT-PLAN
05:38:21.810 [main] INFO  com.cloudframe.app.process.Wm002.editEffdte440 2194 - 440-EDIT-EFFDTE
05:38:21.810 [main] INFO  com.cloudframe.app.process.Wm002.editEffdteExit 2209 - 440-EDIT-EFFDTE-EXIT
05:38:21.810 [main] INFO  com.cloudframe.app.process.Wm002.verifyWithMbdMaster3 1966 - 320-VERIFY-WITH-MBD-MASTER-3
05:38:21.810 [main] INFO  com.cloudframe.app.process.Wm002.readMbd 3779 - O100-READ-MBD                   
05:38:21.811 [main] INFO  com.cloudframe.app.process.Wm002.readBeqr 3995 - O305-READ-BEQR                  
05:38:21.811 [main] INFO  com.cloudframe.app.process.Wm002.readMbdO200 3910 - O200-READ-MBD                   
05:38:21.811 [main] INFO  com.cloudframe.app.process.Wm002.checkKeyConversion 3807 - O100-CHECK-KEY-CONVERSION       
05:38:21.811 [main] INFO  com.cloudframe.app.process.Wm002.processFaTrans 1444 - 030-PROCESS-FA-TRANS
05:38:21.811 [main] INFO  com.cloudframe.app.process.Wm002.writeTransaction 2731 - 500-WRITE-TRANSACTION           
05:38:21.812 [main] INFO  com.cloudframe.app.process.Wm002.editPosDrugEdit 1987 - 300-EDIT-POS-DRUG-EDIT
05:38:21.812 [main] INFO  com.cloudframe.app.process.Wm002.editCommonFields 2134 - 400-EDIT-COMMON-FIELDS
05:38:21.812 [main] INFO  com.cloudframe.app.process.Wm002.editSex 2149 - 430-EDIT-SEX
05:38:21.812 [main] INFO  com.cloudframe.app.process.Wm002.editBday 2164 - 432-EDIT-BDAY
05:38:21.812 [main] INFO  com.cloudframe.app.process.Wm002.editPlan 2179 - 435-EDIT-PLAN
05:38:21.813 [main] INFO  com.cloudframe.app.process.Wm002.editEffdte440 2194 - 440-EDIT-EFFDTE
05:38:21.813 [main] INFO  com.cloudframe.app.process.Wm002.editEffdteExit 2209 - 440-EDIT-EFFDTE-EXIT
05:38:21.813 [main] INFO  com.cloudframe.app.process.Wm002.verifyWithMbdMaster4 2010 - 320-VERIFY-WITH-MBD-MASTER-4
05:38:21.813 [main] INFO  com.cloudframe.app.process.Wm002.readMbd 3779 - O100-READ-MBD                   
05:38:21.813 [main] INFO  com.cloudframe.app.process.Wm002.readBeqr 3995 - O305-READ-BEQR                  
05:38:21.814 [main] INFO  com.cloudframe.app.process.Wm002.readMbdO200 3910 - O200-READ-MBD                   
05:38:21.814 [main] INFO  com.cloudframe.app.process.Wm002.checkKeyConversion 3807 - O100-CHECK-KEY-CONVERSION       
05:38:21.814 [main] INFO  com.cloudframe.app.process.Wm002.processPosDrugEdit 1462 - 030-PROCESS-POS-DRUG-EDIT
05:38:21.814 [main] INFO  com.cloudframe.app.process.Wm002.writeTransaction 2731 - 500-WRITE-TRANSACTION           
05:38:21.814 [main] INFO  com.cloudframe.app.process.Wm002.editIcmPartEdit 2031 - 300-EDIT-ICM-PART-EDIT
05:38:21.815 [main] INFO  com.cloudframe.app.process.Wm002.editCommonFields 2134 - 400-EDIT-COMMON-FIELDS
05:38:21.815 [main] INFO  com.cloudframe.app.process.Wm002.editSex 2149 - 430-EDIT-SEX
05:38:21.815 [main] INFO  com.cloudframe.app.process.Wm002.editBday 2164 - 432-EDIT-BDAY
05:38:21.815 [main] INFO  com.cloudframe.app.process.Wm002.editPlan 2179 - 435-EDIT-PLAN
05:38:21.815 [main] INFO  com.cloudframe.app.process.Wm002.editEffdte440 2194 - 440-EDIT-EFFDTE
05:38:21.815 [main] INFO  com.cloudframe.app.process.Wm002.editEffdteExit 2209 - 440-EDIT-EFFDTE-EXIT
05:38:21.816 [main] INFO  com.cloudframe.app.process.Wm002.verifyWithMbdMaster5 2054 - 320-VERIFY-WITH-MBD-MASTER-5
05:38:21.816 [main] INFO  com.cloudframe.app.process.Wm002.readMbd 3779 - O100-READ-MBD                   
05:38:21.816 [main] INFO  com.cloudframe.app.process.Wm002.readBeqr 3995 - O305-READ-BEQR                  
05:38:21.816 [main] INFO  com.cloudframe.app.process.Wm002.readMbdO200 3910 - O200-READ-MBD                   
05:38:21.817 [main] INFO  com.cloudframe.app.process.Wm002.checkKeyConversion 3807 - O100-CHECK-KEY-CONVERSION       
05:38:21.817 [main] INFO  com.cloudframe.app.process.Wm002.endDateEdit 2075 - 320-END-DATE-EDIT
05:38:21.817 [main] INFO  com.cloudframe.app.process.Wm002.processIcmPartEdit 1480 - 030-PROCESS-ICM-PART-EDIT
05:38:21.817 [main] INFO  com.cloudframe.app.process.Wm002.writeTransaction 2731 - 500-WRITE-TRANSACTION           
05:38:21.817 [main] INFO  com.cloudframe.app.process.Wm002.editPersonalInformation 2090 - 300-EDIT-PERSONAL-INFORMATION
05:38:21.818 [main] INFO  com.cloudframe.app.process.Wm002.editCommonFields 2134 - 400-EDIT-COMMON-FIELDS
05:38:21.818 [main] INFO  com.cloudframe.app.process.Wm002.editSex 2149 - 430-EDIT-SEX
05:38:21.818 [main] INFO  com.cloudframe.app.process.Wm002.editBday 2164 - 432-EDIT-BDAY
05:38:21.818 [main] INFO  com.cloudframe.app.process.Wm002.editPlan 2179 - 435-EDIT-PLAN
05:38:21.818 [main] INFO  com.cloudframe.app.process.Wm002.editEffdte440 2194 - 440-EDIT-EFFDTE
05:38:21.819 [main] INFO  com.cloudframe.app.process.Wm002.editEffdteExit 2209 - 440-EDIT-EFFDTE-EXIT
05:38:21.819 [main] INFO  com.cloudframe.app.process.Wm002.verifyWithMbdMaster6 2113 - 320-VERIFY-WITH-MBD-MASTER-6
05:38:21.819 [main] INFO  com.cloudframe.app.process.Wm002.readMbd 3779 - O100-READ-MBD                   
05:38:21.819 [main] INFO  com.cloudframe.app.process.Wm002.readBeqr 3995 - O305-READ-BEQR                  
05:38:21.819 [main] INFO  com.cloudframe.app.process.Wm002.readMbdO200 3910 - O200-READ-MBD                   
05:38:21.820 [main] INFO  com.cloudframe.app.process.Wm002.checkKeyConversion 3807 - O100-CHECK-KEY-CONVERSION       
05:38:21.820 [main] INFO  com.cloudframe.app.process.Wm002.processPersonalInfo 1498 - 030-PROCESS-PERSONAL-INFO
05:38:21.820 [main] INFO  com.cloudframe.app.process.Wm002.writeTransaction 2731 - 500-WRITE-TRANSACTION           
05:38:21.820 [main] INFO  com.cloudframe.app.process.Wm002.vfyDrugDates 2224 - 410-VFY-DRUG-DATES
05:38:21.821 [main] INFO  com.cloudframe.app.process.Wm002.validateDate 2407 - 433-VALIDATE-DATE               
05:38:21.821 [main] INFO  com.cloudframe.app.process.Wm002.processResponse 3407 - B100-PROCESS-RESPONSE           
05:38:21.821 [main] INFO  com.cloudframe.app.process.Wm002.continue030 1522 - 030-CONTINUE
05:38:21.821 [main] INFO  com.cloudframe.app.process.Wm002.processResponse 3407 - B100-PROCESS-RESPONSE           
05:38:21.821 [main] INFO  com.cloudframe.app.process.Wm001.startPgm   97 -  
05:38:21.822 [main] INFO  com.cloudframe.app.process.Wm001.startPgm   92 - *----------------------------------- 03 -----------------------------------*
05:38:21.822 [main] INFO  com.cloudframe.app.process.Wm002.startPgm  602 - IN 000-START-PGM : WS-CALL-COUNT = 3
05:38:21.822 [main] INFO  com.cloudframe.app.process.Wm002.notifyAnalyst 3269 - 900-NOTIFY-ANALYST              
05:38:21.823 [main] INFO  com.cloudframe.app.process.Wm002.getCpm  672 - IN 005-GET-CPM
05:38:21.824 [main] INFO  com.cloudframe.app.process.Wm002.getCutoffTime  687 - IN 006-GET-CUTOFF-TIME
05:38:21.824 [main] INFO  com.cloudframe.app.process.Wm002.checkForEemAndBeq  657 - IN 004-CHECK-FOR-EEM-AND-BEQ
05:38:21.824 [main] INFO  com.cloudframe.app.process.Wm002.openFiles  702 - IN 010-OPEN-FILES
05:38:21.824 [main] INFO  com.cloudframe.app.process.Wm002.verifyHeader  723 - IN 020-VERIFY-HEADER
05:38:21.825 [main] INFO  com.cloudframe.app.process.Wm002.validateBatchFileTypeA301 3392 - A301-VALIDATE-BATCH-FILE-TYPE   
05:38:21.825 [main] INFO  com.cloudframe.app.process.Wm002.outputHeaderRecd  844 - 030-OUTPUT-HEADER-RECD
05:38:21.825 [main] INFO  com.cloudframe.app.process.Wm002.processInputFile  902 - 030-PROCESS-INPUT-FILE
05:38:21.825 [main] INFO  com.cloudframe.app.process.Wm002.processResponse 3407 - B100-PROCESS-RESPONSE           
05:38:21.826 [main] INFO  com.cloudframe.app.process.Wm002.continue030 1522 - 030-CONTINUE
05:38:21.826 [main] INFO  com.cloudframe.app.process.Wm002.processResponse 3407 - B100-PROCESS-RESPONSE           
05:38:21.826 [main] INFO  com.cloudframe.app.process.Wm001.startPgm   97 -  
05:38:21.826 [main] INFO  com.cloudframe.app.process.Wm001.startPgm   92 - *----------------------------------- 04 -----------------------------------*
05:38:21.827 [main] INFO  com.cloudframe.app.process.Wm002.startPgm  602 - IN 000-START-PGM : WS-CALL-COUNT = 4
05:38:21.827 [main] INFO  com.cloudframe.app.process.Wm002.notifyAnalyst 3269 - 900-NOTIFY-ANALYST              
05:38:21.827 [main] INFO  com.cloudframe.app.process.Wm002.getCpm  672 - IN 005-GET-CPM
05:38:21.827 [main] INFO  com.cloudframe.app.process.Wm002.getCutoffTime  687 - IN 006-GET-CUTOFF-TIME
05:38:21.827 [main] INFO  com.cloudframe.app.process.Wm002.checkForEemAndBeq  657 - IN 004-CHECK-FOR-EEM-AND-BEQ
05:38:21.828 [main] INFO  com.cloudframe.app.process.Wm002.openFiles  702 - IN 010-OPEN-FILES
05:38:21.828 [main] INFO  com.cloudframe.app.process.Wm002.verifyHeader  723 - IN 020-VERIFY-HEADER
05:38:21.828 [main] INFO  com.cloudframe.app.process.Wm002.validateBatchFileTypeA301 3392 - A301-VALIDATE-BATCH-FILE-TYPE   
05:38:21.828 [main] INFO  com.cloudframe.app.process.Wm002.outputHeaderRecd  844 - 030-OUTPUT-HEADER-RECD
05:38:21.828 [main] INFO  com.cloudframe.app.process.Wm002.processInputFile  902 - 030-PROCESS-INPUT-FILE
05:38:21.829 [main] INFO  com.cloudframe.app.process.Wm002.continue030 1522 - 030-CONTINUE
05:38:21.829 [main] INFO  com.cloudframe.app.process.Wm002.processResponse 3407 - B100-PROCESS-RESPONSE           
05:38:21.829 [main] INFO  com.cloudframe.app.process.Wm001.startPgm   97 -  
05:38:21.829 [main] INFO  com.cloudframe.app.process.Wm001.startPgm   92 - *----------------------------------- 05 -----------------------------------*
05:38:21.830 [main] INFO  com.cloudframe.app.process.Wm002.startPgm  602 - IN 000-START-PGM : WS-CALL-COUNT = 5
05:38:21.830 [main] INFO  com.cloudframe.app.process.Wm002.notifyAnalyst 3269 - 900-NOTIFY-ANALYST              
05:38:21.830 [main] INFO  com.cloudframe.app.process.Wm002.getCpm  672 - IN 005-GET-CPM
05:38:21.830 [main] INFO  com.cloudframe.app.process.Wm002.getCutoffTime  687 - IN 006-GET-CUTOFF-TIME
05:38:21.830 [main] INFO  com.cloudframe.app.process.Wm002.checkForEemAndBeq  657 - IN 004-CHECK-FOR-EEM-AND-BEQ
05:38:21.830 [main] INFO  com.cloudframe.app.process.Wm002.openFiles  702 - IN 010-OPEN-FILES
05:38:21.831 [main] INFO  com.cloudframe.app.process.Wm002.verifyHeader  723 - IN 020-VERIFY-HEADER
05:38:21.831 [main] INFO  com.cloudframe.app.process.Wm002.validateBatchFileTypeA301 3392 - A301-VALIDATE-BATCH-FILE-TYPE   
05:38:21.831 [main] INFO  com.cloudframe.app.process.Wm002.outputHeaderRecd  844 - 030-OUTPUT-HEADER-RECD
05:38:21.831 [main] INFO  com.cloudframe.app.process.Wm002.processInputFile  902 - 030-PROCESS-INPUT-FILE
05:38:21.831 [main] INFO  com.cloudframe.app.process.Wm002.chkIfMbi 4055 - Z666-CHK-IF-MBI                 
05:38:21.832 [main] INFO  com.cloudframe.app.process.Wm002.processResponse 3407 - B100-PROCESS-RESPONSE           
05:38:21.832 [main] INFO  com.cloudframe.app.process.Wm002.processResponse 3407 - B100-PROCESS-RESPONSE           
05:38:21.832 [main] INFO  com.cloudframe.app.process.Wm002.badPlanidCheck 1103 - 030-BAD-PLANID-CHECK
05:38:21.832 [main] INFO  com.cloudframe.app.process.Wm002.editAccretionTrans 1576 - 200-EDIT-ACCRETION-TRANS
05:38:21.832 [main] INFO  com.cloudframe.app.process.Wm002.editCommonFields 2134 - 400-EDIT-COMMON-FIELDS
05:38:21.832 [main] INFO  com.cloudframe.app.process.Wm002.editSex 2149 - 430-EDIT-SEX
05:38:21.833 [main] INFO  com.cloudframe.app.process.Wm002.editBday 2164 - 432-EDIT-BDAY
05:38:21.833 [main] INFO  com.cloudframe.app.process.Wm002.editPlan 2179 - 435-EDIT-PLAN
05:38:21.833 [main] INFO  com.cloudframe.app.process.Wm002.editEffdte440 2194 - 440-EDIT-EFFDTE
05:38:21.833 [main] INFO  com.cloudframe.app.process.Wm002.editEffdteExit 2209 - 440-EDIT-EFFDTE-EXIT
05:38:21.833 [main] INFO  com.cloudframe.app.process.Wm002.processResponse 3407 - B100-PROCESS-RESPONSE           
05:38:21.834 [main] INFO  com.cloudframe.app.process.Wm002.beqrElig 3971 - O300-BEQR-ELIG                  
05:38:21.834 [main] INFO  com.cloudframe.app.process.Wm002.mbdElig 3862 - O105-MBD-ELIG                   
05:38:21.834 [main] INFO  com.cloudframe.app.process.Wm002.rxEditType606171 2716 - 472-RX-EDIT-TYPE-60-61-71       
05:38:21.834 [main] INFO  com.cloudframe.app.process.Wm002.maElectionLimits 2587 - 450-MA-ELECTION-LIMITS          
05:38:21.834 [main] INFO  com.cloudframe.app.process.Wm002.calcIcepPADate 3284 - 1000-CALC-ICEP-P-A-DATE         
05:38:21.835 [main] INFO  com.cloudframe.app.process.Wm002.calcIcepPBDate 3299 - 1001-CALC-ICEP-P-B-DATE         
05:38:21.835 [main] INFO  com.cloudframe.app.process.Wm002.calcIepDobDate 3314 - 1002-CALC-IEP-DOB-DATE          
05:38:21.836 [main] INFO  com.cloudframe.app.process.Wm002.calcIepPDDate 3329 - 1003-CALC-IEP-P-D-DATE          
05:38:21.836 [main] INFO  com.cloudframe.app.process.Wm002.editMaFields 2686 - 460-EDIT-MA-FIELDS              
05:38:21.836 [main] INFO  com.cloudframe.app.process.Wm002.maElectionLimits 2587 - 450-MA-ELECTION-LIMITS          
05:38:21.836 [main] INFO  com.cloudframe.app.process.Wm002.calcIcepPADate 3284 - 1000-CALC-ICEP-P-A-DATE         
05:38:21.837 [main] INFO  com.cloudframe.app.process.Wm002.calcIcepPBDate 3299 - 1001-CALC-ICEP-P-B-DATE         
05:38:21.837 [main] INFO  com.cloudframe.app.process.Wm002.calcIepDobDate 3314 - 1002-CALC-IEP-DOB-DATE          
05:38:21.837 [main] INFO  com.cloudframe.app.process.Wm002.calcIepPDDate 3329 - 1003-CALC-IEP-P-D-DATE          
05:38:21.837 [main] INFO  com.cloudframe.app.process.Wm002.editMaFields 2686 - 460-EDIT-MA-FIELDS              
05:38:21.839 [main] INFO  com.cloudframe.app.process.Wm002.editPdFields 2701 - 470-EDIT-PD-FIELDS              
05:38:21.839 [main] INFO  com.cloudframe.app.process.Wm002.pdElectionLimits 2671 - 455-PD-ELECTION-LIMITS          
05:38:21.839 [main] INFO  com.cloudframe.app.process.Wm002.editPdFields 2701 - 470-EDIT-PD-FIELDS              
05:38:21.839 [main] INFO  com.cloudframe.app.process.Wm002.pdElectionLimits 2671 - 455-PD-ELECTION-LIMITS          
05:38:21.840 [main] INFO  com.cloudframe.app.process.Wm002.editMaFields 2686 - 460-EDIT-MA-FIELDS              
05:38:21.840 [main] INFO  com.cloudframe.app.process.Wm002.editPdFields 2701 - 470-EDIT-PD-FIELDS              
05:38:21.840 [main] INFO  com.cloudframe.app.process.Wm002.processResponse 3407 - B100-PROCESS-RESPONSE           
05:38:21.840 [main] INFO  com.cloudframe.app.process.Wm002.editEffdte 1643 - 210-EDIT-EFFDTE
05:38:21.840 [main] INFO  com.cloudframe.app.process.Wm002.verifyWithMbdMaster 1664 - 220-VERIFY-WITH-MBD-MASTER
05:38:21.840 [main] INFO  com.cloudframe.app.process.Wm002.readMbd 3779 - O100-READ-MBD                   
05:38:21.841 [main] INFO  com.cloudframe.app.process.Wm002.readBeqr 3995 - O305-READ-BEQR                  
05:38:21.841 [main] INFO  com.cloudframe.app.process.Wm002.readMbdO200 3910 - O200-READ-MBD                   
05:38:21.841 [main] INFO  com.cloudframe.app.process.Wm002.checkKeyConversion 3807 - O100-CHECK-KEY-CONVERSION       
05:38:21.841 [main] INFO  com.cloudframe.app.process.Wm002.bypassPaceDobCheck 1710 - BYPASS-PACE-DOB-CHECK
05:38:21.841 [main] INFO  com.cloudframe.app.process.Wm002.paceHospiceCheckEnd 1741 - PACE-HOSPICE-CHECK-END
05:38:21.842 [main] INFO  com.cloudframe.app.process.Wm002.vfyTc61Rollover 2542 - 440-VFY-TC61-ROLLOVER           
05:38:21.842 [main] INFO  com.cloudframe.app.process.Wm002.verifyWithMbdMaster250 1759 - 250-VERIFY-WITH-MBD-MASTER
05:38:21.842 [main] INFO  com.cloudframe.app.process.Wm002.readMbd 3779 - O100-READ-MBD                   
05:38:21.842 [main] INFO  com.cloudframe.app.process.Wm002.readBeqr 3995 - O305-READ-BEQR                  
05:38:21.842 [main] INFO  com.cloudframe.app.process.Wm002.readMbdO200 3910 - O200-READ-MBD                   
05:38:21.842 [main] INFO  com.cloudframe.app.process.Wm002.checkKeyConversion 3807 - O100-CHECK-KEY-CONVERSION       
05:38:21.843 [main] INFO  com.cloudframe.app.process.Wm002.processAccretionTrans 1372 - 030-PROCESS-ACCRETION-TRANS
05:38:21.843 [main] INFO  com.cloudframe.app.process.Wm002.writeTransaction 2731 - 500-WRITE-TRANSACTION           
05:38:21.843 [main] INFO  com.cloudframe.app.process.Wm002.editDeletionTrans 1780 - 300-EDIT-DELETION-TRANS
05:38:21.843 [main] INFO  com.cloudframe.app.process.Wm002.editCommonFields 2134 - 400-EDIT-COMMON-FIELDS
05:38:21.843 [main] INFO  com.cloudframe.app.process.Wm002.editSex 2149 - 430-EDIT-SEX
05:38:21.843 [main] INFO  com.cloudframe.app.process.Wm002.editBday 2164 - 432-EDIT-BDAY
05:38:21.844 [main] INFO  com.cloudframe.app.process.Wm002.editPlan 2179 - 435-EDIT-PLAN
05:38:21.844 [main] INFO  com.cloudframe.app.process.Wm002.editEffdte440 2194 - 440-EDIT-EFFDTE
05:38:21.844 [main] INFO  com.cloudframe.app.process.Wm002.editEffdteExit 2209 - 440-EDIT-EFFDTE-EXIT
05:38:21.844 [main] INFO  com.cloudframe.app.process.Wm002.readMbd 3779 - O100-READ-MBD                   
05:38:21.844 [main] INFO  com.cloudframe.app.process.Wm002.readBeqr 3995 - O305-READ-BEQR                  
05:38:21.844 [main] INFO  com.cloudframe.app.process.Wm002.readMbdO200 3910 - O200-READ-MBD                   
05:38:21.844 [main] INFO  com.cloudframe.app.process.Wm002.checkKeyConversion 3807 - O100-CHECK-KEY-CONVERSION       
05:38:21.845 [main] INFO  com.cloudframe.app.process.Wm002.processDeletionTrans 1390 - 030-PROCESS-DELETION-TRANS
05:38:21.845 [main] INFO  com.cloudframe.app.process.Wm002.writeTransaction 2731 - 500-WRITE-TRANSACTION           
05:38:21.845 [main] INFO  com.cloudframe.app.process.Wm002.editChangeTrans 1849 - 300-EDIT-CHANGE-TRANS
05:38:21.845 [main] INFO  com.cloudframe.app.process.Wm002.editCommonFields 2134 - 400-EDIT-COMMON-FIELDS
05:38:21.845 [main] INFO  com.cloudframe.app.process.Wm002.editSex 2149 - 430-EDIT-SEX
05:38:21.845 [main] INFO  com.cloudframe.app.process.Wm002.editBday 2164 - 432-EDIT-BDAY
05:38:21.845 [main] INFO  com.cloudframe.app.process.Wm002.editPlan 2179 - 435-EDIT-PLAN
05:38:21.846 [main] INFO  com.cloudframe.app.process.Wm002.editEffdte440 2194 - 440-EDIT-EFFDTE
05:38:21.846 [main] INFO  com.cloudframe.app.process.Wm002.editEffdteExit 2209 - 440-EDIT-EFFDTE-EXIT
05:38:21.846 [main] INFO  com.cloudframe.app.process.Wm002.verifyWithMbdMaster1 1872 - 320-VERIFY-WITH-MBD-MASTER-1
05:38:21.846 [main] INFO  com.cloudframe.app.process.Wm002.bypassMbdCheck1 1890 - 320-BYPASS-MBD-CHECK-1
05:38:21.846 [main] INFO  com.cloudframe.app.process.Wm002.processChangeTrans 1408 - 030-PROCESS-CHANGE-TRANS
05:38:21.846 [main] INFO  com.cloudframe.app.process.Wm002.writeTransaction 2731 - 500-WRITE-TRANSACTION           
05:38:21.847 [main] INFO  com.cloudframe.app.process.Wm002.editCancelTrans 1905 - 300-EDIT-CANCEL-TRANS
05:38:21.847 [main] INFO  com.cloudframe.app.process.Wm002.editCommonFields 2134 - 400-EDIT-COMMON-FIELDS
05:38:21.847 [main] INFO  com.cloudframe.app.process.Wm002.editSex 2149 - 430-EDIT-SEX
05:38:21.847 [main] INFO  com.cloudframe.app.process.Wm002.editBday 2164 - 432-EDIT-BDAY
05:38:21.847 [main] INFO  com.cloudframe.app.process.Wm002.editPlan 2179 - 435-EDIT-PLAN
05:38:21.847 [main] INFO  com.cloudframe.app.process.Wm002.editEffdte440 2194 - 440-EDIT-EFFDTE
05:38:21.847 [main] INFO  com.cloudframe.app.process.Wm002.editEffdteExit 2209 - 440-EDIT-EFFDTE-EXIT
05:38:21.847 [main] INFO  com.cloudframe.app.process.Wm002.verifyWithMbdMaster2 1928 - 320-VERIFY-WITH-MBD-MASTER-2
05:38:21.848 [main] INFO  com.cloudframe.app.process.Wm002.processCancelTrans 1426 - 030-PROCESS-CANCEL-TRANS
05:38:21.848 [main] INFO  com.cloudframe.app.process.Wm002.writeTransaction 2731 - 500-WRITE-TRANSACTION           
05:38:21.848 [main] INFO  com.cloudframe.app.process.Wm002.editFaTrans 1943 - 300-EDIT-FA-TRANS
05:38:21.848 [main] INFO  com.cloudframe.app.process.Wm002.editCommonFields 2134 - 400-EDIT-COMMON-FIELDS
05:38:21.848 [main] INFO  com.cloudframe.app.process.Wm002.editSex 2149 - 430-EDIT-SEX
05:38:21.848 [main] INFO  com.cloudframe.app.process.Wm002.editBday 2164 - 432-EDIT-BDAY
05:38:21.848 [main] INFO  com.cloudframe.app.process.Wm002.editPlan 2179 - 435-EDIT-PLAN
05:38:21.848 [main] INFO  com.cloudframe.app.process.Wm002.editEffdte440 2194 - 440-EDIT-EFFDTE
05:38:21.848 [main] INFO  com.cloudframe.app.process.Wm002.editEffdteExit 2209 - 440-EDIT-EFFDTE-EXIT
05:38:21.849 [main] INFO  com.cloudframe.app.process.Wm002.verifyWithMbdMaster3 1966 - 320-VERIFY-WITH-MBD-MASTER-3
05:38:21.849 [main] INFO  com.cloudframe.app.process.Wm002.readMbd 3779 - O100-READ-MBD                   
05:38:21.849 [main] INFO  com.cloudframe.app.process.Wm002.readBeqr 3995 - O305-READ-BEQR                  
05:38:21.849 [main] INFO  com.cloudframe.app.process.Wm002.readMbdO200 3910 - O200-READ-MBD                   
05:38:21.849 [main] INFO  com.cloudframe.app.process.Wm002.checkKeyConversion 3807 - O100-CHECK-KEY-CONVERSION       
05:38:21.849 [main] INFO  com.cloudframe.app.process.Wm002.processFaTrans 1444 - 030-PROCESS-FA-TRANS
05:38:21.849 [main] INFO  com.cloudframe.app.process.Wm002.writeTransaction 2731 - 500-WRITE-TRANSACTION           
05:38:21.849 [main] INFO  com.cloudframe.app.process.Wm002.editPosDrugEdit 1987 - 300-EDIT-POS-DRUG-EDIT
05:38:21.849 [main] INFO  com.cloudframe.app.process.Wm002.editCommonFields 2134 - 400-EDIT-COMMON-FIELDS
05:38:21.849 [main] INFO  com.cloudframe.app.process.Wm002.editSex 2149 - 430-EDIT-SEX
05:38:21.850 [main] INFO  com.cloudframe.app.process.Wm002.editBday 2164 - 432-EDIT-BDAY
05:38:21.850 [main] INFO  com.cloudframe.app.process.Wm002.editPlan 2179 - 435-EDIT-PLAN
05:38:21.850 [main] INFO  com.cloudframe.app.process.Wm002.editEffdte440 2194 - 440-EDIT-EFFDTE
05:38:21.850 [main] INFO  com.cloudframe.app.process.Wm002.editEffdteExit 2209 - 440-EDIT-EFFDTE-EXIT
05:38:21.850 [main] INFO  com.cloudframe.app.process.Wm002.verifyWithMbdMaster4 2010 - 320-VERIFY-WITH-MBD-MASTER-4
05:38:21.850 [main] INFO  com.cloudframe.app.process.Wm002.readMbd 3779 - O100-READ-MBD                   
05:38:21.850 [main] INFO  com.cloudframe.app.process.Wm002.readBeqr 3995 - O305-READ-BEQR                  
05:38:21.850 [main] INFO  com.cloudframe.app.process.Wm002.readMbdO200 3910 - O200-READ-MBD                   
05:38:21.850 [main] INFO  com.cloudframe.app.process.Wm002.checkKeyConversion 3807 - O100-CHECK-KEY-CONVERSION       
05:38:21.850 [main] INFO  com.cloudframe.app.process.Wm002.processPosDrugEdit 1462 - 030-PROCESS-POS-DRUG-EDIT
05:38:21.851 [main] INFO  com.cloudframe.app.process.Wm002.writeTransaction 2731 - 500-WRITE-TRANSACTION           
05:38:21.851 [main] INFO  com.cloudframe.app.process.Wm002.editIcmPartEdit 2031 - 300-EDIT-ICM-PART-EDIT
05:38:21.851 [main] INFO  com.cloudframe.app.process.Wm002.editCommonFields 2134 - 400-EDIT-COMMON-FIELDS
05:38:21.851 [main] INFO  com.cloudframe.app.process.Wm002.editSex 2149 - 430-EDIT-SEX
05:38:21.851 [main] INFO  com.cloudframe.app.process.Wm002.editBday 2164 - 432-EDIT-BDAY
05:38:21.851 [main] INFO  com.cloudframe.app.process.Wm002.editPlan 2179 - 435-EDIT-PLAN
05:38:21.851 [main] INFO  com.cloudframe.app.process.Wm002.editEffdte440 2194 - 440-EDIT-EFFDTE
05:38:21.851 [main] INFO  com.cloudframe.app.process.Wm002.editEffdteExit 2209 - 440-EDIT-EFFDTE-EXIT
05:38:21.851 [main] INFO  com.cloudframe.app.process.Wm002.verifyWithMbdMaster5 2054 - 320-VERIFY-WITH-MBD-MASTER-5
05:38:21.851 [main] INFO  com.cloudframe.app.process.Wm002.readMbd 3779 - O100-READ-MBD                   
05:38:21.851 [main] INFO  com.cloudframe.app.process.Wm002.readBeqr 3995 - O305-READ-BEQR                  
05:38:21.852 [main] INFO  com.cloudframe.app.process.Wm002.readMbdO200 3910 - O200-READ-MBD                   
05:38:21.852 [main] INFO  com.cloudframe.app.process.Wm002.checkKeyConversion 3807 - O100-CHECK-KEY-CONVERSION       
05:38:21.852 [main] INFO  com.cloudframe.app.process.Wm002.endDateEdit 2075 - 320-END-DATE-EDIT
05:38:21.852 [main] INFO  com.cloudframe.app.process.Wm002.processIcmPartEdit 1480 - 030-PROCESS-ICM-PART-EDIT
05:38:21.852 [main] INFO  com.cloudframe.app.process.Wm002.writeTransaction 2731 - 500-WRITE-TRANSACTION           
05:38:21.852 [main] INFO  com.cloudframe.app.process.Wm002.editPersonalInformation 2090 - 300-EDIT-PERSONAL-INFORMATION
05:38:21.852 [main] INFO  com.cloudframe.app.process.Wm002.editCommonFields 2134 - 400-EDIT-COMMON-FIELDS
05:38:21.852 [main] INFO  com.cloudframe.app.process.Wm002.editSex 2149 - 430-EDIT-SEX
05:38:21.852 [main] INFO  com.cloudframe.app.process.Wm002.editBday 2164 - 432-EDIT-BDAY
05:38:21.853 [main] INFO  com.cloudframe.app.process.Wm002.editPlan 2179 - 435-EDIT-PLAN
05:38:21.853 [main] INFO  com.cloudframe.app.process.Wm002.editEffdte440 2194 - 440-EDIT-EFFDTE
05:38:21.853 [main] INFO  com.cloudframe.app.process.Wm002.editEffdteExit 2209 - 440-EDIT-EFFDTE-EXIT
05:38:21.853 [main] INFO  com.cloudframe.app.process.Wm002.verifyWithMbdMaster6 2113 - 320-VERIFY-WITH-MBD-MASTER-6
05:38:21.853 [main] INFO  com.cloudframe.app.process.Wm002.readMbd 3779 - O100-READ-MBD                   
05:38:21.853 [main] INFO  com.cloudframe.app.process.Wm002.readBeqr 3995 - O305-READ-BEQR                  
05:38:21.853 [main] INFO  com.cloudframe.app.process.Wm002.readMbdO200 3910 - O200-READ-MBD                   
05:38:21.853 [main] INFO  com.cloudframe.app.process.Wm002.checkKeyConversion 3807 - O100-CHECK-KEY-CONVERSION       
05:38:21.854 [main] INFO  com.cloudframe.app.process.Wm002.processPersonalInfo 1498 - 030-PROCESS-PERSONAL-INFO
05:38:21.854 [main] INFO  com.cloudframe.app.process.Wm002.writeTransaction 2731 - 500-WRITE-TRANSACTION           
05:38:21.854 [main] INFO  com.cloudframe.app.process.Wm002.vfyDrugDates 2224 - 410-VFY-DRUG-DATES
05:38:21.854 [main] INFO  com.cloudframe.app.process.Wm002.validateDate 2407 - 433-VALIDATE-DATE               
05:38:21.854 [main] INFO  com.cloudframe.app.process.Wm002.processResponse 3407 - B100-PROCESS-RESPONSE           
05:38:21.854 [main] INFO  com.cloudframe.app.process.Wm002.continue030 1522 - 030-CONTINUE
05:38:21.854 [main] INFO  com.cloudframe.app.process.Wm002.processResponse 3407 - B100-PROCESS-RESPONSE           
05:38:21.854 [main] INFO  com.cloudframe.app.process.Wm001.startPgm   97 -  
05:38:21.854 [main] INFO  com.cloudframe.app.process.Wm001.startPgm   92 - *----------------------------------- 06 -----------------------------------*
05:38:21.855 [main] INFO  com.cloudframe.app.process.Wm002.startPgm  602 - IN 000-START-PGM : WS-CALL-COUNT = 6
05:38:21.855 [main] INFO  com.cloudframe.app.process.Wm002.notifyAnalyst 3269 - 900-NOTIFY-ANALYST              
05:38:21.855 [main] INFO  com.cloudframe.app.process.Wm002.getCpm  672 - IN 005-GET-CPM
05:38:21.855 [main] INFO  com.cloudframe.app.process.Wm002.getCutoffTime  687 - IN 006-GET-CUTOFF-TIME
05:38:21.855 [main] INFO  com.cloudframe.app.process.Wm002.checkForEemAndBeq  657 - IN 004-CHECK-FOR-EEM-AND-BEQ
05:38:21.855 [main] INFO  com.cloudframe.app.process.Wm002.openFiles  702 - IN 010-OPEN-FILES
05:38:21.855 [main] INFO  com.cloudframe.app.process.Wm002.verifyHeader  723 - IN 020-VERIFY-HEADER
05:38:21.856 [main] INFO  com.cloudframe.app.process.Wm002.validateBatchFileTypeA301 3392 - A301-VALIDATE-BATCH-FILE-TYPE   
05:38:21.856 [main] INFO  com.cloudframe.app.process.Wm002.outputHeaderRecd  844 - 030-OUTPUT-HEADER-RECD
05:38:21.856 [main] INFO  com.cloudframe.app.process.Wm002.processInputFile  902 - 030-PROCESS-INPUT-FILE
05:38:21.856 [main] INFO  com.cloudframe.app.process.Wm002.chkIfMbi 4055 - Z666-CHK-IF-MBI                 
05:38:21.857 [main] INFO  com.cloudframe.app.process.Wm002.processResponse 3407 - B100-PROCESS-RESPONSE           
05:38:21.857 [main] INFO  com.cloudframe.app.process.Wm002.badPlanidCheck 1103 - 030-BAD-PLANID-CHECK
05:38:21.857 [main] INFO  com.cloudframe.app.process.Wm002.vfyMmpTransTrkId 2287 - 421-VFY-MMP-TRANS-TRK-ID
05:38:21.857 [main] INFO  com.cloudframe.app.process.Wm002.mmpPlnSpeificEdits 2302 - 422-MMP-PLN-SPEIFIC-EDITS
05:38:21.857 [main] INFO  com.cloudframe.app.process.Wm002.rxEditType606171 2716 - 472-RX-EDIT-TYPE-60-61-71       
05:38:21.857 [main] INFO  com.cloudframe.app.process.Wm002.deleteTransRec 1357 - 030-DELETE-TRANS-REC
05:38:21.857 [main] INFO  com.cloudframe.app.process.Wm002.continue030 1522 - 030-CONTINUE
05:38:21.858 [main] INFO  com.cloudframe.app.process.Wm002.processResponse 3407 - B100-PROCESS-RESPONSE           
05:38:21.858 [main] INFO  com.cloudframe.app.process.Wm001.startPgm   97 -  
05:38:21.858 [main] INFO  com.cloudframe.app.process.Wm001.startPgm   92 - *----------------------------------- 07 -----------------------------------*
05:38:21.858 [main] INFO  com.cloudframe.app.process.Wm002.startPgm  602 - IN 000-START-PGM : WS-CALL-COUNT = 7
05:38:21.858 [main] INFO  com.cloudframe.app.process.Wm002.notifyAnalyst 3269 - 900-NOTIFY-ANALYST              
05:38:21.858 [main] INFO  com.cloudframe.app.process.Wm002.getCpm  672 - IN 005-GET-CPM
05:38:21.858 [main] INFO  com.cloudframe.app.process.Wm002.getCutoffTime  687 - IN 006-GET-CUTOFF-TIME
05:38:21.859 [main] INFO  com.cloudframe.app.process.Wm002.checkForEemAndBeq  657 - IN 004-CHECK-FOR-EEM-AND-BEQ
05:38:21.859 [main] INFO  com.cloudframe.app.process.Wm002.openFiles  702 - IN 010-OPEN-FILES
05:38:21.859 [main] INFO  com.cloudframe.app.process.Wm002.verifyHeader  723 - IN 020-VERIFY-HEADER
05:38:21.859 [main] INFO  com.cloudframe.app.process.Wm002.validateBatchFileTypeA301 3392 - A301-VALIDATE-BATCH-FILE-TYPE   
05:38:21.859 [main] INFO  com.cloudframe.app.process.Wm002.outputHeaderRecd  844 - 030-OUTPUT-HEADER-RECD
05:38:21.859 [main] INFO  com.cloudframe.app.process.Wm002.processInputFile  902 - 030-PROCESS-INPUT-FILE
05:38:21.859 [main] INFO  com.cloudframe.app.process.Wm002.chkIfMbi 4055 - Z666-CHK-IF-MBI                 
05:38:21.859 [main] INFO  com.cloudframe.app.process.Wm002.planpbpError 3344 - A100-PLANPBP-ERROR              
05:38:21.860 [main] INFO  com.cloudframe.app.process.Wm002.processResponse 3407 - B100-PROCESS-RESPONSE           
05:38:21.860 [main] INFO  com.cloudframe.app.process.Wm002.processResponse 3407 - B100-PROCESS-RESPONSE           
05:38:21.860 [main] INFO  com.cloudframe.app.process.Wm002.badPlanidCheck 1103 - 030-BAD-PLANID-CHECK
05:38:21.860 [main] INFO  com.cloudframe.app.process.Wm002.editAccretionTrans 1576 - 200-EDIT-ACCRETION-TRANS
05:38:21.860 [main] INFO  com.cloudframe.app.process.Wm002.editCommonFields 2134 - 400-EDIT-COMMON-FIELDS
05:38:21.860 [main] INFO  com.cloudframe.app.process.Wm002.editSex 2149 - 430-EDIT-SEX
05:38:21.860 [main] INFO  com.cloudframe.app.process.Wm002.editBday 2164 - 432-EDIT-BDAY
05:38:21.860 [main] INFO  com.cloudframe.app.process.Wm002.editPlan 2179 - 435-EDIT-PLAN
05:38:21.860 [main] INFO  com.cloudframe.app.process.Wm002.editEffdte440 2194 - 440-EDIT-EFFDTE
05:38:21.860 [main] INFO  com.cloudframe.app.process.Wm002.editEffdteExit 2209 - 440-EDIT-EFFDTE-EXIT
05:38:21.860 [main] INFO  com.cloudframe.app.process.Wm002.processResponse 3407 - B100-PROCESS-RESPONSE           
05:38:21.860 [main] INFO  com.cloudframe.app.process.Wm002.beqrElig 3971 - O300-BEQR-ELIG                  
05:38:21.861 [main] INFO  com.cloudframe.app.process.Wm002.mbdElig 3862 - O105-MBD-ELIG                   
05:38:21.861 [main] INFO  com.cloudframe.app.process.Wm002.rxEditType606171 2716 - 472-RX-EDIT-TYPE-60-61-71       
05:38:21.861 [main] INFO  com.cloudframe.app.process.Wm002.maElectionLimits 2587 - 450-MA-ELECTION-LIMITS          
05:38:21.861 [main] INFO  com.cloudframe.app.process.Wm002.calcIcepPADate 3284 - 1000-CALC-ICEP-P-A-DATE         
05:38:21.861 [main] INFO  com.cloudframe.app.process.Wm002.calcIcepPBDate 3299 - 1001-CALC-ICEP-P-B-DATE         
05:38:21.861 [main] INFO  com.cloudframe.app.process.Wm002.calcIepDobDate 3314 - 1002-CALC-IEP-DOB-DATE          
05:38:21.861 [main] INFO  com.cloudframe.app.process.Wm002.calcIepPDDate 3329 - 1003-CALC-IEP-P-D-DATE          
05:38:21.861 [main] INFO  com.cloudframe.app.process.Wm002.editMaFields 2686 - 460-EDIT-MA-FIELDS              
05:38:21.861 [main] INFO  com.cloudframe.app.process.Wm002.maElectionLimits 2587 - 450-MA-ELECTION-LIMITS          
05:38:21.861 [main] INFO  com.cloudframe.app.process.Wm002.calcIcepPADate 3284 - 1000-CALC-ICEP-P-A-DATE         
05:38:21.861 [main] INFO  com.cloudframe.app.process.Wm002.calcIcepPBDate 3299 - 1001-CALC-ICEP-P-B-DATE         
05:38:21.861 [main] INFO  com.cloudframe.app.process.Wm002.calcIepDobDate 3314 - 1002-CALC-IEP-DOB-DATE          
05:38:21.861 [main] INFO  com.cloudframe.app.process.Wm002.calcIepPDDate 3329 - 1003-CALC-IEP-P-D-DATE          
05:38:21.862 [main] INFO  com.cloudframe.app.process.Wm002.editMaFields 2686 - 460-EDIT-MA-FIELDS              
05:38:21.862 [main] INFO  com.cloudframe.app.process.Wm002.editPdFields 2701 - 470-EDIT-PD-FIELDS              
05:38:21.862 [main] INFO  com.cloudframe.app.process.Wm002.pdElectionLimits 2671 - 455-PD-ELECTION-LIMITS          
05:38:21.862 [main] INFO  com.cloudframe.app.process.Wm002.editPdFields 2701 - 470-EDIT-PD-FIELDS              
05:38:21.862 [main] INFO  com.cloudframe.app.process.Wm002.pdElectionLimits 2671 - 455-PD-ELECTION-LIMITS          
05:38:21.862 [main] INFO  com.cloudframe.app.process.Wm002.editMaFields 2686 - 460-EDIT-MA-FIELDS              
05:38:21.862 [main] INFO  com.cloudframe.app.process.Wm002.editPdFields 2701 - 470-EDIT-PD-FIELDS              
05:38:21.862 [main] INFO  com.cloudframe.app.process.Wm002.processResponse 3407 - B100-PROCESS-RESPONSE           
05:38:21.862 [main] INFO  com.cloudframe.app.process.Wm002.editEffdte 1643 - 210-EDIT-EFFDTE
05:38:21.862 [main] INFO  com.cloudframe.app.process.Wm002.verifyWithMbdMaster 1664 - 220-VERIFY-WITH-MBD-MASTER
05:38:21.862 [main] INFO  com.cloudframe.app.process.Wm002.readMbd 3779 - O100-READ-MBD                   
05:38:21.862 [main] INFO  com.cloudframe.app.process.Wm002.readBeqr 3995 - O305-READ-BEQR                  
05:38:21.862 [main] INFO  com.cloudframe.app.process.Wm002.readMbdO200 3910 - O200-READ-MBD                   
05:38:21.863 [main] INFO  com.cloudframe.app.process.Wm002.checkKeyConversion 3807 - O100-CHECK-KEY-CONVERSION       
05:38:21.863 [main] INFO  com.cloudframe.app.process.Wm002.bypassPaceDobCheck 1710 - BYPASS-PACE-DOB-CHECK
05:38:21.863 [main] INFO  com.cloudframe.app.process.Wm002.processResponse 3407 - B100-PROCESS-RESPONSE           
05:38:21.863 [main] INFO  com.cloudframe.app.process.Wm002.paceHospiceCheckEnd 1741 - PACE-HOSPICE-CHECK-END
05:38:21.863 [main] INFO  com.cloudframe.app.process.Wm002.vfyTc61Rollover 2542 - 440-VFY-TC61-ROLLOVER           
05:38:21.863 [main] INFO  com.cloudframe.app.process.Wm002.verifyWithMbdMaster250 1759 - 250-VERIFY-WITH-MBD-MASTER
05:38:21.863 [main] INFO  com.cloudframe.app.process.Wm002.readMbd 3779 - O100-READ-MBD                   
05:38:21.863 [main] INFO  com.cloudframe.app.process.Wm002.readBeqr 3995 - O305-READ-BEQR                  
05:38:21.863 [main] INFO  com.cloudframe.app.process.Wm002.readMbdO200 3910 - O200-READ-MBD                   
05:38:21.863 [main] INFO  com.cloudframe.app.process.Wm002.checkKeyConversion 3807 - O100-CHECK-KEY-CONVERSION       
05:38:21.863 [main] INFO  com.cloudframe.app.process.Wm002.processAccretionTrans 1372 - 030-PROCESS-ACCRETION-TRANS
05:38:21.864 [main] INFO  com.cloudframe.app.process.Wm002.writeTransaction 2731 - 500-WRITE-TRANSACTION           
05:38:21.864 [main] INFO  com.cloudframe.app.process.Wm002.editDeletionTrans 1780 - 300-EDIT-DELETION-TRANS
05:38:21.864 [main] INFO  com.cloudframe.app.process.Wm002.editCommonFields 2134 - 400-EDIT-COMMON-FIELDS
05:38:21.864 [main] INFO  com.cloudframe.app.process.Wm002.editSex 2149 - 430-EDIT-SEX
05:38:21.864 [main] INFO  com.cloudframe.app.process.Wm002.editBday 2164 - 432-EDIT-BDAY
05:38:21.864 [main] INFO  com.cloudframe.app.process.Wm002.editPlan 2179 - 435-EDIT-PLAN
05:38:21.864 [main] INFO  com.cloudframe.app.process.Wm002.editEffdte440 2194 - 440-EDIT-EFFDTE
05:38:21.864 [main] INFO  com.cloudframe.app.process.Wm002.editEffdteExit 2209 - 440-EDIT-EFFDTE-EXIT
05:38:21.864 [main] INFO  com.cloudframe.app.process.Wm002.readMbd 3779 - O100-READ-MBD                   
05:38:21.864 [main] INFO  com.cloudframe.app.process.Wm002.readBeqr 3995 - O305-READ-BEQR                  
05:38:21.865 [main] INFO  com.cloudframe.app.process.Wm002.readMbdO200 3910 - O200-READ-MBD                   
05:38:21.865 [main] INFO  com.cloudframe.app.process.Wm002.checkKeyConversion 3807 - O100-CHECK-KEY-CONVERSION       
05:38:21.865 [main] INFO  com.cloudframe.app.process.Wm002.processDeletionTrans 1390 - 030-PROCESS-DELETION-TRANS
05:38:21.865 [main] INFO  com.cloudframe.app.process.Wm002.writeTransaction 2731 - 500-WRITE-TRANSACTION           
05:38:21.865 [main] INFO  com.cloudframe.app.process.Wm002.editChangeTrans 1849 - 300-EDIT-CHANGE-TRANS
05:38:21.865 [main] INFO  com.cloudframe.app.process.Wm002.editCommonFields 2134 - 400-EDIT-COMMON-FIELDS
05:38:21.865 [main] INFO  com.cloudframe.app.process.Wm002.editSex 2149 - 430-EDIT-SEX
05:38:21.865 [main] INFO  com.cloudframe.app.process.Wm002.editBday 2164 - 432-EDIT-BDAY
05:38:21.866 [main] INFO  com.cloudframe.app.process.Wm002.editPlan 2179 - 435-EDIT-PLAN
05:38:21.866 [main] INFO  com.cloudframe.app.process.Wm002.editEffdte440 2194 - 440-EDIT-EFFDTE
05:38:21.866 [main] INFO  com.cloudframe.app.process.Wm002.editEffdteExit 2209 - 440-EDIT-EFFDTE-EXIT
05:38:21.866 [main] INFO  com.cloudframe.app.process.Wm002.verifyWithMbdMaster1 1872 - 320-VERIFY-WITH-MBD-MASTER-1
05:38:21.866 [main] INFO  com.cloudframe.app.process.Wm002.bypassMbdCheck1 1890 - 320-BYPASS-MBD-CHECK-1
05:38:21.866 [main] INFO  com.cloudframe.app.process.Wm002.processChangeTrans 1408 - 030-PROCESS-CHANGE-TRANS
05:38:21.866 [main] INFO  com.cloudframe.app.process.Wm002.writeTransaction 2731 - 500-WRITE-TRANSACTION           
05:38:21.866 [main] INFO  com.cloudframe.app.process.Wm002.editCancelTrans 1905 - 300-EDIT-CANCEL-TRANS
05:38:21.867 [main] INFO  com.cloudframe.app.process.Wm002.editCommonFields 2134 - 400-EDIT-COMMON-FIELDS
05:38:21.867 [main] INFO  com.cloudframe.app.process.Wm002.editSex 2149 - 430-EDIT-SEX
05:38:21.867 [main] INFO  com.cloudframe.app.process.Wm002.editBday 2164 - 432-EDIT-BDAY
05:38:21.867 [main] INFO  com.cloudframe.app.process.Wm002.editPlan 2179 - 435-EDIT-PLAN
05:38:21.867 [main] INFO  com.cloudframe.app.process.Wm002.editEffdte440 2194 - 440-EDIT-EFFDTE
05:38:21.867 [main] INFO  com.cloudframe.app.process.Wm002.editEffdteExit 2209 - 440-EDIT-EFFDTE-EXIT
05:38:21.867 [main] INFO  com.cloudframe.app.process.Wm002.verifyWithMbdMaster2 1928 - 320-VERIFY-WITH-MBD-MASTER-2
05:38:21.867 [main] INFO  com.cloudframe.app.process.Wm002.processCancelTrans 1426 - 030-PROCESS-CANCEL-TRANS
05:38:21.867 [main] INFO  com.cloudframe.app.process.Wm002.writeTransaction 2731 - 500-WRITE-TRANSACTION           
05:38:21.868 [main] INFO  com.cloudframe.app.process.Wm002.editFaTrans 1943 - 300-EDIT-FA-TRANS
05:38:21.868 [main] INFO  com.cloudframe.app.process.Wm002.editCommonFields 2134 - 400-EDIT-COMMON-FIELDS
05:38:21.868 [main] INFO  com.cloudframe.app.process.Wm002.editSex 2149 - 430-EDIT-SEX
05:38:21.868 [main] INFO  com.cloudframe.app.process.Wm002.editBday 2164 - 432-EDIT-BDAY
05:38:21.868 [main] INFO  com.cloudframe.app.process.Wm002.editPlan 2179 - 435-EDIT-PLAN
05:38:21.868 [main] INFO  com.cloudframe.app.process.Wm002.editEffdte440 2194 - 440-EDIT-EFFDTE
05:38:21.868 [main] INFO  com.cloudframe.app.process.Wm002.editEffdteExit 2209 - 440-EDIT-EFFDTE-EXIT
05:38:21.868 [main] INFO  com.cloudframe.app.process.Wm002.verifyWithMbdMaster3 1966 - 320-VERIFY-WITH-MBD-MASTER-3
05:38:21.868 [main] INFO  com.cloudframe.app.process.Wm002.readMbd 3779 - O100-READ-MBD                   
05:38:21.868 [main] INFO  com.cloudframe.app.process.Wm002.readBeqr 3995 - O305-READ-BEQR                  
05:38:21.868 [main] INFO  com.cloudframe.app.process.Wm002.readMbdO200 3910 - O200-READ-MBD                   
05:38:21.869 [main] INFO  com.cloudframe.app.process.Wm002.checkKeyConversion 3807 - O100-CHECK-KEY-CONVERSION       
05:38:21.869 [main] INFO  com.cloudframe.app.process.Wm002.processFaTrans 1444 - 030-PROCESS-FA-TRANS
05:38:21.869 [main] INFO  com.cloudframe.app.process.Wm002.writeTransaction 2731 - 500-WRITE-TRANSACTION           
05:38:21.869 [main] INFO  com.cloudframe.app.process.Wm002.editPosDrugEdit 1987 - 300-EDIT-POS-DRUG-EDIT
05:38:21.869 [main] INFO  com.cloudframe.app.process.Wm002.editCommonFields 2134 - 400-EDIT-COMMON-FIELDS
05:38:21.869 [main] INFO  com.cloudframe.app.process.Wm002.editSex 2149 - 430-EDIT-SEX
05:38:21.869 [main] INFO  com.cloudframe.app.process.Wm002.editBday 2164 - 432-EDIT-BDAY
05:38:21.869 [main] INFO  com.cloudframe.app.process.Wm002.editPlan 2179 - 435-EDIT-PLAN
05:38:21.869 [main] INFO  com.cloudframe.app.process.Wm002.editEffdte440 2194 - 440-EDIT-EFFDTE
05:38:21.870 [main] INFO  com.cloudframe.app.process.Wm002.editEffdteExit 2209 - 440-EDIT-EFFDTE-EXIT
05:38:21.870 [main] INFO  com.cloudframe.app.process.Wm002.verifyWithMbdMaster4 2010 - 320-VERIFY-WITH-MBD-MASTER-4
05:38:21.870 [main] INFO  com.cloudframe.app.process.Wm002.readMbd 3779 - O100-READ-MBD                   
05:38:21.870 [main] INFO  com.cloudframe.app.process.Wm002.readBeqr 3995 - O305-READ-BEQR                  
05:38:21.870 [main] INFO  com.cloudframe.app.process.Wm002.readMbdO200 3910 - O200-READ-MBD                   
05:38:21.870 [main] INFO  com.cloudframe.app.process.Wm002.checkKeyConversion 3807 - O100-CHECK-KEY-CONVERSION       
05:38:21.870 [main] INFO  com.cloudframe.app.process.Wm002.processPosDrugEdit 1462 - 030-PROCESS-POS-DRUG-EDIT
05:38:21.870 [main] INFO  com.cloudframe.app.process.Wm002.writeTransaction 2731 - 500-WRITE-TRANSACTION           
05:38:21.871 [main] INFO  com.cloudframe.app.process.Wm002.editIcmPartEdit 2031 - 300-EDIT-ICM-PART-EDIT
05:38:21.871 [main] INFO  com.cloudframe.app.process.Wm002.editCommonFields 2134 - 400-EDIT-COMMON-FIELDS
05:38:21.871 [main] INFO  com.cloudframe.app.process.Wm002.editSex 2149 - 430-EDIT-SEX
05:38:21.871 [main] INFO  com.cloudframe.app.process.Wm002.editBday 2164 - 432-EDIT-BDAY
05:38:21.871 [main] INFO  com.cloudframe.app.process.Wm002.editPlan 2179 - 435-EDIT-PLAN
05:38:21.871 [main] INFO  com.cloudframe.app.process.Wm002.editEffdte440 2194 - 440-EDIT-EFFDTE
05:38:21.871 [main] INFO  com.cloudframe.app.process.Wm002.editEffdteExit 2209 - 440-EDIT-EFFDTE-EXIT
05:38:21.871 [main] INFO  com.cloudframe.app.process.Wm002.verifyWithMbdMaster5 2054 - 320-VERIFY-WITH-MBD-MASTER-5
05:38:21.871 [main] INFO  com.cloudframe.app.process.Wm002.readMbd 3779 - O100-READ-MBD                   
05:38:21.871 [main] INFO  com.cloudframe.app.process.Wm002.readBeqr 3995 - O305-READ-BEQR                  
05:38:21.872 [main] INFO  com.cloudframe.app.process.Wm002.readMbdO200 3910 - O200-READ-MBD                   
05:38:21.872 [main] INFO  com.cloudframe.app.process.Wm002.checkKeyConversion 3807 - O100-CHECK-KEY-CONVERSION       
05:38:21.872 [main] INFO  com.cloudframe.app.process.Wm002.endDateEdit 2075 - 320-END-DATE-EDIT
05:38:21.872 [main] INFO  com.cloudframe.app.process.Wm002.processIcmPartEdit 1480 - 030-PROCESS-ICM-PART-EDIT
05:38:21.872 [main] INFO  com.cloudframe.app.process.Wm002.writeTransaction 2731 - 500-WRITE-TRANSACTION           
05:38:21.872 [main] INFO  com.cloudframe.app.process.Wm002.editPersonalInformation 2090 - 300-EDIT-PERSONAL-INFORMATION
05:38:21.872 [main] INFO  com.cloudframe.app.process.Wm002.editCommonFields 2134 - 400-EDIT-COMMON-FIELDS
05:38:21.872 [main] INFO  com.cloudframe.app.process.Wm002.editSex 2149 - 430-EDIT-SEX
05:38:21.872 [main] INFO  com.cloudframe.app.process.Wm002.editBday 2164 - 432-EDIT-BDAY
05:38:21.872 [main] INFO  com.cloudframe.app.process.Wm002.editPlan 2179 - 435-EDIT-PLAN
05:38:21.872 [main] INFO  com.cloudframe.app.process.Wm002.editEffdte440 2194 - 440-EDIT-EFFDTE
05:38:21.873 [main] INFO  com.cloudframe.app.process.Wm002.editEffdteExit 2209 - 440-EDIT-EFFDTE-EXIT
05:38:21.873 [main] INFO  com.cloudframe.app.process.Wm002.verifyWithMbdMaster6 2113 - 320-VERIFY-WITH-MBD-MASTER-6
05:38:21.873 [main] INFO  com.cloudframe.app.process.Wm002.readMbd 3779 - O100-READ-MBD                   
05:38:21.873 [main] INFO  com.cloudframe.app.process.Wm002.readBeqr 3995 - O305-READ-BEQR                  
05:38:21.873 [main] INFO  com.cloudframe.app.process.Wm002.readMbdO200 3910 - O200-READ-MBD                   
05:38:21.873 [main] INFO  com.cloudframe.app.process.Wm002.checkKeyConversion 3807 - O100-CHECK-KEY-CONVERSION       
05:38:21.873 [main] INFO  com.cloudframe.app.process.Wm002.processPersonalInfo 1498 - 030-PROCESS-PERSONAL-INFO
05:38:21.873 [main] INFO  com.cloudframe.app.process.Wm002.writeTransaction 2731 - 500-WRITE-TRANSACTION           
05:38:21.873 [main] INFO  com.cloudframe.app.process.Wm002.vfyDrugDates 2224 - 410-VFY-DRUG-DATES
05:38:21.873 [main] INFO  com.cloudframe.app.process.Wm002.validateDate 2407 - 433-VALIDATE-DATE               
05:38:21.874 [main] INFO  com.cloudframe.app.process.Wm002.processResponse 3407 - B100-PROCESS-RESPONSE           
05:38:21.874 [main] INFO  com.cloudframe.app.process.Wm002.continue030 1522 - 030-CONTINUE
05:38:21.874 [main] INFO  com.cloudframe.app.process.Wm002.processResponse 3407 - B100-PROCESS-RESPONSE           
05:38:21.874 [main] INFO  com.cloudframe.app.process.Wm001.startPgm   97 -  
05:38:21.874 [main] INFO  com.cloudframe.app.process.Wm001.startPgm   92 - *----------------------------------- 08 -----------------------------------*
05:38:21.874 [main] INFO  com.cloudframe.app.process.Wm002.startPgm  602 - IN 000-START-PGM : WS-CALL-COUNT = 8
05:38:21.874 [main] INFO  com.cloudframe.app.process.Wm002.notifyAnalyst 3269 - 900-NOTIFY-ANALYST              
05:38:21.874 [main] INFO  com.cloudframe.app.process.Wm002.getCpm  672 - IN 005-GET-CPM
05:38:21.875 [main] INFO  com.cloudframe.app.process.Wm002.getCutoffTime  687 - IN 006-GET-CUTOFF-TIME
05:38:21.875 [main] INFO  com.cloudframe.app.process.Wm002.checkForEemAndBeq  657 - IN 004-CHECK-FOR-EEM-AND-BEQ
05:38:21.875 [main] INFO  com.cloudframe.app.process.Wm002.openFiles  702 - IN 010-OPEN-FILES
05:38:21.875 [main] INFO  com.cloudframe.app.process.Wm002.verifyHeader  723 - IN 020-VERIFY-HEADER
05:38:21.875 [main] INFO  com.cloudframe.app.process.Wm002.validateBatchFileTypeA301 3392 - A301-VALIDATE-BATCH-FILE-TYPE   
05:38:21.875 [main] INFO  com.cloudframe.app.process.Wm002.outputHeaderRecd  844 - 030-OUTPUT-HEADER-RECD
05:38:21.875 [main] INFO  com.cloudframe.app.process.Wm002.processInputFile  902 - 030-PROCESS-INPUT-FILE
05:38:21.875 [main] INFO  com.cloudframe.app.process.Wm002.chkIfMbi 4055 - Z666-CHK-IF-MBI                 
05:38:21.875 [main] INFO  com.cloudframe.app.process.Wm002.checkIfMmp 4025 - O322-CHECK-IF-MMP               
05:38:21.875 [main] INFO  com.cloudframe.app.process.Wm002.planpbpError 3344 - A100-PLANPBP-ERROR              
05:38:21.876 [main] INFO  com.cloudframe.app.process.Wm002.processResponse 3407 - B100-PROCESS-RESPONSE           
05:38:21.876 [main] INFO  com.cloudframe.app.process.Wm002.badPlanidCheck 1103 - 030-BAD-PLANID-CHECK
05:38:21.876 [main] INFO  com.cloudframe.app.process.Wm002.editAccretionTrans 1576 - 200-EDIT-ACCRETION-TRANS
05:38:21.876 [main] INFO  com.cloudframe.app.process.Wm002.editCommonFields 2134 - 400-EDIT-COMMON-FIELDS
05:38:21.876 [main] INFO  com.cloudframe.app.process.Wm002.editSex 2149 - 430-EDIT-SEX
05:38:21.876 [main] INFO  com.cloudframe.app.process.Wm002.editBday 2164 - 432-EDIT-BDAY
05:38:21.876 [main] INFO  com.cloudframe.app.process.Wm002.editPlan 2179 - 435-EDIT-PLAN
05:38:21.876 [main] INFO  com.cloudframe.app.process.Wm002.editEffdte440 2194 - 440-EDIT-EFFDTE
05:38:21.876 [main] INFO  com.cloudframe.app.process.Wm002.editEffdteExit 2209 - 440-EDIT-EFFDTE-EXIT
05:38:21.876 [main] INFO  com.cloudframe.app.process.Wm002.processResponse 3407 - B100-PROCESS-RESPONSE           
05:38:21.877 [main] INFO  com.cloudframe.app.process.Wm002.beqrElig 3971 - O300-BEQR-ELIG                  
05:38:21.877 [main] INFO  com.cloudframe.app.process.Wm002.mbdElig 3862 - O105-MBD-ELIG                   
05:38:21.877 [main] INFO  com.cloudframe.app.process.Wm002.rxEditType606171 2716 - 472-RX-EDIT-TYPE-60-61-71       
05:38:21.877 [main] INFO  com.cloudframe.app.process.Wm002.maElectionLimits 2587 - 450-MA-ELECTION-LIMITS          
05:38:21.877 [main] INFO  com.cloudframe.app.process.Wm002.calcIcepPADate 3284 - 1000-CALC-ICEP-P-A-DATE         
05:38:21.877 [main] INFO  com.cloudframe.app.process.Wm002.calcIcepPBDate 3299 - 1001-CALC-ICEP-P-B-DATE         
05:38:21.877 [main] INFO  com.cloudframe.app.process.Wm002.calcIepDobDate 3314 - 1002-CALC-IEP-DOB-DATE          
05:38:21.878 [main] INFO  com.cloudframe.app.process.Wm002.calcIepPDDate 3329 - 1003-CALC-IEP-P-D-DATE          
05:38:21.878 [main] INFO  com.cloudframe.app.process.Wm002.editMaFields 2686 - 460-EDIT-MA-FIELDS              
05:38:21.878 [main] INFO  com.cloudframe.app.process.Wm002.maElectionLimits 2587 - 450-MA-ELECTION-LIMITS          
05:38:21.878 [main] INFO  com.cloudframe.app.process.Wm002.calcIcepPADate 3284 - 1000-CALC-ICEP-P-A-DATE         
05:38:21.878 [main] INFO  com.cloudframe.app.process.Wm002.calcIcepPBDate 3299 - 1001-CALC-ICEP-P-B-DATE         
05:38:21.879 [main] INFO  com.cloudframe.app.process.Wm002.calcIepDobDate 3314 - 1002-CALC-IEP-DOB-DATE          
05:38:21.879 [main] INFO  com.cloudframe.app.process.Wm002.calcIepPDDate 3329 - 1003-CALC-IEP-P-D-DATE          
05:38:21.879 [main] INFO  com.cloudframe.app.process.Wm002.editMaFields 2686 - 460-EDIT-MA-FIELDS              
05:38:21.879 [main] INFO  com.cloudframe.app.process.Wm002.editPdFields 2701 - 470-EDIT-PD-FIELDS              
05:38:21.879 [main] INFO  com.cloudframe.app.process.Wm002.pdElectionLimits 2671 - 455-PD-ELECTION-LIMITS          
05:38:21.879 [main] INFO  com.cloudframe.app.process.Wm002.editPdFields 2701 - 470-EDIT-PD-FIELDS              
05:38:21.879 [main] INFO  com.cloudframe.app.process.Wm002.pdElectionLimits 2671 - 455-PD-ELECTION-LIMITS          
05:38:21.880 [main] INFO  com.cloudframe.app.process.Wm002.editMaFields 2686 - 460-EDIT-MA-FIELDS              
05:38:21.880 [main] INFO  com.cloudframe.app.process.Wm002.editPdFields 2701 - 470-EDIT-PD-FIELDS              
05:38:21.880 [main] INFO  com.cloudframe.app.process.Wm002.processResponse 3407 - B100-PROCESS-RESPONSE           
05:38:21.880 [main] INFO  com.cloudframe.app.process.Wm002.editEffdte 1643 - 210-EDIT-EFFDTE
05:38:21.880 [main] INFO  com.cloudframe.app.process.Wm002.verifyWithMbdMaster 1664 - 220-VERIFY-WITH-MBD-MASTER
05:38:21.880 [main] INFO  com.cloudframe.app.process.Wm002.readMbd 3779 - O100-READ-MBD                   
05:38:21.880 [main] INFO  com.cloudframe.app.process.Wm002.readBeqr 3995 - O305-READ-BEQR                  
05:38:21.880 [main] INFO  com.cloudframe.app.process.Wm002.readMbdO200 3910 - O200-READ-MBD                   
05:38:21.881 [main] INFO  com.cloudframe.app.process.Wm002.checkKeyConversion 3807 - O100-CHECK-KEY-CONVERSION       
05:38:21.881 [main] INFO  com.cloudframe.app.process.Wm002.bypassPaceDobCheck 1710 - BYPASS-PACE-DOB-CHECK
05:38:21.881 [main] INFO  com.cloudframe.app.process.Wm002.paceHospiceCheckEnd 1741 - PACE-HOSPICE-CHECK-END
05:38:21.881 [main] INFO  com.cloudframe.app.process.Wm002.vfyTc61Rollover 2542 - 440-VFY-TC61-ROLLOVER           
05:38:21.881 [main] INFO  com.cloudframe.app.process.Wm002.verifyWithMbdMaster250 1759 - 250-VERIFY-WITH-MBD-MASTER
05:38:21.881 [main] INFO  com.cloudframe.app.process.Wm002.readMbd 3779 - O100-READ-MBD                   
05:38:21.881 [main] INFO  com.cloudframe.app.process.Wm002.readBeqr 3995 - O305-READ-BEQR                  
05:38:21.882 [main] INFO  com.cloudframe.app.process.Wm002.readMbdO200 3910 - O200-READ-MBD                   
05:38:21.882 [main] INFO  com.cloudframe.app.process.Wm002.checkKeyConversion 3807 - O100-CHECK-KEY-CONVERSION       
05:38:21.882 [main] INFO  com.cloudframe.app.process.Wm002.processAccretionTrans 1372 - 030-PROCESS-ACCRETION-TRANS
05:38:21.882 [main] INFO  com.cloudframe.app.process.Wm002.writeTransaction 2731 - 500-WRITE-TRANSACTION           
05:38:21.882 [main] INFO  com.cloudframe.app.process.Wm002.editDeletionTrans 1780 - 300-EDIT-DELETION-TRANS
05:38:21.882 [main] INFO  com.cloudframe.app.process.Wm002.editCommonFields 2134 - 400-EDIT-COMMON-FIELDS
05:38:21.882 [main] INFO  com.cloudframe.app.process.Wm002.editSex 2149 - 430-EDIT-SEX
05:38:21.882 [main] INFO  com.cloudframe.app.process.Wm002.editBday 2164 - 432-EDIT-BDAY
05:38:21.883 [main] INFO  com.cloudframe.app.process.Wm002.editPlan 2179 - 435-EDIT-PLAN
05:38:21.883 [main] INFO  com.cloudframe.app.process.Wm002.editEffdte440 2194 - 440-EDIT-EFFDTE
05:38:21.883 [main] INFO  com.cloudframe.app.process.Wm002.editEffdteExit 2209 - 440-EDIT-EFFDTE-EXIT
05:38:21.883 [main] INFO  com.cloudframe.app.process.Wm002.readMbd 3779 - O100-READ-MBD                   
05:38:21.883 [main] INFO  com.cloudframe.app.process.Wm002.readBeqr 3995 - O305-READ-BEQR                  
05:38:21.883 [main] INFO  com.cloudframe.app.process.Wm002.readMbdO200 3910 - O200-READ-MBD                   
05:38:21.883 [main] INFO  com.cloudframe.app.process.Wm002.checkKeyConversion 3807 - O100-CHECK-KEY-CONVERSION       
05:38:21.884 [main] INFO  com.cloudframe.app.process.Wm002.processDeletionTrans 1390 - 030-PROCESS-DELETION-TRANS
05:38:21.884 [main] INFO  com.cloudframe.app.process.Wm002.writeTransaction 2731 - 500-WRITE-TRANSACTION           
05:38:21.884 [main] INFO  com.cloudframe.app.process.Wm002.editChangeTrans 1849 - 300-EDIT-CHANGE-TRANS
05:38:21.884 [main] INFO  com.cloudframe.app.process.Wm002.editCommonFields 2134 - 400-EDIT-COMMON-FIELDS
05:38:21.884 [main] INFO  com.cloudframe.app.process.Wm002.editSex 2149 - 430-EDIT-SEX
05:38:21.884 [main] INFO  com.cloudframe.app.process.Wm002.editBday 2164 - 432-EDIT-BDAY
05:38:21.884 [main] INFO  com.cloudframe.app.process.Wm002.editPlan 2179 - 435-EDIT-PLAN
05:38:21.884 [main] INFO  com.cloudframe.app.process.Wm002.editEffdte440 2194 - 440-EDIT-EFFDTE
05:38:21.885 [main] INFO  com.cloudframe.app.process.Wm002.editEffdteExit 2209 - 440-EDIT-EFFDTE-EXIT
05:38:21.885 [main] INFO  com.cloudframe.app.process.Wm002.verifyWithMbdMaster1 1872 - 320-VERIFY-WITH-MBD-MASTER-1
05:38:21.885 [main] INFO  com.cloudframe.app.process.Wm002.bypassMbdCheck1 1890 - 320-BYPASS-MBD-CHECK-1
05:38:21.885 [main] INFO  com.cloudframe.app.process.Wm002.processChangeTrans 1408 - 030-PROCESS-CHANGE-TRANS
05:38:21.885 [main] INFO  com.cloudframe.app.process.Wm002.writeTransaction 2731 - 500-WRITE-TRANSACTION           
05:38:21.885 [main] INFO  com.cloudframe.app.process.Wm002.editCancelTrans 1905 - 300-EDIT-CANCEL-TRANS
05:38:21.885 [main] INFO  com.cloudframe.app.process.Wm002.editCommonFields 2134 - 400-EDIT-COMMON-FIELDS
05:38:21.885 [main] INFO  com.cloudframe.app.process.Wm002.editSex 2149 - 430-EDIT-SEX
05:38:21.886 [main] INFO  com.cloudframe.app.process.Wm002.editBday 2164 - 432-EDIT-BDAY
05:38:21.886 [main] INFO  com.cloudframe.app.process.Wm002.editPlan 2179 - 435-EDIT-PLAN
05:38:21.886 [main] INFO  com.cloudframe.app.process.Wm002.editEffdte440 2194 - 440-EDIT-EFFDTE
05:38:21.886 [main] INFO  com.cloudframe.app.process.Wm002.editEffdteExit 2209 - 440-EDIT-EFFDTE-EXIT
05:38:21.886 [main] INFO  com.cloudframe.app.process.Wm002.verifyWithMbdMaster2 1928 - 320-VERIFY-WITH-MBD-MASTER-2
05:38:21.886 [main] INFO  com.cloudframe.app.process.Wm002.processCancelTrans 1426 - 030-PROCESS-CANCEL-TRANS
05:38:21.887 [main] INFO  com.cloudframe.app.process.Wm002.writeTransaction 2731 - 500-WRITE-TRANSACTION           
05:38:21.887 [main] INFO  com.cloudframe.app.process.Wm002.editFaTrans 1943 - 300-EDIT-FA-TRANS
05:38:21.887 [main] INFO  com.cloudframe.app.process.Wm002.editCommonFields 2134 - 400-EDIT-COMMON-FIELDS
05:38:21.887 [main] INFO  com.cloudframe.app.process.Wm002.editSex 2149 - 430-EDIT-SEX
05:38:21.887 [main] INFO  com.cloudframe.app.process.Wm002.editBday 2164 - 432-EDIT-BDAY
05:38:21.887 [main] INFO  com.cloudframe.app.process.Wm002.editPlan 2179 - 435-EDIT-PLAN
05:38:21.887 [main] INFO  com.cloudframe.app.process.Wm002.editEffdte440 2194 - 440-EDIT-EFFDTE
05:38:21.887 [main] INFO  com.cloudframe.app.process.Wm002.editEffdteExit 2209 - 440-EDIT-EFFDTE-EXIT
05:38:21.888 [main] INFO  com.cloudframe.app.process.Wm002.verifyWithMbdMaster3 1966 - 320-VERIFY-WITH-MBD-MASTER-3
05:38:21.888 [main] INFO  com.cloudframe.app.process.Wm002.readMbd 3779 - O100-READ-MBD                   
05:38:21.888 [main] INFO  com.cloudframe.app.process.Wm002.readBeqr 3995 - O305-READ-BEQR                  
05:38:21.888 [main] INFO  com.cloudframe.app.process.Wm002.readMbdO200 3910 - O200-READ-MBD                   
05:38:21.888 [main] INFO  com.cloudframe.app.process.Wm002.checkKeyConversion 3807 - O100-CHECK-KEY-CONVERSION       
05:38:21.888 [main] INFO  com.cloudframe.app.process.Wm002.processFaTrans 1444 - 030-PROCESS-FA-TRANS
05:38:21.888 [main] INFO  com.cloudframe.app.process.Wm002.writeTransaction 2731 - 500-WRITE-TRANSACTION           
05:38:21.889 [main] INFO  com.cloudframe.app.process.Wm002.editPosDrugEdit 1987 - 300-EDIT-POS-DRUG-EDIT
05:38:21.889 [main] INFO  com.cloudframe.app.process.Wm002.editCommonFields 2134 - 400-EDIT-COMMON-FIELDS
05:38:21.889 [main] INFO  com.cloudframe.app.process.Wm002.editSex 2149 - 430-EDIT-SEX
05:38:21.889 [main] INFO  com.cloudframe.app.process.Wm002.editBday 2164 - 432-EDIT-BDAY
05:38:21.889 [main] INFO  com.cloudframe.app.process.Wm002.editPlan 2179 - 435-EDIT-PLAN
05:38:21.889 [main] INFO  com.cloudframe.app.process.Wm002.editEffdte440 2194 - 440-EDIT-EFFDTE
05:38:21.889 [main] INFO  com.cloudframe.app.process.Wm002.editEffdteExit 2209 - 440-EDIT-EFFDTE-EXIT
05:38:21.889 [main] INFO  com.cloudframe.app.process.Wm002.verifyWithMbdMaster4 2010 - 320-VERIFY-WITH-MBD-MASTER-4
05:38:21.889 [main] INFO  com.cloudframe.app.process.Wm002.readMbd 3779 - O100-READ-MBD                   
05:38:21.889 [main] INFO  com.cloudframe.app.process.Wm002.readBeqr 3995 - O305-READ-BEQR                  
05:38:21.889 [main] INFO  com.cloudframe.app.process.Wm002.readMbdO200 3910 - O200-READ-MBD                   
05:38:21.890 [main] INFO  com.cloudframe.app.process.Wm002.checkKeyConversion 3807 - O100-CHECK-KEY-CONVERSION       
05:38:21.890 [main] INFO  com.cloudframe.app.process.Wm002.processPosDrugEdit 1462 - 030-PROCESS-POS-DRUG-EDIT
05:38:21.890 [main] INFO  com.cloudframe.app.process.Wm002.writeTransaction 2731 - 500-WRITE-TRANSACTION           
05:38:21.890 [main] INFO  com.cloudframe.app.process.Wm002.editIcmPartEdit 2031 - 300-EDIT-ICM-PART-EDIT
05:38:21.890 [main] INFO  com.cloudframe.app.process.Wm002.editCommonFields 2134 - 400-EDIT-COMMON-FIELDS
05:38:21.890 [main] INFO  com.cloudframe.app.process.Wm002.editSex 2149 - 430-EDIT-SEX
05:38:21.890 [main] INFO  com.cloudframe.app.process.Wm002.editBday 2164 - 432-EDIT-BDAY
05:38:21.890 [main] INFO  com.cloudframe.app.process.Wm002.editPlan 2179 - 435-EDIT-PLAN
05:38:21.890 [main] INFO  com.cloudframe.app.process.Wm002.editEffdte440 2194 - 440-EDIT-EFFDTE
05:38:21.890 [main] INFO  com.cloudframe.app.process.Wm002.editEffdteExit 2209 - 440-EDIT-EFFDTE-EXIT
05:38:21.890 [main] INFO  com.cloudframe.app.process.Wm002.verifyWithMbdMaster5 2054 - 320-VERIFY-WITH-MBD-MASTER-5
05:38:21.891 [main] INFO  com.cloudframe.app.process.Wm002.readMbd 3779 - O100-READ-MBD                   
05:38:21.891 [main] INFO  com.cloudframe.app.process.Wm002.readBeqr 3995 - O305-READ-BEQR                  
05:38:21.891 [main] INFO  com.cloudframe.app.process.Wm002.readMbdO200 3910 - O200-READ-MBD                   
05:38:21.891 [main] INFO  com.cloudframe.app.process.Wm002.checkKeyConversion 3807 - O100-CHECK-KEY-CONVERSION       
05:38:21.891 [main] INFO  com.cloudframe.app.process.Wm002.endDateEdit 2075 - 320-END-DATE-EDIT
05:38:21.892 [main] INFO  com.cloudframe.app.process.Wm002.processIcmPartEdit 1480 - 030-PROCESS-ICM-PART-EDIT
05:38:21.892 [main] INFO  com.cloudframe.app.process.Wm002.writeTransaction 2731 - 500-WRITE-TRANSACTION           
05:38:21.892 [main] INFO  com.cloudframe.app.process.Wm002.editPersonalInformation 2090 - 300-EDIT-PERSONAL-INFORMATION
05:38:21.892 [main] INFO  com.cloudframe.app.process.Wm002.editCommonFields 2134 - 400-EDIT-COMMON-FIELDS
05:38:21.892 [main] INFO  com.cloudframe.app.process.Wm002.editSex 2149 - 430-EDIT-SEX
05:38:21.892 [main] INFO  com.cloudframe.app.process.Wm002.editBday 2164 - 432-EDIT-BDAY
05:38:21.892 [main] INFO  com.cloudframe.app.process.Wm002.editPlan 2179 - 435-EDIT-PLAN
05:38:21.892 [main] INFO  com.cloudframe.app.process.Wm002.editEffdte440 2194 - 440-EDIT-EFFDTE
05:38:21.892 [main] INFO  com.cloudframe.app.process.Wm002.editEffdteExit 2209 - 440-EDIT-EFFDTE-EXIT
05:38:21.892 [main] INFO  com.cloudframe.app.process.Wm002.verifyWithMbdMaster6 2113 - 320-VERIFY-WITH-MBD-MASTER-6
05:38:21.893 [main] INFO  com.cloudframe.app.process.Wm002.readMbd 3779 - O100-READ-MBD                   
05:38:21.893 [main] INFO  com.cloudframe.app.process.Wm002.readBeqr 3995 - O305-READ-BEQR                  
05:38:21.893 [main] INFO  com.cloudframe.app.process.Wm002.readMbdO200 3910 - O200-READ-MBD                   
05:38:21.893 [main] INFO  com.cloudframe.app.process.Wm002.checkKeyConversion 3807 - O100-CHECK-KEY-CONVERSION       
05:38:21.893 [main] INFO  com.cloudframe.app.process.Wm002.processPersonalInfo 1498 - 030-PROCESS-PERSONAL-INFO
05:38:21.893 [main] INFO  com.cloudframe.app.process.Wm002.writeTransaction 2731 - 500-WRITE-TRANSACTION           
05:38:21.893 [main] INFO  com.cloudframe.app.process.Wm002.vfyDrugDates 2224 - 410-VFY-DRUG-DATES
05:38:21.893 [main] INFO  com.cloudframe.app.process.Wm002.validateDate 2407 - 433-VALIDATE-DATE               
05:38:21.894 [main] INFO  com.cloudframe.app.process.Wm002.processResponse 3407 - B100-PROCESS-RESPONSE           
05:38:21.894 [main] INFO  com.cloudframe.app.process.Wm002.continue030 1522 - 030-CONTINUE
05:38:21.894 [main] INFO  com.cloudframe.app.process.Wm002.processResponse 3407 - B100-PROCESS-RESPONSE           
05:38:21.894 [main] INFO  com.cloudframe.app.process.Wm001.startPgm   97 -  
05:38:21.894 [main] INFO  com.cloudframe.app.process.Wm001.startPgm   92 - *----------------------------------- 09 -----------------------------------*
05:38:21.895 [main] INFO  com.cloudframe.app.process.Wm002.startPgm  602 - IN 000-START-PGM : WS-CALL-COUNT = 9
05:38:21.895 [main] INFO  com.cloudframe.app.process.Wm002.notifyAnalyst 3269 - 900-NOTIFY-ANALYST              
05:38:21.895 [main] INFO  com.cloudframe.app.process.Wm002.getCpm  672 - IN 005-GET-CPM
05:38:21.895 [main] INFO  com.cloudframe.app.process.Wm002.getCutoffTime  687 - IN 006-GET-CUTOFF-TIME
05:38:21.895 [main] INFO  com.cloudframe.app.process.Wm002.checkForEemAndBeq  657 - IN 004-CHECK-FOR-EEM-AND-BEQ
05:38:21.895 [main] INFO  com.cloudframe.app.process.Wm002.openFiles  702 - IN 010-OPEN-FILES
05:38:21.895 [main] INFO  com.cloudframe.app.process.Wm002.verifyHeader  723 - IN 020-VERIFY-HEADER
05:38:21.896 [main] INFO  com.cloudframe.app.process.Wm002.validateBatchFileTypeA301 3392 - A301-VALIDATE-BATCH-FILE-TYPE   
05:38:21.896 [main] INFO  com.cloudframe.app.process.Wm002.outputHeaderRecd  844 - 030-OUTPUT-HEADER-RECD
05:38:21.896 [main] INFO  com.cloudframe.app.process.Wm002.processInputFile  902 - 030-PROCESS-INPUT-FILE
05:38:21.896 [main] INFO  com.cloudframe.app.process.Wm002.chkIfMbi 4055 - Z666-CHK-IF-MBI                 
05:38:21.896 [main] INFO  com.cloudframe.app.process.Wm002.notifyAnalyst 3269 - 900-NOTIFY-ANALYST              
05:38:21.896 [main] INFO  com.cloudframe.app.process.Wm002.endOfJob 1548 - 099-END-OF-JOB
05:38:21.896 [main] INFO  com.cloudframe.app.process.Wm002.writeGoodRecords 3437 - F100-WRITE-GOOD-RECORDS         
05:38:21.896 [main] INFO  com.cloudframe.app.process.Wm002.writeResponseHold 3457 - F120-WRITE-RESPONSE-HOLD        
05:38:21.897 [main] INFO  com.cloudframe.app.process.Wm002.writeSummary 3472 - F200-WRITE-SUMMARY              
05:38:21.897 [main] INFO  com.cloudframe.app.process.Wm002.writeAllInputRecords 3749 - H100-WRITE-ALL-INPUT-RECORDS    
05:38:21.897 [main] INFO  com.cloudframe.app.process.Wm002.writeAllResponses 3764 - H300-WRITE-ALL-RESPONSES        
05:38:21.897 [main] INFO  com.cloudframe.app.process.Wm002.badPlanidCheck 1103 - 030-BAD-PLANID-CHECK
05:38:21.897 [main] INFO  com.cloudframe.app.process.Wm002.editAccretionTrans 1576 - 200-EDIT-ACCRETION-TRANS
05:38:21.897 [main] INFO  com.cloudframe.app.process.Wm002.editCommonFields 2134 - 400-EDIT-COMMON-FIELDS
05:38:21.897 [main] INFO  com.cloudframe.app.process.Wm002.editSex 2149 - 430-EDIT-SEX
05:38:21.897 [main] INFO  com.cloudframe.app.process.Wm002.editBday 2164 - 432-EDIT-BDAY
05:38:21.897 [main] INFO  com.cloudframe.app.process.Wm002.editPlan 2179 - 435-EDIT-PLAN
05:38:21.897 [main] INFO  com.cloudframe.app.process.Wm002.editEffdte440 2194 - 440-EDIT-EFFDTE
05:38:21.898 [main] INFO  com.cloudframe.app.process.Wm002.editEffdteExit 2209 - 440-EDIT-EFFDTE-EXIT
05:38:21.898 [main] INFO  com.cloudframe.app.process.Wm002.processResponse 3407 - B100-PROCESS-RESPONSE           
05:38:21.898 [main] INFO  com.cloudframe.app.process.Wm002.beqrElig 3971 - O300-BEQR-ELIG                  
05:38:21.898 [main] INFO  com.cloudframe.app.process.Wm002.mbdElig 3862 - O105-MBD-ELIG                   
05:38:21.898 [main] INFO  com.cloudframe.app.process.Wm002.mbiElig 3889 - O105-MBI-ELIG                   
05:38:21.898 [main] INFO  com.cloudframe.app.process.Wm002.mbdElig 3862 - O105-MBD-ELIG                   
05:38:21.898 [main] INFO  com.cloudframe.app.process.Wm002.mbiElig 3889 - O105-MBI-ELIG                   
05:38:21.898 [main] INFO  com.cloudframe.app.process.Wm002.rxEditType606171 2716 - 472-RX-EDIT-TYPE-60-61-71       
05:38:21.899 [main] INFO  com.cloudframe.app.process.Wm002.maElectionLimits 2587 - 450-MA-ELECTION-LIMITS          
05:38:21.899 [main] INFO  com.cloudframe.app.process.Wm002.calcIcepPADate 3284 - 1000-CALC-ICEP-P-A-DATE         
05:38:21.899 [main] INFO  com.cloudframe.app.process.Wm002.calcIcepPBDate 3299 - 1001-CALC-ICEP-P-B-DATE         
05:38:21.899 [main] INFO  com.cloudframe.app.process.Wm002.calcIepDobDate 3314 - 1002-CALC-IEP-DOB-DATE          
05:38:21.899 [main] INFO  com.cloudframe.app.process.Wm002.calcIepPDDate 3329 - 1003-CALC-IEP-P-D-DATE          
05:38:21.899 [main] INFO  com.cloudframe.app.process.Wm002.editMaFields 2686 - 460-EDIT-MA-FIELDS              
05:38:21.899 [main] INFO  com.cloudframe.app.process.Wm002.maElectionLimits 2587 - 450-MA-ELECTION-LIMITS          
05:38:21.899 [main] INFO  com.cloudframe.app.process.Wm002.calcIcepPADate 3284 - 1000-CALC-ICEP-P-A-DATE         
05:38:21.900 [main] INFO  com.cloudframe.app.process.Wm002.calcIcepPBDate 3299 - 1001-CALC-ICEP-P-B-DATE         
05:38:21.900 [main] INFO  com.cloudframe.app.process.Wm002.calcIepDobDate 3314 - 1002-CALC-IEP-DOB-DATE          
05:38:21.900 [main] INFO  com.cloudframe.app.process.Wm002.calcIepPDDate 3329 - 1003-CALC-IEP-P-D-DATE          
05:38:21.900 [main] INFO  com.cloudframe.app.process.Wm002.editMaFields 2686 - 460-EDIT-MA-FIELDS              
05:38:21.901 [main] INFO  com.cloudframe.app.process.Wm002.editPdFields 2701 - 470-EDIT-PD-FIELDS              
05:38:21.901 [main] INFO  com.cloudframe.app.process.Wm002.pdElectionLimits 2671 - 455-PD-ELECTION-LIMITS          
05:38:21.901 [main] INFO  com.cloudframe.app.process.Wm002.editPdFields 2701 - 470-EDIT-PD-FIELDS              
05:38:21.901 [main] INFO  com.cloudframe.app.process.Wm002.pdElectionLimits 2671 - 455-PD-ELECTION-LIMITS          
05:38:21.901 [main] INFO  com.cloudframe.app.process.Wm002.editMaFields 2686 - 460-EDIT-MA-FIELDS              
05:38:21.901 [main] INFO  com.cloudframe.app.process.Wm002.editPdFields 2701 - 470-EDIT-PD-FIELDS              
05:38:21.902 [main] INFO  com.cloudframe.app.process.Wm002.processResponse 3407 - B100-PROCESS-RESPONSE           
05:38:21.902 [main] INFO  com.cloudframe.app.process.Wm002.editEffdte 1643 - 210-EDIT-EFFDTE
05:38:21.902 [main] INFO  com.cloudframe.app.process.Wm002.verifyWithMbdMaster 1664 - 220-VERIFY-WITH-MBD-MASTER
05:38:21.902 [main] INFO  com.cloudframe.app.process.Wm002.readMbd 3779 - O100-READ-MBD                   
05:38:21.902 [main] INFO  com.cloudframe.app.process.Wm002.readBeqr 3995 - O305-READ-BEQR                  
05:38:21.902 [main] INFO  com.cloudframe.app.process.Wm002.readMbdO200 3910 - O200-READ-MBD                   
05:38:21.902 [main] INFO  com.cloudframe.app.process.Wm002.readMbi 3943 - O200-READ-MBI                   
05:38:21.903 [main] INFO  com.cloudframe.app.process.Wm002.readBeqr 3995 - O305-READ-BEQR                  
05:38:21.903 [main] INFO  com.cloudframe.app.process.Wm002.checkKeyConversion 3807 - O100-CHECK-KEY-CONVERSION       
05:38:21.903 [main] INFO  com.cloudframe.app.process.Wm002.convertKey 3834 - O215-CONVERT-KEY                
05:38:21.903 [main] INFO  com.cloudframe.app.process.Wm002.readBeqr 3995 - O305-READ-BEQR                  
05:38:21.903 [main] INFO  com.cloudframe.app.process.Wm002.readMbdO200 3910 - O200-READ-MBD                   
05:38:21.903 [main] INFO  com.cloudframe.app.process.Wm002.readMbi 3943 - O200-READ-MBI                   
05:38:21.903 [main] INFO  com.cloudframe.app.process.Wm002.readBeqr 3995 - O305-READ-BEQR                  
05:38:21.903 [main] INFO  com.cloudframe.app.process.Wm002.bypassPaceDobCheck 1710 - BYPASS-PACE-DOB-CHECK
05:38:21.903 [main] INFO  com.cloudframe.app.process.Wm002.paceHospiceCheckEnd 1741 - PACE-HOSPICE-CHECK-END
05:38:21.903 [main] INFO  com.cloudframe.app.process.Wm002.vfyTc61Rollover 2542 - 440-VFY-TC61-ROLLOVER           
05:38:21.903 [main] INFO  com.cloudframe.app.process.Wm002.verifyWithMbdMaster250 1759 - 250-VERIFY-WITH-MBD-MASTER
05:38:21.903 [main] INFO  com.cloudframe.app.process.Wm002.readMbd 3779 - O100-READ-MBD                   
05:38:21.904 [main] INFO  com.cloudframe.app.process.Wm002.readBeqr 3995 - O305-READ-BEQR                  
05:38:21.904 [main] INFO  com.cloudframe.app.process.Wm002.readMbdO200 3910 - O200-READ-MBD                   
05:38:21.904 [main] INFO  com.cloudframe.app.process.Wm002.readMbi 3943 - O200-READ-MBI                   
05:38:21.904 [main] INFO  com.cloudframe.app.process.Wm002.readBeqr 3995 - O305-READ-BEQR                  
05:38:21.904 [main] INFO  com.cloudframe.app.process.Wm002.checkKeyConversion 3807 - O100-CHECK-KEY-CONVERSION       
05:38:21.904 [main] INFO  com.cloudframe.app.process.Wm002.convertKey 3834 - O215-CONVERT-KEY                
05:38:21.904 [main] INFO  com.cloudframe.app.process.Wm002.readBeqr 3995 - O305-READ-BEQR                  
05:38:21.904 [main] INFO  com.cloudframe.app.process.Wm002.readMbdO200 3910 - O200-READ-MBD                   
05:38:21.904 [main] INFO  com.cloudframe.app.process.Wm002.readMbi 3943 - O200-READ-MBI                   
05:38:21.904 [main] INFO  com.cloudframe.app.process.Wm002.readBeqr 3995 - O305-READ-BEQR                  
05:38:21.904 [main] INFO  com.cloudframe.app.process.Wm002.processAccretionTrans 1372 - 030-PROCESS-ACCRETION-TRANS
05:38:21.904 [main] INFO  com.cloudframe.app.process.Wm002.writeTransaction 2731 - 500-WRITE-TRANSACTION           
05:38:21.905 [main] INFO  com.cloudframe.app.process.Wm002.editDeletionTrans 1780 - 300-EDIT-DELETION-TRANS
05:38:21.905 [main] INFO  com.cloudframe.app.process.Wm002.editCommonFields 2134 - 400-EDIT-COMMON-FIELDS
05:38:21.905 [main] INFO  com.cloudframe.app.process.Wm002.editSex 2149 - 430-EDIT-SEX
05:38:21.905 [main] INFO  com.cloudframe.app.process.Wm002.editBday 2164 - 432-EDIT-BDAY
05:38:21.905 [main] INFO  com.cloudframe.app.process.Wm002.editPlan 2179 - 435-EDIT-PLAN
05:38:21.905 [main] INFO  com.cloudframe.app.process.Wm002.editEffdte440 2194 - 440-EDIT-EFFDTE
05:38:21.905 [main] INFO  com.cloudframe.app.process.Wm002.editEffdteExit 2209 - 440-EDIT-EFFDTE-EXIT
05:38:21.905 [main] INFO  com.cloudframe.app.process.Wm002.readMbd 3779 - O100-READ-MBD                   
05:38:21.905 [main] INFO  com.cloudframe.app.process.Wm002.readBeqr 3995 - O305-READ-BEQR                  
05:38:21.905 [main] INFO  com.cloudframe.app.process.Wm002.readMbdO200 3910 - O200-READ-MBD                   
05:38:21.905 [main] INFO  com.cloudframe.app.process.Wm002.readMbi 3943 - O200-READ-MBI                   
05:38:21.906 [main] INFO  com.cloudframe.app.process.Wm002.readBeqr 3995 - O305-READ-BEQR                  
05:38:21.906 [main] INFO  com.cloudframe.app.process.Wm002.checkKeyConversion 3807 - O100-CHECK-KEY-CONVERSION       
05:38:21.906 [main] INFO  com.cloudframe.app.process.Wm002.convertKey 3834 - O215-CONVERT-KEY                
05:38:21.906 [main] INFO  com.cloudframe.app.process.Wm002.readBeqr 3995 - O305-READ-BEQR                  
05:38:21.906 [main] INFO  com.cloudframe.app.process.Wm002.readMbdO200 3910 - O200-READ-MBD                   
05:38:21.906 [main] INFO  com.cloudframe.app.process.Wm002.readMbi 3943 - O200-READ-MBI                   
05:38:21.906 [main] INFO  com.cloudframe.app.process.Wm002.readBeqr 3995 - O305-READ-BEQR                  
05:38:21.907 [main] INFO  com.cloudframe.app.process.Wm002.processDeletionTrans 1390 - 030-PROCESS-DELETION-TRANS
05:38:21.907 [main] INFO  com.cloudframe.app.process.Wm002.writeTransaction 2731 - 500-WRITE-TRANSACTION           
05:38:21.907 [main] INFO  com.cloudframe.app.process.Wm002.editChangeTrans 1849 - 300-EDIT-CHANGE-TRANS
05:38:21.907 [main] INFO  com.cloudframe.app.process.Wm002.editCommonFields 2134 - 400-EDIT-COMMON-FIELDS
05:38:21.907 [main] INFO  com.cloudframe.app.process.Wm002.editSex 2149 - 430-EDIT-SEX
05:38:21.907 [main] INFO  com.cloudframe.app.process.Wm002.editBday 2164 - 432-EDIT-BDAY
05:38:21.907 [main] INFO  com.cloudframe.app.process.Wm002.editPlan 2179 - 435-EDIT-PLAN
05:38:21.907 [main] INFO  com.cloudframe.app.process.Wm002.editEffdte440 2194 - 440-EDIT-EFFDTE
05:38:21.908 [main] INFO  com.cloudframe.app.process.Wm002.editEffdteExit 2209 - 440-EDIT-EFFDTE-EXIT
05:38:21.908 [main] INFO  com.cloudframe.app.process.Wm002.verifyWithMbdMaster1 1872 - 320-VERIFY-WITH-MBD-MASTER-1
05:38:21.908 [main] INFO  com.cloudframe.app.process.Wm002.bypassMbdCheck1 1890 - 320-BYPASS-MBD-CHECK-1
05:38:21.908 [main] INFO  com.cloudframe.app.process.Wm002.processChangeTrans 1408 - 030-PROCESS-CHANGE-TRANS
05:38:21.908 [main] INFO  com.cloudframe.app.process.Wm002.writeTransaction 2731 - 500-WRITE-TRANSACTION           
05:38:21.908 [main] INFO  com.cloudframe.app.process.Wm002.editCancelTrans 1905 - 300-EDIT-CANCEL-TRANS
05:38:21.908 [main] INFO  com.cloudframe.app.process.Wm002.editCommonFields 2134 - 400-EDIT-COMMON-FIELDS
05:38:21.909 [main] INFO  com.cloudframe.app.process.Wm002.editSex 2149 - 430-EDIT-SEX
05:38:21.909 [main] INFO  com.cloudframe.app.process.Wm002.editBday 2164 - 432-EDIT-BDAY
05:38:21.909 [main] INFO  com.cloudframe.app.process.Wm002.editPlan 2179 - 435-EDIT-PLAN
05:38:21.909 [main] INFO  com.cloudframe.app.process.Wm002.editEffdte440 2194 - 440-EDIT-EFFDTE
05:38:21.909 [main] INFO  com.cloudframe.app.process.Wm002.editEffdteExit 2209 - 440-EDIT-EFFDTE-EXIT
05:38:21.909 [main] INFO  com.cloudframe.app.process.Wm002.verifyWithMbdMaster2 1928 - 320-VERIFY-WITH-MBD-MASTER-2
05:38:21.909 [main] INFO  com.cloudframe.app.process.Wm002.processCancelTrans 1426 - 030-PROCESS-CANCEL-TRANS
05:38:21.909 [main] INFO  com.cloudframe.app.process.Wm002.writeTransaction 2731 - 500-WRITE-TRANSACTION           
05:38:21.909 [main] INFO  com.cloudframe.app.process.Wm002.editFaTrans 1943 - 300-EDIT-FA-TRANS
05:38:21.910 [main] INFO  com.cloudframe.app.process.Wm002.editCommonFields 2134 - 400-EDIT-COMMON-FIELDS
05:38:21.910 [main] INFO  com.cloudframe.app.process.Wm002.editSex 2149 - 430-EDIT-SEX
05:38:21.910 [main] INFO  com.cloudframe.app.process.Wm002.editBday 2164 - 432-EDIT-BDAY
05:38:21.910 [main] INFO  com.cloudframe.app.process.Wm002.editPlan 2179 - 435-EDIT-PLAN
05:38:21.910 [main] INFO  com.cloudframe.app.process.Wm002.editEffdte440 2194 - 440-EDIT-EFFDTE
05:38:21.910 [main] INFO  com.cloudframe.app.process.Wm002.editEffdteExit 2209 - 440-EDIT-EFFDTE-EXIT
05:38:21.910 [main] INFO  com.cloudframe.app.process.Wm002.verifyWithMbdMaster3 1966 - 320-VERIFY-WITH-MBD-MASTER-3
05:38:21.911 [main] INFO  com.cloudframe.app.process.Wm002.readMbd 3779 - O100-READ-MBD                   
05:38:21.911 [main] INFO  com.cloudframe.app.process.Wm002.readBeqr 3995 - O305-READ-BEQR                  
05:38:21.911 [main] INFO  com.cloudframe.app.process.Wm002.readMbdO200 3910 - O200-READ-MBD                   
05:38:21.911 [main] INFO  com.cloudframe.app.process.Wm002.readMbi 3943 - O200-READ-MBI                   
05:38:21.911 [main] INFO  com.cloudframe.app.process.Wm002.readBeqr 3995 - O305-READ-BEQR                  
05:38:21.911 [main] INFO  com.cloudframe.app.process.Wm002.checkKeyConversion 3807 - O100-CHECK-KEY-CONVERSION       
05:38:21.911 [main] INFO  com.cloudframe.app.process.Wm002.convertKey 3834 - O215-CONVERT-KEY                
05:38:21.911 [main] INFO  com.cloudframe.app.process.Wm002.readBeqr 3995 - O305-READ-BEQR                  
05:38:21.912 [main] INFO  com.cloudframe.app.process.Wm002.readMbdO200 3910 - O200-READ-MBD                   
05:38:21.912 [main] INFO  com.cloudframe.app.process.Wm002.readMbi 3943 - O200-READ-MBI                   
05:38:21.912 [main] INFO  com.cloudframe.app.process.Wm002.readBeqr 3995 - O305-READ-BEQR                  
05:38:21.912 [main] INFO  com.cloudframe.app.process.Wm002.processFaTrans 1444 - 030-PROCESS-FA-TRANS
05:38:21.912 [main] INFO  com.cloudframe.app.process.Wm002.writeTransaction 2731 - 500-WRITE-TRANSACTION           
05:38:21.912 [main] INFO  com.cloudframe.app.process.Wm002.editPosDrugEdit 1987 - 300-EDIT-POS-DRUG-EDIT
05:38:21.912 [main] INFO  com.cloudframe.app.process.Wm002.editCommonFields 2134 - 400-EDIT-COMMON-FIELDS
05:38:21.912 [main] INFO  com.cloudframe.app.process.Wm002.editSex 2149 - 430-EDIT-SEX
05:38:21.913 [main] INFO  com.cloudframe.app.process.Wm002.editBday 2164 - 432-EDIT-BDAY
05:38:21.913 [main] INFO  com.cloudframe.app.process.Wm002.editPlan 2179 - 435-EDIT-PLAN
05:38:21.913 [main] INFO  com.cloudframe.app.process.Wm002.editEffdte440 2194 - 440-EDIT-EFFDTE
05:38:21.913 [main] INFO  com.cloudframe.app.process.Wm002.editEffdteExit 2209 - 440-EDIT-EFFDTE-EXIT
05:38:21.913 [main] INFO  com.cloudframe.app.process.Wm002.verifyWithMbdMaster4 2010 - 320-VERIFY-WITH-MBD-MASTER-4
05:38:21.913 [main] INFO  com.cloudframe.app.process.Wm002.readMbd 3779 - O100-READ-MBD                   
05:38:21.913 [main] INFO  com.cloudframe.app.process.Wm002.readBeqr 3995 - O305-READ-BEQR                  
05:38:21.913 [main] INFO  com.cloudframe.app.process.Wm002.readMbdO200 3910 - O200-READ-MBD                   
05:38:21.914 [main] INFO  com.cloudframe.app.process.Wm002.readMbi 3943 - O200-READ-MBI                   
05:38:21.914 [main] INFO  com.cloudframe.app.process.Wm002.readBeqr 3995 - O305-READ-BEQR                  
05:38:21.914 [main] INFO  com.cloudframe.app.process.Wm002.checkKeyConversion 3807 - O100-CHECK-KEY-CONVERSION       
05:38:21.914 [main] INFO  com.cloudframe.app.process.Wm002.convertKey 3834 - O215-CONVERT-KEY                
05:38:21.914 [main] INFO  com.cloudframe.app.process.Wm002.readBeqr 3995 - O305-READ-BEQR                  
05:38:21.914 [main] INFO  com.cloudframe.app.process.Wm002.readMbdO200 3910 - O200-READ-MBD                   
05:38:21.914 [main] INFO  com.cloudframe.app.process.Wm002.readMbi 3943 - O200-READ-MBI                   
05:38:21.914 [main] INFO  com.cloudframe.app.process.Wm002.readBeqr 3995 - O305-READ-BEQR                  
05:38:21.915 [main] INFO  com.cloudframe.app.process.Wm002.processPosDrugEdit 1462 - 030-PROCESS-POS-DRUG-EDIT
05:38:21.915 [main] INFO  com.cloudframe.app.process.Wm002.writeTransaction 2731 - 500-WRITE-TRANSACTION           
05:38:21.915 [main] INFO  com.cloudframe.app.process.Wm002.editIcmPartEdit 2031 - 300-EDIT-ICM-PART-EDIT
05:38:21.915 [main] INFO  com.cloudframe.app.process.Wm002.editCommonFields 2134 - 400-EDIT-COMMON-FIELDS
05:38:21.915 [main] INFO  com.cloudframe.app.process.Wm002.editSex 2149 - 430-EDIT-SEX
05:38:21.915 [main] INFO  com.cloudframe.app.process.Wm002.editBday 2164 - 432-EDIT-BDAY
05:38:21.915 [main] INFO  com.cloudframe.app.process.Wm002.editPlan 2179 - 435-EDIT-PLAN
05:38:21.915 [main] INFO  com.cloudframe.app.process.Wm002.editEffdte440 2194 - 440-EDIT-EFFDTE
05:38:21.916 [main] INFO  com.cloudframe.app.process.Wm002.editEffdteExit 2209 - 440-EDIT-EFFDTE-EXIT
05:38:21.916 [main] INFO  com.cloudframe.app.process.Wm002.verifyWithMbdMaster5 2054 - 320-VERIFY-WITH-MBD-MASTER-5
05:38:21.916 [main] INFO  com.cloudframe.app.process.Wm002.readMbd 3779 - O100-READ-MBD                   
05:38:21.916 [main] INFO  com.cloudframe.app.process.Wm002.readBeqr 3995 - O305-READ-BEQR                  
05:38:21.916 [main] INFO  com.cloudframe.app.process.Wm002.readMbdO200 3910 - O200-READ-MBD                   
05:38:21.916 [main] INFO  com.cloudframe.app.process.Wm002.readMbi 3943 - O200-READ-MBI                   
05:38:21.916 [main] INFO  com.cloudframe.app.process.Wm002.readBeqr 3995 - O305-READ-BEQR                  
05:38:21.916 [main] INFO  com.cloudframe.app.process.Wm002.checkKeyConversion 3807 - O100-CHECK-KEY-CONVERSION       
05:38:21.917 [main] INFO  com.cloudframe.app.process.Wm002.convertKey 3834 - O215-CONVERT-KEY                
05:38:21.917 [main] INFO  com.cloudframe.app.process.Wm002.readBeqr 3995 - O305-READ-BEQR                  
05:38:21.917 [main] INFO  com.cloudframe.app.process.Wm002.readMbdO200 3910 - O200-READ-MBD                   
05:38:21.917 [main] INFO  com.cloudframe.app.process.Wm002.readMbi 3943 - O200-READ-MBI                   
05:38:21.917 [main] INFO  com.cloudframe.app.process.Wm002.readBeqr 3995 - O305-READ-BEQR                  
05:38:21.917 [main] INFO  com.cloudframe.app.process.Wm002.endDateEdit 2075 - 320-END-DATE-EDIT
05:38:21.917 [main] INFO  com.cloudframe.app.process.Wm002.processIcmPartEdit 1480 - 030-PROCESS-ICM-PART-EDIT
05:38:21.917 [main] INFO  com.cloudframe.app.process.Wm002.writeTransaction 2731 - 500-WRITE-TRANSACTION           
05:38:21.918 [main] INFO  com.cloudframe.app.process.Wm002.editPersonalInformation 2090 - 300-EDIT-PERSONAL-INFORMATION
05:38:21.918 [main] INFO  com.cloudframe.app.process.Wm002.editCommonFields 2134 - 400-EDIT-COMMON-FIELDS
05:38:21.918 [main] INFO  com.cloudframe.app.process.Wm002.editSex 2149 - 430-EDIT-SEX
05:38:21.918 [main] INFO  com.cloudframe.app.process.Wm002.editBday 2164 - 432-EDIT-BDAY
05:38:21.918 [main] INFO  com.cloudframe.app.process.Wm002.editPlan 2179 - 435-EDIT-PLAN
05:38:21.918 [main] INFO  com.cloudframe.app.process.Wm002.editEffdte440 2194 - 440-EDIT-EFFDTE
05:38:21.918 [main] INFO  com.cloudframe.app.process.Wm002.editEffdteExit 2209 - 440-EDIT-EFFDTE-EXIT
05:38:21.918 [main] INFO  com.cloudframe.app.process.Wm002.verifyWithMbdMaster6 2113 - 320-VERIFY-WITH-MBD-MASTER-6
05:38:21.918 [main] INFO  com.cloudframe.app.process.Wm002.readMbd 3779 - O100-READ-MBD                   
05:38:21.918 [main] INFO  com.cloudframe.app.process.Wm002.readBeqr 3995 - O305-READ-BEQR                  
05:38:21.919 [main] INFO  com.cloudframe.app.process.Wm002.readMbdO200 3910 - O200-READ-MBD                   
05:38:21.919 [main] INFO  com.cloudframe.app.process.Wm002.readMbi 3943 - O200-READ-MBI                   
05:38:21.919 [main] INFO  com.cloudframe.app.process.Wm002.readBeqr 3995 - O305-READ-BEQR                  
05:38:21.919 [main] INFO  com.cloudframe.app.process.Wm002.checkKeyConversion 3807 - O100-CHECK-KEY-CONVERSION       
05:38:21.919 [main] INFO  com.cloudframe.app.process.Wm002.convertKey 3834 - O215-CONVERT-KEY                
05:38:21.919 [main] INFO  com.cloudframe.app.process.Wm002.readBeqr 3995 - O305-READ-BEQR                  
05:38:21.919 [main] INFO  com.cloudframe.app.process.Wm002.readMbdO200 3910 - O200-READ-MBD                   
05:38:21.919 [main] INFO  com.cloudframe.app.process.Wm002.readMbi 3943 - O200-READ-MBI                   
05:38:21.919 [main] INFO  com.cloudframe.app.process.Wm002.readBeqr 3995 - O305-READ-BEQR                  
05:38:21.919 [main] INFO  com.cloudframe.app.process.Wm002.processPersonalInfo 1498 - 030-PROCESS-PERSONAL-INFO
05:38:21.919 [main] INFO  com.cloudframe.app.process.Wm002.writeTransaction 2731 - 500-WRITE-TRANSACTION           
05:38:21.919 [main] INFO  com.cloudframe.app.process.Wm002.vfyDrugDates 2224 - 410-VFY-DRUG-DATES
05:38:21.919 [main] INFO  com.cloudframe.app.process.Wm002.validateDate 2407 - 433-VALIDATE-DATE               
05:38:21.920 [main] INFO  com.cloudframe.app.process.Wm002.processResponse 3407 - B100-PROCESS-RESPONSE           
05:38:21.920 [main] INFO  com.cloudframe.app.process.Wm002.continue030 1522 - 030-CONTINUE
05:38:21.920 [main] INFO  com.cloudframe.app.process.Wm002.processResponse 3407 - B100-PROCESS-RESPONSE           
05:38:21.920 [main] INFO  com.cloudframe.app.process.Wm001.startPgm   97 -  
05:38:21.920 [main] INFO  com.cloudframe.app.process.Wm001.startPgm   92 - *----------------------------------- 10 -----------------------------------*
05:38:21.920 [main] INFO  com.cloudframe.app.process.Wm002.startPgm  602 - IN 000-START-PGM : WS-CALL-COUNT = 10
05:38:21.920 [main] INFO  com.cloudframe.app.process.Wm002.notifyAnalyst 3269 - 900-NOTIFY-ANALYST              
05:38:21.920 [main] INFO  com.cloudframe.app.process.Wm002.getCpm  672 - IN 005-GET-CPM
05:38:21.920 [main] INFO  com.cloudframe.app.process.Wm002.getCutoffTime  687 - IN 006-GET-CUTOFF-TIME
05:38:21.921 [main] INFO  com.cloudframe.app.process.Wm002.checkForEemAndBeq  657 - IN 004-CHECK-FOR-EEM-AND-BEQ
05:38:21.921 [main] INFO  com.cloudframe.app.process.Wm002.openFiles  702 - IN 010-OPEN-FILES
05:38:21.921 [main] INFO  com.cloudframe.app.process.Wm002.verifyHeader  723 - IN 020-VERIFY-HEADER
05:38:21.921 [main] INFO  com.cloudframe.app.process.Wm002.validateBatchFileTypeA301 3392 - A301-VALIDATE-BATCH-FILE-TYPE   
05:38:21.921 [main] INFO  com.cloudframe.app.process.Wm002.outputHeaderRecd  844 - 030-OUTPUT-HEADER-RECD
05:38:21.921 [main] INFO  com.cloudframe.app.process.Wm002.processInputFile  902 - 030-PROCESS-INPUT-FILE
05:38:21.921 [main] INFO  com.cloudframe.app.process.Wm002.chkIfMbi 4055 - Z666-CHK-IF-MBI                 
05:38:21.921 [main] INFO  com.cloudframe.app.process.Wm002.notifyAnalyst 3269 - 900-NOTIFY-ANALYST              
05:38:21.921 [main] INFO  com.cloudframe.app.process.Wm002.endOfJob 1548 - 099-END-OF-JOB
05:38:21.921 [main] INFO  com.cloudframe.app.process.Wm002.writeGoodRecords 3437 - F100-WRITE-GOOD-RECORDS         
05:38:21.921 [main] INFO  com.cloudframe.app.process.Wm002.writeResponseHold 3457 - F120-WRITE-RESPONSE-HOLD        
05:38:21.921 [main] INFO  com.cloudframe.app.process.Wm002.writeSummary 3472 - F200-WRITE-SUMMARY              
05:38:21.921 [main] INFO  com.cloudframe.app.process.Wm002.writeAllInputRecords 3749 - H100-WRITE-ALL-INPUT-RECORDS    
05:38:21.922 [main] INFO  com.cloudframe.app.process.Wm002.writeAllResponses 3764 - H300-WRITE-ALL-RESPONSES        
05:38:21.922 [main] INFO  com.cloudframe.app.process.Wm002.badPlanidCheck 1103 - 030-BAD-PLANID-CHECK
05:38:21.922 [main] INFO  com.cloudframe.app.process.Wm002.editAccretionTrans 1576 - 200-EDIT-ACCRETION-TRANS
05:38:21.922 [main] INFO  com.cloudframe.app.process.Wm002.editCommonFields 2134 - 400-EDIT-COMMON-FIELDS
05:38:21.922 [main] INFO  com.cloudframe.app.process.Wm002.editSex 2149 - 430-EDIT-SEX
05:38:21.922 [main] INFO  com.cloudframe.app.process.Wm002.editBday 2164 - 432-EDIT-BDAY
05:38:21.922 [main] INFO  com.cloudframe.app.process.Wm002.editPlan 2179 - 435-EDIT-PLAN
05:38:21.922 [main] INFO  com.cloudframe.app.process.Wm002.editEffdte440 2194 - 440-EDIT-EFFDTE
05:38:21.922 [main] INFO  com.cloudframe.app.process.Wm002.editEffdteExit 2209 - 440-EDIT-EFFDTE-EXIT
05:38:21.922 [main] INFO  com.cloudframe.app.process.Wm002.processResponse 3407 - B100-PROCESS-RESPONSE           
05:38:21.922 [main] INFO  com.cloudframe.app.process.Wm002.beqrElig 3971 - O300-BEQR-ELIG                  
05:38:21.922 [main] INFO  com.cloudframe.app.process.Wm002.mbdElig 3862 - O105-MBD-ELIG                   
05:38:21.923 [main] INFO  com.cloudframe.app.process.Wm002.rxEditType606171 2716 - 472-RX-EDIT-TYPE-60-61-71       
05:38:21.923 [main] INFO  com.cloudframe.app.process.Wm002.maElectionLimits 2587 - 450-MA-ELECTION-LIMITS          
05:38:21.923 [main] INFO  com.cloudframe.app.process.Wm002.calcIcepPADate 3284 - 1000-CALC-ICEP-P-A-DATE         
05:38:21.923 [main] INFO  com.cloudframe.app.process.Wm002.calcIcepPBDate 3299 - 1001-CALC-ICEP-P-B-DATE         
05:38:21.923 [main] INFO  com.cloudframe.app.process.Wm002.calcIepDobDate 3314 - 1002-CALC-IEP-DOB-DATE          
05:38:21.923 [main] INFO  com.cloudframe.app.process.Wm002.calcIepPDDate 3329 - 1003-CALC-IEP-P-D-DATE          
05:38:21.923 [main] INFO  com.cloudframe.app.process.Wm002.editMaFields 2686 - 460-EDIT-MA-FIELDS              
05:38:21.923 [main] INFO  com.cloudframe.app.process.Wm002.maElectionLimits 2587 - 450-MA-ELECTION-LIMITS          
05:38:21.923 [main] INFO  com.cloudframe.app.process.Wm002.calcIcepPADate 3284 - 1000-CALC-ICEP-P-A-DATE         
05:38:21.923 [main] INFO  com.cloudframe.app.process.Wm002.calcIcepPBDate 3299 - 1001-CALC-ICEP-P-B-DATE         
05:38:21.924 [main] INFO  com.cloudframe.app.process.Wm002.calcIepDobDate 3314 - 1002-CALC-IEP-DOB-DATE          
05:38:21.924 [main] INFO  com.cloudframe.app.process.Wm002.calcIepPDDate 3329 - 1003-CALC-IEP-P-D-DATE          
05:38:21.924 [main] INFO  com.cloudframe.app.process.Wm002.editMaFields 2686 - 460-EDIT-MA-FIELDS              
05:38:21.924 [main] INFO  com.cloudframe.app.process.Wm002.editPdFields 2701 - 470-EDIT-PD-FIELDS              
05:38:21.924 [main] INFO  com.cloudframe.app.process.Wm002.pdElectionLimits 2671 - 455-PD-ELECTION-LIMITS          
05:38:21.924 [main] INFO  com.cloudframe.app.process.Wm002.editPdFields 2701 - 470-EDIT-PD-FIELDS              
05:38:21.924 [main] INFO  com.cloudframe.app.process.Wm002.pdElectionLimits 2671 - 455-PD-ELECTION-LIMITS          
05:38:21.924 [main] INFO  com.cloudframe.app.process.Wm002.editMaFields 2686 - 460-EDIT-MA-FIELDS              
05:38:21.924 [main] INFO  com.cloudframe.app.process.Wm002.editPdFields 2701 - 470-EDIT-PD-FIELDS              
05:38:21.924 [main] INFO  com.cloudframe.app.process.Wm002.processResponse 3407 - B100-PROCESS-RESPONSE           
05:38:21.925 [main] INFO  com.cloudframe.app.process.Wm002.editEffdte 1643 - 210-EDIT-EFFDTE
05:38:21.925 [main] INFO  com.cloudframe.app.process.Wm002.verifyWithMbdMaster 1664 - 220-VERIFY-WITH-MBD-MASTER
05:38:21.925 [main] INFO  com.cloudframe.app.process.Wm002.readMbd 3779 - O100-READ-MBD                   
05:38:21.925 [main] INFO  com.cloudframe.app.process.Wm002.readBeqr 3995 - O305-READ-BEQR                  
05:38:21.925 [main] INFO  com.cloudframe.app.process.Wm002.readMbdO200 3910 - O200-READ-MBD                   
05:38:21.925 [main] INFO  com.cloudframe.app.process.Wm002.checkKeyConversion 3807 - O100-CHECK-KEY-CONVERSION       
05:38:21.925 [main] INFO  com.cloudframe.app.process.Wm002.bypassPaceDobCheck 1710 - BYPASS-PACE-DOB-CHECK
05:38:21.925 [main] INFO  com.cloudframe.app.process.Wm002.paceHospiceCheckEnd 1741 - PACE-HOSPICE-CHECK-END
05:38:21.925 [main] INFO  com.cloudframe.app.process.Wm002.vfyTc61Rollover 2542 - 440-VFY-TC61-ROLLOVER           
05:38:21.926 [main] INFO  com.cloudframe.app.process.Wm002.verifyWithMbdMaster250 1759 - 250-VERIFY-WITH-MBD-MASTER
05:38:21.926 [main] INFO  com.cloudframe.app.process.Wm002.readMbd 3779 - O100-READ-MBD                   
05:38:21.926 [main] INFO  com.cloudframe.app.process.Wm002.readBeqr 3995 - O305-READ-BEQR                  
05:38:21.926 [main] INFO  com.cloudframe.app.process.Wm002.readMbdO200 3910 - O200-READ-MBD                   
05:38:21.926 [main] INFO  com.cloudframe.app.process.Wm002.checkKeyConversion 3807 - O100-CHECK-KEY-CONVERSION       
05:38:21.926 [main] INFO  com.cloudframe.app.process.Wm002.processAccretionTrans 1372 - 030-PROCESS-ACCRETION-TRANS
05:38:21.926 [main] INFO  com.cloudframe.app.process.Wm002.writeTransaction 2731 - 500-WRITE-TRANSACTION           
05:38:21.926 [main] INFO  com.cloudframe.app.process.Wm002.editDeletionTrans 1780 - 300-EDIT-DELETION-TRANS
05:38:21.926 [main] INFO  com.cloudframe.app.process.Wm002.editCommonFields 2134 - 400-EDIT-COMMON-FIELDS
05:38:21.926 [main] INFO  com.cloudframe.app.process.Wm002.editSex 2149 - 430-EDIT-SEX
05:38:21.927 [main] INFO  com.cloudframe.app.process.Wm002.editBday 2164 - 432-EDIT-BDAY
05:38:21.927 [main] INFO  com.cloudframe.app.process.Wm002.editPlan 2179 - 435-EDIT-PLAN
05:38:21.927 [main] INFO  com.cloudframe.app.process.Wm002.editEffdte440 2194 - 440-EDIT-EFFDTE
05:38:21.927 [main] INFO  com.cloudframe.app.process.Wm002.editEffdteExit 2209 - 440-EDIT-EFFDTE-EXIT
05:38:21.927 [main] INFO  com.cloudframe.app.process.Wm002.readMbd 3779 - O100-READ-MBD                   
05:38:21.927 [main] INFO  com.cloudframe.app.process.Wm002.readBeqr 3995 - O305-READ-BEQR                  
05:38:21.927 [main] INFO  com.cloudframe.app.process.Wm002.readMbdO200 3910 - O200-READ-MBD                   
05:38:21.927 [main] INFO  com.cloudframe.app.process.Wm002.checkKeyConversion 3807 - O100-CHECK-KEY-CONVERSION       
05:38:21.927 [main] INFO  com.cloudframe.app.process.Wm002.processDeletionTrans 1390 - 030-PROCESS-DELETION-TRANS
05:38:21.927 [main] INFO  com.cloudframe.app.process.Wm002.writeTransaction 2731 - 500-WRITE-TRANSACTION           
05:38:21.928 [main] INFO  com.cloudframe.app.process.Wm002.editChangeTrans 1849 - 300-EDIT-CHANGE-TRANS
05:38:21.928 [main] INFO  com.cloudframe.app.process.Wm002.editCommonFields 2134 - 400-EDIT-COMMON-FIELDS
05:38:21.928 [main] INFO  com.cloudframe.app.process.Wm002.editSex 2149 - 430-EDIT-SEX
05:38:21.928 [main] INFO  com.cloudframe.app.process.Wm002.editBday 2164 - 432-EDIT-BDAY
05:38:21.928 [main] INFO  com.cloudframe.app.process.Wm002.editPlan 2179 - 435-EDIT-PLAN
05:38:21.928 [main] INFO  com.cloudframe.app.process.Wm002.editEffdte440 2194 - 440-EDIT-EFFDTE
05:38:21.928 [main] INFO  com.cloudframe.app.process.Wm002.editEffdteExit 2209 - 440-EDIT-EFFDTE-EXIT
05:38:21.928 [main] INFO  com.cloudframe.app.process.Wm002.verifyWithMbdMaster1 1872 - 320-VERIFY-WITH-MBD-MASTER-1
05:38:21.928 [main] INFO  com.cloudframe.app.process.Wm002.bypassMbdCheck1 1890 - 320-BYPASS-MBD-CHECK-1
05:38:21.928 [main] INFO  com.cloudframe.app.process.Wm002.processChangeTrans 1408 - 030-PROCESS-CHANGE-TRANS
05:38:21.929 [main] INFO  com.cloudframe.app.process.Wm002.writeTransaction 2731 - 500-WRITE-TRANSACTION           
05:38:21.929 [main] INFO  com.cloudframe.app.process.Wm002.editCancelTrans 1905 - 300-EDIT-CANCEL-TRANS
05:38:21.929 [main] INFO  com.cloudframe.app.process.Wm002.editCommonFields 2134 - 400-EDIT-COMMON-FIELDS
05:38:21.929 [main] INFO  com.cloudframe.app.process.Wm002.editSex 2149 - 430-EDIT-SEX
05:38:21.929 [main] INFO  com.cloudframe.app.process.Wm002.editBday 2164 - 432-EDIT-BDAY
05:38:21.929 [main] INFO  com.cloudframe.app.process.Wm002.editPlan 2179 - 435-EDIT-PLAN
05:38:21.929 [main] INFO  com.cloudframe.app.process.Wm002.editEffdte440 2194 - 440-EDIT-EFFDTE
05:38:21.929 [main] INFO  com.cloudframe.app.process.Wm002.editEffdteExit 2209 - 440-EDIT-EFFDTE-EXIT
05:38:21.929 [main] INFO  com.cloudframe.app.process.Wm002.verifyWithMbdMaster2 1928 - 320-VERIFY-WITH-MBD-MASTER-2
05:38:21.930 [main] INFO  com.cloudframe.app.process.Wm002.processCancelTrans 1426 - 030-PROCESS-CANCEL-TRANS
05:38:21.930 [main] INFO  com.cloudframe.app.process.Wm002.writeTransaction 2731 - 500-WRITE-TRANSACTION           
05:38:21.930 [main] INFO  com.cloudframe.app.process.Wm002.editFaTrans 1943 - 300-EDIT-FA-TRANS
05:38:21.930 [main] INFO  com.cloudframe.app.process.Wm002.editCommonFields 2134 - 400-EDIT-COMMON-FIELDS
05:38:21.930 [main] INFO  com.cloudframe.app.process.Wm002.editSex 2149 - 430-EDIT-SEX
05:38:21.930 [main] INFO  com.cloudframe.app.process.Wm002.editBday 2164 - 432-EDIT-BDAY
05:38:21.930 [main] INFO  com.cloudframe.app.process.Wm002.editPlan 2179 - 435-EDIT-PLAN
05:38:21.930 [main] INFO  com.cloudframe.app.process.Wm002.editEffdte440 2194 - 440-EDIT-EFFDTE
05:38:21.930 [main] INFO  com.cloudframe.app.process.Wm002.editEffdteExit 2209 - 440-EDIT-EFFDTE-EXIT
05:38:21.930 [main] INFO  com.cloudframe.app.process.Wm002.verifyWithMbdMaster3 1966 - 320-VERIFY-WITH-MBD-MASTER-3
05:38:21.930 [main] INFO  com.cloudframe.app.process.Wm002.readMbd 3779 - O100-READ-MBD                   
05:38:21.931 [main] INFO  com.cloudframe.app.process.Wm002.readBeqr 3995 - O305-READ-BEQR                  
05:38:21.931 [main] INFO  com.cloudframe.app.process.Wm002.readMbdO200 3910 - O200-READ-MBD                   
05:38:21.931 [main] INFO  com.cloudframe.app.process.Wm002.checkKeyConversion 3807 - O100-CHECK-KEY-CONVERSION       
05:38:21.931 [main] INFO  com.cloudframe.app.process.Wm002.processFaTrans 1444 - 030-PROCESS-FA-TRANS
05:38:21.931 [main] INFO  com.cloudframe.app.process.Wm002.writeTransaction 2731 - 500-WRITE-TRANSACTION           
05:38:21.931 [main] INFO  com.cloudframe.app.process.Wm002.editPosDrugEdit 1987 - 300-EDIT-POS-DRUG-EDIT
05:38:21.931 [main] INFO  com.cloudframe.app.process.Wm002.editCommonFields 2134 - 400-EDIT-COMMON-FIELDS
05:38:21.931 [main] INFO  com.cloudframe.app.process.Wm002.editSex 2149 - 430-EDIT-SEX
05:38:21.931 [main] INFO  com.cloudframe.app.process.Wm002.editBday 2164 - 432-EDIT-BDAY
05:38:21.931 [main] INFO  com.cloudframe.app.process.Wm002.editPlan 2179 - 435-EDIT-PLAN
05:38:21.932 [main] INFO  com.cloudframe.app.process.Wm002.editEffdte440 2194 - 440-EDIT-EFFDTE
05:38:21.932 [main] INFO  com.cloudframe.app.process.Wm002.editEffdteExit 2209 - 440-EDIT-EFFDTE-EXIT
05:38:21.932 [main] INFO  com.cloudframe.app.process.Wm002.verifyWithMbdMaster4 2010 - 320-VERIFY-WITH-MBD-MASTER-4
05:38:21.932 [main] INFO  com.cloudframe.app.process.Wm002.readMbd 3779 - O100-READ-MBD                   
05:38:21.932 [main] INFO  com.cloudframe.app.process.Wm002.readBeqr 3995 - O305-READ-BEQR                  
05:38:21.932 [main] INFO  com.cloudframe.app.process.Wm002.readMbdO200 3910 - O200-READ-MBD                   
05:38:21.932 [main] INFO  com.cloudframe.app.process.Wm002.checkKeyConversion 3807 - O100-CHECK-KEY-CONVERSION       
05:38:21.932 [main] INFO  com.cloudframe.app.process.Wm002.processPosDrugEdit 1462 - 030-PROCESS-POS-DRUG-EDIT
05:38:21.933 [main] INFO  com.cloudframe.app.process.Wm002.writeTransaction 2731 - 500-WRITE-TRANSACTION           
05:38:21.933 [main] INFO  com.cloudframe.app.process.Wm002.editIcmPartEdit 2031 - 300-EDIT-ICM-PART-EDIT
05:38:21.933 [main] INFO  com.cloudframe.app.process.Wm002.editCommonFields 2134 - 400-EDIT-COMMON-FIELDS
05:38:21.933 [main] INFO  com.cloudframe.app.process.Wm002.editSex 2149 - 430-EDIT-SEX
05:38:21.933 [main] INFO  com.cloudframe.app.process.Wm002.editBday 2164 - 432-EDIT-BDAY
05:38:21.933 [main] INFO  com.cloudframe.app.process.Wm002.editPlan 2179 - 435-EDIT-PLAN
05:38:21.933 [main] INFO  com.cloudframe.app.process.Wm002.editEffdte440 2194 - 440-EDIT-EFFDTE
05:38:21.933 [main] INFO  com.cloudframe.app.process.Wm002.editEffdteExit 2209 - 440-EDIT-EFFDTE-EXIT
05:38:21.933 [main] INFO  com.cloudframe.app.process.Wm002.verifyWithMbdMaster5 2054 - 320-VERIFY-WITH-MBD-MASTER-5
05:38:21.933 [main] INFO  com.cloudframe.app.process.Wm002.readMbd 3779 - O100-READ-MBD                   
05:38:21.934 [main] INFO  com.cloudframe.app.process.Wm002.readBeqr 3995 - O305-READ-BEQR                  
05:38:21.934 [main] INFO  com.cloudframe.app.process.Wm002.readMbdO200 3910 - O200-READ-MBD                   
05:38:21.934 [main] INFO  com.cloudframe.app.process.Wm002.checkKeyConversion 3807 - O100-CHECK-KEY-CONVERSION       
05:38:21.934 [main] INFO  com.cloudframe.app.process.Wm002.endDateEdit 2075 - 320-END-DATE-EDIT
05:38:21.934 [main] INFO  com.cloudframe.app.process.Wm002.processIcmPartEdit 1480 - 030-PROCESS-ICM-PART-EDIT
05:38:21.934 [main] INFO  com.cloudframe.app.process.Wm002.writeTransaction 2731 - 500-WRITE-TRANSACTION           
05:38:21.934 [main] INFO  com.cloudframe.app.process.Wm002.editPersonalInformation 2090 - 300-EDIT-PERSONAL-INFORMATION
05:38:21.934 [main] INFO  com.cloudframe.app.process.Wm002.editCommonFields 2134 - 400-EDIT-COMMON-FIELDS
05:38:21.934 [main] INFO  com.cloudframe.app.process.Wm002.editSex 2149 - 430-EDIT-SEX
05:38:21.934 [main] INFO  com.cloudframe.app.process.Wm002.editBday 2164 - 432-EDIT-BDAY
05:38:21.935 [main] INFO  com.cloudframe.app.process.Wm002.editPlan 2179 - 435-EDIT-PLAN
05:38:21.935 [main] INFO  com.cloudframe.app.process.Wm002.editEffdte440 2194 - 440-EDIT-EFFDTE
05:38:21.935 [main] INFO  com.cloudframe.app.process.Wm002.editEffdteExit 2209 - 440-EDIT-EFFDTE-EXIT
05:38:21.935 [main] INFO  com.cloudframe.app.process.Wm002.verifyWithMbdMaster6 2113 - 320-VERIFY-WITH-MBD-MASTER-6
05:38:21.935 [main] INFO  com.cloudframe.app.process.Wm002.readMbd 3779 - O100-READ-MBD                   
05:38:21.935 [main] INFO  com.cloudframe.app.process.Wm002.readBeqr 3995 - O305-READ-BEQR                  
05:38:21.935 [main] INFO  com.cloudframe.app.process.Wm002.readMbdO200 3910 - O200-READ-MBD                   
05:38:21.935 [main] INFO  com.cloudframe.app.process.Wm002.checkKeyConversion 3807 - O100-CHECK-KEY-CONVERSION       
05:38:21.935 [main] INFO  com.cloudframe.app.process.Wm002.processPersonalInfo 1498 - 030-PROCESS-PERSONAL-INFO
05:38:21.935 [main] INFO  com.cloudframe.app.process.Wm002.writeTransaction 2731 - 500-WRITE-TRANSACTION           
05:38:21.936 [main] INFO  com.cloudframe.app.process.Wm002.vfyDrugDates 2224 - 410-VFY-DRUG-DATES
05:38:21.936 [main] INFO  com.cloudframe.app.process.Wm002.validateDate 2407 - 433-VALIDATE-DATE               
05:38:21.936 [main] INFO  com.cloudframe.app.process.Wm002.processResponse 3407 - B100-PROCESS-RESPONSE           
05:38:21.936 [main] INFO  com.cloudframe.app.process.Wm002.continue030 1522 - 030-CONTINUE
05:38:21.936 [main] INFO  com.cloudframe.app.process.Wm002.processResponse 3407 - B100-PROCESS-RESPONSE           
05:38:21.936 [main] INFO  com.cloudframe.app.process.Wm001.startPgm   97 -  
